# Hopf torus + z-mirror image, session-5 scheme (nested): eta 0.7, N 24, revolutions 1, delta_eta 0.025, tau0 pi/2, mirror rotation 0; ccsim.geometry.hopf_mirror_pair(0.7, 24, 1.0, 'nested', 0.025, tau0=np.pi/2, mirror_rotation=0.0)
# strand A, open polyline, 3601 points
x,y,z
0.000000000,1.000000000,0.000000000
-0.019237428,0.999421718,-0.016347921
-0.038440567,0.997832561,-0.032667208
-0.057579024,0.995235410,-0.048932481
-0.076622573,0.991634932,-0.065118498
-0.095539258,0.987025253,-0.081198578
-0.114275722,0.981293570,-0.097128168
-0.132820556,0.974584478,-0.112897746
-0.151144999,0.966909994,-0.128483304
-0.169220852,0.958283780,-0.143861305
-0.186992233,0.948635680,-0.158985103
-0.204433329,0.938007080,-0.173833164
-0.221537291,0.926480249,-0.188399788
-0.238278987,0.914075396,-0.202664014
-0.254586945,0.900718362,-0.216566210
-0.270452342,0.886478519,-0.230099045
-0.285877824,0.871434077,-0.243264759
-0.300817452,0.855571817,-0.256025054
-0.315201993,0.838853381,-0.268322213
-0.329079671,0.821416759,-0.280196518
-0.342393277,0.803242023,-0.291600304
-0.355086996,0.784321453,-0.302487082
-0.367219462,0.764779205,-0.312905822
-0.378669735,0.744543086,-0.322755763
-0.389501929,0.723730340,-0.332090448
-0.399649955,0.702333754,-0.340854886
-0.409116537,0.680405443,-0.349051454
-0.417872964,0.657975514,-0.356656353
-0.425923445,0.635092919,-0.363673213
-0.433212344,0.611774294,-0.370055846
-0.439799018,0.588096117,-0.375853824
-0.445573191,0.564052363,-0.380975514
-0.450598143,0.539718603,-0.385473775
-0.454864922,0.515132315,-0.389341335
-0.458324456,0.490323044,-0.392537587
-0.460978244,0.465338464,-0.395064012
-0.462841984,0.440225527,-0.396933898
-0.463906076,0.415025484,-0.398139512
-0.464164264,0.389781102,-0.398675920
-0.463613601,0.364535983,-0.398540957
-0.462254337,0.339333950,-0.397735122
-0.460089755,0.314218513,-0.396261443
-0.457125961,0.289232412,-0.394125293
-0.453366800,0.264418563,-0.391330175
-0.448787240,0.239829432,-0.387855693
-0.443437083,0.215495835,-0.383743410
-0.437304754,0.191466696,-0.378984065
-0.430400464,0.167784136,-0.373586413
-0.422732158,0.144492449,-0.367557322
-0.414324865,0.121625559,-0.360917735
-0.405181342,0.099230267,-0.353670149
-0.395309450,0.077352820,-0.345821230
-0.384736715,0.056025048,-0.337393794
-0.373474689,0.035290817,-0.328397376
-0.361540055,0.015191128,-0.318845622
-0.348961562,-0.004245069,-0.308761993
-0.335755032,-0.022975513,-0.298159098
-0.321942881,-0.040964079,-0.287054776
-0.307545606,-0.058170505,-0.275465004
-0.292593553,-0.074567479,-0.263413629
-0.277111367,-0.090119235,-0.250919420
-0.261127343,-0.104794376,-0.238003770
-0.244670157,-0.118560844,-0.224687920
-0.227767644,-0.131382194,-0.210991802
-0.210457010,-0.143240855,-0.196942770
-0.192770078,-0.154106413,-0.182562930
-0.174739999,-0.163947228,-0.167874675
-0.156405238,-0.172744588,-0.152904327
-0.137802899,-0.180472287,-0.137676070
-0.118973875,-0.187115939,-0.122216805
-0.099959143,-0.192659950,-0.106552699
-0.080799500,-0.197078787,-0.090708373
-0.061539553,-0.200368950,-0.074711954
-0.042223328,-0.202519838,-0.058590049
-0.022895892,-0.203520512,-0.042369366
-0.003603254,-0.203367122,-0.026077328
0.015608560,-0.202061662,-0.009741508
0.034693459,-0.199606343,0.006610662
0.053605598,-0.196006873,0.022951696
0.072299711,-0.191272397,0.039254124
0.090731473,-0.185415523,0.055490579
0.108857903,-0.178452435,0.071633914
0.126635121,-0.170395557,0.087656339
0.144023925,-0.161270236,0.103531331
0.160986699,-0.151102151,0.119232747
0.177483484,-0.139910165,0.134732956
0.193480560,-0.127725265,0.150006496
0.208945353,-0.114577933,0.165028024
0.223845679,-0.100497527,0.179771880
0.238152502,-0.085517041,0.194213454
0.251840910,-0.069673426,0.208329873
0.264876397,-0.052990196,0.222092582
0.277247734,-0.035518783,0.235485346
0.288921948,-0.017283266,0.248479512
0.299883333,0.001673321,0.261055798
0.310115119,0.021310976,0.273194193
0.319599596,0.041591580,0.284873914
0.328312289,0.062482141,0.296069547
0.336256439,0.083929507,0.306773100
0.343401865,0.105905338,0.316955046
0.349754529,0.128357592,0.326609287
0.355298899,0.151248866,0.335715598
0.360019890,0.174540424,0.344253673
0.363916852,0.198186713,0.352213084
0.366977517,0.222147318,0.359575169
0.369205451,0.246376109,0.366332548
0.370607417,0.270827938,0.372480544
0.371171063,0.295462921,0.378000353
0.370894488,0.320237168,0.382880581
0.369787847,0.345106189,0.387119298
0.367864536,0.370026526,0.390717379
0.365089192,0.394955273,0.393636873
0.361505118,0.419848449,0.395902410
0.357114282,0.444663634,0.397505962
0.351921425,0.469357879,0.398441599
0.345934205,0.493888114,0.398705702
0.339163282,0.518211629,0.398297144
0.331622364,0.542286620,0.397217447
0.323328170,0.566072793,0.395470892
0.314300311,0.589532025,0.393064578
0.304561070,0.612629062,0.390008394
0.294088032,0.635301156,0.386270351
0.282928652,0.657523800,0.381882904
0.271126897,0.679279121,0.376877219
0.258658996,0.700497048,0.371218633
0.245564744,0.721152604,0.364933420
0.231896062,0.741242960,0.358062509
0.217607902,0.760659033,0.350545561
0.202814072,0.779471336,0.342489403
0.187443368,0.797524786,0.333802551
0.171614295,0.814915213,0.324601245
0.155281580,0.831503147,0.314818274
0.138520157,0.847337608,0.304524594
0.121350651,0.862379763,0.293728157
0.103770908,0.876536544,0.282406648
0.085860553,0.889896183,0.270643496
0.067614377,0.902347571,0.258409966
0.049066644,0.913871956,0.245729439
0.030272242,0.924528180,0.232659011
0.011247605,0.934247190,0.219196645
-0.007987555,0.942942922,0.205339195
-0.027377536,0.950714014,0.191153217
-0.046893399,0.957545615,0.176658709
-0.066511515,0.963336703,0.161852395
-0.086194074,0.968091785,0.146765690
-0.105904059,0.971872394,0.131441958
-0.125610878,0.974670617,0.115904077
-0.145281456,0.976447121,0.100169995
-0.164874265,0.977114375,0.084253840
-0.184363311,0.976787197,0.068201869
-0.203717775,0.975465067,0.052038786
-0.222906970,0.973149236,0.035789580
-0.241887333,0.969786202,0.019477529
-0.260616985,0.965353940,0.003131506
-0.279083618,0.959944622,-0.013218242
-0.297258000,0.953566901,-0.029546261
-0.315111439,0.946231144,-0.045827155
-0.332592001,0.937890696,-0.062029392
-0.349659737,0.928543147,-0.078121330
-0.366317285,0.918281793,-0.094084512
-0.382538957,0.907123893,-0.109894449
-0.398299963,0.895088214,-0.125527042
-0.413515614,0.882094911,-0.140931714
-0.428198781,0.868238397,-0.156098015
-0.442345939,0.853573553,-0.171011014
-0.455936686,0.838124988,-0.185648872
-0.468885615,0.821837234,-0.199955082
-0.481198670,0.804778336,-0.213919448
-0.492894811,0.787022561,-0.227540885
-0.503947018,0.768587432,-0.240793809
-0.514238969,0.749410163,-0.253598485
-0.523866694,0.729633678,-0.266000732
-0.532813437,0.709284857,-0.277981188
-0.540937341,0.688300136,-0.289439786
-0.548364205,0.666821656,-0.300446473
-0.555026440,0.644845490,-0.310947814
-0.560880798,0.622390542,-0.320904945
-0.566011831,0.599547348,-0.330365998
-0.570262492,0.576280823,-0.339212538
-0.573793936,0.552707509,-0.347548551
-0.576431640,0.528800465,-0.355239829
-0.578329301,0.504656317,-0.362388727
-0.579343338,0.480273966,-0.368880285
-0.579574307,0.455722927,-0.374780129
-0.578986927,0.431034445,-0.380053207
-0.577543766,0.406248743,-0.384660819
-0.575307285,0.381414036,-0.388642682
-0.572268056,0.356569002,-0.391982922
-0.568383864,0.331758689,-0.394638012
-0.563694014,0.307026355,-0.396630214
-0.558211197,0.282413310,-0.397960872
-0.551939790,0.257962120,-0.398624411
-0.544887624,0.233715449,-0.398618019
-0.537065733,0.209715476,-0.397941568
-0.528488062,0.186003407,-0.396597485
-0.519171147,0.162619060,-0.394590579
-0.509119143,0.139608972,-0.391914305
-0.498343669,0.117017866,-0.388568493
-0.486888118,0.094869625,-0.384582899
-0.474750219,0.073217545,-0.379944375
-0.461958909,0.052093551,-0.374669346
-0.448528112,0.031542583,-0.368759401
-0.434493479,0.011588567,-0.362237998
-0.419866417,-0.007720344,-0.355103947
-0.404670368,-0.026345818,-0.347367741
-0.388938375,-0.044262137,-0.339050188
-0.372696665,-0.061435829,-0.330164890
-0.355964853,-0.077820679,-0.320717282
-0.338780219,-0.093398312,-0.310732796
-0.321175055,-0.108144419,-0.300231437
-0.303169769,-0.122007076,-0.289217476
-0.284805040,-0.134976815,-0.277720390
-0.266111881,-0.147022750,-0.265756969
-0.247123379,-0.158116107,-0.253345767
-0.227875093,-0.168233372,-0.240508066
-0.208404121,-0.177355810,-0.227267019
-0.188746754,-0.185457432,-0.213642956
-0.168941829,-0.192521562,-0.199659795
-0.149028444,-0.198526253,-0.185339765
-0.129047577,-0.203461478,-0.170708724
-0.109040436,-0.207311511,-0.155790616
-0.089049339,-0.210065657,-0.140610690
-0.069117439,-0.211714615,-0.125194385
-0.049289497,-0.212245083,-0.109566456
-0.029608782,-0.211665076,-0.093755306
-0.010122050,-0.209961980,-0.077785727
0.009126153,-0.207143278,-0.061685486
0.028090723,-0.203214429,-0.045481649
0.046726246,-0.198182101,-0.029201302
0.064987880,-0.192056843,-0.012871788
0.082831653,-0.184852747,0.003479427
0.100213986,-0.176585603,0.019824799
0.117093393,-0.167276138,0.036136755
0.133430263,-0.156948236,0.052387866
0.149186748,-0.145628069,0.068550859
0.164327605,-0.133344942,0.084598791
0.178816932,-0.120126256,0.100504325
0.192622427,-0.106003946,0.116240502
0.205717018,-0.091015013,0.131781503
0.218074531,-0.075195687,0.147101587
0.229663743,-0.058576069,0.162172920
0.240468039,-0.041200270,0.176972040
0.250467055,-0.023106667,0.191474118
0.259635749,-0.004329284,0.205651977
0.267968198,0.015083585,0.219485740
0.275443548,0.035096477,0.232949275
0.282056689,0.055663686,0.246022976
0.287792795,0.076746859,0.258682732
0.292640995,0.098305293,0.270905836
0.296595275,0.120296138,0.282671730
0.299655518,0.142674806,0.293962945
0.301826927,0.165396285,0.304765275
0.303081978,0.188426852,0.315045710
0.303446536,0.211715291,0.324801635
0.302916699,0.235221194,0.334013607
0.301490374,0.258903127,0.342662888
0.299169572,0.282718435,0.350733006
0.295960937,0.306623816,0.358210404
0.291876272,0.330576105,0.365085160
0.286933008,0.354533329,0.371351793
0.281132178,0.378453894,0.376993277
0.274478472,0.402294486,0.381994411
0.267001336,0.426015810,0.386359284
0.258710881,0.449576531,0.390077349
0.249602138,0.472930396,0.393125222
0.239719602,0.496044180,0.395520256
0.229075765,0.518877346,0.397253923
0.217685936,0.541389467,0.398319747
0.205568278,0.563540652,0.398713522
0.192743794,0.585292019,0.398433498
0.179236234,0.606606223,0.397480554
0.165071934,0.627448020,0.395858316
0.150279545,0.647784873,0.393573236
0.134889675,0.667587568,0.390634588
0.118930810,0.686826851,0.387050140
0.102388691,0.705421325,0.382774962
0.085343125,0.723395376,0.377876306
0.067825545,0.740729429,0.372368214
0.049809401,0.757306910,0.366182037
0.031393980,0.773206681,0.359422199
0.012562778,0.788319803,0.352030501
-0.006619938,0.802680374,0.344067337
-0.026144703,0.816214385,0.335507951
-0.045954731,0.828956933,0.326407847
-0.066044281,0.840802764,0.316726332
-0.086343293,0.851858474,0.306558855
-0.106857413,0.861932997,0.295820089
-0.127519542,0.871161293,0.284615456
-0.148303289,0.879490926,0.272941545
-0.169181372,0.886818547,0.260773938
-0.190107437,0.893260114,0.248195152
-0.211050502,0.898769586,0.235207809
-0.231971841,0.903227604,0.221788912
-0.252838839,0.906762927,0.208016599
-0.273619900,0.909366826,0.193909820
-0.294267261,0.910932939,0.179457605
-0.314747913,0.911495052,0.164698012
-0.335038092,0.911111201,0.149672779
-0.355105963,0.909779673,0.134404032
-0.374898739,0.907431120,0.118900170
-0.394376950,0.904061702,0.103187903
-0.413531001,0.899752861,0.087308775
-0.432330361,0.894510110,0.071287058
-0.450744998,0.888340650,0.055147392
-0.468695125,0.881150495,0.038907102
-0.486182423,0.873028123,0.022602633
-0.503192133,0.864014697,0.006262106
-0.519697221,0.854124325,-0.010089050
-0.535671542,0.843372678,-0.026425381
-0.551021883,0.831680309,-0.042713723
-0.565770881,0.819144481,-0.058928951
-0.579910603,0.805808078,-0.075047115
-0.593419322,0.791692877,-0.091043339
-0.606275606,0.776820973,-0.106892829
-0.618356663,0.761110719,-0.122542114
-0.629743065,0.744700144,-0.137990356
-0.640418453,0.727616172,-0.153214353
-0.650367853,0.709886728,-0.168191482
-0.659489155,0.691471690,-0.182865484
-0.667816799,0.672446515,-0.197229015
-0.675377180,0.652872188,-0.211275113
-0.682161505,0.632780104,-0.224984133
-0.688019056,0.612119792,-0.238269350
-0.693080293,0.591012885,-0.251172747
-0.697344360,0.569494200,-0.263678944
-0.700682390,0.547542544,-0.275704492
-0.703181406,0.525239006,-0.287277441
-0.704877140,0.502633319,-0.298402348
-0.705598471,0.479707600,-0.308964095
-0.705522311,0.456557497,-0.319049047
-0.704548420,0.433194746,-0.328580391
-0.702710881,0.409666329,-0.337562711
-0.700017318,0.386013844,-0.345983910
-0.696446301,0.362273548,-0.353813340
-0.692027285,0.338489840,-0.361053395
-0.686766426,0.314700988,-0.367692372
-0.680636936,0.290951183,-0.373692484
-0.673720049,0.267274430,-0.379097645
-0.665939667,0.243721759,-0.383831891
-0.657360284,0.220328387,-0.387926662
-0.648006028,0.197129834,-0.391384362
-0.637881403,0.174166860,-0.394191144
-0.626962791,0.151495296,-0.396306706
-0.615307900,0.129141261,-0.397761506
-0.602933633,0.107143634,-0.398551420
-0.589857936,0.085541515,-0.398672995
-0.576101810,0.064372827,-0.398125472
-0.561688901,0.043673889,-0.396910673
-0.546645090,0.023479088,-0.395032836
-0.530977089,0.003841296,-0.392474744
-0.514727194,-0.015217816,-0.389257730
-0.497932360,-0.033675999,-0.385399052
-0.480600993,-0.051476897,-0.380881253
-0.462776335,-0.068605961,-0.375729294
-0.444478901,-0.085017232,-0.369938708
-0.425751608,-0.100700193,-0.363535858
-0.406615708,-0.115607170,-0.356516019
-0.387106117,-0.129711751,-0.348893079
-0.367260363,-0.142995474,-0.340686054
-0.347112303,-0.155432203,-0.331908034
-0.326695318,-0.166991551,-0.322569869
-0.306045057,-0.177646626,-0.312685350
-0.285202357,-0.187394118,-0.302281723
-0.264200372,-0.196190609,-0.291363665
-0.243080374,-0.204037259,-0.279960189
-0.221879767,-0.210907703,-0.268085659
-0.200638137,-0.216782114,-0.255758397
-0.179396150,-0.221646505,-0.242999568
-0.158194749,-0.225492009,-0.229832289
-0.137074603,-0.228314200,-0.216280928
-0.116079148,-0.230090437,-0.202363340
-0.095249270,-0.230826381,-0.188107244
-0.074628826,-0.230511029,-0.173534516
-0.054261979,-0.229139620,-0.158669187
-0.034192632,-0.226712633,-0.143536630
-0.014464084,-0.223234939,-0.128162979
0.004881176,-0.218715088,-0.112574726
0.023793686,-0.213147392,-0.096795658
0.042235353,-0.206555763,-0.080854738
0.060159853,-0.198946584,-0.064777621
0.077523306,-0.190334249,-0.048591296
0.094286059,-0.180741486,-0.032323402
0.110407252,-0.170189399,-0.016001184
0.125847738,-0.158702380,0.000347944
0.140570291,-0.146307785,0.016696500
0.154539857,-0.133035691,0.033017007
0.167723852,-0.118918714,0.049282077
0.180089845,-0.103989417,0.065464159
0.191609364,-0.088284004,0.081535850
0.202261090,-0.071843891,0.097470722
0.212020090,-0.054706264,0.113241690
0.220865541,-0.036911000,0.128822015
0.228779886,-0.018499335,0.144185381
0.235751299,0.000485001,0.159306666
0.241765413,0.020000954,0.174159888
0.246812071,0.040005891,0.188719888
0.250886251,0.060455754,0.202962931
0.253982957,0.081307672,0.216865220
0.256092859,0.102520801,0.230400954
0.257221146,0.124049890,0.243549622
0.257369418,0.145852116,0.256289446
0.256537382,0.167885693,0.268597665
0.254729882,0.190108007,0.280453579
0.251957776,0.212476267,0.291839456
0.248224727,0.234949366,0.302734082
0.243538181,0.257485556,0.313117773
0.237912217,0.280043368,0.322974575
0.231365418,0.302582210,0.332291437
0.223906011,0.325061710,0.341049329
0.215546426,0.347441309,0.349231388
0.206303672,0.369680922,0.356823545
0.196199644,0.391741803,0.363815243
0.185261318,0.413587633,0.370200220
0.173502552,0.435179149,0.375962876
0.160935351,0.456474411,0.381084909
0.147605020,0.477445779,0.385575634
0.133520093,0.498050201,0.389414041
0.118703095,0.518249846,0.392590252
0.103198171,0.538020369,0.395114860
0.087027518,0.557325692,0.396978850
0.070216045,0.576130491,0.398175210
0.052791315,0.594400600,0.398699152
0.034783419,0.612103459,0.398548311
0.016224781,0.629208593,0.397722921
-0.002850137,0.645688116,0.396225952
-0.022405218,0.661517240,0.394063201
-0.042403176,0.676674782,0.391243313
-0.062806161,0.691143641,0.387777723
-0.083591774,0.704877150,0.383651270
-0.104726770,0.717838842,0.378861156
-0.126152398,0.730062070,0.373461135
-0.147851854,0.741476439,0.367418645
-0.169781444,0.752072689,0.360753261
-0.191895746,0.761875453,0.353505886
-0.214172331,0.770781251,0.345627405
-0.236556760,0.778885427,0.337206327
-0.259022418,0.786058580,0.328180439
-0.281524192,0.792390855,0.318629785
-0.304025088,0.797811289,0.308533187
-0.326486143,0.802313815,0.297909506
-0.348876617,0.805975895,0.286822920
-0.371137445,0.808614235,0.275197717
-0.393251799,0.810386349,0.263138032
-0.415186760,0.811287453,0.250660042
-0.436864678,0.811152867,0.237709966
-0.458288580,0.810144194,0.224382933
-0.479425528,0.808259349,0.210696769
-0.500203753,0.805401724,0.196635125
-0.520599267,0.801613893,0.182237432
-0.540601477,0.796956932,0.167546462
-0.560178562,0.791435557,0.152583494
-0.579247173,0.784965672,0.137346419
-0.597796934,0.777604802,0.121875768
-0.615822484,0.769408190,0.106207798
-0.633294741,0.760387285,0.090366254
-0.650172989,0.750538882,0.074372842
-0.666361301,0.739795672,0.058242843
-0.681908627,0.728276957,0.042019448
-0.696789967,0.716000430,0.025727791
-0.710981455,0.702985173,0.009393179
-0.724438012,0.689230457,-0.006958654
-0.737074691,0.674704402,-0.023297529
-0.748952387,0.659510485,-0.039596684
-0.760052644,0.643673053,-0.055830791
-0.770358422,0.627217546,-0.071974687
-0.779816430,0.610144767,-0.087996955
-0.788362352,0.592454219,-0.103860563
-0.796067244,0.574234469,-0.119553604
-0.802920432,0.555514883,-0.135052264
-0.808912825,0.536325530,-0.150333226
-0.813920149,0.516642726,-0.165338590
-0.818024710,0.496547394,-0.180067578
-0.821247630,0.476083933,-0.194505823
-0.823586667,0.455284598,-0.208632690
-0.824895846,0.434137417,-0.222370689
-0.825305802,0.412724102,-0.235746629
-0.824832948,0.391082045,-0.248747632
-0.823386079,0.369226368,-0.261311763
-0.820990381,0.347201251,-0.273427185
-0.817729620,0.325055420,-0.285113310
-0.813494096,0.302813180,-0.296292013
-0.808352542,0.280518868,-0.306976634
-0.802355930,0.258209994,-0.317174312
-0.795379350,0.235926690,-0.326788678
-0.787602466,0.213699361,-0.335905730
-0.778874721,0.191581305,-0.344406398
-0.769362769,0.169589333,-0.352377275
-0.758940622,0.147787937,-0.359706886
-0.747762504,0.126182262,-0.366481594
-0.735715077,0.104846829,-0.372591319
-0.722917044,0.083788158,-0.378101035
-0.709368770,0.063045866,-0.382987400
-0.695038140,0.042684095,-0.387193670
-0.680012070,0.022707527,-0.390767519
-0.664304393,0.003153938,-0.393694559
-0.647933495,-0.015938914,-0.395963072
-0.630901448,-0.034516098,-0.397541698
-0.613265781,-0.052566343,-0.398457198
-0.595053857,-0.070056926,-0.398706100
-0.576295200,-0.086956492,-0.398287015
-0.557021590,-0.103235845,-0.397201154
-0.537262022,-0.118861337,-0.395445482
-0.517043076,-0.133792545,-0.393011559
-0.496412684,-0.148022949,-0.389923440
-0.475408169,-0.161534002,-0.386191883
-0.454050003,-0.174268014,-0.381794676
-0.432388747,-0.186233381,-0.376766212
-0.410452868,-0.197383011,-0.371095171
-0.388288078,-0.207722159,-0.364811220
-0.365926153,-0.217206032,-0.357906256
-0.343408637,-0.225822474,-0.350397123
-0.320776155,-0.233561342,-0.342301258
-0.298068181,-0.240405534,-0.333631218
-0.275324863,-0.246342593,-0.324402604
-0.252587431,-0.251339838,-0.314619496
-0.229896794,-0.255409658,-0.304312383
-0.207294715,-0.258532656,-0.293493179
-0.184821834,-0.260706779,-0.282183236
-0.162523214,-0.261908566,-0.270393397
-0.140438685,-0.262147380,-0.258150751
-0.118610720,-0.261418216,-0.245474972
-0.097083196,-0.259715132,-0.232385522
-0.075899949,-0.257036211,-0.218903736
-0.055099325,-0.253395079,-0.205056686
-0.034730127,-0.248781599,-0.190862362
-0.014832095,-0.243209596,-0.176347458
0.004552299,-0.236687668,-0.161536348
0.023380571,-0.229226280,-0.146453776
0.041610948,-0.220838868,-0.131125107
0.059197090,-0.211534526,-0.115574594
0.076106841,-0.201343245,-0.099831050
0.092290617,-0.190273702,-0.083918441
0.107717361,-0.178358680,-0.067865291
0.122348175,-0.165622154,-0.051698078
0.136145591,-0.152091074,-0.035443753
0.149074805,-0.137796037,-0.019129700
0.161106460,-0.122772706,-0.002783543
0.172211185,-0.107056706,0.013567261
0.182362357,-0.090685800,0.029895220
0.191536328,-0.073699623,0.046172890
0.199712727,-0.056139457,0.062372966
0.206874861,-0.038048014,0.078468422
0.213000424,-0.019465027,0.094431222
0.218085500,-0.000438132,0.110235557
0.222117598,0.018990027,0.125854394
0.225094647,0.038773730,0.141262357
0.227003108,0.058871600,0.156431344
0.227850412,0.079236888,0.171337679
0.227637624,0.099826043,0.185956324
0.226366904,0.120596026,0.200262295
0.224038512,0.141504373,0.214229537
0.220676298,0.162507200,0.227839969
0.216269638,0.183564127,0.241063258
0.210844373,0.204633129,0.253882224
0.204412157,0.225673934,0.266274623
0.196988201,0.246646844,0.278219621
0.188593456,0.267513485,0.289699242
0.179229153,0.288232716,0.300685305
0.168938508,0.308770737,0.311171392
0.157721910,0.329086122,0.321128258
0.145619586,0.349147035,0.330549234
0.132649431,0.368916681,0.339415012
0.118833397,0.388359086,0.347708353
0.104197691,0.407439813,0.355414702
0.088772869,0.426126842,0.362522885
0.072593766,0.444391644,0.369025886
0.055685416,0.462200790,0.374909197
0.038067708,0.479515165,0.380152087
0.019796585,0.496323524,0.384768338
0.000882129,0.512578669,0.388727405
-0.018632145,0.528260781,0.392031880
-0.038703131,0.543352667,0.394686109
-0.059300371,0.557825001,0.396680596
-0.080397297,0.571640465,0.397998477
-0.101950905,0.584782190,0.398644301
-0.123919312,0.597234701,0.398623208
-0.146264367,0.608978297,0.397935791
-0.168952158,0.619983001,0.396573477
-0.191943835,0.630224948,0.394534121
-0.215193252,0.639701797,0.391834191
-0.238658903,0.648405974,0.388484521
-0.262300379,0.656334186,0.384498653
-0.286087937,0.663408404,0.379831348
-0.309969403,0.669673320,0.374535871
-0.333905856,0.675149732,0.368642817
-0.357858403,0.679708800,0.362073509
-0.381785759,0.683484557,0.354942189
-0.405642449,0.686356758,0.347179100
-0.429396272,0.688417896,0.338864576
-0.452992997,0.689567880,0.329947079
-0.476415917,0.689924229,0.320519088
-0.499585931,0.689328860,0.310496631
-0.522509017,0.687944647,0.299996307
-0.545109509,0.685661717,0.288968017
-0.567362103,0.682522676,0.277452991
-0.589256851,0.678592093,0.265502385
-0.610691373,0.673743859,0.253064931
-0.631677402,0.668083725,0.240213243
-0.652196536,0.661645140,0.226979136
-0.672160621,0.654354689,0.213344201
-0.691546188,0.646245455,0.199342028
-0.710361234,0.637386638,0.185020030
-0.728575274,0.627789353,0.170398553
-0.746071587,0.617372447,0.155464990
-0.762881710,0.606226479,0.140272970
-0.778998584,0.594390459,0.124853875
-0.794395718,0.581881463,0.109230826
-0.808995636,0.568675082,0.093417031
-0.822759120,0.554786131,0.077439069
-0.835726011,0.540289844,0.061336039
-0.847875097,0.525208513,0.045132775
-0.859186561,0.509565540,0.028854367
-0.869565205,0.493340492,0.012524055
-0.879019766,0.476580918,-0.003826847
-0.887582793,0.459342848,-0.020170368
-0.895240876,0.441653667,-0.036481072
-0.901982227,0.423541534,-0.052733607
-0.907707759,0.405000773,-0.068892365
-0.912447896,0.386082862,-0.084931861
-0.916243351,0.366837756,-0.100831855
-0.919089416,0.347296107,-0.116568018
-0.920982872,0.327488881,-0.132116389
-0.921772396,0.307415492,-0.147416689
-0.921606897,0.287147567,-0.162476235
-0.920488942,0.266716875,-0.177272812
-0.918422766,0.246155189,-0.191784876
-0.915266638,0.225483555,-0.205940185
-0.911160270,0.204751753,-0.219758376
-0.906128365,0.183992639,-0.233225334
-0.900116143,0.163239911,-0.246294464
-0.893096876,0.142532554,-0.258926560
-0.885191536,0.121899204,-0.271149226
-0.876354279,0.101379007,-0.282915490
-0.866550408,0.081016033,-0.294179267
-0.855915326,0.060822992,-0.304985601
-0.844343034,0.040862485,-0.315246302
-0.831932498,0.021148134,-0.324991155
-0.818691115,0.001717398,-0.334195825
-0.804604526,-0.017383141,-0.342820611
-0.789754507,-0.036143726,-0.350891251
-0.774104836,-0.054504498,-0.358349617
-0.757729143,-0.072456250,-0.365218604
-0.740640503,-0.089962672,-0.371477059
-0.722842594,-0.106973276,-0.377089758
-0.704418241,-0.123498964,-0.382097955
-0.685348021,-0.139471281,-0.386444104
-0.665678525,-0.154870660,-0.390132770
-0.645460887,-0.169689225,-0.393178852
-0.624721597,-0.183895283,-0.395570045
-0.603491062,-0.197458770,-0.397296813
-0.581796459,-0.210340887,-0.398342006
-0.559684836,-0.222531864,-0.398717560
-0.537195639,-0.234013698,-0.398426387
-0.514366400,-0.244765321,-0.397468412
-0.491229033,-0.254748082,-0.395828559
-0.467830639,-0.263960481,-0.393524824
-0.444212447,-0.272391129,-0.390565669
-0.420415341,-0.280031389,-0.386961409
-0.396473137,-0.286824498,-0.382684624
-0.372434721,-0.292804892,-0.377780062
-0.348338511,-0.297924890,-0.372228721
-0.324227754,-0.302206460,-0.366063990
-0.300144699,-0.305610484,-0.359274557
-0.276132506,-0.308139696,-0.351879751
-0.252233139,-0.309793112,-0.343895663
-0.228489307,-0.310563812,-0.335334299
-0.204943250,-0.310449636,-0.326210825
-0.181640255,-0.309439568,-0.316535075
-0.158622799,-0.307535995,-0.306325315
-0.135928967,-0.304752300,-0.295605857
-0.113608352,-0.301072862,-0.284384317
-0.091699753,-0.296511563,-0.272685158
-0.070244748,-0.291075044,-0.260528388
-0.049286106,-0.284769105,-0.247933508
-0.028864426,-0.277604594,-0.234922419
-0.009023530,-0.269588869,-0.221515247
0.010195751,-0.260735371,-0.207734837
0.028754655,-0.251061338,-0.193605413
0.046614364,-0.240584571,-0.179151009
0.063733317,-0.229321346,-0.164394829
0.080072862,-0.217292753,-0.149361729
0.095597160,-0.204523696,-0.134077544
0.110273017,-0.191042109,-0.118568617
0.124057436,-0.176869531,-0.102859136
0.136927879,-0.162044135,-0.086977695
0.148841046,-0.146590375,-0.070948999
0.159775549,-0.130548403,-0.054801323
0.169703240,-0.113954234,-0.038561577
0.178598658,-0.096846136,-0.022256961
0.186439503,-0.079264469,-0.005914872
0.193206637,-0.061251274,0.010437209
0.198883845,-0.042849826,0.026771784
0.203455255,-0.024103660,0.043061206
0.206913605,-0.005058724,0.059278121
0.209253003,0.014239401,0.075395353
0.210471805,0.033744975,0.091386136
0.210562726,0.053413592,0.107222719
0.209534312,0.073199249,0.122879327
0.207386263,0.093057817,0.138328689
0.204132367,0.112945121,0.153546001
0.199779565,0.132818283,0.168505033
0.194338969,0.152635011,0.183180181
0.187826534,0.172354127,0.197546987
0.180263824,0.191936307,0.211582875
0.171660048,0.211341105,0.225261086
0.162048922,0.230533313,0.238563471
0.151436028,0.249472309,0.251461223
0.139855746,0.268124999,0.263936869
0.127333916,0.286457406,0.275970019
0.113890810,0.304433822,0.287537406
0.099554123,0.322021309,0.298619104
0.084368522,0.339196547,0.309205867
0.068336420,0.355914777,0.319262841
0.051511637,0.372159011,0.328787148
0.033921857,0.387899026,0.337760077
0.015597070,0.403105616,0.346164030
-0.003429038,0.417752047,0.353983986
-0.023119199,0.431814909,0.361208179
-0.043432873,0.445275107,0.367828862
-0.064336313,0.458107773,0.373832291
-0.085801679,0.470278615,0.379195964
-0.107768685,0.481795405,0.383937392
-0.130221831,0.492606142,0.388017395
-0.153105718,0.502715502,0.391450034
-0.176378337,0.512112116,0.394233898
-0.200006393,0.520766941,0.396351656
-0.223951391,0.528656135,0.397791152
-0.248163940,0.535784413,0.398565364
-0.272602824,0.542139154,0.398671733
-0.297225958,0.547710649,0.398110230
-0.321990883,0.552492371,0.396883479
-0.346856284,0.556467578,0.394985647
-0.371778596,0.559613984,0.392406849
-0.396712496,0.561954863,0.389174393
-0.421617229,0.563496814,0.385301263
-0.446451832,0.564229077,0.380786455
-0.471164276,0.564098871,0.375597078
-0.495725837,0.563190718,0.369806920
-0.520084913,0.561451208,0.363382531
-0.544199455,0.558893591,0.356342597
-0.568041316,0.555554443,0.348722054
-0.591544473,0.551378714,0.340488904
-0.614700072,0.546443803,0.331707479
-0.637439076,0.540699595,0.322350375
-0.659740453,0.534188755,0.312456154
-0.681578658,0.526941677,0.302054317
-0.702862204,0.518890593,0.291107494
-0.723633013,0.510158645,0.279707410
-0.743791890,0.500677982,0.267818127
-0.763315418,0.490480700,0.255470159
-0.782221806,0.479638295,0.242717959
-0.800420334,0.468109236,0.229545323
-0.817869122,0.455906658,0.215970971
-0.834604482,0.443108914,0.202051454
-0.850598588,0.429733203,0.187806093
-0.865706718,0.415717894,0.173212824
-0.880000422,0.401158839,0.158335611
-0.893471446,0.386088484,0.143202385
-0.906096997,0.370528994,0.127835545
-0.917758636,0.354455441,0.112237756
-0.928491003,0.337926980,0.096450353
-0.938315074,0.320989633,0.080506647
-0.947214261,0.303669535,0.064431075
-0.955173380,0.285993554,0.048248399
-0.962040187,0.267946204,0.031975508
-0.967940115,0.249606444,0.015652260
-0.972863539,0.231003228,-0.000695962
-0.976802559,0.212166001,-0.017043710
-0.979746943,0.193123922,-0.033365315
-0.981556625,0.173887983,-0.049624733
-0.982367697,0.154516158,-0.065801218
-0.982179700,0.135039149,-0.081869743
-0.980993954,0.115487742,-0.097805559
-0.978777363,0.095892369,-0.113577546
-0.975455959,0.076287998,-0.129142990
-0.971151407,0.056709461,-0.144497160
-0.965872429,0.037187117,-0.159617096
-0.959629413,0.017750992,-0.174480440
-0.952282760,-0.001545864,-0.189017112
-0.943992549,-0.020688189,-0.203245720
-0.934781109,-0.039648313,-0.217148141
-0.924623250,-0.058386886,-0.230687582
-0.913460480,-0.076849579,-0.243808657
-0.901435463,-0.095039771,-0.256541750
-0.888556907,-0.112927019,-0.268863875
-0.874711049,-0.130426360,-0.280684131
-0.860076336,-0.147571219,-0.292064214
-0.844626143,-0.164311325,-0.302958246
-0.828333261,-0.180588508,-0.313313853
-0.811336608,-0.196439896,-0.323188083
-0.793525938,-0.211748788,-0.332465078
-0.775060635,-0.226578283,-0.341226901
-0.755875472,-0.240828786,-0.349380318
-0.736082021,-0.254543470,-0.356981990
-0.715635203,-0.267623978,-0.363943642
-0.694651993,-0.280132548,-0.370338422
-0.673085023,-0.291954240,-0.376064241
-0.651031142,-0.303137900,-0.381179525
-0.628522829,-0.313665560,-0.385676150
-0.605554845,-0.323447249,-0.389480497
-0.582206226,-0.332527898,-0.392644383
-0.558511182,-0.340885913,-0.395157143
-0.534505981,-0.348499804,-0.397008622
-0.510229697,-0.355350880,-0.398191490
-0.485723493,-0.361423447,-0.398701260
-0.461029954,-0.366704902,-0.398536236
-0.436192478,-0.371185750,-0.397697399
-0.411254723,-0.374859542,-0.396188250
-0.386260134,-0.377722770,-0.394014621
-0.361251523,-0.379774708,-0.391184470
-0.336270833,-0.381016083,-0.387706752
-0.311365886,-0.381397350,-0.383551083
-0.286574024,-0.380975479,-0.378770810
-0.261945885,-0.379704910,-0.373339295
-0.237516642,-0.377623585,-0.367294080
-0.213338085,-0.374700986,-0.360620819
-0.189450356,-0.370953813,-0.353340845
-0.165894655,-0.366390698,-0.345469139
-0.142714320,-0.361015437,-0.337017134
-0.119951074,-0.354836418,-0.327999543
-0.097646163,-0.347863351,-0.318431928
-0.075850956,-0.340091908,-0.308320358
-0.054589821,-0.331558926,-0.297698633
-0.033920100,-0.322254754,-0.286569265
-0.013869118,-0.312210689,-0.274961713
0.005519509,-0.301437538,-0.262891754
0.024205438,-0.289951732,-0.250378700
0.042151775,-0.277774127,-0.237444367
0.059325065,-0.264929008,-0.224112259
0.075681497,-0.251433195,-0.210401184
0.091196019,-0.237319040,-0.196338559
0.105821394,-0.222603976,-0.181942964
0.119534370,-0.207323024,-0.167242332
0.132302173,-0.191505371,-0.152260789
0.144094799,-0.175182953,-0.137023428
0.154876285,-0.158386337,-0.121554244
0.164631853,-0.141156625,-0.105881791
0.173327072,-0.123527398,-0.090030545
0.180948306,-0.105541047,-0.074028482
0.187469590,-0.087236449,-0.057901618
0.192873563,-0.068656226,-0.041677214
0.197149247,-0.049844864,-0.025382835
0.200284878,-0.030846878,-0.009045801
0.202272197,-0.011707683,0.007306442
0.203106404,0.007526770,0.023646403
0.202786183,0.026810333,0.039946627
0.201313818,0.046097006,0.056179782
0.198691059,0.065340975,0.072318309
0.194925850,0.084496915,0.088334905
0.190035379,0.103521375,0.104203465
0.184025569,0.122370227,0.119896224
0.176921547,0.141003235,0.135388361
0.168729445,0.159377029,0.150651290
0.159479734,0.177454704,0.165661301
0.149193858,0.195198435,0.180392919
0.137897563,0.212572700,0.194821786
0.125612034,0.229540868,0.208921910
0.112368521,0.246071101,0.222670489
0.098197438,0.262132543,0.236044844
0.083131884,0.277696782,0.249023663
0.067199280,0.292732889,0.261583129
0.050431076,0.307212471,0.273700987
0.032862983,0.321110602,0.285357341
0.014535072,0.334407004,0.296535643
-0.004518081,0.347078311,0.307216610
-0.024264494,0.359098361,0.317378477
-0.044664462,0.370448599,0.327005328
-0.065675278,0.381114947,0.336084664
-0.087260883,0.391076694,0.344598549
-0.109382277,0.400316372,0.352531513
-0.131997821,0.408820520,0.359871220
-0.155063763,0.416580548,0.366609218
-0.178540616,0.423581935,0.372732215
-0.202393281,0.429797540,0.378216564
-0.226563733,0.435254503,0.383082798
-0.251027184,0.439897237,0.387283973
-0.275726849,0.443757733,0.390844648
-0.300621510,0.446829662,0.393758130
-0.325674083,0.449076589,0.395992905
-0.350836130,0.450515571,0.397561419
-0.376063679,0.451149408,0.398464465
-0.401313531,0.450976111,0.398698891
-0.426542279,0.449996695,0.398264045
-0.451706844,0.448215334,0.397161916
-0.476765079,0.445639443,0.395397225
-0.501671551,0.442259939,0.392960916
-0.526378259,0.438071457,0.389846947
-0.550851091,0.433114661,0.386087931
-0.575054939,0.427409063,0.381698919
-0.598928359,0.420914165,0.376644331
-0.622439594,0.413669631,0.370956079
-0.645575283,0.405731073,0.364679906
-0.668229611,0.397002683,0.357732974
-0.690445923,0.387628546,0.350236275
-0.712106905,0.377511644,0.342105642
-0.733259948,0.366777677,0.333446948
-0.753770389,0.355330707,0.324176425
-0.773714963,0.343309316,0.314411558
-0.792943326,0.330621389,0.304071315
-0.811514216,0.317372137,0.293244926
-0.829379208,0.303567371,0.281935815
-0.846437089,0.289179532,0.270118120
-0.862763817,0.274307027,0.257875941
-0.878283727,0.258941807,0.245200408
-0.892911543,0.243078626,0.232084719
-0.906723729,0.226800061,0.218599835
-0.919696389,0.210128797,0.204763979
-0.931669062,0.193034931,0.190547702
-0.942738868,0.175598553,0.176020494
-0.952902235,0.157852063,0.161209269
-0.962141075,0.139821958,0.146135613
-0.970300757,0.121502559,0.130790458
-0.977489823,0.102959502,0.115231588
-0.983708351,0.084224820,0.099485728
-0.988945081,0.065327588,0.083576822
-0.993137635,0.046292006,0.067523319
-0.996236851,0.027149129,0.051349763
-0.998330787,0.007941068,0.035093753
-0.999415554,-0.011301834,0.018780503
-0.999489054,-0.030549119,0.002435378
-0.998489455,-0.049766713,-0.013914912
-0.996397254,-0.068917494,-0.030239926
-0.993299125,-0.087973793,-0.046514153
-0.989200509,-0.106905516,-0.062712327
-0.984108616,-0.125682863,-0.078809376
-0.977955217,-0.144259385,-0.094768442
-0.970761334,-0.162602142,-0.110561453
-0.962608065,-0.180695876,-0.126173419
-0.953509807,-0.198512770,-0.141580734
-0.943472356,-0.216021945,-0.156757478
-0.932387707,-0.233146038,-0.171642127
-0.920413846,-0.249906187,-0.186247930
-0.907571655,-0.266277821,-0.200553822
-0.893855851,-0.282222654,-0.214528036
-0.879200737,-0.297664193,-0.228108623
-0.863752796,-0.312641569,-0.241324175
-0.847538207,-0.327134584,-0.254157151
-0.830464187,-0.341036192,-0.266520913
-0.812664120,-0.354394230,-0.278451686
-0.794188725,-0.367207268,-0.289946915
-0.774939396,-0.379340428,-0.300896975
-0.755079374,-0.390889432,-0.311377182
-0.734587925,-0.401783237,-0.321328978
-0.713491338,-0.411993079,-0.330727756
-0.691867262,-0.421550635,-0.339597839
-0.669691181,-0.430360204,-0.347860302
-0.647064623,-0.438494929,-0.355573351
-0.623972139,-0.445858233,-0.362657131
-0.600490578,-0.452497639,-0.369149210
-0.576647520,-0.458384247,-0.375024909
-0.552471352,-0.463472540,-0.380245743
-0.528026614,-0.467814466,-0.384853305
-0.503340655,-0.471366822,-0.388811087
-0.478452074,-0.474097461,-0.392091512
-0.453414085,-0.476044135,-0.394724701
-0.428266471,-0.477194948,-0.396699891
-0.403051179,-0.477541406,-0.398009109
-0.377811567,-0.477078447,-0.398647212
-0.352591724,-0.475804375,-0.398611849
-0.327435853,-0.473720734,-0.397903371
-0.302387740,-0.470832119,-0.396524677
-0.277490298,-0.467145950,-0.394481040
-0.252785195,-0.462672224,-0.391779902
-0.228315978,-0.457413674,-0.388422641
-0.204135226,-0.451353272,-0.384394049
-0.180268113,-0.444545031,-0.379738426
-0.156776597,-0.436955633,-0.374426833
-0.133682343,-0.428636439,-0.368501404
-0.111044817,-0.419568294,-0.361944946
-0.088897325,-0.409779677,-0.354780289
-0.067277934,-0.399288761,-0.347021555
-0.046227956,-0.388109934,-0.338679581
-0.025785988,-0.376261732,-0.329768609
-0.005987589,-0.363766014,-0.320305590
0.013118110,-0.350633004,-0.310297351
0.031506765,-0.336896021,-0.299770293
0.049136764,-0.322573599,-0.288737917
0.065980288,-0.307695199,-0.277222902
0.081997106,-0.292282176,-0.265240567
0.097152628,-0.276361165,-0.252810396
0.111415385,-0.259961431,-0.239953736
0.124759153,-0.243115295,-0.226694198
0.137161408,-0.225856659,-0.213056375
0.148576170,-0.208211021,-0.199056330
0.158993063,-0.190218920,-0.184723425
0.168382461,-0.171914096,-0.170079888
0.176719933,-0.153333366,-0.155149940
0.183985644,-0.134515702,-0.139959033
0.190163788,-0.115501557,-0.124533306
0.195230510,-0.096331183,-0.108897296
0.199179621,-0.077048103,-0.093078715
0.201991326,-0.057695369,-0.077102970
0.203664554,-0.038317957,-0.060997944
0.204191357,-0.018960925,-0.044790352
0.203567983,0.000329928,-0.028507340
0.201791692,0.019508098,-0.012176238
0.198869740,0.038527811,0.004175280
0.194808737,0.057343349,0.020519735
0.189618714,0.075909620,0.036829642
0.183313130,0.094182510,0.053077592
0.175908949,0.112119283,0.069236362
0.167426676,0.129679016,0.085279065
0.157878277,0.146817691,0.101177339
0.147301038,0.163502387,0.116906364
0.135710749,0.179691827,0.132437861
0.123144058,0.195355651,0.147747416
0.109627568,0.210459584,0.162808612
0.095191040,0.224971703,0.177595491
0.079867722,0.238863160,0.192083001
0.063694643,0.252109108,0.206247637
0.046711424,0.264688631,0.220067646
0.028941754,0.276567513,0.233513753
0.010434457,0.287734830,0.246568740
-0.008774967,0.298169013,0.259209465
-0.028649259,0.307850630,0.271413605
-0.049147990,0.316764598,0.283161091
-0.070227750,0.324901312,0.294435082
-0.091855937,0.332236424,0.305209400
-0.113981531,0.338773711,0.315475323
-0.136573508,0.344485464,0.325203924
-0.159581076,0.349379040,0.334388916
-0.182964429,0.353443412,0.343012041
-0.206681727,0.356671343,0.351057400
-0.230689552,0.359060041,0.358512107
-0.254943604,0.360611848,0.365367031
-0.279401836,0.361323408,0.371609030
-0.304023500,0.361177037,0.377213917
-0.328758992,0.360217451,0.382204565
-0.353571075,0.358388395,0.386527110
-0.378412196,0.355748201,0.390215663
-0.403241150,0.352289540,0.393254011
-0.428012319,0.347987983,0.395611304
-0.452684506,0.342883984,0.397309107
-0.477215285,0.336983491,0.398341399
-0.501562209,0.330295337,0.398704441
-0.525683285,0.322831317,0.398396961
-0.549537513,0.314606209,0.397420311
-0.573085495,0.305637718,0.395778569
-0.596290074,0.295946333,0.393478601
-0.619098532,0.285525272,0.390501794
-0.641472340,0.274399515,0.386858254
-0.663391625,0.262615714,0.382579928
-0.684825461,0.250196755,0.377677200
-0.705680481,0.237099346,0.372092442
-0.725992008,0.223427394,0.365916797
-0.745683368,0.209157908,0.359112920
-0.764730813,0.194328177,0.351704457
-0.783116351,0.178972898,0.343714445
-0.800780299,0.163099335,0.335133804
-0.817719210,0.146751986,0.325996991
-0.833900507,0.129957010,0.316316682
-0.849261962,0.112723964,0.306085023
-0.863873496,0.095129476,0.295380230
-0.877549647,0.077132323,0.284123569
-0.890410656,0.058824121,0.272417661
-0.902424594,0.040228011,0.260272999
-0.913437494,0.021336136,0.247645208
-0.923577093,0.002223529,0.234625609
-0.932824562,-0.017082530,0.221231253
-0.941020451,-0.036574859,0.207428401
-0.948264798,-0.056198861,0.193285277
-0.954567856,-0.075920929,0.178831185
-0.959908069,-0.095711532,0.164084316
-0.964134170,-0.115540739,0.149031103
-0.967386603,-0.135368655,0.133738077
-0.969658271,-0.155164478,0.118228035
-0.970943782,-0.174897239,0.102524328
-0.971138937,-0.194523068,0.086636159
-0.970295831,-0.214011080,0.070601042
-0.968462760,-0.233335267,0.054451663
-0.965641770,-0.252464976,0.038212974
-0.961836673,-0.271369818,0.021910155
-0.956938033,-0.289985972,0.005567032
-0.951046422,-0.308303931,-0.010783930
-0.944195366,-0.326301096,-0.027116410
-0.936395966,-0.343949052,-0.043404999
-0.927660987,-0.361220044,-0.059624402
-0.917889553,-0.378032184,-0.075734267
-0.907198742,-0.394399265,-0.091716632
-0.895623943,-0.410303817,-0.107548813
-0.883184561,-0.425721562,-0.123206653
-0.869870348,-0.440608940,-0.138657956
-0.855639361,-0.454895678,-0.153857070
-0.840615143,-0.468622097,-0.168805603
-0.824822838,-0.481768472,-0.183481623
-0.808267549,-0.494297901,-0.197854464
-0.790899067,-0.506118691,-0.211863465
-0.772850929,-0.517301273,-0.225531784
-0.754152706,-0.527831344,-0.238840733
-0.734759055,-0.537608634,-0.251721645
-0.714746171,-0.546661105,-0.264178012
-0.694184483,-0.555020962,-0.276218135
-0.673040236,-0.562582724,-0.287766369
-0.651385085,-0.569381203,-0.298832804
-0.629286219,-0.575457284,-0.309433470
-0.606696985,-0.580652076,-0.319453427
-0.583743706,-0.585119533,-0.328984159
-0.560408484,-0.588733711,-0.337929903
-0.536764769,-0.591568665,-0.346331579
-0.512830711,-0.593556378,-0.354130688
-0.488665317,-0.594755532,-0.361359484
-0.464290617,-0.595083885,-0.367947246
-0.439768439,-0.594639407,-0.373956786
-0.415122947,-0.593314856,-0.379297032
-0.390408013,-0.591184649,-0.384014046
-0.365662398,-0.588256670,-0.388104710
-0.340928354,-0.584482829,-0.391520607
-0.316250728,-0.579890999,-0.394273059
-0.291670022,-0.574504619,-0.396370931
-0.267228440,-0.568325636,-0.397805616
-0.242968832,-0.561359713,-0.398571319
-0.218934030,-0.553616006,-0.398665040
-0.195166269,-0.545106887,-0.398086493
-0.171706696,-0.535847637,-0.396837972
-0.148594977,-0.525856107,-0.394924179
-0.125868976,-0.515152383,-0.392352033
-0.103575693,-0.503742100,-0.389114781
-0.081758810,-0.491639768,-0.385213519
-0.060435381,-0.478894098,-0.380682890
-0.039676001,-0.465486573,-0.375491281
-0.019484144,-0.451477644,-0.369685881
0.000075792,-0.436861799,-0.363246844
0.018980067,-0.421676252,-0.356197969
0.037196199,-0.405947994,-0.348552782
0.054687463,-0.389701221,-0.340321500
0.071420823,-0.372963580,-0.331517874
0.087367056,-0.355765253,-0.322158475
0.102491152,-0.338133651,-0.312256135
0.116758198,-0.320097530,-0.301824591
0.130154319,-0.301695237,-0.290890111
0.142642369,-0.282955151,-0.279465142
0.154193584,-0.263910661,-0.267567841
0.164790953,-0.244599001,-0.255221980
0.174410921,-0.225055561,-0.242447882
0.183025187,-0.205315868,-0.229264309
0.190616845,-0.185418598,-0.215694870
0.197172508,-0.165403136,-0.201764099
0.202672122,-0.145308676,-0.187494041
0.207095696,-0.125176004,-0.172907247
0.210437718,-0.105047105,-0.158030333
0.212686537,-0.084964417,-0.142887870
0.213827256,-0.064972033,-0.127503913
0.213864505,-0.045113091,-0.111906468
0.212789036,-0.025433014,-0.096120527
0.210606121,-0.005975751,-0.080173403
0.207308544,0.013211026,-0.064090676
0.202910555,0.032084027,-0.047900466
0.197419579,0.050598019,-0.031629762
0.190846980,0.068708406,-0.015305849
0.183207688,0.086371522,0.001043835
0.174519944,0.103544918,0.017391799
0.164805122,0.120187661,0.033710579
0.154084477,0.136258701,0.049972541
0.142386117,0.151721127,0.066150311
0.129740823,0.166540624,0.082216887
0.116181616,0.180685584,0.098145726
0.101733063,0.194118214,0.113908483
0.086441290,0.206819384,0.129481032
0.070330252,0.218751699,0.144834139
0.053445949,0.229899146,0.159944196
0.035825141,0.240238624,0.174785383
0.017507093,0.249750845,0.189332763
-0.001466379,0.258421288,0.203562902
-0.021061908,0.266224723,0.217447714
-0.041227446,0.273164205,0.230970346
-0.061932378,0.279211562,0.244100589
-0.083127341,0.284370061,0.256821646
-0.104771723,0.288630326,0.269111130
-0.126822993,0.291987888,0.280948815
-0.149238400,0.294440691,0.292315683
-0.171980308,0.295971960,0.303184397
-0.194997293,0.296608766,0.313551795
-0.218255279,0.296322101,0.323383087
-0.241706257,0.295134457,0.332672978
-0.265308431,0.293048051,0.341404641
-0.289019739,0.290066203,0.349561766
-0.312797667,0.286196849,0.357130943
-0.336600048,0.281453021,0.364102381
-0.360385359,0.275842428,0.370462801
-0.384109752,0.269358754,0.376188060
-0.407736453,0.262056735,0.381299661
-0.431215934,0.253895511,0.385746782
-0.454517363,0.244943418,0.389563030
-0.477594879,0.235190256,0.392720545
-0.500405029,0.224646190,0.395206724
-0.522915258,0.213350350,0.397034052
-0.545085947,0.201319084,0.398195967
-0.566878098,0.188571548,0.398688148
-0.588253806,0.175129671,0.398508709
-0.609176773,0.161018052,0.397658363
-0.629612871,0.146263772,0.396140541
-0.649530724,0.130896115,0.393961469
-0.668902312,0.114946183,0.391130168
-0.687658907,0.098408516,0.387611829
-0.705796977,0.081341585,0.383445626
-0.723305950,0.063787936,0.378656471
-0.740119022,0.045749441,0.373215584
-0.756212497,0.027264443,0.367139065
-0.771614986,0.008393414,0.360482022
-0.786185250,-0.010888745,0.353163391
-0.800044105,-0.030481504,0.345307769
-0.813012548,-0.050414696,0.336813832
-0.825234823,-0.070594860,0.327811791
-0.836514610,-0.091040764,0.318200310
-0.846990090,-0.111675533,0.308095292
-0.856547456,-0.132485589,0.297455138
-0.865190787,-0.153430853,0.286309771
-0.872980957,-0.174468119,0.274716817
-0.879746540,-0.195573504,0.262616061
-0.885603318,-0.216702453,0.250090750
-0.890562004,-0.237822699,0.237168342
-0.894482178,-0.258892820,0.223814877
-0.897441746,-0.279879621,0.210088649
-0.899474400,-0.300753378,0.196025669
-0.900551651,-0.321477774,0.181638666
-0.900555636,-0.341993645,0.166916303
-0.899620954,-0.362291584,0.151925639
-0.897746752,-0.382339712,0.136688709
-0.894933854,-0.402106332,0.121228177
-0.891049937,-0.421510207,0.105541754
-0.886229478,-0.440559961,0.089683783
-0.880486683,-0.459227885,0.073680142
-0.873829535,-0.477484136,0.057555420
-0.866239644,-0.495284654,0.041332361
-0.857657946,-0.512558390,0.025034436
-0.848199864,-0.529328491,0.008697214
-0.837880197,-0.545568294,-0.007653886
-0.826715282,-0.561252063,-0.023993409
-0.814694675,-0.576333787,-0.040293662
-0.801780890,-0.590741096,-0.056520547
-0.788084486,-0.604515408,-0.072653544
-0.773627788,-0.617635573,-0.088667734
-0.758434392,-0.630081679,-0.104538507
-0.742479622,-0.641783681,-0.120227654
-0.725787634,-0.652713784,-0.135704769
-0.708442745,-0.662912481,-0.150960479
-0.690473259,-0.672365554,-0.165972077
-0.671888084,-0.681032423,-0.180707017
-0.652667563,-0.688824551,-0.195111853
-0.632919814,-0.695832342,-0.209201656
-0.612676461,-0.702047872,-0.222956671
-0.591926575,-0.707384006,-0.236320540
-0.570715706,-0.711844470,-0.249275471
-0.549115784,-0.715494463,-0.261835065
-0.527135475,-0.718269991,-0.273950472
-0.504799251,-0.720129023,-0.285581209
-0.482184096,-0.721175479,-0.296765851
-0.459293653,-0.721299498,-0.307425595
-0.436182795,-0.720553793,-0.317572953
-0.412895909,-0.718966005,-0.327207517
-0.389455717,-0.716444213,-0.336254600
-0.365920868,-0.713122768,-0.344782391
-0.342317331,-0.708857555,-0.352678130
-0.318694068,-0.703800778,-0.360026885
-0.295089645,-0.697840575,-0.366732960
-0.271543604,-0.691067987,-0.372842699
-0.248094250,-0.683475496,-0.378333810
-0.224792033,-0.675027327,-0.383158787
-0.201664314,-0.665804689,-0.387362523
-0.178750506,-0.655808684,-0.390928332
-0.156109765,-0.645000216,-0.393802565
-0.133766169,-0.633446877,-0.396022056
-0.111758164,-0.621164997,-0.397581291
-0.090125480,-0.608170382,-0.398473828
-0.068907062,-0.594482291,-0.398696020
-0.048140559,-0.580123029,-0.398246941
-0.027861915,-0.565117521,-0.397128273
-0.008105041,-0.549492880,-0.395344145
0.011098410,-0.533277999,-0.392900938
0.029696512,-0.516483435,-0.389783205
0.047667251,-0.499149338,-0.386009500
0.064997293,-0.481318688,-0.381604183
0.081610616,-0.462989836,-0.376532589
0.097525296,-0.444226438,-0.370847434
0.112675482,-0.425038130,-0.364526422
0.127048498,-0.405467422,-0.357593775
0.140619796,-0.385548666,-0.350062694
0.153359532,-0.365314480,-0.341942754
0.165242343,-0.344800002,-0.333247192
0.176247258,-0.324041948,-0.323992182
0.186357479,-0.303077845,-0.314196192
0.195527054,-0.281940642,-0.303861365
0.203772871,-0.260674314,-0.293025288
0.211042765,-0.239313436,-0.281688011
0.217342909,-0.217899733,-0.269880288
0.222653180,-0.196472519,-0.257619149
0.226959484,-0.175072305,-0.244924766
0.230253026,-0.153739947,-0.231819508
0.232515828,-0.132518041,-0.218322274
0.233748611,-0.111447821,-0.204458968
0.233938531,-0.090573263,-0.190250559
0.233088280,-0.069936230,-0.175723037
0.231193264,-0.049580857,-0.160899856
0.228254316,-0.029550971,-0.145805994
0.224276813,-0.009889730,-0.130467316
0.219261962,0.009357056,-0.114908631
0.213221190,0.028146611,-0.099156762
0.206164535,0.046434704,-0.083238023
0.198109712,0.064180322,-0.067179650
0.189068792,0.081338430,-0.051007992
0.179062145,0.097867740,-0.034750438
0.168114828,0.113729759,-0.018434535
0.156251960,0.128885840,-0.002087662
0.143501618,0.143299312,0.014262713
0.129894566,0.156935713,0.030589101
0.115464065,0.169763069,0.046864080
0.100245717,0.181752248,0.063060386
0.084273857,0.192873044,0.079150404
0.067588140,0.203101908,0.095107061
0.050232540,0.212422906,0.110904608
0.032240326,0.220806051,0.126514357
0.013660518,0.228246009,0.141912324
-0.005467116,0.234725534,0.157071966
-0.025101709,0.240229816,0.171966773
-0.045199160,0.244751830,0.186572028
-0.065716655,0.248283958,0.200862628
-0.086608623,0.250828315,0.214816597
-0.107833838,0.252378345,0.228408928
-0.129347490,0.252940818,0.241619363
-0.151110502,0.252503434,0.254419828
-0.173077197,0.251082356,0.266793723
-0.195205650,0.248683827,0.278720677
-0.217455375,0.245302817,0.290174551
-0.239783088,0.240960525,0.301141764
-0.262148004,0.235669697,0.311605240
-0.284509396,0.229434534,0.321542970
-0.306826328,0.222267141,0.330936995
-0.329059234,0.214191286,0.339776483
-0.351168445,0.205220515,0.348044735
-0.373114944,0.195372884,0.355727834
-0.394861237,0.184671229,0.362815354
-0.416369079,0.173133440,0.369293599
-0.437594861,0.160765697,0.375139033
-0.458515926,0.147627789,0.380370643
-0.479077044,0.133699365,0.384942973
-0.499264725,0.119051207,0.388886705
-0.519025488,0.103674697,0.392163907
-0.538331440,0.087609322,0.394779046
-0.557155858,0.070892373,0.396736102
-0.575464454,0.053549570,0.398027981
-0.593224175,0.035609215,0.398649789
-0.610403638,0.017102066,0.398599029
-0.626973600,-0.001938888,0.397875776
-0.642907443,-0.021478722,0.396482813
-0.658181673,-0.041480982,0.394425719
-0.672776402,-0.061908181,0.391712889
-0.686667657,-0.082726363,0.388348255
-0.699783895,-0.103920941,0.384295598
-0.712163006,-0.125425918,0.379614902
-0.723800650,-0.147203264,0.374324551
-0.734570769,-0.169248054,0.368349291
-0.744575440,-0.191486391,0.361793245
-0.753727078,-0.213899454,0.354612695
-0.762039945,-0.236441078,0.346842098
-0.769490575,-0.259075682,0.338486717
-0.776073857,-0.281762541,0.329566038
-0.781754726,-0.304464287,0.320079170
-0.786592370,-0.327143008,0.310083812
-0.790450195,-0.349752638,0.299521175
-0.793471847,-0.372267456,0.288494401
-0.795544862,-0.394635773,0.276962778
-0.796689876,-0.416821889,0.264958977
-0.796975816,-0.438804929,0.252537274
-0.796297102,-0.460520274,0.239668452
-0.794688374,-0.481938236,0.226390518
-0.792213840,-0.503044251,0.212751325
-0.788849303,-0.523794576,0.198760357
-0.784497396,-0.544106799,0.184403449
-0.779289583,-0.564000963,0.169750739
-0.773231446,-0.583445385,0.154823406
-0.766309508,-0.602396125,0.139637696
-0.758444637,-0.620762596,0.124195329
-0.749760685,-0.638580995,0.108552711
-0.740269867,-0.655822540,0.092733520
-0.729985909,-0.672459318,0.076761886
-0.718859409,-0.688408355,0.060653684
-0.706929330,-0.703654894,0.044441308
-0.694261720,-0.718213581,0.028157457
-0.680876272,-0.732061046,0.011827419
-0.666793978,-0.745175150,-0.004523405
-0.651977626,-0.757464199,-0.020866697
-0.636481376,-0.768935560,-0.037173042
-0.620364663,-0.779610526,-0.053417555
-0.603653357,-0.789472722,-0.069575044
-0.586374310,-0.798507261,-0.085620543
-0.568497424,-0.806604059,-0.101511033
-0.550096496,-0.813813182,-0.117228861
-0.531220598,-0.820155353,-0.132755253
-0.511900019,-0.825622283,-0.148066818
-0.492145968,-0.830161328,-0.163127145
-0.471972424,-0.833712329,-0.177893906
-0.451456329,-0.836369911,-0.192372470
-0.430629983,-0.838132713,-0.206542098
-0.409505743,-0.838926859,-0.220353804
-0.388119449,-0.838739883,-0.233778457
-0.366529987,-0.837662101,-0.246830206
-0.344766186,-0.835673753,-0.259480184
-0.322847629,-0.832658465,-0.271651192
-0.300833461,-0.828773130,-0.283394491
-0.278753783,-0.823976986,-0.294668705
-0.256644167,-0.818202579,-0.305414161
-0.234543628,-0.811594672,-0.315687782
-0.212494673,-0.804023451,-0.325390762
-0.190527463,-0.795610011,-0.334572262
-0.168686758,-0.786308503,-0.343179081
-0.147004473,-0.776162703,-0.351216072
-0.125524010,-0.765168277,-0.358654122
-0.104271122,-0.753377706,-0.365506770
-0.083304017,-0.740749613,-0.371715102
-0.062627207,-0.727387934,-0.377334535
-0.042311022,-0.713231995,-0.382287939
-0.022372581,-0.698350538,-0.386603321
-0.002837228,-0.682779896,-0.390285503
0.016252706,-0.666529016,-0.393313568
0.034841643,-0.649598084,-0.395653591
0.052921874,-0.632050516,-0.397336425
0.070459137,-0.613911055,-0.398354995
0.087420708,-0.595207695,-0.398705006
0.103775808,-0.575971152,-0.398384896
0.119495917,-0.556234345,-0.397395730
0.134554990,-0.536031893,-0.395741051
0.148929595,-0.515399646,-0.393426699
0.162562247,-0.494356076,-0.390427950
0.175462850,-0.472956589,-0.386782004
0.187614871,-0.451238850,-0.382499935
0.198949220,-0.429222746,-0.377550714
0.209498381,-0.406964911,-0.371985989
0.219201905,-0.384491691,-0.365783593
0.228058491,-0.361847488,-0.358967600
0.236053526,-0.339071837,-0.351551168
0.243165932,-0.316203860,-0.343543205
0.249379681,-0.293284095,-0.334956416
0.254683463,-0.270353564,-0.325806558
0.259070288,-0.247453069,-0.316111786
0.262515862,-0.224625146,-0.305880455
0.265024386,-0.201910469,-0.295137159
0.266579058,-0.179352564,-0.283894963
0.267183952,-0.156991831,-0.272177750
0.266829233,-0.134871779,-0.260002267
0.265511338,-0.113035546,-0.247388525
0.263232024,-0.091525231,-0.234358826
0.259997512,-0.070381487,-0.220936989
0.255797312,-0.049652939,-0.207140231
0.250652137,-0.029375435,-0.192997637
0.244560902,-0.009595450,-0.178529818
0.237532557,0.009643950,-0.163761040
0.229581458,0.028302011,-0.148716974
0.220718761,0.046334834,-0.133422115
0.210966515,0.063705151,-0.117903585
0.200341863,0.080371295,-0.102186873
0.188865339,0.096292886,-0.086298119
0.176560794,0.111431017,-0.070264022
0.163458247,0.125752021,-0.054112008
0.149586045,0.139219900,-0.037868982
0.134975766,0.151801201,-0.021562193
0.119660962,0.163464005,-0.005219056
0.103678463,0.174180170,0.011132843
0.087067406,0.183924940,0.027465967
0.069867898,0.192675427,0.043752848
0.052121632,0.200412010,0.059966125
0.033871655,0.207118710,0.076078683
0.015161220,0.212781392,0.092063504
-0.003967994,0.217382530,0.107892668
-0.023467065,0.220926419,0.123541584
-0.043296120,0.223393460,0.138981297
-0.063407586,0.224790965,0.154187700
-0.083757819,0.225117357,0.169134941
-0.104303195,0.224374092,0.183797608
-0.125000114,0.222567675,0.198151511
-0.145805868,0.219705804,0.212172807
-0.166678622,0.215789037,0.225834858
-0.187576232,0.210840052,0.239118686
-0.208458237,0.204869616,0.252001340
-0.229284367,0.197887990,0.264459325
-0.250014792,0.189910340,0.276470890
-0.270610886,0.180957391,0.288016853
-0.291036288,0.171056074,0.299081661
-0.311251515,0.160215180,0.309640369
-0.331224123,0.148472277,0.319683726
-0.350911583,0.135828145,0.329181113
-0.370284885,0.122326521,0.338127706
-0.389309182,0.107990212,0.346506431
-0.407951315,0.092846174,0.354302887
-0.426180695,0.076925565,0.361506036
-0.443964604,0.060254973,0.368101498
-0.461263544,0.042853099,0.374066883
-0.478069043,0.024781068,0.379418459
-0.494326783,0.006038393,0.384115671
-0.510040189,-0.013305450,0.388186651
-0.525146919,-0.033253178,0.391584017
-0.539644971,-0.053745318,0.394328159
-0.553511194,-0.074745814,0.396415111
-0.566718818,-0.096221217,0.397837261
-0.579242855,-0.118135842,0.398589146
-0.591060482,-0.140451996,0.398667667
-0.602151435,-0.163130286,0.398072262
-0.612498409,-0.186130021,0.396805065
-0.622087433,-0.209409696,0.394870998
-0.630908219,-0.232927588,0.392277824
-0.638954462,-0.256642439,0.389036104
-0.646186765,-0.280519449,0.385129431
-0.652584839,-0.304515537,0.380558683
-0.658191386,-0.328584120,0.375372862
-0.662954722,-0.352688849,0.369547052
-0.666860628,-0.376785198,0.363087225
-0.669969986,-0.400837273,0.356051970
-0.672157418,-0.424791760,0.348367959
-0.673569912,-0.448628007,0.340152119
-0.674041702,-0.472275428,0.331307575
-0.673729689,-0.495728450,0.321953023
-0.672508922,-0.518913151,0.312023196
-0.670461026,-0.541814493,0.301584395
-0.667589105,-0.564395049,0.290652929
-0.663810519,-0.586578398,0.279195955
-0.659252830,-0.608381772,0.267301889
-0.653855644,-0.629735275,0.254952007
-0.647598961,-0.650583515,0.242152205
-0.640579296,-0.670943213,0.228968022
-0.632786529,-0.690769155,0.215408904
-0.624132602,-0.709950682,0.201450872
-0.614747361,-0.728540887,0.187170637
-0.604642755,-0.746509599,0.172588436
-0.593797528,-0.763793191,0.157712368
-0.582187433,-0.780316653,0.142552590
-0.569908802,-0.796127668,0.127162913
-0.556979413,-0.811200203,0.111566379
-0.543418335,-0.825509368,0.095786562
-0.529166414,-0.838922370,0.079829381
-0.514322647,-0.851510432,0.063741786
-0.498918554,-0.863264200,0.047550789
-0.482978049,-0.874164462,0.031281448
-0.466523215,-0.884188245,0.014958873
-0.449520104,-0.893200729,-0.001391462
-0.432065046,-0.901307874,-0.017737667
-0.414185763,-0.908496979,-0.034054296
-0.395910704,-0.914756988,-0.050315981
-0.377264631,-0.920066182,-0.066496089
-0.358241086,-0.924301446,-0.082553066
-0.338918172,-0.927582072,-0.098473635
-0.319326644,-0.929904158,-0.114233408
-0.299497581,-0.931265522,-0.129808411
-0.279449140,-0.931592525,-0.145157390
-0.259217875,-0.930879520,-0.160250993
-0.238851773,-0.929208382,-0.175084306
-0.218382473,-0.926584204,-0.189635689
-0.197838595,-0.922942140,-0.203859427
-0.177257201,-0.918269831,-0.217723285
-0.156675651,-0.912669938,-0.231238106
-0.136124604,-0.906154430,-0.244385590
-0.115651005,-0.898572188,-0.257073941
-0.095278013,-0.890097396,-0.269351511
-0.075034002,-0.880753969,-0.281206215
-0.054984536,-0.870391410,-0.292532680
-0.035130927,-0.859194051,-0.303399342
-0.015517804,-0.847127805,-0.313760228
0.003805761,-0.834164577,-0.323568338
0.022845516,-0.820435803,-0.332877457
0.041506447,-0.805810060,-0.341567594
0.059832666,-0.790482151,-0.349744890
0.077708469,-0.774311664,-0.357270654
0.095184932,-0.757473654,-0.364248768
0.112163281,-0.739884207,-0.370574427
0.128659243,-0.721642758,-0.376296824
0.144642715,-0.702771073,-0.381401917
0.160038872,-0.683250992,-0.385827504
0.174871426,-0.663171295,-0.389624710
0.189107904,-0.642555157,-0.392778315
0.202707301,-0.621423256,-0.395265863
0.215632806,-0.599804981,-0.397071315
0.227884415,-0.577754116,-0.398215082
0.239437517,-0.555305492,-0.398692228
0.250270021,-0.532496207,-0.398500551
0.260362542,-0.509365033,-0.397640498
0.269698505,-0.485951862,-0.396115021
0.278252114,-0.462294119,-0.393919342
0.285997105,-0.438431114,-0.391049062
0.292945403,-0.414410298,-0.387531050
0.299083182,-0.390271535,-0.383370290
0.304361927,-0.366053237,-0.378545615
0.308818311,-0.341801163,-0.373101478
0.312404585,-0.317556450,-0.367018274
0.315130142,-0.293362407,-0.360319340
0.316991705,-0.269260931,-0.353018081
0.317978326,-0.245295324,-0.345122719
0.318084403,-0.221509069,-0.336645401
0.317309112,-0.197944984,-0.327601451
0.315655840,-0.174644606,-0.318008694
0.313122863,-0.151651242,-0.307881699
0.309702982,-0.129011509,-0.297232038
0.305413932,-0.106762295,-0.286085836
0.300258382,-0.084946421,-0.274460067
0.294235861,-0.063609999,-0.262370271
0.287359011,-0.042792884,-0.249839005
0.279634939,-0.022538928,-0.236885778
0.271081794,-0.002885121,-0.223535314
0.261715984,0.016130373,-0.209810985
0.251543236,0.034459142,-0.195731277
0.240588451,0.052067506,-0.181322996
0.228871176,0.068916685,-0.166610104
0.216412715,0.084968219,-0.151616992
0.203238299,0.100186596,-0.136369179
0.189372492,0.114533932,-0.120891634
0.174843936,0.127975663,-0.105210413
0.159686225,0.140482956,-0.089352645
0.143931690,0.152024188,-0.073344665
0.127612984,0.162565708,-0.057212842
0.110770690,0.172086745,-0.040985019
0.093443469,0.180562546,-0.024688315
0.075672063,0.187971596,-0.008350083
0.057498863,0.194295586,0.008002213
0.038967545,0.199519457,0.024341083
0.020122754,0.203631507,0.040639091
0.001009127,0.206620229,0.056868648
-0.018327455,0.208480132,0.073002342
-0.037840684,0.209212288,0.089013397
-0.057485181,0.208818848,0.104875299
-0.077216668,0.207292286,0.120559647
-0.096989829,0.204651585,0.136042164
-0.116761364,0.200900917,0.151296126
-0.136488153,0.196046676,0.166294679
-0.156128659,0.190109133,0.181014148
-0.175641794,0.183100242,0.195428771
-0.194987376,0.175036128,0.209513585
-0.214129363,0.165948314,0.223249010
-0.233026146,0.155839263,0.236605108
-0.251645240,0.144747437,0.249565128
-0.269950543,0.132692758,0.262105561
-0.287907590,0.119699682,0.274204561
-0.305484440,0.105797633,0.285842752
-0.322652832,0.091021346,0.297004250
-0.339370821,0.075378752,0.307657341
-0.355624923,0.058929924,0.317801734
-0.371373267,0.041683807,0.327405480
-0.386594300,0.023683029,0.336458447
-0.401263634,0.004963681,0.344946981
-0.415355946,-0.014440141,0.352856214
-0.428849344,-0.034490934,0.360174520
-0.441718295,-0.055155281,0.366886576
-0.453931394,-0.076403255,0.372971660
-0.465493446,-0.098175767,0.378443129
-0.476356793,-0.120455888,0.383264874
-0.486539200,-0.143179828,0.387461492
-0.495974578,-0.166337075,0.390980803
-0.504688576,-0.189862849,0.393853957
-0.512661716,-0.213720104,0.396070944
-0.519876447,-0.237869800,0.397623635
-0.526317453,-0.262271125,0.398506014
-0.531970684,-0.286882069,0.398713291
-0.536830085,-0.311658461,0.398247543
-0.540885030,-0.336557124,0.397106983
-0.544133425,-0.361533738,0.395296964
-0.546575479,-0.386544827,0.392824602
-0.548215120,-0.411548210,0.389699845
-0.549060028,-0.436503792,0.385935382
-0.549046482,-0.461361242,0.381487395
-0.548230504,-0.486082635,0.376407636
-0.546643919,-0.510636286,0.370727150
-0.544179198,-0.534950481,0.364369933
-0.540961236,-0.559017627,0.357438992
-0.536916221,-0.582771175,0.349884990
-0.532102446,-0.606189313,0.341758997
-0.526485844,-0.629213830,0.333042740
-0.520129549,-0.651832435,0.323789708
-0.512965877,-0.673961012,0.313958482
-0.505118887,-0.695633649,0.303644665
-0.496465047,-0.716716372,0.292769483
-0.487130258,-0.737255613,0.281428039
-0.477118396,-0.757210793,0.269630183
-0.466357733,-0.776464927,0.257336653
-0.454971520,-0.795084602,0.244637099
-0.442969205,-0.813034457,0.231545082
-0.430267729,-0.830161786,0.218018017
-0.416993270,-0.846559815,0.204143562
-0.403163788,-0.862201208,0.189940927
-0.388764029,-0.877005328,0.175411013
-0.373802247,-0.890916320,0.160569837
-0.358354250,-0.903991041,0.145469945
-0.342442816,-0.916207295,0.130133648
-0.326080400,-0.927519477,0.114578711
-0.309255715,-0.937817909,0.098814129
-0.292049443,-0.947197112,0.082890193
-0.274488156,-0.955641184,0.066831286
-0.256599170,-0.963135820,0.050662138
-0.238393673,-0.969607535,0.034404124
-0.219900483,-0.975025485,0.018085958
-0.201172857,-0.979459692,0.001739573
-0.182240433,-0.982903017,-0.014609588
-0.163133216,-0.985350077,-0.030936076
-0.143874087,-0.986730924,-0.047209529
-0.124497795,-0.987031121,-0.063399112
-0.105045846,-0.986329010,-0.079483893
-0.085548973,-0.984626707,-0.095439076
-0.066037865,-0.981928101,-0.111240200
-0.046548284,-0.978132100,-0.126841196
-0.027114560,-0.973308161,-0.142225535
-0.007765824,-0.967510700,-0.157378443
0.011468199,-0.960750902,-0.172277473
0.030544267,-0.952966913,-0.186876980
0.049425554,-0.944165541,-0.201147995
0.068097320,-0.934447168,-0.215095173
0.086532194,-0.923829641,-0.228699122
0.104658974,-0.912200059,-0.241882877
0.122478574,-0.899685594,-0.254668364
0.139975272,-0.886337829,-0.267051343
0.157073757,-0.872070946,-0.278956031
0.173771151,-0.856971759,-0.290394560
0.190069025,-0.841118512,-0.301381273
0.205854091,-0.824389422,-0.311803427
0.221187780,-0.806960363,-0.321740516
0.235992768,-0.788782793,-0.331121391
0.250260711,-0.769910649,-0.339948288
0.263968942,-0.750379626,-0.348208731
0.277082011,-0.730207827,-0.355876890
0.289584212,-0.709439746,-0.362947463
0.301467196,-0.688119553,-0.369421095
0.312665533,-0.666249147,-0.375244872
0.323224125,-0.643914172,-0.380469788
0.333069133,-0.621112722,-0.385035478
0.342195435,-0.597895289,-0.388946341
0.350611422,-0.574313738,-0.392218010
0.358293805,-0.550401865,-0.394837315
0.365213211,-0.526194112,-0.396786267
0.371348161,-0.501731105,-0.398054361
0.376708398,-0.477061939,-0.398657920
0.381281751,-0.452227687,-0.398594106
0.385059085,-0.427270481,-0.397862742
0.388034271,-0.402232937,-0.396466185
0.390177082,-0.377157759,-0.394387247
0.391503380,-0.352090082,-0.391646595
0.392019506,-0.327072159,-0.388256664
0.391715711,-0.302147265,-0.384217002
0.390569168,-0.277362914,-0.379517259
0.388616941,-0.252755804,-0.374193837
0.385828132,-0.228376883,-0.368230387
0.382221433,-0.204266072,-0.361648892
0.377805490,-0.180464334,-0.354463315
0.372580240,-0.157016554,-0.346681162
0.366550960,-0.133966510,-0.338314004
0.359727491,-0.111356157,-0.329376710
0.352123514,-0.089225157,-0.319886759
0.343755887,-0.067610587,-0.309863636
0.334616732,-0.046568692,-0.299309764
0.324746327,-0.026119846,-0.288260469
0.314141911,-0.006318981,-0.276721614
0.302828640,0.012801247,-0.264717745
0.290826748,0.031204125,-0.252269745
0.278156967,0.048852824,-0.239398529
0.264835579,0.065703411,-0.226122022
0.250892561,0.081727700,-0.212466307
0.236351676,0.096888714,-0.198453196
0.221242097,0.111156127,-0.184107279
0.205590351,0.124493629,-0.169451151
0.189427040,0.136869242,-0.154509299
0.172785832,0.148254935,-0.139307373
0.155702697,0.158626233,-0.123871650
0.138214100,0.167958295,-0.108228069
0.120355578,0.176220091,-0.092401626
0.102169408,0.183397256,-0.076420144
0.083696733,0.189471216,-0.060310333
0.064979304,0.194421654,-0.044098836
0.046061369,0.198235508,-0.027813075
0.026988343,0.200905206,-0.011480618
0.007805767,0.202423378,0.004871116
-0.011440326,0.202786130,0.021214641
-0.030703752,0.201993047,0.037522482
-0.049938524,0.200047285,0.053767261
-0.069099222,0.196955744,0.069921802
-0.088140357,0.192721980,0.085958364
-0.107018222,0.187361895,0.101850283
-0.125690945,0.180894257,0.117571592
-0.144114937,0.173326801,0.133094196
-0.162251568,0.164686068,0.148393186
-0.180062295,0.154993594,0.163442869
-0.197509449,0.144271264,0.178217455
-0.214557621,0.132545093,0.192692127
-0.231174525,0.119845737,0.206843698
-0.247324771,0.106195436,0.220646008
-0.262981928,0.091632670,0.234079000
-0.278110755,0.076178363,0.247115471
-0.292688928,0.059874226,0.259737421
-0.306689443,0.042752308,0.271922919
-0.320088925,0.024848732,0.283652408
-0.332860727,0.006194921,0.294903512
-0.344981850,-0.013173078,0.305656317
-0.356439593,-0.033210062,0.315898622
-0.367211121,-0.053881995,0.325610244
-0.377271119,-0.075156067,0.334768848
-0.386612981,-0.096984294,0.343366514
-0.395220689,-0.119327624,0.351387929
-0.403082297,-0.142144559,0.358820900
-0.410180498,-0.165396899,0.365648916
-0.416495612,-0.189046163,0.371853421
-0.422044028,-0.213038068,0.377444678
-0.426789207,-0.237342113,0.382390584
-0.430754951,-0.261904316,0.386707488
-0.433893823,-0.286693711,0.390354199
-0.436240877,-0.311656293,0.393356347
-0.437786552,-0.336751421,0.395703471
-0.438517948,-0.361937282,0.397382269
-0.438425892,-0.387169673,0.398382381
-0.437528659,-0.412403699,0.398716131
-0.435828508,-0.437596404,0.398382717
-0.433330806,-0.462705260,0.397383950
-0.430019059,-0.487683274,0.395703278
-0.425911109,-0.512487711,0.393352857
-0.421026345,-0.537078872,0.390346319
-0.415382155,-0.561419034,0.386695776
-0.408980870,-0.585465940,0.382400614
-0.401788029,-0.609155488,0.377428453
-0.393889310,-0.632481617,0.371849908
-0.385259827,-0.655386764,0.365640953
-0.375905000,-0.677822242,0.358803211
-0.365892534,-0.699788070,0.351392809
-0.355157667,-0.721182262,0.343350104
-0.343813307,-0.742047606,0.334771223
-0.331789105,-0.762265620,0.325590958
-0.319179019,-0.781874498,0.315889477
-0.305967484,-0.800801059,0.305649667
-0.292171969,-0.819005829,0.294883776
-0.277870541,-0.836530833,0.283659031
-0.262993996,-0.853211859,0.271908622
-0.247643779,-0.869132499,0.259721577
-0.231851252,-0.884282855,0.247123402
-0.215569368,-0.898496896,0.234065629
-0.198888694,-0.911869296,0.220628894
-0.181840768,-0.924392534,0.206839006
-0.164426379,-0.935977940,0.192691650
-0.146669279,-0.946580997,0.178204096
-0.128629275,-0.956270223,0.163429955
-0.110333349,-0.965028250,0.148390715
-0.091796804,-0.972778876,0.133094859
-0.073047422,-0.979476176,0.117562956
-0.054135289,-0.985198653,0.101841099
-0.035089777,-0.989935813,0.085953169
-0.015940652,-0.993678868,0.069923468
0.003286959,-0.996303157,0.053765975
0.022552005,-0.997891930,0.037519534
0.041822040,-0.998471251,0.021212631
0.061066559,-0.998039805,0.004870612
0.080255068,-0.996598073,-0.011481090
0.099342860,-0.994025773,-0.027811933
0.118304514,-0.990429189,-0.044094808
0.137112010,-0.985835846,-0.060304833
0.155735752,-0.980253716,-0.076416906
0.174146556,-0.973692503,-0.092406172
0.192275840,-0.966022472,-0.108222733
0.210126973,-0.957397326,-0.123860828
0.227673193,-0.947834778,-0.139297183
0.244887804,-0.937351520,-0.154508638
0.261709148,-0.925883684,-0.169447404
0.278114385,-0.913473048,-0.184092146
0.294105114,-0.900204565,-0.198439476
0.309658333,-0.886101070,-0.212468989
0.324687900,-0.871081934,-0.226113469
0.339207159,-0.855243861,-0.239378672
0.353218853,-0.838652208,-0.252263275
0.366656991,-0.821273754,-0.264714232
0.379486371,-0.803125756,-0.276701329
0.391750081,-0.784317214,-0.288254411
0.403357866,-0.764801862,-0.299301005
0.414315541,-0.744641516,-0.309842576
0.424648319,-0.723909844,-0.319896076
0.434228790,-0.702548055,-0.329358877
0.443175382,-0.680701192,-0.338321502
0.451338236,-0.658308441,-0.346662821
0.458834288,-0.635494676,-0.354473224
0.465518728,-0.612220563,-0.361634653
0.471505770,-0.588593940,-0.368236169
0.476675621,-0.564601790,-0.374179108
0.481088522,-0.540317522,-0.379509605
0.484745564,-0.515780757,-0.384226519
0.487552485,-0.491009637,-0.388250783
0.489581861,-0.466069244,-0.391639238
0.490820814,-0.440997636,-0.394379286
0.491258479,-0.415835362,-0.396459890
0.490887504,-0.390625034,-0.397872833
0.489691496,-0.365411221,-0.398602328
0.487694062,-0.340237964,-0.398665770
0.484897094,-0.315148085,-0.398062636
0.481290809,-0.290187282,-0.396782598
0.476884957,-0.265399173,-0.394831627
0.471695061,-0.240824790,-0.392220609
0.465734717,-0.216504202,-0.388958879
0.458998987,-0.192484766,-0.385040065
0.451492292,-0.168812252,-0.380465618
0.443249590,-0.145517416,-0.375263006
0.434259168,-0.122654763,-0.369419855
0.424547277,-0.100259337,-0.362956159
0.414134078,-0.078367658,-0.355886752
0.403030489,-0.057023482,-0.348218403
0.391252454,-0.036268186,-0.339962082
0.378819990,-0.016140240,-0.331132185
0.365756340,0.003325094,-0.321745827
0.352087244,0.022095888,-0.311822225
0.337826994,0.040125435,-0.301370175
0.323008069,0.057389324,-0.290414495
0.307647794,0.073841098,-0.278966020
0.291780385,0.089458667,-0.267050613
0.275431727,0.104206620,-0.254686170
0.258631363,0.118054219,-0.241893483
0.241411455,0.130975130,-0.228695340
0.223799575,0.142929516,-0.215109325
0.205835522,0.153906850,-0.201164523
0.187548633,0.163865107,-0.186878541
0.168979024,0.172792205,-0.172279346
0.150163576,0.180663909,-0.157390620
0.131141365,0.187460762,-0.142237442
0.111952435,0.193162855,-0.126844806
0.092638316,0.197751729,-0.111238163
0.073242599,0.201223243,-0.095445321
0.053808551,0.203557201,-0.079491292
0.034381234,0.204750570,-0.063403673
0.015005882,0.204799994,-0.047209584
-0.004271712,0.203702541,-0.030936081
-0.023405504,0.201459231,-0.014610490
-0.042349568,0.198074752,0.001739730
-0.061057896,0.193555164,0.018087028
-0.079485816,0.187913048,0.034403841
-0.097589537,0.181163141,0.050662726
-0.115326591,0.173323195,0.066836392
-0.132656384,0.164414530,0.082897856
-0.149538397,0.154457236,0.098819862
-0.165933800,0.143474601,0.114575217
-0.181809401,0.131499118,0.130138395
-0.197130351,0.118557819,0.145482917
-0.211862016,0.104677401,0.160581795
-0.225977923,0.089895742,0.175411023
-0.239450646,0.074246816,0.189945892
-0.252250375,0.057760701,0.204160046
-0.264355804,0.040477031,0.218030715
-0.275747303,0.022435126,0.231535791
-0.286404563,0.003672305,0.244652521
-0.296302392,-0.015778915,0.257355061
-0.305431750,-0.035872339,0.269626125
-0.313776882,-0.056569108,0.281444650
-0.321315355,-0.077834885,0.292785204
-0.328050211,-0.099618662,0.303637458
-0.333960987,-0.121885799,0.313976836
-0.339052247,-0.144587534,0.323794255
-0.343295138,-0.167692425,0.333059050
-0.346698969,-0.191150555,0.341765161
-0.349259903,-0.214919437,0.349898149
-0.350976572,-0.238956155,0.357445276
-0.351840367,-0.263219756,0.364388605
-0.351846117,-0.287667159,0.370712226
-0.351019586,-0.312250889,0.376423134
-0.349338264,-0.336931593,0.381492809
-0.346829813,-0.361663715,0.385930196
-0.343469488,-0.386404922,0.389704148
-0.339298906,-0.411112363,0.392835241
-0.334318983,-0.435744411,0.395312573
-0.328509150,-0.460253714,0.397106840
-0.321905961,-0.484600921,0.398235640
-0.314522267,-0.508744664,0.398697481
-0.306370965,-0.532643691,0.398490948
-0.297467865,-0.556257839,0.397617221
-0.287831618,-0.579548619,0.396080178
-0.277457889,-0.602464918,0.393862229
-0.266374732,-0.624970066,0.390975141
-0.254618752,-0.647036287,0.387439862
-0.242218325,-0.668634690,0.383270601
-0.229155778,-0.689697924,0.378434889
-0.215473915,-0.710202823,0.372959850
-0.201232707,-0.730154113,0.366893773
-0.186373867,-0.749428372,0.360156938
-0.171011384,-0.768091988,0.352857004
-0.155106743,-0.786033845,0.344933173
-0.138739391,-0.803294141,0.336458833
-0.121886393,-0.819765909,0.327386575
-0.104638368,-0.835527489,0.317809069
-0.086946761,-0.850401693,0.307639525
-0.068916446,-0.864517484,0.296995732
-0.050535381,-0.877753335,0.285834884
-0.031842879,-0.890103648,0.274186357
-0.012893082,-0.901620287,0.262106943
0.006316145,-0.912160900,0.249555950
0.025733139,-0.921774140,0.236587361
0.045317057,-0.930491663,0.223241998
0.065047080,-0.938229749,0.209513319
0.084891228,-0.944940066,0.195413272
0.104805633,-0.950708121,0.180999829
0.124760114,-0.955522211,0.166293564
0.144721997,-0.959284289,0.151293377
0.164654183,-0.962004642,0.136031325
0.184525447,-0.963746706,0.120549397
0.204304677,-0.964505910,0.104870868
0.223957650,-0.964260156,0.089016675
0.243431515,-0.962900678,0.072998709
0.262712492,-0.960557088,0.056863338
0.281769985,-0.957232225,0.040635473
0.300573706,-0.952930686,0.024340264
0.319082269,-0.947623833,0.008002514
0.337239551,-0.941253805,-0.008349351
0.355047772,-0.933934140,-0.024685981
0.372478814,-0.925676663,-0.040981957
0.389505262,-0.916494849,-0.057211961
0.406079650,-0.906363376,-0.073345485
0.422145809,-0.895251165,-0.089346737
0.437723151,-0.883268327,-0.105200874
0.452787920,-0.870434888,-0.120883677
0.467317402,-0.856772278,-0.136371367
0.481223393,-0.842213264,-0.151612798
0.494520565,-0.826841622,-0.166596613
0.507214496,-0.810718247,-0.181310551
0.519287403,-0.793869898,-0.195733277
0.530641908,-0.776241752,-0.209803040
0.541304230,-0.757916013,-0.223518037
0.551294049,-0.738958454,-0.236875806
0.560566050,-0.719372755,-0.249839652
0.569038049,-0.699140132,-0.262349977
0.576800239,-0.678378087,-0.274445763
0.583804428,-0.657093302,-0.286087252
0.589970891,-0.635279805,-0.297213318
0.595405345,-0.613045284,-0.307877864
0.599992597,-0.590369243,-0.317995827
0.603786006,-0.567321511,-0.327590223
0.606772546,-0.543938236,-0.336641003
0.608910211,-0.520244655,-0.345108295
0.610249037,-0.496300875,-0.353015178
0.610732463,-0.472130670,-0.360310756
0.610394696,-0.447786332,-0.367007803
0.609241178,-0.423307329,-0.373099956
0.607217513,-0.398730720,-0.378534481
0.604403449,-0.374105273,-0.383360943
0.600759880,-0.349468891,-0.387538430
0.596271213,-0.324867513,-0.391042369
0.590988309,-0.300341301,-0.393901978
0.584910417,-0.275931557,-0.396105625
0.578040736,-0.251680856,-0.397644454
0.570386237,-0.227632297,-0.398512449
0.561957417,-0.203828839,-0.398706421
0.552768003,-0.180312728,-0.398225921
0.542834621,-0.157125016,-0.397073109
0.532176443,-0.134305171,-0.395252582
0.520814841,-0.111890767,-0.392771172
0.508773035,-0.089917259,-0.389637734
0.496052304,-0.068436626,-0.385839478
0.482681917,-0.047481846,-0.381390669
0.468693975,-0.027081576,-0.376308931
0.454096057,-0.007286984,-0.370586609
0.438920247,0.011872446,-0.364241047
0.423196730,0.030368071,-0.357288280
0.406946834,0.048159912,-0.349734313
0.390196297,0.065211561,-0.341589496
0.372974181,0.081490475,-0.332867727
0.355311954,0.096968063,-0.323585742
0.337242721,0.111619638,-0.313762476
0.318796928,0.125414889,-0.303413108
0.300003196,0.138316018,-0.292549152
0.280899166,0.150306592,-0.281194727
0.261519019,0.161361832,-0.269368716
0.241896962,0.171453599,-0.257088764
0.222069609,0.180559317,-0.244375527
0.202075011,0.188661444,-0.231251747
0.181951893,0.195746332,-0.217741317
0.161737910,0.201778172,-0.203860426
0.141474883,0.206760257,-0.189639008
0.121203331,0.210672841,-0.175098755
0.100965384,0.213501755,-0.160263428
0.080804049,0.215238117,-0.145158226
0.060762677,0.215877556,-0.129809179
0.040884719,0.215418898,-0.114242603
0.021217276,0.213847396,-0.098482415
0.001802560,0.211178249,-0.082557531
-0.017312935,0.207408678,-0.066493623
-0.036083160,0.202543138,-0.050317586
-0.054464759,0.196596010,-0.034057088
-0.072413397,0.189579450,-0.017739352
-0.089885731,0.181509214,-0.001391780
-0.106839689,0.172404372,0.014958147
-0.123234753,0.162287102,0.031282948
-0.139032283,0.151182577,0.047555224
-0.154193828,0.139116018,0.063747421
-0.168684069,0.126117024,0.079832124
-0.182473413,0.112221504,0.095782832
-0.195530461,0.097461531,0.111572596
-0.207825118,0.081870235,0.127174284
-0.219333668,0.065486442,0.142562055
-0.230034563,0.048349483,0.157710493
-0.239905101,0.030496462,0.172593511
-0.248926286,0.011966870,0.187185775
-0.257083737,-0.007197381,0.201463285
-0.264368826,-0.026952034,0.215404172
-0.270753942,-0.047265435,0.228978530
-0.276246361,-0.068085331,0.242170498
-0.280832859,-0.089373114,0.254955720
-0.284504090,-0.111088060,0.267311067
-0.287255434,-0.133187543,0.279215331
-0.289087972,-0.155627442,0.290650113
-0.290009585,-0.178362848,0.301600924
-0.289997913,-0.201357772,0.312036536
-0.289082468,-0.224562572,0.321954469
-0.287251761,-0.247938543,0.331329196
-0.284508739,-0.271443099,0.340143055
-0.280869936,-0.295032604,0.348386993
-0.276344530,-0.318665366,0.356047749
-0.270932628,-0.342299563,0.363105733
-0.264645040,-0.365892457,0.369548141
-0.257514468,-0.389404538,0.375378535
-0.249533700,-0.412792696,0.380571566
-0.240733111,-0.436018373,0.385129593
-0.231111374,-0.459037151,0.389030600
-0.220714211,-0.481817216,0.392290559
-0.209541386,-0.504313717,0.394887969
-0.197603141,-0.526482537,0.396808807
-0.184940458,-0.548293646,0.398066665
-0.171573447,-0.569708961,0.398657110
-0.157524926,-0.590691570,0.398578122
-0.142820298,-0.611206241,0.397830247
-0.127487352,-0.631219969,0.396416725
-0.111555957,-0.650702550,0.394343559
-0.095029893,-0.669596251,0.391585932
-0.077955690,-0.687883541,0.388167241
-0.060376111,-0.705550312,0.384109949
-0.042323935,-0.722575665,0.379426515
-0.023782552,-0.738856005,0.374056556
-0.004841166,-0.754452034,0.368089690
0.014493260,-0.769298420,0.361499769
0.034190219,-0.783357703,0.354289919
0.054197230,-0.796654897,0.346507844
0.074505980,-0.809093176,0.338113464
0.095056095,-0.820732213,0.329176287
0.115829829,-0.831486850,0.319668230
0.136783981,-0.841371654,0.309625760
0.157877809,-0.850402748,0.299084405
0.179089886,-0.858452162,0.287998422
0.200368909,-0.865647954,0.276463458
0.221685359,-0.871890906,0.264452917
0.243001126,-0.877156232,0.251981246
0.264281996,-0.881525884,0.239110629
0.285490429,-0.884935072,0.225836254
0.306581469,-0.887314578,0.212156319
0.327532554,-0.888772468,0.198137355
0.348311496,-0.889303340,0.183798938
0.368859906,-0.888801062,0.169131086
0.389151031,-0.887314438,0.154175247
0.409165136,-0.884897248,0.138970398
0.428870548,-0.881551165,0.123539117
0.448212411,-0.877221647,0.107893384
0.467144640,-0.871891661,0.092056862
0.485668281,-0.865651705,0.076071592
0.503753698,-0.858510541,0.059962114
0.521371924,-0.850478572,0.043753284
0.538445823,-0.841487127,0.027465751
0.554965197,-0.831590393,0.011132145
0.570929067,-0.820848193,-0.005218588
0.586312127,-0.809277519,-0.021560994
0.601090107,-0.796896830,-0.037869639
0.615176297,-0.783651055,-0.054110854
0.628576596,-0.769604348,-0.070258381
0.641300149,-0.754816548,-0.086290241
0.653327673,-0.739311752,-0.102181771
0.664641204,-0.723115225,-0.117908672
0.675115699,-0.706160604,-0.133416232
0.684831940,-0.688567838,-0.148703391
0.693783524,-0.670371954,-0.163749200
0.701958468,-0.651602460,-0.178531485
0.709247092,-0.632225946,-0.192990561
0.715698977,-0.612320155,-0.207123849
0.721343027,-0.591941425,-0.220924651
0.726158082,-0.571114321,-0.234366831
0.730016371,-0.549816400,-0.247373117
0.733051531,-0.528152584,-0.259985942
0.735263043,-0.506156153,-0.272189273
0.736485861,-0.483806592,-0.283879334
0.736883321,-0.461200209,-0.295123054
0.736414113,-0.438360199,-0.305881140
0.735001401,-0.415307810,-0.316090813
0.732783284,-0.392109548,-0.325815706
0.729601567,-0.368780113,-0.334940248
0.725613659,-0.345377161,-0.343545515
0.720702982,-0.321932411,-0.351536563
0.714989302,-0.298487437,-0.358976177
0.708361346,-0.275086643,-0.365767144
0.700952598,-0.251761311,-0.371986515
0.692668171,-0.228563375,-0.377544838
0.683584356,-0.205525347,-0.382479338
0.673726840,-0.182680572,-0.386792101
0.663053339,-0.160085434,-0.390427779
0.651613576,-0.137771697,-0.393405742
0.639437798,-0.115772492,-0.395731357
0.626539267,-0.094127792,-0.397395141
0.612935101,-0.072877257,-0.398390427
0.598645886,-0.052059633,-0.398713370
0.583695233,-0.031712254,-0.398362876
0.568109343,-0.011870639,-0.397340488
0.551916559,0.007431813,-0.395650218
0.535146949,0.026164046,-0.393298360
0.517831899,0.044297501,-0.390293276
0.499980947,0.061775495,-0.386615248
0.481641873,0.078587743,-0.382292394
0.462845116,0.094703848,-0.377331563
0.443615244,0.110082732,-0.371730582
0.423988774,0.124700525,-0.365503464
0.404003352,0.138539446,-0.358667786
0.383689511,0.151565740,-0.351228765
0.363081300,0.163750249,-0.343196104
0.342215126,0.175068443,-0.334583187
0.321128804,0.185500285,-0.325406350
0.299860804,0.195029990,-0.315684230
0.278449654,0.203645715,-0.305437200
0.256930613,0.211301050,-0.294667030
0.235345928,0.218008435,-0.283407574
0.213734026,0.223741890,-0.271671828
0.192135605,0.228479609,-0.259475937
0.170591595,0.232218208,-0.246844510
0.149144113,0.234940480,-0.233796001
0.127834098,0.236646846,-0.220355956
0.106703946,0.237328567,-0.206546022
0.085796787,0.236978572,-0.192388514
0.065156933,0.235590753,-0.177906289
0.044826391,0.233170431,-0.163125494
0.024848908,0.229718753,-0.148070670
0.005268936,0.225238222,-0.132766654
-0.013867950,0.219732117,-0.117238512
-0.032523182,0.213220690,-0.101514482
-0.050646121,0.205701726,-0.085618399
-0.068200229,0.197201951,-0.069578977
-0.085142456,0.187736645,-0.053422630
-0.101430383,0.177324132,-0.037176251
-0.117023867,0.165987467,-0.020867237
-0.131886779,0.153755377,-0.004523197
-0.145983017,0.140656639,0.011828415
-0.159278729,0.126722696,0.028160110
-0.171742572,0.111987438,0.044444435
-0.183346047,0.096487036,0.060654068
-0.194063930,0.080259805,0.076761951
-0.203866652,0.063340417,0.092740118
-0.212739611,0.045774012,0.108562557
-0.220663262,0.027600745,0.124202488
-0.227623495,0.008863388,0.139633907
-0.233601814,-0.010398445,0.154829441
-0.238594180,-0.030138423,0.169764953
-0.242592370,-0.050313766,0.184415234
-0.245593161,-0.070880586,0.198756370
-0.247582417,-0.091799372,0.212760444
-0.248575125,-0.113021723,0.226409279
-0.248558362,-0.134508761,0.239674715
-0.247546082,-0.156214969,0.252538501
-0.245539479,-0.178098912,0.264977476
-0.242544696,-0.200118530,0.276970318
-0.238573646,-0.222231765,0.288498403
-0.233636738,-0.244397578,0.299542580
-0.227734093,-0.266574862,0.310077881
-0.220895785,-0.288723192,0.320095507
-0.213135729,-0.310803226,0.329578492
-0.204452907,-0.332773377,0.338500331
-0.194879481,-0.354596067,0.346854583
-0.184436047,-0.376233554,0.354628423
-0.173131100,-0.397644790,0.361800395
-0.160991250,-0.418792874,0.368361235
-0.148053769,-0.439646619,0.374310920
-0.134326416,-0.460164108,0.379626873
-0.119841938,-0.480312695,0.384305662
-0.104620136,-0.500054331,0.388333513
-0.088708777,-0.519367814,0.391722230
-0.072107212,-0.538200810,0.394438048
-0.054858054,-0.556528969,0.396488017
-0.036998335,-0.574326431,0.397875266
-0.018557062,-0.591561268,0.398594796
0.000434391,-0.608203281,0.398643980
0.019942506,-0.624224464,0.398022736
0.039931945,-0.639599470,0.396733660
0.060365959,-0.654306096,0.394782116
0.081206902,-0.668325739,0.392176253
0.102442095,-0.681587327,0.388877516
0.124009559,-0.694113942,0.384933599
0.145868868,-0.705899686,0.380362274
0.167997068,-0.716887762,0.375139598
0.190353449,-0.727056581,0.369273532
0.212885064,-0.736460342,0.362826838
0.235577814,-0.744951527,0.355713130
0.258369235,-0.752663176,0.348050474
0.281235041,-0.759452293,0.339760835
0.304128212,-0.765438440,0.330945469
0.327011194,-0.770461328,0.321522461
0.349849807,-0.774675037,0.311608189
0.372593140,-0.777917859,0.301127012
0.395214129,-0.780294614,0.290160165
0.417676324,-0.781797680,0.278722355
0.439916581,-0.782312560,0.266774587
0.461929229,-0.781976425,0.254407240
0.483670545,-0.780755138,0.241622072
0.505065954,-0.778545466,0.228393428
0.526124793,-0.775481061,0.214801409
0.546814206,-0.771563211,0.200864510
0.567049333,-0.766693355,0.186565608
0.586820527,-0.760936635,0.171951400
0.606117826,-0.754344380,0.157059954
0.624910245,-0.746924591,0.141913058
0.643110778,-0.738606165,0.126512262
0.660709148,-0.729439582,0.110895279
0.677707658,-0.719484233,0.095098730
0.694078755,-0.708754579,0.079146681
0.709793800,-0.697264294,0.063063289
0.724729023,-0.684930201,0.046862237
0.738955153,-0.671879495,0.030586502
0.752449329,-0.658132464,0.014261346
0.765189958,-0.643710666,-0.002087839
0.777149305,-0.628631006,-0.018435322
0.788207072,-0.612842826,-0.034748548
0.798450176,-0.596457803,-0.051003160
0.807862918,-0.579502213,-0.067173940
0.816431114,-0.562003280,-0.083235883
0.824114854,-0.543973933,-0.099159229
0.830824487,-0.525404907,-0.114901562
0.836652650,-0.506386248,-0.130455409
0.841591861,-0.486948446,-0.145797308
0.845636271,-0.467122521,-0.160904337
0.848659878,-0.446896173,-0.175716438
0.850752097,-0.426342712,-0.190235086
0.851939381,-0.405504981,-0.204447250
0.852221392,-0.384415100,-0.218332293
0.851439707,-0.363072156,-0.231805466
0.849759961,-0.341551896,-0.244907778
0.847188511,-0.319886827,-0.257621972
0.843604259,-0.298097525,-0.269869752
0.839099540,-0.276232370,-0.281670085
0.833731711,-0.254328437,-0.293030297
0.827348430,-0.232421279,-0.303845776
0.820113087,-0.210547488,-0.314181269
0.811978728,-0.188746142,-0.323986694
0.802937542,-0.167057072,-0.333232580
0.793071287,-0.145507881,-0.341945456
0.782301846,-0.124153369,-0.350048525
0.770745211,-0.103008215,-0.357594968
0.758339448,-0.082130556,-0.364514618
0.745156120,-0.061541814,-0.370832483
0.731218102,-0.041273295,-0.376541098
0.716492227,-0.021389011,-0.381582123
0.701072539,-0.001888338,-0.386006671
0.684968897,0.017190371,-0.389795846
0.668155746,0.035775925,-0.392890933
0.650714049,0.053871127,-0.395337411
0.632666025,0.071440931,-0.397125187
0.614037663,0.088451453,-0.398246951
0.594858181,0.104870475,-0.398698204
0.575159482,0.120667839,-0.398477208
0.554975614,0.135815743,-0.397584883
0.534342260,0.150288941,-0.396024651
0.513296258,0.164064867,-0.393802256
0.491875169,0.177123690,-0.390925560
0.470099338,0.189404711,-0.387367386
0.448025213,0.200927769,-0.383170784
0.425684657,0.211657680,-0.378330855
0.403114591,0.221569249,-0.372851712
0.380355116,0.230643896,-0.366743323
0.357447819,0.238876918,-0.360025163
0.334430672,0.246242851,-0.352701634
0.311343880,0.252716620,-0.344778523
0.288229480,0.258298034,-0.336278196
0.265128867,0.262962978,-0.327207498
0.242083681,0.266709631,-0.317587330
0.219134467,0.269536488,-0.307438064
0.196325168,0.271420284,-0.296767966
0.173694882,0.272371615,-0.285603883
0.151291169,0.272363014,-0.273952834
0.129152645,0.271409024,-0.261843342
0.107322309,0.269505851,-0.249294312
0.085842152,0.266655218,-0.236327205
0.064759880,0.262847857,-0.222958980
0.044111648,0.258103290,-0.209218371
0.023945142,0.252417190,-0.195124310
0.004298873,0.245805389,-0.180703213
-0.014783017,0.238274788,-0.165977972
-0.033258245,0.229837726,-0.150973232
-0.051086512,0.220510959,-0.135714697
-0.068229506,0.210314826,-0.120228630
-0.084639937,0.199260715,-0.104538978
-0.100289111,0.187382692,-0.088674666
-0.115129623,0.174695691,-0.072660286
-0.129131710,0.161233969,-0.056524011
-0.142260738,0.147027258,-0.040292779
-0.154483861,0.132107688,-0.023993764
-0.165770908,0.116510117,-0.007654351
-0.176094462,0.100271715,0.008697980
-0.185429402,0.083431302,0.025035718
-0.193751925,0.066028629,0.041331241
-0.201045040,0.048106918,0.057557169
-0.207293503,0.029709545,0.073686301
-0.212486144,0.010880912,0.089691823
-0.216607524,-0.008336689,0.105546102
-0.219654756,-0.027897038,0.121223027
-0.221620849,-0.047756267,0.136695736
-0.222509042,-0.067868672,0.151939177
-0.222317114,-0.088190867,0.166927035
-0.221046955,-0.108679169,0.181633564
-0.218705326,-0.129289955,0.196034083
-0.215304738,-0.149980213,0.210105683
-0.210853212,-0.170708301,0.223824094
-0.205362883,-0.191432946,0.237166187
-0.198843180,-0.212113330,0.250107617
-0.191316850,-0.232710020,0.262629288
-0.182800233,-0.253184170,0.274709773
-0.173315132,-0.273498369,0.286330235
-0.162869089,-0.293612524,0.297464485
-0.151498499,-0.313493087,0.308101030
-0.139218472,-0.333102315,0.318217524
-0.126064634,-0.352409107,0.327803529
-0.112053267,-0.371376261,0.336837125
-0.097209073,-0.389969073,0.345301043
-0.081569562,-0.408159604,0.353187407
-0.065151093,-0.425908958,0.360472686
-0.047994025,-0.443191560,0.367151582
-0.030138149,-0.459984217,0.373220336
-0.011604486,-0.476250585,0.378658759
0.007571711,-0.491963421,0.383458394
0.027354259,-0.507097834,0.387612851
0.047695064,-0.521642660,0.391130190
0.068590217,-0.535536143,0.393965062
0.089976359,-0.548785082,0.396144327
0.111818768,-0.561364848,0.397661268
0.134081355,-0.573251715,0.398510325
0.156726115,-0.584424166,0.398688274
0.179713446,-0.594863271,0.398194403
0.203002560,-0.604553068,0.397030667
0.226551977,-0.613480921,0.395201780
0.250320129,-0.621637847,0.392715265
0.274268359,-0.629005115,0.389570292
0.298359937,-0.635531892,0.385741140
0.322543812,-0.641263495,0.381279655
0.346781707,-0.646205739,0.376203458
0.371033502,-0.650250626,0.370444883
0.395256211,-0.653498445,0.364094544
0.419408961,-0.655895730,0.357126245
0.443447428,-0.657436014,0.349550485
0.467337284,-0.658147663,0.341400613
0.491027404,-0.657987598,0.332661875
0.514486702,-0.656990822,0.323371530
0.537674387,-0.655157324,0.313543783
0.560534813,-0.652445495,0.303166603
0.583070865,-0.648962634,0.292320057
0.605176333,-0.644566007,0.280933376
0.626870427,-0.639382824,0.269095992
0.648129374,-0.633436556,0.256833963
0.668822937,-0.626586147,0.244086221
0.689006819,-0.618988819,0.230952148
0.708648927,-0.610652632,0.217449084
0.727644815,-0.601500767,0.203555530
0.745995551,-0.591594255,0.189317285
0.763704916,-0.580988042,0.174774598
0.780743896,-0.569696296,0.159948373
0.796990046,-0.557649784,0.144829192
0.812483191,-0.544935871,0.129469204
0.827219804,-0.531593940,0.113899465
0.841175501,-0.517643714,0.098143474
0.854283365,-0.503076322,0.082218026
0.866483481,-0.487894394,0.066146166
0.877833566,-0.472177325,0.049967741
0.888315029,-0.455949522,0.033707774
0.897910778,-0.439236363,0.017391493
0.906544033,-0.422035382,0.001044021
0.914190080,-0.404374830,-0.015304556
0.920905798,-0.386317322,-0.031626801
0.926680864,-0.367891578,-0.047897329
0.931506642,-0.349126929,-0.064090888
0.935301169,-0.330031632,-0.080172416
0.938065845,-0.310644157,-0.096113267
0.939863655,-0.291016286,-0.111896364
0.940693238,-0.271179131,-0.127497669
0.940554960,-0.251163997,-0.142893610
0.939302047,-0.230984495,-0.158022307
0.937080751,-0.210697491,-0.172892107
0.933902415,-0.190335262,-0.187482571
0.929774627,-0.169929114,-0.201772678
0.924546698,-0.149513191,-0.215683657
0.918385110,-0.129124328,-0.229246143
0.911307509,-0.108792887,-0.242443380
0.903235873,-0.088561018,-0.255216095
0.894200303,-0.068463729,-0.267548412
0.884298439,-0.048521050,-0.279459512
0.873448420,-0.028786328,-0.290880339
0.861699742,-0.009287479,-0.301807216
0.849148967,0.009966617,-0.312267393
0.835646649,0.028884612,-0.322139404
0.821392686,0.047499320,-0.331518310
0.806291114,0.065728419,-0.340308289
0.790446306,0.083579027,-0.348551446
0.773821967,0.100985175,-0.356185310
0.756510745,0.117957641,-0.363250639
0.738461670,0.134411291,-0.369665391
0.719791592,0.150381641,-0.375497502
0.700460986,0.165784512,-0.380669715
0.680536115,0.180618780,-0.385204589
0.660062523,0.194874041,-0.389110405
0.639054357,0.208504699,-0.392357911
0.617536366,0.221468474,-0.394924120
0.595567930,0.233771793,-0.396834892
0.573182100,0.245388456,-0.398082286
0.550414763,0.256294632,-0.398661153
0.527304010,0.266469111,-0.398569111
0.503889528,0.275893477,-0.397806453
0.480212042,0.284552186,-0.396376005
0.456312813,0.292432575,-0.394282954
0.432231656,0.299516039,-0.391527521
0.408007066,0.305765908,-0.388095914
0.383687130,0.311209629,-0.384025833
0.359311276,0.315814482,-0.379306770
0.334922168,0.319575203,-0.373949942
0.310563275,0.322478145,-0.367960541
0.286275891,0.324532795,-0.361360306
0.262103822,0.325720199,-0.354150489
0.238092022,0.326029921,-0.346339078
0.214281135,0.325472514,-0.337948198
0.190714927,0.324042598,-0.328989032
0.167439340,0.321732415,-0.319471618
0.144492193,0.318558134,-0.309420945
0.121916744,0.314520012,-0.298851798
0.099758782,0.309615474,-0.287777501
0.078059529,0.303853943,-0.276218521
0.056858574,0.297247349,-0.264196361
0.036198908,0.289802793,-0.251729717
0.016121094,0.281532566,-0.238839948
-0.003336949,0.272453147,-0.225550223
-0.022124158,0.262566618,-0.211876724
-0.040215459,0.251906882,-0.197850364
-0.057562184,0.240481900,-0.183489691
-0.074128897,0.228315684,-0.168820268
-0.089880567,0.215433066,-0.153867447
-0.104779331,0.201857572,-0.138655695
-0.118787470,0.187614588,-0.123209960
-0.131879786,0.172739406,-0.107558110
-0.144015015,0.157257444,-0.091724473
-0.155172268,0.141208077,-0.075737244
-0.165317974,0.124623866,-0.059622352
-0.174426085,0.107542773,-0.043407006
-0.182476885,0.090006127,-0.027118784
-0.189449643,0.072055026,-0.010784988
-0.195326887,0.053732187,0.005566943
-0.200094422,0.035081576,0.021909520
-0.203741414,0.016148076,0.038215281
-0.206260565,-0.003022824,0.054456877
-0.207644281,-0.022385882,0.070606757
-0.207890797,-0.041895114,0.086637583
-0.207007744,-0.061504451,0.102523164
-0.204993089,-0.081169391,0.118235928
-0.201860456,-0.100845406,0.133750517
-0.197610284,-0.120488759,0.149038974
-0.192263098,-0.140057059,0.164077196
-0.185831840,-0.159508793,0.178839570
-0.178334054,-0.178803765,0.193301521
-0.169788785,-0.197902972,0.207438906
-0.160208218,-0.216766259,0.221224906
-0.149628916,-0.235360379,0.234641360
-0.138067717,-0.253648067,0.247663222
-0.125546022,-0.271593318,0.260266661
-0.112098353,-0.289165785,0.272433856
-0.097747346,-0.306331172,0.284141637
-0.082521253,-0.323057577,0.295369232
-0.066464740,-0.339323316,0.306106143
-0.049587570,-0.355086952,0.316320677
-0.031943060,-0.370334017,0.326008902
-0.013558386,-0.385034612,0.335150519
0.005536293,-0.399160076,0.343726499
0.025304939,-0.412686210,0.351722126
0.045711483,-0.425588976,0.359122709
0.066714372,-0.437850513,0.365919261
0.088269969,-0.449457641,0.372106833
0.110346785,-0.460383053,0.377667255
0.132906824,-0.470605068,0.382587784
0.155903948,-0.480116481,0.386868585
0.179295449,-0.488906749,0.390506618
0.203054578,-0.496931370,0.393468909
0.227124562,-0.504208295,0.395777601
0.251466188,-0.510721264,0.397424499
0.276038566,-0.516456288,0.398403491
0.300799433,-0.521401945,0.398710760
0.325705548,-0.525549676,0.398344973
0.350713163,-0.528894047,0.397307435
0.375778574,-0.531432979,0.395602212
0.400858772,-0.533167925,0.393236185
0.425912152,-0.534103971,0.390219043
0.450893680,-0.534211087,0.386532166
0.475757193,-0.533489599,0.382181981
0.500468740,-0.531986818,0.377211804
0.524981158,-0.529672673,0.371603316
0.549243665,-0.526532022,0.365350934
0.573245474,-0.522653589,0.358528852
0.596889860,-0.517904965,0.351041578
0.620205884,-0.512453984,0.343022813
0.643079207,-0.506158843,0.334371778
0.665554306,-0.499181362,0.325215171
0.687497776,-0.491379682,0.315454791
0.708959859,-0.482899139,0.305203051
0.729853305,-0.473683508,0.294425743
0.750143429,-0.463751594,0.283143064
0.769852596,-0.453182888,0.271417226
0.788849563,-0.441894207,0.259197954
0.807166837,-0.429971293,0.246551216
0.824803078,-0.417457465,0.233512796
0.841647491,-0.404307195,0.220060568
0.857694573,-0.390564388,0.206231388
0.872970345,-0.376289903,0.192071701
0.887449029,-0.361503638,0.177601439
0.900977812,-0.346155634,0.162800671
0.913645631,-0.330339846,0.147734373
0.925442773,-0.314086654,0.132428886
0.936349041,-0.297420403,0.116907049
0.946254913,-0.280331081,0.101175816
0.955181912,-0.262866967,0.085271944
0.963164367,-0.245075843,0.069230001
0.970188688,-0.226985395,0.053074668
0.976242943,-0.208623942,0.036830919
0.981194195,-0.189994025,0.020519309
0.985136144,-0.171154236,0.004175072
0.988081605,-0.152139044,-0.012175191
0.990025969,-0.132978579,-0.028506027
0.990966407,-0.113703215,-0.044792034
0.990772140,-0.094336592,-0.060995579
0.989557280,-0.074922672,-0.077096315
0.987340664,-0.055493384,-0.093070571
0.984126978,-0.036079295,-0.108893831
0.979896485,-0.016712909,-0.124536600
0.974558034,0.002562794,-0.139950839
0.968247821,0.021724715,-0.155136457
0.960977819,0.040743447,-0.170070919
0.952761608,0.059590091,-0.184732336
0.943458939,0.078197563,-0.199046037
0.933242730,0.096567931,-0.213037758
0.922133158,0.114674676,-0.226688499
0.910088487,0.132468722,-0.239952113
0.897096082,0.149905029,-0.252789823
0.883278527,0.166993512,-0.265226844
0.868614789,0.183688044,-0.277222357
0.853064902,0.199925813,-0.288719204
0.836771296,0.215741336,-0.299765603
0.819670938,0.231054512,-0.310287002
0.801825331,0.245859080,-0.320286865
0.783295097,0.260152373,-0.329771493
0.764033271,0.273847941,-0.338663410
0.744171667,0.287006387,-0.347030802
0.723639881,0.299507705,-0.354765420
0.702566822,0.311424475,-0.361944885
0.680918868,0.322660504,-0.368485666
0.658772481,0.333240873,-0.374419109
0.636166452,0.343155588,-0.379742528
0.613098857,0.352319863,-0.384386264
0.589651879,0.360787367,-0.388405919
0.565856174,0.368533147,-0.391785457
0.541738604,0.375512094,-0.394491822
0.517344997,0.381715625,-0.396524565
0.492723639,0.387151183,-0.397896706
0.467914745,0.391804604,-0.398602456
0.442960134,0.395664802,-0.398638788
0.417902586,0.398723798,-0.398005366
0.392785271,0.400976663,-0.396704413
0.367651234,0.402421412,-0.394740552
0.342544719,0.403037908,-0.392103747
0.317510588,0.402826565,-0.388800855
0.292589119,0.401811629,-0.384857542
0.267828058,0.399966840,-0.380259272
0.243267840,0.397308493,-0.375025218
0.218955657,0.393827839,-0.369155037
0.194927899,0.389548328,-0.362673112
0.171233622,0.384458470,-0.355577057
0.147916786,0.378564955,-0.347878545
0.125015009,0.371886092,-0.339597764
0.102569836,0.364431346,-0.330748146
0.080629612,0.356201578,-0.321336938
0.059230478,0.347217444,-0.311385683
0.038404111,0.337503314,-0.300918179
0.018210879,0.327050153,-0.289934715
-0.001328543,0.315896558,-0.278468729
-0.020170322,0.304054498,-0.266534835
-0.038274206,0.291541721,-0.254151508
-0.055603687,0.278380471,-0.241339996
-0.072125958,0.264596444,-0.228123438
-0.087807071,0.250214876,-0.214524256
-0.102605448,0.235257189,-0.200562102
-0.116494972,0.219756063,-0.186263280
-0.129444008,0.203741076,-0.171651578
-0.141420770,0.187242952,-0.156750968
-0.152397589,0.170295561,-0.141586741
-0.162350497,0.152935114,-0.126184936
-0.171246589,0.135195678,-0.110569804
-0.179073448,0.117119400,-0.094769527
-0.185800862,0.098743706,-0.078809119
-0.191419489,0.080112611,-0.062716605
-0.195912136,0.061268499,-0.046518645
-0.199265280,0.042255336,-0.030242340
-0.201467167,0.023118128,-0.013915035
-0.202515261,0.003903108,0.002435610
-0.202406575,-0.015343631,0.018782119
-0.201141602,-0.034575894,0.035097006
-0.198724373,-0.053747728,0.051352850
-0.195162611,-0.072813792,0.067522407
-0.190467964,-0.091729788,0.083578764
-0.184643460,-0.110450199,0.099493618
-0.177717663,-0.128934885,0.115241902
-0.169699521,-0.147140632,0.130795676
-0.160617644,-0.165029980,0.146130317
-0.150490866,-0.182563833,0.161219343
-0.139341537,-0.199704704,0.176036679
-0.127195980,-0.216417327,0.190557086
-0.114084966,-0.232669480,0.204756777
-0.100044189,-0.248433072,0.218614260
-0.085091892,-0.263671072,0.232101189
-0.069272656,-0.278362447,0.245199980
-0.052614839,-0.292477566,0.257886528
-0.035150580,-0.305989362,0.270138108
-0.016915991,-0.318874235,0.281934113
0.002048768,-0.331113155,0.293256984
0.021703744,-0.342688718,0.304090175
0.042024083,-0.353567732,0.314405124
0.062957920,-0.363746122,0.324194764
0.084467607,-0.373206183,0.333441786
0.106516628,-0.381928428,0.342127350
0.129065623,-0.389896535,0.350234854
0.152072677,-0.397098069,0.357750567
0.175493798,-0.403525288,0.364664354
0.199283659,-0.409176003,0.370970468
0.223403825,-0.414034290,0.376652399
0.247813553,-0.418084766,0.381693836
0.272464012,-0.421339902,0.386100694
0.297314570,-0.423786991,0.389858835
0.322324186,-0.425407782,0.392949494
0.347444579,-0.426225788,0.395387713
0.372633764,-0.426235073,0.397164798
0.397848644,-0.425432286,0.398274098
0.423045365,-0.423816880,0.398711208
0.448179752,-0.421391297,0.398474175
0.473207817,-0.418161116,0.397563662
0.498086337,-0.414135141,0.395983076
0.522773508,-0.409325433,0.393738652
0.547229652,-0.403747233,0.390839456
0.571417972,-0.397418805,0.387297314
0.595272630,-0.390294600,0.383068835
0.618773219,-0.382439966,0.378206192
0.641896138,-0.373891235,0.372737335
0.664550025,-0.364577314,0.366595595
0.686749405,-0.354600872,0.359867063
0.708427876,-0.343934523,0.352523377
0.729556068,-0.332610027,0.344588268
0.750099965,-0.320646797,0.336074873
0.770025291,-0.308067918,0.326999356
0.789280970,-0.294878196,0.317361339
0.807891450,-0.281149192,0.307222129
0.825713890,-0.266817177,0.296516845
0.842843650,-0.252000335,0.285351430
0.859175028,-0.236670604,0.273693707
0.874675450,-0.220853353,0.261561948
0.889394589,-0.204617349,0.249017327
0.903232492,-0.187950915,0.236041759
0.916153243,-0.170879551,0.222653368
0.928215968,-0.153466603,0.208909656
0.939399307,-0.135736985,0.194829499
0.949532256,-0.117673081,0.180383951
0.958738714,-0.099351708,0.165647140
0.967008133,-0.080802249,0.150642570
0.974325406,-0.062052816,0.135392320
0.980543231,-0.043112752,0.119891824
0.985764460,-0.024035729,0.104194257
0.989997725,-0.004854561,0.088327592
0.993235018,0.014400757,0.072316077
0.995434940,0.033700325,0.056181089
0.996516895,0.053009678,0.039944525
0.996590004,0.072294185,0.023644279
0.995653738,0.091523309,0.007305677
0.993709362,0.110666581,-0.009045857
0.990719927,0.129687707,-0.025383256
0.986627699,0.148542305,-0.041674469
0.981543320,0.167213275,-0.057896041
0.975475523,0.185671242,-0.074022836
0.968434762,0.203887292,-0.090029959
0.960370860,0.221813283,-0.105881610
0.951281016,0.239410126,-0.121545554
0.941262199,0.256674190,-0.137010677
0.930331796,0.273579238,-0.152253741
0.918498808,0.290095186,-0.167249014
0.905661904,0.306134721,-0.181932456
0.891978419,0.321734029,-0.196320995
0.877471807,0.336870746,-0.210394120
0.862126674,0.351497257,-0.224113599
0.845912060,0.365548786,-0.237428264
0.828957643,0.379069891,-0.250364318
0.811287119,0.392039330,-0.262902184
0.792806905,0.404331498,-0.274945459
0.773681569,0.416037718,-0.286556261
0.753914314,0.427115575,-0.297699179
0.733471272,0.437474575,-0.308302014
0.712485923,0.447205856,-0.318429324
0.690906316,0.456186812,-0.327983817
0.668830585,0.464482263,-0.337011163
0.646263208,0.472029406,-0.345459015
0.623259372,0.478843701,-0.353335697
0.599844306,0.484884788,-0.360605780
0.576078581,0.490188124,-0.367293728
0.551970828,0.494666731,-0.373326910
0.527597094,0.498402634,-0.378767098
0.502974876,0.501322302,-0.383552103
0.478153484,0.503433196,-0.387684198
0.453180805,0.504760891,-0.391180760
0.428095350,0.505292063,-0.394027762
0.402937715,0.504993416,-0.396194520
0.377754564,0.503880772,-0.397690493
0.352589287,0.501966263,-0.398522359
0.327484778,0.499249438,-0.398686449
0.302484204,0.495733124,-0.398181795
0.277630438,0.491423235,-0.397010015
0.252965582,0.486328543,-0.395175157
0.228541807,0.480428534,-0.392656304
0.204393749,0.473761214,-0.389482245
0.180558770,0.466345661,-0.385665920
0.157092385,0.458163999,-0.381188335
0.134024300,0.449252853,-0.376077494
0.111406144,0.439608948,-0.370326737
0.089264841,0.429268001,-0.363963483
0.067653454,0.418227915,-0.356981862
0.046609738,0.406510408,-0.349396799
0.026166738,0.394141123,-0.341226758
0.006362612,0.381139571,-0.332484653
-0.012763383,0.367525179,-0.323183133
-0.031166923,0.353314739,-0.313332118
-0.048829737,0.338545782,-0.302960569
-0.065702089,0.323232397,-0.292075363
-0.081764405,0.307410121,-0.280703297
-0.096973982,0.291100200,-0.268857188
-0.111300567,0.274332697,-0.256557808
-0.124716753,0.257139367,-0.243827200
-0.137188880,0.239549922,-0.230684712
-0.148699269,0.221601093,-0.217156444
-0.159214874,0.203324455,-0.203262262
-0.168717895,0.184757410,-0.189027682
-0.177176215,0.165934396,-0.174473636
-0.184574462,0.146895156,-0.159626387
-0.190892018,0.127678932,-0.144510459
-0.196110444,0.108326488,-0.129151017
-0.200222155,0.088880433,-0.113575260
-0.203207835,0.069383315,-0.097808003
-0.205065560,0.049879247,-0.081876861
-0.205777095,0.030413392,-0.065807168
-0.205348138,0.011030982,-0.049627131
-0.203776530,-0.008222214,-0.033363701
-0.201064130,-0.027300224,-0.017044146
-0.197216508,-0.046157247,-0.000695894
-0.192242733,-0.064747982,0.015653567
-0.186155254,-0.083027955,0.031976764
-0.178966258,-0.100952535,0.048246052
-0.170696062,-0.118479951,0.064434072
-0.161367343,-0.135570126,0.080513769
-0.151005776,-0.152185225,0.096458541
-0.139628617,-0.168283663,0.112240209
-0.127275049,-0.183836104,0.127834188
-0.113963413,-0.198802467,0.143211785
-0.099734145,-0.213156886,0.158349062
-0.084618304,-0.226869018,0.173220084
-0.068650139,-0.239911653,0.187799731
-0.051867325,-0.252261617,0.202064295
-0.034302185,-0.263891962,0.215987887
-0.015996503,-0.274785410,0.229548817
0.003014943,-0.284918946,0.242722273
0.022688530,-0.294280164,0.255488579
0.042986655,-0.302851095,0.267824962
0.063868814,-0.310618034,0.279710674
0.085291803,-0.317572613,0.291127902
0.107218978,-0.323696971,0.302053103
0.129605143,-0.328987616,0.312471021
0.152410595,-0.333432619,0.322361268
0.175588833,-0.337035207,0.331712921
0.199099916,-0.339785663,0.340506857
0.222901947,-0.341677964,0.348726083
0.246951504,-0.342710405,0.356356368
0.271204284,-0.342886238,0.363386946
0.295615990,-0.342214311,0.369811301
0.320145092,-0.340691211,0.375614233
0.344748621,-0.338308979,0.380776559
0.369382256,-0.335099180,0.385309163
0.394003351,-0.331047184,0.389187757
0.418568341,-0.326162936,0.392406732
0.443036441,-0.320473509,0.394974543
0.467365583,-0.313983645,0.396882014
0.491513204,-0.306700853,0.398121957
0.515434841,-0.298630336,0.398684831
0.539092374,-0.289798116,0.398579111
0.562442556,-0.280213803,0.397799050
0.585443564,-0.269893084,0.396344044
0.608058643,-0.258861055,0.394222308
0.630252556,-0.247142475,0.391442274
0.651993476,-0.234764375,0.388015179
0.673241108,-0.221740965,0.383939800
0.693926859,-0.208060381,0.379186203
0.714065224,-0.193802893,0.373820858
0.733602719,-0.178969147,0.367828106
0.752479630,-0.163565141,0.361194565
0.770735326,-0.147672728,0.353995488
0.788225993,-0.131237756,0.346145585
0.805059584,-0.114380844,0.337770831
0.821058007,-0.097040548,0.328769994
0.836338073,-0.079326476,0.319263205
0.850760021,-0.061212398,0.309188093
0.864366859,-0.042759935,0.298605403
0.877151344,-0.024004677,0.287540583
0.888979250,-0.004941799,0.275949572
0.899968105,0.014353445,0.263926116
0.910046768,0.033864591,0.251461649
0.919124269,0.053571850,0.238544250
0.927303254,0.073419466,0.225248072
0.934567815,0.093378484,0.211590860
0.940745597,0.113427967,0.197537183
0.945972535,0.133520632,0.183164621
0.950246187,0.153625286,0.168496716
0.953548710,0.173710615,0.153552490
0.955733413,0.193733275,0.138321679
0.956943154,0.213666305,0.122868139
0.957174189,0.233478475,0.107215070
0.956424500,0.253138567,0.091386186
0.954609683,0.272596917,0.075394846
0.951756300,0.291821743,0.059273784
0.947929150,0.310794304,0.043057049
0.943133608,0.329484435,0.026769758
0.937376787,0.347862411,0.010437212
0.930575925,0.365862916,-0.005914531
0.922792643,0.383470583,-0.022255002
0.914082913,0.400673421,-0.038558054
0.904460912,0.417444375,-0.054798353
0.893942405,0.433757209,-0.070950722
0.882449231,0.449530090,-0.086974852
0.870067431,0.464770370,-0.102850655
0.856849787,0.479472714,-0.118558137
0.842818314,0.493614989,-0.134073454
0.827970876,0.507156079,-0.149365221
0.812263937,0.520015829,-0.164384064
0.795822325,0.532249601,-0.179135676
0.778673267,0.543840347,-0.193598624
0.760817614,0.554743797,-0.207738191
0.742229166,0.564879577,-0.221499660
0.723027781,0.574323371,-0.234906056
0.703244461,0.583063933,-0.247939355
0.682827067,0.590974646,-0.260516643
0.661881957,0.598134968,-0.272667941
0.640460111,0.604562270,-0.284391537
0.618517382,0.610111768,-0.295588026
0.596163502,0.614897503,-0.306313346
0.573418834,0.618881805,-0.316532150
0.550296383,0.621999782,-0.326190136
0.526881510,0.624359440,-0.335345841
0.503158574,0.625799618,-0.343878704
0.479222262,0.626491111,-0.351893299
0.455068396,0.626259824,-0.359255639
0.430772246,0.625258360,-0.366061955
0.406355199,0.623377799,-0.372221334
0.381868681,0.620678623,-0.377765551
0.357351302,0.617184388,-0.382701505
0.332846599,0.612804005,-0.386945637
0.308396485,0.607630580,-0.390557906
0.284040735,0.601661716,-0.393524764
0.259821115,0.594897859,-0.395834292
0.235785033,0.587327867,-0.397463938
0.211972921,0.578976534,-0.398421118
0.188423183,0.569866667,-0.398712314
0.165176672,0.560011573,-0.398335926
0.142273280,0.549427538,-0.397292961
0.119758576,0.538121843,-0.395575780
0.097674609,0.526111395,-0.393185260
0.076050676,0.513431269,-0.390140123
0.054919466,0.500107380,-0.386450980
0.034343309,0.486132367,-0.382093934
0.014333129,0.471558904,-0.377106727
-0.005054263,0.456390605,-0.371475570
-0.023805467,0.440672278,-0.365231325
-0.041865396,0.424412892,-0.358364799
-0.059206513,0.407645777,-0.350893718
-0.075801969,0.390403104,-0.342835043
-0.091619391,0.372713328,-0.334201152
-0.106630341,0.354607522,-0.325007502
-0.120790956,0.336110601,-0.315260093
-0.134088670,0.317262120,-0.304985338
-0.146495287,0.298094450,-0.294199284
-0.157983475,0.278640878,-0.282918712
-0.168521618,0.258934909,-0.271158997
-0.178096928,0.239015284,-0.258944873
-0.186686733,0.218918419,-0.246295957
-0.194272750,0.198682197,-0.233233899
-0.200823173,0.178344269,-0.219775502
-0.206343411,0.157946055,-0.205951390
-0.210798564,0.137527285,-0.191777775
-0.214189546,0.117129732,-0.177282937
-0.216502326,0.096795531,-0.162490041
-0.217728364,0.076567687,-0.147423867
-0.217863793,0.056489516,-0.132110160
-0.216898843,0.036606402,-0.116573387
-0.214838928,0.016961915,-0.100840920
-0.211682384,-0.002398097,-0.084938611
-0.207439205,-0.021430170,-0.068893860
-0.202111664,-0.040087694,-0.052732936
-0.195711101,-0.058326064,-0.036483206
-0.188254175,-0.076102505,-0.020172220
-0.179757452,-0.093374018,-0.003827339
-0.170240816,-0.110098924,0.012523969
-0.159727244,-0.126237141,0.028854217
-0.148242664,-0.141750500,0.045135973
-0.135815871,-0.156603105,0.061341953
-0.122474468,-0.170758460,0.077444562
-0.108252061,-0.184185045,0.093416656
-0.093188311,-0.196858069,0.109232393
-0.077310708,-0.208742334,0.124863340
-0.060665473,-0.219821982,0.140285337
-0.043286443,-0.230070046,0.155471238
-0.025212536,-0.239465754,0.170395089
-0.006487278,-0.247995858,0.185033083
0.012852864,-0.255638838,0.199358300
0.032762447,-0.262387433,0.213348529
0.053198165,-0.268234172,0.226981651
0.074122186,-0.273162747,0.240231605
0.095490901,-0.277168365,0.253076747
0.117260247,-0.280249699,0.265496999
0.139387951,-0.282403640,0.277471484
0.161830757,-0.283631960,0.288981709
0.184551232,-0.283916635,0.299998499
0.207499034,-0.283288347,0.310518527
0.230638091,-0.281722787,0.320508567
0.253921654,-0.279246905,0.329964074
0.277308903,-0.275861229,0.338865651
0.300758036,-0.271570286,0.347195938
0.324226816,-0.266383080,0.354940221
0.347673322,-0.260313551,0.362087129
0.371056938,-0.253380967,0.368629396
0.394336839,-0.245594372,0.374552806
0.417469048,-0.236954430,0.379835967
0.440420103,-0.227508935,0.384493984
0.463142001,-0.217243385,0.388493334
0.485599885,-0.206193755,0.391840543
0.507759293,-0.194389479,0.394537983
0.529580753,-0.181845641,0.396576003
0.551015665,-0.168564439,0.397931848
0.572036634,-0.154588857,0.398620416
0.592609004,-0.139944931,0.398641742
0.612698622,-0.124658829,0.397996211
0.632271893,-0.108757161,0.396684795
0.651275975,-0.092248331,0.394686802
0.669695620,-0.075181164,0.392027120
0.687506098,-0.057590105,0.388716379
0.704686982,-0.039510469,0.384767936
0.721171485,-0.020946408,0.380151414
0.736946784,-0.001943983,0.374891131
0.752032228,0.017440935,0.369033911
0.766308387,0.037222509,0.362511117
0.779844619,0.057321330,0.355410083
0.792557339,0.077729899,0.347694408
0.804464468,0.098397485,0.339406842
0.815508837,0.119300871,0.330534587
0.825728413,0.140389712,0.321130085
0.835012550,0.161646539,0.311150250
0.843478682,0.183014395,0.300691304
0.850955499,0.204473956,0.289681400
0.857549138,0.225978181,0.278204558
0.863262398,0.247493728,0.266284492
0.867930037,0.268980022,0.253866624
0.871705182,0.290405365,0.241047974
0.874578193,0.311737966,0.227845089
0.876393639,0.332920366,0.214219589
0.877273645,0.353933273,0.200244860
0.877233602,0.374747212,0.185948301
0.876244492,0.395322273,0.171342340
0.874205185,0.415591940,0.156421580
0.871245054,0.435557695,0.141249076
0.867366622,0.455187910,0.125847319
0.862574075,0.474451318,0.110239391
0.856754089,0.493260403,0.094427984
0.850020168,0.511626957,0.078461382
0.842398957,0.529529160,0.062367449
0.833901612,0.546938315,0.046170999
0.824531296,0.563820279,0.029896551
0.814202172,0.580077942,0.013566870
0.803044444,0.595755390,-0.002783184
0.791075749,0.610827761,-0.019128160
0.778315163,0.625271269,-0.035442619
0.764771549,0.639052785,-0.051699897
0.750384421,0.652070712,-0.067861653
0.735276078,0.664389862,-0.083910884
0.719471105,0.675991590,-0.099822880
0.702995218,0.686858605,-0.115573284
0.685836203,0.696926369,-0.131124769
0.668008701,0.706154738,-0.146443110
0.649600149,0.714600034,-0.161522873
0.630640354,0.722251075,-0.176341794
0.611138970,0.729063294,-0.190865158
0.591090551,0.734956376,-0.205041711
0.570592352,0.740026698,-0.218888089
0.549676790,0.744269623,-0.232385156
0.528332186,0.747576453,-0.245465699
0.506621781,0.749996504,-0.258131588
0.484602349,0.751581852,-0.270389747
0.462277995,0.752233675,-0.282171825
0.439698842,0.751983869,-0.293474502
0.416920683,0.750908264,-0.304321153
0.393949122,0.748848306,-0.314602634
0.370851626,0.745960522,-0.324390735
0.347655751,0.742167051,-0.333619660
0.324403140,0.737499665,-0.342290238
0.301134625,0.731967667,-0.350388640
0.277888667,0.725569416,-0.357894873
0.254707365,0.718314831,-0.364794926
0.231624356,0.710249381,-0.371102802
0.208693249,0.701309354,-0.376749480
0.185936314,0.691598320,-0.381793543
0.163401536,0.681085174,-0.386190634
0.141136703,0.669769757,-0.389917274
0.119165503,0.657712965,-0.393002763
0.097527691,0.644925098,-0.395434602
0.076263261,0.631420716,-0.397203050
0.055413246,0.617216048,-0.398298995
0.035017796,0.602331549,-0.398716611
0.015104162,0.586804911,-0.398467951
-0.004288171,0.570656242,-0.397547308
-0.023120072,0.553908466,-0.395951048
-0.041365255,0.536597735,-0.393690693
-0.058995866,0.518756529,-0.390774536
-0.075986679,0.500418207,-0.387212743
-0.092270074,0.481588182,-0.382976054
-0.107860479,0.462328015,-0.378112880
-0.122695555,0.442650501,-0.372601468
-0.136778493,0.422605039,-0.366476545
-0.150054830,0.402212812,-0.359725765
-0.162509798,0.381514526,-0.352369181
-0.174124314,0.360547615,-0.344422487
-0.184873851,0.339347814,-0.335897500
-0.194738405,0.317952493,-0.326809238
-0.203692222,0.296398520,-0.317169448
-0.211712628,0.274724426,-0.306992325
-0.218803052,0.252971186,-0.296306314
-0.224919746,0.231176700,-0.285114434
-0.230067887,0.209382245,-0.273445707
-0.234231323,0.187628185,-0.261317770
-0.237397063,0.165955819,-0.248750062
-0.239557644,0.144406622,-0.235764457
-0.240706965,0.123022330,-0.222383216
-0.240828258,0.101847876,-0.208624801
-0.239932485,0.080923101,-0.194517630
-0.238013396,0.060292013,-0.180083593
-0.235068091,0.039999264,-0.165345917
-0.231099297,0.020088897,-0.150329493
-0.226114414,0.000604003,-0.135060202
-0.220124725,-0.018413460,-0.119564437
-0.213137474,-0.036918661,-0.103867476
-0.205166444,-0.054868951,-0.087995806
-0.196225512,-0.072220550,-0.071975846
-0.186337789,-0.088934777,-0.055835120
-0.175523479,-0.104970526,-0.039600488
-0.163806514,-0.120288525,-0.023299177
-0.151212787,-0.134850304,-0.006958584
-0.137773167,-0.148621305,0.009393686
-0.123520538,-0.161568976,0.025730110
-0.108489409,-0.173662625,0.042023213
-0.092716509,-0.184874406,0.058245623
-0.076240635,-0.195179731,0.074370192
-0.059101512,-0.204556263,0.090369947
-0.041335796,-0.212977404,0.106216832
-0.022992912,-0.220438360,0.121886375
-0.004106997,-0.226910077,0.137349290
0.015272702,-0.232392179,0.152581897
0.035104463,-0.236872831,0.167558016
0.055345350,-0.240344200,0.182252085
0.075951400,-0.242803287,0.196639679
0.096877978,-0.244252926,0.210698238
0.118085961,-0.244678473,0.224398848
0.139527445,-0.244101505,0.237725322
0.161162525,-0.242515317,0.250651186
0.182948686,-0.239925815,0.263154376
0.204843238,-0.236347556,0.275216702
0.226805449,-0.231778995,0.286812526
0.248793394,-0.226240795,0.297926527
0.270767214,-0.219754409,0.308544786
0.292685654,-0.212311218,0.318636817
0.314510039,-0.203945148,0.328195393
0.336201563,-0.194672283,0.337203874
0.357721114,-0.184507282,0.345644548
0.379030231,-0.173469183,0.353502240
0.400091907,-0.161581653,0.360764994
0.420871615,-0.148873138,0.367424823
0.441332668,-0.135364037,0.373468171
0.461432014,-0.121064572,0.378872082
0.481151910,-0.106034079,0.383655155
0.500436994,-0.090261597,0.387775524
0.519270566,-0.073803370,0.391250857
0.537623433,-0.056690698,0.394077930
0.555451335,-0.038937129,0.396234603
0.572723144,-0.020575328,0.397717073
0.589419015,-0.001648247,0.398534182
0.605509944,0.017812162,0.398683172
0.620969162,0.037771900,0.398163807
0.635772596,0.058195258,0.396978499
0.649898674,0.079045597,0.395131787
0.663287829,0.100305330,0.392593622
0.675951291,0.121917300,0.389400521
0.687877491,0.143841622,0.385565277
0.699057178,0.166040002,0.381101399
0.709386570,0.188499213,0.375947734
0.718945443,0.211151062,0.370191369
0.727687539,0.233967692,0.363816305
0.735561309,0.256913253,0.356807190
0.742637127,0.279940332,0.349234362
0.748784014,0.303016732,0.341028677
0.754125222,0.326099413,0.332292838
0.758524981,0.349146329,0.322959652
0.762078144,0.372123884,0.313108424
0.764731980,0.394988644,0.302727008
0.766459880,0.417697464,0.291820202
0.767354707,0.440231038,0.280458694
0.767270877,0.462516378,0.268584848
0.766310818,0.484541188,0.256272016
0.764505672,0.506280928,0.243553231
0.761733136,0.527651887,0.230391646
0.758079120,0.548647255,0.216847003
0.753584343,0.569249012,0.202955258
0.748220512,0.589406821,0.188723891
0.741917225,0.609040126,0.174148426
0.734793875,0.628175870,0.159293117
0.726859299,0.646783290,0.144179658
0.718109416,0.664821439,0.128826546
0.708465238,0.682186987,0.113235478
0.698051054,0.698930241,0.097461858
0.686882046,0.715024027,0.081529689
0.674974822,0.730442192,0.065463385
0.662300881,0.745111414,0.049282210
0.648875299,0.758995259,0.033014898
0.634775510,0.772127076,0.016694936
0.620023623,0.784485829,0.000347699
0.604642924,0.796051840,-0.016001365
0.588616969,0.806748192,-0.032323227
0.571974740,0.816553128,-0.048587633
0.554786497,0.825510825,-0.064771400
0.537079816,0.833607813,-0.080849488
0.518883101,0.840832192,-0.096797126
0.500182172,0.847083706,-0.112571730
0.481034336,0.852395214,-0.128152757
0.461493321,0.856804806,-0.143524720
0.441590283,0.860307465,-0.158664618
0.421341008,0.862851145,-0.173535192
0.400765395,0.864378372,-0.188093690
0.379931828,0.864991269,-0.202348164
0.358872733,0.864691858,-0.216278443
0.337604177,0.863390511,-0.229827671
0.316169588,0.861112209,-0.242980362
0.294616118,0.857936612,-0.255746871
0.272972371,0.853814150,-0.268082876
0.251273378,0.848695712,-0.279940104
0.229560768,0.842711549,-0.291358696
0.207870956,0.835777719,-0.302271487
0.186241485,0.827922807,-0.312668755
0.164701308,0.819233604,-0.322576482
0.143308101,0.809573981,-0.331886686
0.122068484,0.799135239,-0.340693962
0.101055290,0.787769952,-0.348874636
0.080262087,0.775654046,-0.356523880
0.059774704,0.762652627,-0.363516067
0.039578447,0.748925548,-0.369943461
0.019747462,0.734398318,-0.375719312
0.000297275,0.719141284,-0.380869949
-0.018751570,0.703196321,-0.385403718
-0.037329261,0.686532431,-0.389259246
-0.055424244,0.669213446,-0.392462119
-0.073012049,0.651275393,-0.395015150
-0.090057909,0.632741747,-0.396907979
-0.106528362,0.613639742,-0.398133059
-0.122391741,0.593999818,-0.398685686
-0.137618553,0.573855054,-0.398563944
-0.152181754,0.553240615,-0.397768606
-0.166056938,0.532193233,-0.396302971
-0.179222444,0.510750718,-0.394172687
-0.191659396,0.488951517,-0.391385541
-0.203347843,0.466832919,-0.387948022
-0.214228639,0.444419564,-0.383834683
-0.224334146,0.421768109,-0.379095920
-0.233600837,0.398905010,-0.373704370
-0.242050141,0.375878724,-0.367699055
-0.249631359,0.352723026,-0.361064659
-0.256343488,0.329481493,-0.353823071
-0.262176580,0.306195060,-0.345988957
-0.267115541,0.282904615,-0.337573555
-0.271150149,0.259651561,-0.328591422
-0.274274627,0.236477051,-0.319059754
-0.276457948,0.213426433,-0.308981369
-0.277724802,0.190537376,-0.298391106
-0.278047036,0.167856664,-0.287293968
-0.277437412,0.145423042,-0.275717158
-0.275887091,0.123280727,-0.263676344
-0.273393764,0.101473355,-0.251190772
-0.269960631,0.080043306,-0.238282228
-0.265595488,0.059031287,-0.224974211
-0.260300372,0.038481318,-0.211287593
-0.254083275,0.018435474,-0.197245586
-0.246950707,-0.001062078,-0.182870786
-0.238919158,-0.019972421,-0.168189087
-0.230001196,-0.038253407,-0.153224649
-0.220213943,-0.055864976,-0.138002839
-0.209572291,-0.072763839,-0.122548224
-0.198099778,-0.088912604,-0.106887499
-0.185821225,-0.104274279,-0.091047249
-0.172762863,-0.118812391,-0.075054021
-0.158949023,-0.132486563,-0.058934016
-0.144415450,-0.145268518,-0.042715134
-0.129194798,-0.157126015,-0.026424464
-0.113322457,-0.168029570,-0.010089345
-0.096836108,-0.177952506,0.006262765
-0.079775373,-0.186871059,0.022604375
-0.062181515,-0.194764542,0.038908041
-0.044095833,-0.201612404,0.055146164
-0.025562215,-0.207400066,0.071291339
-0.006626074,-0.212118692,0.087316728
0.012667472,-0.215761803,0.103195900
0.032277064,-0.218311305,0.118900206
0.052153864,-0.219778658,0.134405683
0.072255371,-0.220155273,0.149684795
0.092537165,-0.219443001,0.164711611
0.112954841,-0.217650793,0.179461858
0.133465406,-0.214786892,0.193911209
0.154026821,-0.210848786,0.208031656
0.174596779,-0.205863636,0.221804379
0.195134399,-0.199833754,0.235202524
0.215599994,-0.192783162,0.248206835
0.235954017,-0.184723522,0.260793490
0.256157506,-0.175671185,0.272940213
0.276172826,-0.165647796,0.284627048
0.295964680,-0.154680878,0.295837348
0.315496009,-0.142787858,0.306549527
0.334732020,-0.129994499,0.316746173
0.353636601,-0.116321579,0.326407028
0.372180202,-0.101805465,0.335521667
0.390328807,-0.086469909,0.344072043
0.408050058,-0.070342687,0.352042540
0.425314072,-0.053455651,0.359420639
0.442094436,-0.035844633,0.366197656
0.458361412,-0.017539451,0.372360385
0.474075409,0.001439789,0.377884929
0.489237333,0.021028059,0.382792680
0.503784184,0.041228662,0.387034292
0.517724097,0.061973560,0.390637611
0.531032460,0.083229567,0.393594291
0.543655990,0.104981600,0.395868250
0.555597728,0.127172893,0.397479832
0.566837756,0.149765159,0.398425916
0.577355857,0.172720124,0.398703154
0.587134428,0.195998020,0.398310686
0.596158841,0.219558005,0.397250289
0.604417778,0.243358667,0.395526472
0.611897384,0.267359851,0.393141411
0.618546576,0.291526266,0.390067216
0.624399539,0.315806386,0.386346541
0.629458846,0.340159858,0.381994264
0.633682172,0.364548300,0.376990240
0.637053018,0.388926531,0.371336309
0.639638279,0.413257976,0.365095465
0.641320014,0.437490345,0.358194135
0.642209623,0.461595681,0.350726674
0.642218222,0.485518564,0.342642809
0.641423661,0.509234898,0.334009974
0.639741176,0.532680503,0.324783903
0.637293121,0.555855400,0.315058383
0.633917662,0.578655692,0.304742923
0.629782639,0.601110083,0.293956935
0.624809634,0.623141484,0.282665240
0.619003076,0.644708397,0.270884680
0.612448327,0.665819219,0.258678020
0.605067077,0.686381177,0.246015276
0.596895963,0.706372912,0.232931498
0.588003528,0.725802510,0.219476670
0.578372897,0.744614144,0.205655982
0.567950668,0.762710876,0.191459954
0.556848948,0.780146983,0.176957018
0.545082692,0.796893845,0.162167977
0.532637811,0.812887732,0.147102753
0.519496268,0.828051146,0.131772726
0.505749942,0.842440680,0.116230059
0.491419203,0.856032474,0.100498180
0.476525590,0.868803946,0.084601002
0.461030609,0.880631691,0.068549153
0.445010557,0.891569948,0.052383604
0.428505878,0.901625246,0.036133318
0.411542386,0.910781149,0.019823497
0.394146757,0.919022793,0.003479496
0.376298419,0.926216936,-0.012871062
0.358074651,0.932455132,-0.029198613
0.339510530,0.937741946,-0.045477676
0.320635593,0.942069502,-0.061682976
0.301479863,0.945431643,-0.077789426
0.282042054,0.947683453,-0.093750776
0.262391341,0.948957022,-0.109556910
0.242559839,0.949255694,-0.125184238
0.222578820,0.948580661,-0.140609115
0.202473447,0.946864393,-0.155790198
0.182279922,0.944096328,-0.170696237
0.162039295,0.940368046,-0.185325542
0.141782651,0.935687984,-0.199656992
0.121545065,0.929982043,-0.213639510
0.101363792,0.923265439,-0.227249459
0.081266913,0.915633219,-0.240496262
0.061287207,0.907080055,-0.253353034
0.041480671,0.897492784,-0.265739943
0.021854356,0.887042313,-0.277707294
0.002445107,0.875714565,-0.289222253
-0.016684010,0.863425931,-0.300209234
-0.035544533,0.850340893,-0.310730718
-0.054065805,0.836372868,-0.320704357
-0.072237306,0.821598903,-0.330147240
-0.090027236,0.806042473,-0.339042700
-0.107387919,0.789695643,-0.347351677
-0.124313656,0.772631168,-0.355093588
-0.140752776,0.754839442,-0.362225799
-0.156686662,0.736368953,-0.368749951
-0.172106331,0.717269450,-0.374675466
-0.186930151,0.697513828,-0.379931144
-0.201192406,0.677200322,-0.384575356
-0.214854889,0.656344956,-0.388584208
-0.227846509,0.634946854,-0.391903196
-0.240192130,0.613082064,-0.394576270
-0.251864120,0.590781285,-0.396592470
-0.262836981,0.568078666,-0.397943610
-0.273087699,0.545011138,-0.398624329
-0.282595990,0.521617763,-0.398632061
-0.291344441,0.497939125,-0.397966942
-0.299318575,0.474016757,-0.396631672
-0.306506846,0.449892636,-0.394631335
-0.312900569,0.425608728,-0.391973198
-0.318480564,0.401205344,-0.388655992
-0.323215934,0.376723677,-0.384669816
-0.327141079,0.352208973,-0.380055821
-0.330198610,0.327703342,-0.374784217
-0.332428085,0.303248176,-0.368898772
-0.333785934,0.278889283,-0.362381387
-0.334284482,0.254668835,-0.355255272
-0.333923872,0.230629037,-0.347534324
-0.332699472,0.206813467,-0.339229175
-0.330611587,0.183265029,-0.330353905
-0.327664855,0.160025293,-0.320925340
-0.323851125,0.137141633,-0.310952311
-0.319183500,0.114653237,-0.300456996
-0.313668304,0.092602214,-0.289457151
-0.307316791,0.071027981,-0.277973189
-0.300126834,0.049979157,-0.266017963
-0.292117369,0.029492176,-0.253616138
-0.283298829,0.009609323,-0.240787371
-0.273683468,-0.009627150,-0.227552222
-0.263295885,-0.028184925,-0.213937097
-0.252144102,-0.046015866,-0.199960037
-0.240255977,-0.063089408,-0.185648233
-0.227649540,-0.079364294,-0.171023925
-0.214347828,-0.094802701,-0.156111363
-0.200377795,-0.109370087,-0.140936044
-0.185769452,-0.123034958,-0.125524153
-0.170552690,-0.135764410,-0.109901379
-0.154757280,-0.147522991,-0.094093123
-0.138420589,-0.158286259,-0.078126878
-0.121579490,-0.168028406,-0.062029468
-0.104270494,-0.176720665,-0.045827466
-0.086534245,-0.184341265,-0.029548293
-0.068413589,-0.190873433,-0.013219508
-0.049951549,-0.196300536,0.003131478
-0.031192357,-0.200609250,0.019477182
-0.012181114,-0.203789618,0.035790126
0.007036524,-0.205835200,0.052042919
0.026414679,-0.206743312,0.068208361
0.045908031,-0.206508456,0.084258750
0.065470572,-0.205136434,0.100167301
0.085057414,-0.202638308,0.115908201
0.104624219,-0.199010224,0.131452927
0.124127820,-0.194273319,0.146777087
0.143526004,-0.188439175,0.161854663
0.162777323,-0.181521219,0.176659741
0.181841642,-0.173537301,0.191167307
0.200680848,-0.164510360,0.205353881
0.219257555,-0.154461555,0.219195587
0.237534032,-0.143409504,0.232667312
0.255476180,-0.131382410,0.245747485
0.273051217,-0.118408947,0.258415091
0.290225808,-0.104514514,0.270647782
0.306969195,-0.089729189,0.282425438
0.323254289,-0.074088040,0.293731123
0.339042959,-0.057606720,0.304536368
0.354321483,-0.040340080,0.314836790
0.369047261,-0.022297978,0.324599130
0.383207667,-0.003532762,0.333819173
0.396775838,0.015924319,0.342478556
0.409727445,0.036038570,0.350561240
0.422041484,0.056771989,0.358054164
0.433701179,0.078083591,0.364947973
0.444685763,0.099936633,0.371229511
0.454961990,0.122301686,0.376874542
0.464549734,0.145114627,0.381906130
0.473381410,0.168366113,0.386269609
0.481491778,0.191987264,0.390000749
0.488851582,0.215946142,0.393078759
0.495426644,0.240208763,0.395479003
0.501232743,0.264722155,0.397219956
0.506257203,0.289445387,0.398295416
0.510489938,0.314336258,0.398701448
0.513923717,0.339351691,0.398436576
0.516554423,0.364448208,0.397501937
0.518381254,0.389582494,0.395901395
0.519406876,0.414712035,0.393641604
0.519617887,0.439793561,0.390716076
0.518991755,0.464779031,0.387111326
0.517575720,0.489631079,0.382870216
0.515385612,0.514313917,0.378009584
0.512338673,0.538761466,0.372468313
0.508528625,0.562955734,0.366325532
0.503936377,0.586850138,0.359570513
0.498540718,0.610388623,0.352191814
0.492412599,0.633562148,0.344248886
0.485483893,0.656287473,0.335694587
0.477845006,0.678572652,0.326602579
0.469452254,0.700342068,0.316945074
0.460343431,0.721575015,0.306755503
0.450568987,0.742264402,0.296076263
0.440046178,0.762287988,0.284852475
0.428905123,0.781713587,0.273184087
0.417114476,0.800460978,0.261054047
0.404662421,0.818460317,0.248460294
0.391640747,0.835762995,0.235472967
0.378050579,0.852318207,0.222098607
0.363848181,0.868000911,0.208314913
0.349137830,0.882898353,0.194198397
0.333940122,0.896985314,0.179768880
0.318245835,0.910177464,0.165028092
0.302072405,0.922428001,0.149995645
0.285487918,0.933796447,0.134721237
0.268517259,0.944263255,0.119227619
0.251180871,0.953795288,0.103535390
0.233470196,0.962262994,0.087651875
0.215460761,0.969777592,0.071627192
0.197180605,0.976326210,0.055485978
0.178658353,0.981897652,0.039253164
0.159915542,0.986440596,0.022952287
0.140975911,0.989887526,0.006610509
0.121890423,0.992333241,-0.009740545
0.102689319,0.993773910,-0.026075420
0.083403029,0.994207485,-0.042368701
0.064061087,0.993586309,-0.058590643
0.044698105,0.991860367,-0.074707035
0.025349366,0.989131988,-0.090700068
0.006045297,0.985406647,-0.106545175
-0.013183896,0.980691568,-0.122218170
-0.032294619,0.974897876,-0.137673093
-0.051256707,0.968080956,-0.152891158
-0.070047178,0.960307645,-0.167860801
-0.088637515,0.951592291,-0.182560038
-0.106977110,0.941870621,-0.196939866
-0.125033330,0.931165988,-0.210975913
-0.142799326,0.919574582,-0.224673242
-0.160249604,0.907117063,-0.238013093
-0.177293271,0.893665840,-0.250906139
-0.193961393,0.879391063,-0.263397041
-0.210234574,0.864324722,-0.275473362
-0.226010475,0.848355398,-0.287038158
-0.241332169,0.831636193,-0.298144124
-0.256165864,0.814177856,-0.308764586
-0.270430378,0.795931846,-0.318827138
-0.284190151,0.777046638,-0.328401613
-0.297317484,0.757429232,-0.337372270
-0.309890746,0.737225262,-0.345820131
-0.321799057,0.716379302,-0.353647582
-0.333111279,0.695007757,-0.360924530
-0.343704038,0.673061650,-0.367543832
-0.353660302,0.650656631,-0.373586952
-0.362889358,0.627777890,-0.378977550
-0.371401306,0.604484647,-0.383730717
-0.379204732,0.580826675,-0.387859230
-0.386251799,0.556826664,-0.391326362
-0.392520046,0.532524952,-0.394118305
-0.398028465,0.507974747,-0.396256836
-0.402760846,0.483214859,-0.397733141
-0.406704060,0.458286308,-0.398541209
-0.409848144,0.433231630,-0.398677824
-0.412186304,0.408094225,-0.398142486
-0.413714842,0.382917783,-0.396937287
-0.414433025,0.357745771,-0.395066737
-0.414342920,0.332621000,-0.392537578
-0.413426331,0.307588983,-0.389340223
-0.411685104,0.282694415,-0.385481456
-0.409152063,0.257973950,-0.380992563
-0.405779472,0.233484069,-0.375840957
-0.401622943,0.209252938,-0.370075616
-0.396649318,0.185336811,-0.363675854
-0.390882615,0.161772832,-0.356665673
-0.384333460,0.138601877,-0.349058460
-0.377008064,0.115867562,-0.340864221
-0.368917362,0.093611644,-0.332096537
-0.360076242,0.071873504,-0.322771850
-0.350497561,0.050694202,-0.312904988
-0.340186911,0.030122156,-0.302505471
-0.329179096,0.010181058,-0.291603823
-0.317477718,-0.009077231,-0.280207857
-0.305107390,-0.027619119,-0.268340312
-0.292091353,-0.045410088,-0.256022588
-0.278451680,-0.062413656,-0.243274959
-0.264211860,-0.078593874,-0.230118359
-0.249393179,-0.093909439,-0.216571910
-0.234032082,-0.108341469,-0.202664443
-0.218149449,-0.121844510,-0.188413922
-0.201779741,-0.134394147,-0.173846785
-0.184955662,-0.145962112,-0.158987687
-0.167711250,-0.156521068,-0.143861527
-0.150080911,-0.166041385,-0.128492820
-0.132102745,-0.174500184,-0.112907761
-0.113817504,-0.181881383,-0.097133517
-0.095263857,-0.188158113,-0.081195346
-0.076484944,-0.193316902,-0.065120653
-0.057524443,-0.197345770,-0.048936621
-0.038426515,-0.200232318,-0.032670272
-0.019236402,-0.201967993,-0.016348914
-0.000000000,-0.202547880,-0.000000000
