# Hopf torus + z-mirror image, session-5 scheme (nested): eta 0.7, N 24, revolutions 1, delta_eta 0.025, tau0 pi/2, mirror rotation 0; ccsim.geometry.hopf_mirror_pair(0.7, 24, 1.0, 'nested', 0.025, tau0=np.pi/2, mirror_rotation=0.0)
o A
v 0.000000000 1.000000000 0.000000000
v -0.019237428 0.999421718 -0.016347921
v -0.038440567 0.997832561 -0.032667208
v -0.057579024 0.995235410 -0.048932481
v -0.076622573 0.991634932 -0.065118498
v -0.095539258 0.987025253 -0.081198578
v -0.114275722 0.981293570 -0.097128168
v -0.132820556 0.974584478 -0.112897746
v -0.151144999 0.966909994 -0.128483304
v -0.169220852 0.958283780 -0.143861305
v -0.186992233 0.948635680 -0.158985103
v -0.204433329 0.938007080 -0.173833164
v -0.221537291 0.926480249 -0.188399788
v -0.238278987 0.914075396 -0.202664014
v -0.254586945 0.900718362 -0.216566210
v -0.270452342 0.886478519 -0.230099045
v -0.285877824 0.871434077 -0.243264759
v -0.300817452 0.855571817 -0.256025054
v -0.315201993 0.838853381 -0.268322213
v -0.329079671 0.821416759 -0.280196518
v -0.342393277 0.803242023 -0.291600304
v -0.355086996 0.784321453 -0.302487082
v -0.367219462 0.764779205 -0.312905822
v -0.378669735 0.744543086 -0.322755763
v -0.389501929 0.723730340 -0.332090448
v -0.399649955 0.702333754 -0.340854886
v -0.409116537 0.680405443 -0.349051454
v -0.417872964 0.657975514 -0.356656353
v -0.425923445 0.635092919 -0.363673213
v -0.433212344 0.611774294 -0.370055846
v -0.439799018 0.588096117 -0.375853824
v -0.445573191 0.564052363 -0.380975514
v -0.450598143 0.539718603 -0.385473775
v -0.454864922 0.515132315 -0.389341335
v -0.458324456 0.490323044 -0.392537587
v -0.460978244 0.465338464 -0.395064012
v -0.462841984 0.440225527 -0.396933898
v -0.463906076 0.415025484 -0.398139512
v -0.464164264 0.389781102 -0.398675920
v -0.463613601 0.364535983 -0.398540957
v -0.462254337 0.339333950 -0.397735122
v -0.460089755 0.314218513 -0.396261443
v -0.457125961 0.289232412 -0.394125293
v -0.453366800 0.264418563 -0.391330175
v -0.448787240 0.239829432 -0.387855693
v -0.443437083 0.215495835 -0.383743410
v -0.437304754 0.191466696 -0.378984065
v -0.430400464 0.167784136 -0.373586413
v -0.422732158 0.144492449 -0.367557322
v -0.414324865 0.121625559 -0.360917735
v -0.405181342 0.099230267 -0.353670149
v -0.395309450 0.077352820 -0.345821230
v -0.384736715 0.056025048 -0.337393794
v -0.373474689 0.035290817 -0.328397376
v -0.361540055 0.015191128 -0.318845622
v -0.348961562 -0.004245069 -0.308761993
v -0.335755032 -0.022975513 -0.298159098
v -0.321942881 -0.040964079 -0.287054776
v -0.307545606 -0.058170505 -0.275465004
v -0.292593553 -0.074567479 -0.263413629
v -0.277111367 -0.090119235 -0.250919420
v -0.261127343 -0.104794376 -0.238003770
v -0.244670157 -0.118560844 -0.224687920
v -0.227767644 -0.131382194 -0.210991802
v -0.210457010 -0.143240855 -0.196942770
v -0.192770078 -0.154106413 -0.182562930
v -0.174739999 -0.163947228 -0.167874675
v -0.156405238 -0.172744588 -0.152904327
v -0.137802899 -0.180472287 -0.137676070
v -0.118973875 -0.187115939 -0.122216805
v -0.099959143 -0.192659950 -0.106552699
v -0.080799500 -0.197078787 -0.090708373
v -0.061539553 -0.200368950 -0.074711954
v -0.042223328 -0.202519838 -0.058590049
v -0.022895892 -0.203520512 -0.042369366
v -0.003603254 -0.203367122 -0.026077328
v 0.015608560 -0.202061662 -0.009741508
v 0.034693459 -0.199606343 0.006610662
v 0.053605598 -0.196006873 0.022951696
v 0.072299711 -0.191272397 0.039254124
v 0.090731473 -0.185415523 0.055490579
v 0.108857903 -0.178452435 0.071633914
v 0.126635121 -0.170395557 0.087656339
v 0.144023925 -0.161270236 0.103531331
v 0.160986699 -0.151102151 0.119232747
v 0.177483484 -0.139910165 0.134732956
v 0.193480560 -0.127725265 0.150006496
v 0.208945353 -0.114577933 0.165028024
v 0.223845679 -0.100497527 0.179771880
v 0.238152502 -0.085517041 0.194213454
v 0.251840910 -0.069673426 0.208329873
v 0.264876397 -0.052990196 0.222092582
v 0.277247734 -0.035518783 0.235485346
v 0.288921948 -0.017283266 0.248479512
v 0.299883333 0.001673321 0.261055798
v 0.310115119 0.021310976 0.273194193
v 0.319599596 0.041591580 0.284873914
v 0.328312289 0.062482141 0.296069547
v 0.336256439 0.083929507 0.306773100
v 0.343401865 0.105905338 0.316955046
v 0.349754529 0.128357592 0.326609287
v 0.355298899 0.151248866 0.335715598
v 0.360019890 0.174540424 0.344253673
v 0.363916852 0.198186713 0.352213084
v 0.366977517 0.222147318 0.359575169
v 0.369205451 0.246376109 0.366332548
v 0.370607417 0.270827938 0.372480544
v 0.371171063 0.295462921 0.378000353
v 0.370894488 0.320237168 0.382880581
v 0.369787847 0.345106189 0.387119298
v 0.367864536 0.370026526 0.390717379
v 0.365089192 0.394955273 0.393636873
v 0.361505118 0.419848449 0.395902410
v 0.357114282 0.444663634 0.397505962
v 0.351921425 0.469357879 0.398441599
v 0.345934205 0.493888114 0.398705702
v 0.339163282 0.518211629 0.398297144
v 0.331622364 0.542286620 0.397217447
v 0.323328170 0.566072793 0.395470892
v 0.314300311 0.589532025 0.393064578
v 0.304561070 0.612629062 0.390008394
v 0.294088032 0.635301156 0.386270351
v 0.282928652 0.657523800 0.381882904
v 0.271126897 0.679279121 0.376877219
v 0.258658996 0.700497048 0.371218633
v 0.245564744 0.721152604 0.364933420
v 0.231896062 0.741242960 0.358062509
v 0.217607902 0.760659033 0.350545561
v 0.202814072 0.779471336 0.342489403
v 0.187443368 0.797524786 0.333802551
v 0.171614295 0.814915213 0.324601245
v 0.155281580 0.831503147 0.314818274
v 0.138520157 0.847337608 0.304524594
v 0.121350651 0.862379763 0.293728157
v 0.103770908 0.876536544 0.282406648
v 0.085860553 0.889896183 0.270643496
v 0.067614377 0.902347571 0.258409966
v 0.049066644 0.913871956 0.245729439
v 0.030272242 0.924528180 0.232659011
v 0.011247605 0.934247190 0.219196645
v -0.007987555 0.942942922 0.205339195
v -0.027377536 0.950714014 0.191153217
v -0.046893399 0.957545615 0.176658709
v -0.066511515 0.963336703 0.161852395
v -0.086194074 0.968091785 0.146765690
v -0.105904059 0.971872394 0.131441958
v -0.125610878 0.974670617 0.115904077
v -0.145281456 0.976447121 0.100169995
v -0.164874265 0.977114375 0.084253840
v -0.184363311 0.976787197 0.068201869
v -0.203717775 0.975465067 0.052038786
v -0.222906970 0.973149236 0.035789580
v -0.241887333 0.969786202 0.019477529
v -0.260616985 0.965353940 0.003131506
v -0.279083618 0.959944622 -0.013218242
v -0.297258000 0.953566901 -0.029546261
v -0.315111439 0.946231144 -0.045827155
v -0.332592001 0.937890696 -0.062029392
v -0.349659737 0.928543147 -0.078121330
v -0.366317285 0.918281793 -0.094084512
v -0.382538957 0.907123893 -0.109894449
v -0.398299963 0.895088214 -0.125527042
v -0.413515614 0.882094911 -0.140931714
v -0.428198781 0.868238397 -0.156098015
v -0.442345939 0.853573553 -0.171011014
v -0.455936686 0.838124988 -0.185648872
v -0.468885615 0.821837234 -0.199955082
v -0.481198670 0.804778336 -0.213919448
v -0.492894811 0.787022561 -0.227540885
v -0.503947018 0.768587432 -0.240793809
v -0.514238969 0.749410163 -0.253598485
v -0.523866694 0.729633678 -0.266000732
v -0.532813437 0.709284857 -0.277981188
v -0.540937341 0.688300136 -0.289439786
v -0.548364205 0.666821656 -0.300446473
v -0.555026440 0.644845490 -0.310947814
v -0.560880798 0.622390542 -0.320904945
v -0.566011831 0.599547348 -0.330365998
v -0.570262492 0.576280823 -0.339212538
v -0.573793936 0.552707509 -0.347548551
v -0.576431640 0.528800465 -0.355239829
v -0.578329301 0.504656317 -0.362388727
v -0.579343338 0.480273966 -0.368880285
v -0.579574307 0.455722927 -0.374780129
v -0.578986927 0.431034445 -0.380053207
v -0.577543766 0.406248743 -0.384660819
v -0.575307285 0.381414036 -0.388642682
v -0.572268056 0.356569002 -0.391982922
v -0.568383864 0.331758689 -0.394638012
v -0.563694014 0.307026355 -0.396630214
v -0.558211197 0.282413310 -0.397960872
v -0.551939790 0.257962120 -0.398624411
v -0.544887624 0.233715449 -0.398618019
v -0.537065733 0.209715476 -0.397941568
v -0.528488062 0.186003407 -0.396597485
v -0.519171147 0.162619060 -0.394590579
v -0.509119143 0.139608972 -0.391914305
v -0.498343669 0.117017866 -0.388568493
v -0.486888118 0.094869625 -0.384582899
v -0.474750219 0.073217545 -0.379944375
v -0.461958909 0.052093551 -0.374669346
v -0.448528112 0.031542583 -0.368759401
v -0.434493479 0.011588567 -0.362237998
v -0.419866417 -0.007720344 -0.355103947
v -0.404670368 -0.026345818 -0.347367741
v -0.388938375 -0.044262137 -0.339050188
v -0.372696665 -0.061435829 -0.330164890
v -0.355964853 -0.077820679 -0.320717282
v -0.338780219 -0.093398312 -0.310732796
v -0.321175055 -0.108144419 -0.300231437
v -0.303169769 -0.122007076 -0.289217476
v -0.284805040 -0.134976815 -0.277720390
v -0.266111881 -0.147022750 -0.265756969
v -0.247123379 -0.158116107 -0.253345767
v -0.227875093 -0.168233372 -0.240508066
v -0.208404121 -0.177355810 -0.227267019
v -0.188746754 -0.185457432 -0.213642956
v -0.168941829 -0.192521562 -0.199659795
v -0.149028444 -0.198526253 -0.185339765
v -0.129047577 -0.203461478 -0.170708724
v -0.109040436 -0.207311511 -0.155790616
v -0.089049339 -0.210065657 -0.140610690
v -0.069117439 -0.211714615 -0.125194385
v -0.049289497 -0.212245083 -0.109566456
v -0.029608782 -0.211665076 -0.093755306
v -0.010122050 -0.209961980 -0.077785727
v 0.009126153 -0.207143278 -0.061685486
v 0.028090723 -0.203214429 -0.045481649
v 0.046726246 -0.198182101 -0.029201302
v 0.064987880 -0.192056843 -0.012871788
v 0.082831653 -0.184852747 0.003479427
v 0.100213986 -0.176585603 0.019824799
v 0.117093393 -0.167276138 0.036136755
v 0.133430263 -0.156948236 0.052387866
v 0.149186748 -0.145628069 0.068550859
v 0.164327605 -0.133344942 0.084598791
v 0.178816932 -0.120126256 0.100504325
v 0.192622427 -0.106003946 0.116240502
v 0.205717018 -0.091015013 0.131781503
v 0.218074531 -0.075195687 0.147101587
v 0.229663743 -0.058576069 0.162172920
v 0.240468039 -0.041200270 0.176972040
v 0.250467055 -0.023106667 0.191474118
v 0.259635749 -0.004329284 0.205651977
v 0.267968198 0.015083585 0.219485740
v 0.275443548 0.035096477 0.232949275
v 0.282056689 0.055663686 0.246022976
v 0.287792795 0.076746859 0.258682732
v 0.292640995 0.098305293 0.270905836
v 0.296595275 0.120296138 0.282671730
v 0.299655518 0.142674806 0.293962945
v 0.301826927 0.165396285 0.304765275
v 0.303081978 0.188426852 0.315045710
v 0.303446536 0.211715291 0.324801635
v 0.302916699 0.235221194 0.334013607
v 0.301490374 0.258903127 0.342662888
v 0.299169572 0.282718435 0.350733006
v 0.295960937 0.306623816 0.358210404
v 0.291876272 0.330576105 0.365085160
v 0.286933008 0.354533329 0.371351793
v 0.281132178 0.378453894 0.376993277
v 0.274478472 0.402294486 0.381994411
v 0.267001336 0.426015810 0.386359284
v 0.258710881 0.449576531 0.390077349
v 0.249602138 0.472930396 0.393125222
v 0.239719602 0.496044180 0.395520256
v 0.229075765 0.518877346 0.397253923
v 0.217685936 0.541389467 0.398319747
v 0.205568278 0.563540652 0.398713522
v 0.192743794 0.585292019 0.398433498
v 0.179236234 0.606606223 0.397480554
v 0.165071934 0.627448020 0.395858316
v 0.150279545 0.647784873 0.393573236
v 0.134889675 0.667587568 0.390634588
v 0.118930810 0.686826851 0.387050140
v 0.102388691 0.705421325 0.382774962
v 0.085343125 0.723395376 0.377876306
v 0.067825545 0.740729429 0.372368214
v 0.049809401 0.757306910 0.366182037
v 0.031393980 0.773206681 0.359422199
v 0.012562778 0.788319803 0.352030501
v -0.006619938 0.802680374 0.344067337
v -0.026144703 0.816214385 0.335507951
v -0.045954731 0.828956933 0.326407847
v -0.066044281 0.840802764 0.316726332
v -0.086343293 0.851858474 0.306558855
v -0.106857413 0.861932997 0.295820089
v -0.127519542 0.871161293 0.284615456
v -0.148303289 0.879490926 0.272941545
v -0.169181372 0.886818547 0.260773938
v -0.190107437 0.893260114 0.248195152
v -0.211050502 0.898769586 0.235207809
v -0.231971841 0.903227604 0.221788912
v -0.252838839 0.906762927 0.208016599
v -0.273619900 0.909366826 0.193909820
v -0.294267261 0.910932939 0.179457605
v -0.314747913 0.911495052 0.164698012
v -0.335038092 0.911111201 0.149672779
v -0.355105963 0.909779673 0.134404032
v -0.374898739 0.907431120 0.118900170
v -0.394376950 0.904061702 0.103187903
v -0.413531001 0.899752861 0.087308775
v -0.432330361 0.894510110 0.071287058
v -0.450744998 0.888340650 0.055147392
v -0.468695125 0.881150495 0.038907102
v -0.486182423 0.873028123 0.022602633
v -0.503192133 0.864014697 0.006262106
v -0.519697221 0.854124325 -0.010089050
v -0.535671542 0.843372678 -0.026425381
v -0.551021883 0.831680309 -0.042713723
v -0.565770881 0.819144481 -0.058928951
v -0.579910603 0.805808078 -0.075047115
v -0.593419322 0.791692877 -0.091043339
v -0.606275606 0.776820973 -0.106892829
v -0.618356663 0.761110719 -0.122542114
v -0.629743065 0.744700144 -0.137990356
v -0.640418453 0.727616172 -0.153214353
v -0.650367853 0.709886728 -0.168191482
v -0.659489155 0.691471690 -0.182865484
v -0.667816799 0.672446515 -0.197229015
v -0.675377180 0.652872188 -0.211275113
v -0.682161505 0.632780104 -0.224984133
v -0.688019056 0.612119792 -0.238269350
v -0.693080293 0.591012885 -0.251172747
v -0.697344360 0.569494200 -0.263678944
v -0.700682390 0.547542544 -0.275704492
v -0.703181406 0.525239006 -0.287277441
v -0.704877140 0.502633319 -0.298402348
v -0.705598471 0.479707600 -0.308964095
v -0.705522311 0.456557497 -0.319049047
v -0.704548420 0.433194746 -0.328580391
v -0.702710881 0.409666329 -0.337562711
v -0.700017318 0.386013844 -0.345983910
v -0.696446301 0.362273548 -0.353813340
v -0.692027285 0.338489840 -0.361053395
v -0.686766426 0.314700988 -0.367692372
v -0.680636936 0.290951183 -0.373692484
v -0.673720049 0.267274430 -0.379097645
v -0.665939667 0.243721759 -0.383831891
v -0.657360284 0.220328387 -0.387926662
v -0.648006028 0.197129834 -0.391384362
v -0.637881403 0.174166860 -0.394191144
v -0.626962791 0.151495296 -0.396306706
v -0.615307900 0.129141261 -0.397761506
v -0.602933633 0.107143634 -0.398551420
v -0.589857936 0.085541515 -0.398672995
v -0.576101810 0.064372827 -0.398125472
v -0.561688901 0.043673889 -0.396910673
v -0.546645090 0.023479088 -0.395032836
v -0.530977089 0.003841296 -0.392474744
v -0.514727194 -0.015217816 -0.389257730
v -0.497932360 -0.033675999 -0.385399052
v -0.480600993 -0.051476897 -0.380881253
v -0.462776335 -0.068605961 -0.375729294
v -0.444478901 -0.085017232 -0.369938708
v -0.425751608 -0.100700193 -0.363535858
v -0.406615708 -0.115607170 -0.356516019
v -0.387106117 -0.129711751 -0.348893079
v -0.367260363 -0.142995474 -0.340686054
v -0.347112303 -0.155432203 -0.331908034
v -0.326695318 -0.166991551 -0.322569869
v -0.306045057 -0.177646626 -0.312685350
v -0.285202357 -0.187394118 -0.302281723
v -0.264200372 -0.196190609 -0.291363665
v -0.243080374 -0.204037259 -0.279960189
v -0.221879767 -0.210907703 -0.268085659
v -0.200638137 -0.216782114 -0.255758397
v -0.179396150 -0.221646505 -0.242999568
v -0.158194749 -0.225492009 -0.229832289
v -0.137074603 -0.228314200 -0.216280928
v -0.116079148 -0.230090437 -0.202363340
v -0.095249270 -0.230826381 -0.188107244
v -0.074628826 -0.230511029 -0.173534516
v -0.054261979 -0.229139620 -0.158669187
v -0.034192632 -0.226712633 -0.143536630
v -0.014464084 -0.223234939 -0.128162979
v 0.004881176 -0.218715088 -0.112574726
v 0.023793686 -0.213147392 -0.096795658
v 0.042235353 -0.206555763 -0.080854738
v 0.060159853 -0.198946584 -0.064777621
v 0.077523306 -0.190334249 -0.048591296
v 0.094286059 -0.180741486 -0.032323402
v 0.110407252 -0.170189399 -0.016001184
v 0.125847738 -0.158702380 0.000347944
v 0.140570291 -0.146307785 0.016696500
v 0.154539857 -0.133035691 0.033017007
v 0.167723852 -0.118918714 0.049282077
v 0.180089845 -0.103989417 0.065464159
v 0.191609364 -0.088284004 0.081535850
v 0.202261090 -0.071843891 0.097470722
v 0.212020090 -0.054706264 0.113241690
v 0.220865541 -0.036911000 0.128822015
v 0.228779886 -0.018499335 0.144185381
v 0.235751299 0.000485001 0.159306666
v 0.241765413 0.020000954 0.174159888
v 0.246812071 0.040005891 0.188719888
v 0.250886251 0.060455754 0.202962931
v 0.253982957 0.081307672 0.216865220
v 0.256092859 0.102520801 0.230400954
v 0.257221146 0.124049890 0.243549622
v 0.257369418 0.145852116 0.256289446
v 0.256537382 0.167885693 0.268597665
v 0.254729882 0.190108007 0.280453579
v 0.251957776 0.212476267 0.291839456
v 0.248224727 0.234949366 0.302734082
v 0.243538181 0.257485556 0.313117773
v 0.237912217 0.280043368 0.322974575
v 0.231365418 0.302582210 0.332291437
v 0.223906011 0.325061710 0.341049329
v 0.215546426 0.347441309 0.349231388
v 0.206303672 0.369680922 0.356823545
v 0.196199644 0.391741803 0.363815243
v 0.185261318 0.413587633 0.370200220
v 0.173502552 0.435179149 0.375962876
v 0.160935351 0.456474411 0.381084909
v 0.147605020 0.477445779 0.385575634
v 0.133520093 0.498050201 0.389414041
v 0.118703095 0.518249846 0.392590252
v 0.103198171 0.538020369 0.395114860
v 0.087027518 0.557325692 0.396978850
v 0.070216045 0.576130491 0.398175210
v 0.052791315 0.594400600 0.398699152
v 0.034783419 0.612103459 0.398548311
v 0.016224781 0.629208593 0.397722921
v -0.002850137 0.645688116 0.396225952
v -0.022405218 0.661517240 0.394063201
v -0.042403176 0.676674782 0.391243313
v -0.062806161 0.691143641 0.387777723
v -0.083591774 0.704877150 0.383651270
v -0.104726770 0.717838842 0.378861156
v -0.126152398 0.730062070 0.373461135
v -0.147851854 0.741476439 0.367418645
v -0.169781444 0.752072689 0.360753261
v -0.191895746 0.761875453 0.353505886
v -0.214172331 0.770781251 0.345627405
v -0.236556760 0.778885427 0.337206327
v -0.259022418 0.786058580 0.328180439
v -0.281524192 0.792390855 0.318629785
v -0.304025088 0.797811289 0.308533187
v -0.326486143 0.802313815 0.297909506
v -0.348876617 0.805975895 0.286822920
v -0.371137445 0.808614235 0.275197717
v -0.393251799 0.810386349 0.263138032
v -0.415186760 0.811287453 0.250660042
v -0.436864678 0.811152867 0.237709966
v -0.458288580 0.810144194 0.224382933
v -0.479425528 0.808259349 0.210696769
v -0.500203753 0.805401724 0.196635125
v -0.520599267 0.801613893 0.182237432
v -0.540601477 0.796956932 0.167546462
v -0.560178562 0.791435557 0.152583494
v -0.579247173 0.784965672 0.137346419
v -0.597796934 0.777604802 0.121875768
v -0.615822484 0.769408190 0.106207798
v -0.633294741 0.760387285 0.090366254
v -0.650172989 0.750538882 0.074372842
v -0.666361301 0.739795672 0.058242843
v -0.681908627 0.728276957 0.042019448
v -0.696789967 0.716000430 0.025727791
v -0.710981455 0.702985173 0.009393179
v -0.724438012 0.689230457 -0.006958654
v -0.737074691 0.674704402 -0.023297529
v -0.748952387 0.659510485 -0.039596684
v -0.760052644 0.643673053 -0.055830791
v -0.770358422 0.627217546 -0.071974687
v -0.779816430 0.610144767 -0.087996955
v -0.788362352 0.592454219 -0.103860563
v -0.796067244 0.574234469 -0.119553604
v -0.802920432 0.555514883 -0.135052264
v -0.808912825 0.536325530 -0.150333226
v -0.813920149 0.516642726 -0.165338590
v -0.818024710 0.496547394 -0.180067578
v -0.821247630 0.476083933 -0.194505823
v -0.823586667 0.455284598 -0.208632690
v -0.824895846 0.434137417 -0.222370689
v -0.825305802 0.412724102 -0.235746629
v -0.824832948 0.391082045 -0.248747632
v -0.823386079 0.369226368 -0.261311763
v -0.820990381 0.347201251 -0.273427185
v -0.817729620 0.325055420 -0.285113310
v -0.813494096 0.302813180 -0.296292013
v -0.808352542 0.280518868 -0.306976634
v -0.802355930 0.258209994 -0.317174312
v -0.795379350 0.235926690 -0.326788678
v -0.787602466 0.213699361 -0.335905730
v -0.778874721 0.191581305 -0.344406398
v -0.769362769 0.169589333 -0.352377275
v -0.758940622 0.147787937 -0.359706886
v -0.747762504 0.126182262 -0.366481594
v -0.735715077 0.104846829 -0.372591319
v -0.722917044 0.083788158 -0.378101035
v -0.709368770 0.063045866 -0.382987400
v -0.695038140 0.042684095 -0.387193670
v -0.680012070 0.022707527 -0.390767519
v -0.664304393 0.003153938 -0.393694559
v -0.647933495 -0.015938914 -0.395963072
v -0.630901448 -0.034516098 -0.397541698
v -0.613265781 -0.052566343 -0.398457198
v -0.595053857 -0.070056926 -0.398706100
v -0.576295200 -0.086956492 -0.398287015
v -0.557021590 -0.103235845 -0.397201154
v -0.537262022 -0.118861337 -0.395445482
v -0.517043076 -0.133792545 -0.393011559
v -0.496412684 -0.148022949 -0.389923440
v -0.475408169 -0.161534002 -0.386191883
v -0.454050003 -0.174268014 -0.381794676
v -0.432388747 -0.186233381 -0.376766212
v -0.410452868 -0.197383011 -0.371095171
v -0.388288078 -0.207722159 -0.364811220
v -0.365926153 -0.217206032 -0.357906256
v -0.343408637 -0.225822474 -0.350397123
v -0.320776155 -0.233561342 -0.342301258
v -0.298068181 -0.240405534 -0.333631218
v -0.275324863 -0.246342593 -0.324402604
v -0.252587431 -0.251339838 -0.314619496
v -0.229896794 -0.255409658 -0.304312383
v -0.207294715 -0.258532656 -0.293493179
v -0.184821834 -0.260706779 -0.282183236
v -0.162523214 -0.261908566 -0.270393397
v -0.140438685 -0.262147380 -0.258150751
v -0.118610720 -0.261418216 -0.245474972
v -0.097083196 -0.259715132 -0.232385522
v -0.075899949 -0.257036211 -0.218903736
v -0.055099325 -0.253395079 -0.205056686
v -0.034730127 -0.248781599 -0.190862362
v -0.014832095 -0.243209596 -0.176347458
v 0.004552299 -0.236687668 -0.161536348
v 0.023380571 -0.229226280 -0.146453776
v 0.041610948 -0.220838868 -0.131125107
v 0.059197090 -0.211534526 -0.115574594
v 0.076106841 -0.201343245 -0.099831050
v 0.092290617 -0.190273702 -0.083918441
v 0.107717361 -0.178358680 -0.067865291
v 0.122348175 -0.165622154 -0.051698078
v 0.136145591 -0.152091074 -0.035443753
v 0.149074805 -0.137796037 -0.019129700
v 0.161106460 -0.122772706 -0.002783543
v 0.172211185 -0.107056706 0.013567261
v 0.182362357 -0.090685800 0.029895220
v 0.191536328 -0.073699623 0.046172890
v 0.199712727 -0.056139457 0.062372966
v 0.206874861 -0.038048014 0.078468422
v 0.213000424 -0.019465027 0.094431222
v 0.218085500 -0.000438132 0.110235557
v 0.222117598 0.018990027 0.125854394
v 0.225094647 0.038773730 0.141262357
v 0.227003108 0.058871600 0.156431344
v 0.227850412 0.079236888 0.171337679
v 0.227637624 0.099826043 0.185956324
v 0.226366904 0.120596026 0.200262295
v 0.224038512 0.141504373 0.214229537
v 0.220676298 0.162507200 0.227839969
v 0.216269638 0.183564127 0.241063258
v 0.210844373 0.204633129 0.253882224
v 0.204412157 0.225673934 0.266274623
v 0.196988201 0.246646844 0.278219621
v 0.188593456 0.267513485 0.289699242
v 0.179229153 0.288232716 0.300685305
v 0.168938508 0.308770737 0.311171392
v 0.157721910 0.329086122 0.321128258
v 0.145619586 0.349147035 0.330549234
v 0.132649431 0.368916681 0.339415012
v 0.118833397 0.388359086 0.347708353
v 0.104197691 0.407439813 0.355414702
v 0.088772869 0.426126842 0.362522885
v 0.072593766 0.444391644 0.369025886
v 0.055685416 0.462200790 0.374909197
v 0.038067708 0.479515165 0.380152087
v 0.019796585 0.496323524 0.384768338
v 0.000882129 0.512578669 0.388727405
v -0.018632145 0.528260781 0.392031880
v -0.038703131 0.543352667 0.394686109
v -0.059300371 0.557825001 0.396680596
v -0.080397297 0.571640465 0.397998477
v -0.101950905 0.584782190 0.398644301
v -0.123919312 0.597234701 0.398623208
v -0.146264367 0.608978297 0.397935791
v -0.168952158 0.619983001 0.396573477
v -0.191943835 0.630224948 0.394534121
v -0.215193252 0.639701797 0.391834191
v -0.238658903 0.648405974 0.388484521
v -0.262300379 0.656334186 0.384498653
v -0.286087937 0.663408404 0.379831348
v -0.309969403 0.669673320 0.374535871
v -0.333905856 0.675149732 0.368642817
v -0.357858403 0.679708800 0.362073509
v -0.381785759 0.683484557 0.354942189
v -0.405642449 0.686356758 0.347179100
v -0.429396272 0.688417896 0.338864576
v -0.452992997 0.689567880 0.329947079
v -0.476415917 0.689924229 0.320519088
v -0.499585931 0.689328860 0.310496631
v -0.522509017 0.687944647 0.299996307
v -0.545109509 0.685661717 0.288968017
v -0.567362103 0.682522676 0.277452991
v -0.589256851 0.678592093 0.265502385
v -0.610691373 0.673743859 0.253064931
v -0.631677402 0.668083725 0.240213243
v -0.652196536 0.661645140 0.226979136
v -0.672160621 0.654354689 0.213344201
v -0.691546188 0.646245455 0.199342028
v -0.710361234 0.637386638 0.185020030
v -0.728575274 0.627789353 0.170398553
v -0.746071587 0.617372447 0.155464990
v -0.762881710 0.606226479 0.140272970
v -0.778998584 0.594390459 0.124853875
v -0.794395718 0.581881463 0.109230826
v -0.808995636 0.568675082 0.093417031
v -0.822759120 0.554786131 0.077439069
v -0.835726011 0.540289844 0.061336039
v -0.847875097 0.525208513 0.045132775
v -0.859186561 0.509565540 0.028854367
v -0.869565205 0.493340492 0.012524055
v -0.879019766 0.476580918 -0.003826847
v -0.887582793 0.459342848 -0.020170368
v -0.895240876 0.441653667 -0.036481072
v -0.901982227 0.423541534 -0.052733607
v -0.907707759 0.405000773 -0.068892365
v -0.912447896 0.386082862 -0.084931861
v -0.916243351 0.366837756 -0.100831855
v -0.919089416 0.347296107 -0.116568018
v -0.920982872 0.327488881 -0.132116389
v -0.921772396 0.307415492 -0.147416689
v -0.921606897 0.287147567 -0.162476235
v -0.920488942 0.266716875 -0.177272812
v -0.918422766 0.246155189 -0.191784876
v -0.915266638 0.225483555 -0.205940185
v -0.911160270 0.204751753 -0.219758376
v -0.906128365 0.183992639 -0.233225334
v -0.900116143 0.163239911 -0.246294464
v -0.893096876 0.142532554 -0.258926560
v -0.885191536 0.121899204 -0.271149226
v -0.876354279 0.101379007 -0.282915490
v -0.866550408 0.081016033 -0.294179267
v -0.855915326 0.060822992 -0.304985601
v -0.844343034 0.040862485 -0.315246302
v -0.831932498 0.021148134 -0.324991155
v -0.818691115 0.001717398 -0.334195825
v -0.804604526 -0.017383141 -0.342820611
v -0.789754507 -0.036143726 -0.350891251
v -0.774104836 -0.054504498 -0.358349617
v -0.757729143 -0.072456250 -0.365218604
v -0.740640503 -0.089962672 -0.371477059
v -0.722842594 -0.106973276 -0.377089758
v -0.704418241 -0.123498964 -0.382097955
v -0.685348021 -0.139471281 -0.386444104
v -0.665678525 -0.154870660 -0.390132770
v -0.645460887 -0.169689225 -0.393178852
v -0.624721597 -0.183895283 -0.395570045
v -0.603491062 -0.197458770 -0.397296813
v -0.581796459 -0.210340887 -0.398342006
v -0.559684836 -0.222531864 -0.398717560
v -0.537195639 -0.234013698 -0.398426387
v -0.514366400 -0.244765321 -0.397468412
v -0.491229033 -0.254748082 -0.395828559
v -0.467830639 -0.263960481 -0.393524824
v -0.444212447 -0.272391129 -0.390565669
v -0.420415341 -0.280031389 -0.386961409
v -0.396473137 -0.286824498 -0.382684624
v -0.372434721 -0.292804892 -0.377780062
v -0.348338511 -0.297924890 -0.372228721
v -0.324227754 -0.302206460 -0.366063990
v -0.300144699 -0.305610484 -0.359274557
v -0.276132506 -0.308139696 -0.351879751
v -0.252233139 -0.309793112 -0.343895663
v -0.228489307 -0.310563812 -0.335334299
v -0.204943250 -0.310449636 -0.326210825
v -0.181640255 -0.309439568 -0.316535075
v -0.158622799 -0.307535995 -0.306325315
v -0.135928967 -0.304752300 -0.295605857
v -0.113608352 -0.301072862 -0.284384317
v -0.091699753 -0.296511563 -0.272685158
v -0.070244748 -0.291075044 -0.260528388
v -0.049286106 -0.284769105 -0.247933508
v -0.028864426 -0.277604594 -0.234922419
v -0.009023530 -0.269588869 -0.221515247
v 0.010195751 -0.260735371 -0.207734837
v 0.028754655 -0.251061338 -0.193605413
v 0.046614364 -0.240584571 -0.179151009
v 0.063733317 -0.229321346 -0.164394829
v 0.080072862 -0.217292753 -0.149361729
v 0.095597160 -0.204523696 -0.134077544
v 0.110273017 -0.191042109 -0.118568617
v 0.124057436 -0.176869531 -0.102859136
v 0.136927879 -0.162044135 -0.086977695
v 0.148841046 -0.146590375 -0.070948999
v 0.159775549 -0.130548403 -0.054801323
v 0.169703240 -0.113954234 -0.038561577
v 0.178598658 -0.096846136 -0.022256961
v 0.186439503 -0.079264469 -0.005914872
v 0.193206637 -0.061251274 0.010437209
v 0.198883845 -0.042849826 0.026771784
v 0.203455255 -0.024103660 0.043061206
v 0.206913605 -0.005058724 0.059278121
v 0.209253003 0.014239401 0.075395353
v 0.210471805 0.033744975 0.091386136
v 0.210562726 0.053413592 0.107222719
v 0.209534312 0.073199249 0.122879327
v 0.207386263 0.093057817 0.138328689
v 0.204132367 0.112945121 0.153546001
v 0.199779565 0.132818283 0.168505033
v 0.194338969 0.152635011 0.183180181
v 0.187826534 0.172354127 0.197546987
v 0.180263824 0.191936307 0.211582875
v 0.171660048 0.211341105 0.225261086
v 0.162048922 0.230533313 0.238563471
v 0.151436028 0.249472309 0.251461223
v 0.139855746 0.268124999 0.263936869
v 0.127333916 0.286457406 0.275970019
v 0.113890810 0.304433822 0.287537406
v 0.099554123 0.322021309 0.298619104
v 0.084368522 0.339196547 0.309205867
v 0.068336420 0.355914777 0.319262841
v 0.051511637 0.372159011 0.328787148
v 0.033921857 0.387899026 0.337760077
v 0.015597070 0.403105616 0.346164030
v -0.003429038 0.417752047 0.353983986
v -0.023119199 0.431814909 0.361208179
v -0.043432873 0.445275107 0.367828862
v -0.064336313 0.458107773 0.373832291
v -0.085801679 0.470278615 0.379195964
v -0.107768685 0.481795405 0.383937392
v -0.130221831 0.492606142 0.388017395
v -0.153105718 0.502715502 0.391450034
v -0.176378337 0.512112116 0.394233898
v -0.200006393 0.520766941 0.396351656
v -0.223951391 0.528656135 0.397791152
v -0.248163940 0.535784413 0.398565364
v -0.272602824 0.542139154 0.398671733
v -0.297225958 0.547710649 0.398110230
v -0.321990883 0.552492371 0.396883479
v -0.346856284 0.556467578 0.394985647
v -0.371778596 0.559613984 0.392406849
v -0.396712496 0.561954863 0.389174393
v -0.421617229 0.563496814 0.385301263
v -0.446451832 0.564229077 0.380786455
v -0.471164276 0.564098871 0.375597078
v -0.495725837 0.563190718 0.369806920
v -0.520084913 0.561451208 0.363382531
v -0.544199455 0.558893591 0.356342597
v -0.568041316 0.555554443 0.348722054
v -0.591544473 0.551378714 0.340488904
v -0.614700072 0.546443803 0.331707479
v -0.637439076 0.540699595 0.322350375
v -0.659740453 0.534188755 0.312456154
v -0.681578658 0.526941677 0.302054317
v -0.702862204 0.518890593 0.291107494
v -0.723633013 0.510158645 0.279707410
v -0.743791890 0.500677982 0.267818127
v -0.763315418 0.490480700 0.255470159
v -0.782221806 0.479638295 0.242717959
v -0.800420334 0.468109236 0.229545323
v -0.817869122 0.455906658 0.215970971
v -0.834604482 0.443108914 0.202051454
v -0.850598588 0.429733203 0.187806093
v -0.865706718 0.415717894 0.173212824
v -0.880000422 0.401158839 0.158335611
v -0.893471446 0.386088484 0.143202385
v -0.906096997 0.370528994 0.127835545
v -0.917758636 0.354455441 0.112237756
v -0.928491003 0.337926980 0.096450353
v -0.938315074 0.320989633 0.080506647
v -0.947214261 0.303669535 0.064431075
v -0.955173380 0.285993554 0.048248399
v -0.962040187 0.267946204 0.031975508
v -0.967940115 0.249606444 0.015652260
v -0.972863539 0.231003228 -0.000695962
v -0.976802559 0.212166001 -0.017043710
v -0.979746943 0.193123922 -0.033365315
v -0.981556625 0.173887983 -0.049624733
v -0.982367697 0.154516158 -0.065801218
v -0.982179700 0.135039149 -0.081869743
v -0.980993954 0.115487742 -0.097805559
v -0.978777363 0.095892369 -0.113577546
v -0.975455959 0.076287998 -0.129142990
v -0.971151407 0.056709461 -0.144497160
v -0.965872429 0.037187117 -0.159617096
v -0.959629413 0.017750992 -0.174480440
v -0.952282760 -0.001545864 -0.189017112
v -0.943992549 -0.020688189 -0.203245720
v -0.934781109 -0.039648313 -0.217148141
v -0.924623250 -0.058386886 -0.230687582
v -0.913460480 -0.076849579 -0.243808657
v -0.901435463 -0.095039771 -0.256541750
v -0.888556907 -0.112927019 -0.268863875
v -0.874711049 -0.130426360 -0.280684131
v -0.860076336 -0.147571219 -0.292064214
v -0.844626143 -0.164311325 -0.302958246
v -0.828333261 -0.180588508 -0.313313853
v -0.811336608 -0.196439896 -0.323188083
v -0.793525938 -0.211748788 -0.332465078
v -0.775060635 -0.226578283 -0.341226901
v -0.755875472 -0.240828786 -0.349380318
v -0.736082021 -0.254543470 -0.356981990
v -0.715635203 -0.267623978 -0.363943642
v -0.694651993 -0.280132548 -0.370338422
v -0.673085023 -0.291954240 -0.376064241
v -0.651031142 -0.303137900 -0.381179525
v -0.628522829 -0.313665560 -0.385676150
v -0.605554845 -0.323447249 -0.389480497
v -0.582206226 -0.332527898 -0.392644383
v -0.558511182 -0.340885913 -0.395157143
v -0.534505981 -0.348499804 -0.397008622
v -0.510229697 -0.355350880 -0.398191490
v -0.485723493 -0.361423447 -0.398701260
v -0.461029954 -0.366704902 -0.398536236
v -0.436192478 -0.371185750 -0.397697399
v -0.411254723 -0.374859542 -0.396188250
v -0.386260134 -0.377722770 -0.394014621
v -0.361251523 -0.379774708 -0.391184470
v -0.336270833 -0.381016083 -0.387706752
v -0.311365886 -0.381397350 -0.383551083
v -0.286574024 -0.380975479 -0.378770810
v -0.261945885 -0.379704910 -0.373339295
v -0.237516642 -0.377623585 -0.367294080
v -0.213338085 -0.374700986 -0.360620819
v -0.189450356 -0.370953813 -0.353340845
v -0.165894655 -0.366390698 -0.345469139
v -0.142714320 -0.361015437 -0.337017134
v -0.119951074 -0.354836418 -0.327999543
v -0.097646163 -0.347863351 -0.318431928
v -0.075850956 -0.340091908 -0.308320358
v -0.054589821 -0.331558926 -0.297698633
v -0.033920100 -0.322254754 -0.286569265
v -0.013869118 -0.312210689 -0.274961713
v 0.005519509 -0.301437538 -0.262891754
v 0.024205438 -0.289951732 -0.250378700
v 0.042151775 -0.277774127 -0.237444367
v 0.059325065 -0.264929008 -0.224112259
v 0.075681497 -0.251433195 -0.210401184
v 0.091196019 -0.237319040 -0.196338559
v 0.105821394 -0.222603976 -0.181942964
v 0.119534370 -0.207323024 -0.167242332
v 0.132302173 -0.191505371 -0.152260789
v 0.144094799 -0.175182953 -0.137023428
v 0.154876285 -0.158386337 -0.121554244
v 0.164631853 -0.141156625 -0.105881791
v 0.173327072 -0.123527398 -0.090030545
v 0.180948306 -0.105541047 -0.074028482
v 0.187469590 -0.087236449 -0.057901618
v 0.192873563 -0.068656226 -0.041677214
v 0.197149247 -0.049844864 -0.025382835
v 0.200284878 -0.030846878 -0.009045801
v 0.202272197 -0.011707683 0.007306442
v 0.203106404 0.007526770 0.023646403
v 0.202786183 0.026810333 0.039946627
v 0.201313818 0.046097006 0.056179782
v 0.198691059 0.065340975 0.072318309
v 0.194925850 0.084496915 0.088334905
v 0.190035379 0.103521375 0.104203465
v 0.184025569 0.122370227 0.119896224
v 0.176921547 0.141003235 0.135388361
v 0.168729445 0.159377029 0.150651290
v 0.159479734 0.177454704 0.165661301
v 0.149193858 0.195198435 0.180392919
v 0.137897563 0.212572700 0.194821786
v 0.125612034 0.229540868 0.208921910
v 0.112368521 0.246071101 0.222670489
v 0.098197438 0.262132543 0.236044844
v 0.083131884 0.277696782 0.249023663
v 0.067199280 0.292732889 0.261583129
v 0.050431076 0.307212471 0.273700987
v 0.032862983 0.321110602 0.285357341
v 0.014535072 0.334407004 0.296535643
v -0.004518081 0.347078311 0.307216610
v -0.024264494 0.359098361 0.317378477
v -0.044664462 0.370448599 0.327005328
v -0.065675278 0.381114947 0.336084664
v -0.087260883 0.391076694 0.344598549
v -0.109382277 0.400316372 0.352531513
v -0.131997821 0.408820520 0.359871220
v -0.155063763 0.416580548 0.366609218
v -0.178540616 0.423581935 0.372732215
v -0.202393281 0.429797540 0.378216564
v -0.226563733 0.435254503 0.383082798
v -0.251027184 0.439897237 0.387283973
v -0.275726849 0.443757733 0.390844648
v -0.300621510 0.446829662 0.393758130
v -0.325674083 0.449076589 0.395992905
v -0.350836130 0.450515571 0.397561419
v -0.376063679 0.451149408 0.398464465
v -0.401313531 0.450976111 0.398698891
v -0.426542279 0.449996695 0.398264045
v -0.451706844 0.448215334 0.397161916
v -0.476765079 0.445639443 0.395397225
v -0.501671551 0.442259939 0.392960916
v -0.526378259 0.438071457 0.389846947
v -0.550851091 0.433114661 0.386087931
v -0.575054939 0.427409063 0.381698919
v -0.598928359 0.420914165 0.376644331
v -0.622439594 0.413669631 0.370956079
v -0.645575283 0.405731073 0.364679906
v -0.668229611 0.397002683 0.357732974
v -0.690445923 0.387628546 0.350236275
v -0.712106905 0.377511644 0.342105642
v -0.733259948 0.366777677 0.333446948
v -0.753770389 0.355330707 0.324176425
v -0.773714963 0.343309316 0.314411558
v -0.792943326 0.330621389 0.304071315
v -0.811514216 0.317372137 0.293244926
v -0.829379208 0.303567371 0.281935815
v -0.846437089 0.289179532 0.270118120
v -0.862763817 0.274307027 0.257875941
v -0.878283727 0.258941807 0.245200408
v -0.892911543 0.243078626 0.232084719
v -0.906723729 0.226800061 0.218599835
v -0.919696389 0.210128797 0.204763979
v -0.931669062 0.193034931 0.190547702
v -0.942738868 0.175598553 0.176020494
v -0.952902235 0.157852063 0.161209269
v -0.962141075 0.139821958 0.146135613
v -0.970300757 0.121502559 0.130790458
v -0.977489823 0.102959502 0.115231588
v -0.983708351 0.084224820 0.099485728
v -0.988945081 0.065327588 0.083576822
v -0.993137635 0.046292006 0.067523319
v -0.996236851 0.027149129 0.051349763
v -0.998330787 0.007941068 0.035093753
v -0.999415554 -0.011301834 0.018780503
v -0.999489054 -0.030549119 0.002435378
v -0.998489455 -0.049766713 -0.013914912
v -0.996397254 -0.068917494 -0.030239926
v -0.993299125 -0.087973793 -0.046514153
v -0.989200509 -0.106905516 -0.062712327
v -0.984108616 -0.125682863 -0.078809376
v -0.977955217 -0.144259385 -0.094768442
v -0.970761334 -0.162602142 -0.110561453
v -0.962608065 -0.180695876 -0.126173419
v -0.953509807 -0.198512770 -0.141580734
v -0.943472356 -0.216021945 -0.156757478
v -0.932387707 -0.233146038 -0.171642127
v -0.920413846 -0.249906187 -0.186247930
v -0.907571655 -0.266277821 -0.200553822
v -0.893855851 -0.282222654 -0.214528036
v -0.879200737 -0.297664193 -0.228108623
v -0.863752796 -0.312641569 -0.241324175
v -0.847538207 -0.327134584 -0.254157151
v -0.830464187 -0.341036192 -0.266520913
v -0.812664120 -0.354394230 -0.278451686
v -0.794188725 -0.367207268 -0.289946915
v -0.774939396 -0.379340428 -0.300896975
v -0.755079374 -0.390889432 -0.311377182
v -0.734587925 -0.401783237 -0.321328978
v -0.713491338 -0.411993079 -0.330727756
v -0.691867262 -0.421550635 -0.339597839
v -0.669691181 -0.430360204 -0.347860302
v -0.647064623 -0.438494929 -0.355573351
v -0.623972139 -0.445858233 -0.362657131
v -0.600490578 -0.452497639 -0.369149210
v -0.576647520 -0.458384247 -0.375024909
v -0.552471352 -0.463472540 -0.380245743
v -0.528026614 -0.467814466 -0.384853305
v -0.503340655 -0.471366822 -0.388811087
v -0.478452074 -0.474097461 -0.392091512
v -0.453414085 -0.476044135 -0.394724701
v -0.428266471 -0.477194948 -0.396699891
v -0.403051179 -0.477541406 -0.398009109
v -0.377811567 -0.477078447 -0.398647212
v -0.352591724 -0.475804375 -0.398611849
v -0.327435853 -0.473720734 -0.397903371
v -0.302387740 -0.470832119 -0.396524677
v -0.277490298 -0.467145950 -0.394481040
v -0.252785195 -0.462672224 -0.391779902
v -0.228315978 -0.457413674 -0.388422641
v -0.204135226 -0.451353272 -0.384394049
v -0.180268113 -0.444545031 -0.379738426
v -0.156776597 -0.436955633 -0.374426833
v -0.133682343 -0.428636439 -0.368501404
v -0.111044817 -0.419568294 -0.361944946
v -0.088897325 -0.409779677 -0.354780289
v -0.067277934 -0.399288761 -0.347021555
v -0.046227956 -0.388109934 -0.338679581
v -0.025785988 -0.376261732 -0.329768609
v -0.005987589 -0.363766014 -0.320305590
v 0.013118110 -0.350633004 -0.310297351
v 0.031506765 -0.336896021 -0.299770293
v 0.049136764 -0.322573599 -0.288737917
v 0.065980288 -0.307695199 -0.277222902
v 0.081997106 -0.292282176 -0.265240567
v 0.097152628 -0.276361165 -0.252810396
v 0.111415385 -0.259961431 -0.239953736
v 0.124759153 -0.243115295 -0.226694198
v 0.137161408 -0.225856659 -0.213056375
v 0.148576170 -0.208211021 -0.199056330
v 0.158993063 -0.190218920 -0.184723425
v 0.168382461 -0.171914096 -0.170079888
v 0.176719933 -0.153333366 -0.155149940
v 0.183985644 -0.134515702 -0.139959033
v 0.190163788 -0.115501557 -0.124533306
v 0.195230510 -0.096331183 -0.108897296
v 0.199179621 -0.077048103 -0.093078715
v 0.201991326 -0.057695369 -0.077102970
v 0.203664554 -0.038317957 -0.060997944
v 0.204191357 -0.018960925 -0.044790352
v 0.203567983 0.000329928 -0.028507340
v 0.201791692 0.019508098 -0.012176238
v 0.198869740 0.038527811 0.004175280
v 0.194808737 0.057343349 0.020519735
v 0.189618714 0.075909620 0.036829642
v 0.183313130 0.094182510 0.053077592
v 0.175908949 0.112119283 0.069236362
v 0.167426676 0.129679016 0.085279065
v 0.157878277 0.146817691 0.101177339
v 0.147301038 0.163502387 0.116906364
v 0.135710749 0.179691827 0.132437861
v 0.123144058 0.195355651 0.147747416
v 0.109627568 0.210459584 0.162808612
v 0.095191040 0.224971703 0.177595491
v 0.079867722 0.238863160 0.192083001
v 0.063694643 0.252109108 0.206247637
v 0.046711424 0.264688631 0.220067646
v 0.028941754 0.276567513 0.233513753
v 0.010434457 0.287734830 0.246568740
v -0.008774967 0.298169013 0.259209465
v -0.028649259 0.307850630 0.271413605
v -0.049147990 0.316764598 0.283161091
v -0.070227750 0.324901312 0.294435082
v -0.091855937 0.332236424 0.305209400
v -0.113981531 0.338773711 0.315475323
v -0.136573508 0.344485464 0.325203924
v -0.159581076 0.349379040 0.334388916
v -0.182964429 0.353443412 0.343012041
v -0.206681727 0.356671343 0.351057400
v -0.230689552 0.359060041 0.358512107
v -0.254943604 0.360611848 0.365367031
v -0.279401836 0.361323408 0.371609030
v -0.304023500 0.361177037 0.377213917
v -0.328758992 0.360217451 0.382204565
v -0.353571075 0.358388395 0.386527110
v -0.378412196 0.355748201 0.390215663
v -0.403241150 0.352289540 0.393254011
v -0.428012319 0.347987983 0.395611304
v -0.452684506 0.342883984 0.397309107
v -0.477215285 0.336983491 0.398341399
v -0.501562209 0.330295337 0.398704441
v -0.525683285 0.322831317 0.398396961
v -0.549537513 0.314606209 0.397420311
v -0.573085495 0.305637718 0.395778569
v -0.596290074 0.295946333 0.393478601
v -0.619098532 0.285525272 0.390501794
v -0.641472340 0.274399515 0.386858254
v -0.663391625 0.262615714 0.382579928
v -0.684825461 0.250196755 0.377677200
v -0.705680481 0.237099346 0.372092442
v -0.725992008 0.223427394 0.365916797
v -0.745683368 0.209157908 0.359112920
v -0.764730813 0.194328177 0.351704457
v -0.783116351 0.178972898 0.343714445
v -0.800780299 0.163099335 0.335133804
v -0.817719210 0.146751986 0.325996991
v -0.833900507 0.129957010 0.316316682
v -0.849261962 0.112723964 0.306085023
v -0.863873496 0.095129476 0.295380230
v -0.877549647 0.077132323 0.284123569
v -0.890410656 0.058824121 0.272417661
v -0.902424594 0.040228011 0.260272999
v -0.913437494 0.021336136 0.247645208
v -0.923577093 0.002223529 0.234625609
v -0.932824562 -0.017082530 0.221231253
v -0.941020451 -0.036574859 0.207428401
v -0.948264798 -0.056198861 0.193285277
v -0.954567856 -0.075920929 0.178831185
v -0.959908069 -0.095711532 0.164084316
v -0.964134170 -0.115540739 0.149031103
v -0.967386603 -0.135368655 0.133738077
v -0.969658271 -0.155164478 0.118228035
v -0.970943782 -0.174897239 0.102524328
v -0.971138937 -0.194523068 0.086636159
v -0.970295831 -0.214011080 0.070601042
v -0.968462760 -0.233335267 0.054451663
v -0.965641770 -0.252464976 0.038212974
v -0.961836673 -0.271369818 0.021910155
v -0.956938033 -0.289985972 0.005567032
v -0.951046422 -0.308303931 -0.010783930
v -0.944195366 -0.326301096 -0.027116410
v -0.936395966 -0.343949052 -0.043404999
v -0.927660987 -0.361220044 -0.059624402
v -0.917889553 -0.378032184 -0.075734267
v -0.907198742 -0.394399265 -0.091716632
v -0.895623943 -0.410303817 -0.107548813
v -0.883184561 -0.425721562 -0.123206653
v -0.869870348 -0.440608940 -0.138657956
v -0.855639361 -0.454895678 -0.153857070
v -0.840615143 -0.468622097 -0.168805603
v -0.824822838 -0.481768472 -0.183481623
v -0.808267549 -0.494297901 -0.197854464
v -0.790899067 -0.506118691 -0.211863465
v -0.772850929 -0.517301273 -0.225531784
v -0.754152706 -0.527831344 -0.238840733
v -0.734759055 -0.537608634 -0.251721645
v -0.714746171 -0.546661105 -0.264178012
v -0.694184483 -0.555020962 -0.276218135
v -0.673040236 -0.562582724 -0.287766369
v -0.651385085 -0.569381203 -0.298832804
v -0.629286219 -0.575457284 -0.309433470
v -0.606696985 -0.580652076 -0.319453427
v -0.583743706 -0.585119533 -0.328984159
v -0.560408484 -0.588733711 -0.337929903
v -0.536764769 -0.591568665 -0.346331579
v -0.512830711 -0.593556378 -0.354130688
v -0.488665317 -0.594755532 -0.361359484
v -0.464290617 -0.595083885 -0.367947246
v -0.439768439 -0.594639407 -0.373956786
v -0.415122947 -0.593314856 -0.379297032
v -0.390408013 -0.591184649 -0.384014046
v -0.365662398 -0.588256670 -0.388104710
v -0.340928354 -0.584482829 -0.391520607
v -0.316250728 -0.579890999 -0.394273059
v -0.291670022 -0.574504619 -0.396370931
v -0.267228440 -0.568325636 -0.397805616
v -0.242968832 -0.561359713 -0.398571319
v -0.218934030 -0.553616006 -0.398665040
v -0.195166269 -0.545106887 -0.398086493
v -0.171706696 -0.535847637 -0.396837972
v -0.148594977 -0.525856107 -0.394924179
v -0.125868976 -0.515152383 -0.392352033
v -0.103575693 -0.503742100 -0.389114781
v -0.081758810 -0.491639768 -0.385213519
v -0.060435381 -0.478894098 -0.380682890
v -0.039676001 -0.465486573 -0.375491281
v -0.019484144 -0.451477644 -0.369685881
v 0.000075792 -0.436861799 -0.363246844
v 0.018980067 -0.421676252 -0.356197969
v 0.037196199 -0.405947994 -0.348552782
v 0.054687463 -0.389701221 -0.340321500
v 0.071420823 -0.372963580 -0.331517874
v 0.087367056 -0.355765253 -0.322158475
v 0.102491152 -0.338133651 -0.312256135
v 0.116758198 -0.320097530 -0.301824591
v 0.130154319 -0.301695237 -0.290890111
v 0.142642369 -0.282955151 -0.279465142
v 0.154193584 -0.263910661 -0.267567841
v 0.164790953 -0.244599001 -0.255221980
v 0.174410921 -0.225055561 -0.242447882
v 0.183025187 -0.205315868 -0.229264309
v 0.190616845 -0.185418598 -0.215694870
v 0.197172508 -0.165403136 -0.201764099
v 0.202672122 -0.145308676 -0.187494041
v 0.207095696 -0.125176004 -0.172907247
v 0.210437718 -0.105047105 -0.158030333
v 0.212686537 -0.084964417 -0.142887870
v 0.213827256 -0.064972033 -0.127503913
v 0.213864505 -0.045113091 -0.111906468
v 0.212789036 -0.025433014 -0.096120527
v 0.210606121 -0.005975751 -0.080173403
v 0.207308544 0.013211026 -0.064090676
v 0.202910555 0.032084027 -0.047900466
v 0.197419579 0.050598019 -0.031629762
v 0.190846980 0.068708406 -0.015305849
v 0.183207688 0.086371522 0.001043835
v 0.174519944 0.103544918 0.017391799
v 0.164805122 0.120187661 0.033710579
v 0.154084477 0.136258701 0.049972541
v 0.142386117 0.151721127 0.066150311
v 0.129740823 0.166540624 0.082216887
v 0.116181616 0.180685584 0.098145726
v 0.101733063 0.194118214 0.113908483
v 0.086441290 0.206819384 0.129481032
v 0.070330252 0.218751699 0.144834139
v 0.053445949 0.229899146 0.159944196
v 0.035825141 0.240238624 0.174785383
v 0.017507093 0.249750845 0.189332763
v -0.001466379 0.258421288 0.203562902
v -0.021061908 0.266224723 0.217447714
v -0.041227446 0.273164205 0.230970346
v -0.061932378 0.279211562 0.244100589
v -0.083127341 0.284370061 0.256821646
v -0.104771723 0.288630326 0.269111130
v -0.126822993 0.291987888 0.280948815
v -0.149238400 0.294440691 0.292315683
v -0.171980308 0.295971960 0.303184397
v -0.194997293 0.296608766 0.313551795
v -0.218255279 0.296322101 0.323383087
v -0.241706257 0.295134457 0.332672978
v -0.265308431 0.293048051 0.341404641
v -0.289019739 0.290066203 0.349561766
v -0.312797667 0.286196849 0.357130943
v -0.336600048 0.281453021 0.364102381
v -0.360385359 0.275842428 0.370462801
v -0.384109752 0.269358754 0.376188060
v -0.407736453 0.262056735 0.381299661
v -0.431215934 0.253895511 0.385746782
v -0.454517363 0.244943418 0.389563030
v -0.477594879 0.235190256 0.392720545
v -0.500405029 0.224646190 0.395206724
v -0.522915258 0.213350350 0.397034052
v -0.545085947 0.201319084 0.398195967
v -0.566878098 0.188571548 0.398688148
v -0.588253806 0.175129671 0.398508709
v -0.609176773 0.161018052 0.397658363
v -0.629612871 0.146263772 0.396140541
v -0.649530724 0.130896115 0.393961469
v -0.668902312 0.114946183 0.391130168
v -0.687658907 0.098408516 0.387611829
v -0.705796977 0.081341585 0.383445626
v -0.723305950 0.063787936 0.378656471
v -0.740119022 0.045749441 0.373215584
v -0.756212497 0.027264443 0.367139065
v -0.771614986 0.008393414 0.360482022
v -0.786185250 -0.010888745 0.353163391
v -0.800044105 -0.030481504 0.345307769
v -0.813012548 -0.050414696 0.336813832
v -0.825234823 -0.070594860 0.327811791
v -0.836514610 -0.091040764 0.318200310
v -0.846990090 -0.111675533 0.308095292
v -0.856547456 -0.132485589 0.297455138
v -0.865190787 -0.153430853 0.286309771
v -0.872980957 -0.174468119 0.274716817
v -0.879746540 -0.195573504 0.262616061
v -0.885603318 -0.216702453 0.250090750
v -0.890562004 -0.237822699 0.237168342
v -0.894482178 -0.258892820 0.223814877
v -0.897441746 -0.279879621 0.210088649
v -0.899474400 -0.300753378 0.196025669
v -0.900551651 -0.321477774 0.181638666
v -0.900555636 -0.341993645 0.166916303
v -0.899620954 -0.362291584 0.151925639
v -0.897746752 -0.382339712 0.136688709
v -0.894933854 -0.402106332 0.121228177
v -0.891049937 -0.421510207 0.105541754
v -0.886229478 -0.440559961 0.089683783
v -0.880486683 -0.459227885 0.073680142
v -0.873829535 -0.477484136 0.057555420
v -0.866239644 -0.495284654 0.041332361
v -0.857657946 -0.512558390 0.025034436
v -0.848199864 -0.529328491 0.008697214
v -0.837880197 -0.545568294 -0.007653886
v -0.826715282 -0.561252063 -0.023993409
v -0.814694675 -0.576333787 -0.040293662
v -0.801780890 -0.590741096 -0.056520547
v -0.788084486 -0.604515408 -0.072653544
v -0.773627788 -0.617635573 -0.088667734
v -0.758434392 -0.630081679 -0.104538507
v -0.742479622 -0.641783681 -0.120227654
v -0.725787634 -0.652713784 -0.135704769
v -0.708442745 -0.662912481 -0.150960479
v -0.690473259 -0.672365554 -0.165972077
v -0.671888084 -0.681032423 -0.180707017
v -0.652667563 -0.688824551 -0.195111853
v -0.632919814 -0.695832342 -0.209201656
v -0.612676461 -0.702047872 -0.222956671
v -0.591926575 -0.707384006 -0.236320540
v -0.570715706 -0.711844470 -0.249275471
v -0.549115784 -0.715494463 -0.261835065
v -0.527135475 -0.718269991 -0.273950472
v -0.504799251 -0.720129023 -0.285581209
v -0.482184096 -0.721175479 -0.296765851
v -0.459293653 -0.721299498 -0.307425595
v -0.436182795 -0.720553793 -0.317572953
v -0.412895909 -0.718966005 -0.327207517
v -0.389455717 -0.716444213 -0.336254600
v -0.365920868 -0.713122768 -0.344782391
v -0.342317331 -0.708857555 -0.352678130
v -0.318694068 -0.703800778 -0.360026885
v -0.295089645 -0.697840575 -0.366732960
v -0.271543604 -0.691067987 -0.372842699
v -0.248094250 -0.683475496 -0.378333810
v -0.224792033 -0.675027327 -0.383158787
v -0.201664314 -0.665804689 -0.387362523
v -0.178750506 -0.655808684 -0.390928332
v -0.156109765 -0.645000216 -0.393802565
v -0.133766169 -0.633446877 -0.396022056
v -0.111758164 -0.621164997 -0.397581291
v -0.090125480 -0.608170382 -0.398473828
v -0.068907062 -0.594482291 -0.398696020
v -0.048140559 -0.580123029 -0.398246941
v -0.027861915 -0.565117521 -0.397128273
v -0.008105041 -0.549492880 -0.395344145
v 0.011098410 -0.533277999 -0.392900938
v 0.029696512 -0.516483435 -0.389783205
v 0.047667251 -0.499149338 -0.386009500
v 0.064997293 -0.481318688 -0.381604183
v 0.081610616 -0.462989836 -0.376532589
v 0.097525296 -0.444226438 -0.370847434
v 0.112675482 -0.425038130 -0.364526422
v 0.127048498 -0.405467422 -0.357593775
v 0.140619796 -0.385548666 -0.350062694
v 0.153359532 -0.365314480 -0.341942754
v 0.165242343 -0.344800002 -0.333247192
v 0.176247258 -0.324041948 -0.323992182
v 0.186357479 -0.303077845 -0.314196192
v 0.195527054 -0.281940642 -0.303861365
v 0.203772871 -0.260674314 -0.293025288
v 0.211042765 -0.239313436 -0.281688011
v 0.217342909 -0.217899733 -0.269880288
v 0.222653180 -0.196472519 -0.257619149
v 0.226959484 -0.175072305 -0.244924766
v 0.230253026 -0.153739947 -0.231819508
v 0.232515828 -0.132518041 -0.218322274
v 0.233748611 -0.111447821 -0.204458968
v 0.233938531 -0.090573263 -0.190250559
v 0.233088280 -0.069936230 -0.175723037
v 0.231193264 -0.049580857 -0.160899856
v 0.228254316 -0.029550971 -0.145805994
v 0.224276813 -0.009889730 -0.130467316
v 0.219261962 0.009357056 -0.114908631
v 0.213221190 0.028146611 -0.099156762
v 0.206164535 0.046434704 -0.083238023
v 0.198109712 0.064180322 -0.067179650
v 0.189068792 0.081338430 -0.051007992
v 0.179062145 0.097867740 -0.034750438
v 0.168114828 0.113729759 -0.018434535
v 0.156251960 0.128885840 -0.002087662
v 0.143501618 0.143299312 0.014262713
v 0.129894566 0.156935713 0.030589101
v 0.115464065 0.169763069 0.046864080
v 0.100245717 0.181752248 0.063060386
v 0.084273857 0.192873044 0.079150404
v 0.067588140 0.203101908 0.095107061
v 0.050232540 0.212422906 0.110904608
v 0.032240326 0.220806051 0.126514357
v 0.013660518 0.228246009 0.141912324
v -0.005467116 0.234725534 0.157071966
v -0.025101709 0.240229816 0.171966773
v -0.045199160 0.244751830 0.186572028
v -0.065716655 0.248283958 0.200862628
v -0.086608623 0.250828315 0.214816597
v -0.107833838 0.252378345 0.228408928
v -0.129347490 0.252940818 0.241619363
v -0.151110502 0.252503434 0.254419828
v -0.173077197 0.251082356 0.266793723
v -0.195205650 0.248683827 0.278720677
v -0.217455375 0.245302817 0.290174551
v -0.239783088 0.240960525 0.301141764
v -0.262148004 0.235669697 0.311605240
v -0.284509396 0.229434534 0.321542970
v -0.306826328 0.222267141 0.330936995
v -0.329059234 0.214191286 0.339776483
v -0.351168445 0.205220515 0.348044735
v -0.373114944 0.195372884 0.355727834
v -0.394861237 0.184671229 0.362815354
v -0.416369079 0.173133440 0.369293599
v -0.437594861 0.160765697 0.375139033
v -0.458515926 0.147627789 0.380370643
v -0.479077044 0.133699365 0.384942973
v -0.499264725 0.119051207 0.388886705
v -0.519025488 0.103674697 0.392163907
v -0.538331440 0.087609322 0.394779046
v -0.557155858 0.070892373 0.396736102
v -0.575464454 0.053549570 0.398027981
v -0.593224175 0.035609215 0.398649789
v -0.610403638 0.017102066 0.398599029
v -0.626973600 -0.001938888 0.397875776
v -0.642907443 -0.021478722 0.396482813
v -0.658181673 -0.041480982 0.394425719
v -0.672776402 -0.061908181 0.391712889
v -0.686667657 -0.082726363 0.388348255
v -0.699783895 -0.103920941 0.384295598
v -0.712163006 -0.125425918 0.379614902
v -0.723800650 -0.147203264 0.374324551
v -0.734570769 -0.169248054 0.368349291
v -0.744575440 -0.191486391 0.361793245
v -0.753727078 -0.213899454 0.354612695
v -0.762039945 -0.236441078 0.346842098
v -0.769490575 -0.259075682 0.338486717
v -0.776073857 -0.281762541 0.329566038
v -0.781754726 -0.304464287 0.320079170
v -0.786592370 -0.327143008 0.310083812
v -0.790450195 -0.349752638 0.299521175
v -0.793471847 -0.372267456 0.288494401
v -0.795544862 -0.394635773 0.276962778
v -0.796689876 -0.416821889 0.264958977
v -0.796975816 -0.438804929 0.252537274
v -0.796297102 -0.460520274 0.239668452
v -0.794688374 -0.481938236 0.226390518
v -0.792213840 -0.503044251 0.212751325
v -0.788849303 -0.523794576 0.198760357
v -0.784497396 -0.544106799 0.184403449
v -0.779289583 -0.564000963 0.169750739
v -0.773231446 -0.583445385 0.154823406
v -0.766309508 -0.602396125 0.139637696
v -0.758444637 -0.620762596 0.124195329
v -0.749760685 -0.638580995 0.108552711
v -0.740269867 -0.655822540 0.092733520
v -0.729985909 -0.672459318 0.076761886
v -0.718859409 -0.688408355 0.060653684
v -0.706929330 -0.703654894 0.044441308
v -0.694261720 -0.718213581 0.028157457
v -0.680876272 -0.732061046 0.011827419
v -0.666793978 -0.745175150 -0.004523405
v -0.651977626 -0.757464199 -0.020866697
v -0.636481376 -0.768935560 -0.037173042
v -0.620364663 -0.779610526 -0.053417555
v -0.603653357 -0.789472722 -0.069575044
v -0.586374310 -0.798507261 -0.085620543
v -0.568497424 -0.806604059 -0.101511033
v -0.550096496 -0.813813182 -0.117228861
v -0.531220598 -0.820155353 -0.132755253
v -0.511900019 -0.825622283 -0.148066818
v -0.492145968 -0.830161328 -0.163127145
v -0.471972424 -0.833712329 -0.177893906
v -0.451456329 -0.836369911 -0.192372470
v -0.430629983 -0.838132713 -0.206542098
v -0.409505743 -0.838926859 -0.220353804
v -0.388119449 -0.838739883 -0.233778457
v -0.366529987 -0.837662101 -0.246830206
v -0.344766186 -0.835673753 -0.259480184
v -0.322847629 -0.832658465 -0.271651192
v -0.300833461 -0.828773130 -0.283394491
v -0.278753783 -0.823976986 -0.294668705
v -0.256644167 -0.818202579 -0.305414161
v -0.234543628 -0.811594672 -0.315687782
v -0.212494673 -0.804023451 -0.325390762
v -0.190527463 -0.795610011 -0.334572262
v -0.168686758 -0.786308503 -0.343179081
v -0.147004473 -0.776162703 -0.351216072
v -0.125524010 -0.765168277 -0.358654122
v -0.104271122 -0.753377706 -0.365506770
v -0.083304017 -0.740749613 -0.371715102
v -0.062627207 -0.727387934 -0.377334535
v -0.042311022 -0.713231995 -0.382287939
v -0.022372581 -0.698350538 -0.386603321
v -0.002837228 -0.682779896 -0.390285503
v 0.016252706 -0.666529016 -0.393313568
v 0.034841643 -0.649598084 -0.395653591
v 0.052921874 -0.632050516 -0.397336425
v 0.070459137 -0.613911055 -0.398354995
v 0.087420708 -0.595207695 -0.398705006
v 0.103775808 -0.575971152 -0.398384896
v 0.119495917 -0.556234345 -0.397395730
v 0.134554990 -0.536031893 -0.395741051
v 0.148929595 -0.515399646 -0.393426699
v 0.162562247 -0.494356076 -0.390427950
v 0.175462850 -0.472956589 -0.386782004
v 0.187614871 -0.451238850 -0.382499935
v 0.198949220 -0.429222746 -0.377550714
v 0.209498381 -0.406964911 -0.371985989
v 0.219201905 -0.384491691 -0.365783593
v 0.228058491 -0.361847488 -0.358967600
v 0.236053526 -0.339071837 -0.351551168
v 0.243165932 -0.316203860 -0.343543205
v 0.249379681 -0.293284095 -0.334956416
v 0.254683463 -0.270353564 -0.325806558
v 0.259070288 -0.247453069 -0.316111786
v 0.262515862 -0.224625146 -0.305880455
v 0.265024386 -0.201910469 -0.295137159
v 0.266579058 -0.179352564 -0.283894963
v 0.267183952 -0.156991831 -0.272177750
v 0.266829233 -0.134871779 -0.260002267
v 0.265511338 -0.113035546 -0.247388525
v 0.263232024 -0.091525231 -0.234358826
v 0.259997512 -0.070381487 -0.220936989
v 0.255797312 -0.049652939 -0.207140231
v 0.250652137 -0.029375435 -0.192997637
v 0.244560902 -0.009595450 -0.178529818
v 0.237532557 0.009643950 -0.163761040
v 0.229581458 0.028302011 -0.148716974
v 0.220718761 0.046334834 -0.133422115
v 0.210966515 0.063705151 -0.117903585
v 0.200341863 0.080371295 -0.102186873
v 0.188865339 0.096292886 -0.086298119
v 0.176560794 0.111431017 -0.070264022
v 0.163458247 0.125752021 -0.054112008
v 0.149586045 0.139219900 -0.037868982
v 0.134975766 0.151801201 -0.021562193
v 0.119660962 0.163464005 -0.005219056
v 0.103678463 0.174180170 0.011132843
v 0.087067406 0.183924940 0.027465967
v 0.069867898 0.192675427 0.043752848
v 0.052121632 0.200412010 0.059966125
v 0.033871655 0.207118710 0.076078683
v 0.015161220 0.212781392 0.092063504
v -0.003967994 0.217382530 0.107892668
v -0.023467065 0.220926419 0.123541584
v -0.043296120 0.223393460 0.138981297
v -0.063407586 0.224790965 0.154187700
v -0.083757819 0.225117357 0.169134941
v -0.104303195 0.224374092 0.183797608
v -0.125000114 0.222567675 0.198151511
v -0.145805868 0.219705804 0.212172807
v -0.166678622 0.215789037 0.225834858
v -0.187576232 0.210840052 0.239118686
v -0.208458237 0.204869616 0.252001340
v -0.229284367 0.197887990 0.264459325
v -0.250014792 0.189910340 0.276470890
v -0.270610886 0.180957391 0.288016853
v -0.291036288 0.171056074 0.299081661
v -0.311251515 0.160215180 0.309640369
v -0.331224123 0.148472277 0.319683726
v -0.350911583 0.135828145 0.329181113
v -0.370284885 0.122326521 0.338127706
v -0.389309182 0.107990212 0.346506431
v -0.407951315 0.092846174 0.354302887
v -0.426180695 0.076925565 0.361506036
v -0.443964604 0.060254973 0.368101498
v -0.461263544 0.042853099 0.374066883
v -0.478069043 0.024781068 0.379418459
v -0.494326783 0.006038393 0.384115671
v -0.510040189 -0.013305450 0.388186651
v -0.525146919 -0.033253178 0.391584017
v -0.539644971 -0.053745318 0.394328159
v -0.553511194 -0.074745814 0.396415111
v -0.566718818 -0.096221217 0.397837261
v -0.579242855 -0.118135842 0.398589146
v -0.591060482 -0.140451996 0.398667667
v -0.602151435 -0.163130286 0.398072262
v -0.612498409 -0.186130021 0.396805065
v -0.622087433 -0.209409696 0.394870998
v -0.630908219 -0.232927588 0.392277824
v -0.638954462 -0.256642439 0.389036104
v -0.646186765 -0.280519449 0.385129431
v -0.652584839 -0.304515537 0.380558683
v -0.658191386 -0.328584120 0.375372862
v -0.662954722 -0.352688849 0.369547052
v -0.666860628 -0.376785198 0.363087225
v -0.669969986 -0.400837273 0.356051970
v -0.672157418 -0.424791760 0.348367959
v -0.673569912 -0.448628007 0.340152119
v -0.674041702 -0.472275428 0.331307575
v -0.673729689 -0.495728450 0.321953023
v -0.672508922 -0.518913151 0.312023196
v -0.670461026 -0.541814493 0.301584395
v -0.667589105 -0.564395049 0.290652929
v -0.663810519 -0.586578398 0.279195955
v -0.659252830 -0.608381772 0.267301889
v -0.653855644 -0.629735275 0.254952007
v -0.647598961 -0.650583515 0.242152205
v -0.640579296 -0.670943213 0.228968022
v -0.632786529 -0.690769155 0.215408904
v -0.624132602 -0.709950682 0.201450872
v -0.614747361 -0.728540887 0.187170637
v -0.604642755 -0.746509599 0.172588436
v -0.593797528 -0.763793191 0.157712368
v -0.582187433 -0.780316653 0.142552590
v -0.569908802 -0.796127668 0.127162913
v -0.556979413 -0.811200203 0.111566379
v -0.543418335 -0.825509368 0.095786562
v -0.529166414 -0.838922370 0.079829381
v -0.514322647 -0.851510432 0.063741786
v -0.498918554 -0.863264200 0.047550789
v -0.482978049 -0.874164462 0.031281448
v -0.466523215 -0.884188245 0.014958873
v -0.449520104 -0.893200729 -0.001391462
v -0.432065046 -0.901307874 -0.017737667
v -0.414185763 -0.908496979 -0.034054296
v -0.395910704 -0.914756988 -0.050315981
v -0.377264631 -0.920066182 -0.066496089
v -0.358241086 -0.924301446 -0.082553066
v -0.338918172 -0.927582072 -0.098473635
v -0.319326644 -0.929904158 -0.114233408
v -0.299497581 -0.931265522 -0.129808411
v -0.279449140 -0.931592525 -0.145157390
v -0.259217875 -0.930879520 -0.160250993
v -0.238851773 -0.929208382 -0.175084306
v -0.218382473 -0.926584204 -0.189635689
v -0.197838595 -0.922942140 -0.203859427
v -0.177257201 -0.918269831 -0.217723285
v -0.156675651 -0.912669938 -0.231238106
v -0.136124604 -0.906154430 -0.244385590
v -0.115651005 -0.898572188 -0.257073941
v -0.095278013 -0.890097396 -0.269351511
v -0.075034002 -0.880753969 -0.281206215
v -0.054984536 -0.870391410 -0.292532680
v -0.035130927 -0.859194051 -0.303399342
v -0.015517804 -0.847127805 -0.313760228
v 0.003805761 -0.834164577 -0.323568338
v 0.022845516 -0.820435803 -0.332877457
v 0.041506447 -0.805810060 -0.341567594
v 0.059832666 -0.790482151 -0.349744890
v 0.077708469 -0.774311664 -0.357270654
v 0.095184932 -0.757473654 -0.364248768
v 0.112163281 -0.739884207 -0.370574427
v 0.128659243 -0.721642758 -0.376296824
v 0.144642715 -0.702771073 -0.381401917
v 0.160038872 -0.683250992 -0.385827504
v 0.174871426 -0.663171295 -0.389624710
v 0.189107904 -0.642555157 -0.392778315
v 0.202707301 -0.621423256 -0.395265863
v 0.215632806 -0.599804981 -0.397071315
v 0.227884415 -0.577754116 -0.398215082
v 0.239437517 -0.555305492 -0.398692228
v 0.250270021 -0.532496207 -0.398500551
v 0.260362542 -0.509365033 -0.397640498
v 0.269698505 -0.485951862 -0.396115021
v 0.278252114 -0.462294119 -0.393919342
v 0.285997105 -0.438431114 -0.391049062
v 0.292945403 -0.414410298 -0.387531050
v 0.299083182 -0.390271535 -0.383370290
v 0.304361927 -0.366053237 -0.378545615
v 0.308818311 -0.341801163 -0.373101478
v 0.312404585 -0.317556450 -0.367018274
v 0.315130142 -0.293362407 -0.360319340
v 0.316991705 -0.269260931 -0.353018081
v 0.317978326 -0.245295324 -0.345122719
v 0.318084403 -0.221509069 -0.336645401
v 0.317309112 -0.197944984 -0.327601451
v 0.315655840 -0.174644606 -0.318008694
v 0.313122863 -0.151651242 -0.307881699
v 0.309702982 -0.129011509 -0.297232038
v 0.305413932 -0.106762295 -0.286085836
v 0.300258382 -0.084946421 -0.274460067
v 0.294235861 -0.063609999 -0.262370271
v 0.287359011 -0.042792884 -0.249839005
v 0.279634939 -0.022538928 -0.236885778
v 0.271081794 -0.002885121 -0.223535314
v 0.261715984 0.016130373 -0.209810985
v 0.251543236 0.034459142 -0.195731277
v 0.240588451 0.052067506 -0.181322996
v 0.228871176 0.068916685 -0.166610104
v 0.216412715 0.084968219 -0.151616992
v 0.203238299 0.100186596 -0.136369179
v 0.189372492 0.114533932 -0.120891634
v 0.174843936 0.127975663 -0.105210413
v 0.159686225 0.140482956 -0.089352645
v 0.143931690 0.152024188 -0.073344665
v 0.127612984 0.162565708 -0.057212842
v 0.110770690 0.172086745 -0.040985019
v 0.093443469 0.180562546 -0.024688315
v 0.075672063 0.187971596 -0.008350083
v 0.057498863 0.194295586 0.008002213
v 0.038967545 0.199519457 0.024341083
v 0.020122754 0.203631507 0.040639091
v 0.001009127 0.206620229 0.056868648
v -0.018327455 0.208480132 0.073002342
v -0.037840684 0.209212288 0.089013397
v -0.057485181 0.208818848 0.104875299
v -0.077216668 0.207292286 0.120559647
v -0.096989829 0.204651585 0.136042164
v -0.116761364 0.200900917 0.151296126
v -0.136488153 0.196046676 0.166294679
v -0.156128659 0.190109133 0.181014148
v -0.175641794 0.183100242 0.195428771
v -0.194987376 0.175036128 0.209513585
v -0.214129363 0.165948314 0.223249010
v -0.233026146 0.155839263 0.236605108
v -0.251645240 0.144747437 0.249565128
v -0.269950543 0.132692758 0.262105561
v -0.287907590 0.119699682 0.274204561
v -0.305484440 0.105797633 0.285842752
v -0.322652832 0.091021346 0.297004250
v -0.339370821 0.075378752 0.307657341
v -0.355624923 0.058929924 0.317801734
v -0.371373267 0.041683807 0.327405480
v -0.386594300 0.023683029 0.336458447
v -0.401263634 0.004963681 0.344946981
v -0.415355946 -0.014440141 0.352856214
v -0.428849344 -0.034490934 0.360174520
v -0.441718295 -0.055155281 0.366886576
v -0.453931394 -0.076403255 0.372971660
v -0.465493446 -0.098175767 0.378443129
v -0.476356793 -0.120455888 0.383264874
v -0.486539200 -0.143179828 0.387461492
v -0.495974578 -0.166337075 0.390980803
v -0.504688576 -0.189862849 0.393853957
v -0.512661716 -0.213720104 0.396070944
v -0.519876447 -0.237869800 0.397623635
v -0.526317453 -0.262271125 0.398506014
v -0.531970684 -0.286882069 0.398713291
v -0.536830085 -0.311658461 0.398247543
v -0.540885030 -0.336557124 0.397106983
v -0.544133425 -0.361533738 0.395296964
v -0.546575479 -0.386544827 0.392824602
v -0.548215120 -0.411548210 0.389699845
v -0.549060028 -0.436503792 0.385935382
v -0.549046482 -0.461361242 0.381487395
v -0.548230504 -0.486082635 0.376407636
v -0.546643919 -0.510636286 0.370727150
v -0.544179198 -0.534950481 0.364369933
v -0.540961236 -0.559017627 0.357438992
v -0.536916221 -0.582771175 0.349884990
v -0.532102446 -0.606189313 0.341758997
v -0.526485844 -0.629213830 0.333042740
v -0.520129549 -0.651832435 0.323789708
v -0.512965877 -0.673961012 0.313958482
v -0.505118887 -0.695633649 0.303644665
v -0.496465047 -0.716716372 0.292769483
v -0.487130258 -0.737255613 0.281428039
v -0.477118396 -0.757210793 0.269630183
v -0.466357733 -0.776464927 0.257336653
v -0.454971520 -0.795084602 0.244637099
v -0.442969205 -0.813034457 0.231545082
v -0.430267729 -0.830161786 0.218018017
v -0.416993270 -0.846559815 0.204143562
v -0.403163788 -0.862201208 0.189940927
v -0.388764029 -0.877005328 0.175411013
v -0.373802247 -0.890916320 0.160569837
v -0.358354250 -0.903991041 0.145469945
v -0.342442816 -0.916207295 0.130133648
v -0.326080400 -0.927519477 0.114578711
v -0.309255715 -0.937817909 0.098814129
v -0.292049443 -0.947197112 0.082890193
v -0.274488156 -0.955641184 0.066831286
v -0.256599170 -0.963135820 0.050662138
v -0.238393673 -0.969607535 0.034404124
v -0.219900483 -0.975025485 0.018085958
v -0.201172857 -0.979459692 0.001739573
v -0.182240433 -0.982903017 -0.014609588
v -0.163133216 -0.985350077 -0.030936076
v -0.143874087 -0.986730924 -0.047209529
v -0.124497795 -0.987031121 -0.063399112
v -0.105045846 -0.986329010 -0.079483893
v -0.085548973 -0.984626707 -0.095439076
v -0.066037865 -0.981928101 -0.111240200
v -0.046548284 -0.978132100 -0.126841196
v -0.027114560 -0.973308161 -0.142225535
v -0.007765824 -0.967510700 -0.157378443
v 0.011468199 -0.960750902 -0.172277473
v 0.030544267 -0.952966913 -0.186876980
v 0.049425554 -0.944165541 -0.201147995
v 0.068097320 -0.934447168 -0.215095173
v 0.086532194 -0.923829641 -0.228699122
v 0.104658974 -0.912200059 -0.241882877
v 0.122478574 -0.899685594 -0.254668364
v 0.139975272 -0.886337829 -0.267051343
v 0.157073757 -0.872070946 -0.278956031
v 0.173771151 -0.856971759 -0.290394560
v 0.190069025 -0.841118512 -0.301381273
v 0.205854091 -0.824389422 -0.311803427
v 0.221187780 -0.806960363 -0.321740516
v 0.235992768 -0.788782793 -0.331121391
v 0.250260711 -0.769910649 -0.339948288
v 0.263968942 -0.750379626 -0.348208731
v 0.277082011 -0.730207827 -0.355876890
v 0.289584212 -0.709439746 -0.362947463
v 0.301467196 -0.688119553 -0.369421095
v 0.312665533 -0.666249147 -0.375244872
v 0.323224125 -0.643914172 -0.380469788
v 0.333069133 -0.621112722 -0.385035478
v 0.342195435 -0.597895289 -0.388946341
v 0.350611422 -0.574313738 -0.392218010
v 0.358293805 -0.550401865 -0.394837315
v 0.365213211 -0.526194112 -0.396786267
v 0.371348161 -0.501731105 -0.398054361
v 0.376708398 -0.477061939 -0.398657920
v 0.381281751 -0.452227687 -0.398594106
v 0.385059085 -0.427270481 -0.397862742
v 0.388034271 -0.402232937 -0.396466185
v 0.390177082 -0.377157759 -0.394387247
v 0.391503380 -0.352090082 -0.391646595
v 0.392019506 -0.327072159 -0.388256664
v 0.391715711 -0.302147265 -0.384217002
v 0.390569168 -0.277362914 -0.379517259
v 0.388616941 -0.252755804 -0.374193837
v 0.385828132 -0.228376883 -0.368230387
v 0.382221433 -0.204266072 -0.361648892
v 0.377805490 -0.180464334 -0.354463315
v 0.372580240 -0.157016554 -0.346681162
v 0.366550960 -0.133966510 -0.338314004
v 0.359727491 -0.111356157 -0.329376710
v 0.352123514 -0.089225157 -0.319886759
v 0.343755887 -0.067610587 -0.309863636
v 0.334616732 -0.046568692 -0.299309764
v 0.324746327 -0.026119846 -0.288260469
v 0.314141911 -0.006318981 -0.276721614
v 0.302828640 0.012801247 -0.264717745
v 0.290826748 0.031204125 -0.252269745
v 0.278156967 0.048852824 -0.239398529
v 0.264835579 0.065703411 -0.226122022
v 0.250892561 0.081727700 -0.212466307
v 0.236351676 0.096888714 -0.198453196
v 0.221242097 0.111156127 -0.184107279
v 0.205590351 0.124493629 -0.169451151
v 0.189427040 0.136869242 -0.154509299
v 0.172785832 0.148254935 -0.139307373
v 0.155702697 0.158626233 -0.123871650
v 0.138214100 0.167958295 -0.108228069
v 0.120355578 0.176220091 -0.092401626
v 0.102169408 0.183397256 -0.076420144
v 0.083696733 0.189471216 -0.060310333
v 0.064979304 0.194421654 -0.044098836
v 0.046061369 0.198235508 -0.027813075
v 0.026988343 0.200905206 -0.011480618
v 0.007805767 0.202423378 0.004871116
v -0.011440326 0.202786130 0.021214641
v -0.030703752 0.201993047 0.037522482
v -0.049938524 0.200047285 0.053767261
v -0.069099222 0.196955744 0.069921802
v -0.088140357 0.192721980 0.085958364
v -0.107018222 0.187361895 0.101850283
v -0.125690945 0.180894257 0.117571592
v -0.144114937 0.173326801 0.133094196
v -0.162251568 0.164686068 0.148393186
v -0.180062295 0.154993594 0.163442869
v -0.197509449 0.144271264 0.178217455
v -0.214557621 0.132545093 0.192692127
v -0.231174525 0.119845737 0.206843698
v -0.247324771 0.106195436 0.220646008
v -0.262981928 0.091632670 0.234079000
v -0.278110755 0.076178363 0.247115471
v -0.292688928 0.059874226 0.259737421
v -0.306689443 0.042752308 0.271922919
v -0.320088925 0.024848732 0.283652408
v -0.332860727 0.006194921 0.294903512
v -0.344981850 -0.013173078 0.305656317
v -0.356439593 -0.033210062 0.315898622
v -0.367211121 -0.053881995 0.325610244
v -0.377271119 -0.075156067 0.334768848
v -0.386612981 -0.096984294 0.343366514
v -0.395220689 -0.119327624 0.351387929
v -0.403082297 -0.142144559 0.358820900
v -0.410180498 -0.165396899 0.365648916
v -0.416495612 -0.189046163 0.371853421
v -0.422044028 -0.213038068 0.377444678
v -0.426789207 -0.237342113 0.382390584
v -0.430754951 -0.261904316 0.386707488
v -0.433893823 -0.286693711 0.390354199
v -0.436240877 -0.311656293 0.393356347
v -0.437786552 -0.336751421 0.395703471
v -0.438517948 -0.361937282 0.397382269
v -0.438425892 -0.387169673 0.398382381
v -0.437528659 -0.412403699 0.398716131
v -0.435828508 -0.437596404 0.398382717
v -0.433330806 -0.462705260 0.397383950
v -0.430019059 -0.487683274 0.395703278
v -0.425911109 -0.512487711 0.393352857
v -0.421026345 -0.537078872 0.390346319
v -0.415382155 -0.561419034 0.386695776
v -0.408980870 -0.585465940 0.382400614
v -0.401788029 -0.609155488 0.377428453
v -0.393889310 -0.632481617 0.371849908
v -0.385259827 -0.655386764 0.365640953
v -0.375905000 -0.677822242 0.358803211
v -0.365892534 -0.699788070 0.351392809
v -0.355157667 -0.721182262 0.343350104
v -0.343813307 -0.742047606 0.334771223
v -0.331789105 -0.762265620 0.325590958
v -0.319179019 -0.781874498 0.315889477
v -0.305967484 -0.800801059 0.305649667
v -0.292171969 -0.819005829 0.294883776
v -0.277870541 -0.836530833 0.283659031
v -0.262993996 -0.853211859 0.271908622
v -0.247643779 -0.869132499 0.259721577
v -0.231851252 -0.884282855 0.247123402
v -0.215569368 -0.898496896 0.234065629
v -0.198888694 -0.911869296 0.220628894
v -0.181840768 -0.924392534 0.206839006
v -0.164426379 -0.935977940 0.192691650
v -0.146669279 -0.946580997 0.178204096
v -0.128629275 -0.956270223 0.163429955
v -0.110333349 -0.965028250 0.148390715
v -0.091796804 -0.972778876 0.133094859
v -0.073047422 -0.979476176 0.117562956
v -0.054135289 -0.985198653 0.101841099
v -0.035089777 -0.989935813 0.085953169
v -0.015940652 -0.993678868 0.069923468
v 0.003286959 -0.996303157 0.053765975
v 0.022552005 -0.997891930 0.037519534
v 0.041822040 -0.998471251 0.021212631
v 0.061066559 -0.998039805 0.004870612
v 0.080255068 -0.996598073 -0.011481090
v 0.099342860 -0.994025773 -0.027811933
v 0.118304514 -0.990429189 -0.044094808
v 0.137112010 -0.985835846 -0.060304833
v 0.155735752 -0.980253716 -0.076416906
v 0.174146556 -0.973692503 -0.092406172
v 0.192275840 -0.966022472 -0.108222733
v 0.210126973 -0.957397326 -0.123860828
v 0.227673193 -0.947834778 -0.139297183
v 0.244887804 -0.937351520 -0.154508638
v 0.261709148 -0.925883684 -0.169447404
v 0.278114385 -0.913473048 -0.184092146
v 0.294105114 -0.900204565 -0.198439476
v 0.309658333 -0.886101070 -0.212468989
v 0.324687900 -0.871081934 -0.226113469
v 0.339207159 -0.855243861 -0.239378672
v 0.353218853 -0.838652208 -0.252263275
v 0.366656991 -0.821273754 -0.264714232
v 0.379486371 -0.803125756 -0.276701329
v 0.391750081 -0.784317214 -0.288254411
v 0.403357866 -0.764801862 -0.299301005
v 0.414315541 -0.744641516 -0.309842576
v 0.424648319 -0.723909844 -0.319896076
v 0.434228790 -0.702548055 -0.329358877
v 0.443175382 -0.680701192 -0.338321502
v 0.451338236 -0.658308441 -0.346662821
v 0.458834288 -0.635494676 -0.354473224
v 0.465518728 -0.612220563 -0.361634653
v 0.471505770 -0.588593940 -0.368236169
v 0.476675621 -0.564601790 -0.374179108
v 0.481088522 -0.540317522 -0.379509605
v 0.484745564 -0.515780757 -0.384226519
v 0.487552485 -0.491009637 -0.388250783
v 0.489581861 -0.466069244 -0.391639238
v 0.490820814 -0.440997636 -0.394379286
v 0.491258479 -0.415835362 -0.396459890
v 0.490887504 -0.390625034 -0.397872833
v 0.489691496 -0.365411221 -0.398602328
v 0.487694062 -0.340237964 -0.398665770
v 0.484897094 -0.315148085 -0.398062636
v 0.481290809 -0.290187282 -0.396782598
v 0.476884957 -0.265399173 -0.394831627
v 0.471695061 -0.240824790 -0.392220609
v 0.465734717 -0.216504202 -0.388958879
v 0.458998987 -0.192484766 -0.385040065
v 0.451492292 -0.168812252 -0.380465618
v 0.443249590 -0.145517416 -0.375263006
v 0.434259168 -0.122654763 -0.369419855
v 0.424547277 -0.100259337 -0.362956159
v 0.414134078 -0.078367658 -0.355886752
v 0.403030489 -0.057023482 -0.348218403
v 0.391252454 -0.036268186 -0.339962082
v 0.378819990 -0.016140240 -0.331132185
v 0.365756340 0.003325094 -0.321745827
v 0.352087244 0.022095888 -0.311822225
v 0.337826994 0.040125435 -0.301370175
v 0.323008069 0.057389324 -0.290414495
v 0.307647794 0.073841098 -0.278966020
v 0.291780385 0.089458667 -0.267050613
v 0.275431727 0.104206620 -0.254686170
v 0.258631363 0.118054219 -0.241893483
v 0.241411455 0.130975130 -0.228695340
v 0.223799575 0.142929516 -0.215109325
v 0.205835522 0.153906850 -0.201164523
v 0.187548633 0.163865107 -0.186878541
v 0.168979024 0.172792205 -0.172279346
v 0.150163576 0.180663909 -0.157390620
v 0.131141365 0.187460762 -0.142237442
v 0.111952435 0.193162855 -0.126844806
v 0.092638316 0.197751729 -0.111238163
v 0.073242599 0.201223243 -0.095445321
v 0.053808551 0.203557201 -0.079491292
v 0.034381234 0.204750570 -0.063403673
v 0.015005882 0.204799994 -0.047209584
v -0.004271712 0.203702541 -0.030936081
v -0.023405504 0.201459231 -0.014610490
v -0.042349568 0.198074752 0.001739730
v -0.061057896 0.193555164 0.018087028
v -0.079485816 0.187913048 0.034403841
v -0.097589537 0.181163141 0.050662726
v -0.115326591 0.173323195 0.066836392
v -0.132656384 0.164414530 0.082897856
v -0.149538397 0.154457236 0.098819862
v -0.165933800 0.143474601 0.114575217
v -0.181809401 0.131499118 0.130138395
v -0.197130351 0.118557819 0.145482917
v -0.211862016 0.104677401 0.160581795
v -0.225977923 0.089895742 0.175411023
v -0.239450646 0.074246816 0.189945892
v -0.252250375 0.057760701 0.204160046
v -0.264355804 0.040477031 0.218030715
v -0.275747303 0.022435126 0.231535791
v -0.286404563 0.003672305 0.244652521
v -0.296302392 -0.015778915 0.257355061
v -0.305431750 -0.035872339 0.269626125
v -0.313776882 -0.056569108 0.281444650
v -0.321315355 -0.077834885 0.292785204
v -0.328050211 -0.099618662 0.303637458
v -0.333960987 -0.121885799 0.313976836
v -0.339052247 -0.144587534 0.323794255
v -0.343295138 -0.167692425 0.333059050
v -0.346698969 -0.191150555 0.341765161
v -0.349259903 -0.214919437 0.349898149
v -0.350976572 -0.238956155 0.357445276
v -0.351840367 -0.263219756 0.364388605
v -0.351846117 -0.287667159 0.370712226
v -0.351019586 -0.312250889 0.376423134
v -0.349338264 -0.336931593 0.381492809
v -0.346829813 -0.361663715 0.385930196
v -0.343469488 -0.386404922 0.389704148
v -0.339298906 -0.411112363 0.392835241
v -0.334318983 -0.435744411 0.395312573
v -0.328509150 -0.460253714 0.397106840
v -0.321905961 -0.484600921 0.398235640
v -0.314522267 -0.508744664 0.398697481
v -0.306370965 -0.532643691 0.398490948
v -0.297467865 -0.556257839 0.397617221
v -0.287831618 -0.579548619 0.396080178
v -0.277457889 -0.602464918 0.393862229
v -0.266374732 -0.624970066 0.390975141
v -0.254618752 -0.647036287 0.387439862
v -0.242218325 -0.668634690 0.383270601
v -0.229155778 -0.689697924 0.378434889
v -0.215473915 -0.710202823 0.372959850
v -0.201232707 -0.730154113 0.366893773
v -0.186373867 -0.749428372 0.360156938
v -0.171011384 -0.768091988 0.352857004
v -0.155106743 -0.786033845 0.344933173
v -0.138739391 -0.803294141 0.336458833
v -0.121886393 -0.819765909 0.327386575
v -0.104638368 -0.835527489 0.317809069
v -0.086946761 -0.850401693 0.307639525
v -0.068916446 -0.864517484 0.296995732
v -0.050535381 -0.877753335 0.285834884
v -0.031842879 -0.890103648 0.274186357
v -0.012893082 -0.901620287 0.262106943
v 0.006316145 -0.912160900 0.249555950
v 0.025733139 -0.921774140 0.236587361
v 0.045317057 -0.930491663 0.223241998
v 0.065047080 -0.938229749 0.209513319
v 0.084891228 -0.944940066 0.195413272
v 0.104805633 -0.950708121 0.180999829
v 0.124760114 -0.955522211 0.166293564
v 0.144721997 -0.959284289 0.151293377
v 0.164654183 -0.962004642 0.136031325
v 0.184525447 -0.963746706 0.120549397
v 0.204304677 -0.964505910 0.104870868
v 0.223957650 -0.964260156 0.089016675
v 0.243431515 -0.962900678 0.072998709
v 0.262712492 -0.960557088 0.056863338
v 0.281769985 -0.957232225 0.040635473
v 0.300573706 -0.952930686 0.024340264
v 0.319082269 -0.947623833 0.008002514
v 0.337239551 -0.941253805 -0.008349351
v 0.355047772 -0.933934140 -0.024685981
v 0.372478814 -0.925676663 -0.040981957
v 0.389505262 -0.916494849 -0.057211961
v 0.406079650 -0.906363376 -0.073345485
v 0.422145809 -0.895251165 -0.089346737
v 0.437723151 -0.883268327 -0.105200874
v 0.452787920 -0.870434888 -0.120883677
v 0.467317402 -0.856772278 -0.136371367
v 0.481223393 -0.842213264 -0.151612798
v 0.494520565 -0.826841622 -0.166596613
v 0.507214496 -0.810718247 -0.181310551
v 0.519287403 -0.793869898 -0.195733277
v 0.530641908 -0.776241752 -0.209803040
v 0.541304230 -0.757916013 -0.223518037
v 0.551294049 -0.738958454 -0.236875806
v 0.560566050 -0.719372755 -0.249839652
v 0.569038049 -0.699140132 -0.262349977
v 0.576800239 -0.678378087 -0.274445763
v 0.583804428 -0.657093302 -0.286087252
v 0.589970891 -0.635279805 -0.297213318
v 0.595405345 -0.613045284 -0.307877864
v 0.599992597 -0.590369243 -0.317995827
v 0.603786006 -0.567321511 -0.327590223
v 0.606772546 -0.543938236 -0.336641003
v 0.608910211 -0.520244655 -0.345108295
v 0.610249037 -0.496300875 -0.353015178
v 0.610732463 -0.472130670 -0.360310756
v 0.610394696 -0.447786332 -0.367007803
v 0.609241178 -0.423307329 -0.373099956
v 0.607217513 -0.398730720 -0.378534481
v 0.604403449 -0.374105273 -0.383360943
v 0.600759880 -0.349468891 -0.387538430
v 0.596271213 -0.324867513 -0.391042369
v 0.590988309 -0.300341301 -0.393901978
v 0.584910417 -0.275931557 -0.396105625
v 0.578040736 -0.251680856 -0.397644454
v 0.570386237 -0.227632297 -0.398512449
v 0.561957417 -0.203828839 -0.398706421
v 0.552768003 -0.180312728 -0.398225921
v 0.542834621 -0.157125016 -0.397073109
v 0.532176443 -0.134305171 -0.395252582
v 0.520814841 -0.111890767 -0.392771172
v 0.508773035 -0.089917259 -0.389637734
v 0.496052304 -0.068436626 -0.385839478
v 0.482681917 -0.047481846 -0.381390669
v 0.468693975 -0.027081576 -0.376308931
v 0.454096057 -0.007286984 -0.370586609
v 0.438920247 0.011872446 -0.364241047
v 0.423196730 0.030368071 -0.357288280
v 0.406946834 0.048159912 -0.349734313
v 0.390196297 0.065211561 -0.341589496
v 0.372974181 0.081490475 -0.332867727
v 0.355311954 0.096968063 -0.323585742
v 0.337242721 0.111619638 -0.313762476
v 0.318796928 0.125414889 -0.303413108
v 0.300003196 0.138316018 -0.292549152
v 0.280899166 0.150306592 -0.281194727
v 0.261519019 0.161361832 -0.269368716
v 0.241896962 0.171453599 -0.257088764
v 0.222069609 0.180559317 -0.244375527
v 0.202075011 0.188661444 -0.231251747
v 0.181951893 0.195746332 -0.217741317
v 0.161737910 0.201778172 -0.203860426
v 0.141474883 0.206760257 -0.189639008
v 0.121203331 0.210672841 -0.175098755
v 0.100965384 0.213501755 -0.160263428
v 0.080804049 0.215238117 -0.145158226
v 0.060762677 0.215877556 -0.129809179
v 0.040884719 0.215418898 -0.114242603
v 0.021217276 0.213847396 -0.098482415
v 0.001802560 0.211178249 -0.082557531
v -0.017312935 0.207408678 -0.066493623
v -0.036083160 0.202543138 -0.050317586
v -0.054464759 0.196596010 -0.034057088
v -0.072413397 0.189579450 -0.017739352
v -0.089885731 0.181509214 -0.001391780
v -0.106839689 0.172404372 0.014958147
v -0.123234753 0.162287102 0.031282948
v -0.139032283 0.151182577 0.047555224
v -0.154193828 0.139116018 0.063747421
v -0.168684069 0.126117024 0.079832124
v -0.182473413 0.112221504 0.095782832
v -0.195530461 0.097461531 0.111572596
v -0.207825118 0.081870235 0.127174284
v -0.219333668 0.065486442 0.142562055
v -0.230034563 0.048349483 0.157710493
v -0.239905101 0.030496462 0.172593511
v -0.248926286 0.011966870 0.187185775
v -0.257083737 -0.007197381 0.201463285
v -0.264368826 -0.026952034 0.215404172
v -0.270753942 -0.047265435 0.228978530
v -0.276246361 -0.068085331 0.242170498
v -0.280832859 -0.089373114 0.254955720
v -0.284504090 -0.111088060 0.267311067
v -0.287255434 -0.133187543 0.279215331
v -0.289087972 -0.155627442 0.290650113
v -0.290009585 -0.178362848 0.301600924
v -0.289997913 -0.201357772 0.312036536
v -0.289082468 -0.224562572 0.321954469
v -0.287251761 -0.247938543 0.331329196
v -0.284508739 -0.271443099 0.340143055
v -0.280869936 -0.295032604 0.348386993
v -0.276344530 -0.318665366 0.356047749
v -0.270932628 -0.342299563 0.363105733
v -0.264645040 -0.365892457 0.369548141
v -0.257514468 -0.389404538 0.375378535
v -0.249533700 -0.412792696 0.380571566
v -0.240733111 -0.436018373 0.385129593
v -0.231111374 -0.459037151 0.389030600
v -0.220714211 -0.481817216 0.392290559
v -0.209541386 -0.504313717 0.394887969
v -0.197603141 -0.526482537 0.396808807
v -0.184940458 -0.548293646 0.398066665
v -0.171573447 -0.569708961 0.398657110
v -0.157524926 -0.590691570 0.398578122
v -0.142820298 -0.611206241 0.397830247
v -0.127487352 -0.631219969 0.396416725
v -0.111555957 -0.650702550 0.394343559
v -0.095029893 -0.669596251 0.391585932
v -0.077955690 -0.687883541 0.388167241
v -0.060376111 -0.705550312 0.384109949
v -0.042323935 -0.722575665 0.379426515
v -0.023782552 -0.738856005 0.374056556
v -0.004841166 -0.754452034 0.368089690
v 0.014493260 -0.769298420 0.361499769
v 0.034190219 -0.783357703 0.354289919
v 0.054197230 -0.796654897 0.346507844
v 0.074505980 -0.809093176 0.338113464
v 0.095056095 -0.820732213 0.329176287
v 0.115829829 -0.831486850 0.319668230
v 0.136783981 -0.841371654 0.309625760
v 0.157877809 -0.850402748 0.299084405
v 0.179089886 -0.858452162 0.287998422
v 0.200368909 -0.865647954 0.276463458
v 0.221685359 -0.871890906 0.264452917
v 0.243001126 -0.877156232 0.251981246
v 0.264281996 -0.881525884 0.239110629
v 0.285490429 -0.884935072 0.225836254
v 0.306581469 -0.887314578 0.212156319
v 0.327532554 -0.888772468 0.198137355
v 0.348311496 -0.889303340 0.183798938
v 0.368859906 -0.888801062 0.169131086
v 0.389151031 -0.887314438 0.154175247
v 0.409165136 -0.884897248 0.138970398
v 0.428870548 -0.881551165 0.123539117
v 0.448212411 -0.877221647 0.107893384
v 0.467144640 -0.871891661 0.092056862
v 0.485668281 -0.865651705 0.076071592
v 0.503753698 -0.858510541 0.059962114
v 0.521371924 -0.850478572 0.043753284
v 0.538445823 -0.841487127 0.027465751
v 0.554965197 -0.831590393 0.011132145
v 0.570929067 -0.820848193 -0.005218588
v 0.586312127 -0.809277519 -0.021560994
v 0.601090107 -0.796896830 -0.037869639
v 0.615176297 -0.783651055 -0.054110854
v 0.628576596 -0.769604348 -0.070258381
v 0.641300149 -0.754816548 -0.086290241
v 0.653327673 -0.739311752 -0.102181771
v 0.664641204 -0.723115225 -0.117908672
v 0.675115699 -0.706160604 -0.133416232
v 0.684831940 -0.688567838 -0.148703391
v 0.693783524 -0.670371954 -0.163749200
v 0.701958468 -0.651602460 -0.178531485
v 0.709247092 -0.632225946 -0.192990561
v 0.715698977 -0.612320155 -0.207123849
v 0.721343027 -0.591941425 -0.220924651
v 0.726158082 -0.571114321 -0.234366831
v 0.730016371 -0.549816400 -0.247373117
v 0.733051531 -0.528152584 -0.259985942
v 0.735263043 -0.506156153 -0.272189273
v 0.736485861 -0.483806592 -0.283879334
v 0.736883321 -0.461200209 -0.295123054
v 0.736414113 -0.438360199 -0.305881140
v 0.735001401 -0.415307810 -0.316090813
v 0.732783284 -0.392109548 -0.325815706
v 0.729601567 -0.368780113 -0.334940248
v 0.725613659 -0.345377161 -0.343545515
v 0.720702982 -0.321932411 -0.351536563
v 0.714989302 -0.298487437 -0.358976177
v 0.708361346 -0.275086643 -0.365767144
v 0.700952598 -0.251761311 -0.371986515
v 0.692668171 -0.228563375 -0.377544838
v 0.683584356 -0.205525347 -0.382479338
v 0.673726840 -0.182680572 -0.386792101
v 0.663053339 -0.160085434 -0.390427779
v 0.651613576 -0.137771697 -0.393405742
v 0.639437798 -0.115772492 -0.395731357
v 0.626539267 -0.094127792 -0.397395141
v 0.612935101 -0.072877257 -0.398390427
v 0.598645886 -0.052059633 -0.398713370
v 0.583695233 -0.031712254 -0.398362876
v 0.568109343 -0.011870639 -0.397340488
v 0.551916559 0.007431813 -0.395650218
v 0.535146949 0.026164046 -0.393298360
v 0.517831899 0.044297501 -0.390293276
v 0.499980947 0.061775495 -0.386615248
v 0.481641873 0.078587743 -0.382292394
v 0.462845116 0.094703848 -0.377331563
v 0.443615244 0.110082732 -0.371730582
v 0.423988774 0.124700525 -0.365503464
v 0.404003352 0.138539446 -0.358667786
v 0.383689511 0.151565740 -0.351228765
v 0.363081300 0.163750249 -0.343196104
v 0.342215126 0.175068443 -0.334583187
v 0.321128804 0.185500285 -0.325406350
v 0.299860804 0.195029990 -0.315684230
v 0.278449654 0.203645715 -0.305437200
v 0.256930613 0.211301050 -0.294667030
v 0.235345928 0.218008435 -0.283407574
v 0.213734026 0.223741890 -0.271671828
v 0.192135605 0.228479609 -0.259475937
v 0.170591595 0.232218208 -0.246844510
v 0.149144113 0.234940480 -0.233796001
v 0.127834098 0.236646846 -0.220355956
v 0.106703946 0.237328567 -0.206546022
v 0.085796787 0.236978572 -0.192388514
v 0.065156933 0.235590753 -0.177906289
v 0.044826391 0.233170431 -0.163125494
v 0.024848908 0.229718753 -0.148070670
v 0.005268936 0.225238222 -0.132766654
v -0.013867950 0.219732117 -0.117238512
v -0.032523182 0.213220690 -0.101514482
v -0.050646121 0.205701726 -0.085618399
v -0.068200229 0.197201951 -0.069578977
v -0.085142456 0.187736645 -0.053422630
v -0.101430383 0.177324132 -0.037176251
v -0.117023867 0.165987467 -0.020867237
v -0.131886779 0.153755377 -0.004523197
v -0.145983017 0.140656639 0.011828415
v -0.159278729 0.126722696 0.028160110
v -0.171742572 0.111987438 0.044444435
v -0.183346047 0.096487036 0.060654068
v -0.194063930 0.080259805 0.076761951
v -0.203866652 0.063340417 0.092740118
v -0.212739611 0.045774012 0.108562557
v -0.220663262 0.027600745 0.124202488
v -0.227623495 0.008863388 0.139633907
v -0.233601814 -0.010398445 0.154829441
v -0.238594180 -0.030138423 0.169764953
v -0.242592370 -0.050313766 0.184415234
v -0.245593161 -0.070880586 0.198756370
v -0.247582417 -0.091799372 0.212760444
v -0.248575125 -0.113021723 0.226409279
v -0.248558362 -0.134508761 0.239674715
v -0.247546082 -0.156214969 0.252538501
v -0.245539479 -0.178098912 0.264977476
v -0.242544696 -0.200118530 0.276970318
v -0.238573646 -0.222231765 0.288498403
v -0.233636738 -0.244397578 0.299542580
v -0.227734093 -0.266574862 0.310077881
v -0.220895785 -0.288723192 0.320095507
v -0.213135729 -0.310803226 0.329578492
v -0.204452907 -0.332773377 0.338500331
v -0.194879481 -0.354596067 0.346854583
v -0.184436047 -0.376233554 0.354628423
v -0.173131100 -0.397644790 0.361800395
v -0.160991250 -0.418792874 0.368361235
v -0.148053769 -0.439646619 0.374310920
v -0.134326416 -0.460164108 0.379626873
v -0.119841938 -0.480312695 0.384305662
v -0.104620136 -0.500054331 0.388333513
v -0.088708777 -0.519367814 0.391722230
v -0.072107212 -0.538200810 0.394438048
v -0.054858054 -0.556528969 0.396488017
v -0.036998335 -0.574326431 0.397875266
v -0.018557062 -0.591561268 0.398594796
v 0.000434391 -0.608203281 0.398643980
v 0.019942506 -0.624224464 0.398022736
v 0.039931945 -0.639599470 0.396733660
v 0.060365959 -0.654306096 0.394782116
v 0.081206902 -0.668325739 0.392176253
v 0.102442095 -0.681587327 0.388877516
v 0.124009559 -0.694113942 0.384933599
v 0.145868868 -0.705899686 0.380362274
v 0.167997068 -0.716887762 0.375139598
v 0.190353449 -0.727056581 0.369273532
v 0.212885064 -0.736460342 0.362826838
v 0.235577814 -0.744951527 0.355713130
v 0.258369235 -0.752663176 0.348050474
v 0.281235041 -0.759452293 0.339760835
v 0.304128212 -0.765438440 0.330945469
v 0.327011194 -0.770461328 0.321522461
v 0.349849807 -0.774675037 0.311608189
v 0.372593140 -0.777917859 0.301127012
v 0.395214129 -0.780294614 0.290160165
v 0.417676324 -0.781797680 0.278722355
v 0.439916581 -0.782312560 0.266774587
v 0.461929229 -0.781976425 0.254407240
v 0.483670545 -0.780755138 0.241622072
v 0.505065954 -0.778545466 0.228393428
v 0.526124793 -0.775481061 0.214801409
v 0.546814206 -0.771563211 0.200864510
v 0.567049333 -0.766693355 0.186565608
v 0.586820527 -0.760936635 0.171951400
v 0.606117826 -0.754344380 0.157059954
v 0.624910245 -0.746924591 0.141913058
v 0.643110778 -0.738606165 0.126512262
v 0.660709148 -0.729439582 0.110895279
v 0.677707658 -0.719484233 0.095098730
v 0.694078755 -0.708754579 0.079146681
v 0.709793800 -0.697264294 0.063063289
v 0.724729023 -0.684930201 0.046862237
v 0.738955153 -0.671879495 0.030586502
v 0.752449329 -0.658132464 0.014261346
v 0.765189958 -0.643710666 -0.002087839
v 0.777149305 -0.628631006 -0.018435322
v 0.788207072 -0.612842826 -0.034748548
v 0.798450176 -0.596457803 -0.051003160
v 0.807862918 -0.579502213 -0.067173940
v 0.816431114 -0.562003280 -0.083235883
v 0.824114854 -0.543973933 -0.099159229
v 0.830824487 -0.525404907 -0.114901562
v 0.836652650 -0.506386248 -0.130455409
v 0.841591861 -0.486948446 -0.145797308
v 0.845636271 -0.467122521 -0.160904337
v 0.848659878 -0.446896173 -0.175716438
v 0.850752097 -0.426342712 -0.190235086
v 0.851939381 -0.405504981 -0.204447250
v 0.852221392 -0.384415100 -0.218332293
v 0.851439707 -0.363072156 -0.231805466
v 0.849759961 -0.341551896 -0.244907778
v 0.847188511 -0.319886827 -0.257621972
v 0.843604259 -0.298097525 -0.269869752
v 0.839099540 -0.276232370 -0.281670085
v 0.833731711 -0.254328437 -0.293030297
v 0.827348430 -0.232421279 -0.303845776
v 0.820113087 -0.210547488 -0.314181269
v 0.811978728 -0.188746142 -0.323986694
v 0.802937542 -0.167057072 -0.333232580
v 0.793071287 -0.145507881 -0.341945456
v 0.782301846 -0.124153369 -0.350048525
v 0.770745211 -0.103008215 -0.357594968
v 0.758339448 -0.082130556 -0.364514618
v 0.745156120 -0.061541814 -0.370832483
v 0.731218102 -0.041273295 -0.376541098
v 0.716492227 -0.021389011 -0.381582123
v 0.701072539 -0.001888338 -0.386006671
v 0.684968897 0.017190371 -0.389795846
v 0.668155746 0.035775925 -0.392890933
v 0.650714049 0.053871127 -0.395337411
v 0.632666025 0.071440931 -0.397125187
v 0.614037663 0.088451453 -0.398246951
v 0.594858181 0.104870475 -0.398698204
v 0.575159482 0.120667839 -0.398477208
v 0.554975614 0.135815743 -0.397584883
v 0.534342260 0.150288941 -0.396024651
v 0.513296258 0.164064867 -0.393802256
v 0.491875169 0.177123690 -0.390925560
v 0.470099338 0.189404711 -0.387367386
v 0.448025213 0.200927769 -0.383170784
v 0.425684657 0.211657680 -0.378330855
v 0.403114591 0.221569249 -0.372851712
v 0.380355116 0.230643896 -0.366743323
v 0.357447819 0.238876918 -0.360025163
v 0.334430672 0.246242851 -0.352701634
v 0.311343880 0.252716620 -0.344778523
v 0.288229480 0.258298034 -0.336278196
v 0.265128867 0.262962978 -0.327207498
v 0.242083681 0.266709631 -0.317587330
v 0.219134467 0.269536488 -0.307438064
v 0.196325168 0.271420284 -0.296767966
v 0.173694882 0.272371615 -0.285603883
v 0.151291169 0.272363014 -0.273952834
v 0.129152645 0.271409024 -0.261843342
v 0.107322309 0.269505851 -0.249294312
v 0.085842152 0.266655218 -0.236327205
v 0.064759880 0.262847857 -0.222958980
v 0.044111648 0.258103290 -0.209218371
v 0.023945142 0.252417190 -0.195124310
v 0.004298873 0.245805389 -0.180703213
v -0.014783017 0.238274788 -0.165977972
v -0.033258245 0.229837726 -0.150973232
v -0.051086512 0.220510959 -0.135714697
v -0.068229506 0.210314826 -0.120228630
v -0.084639937 0.199260715 -0.104538978
v -0.100289111 0.187382692 -0.088674666
v -0.115129623 0.174695691 -0.072660286
v -0.129131710 0.161233969 -0.056524011
v -0.142260738 0.147027258 -0.040292779
v -0.154483861 0.132107688 -0.023993764
v -0.165770908 0.116510117 -0.007654351
v -0.176094462 0.100271715 0.008697980
v -0.185429402 0.083431302 0.025035718
v -0.193751925 0.066028629 0.041331241
v -0.201045040 0.048106918 0.057557169
v -0.207293503 0.029709545 0.073686301
v -0.212486144 0.010880912 0.089691823
v -0.216607524 -0.008336689 0.105546102
v -0.219654756 -0.027897038 0.121223027
v -0.221620849 -0.047756267 0.136695736
v -0.222509042 -0.067868672 0.151939177
v -0.222317114 -0.088190867 0.166927035
v -0.221046955 -0.108679169 0.181633564
v -0.218705326 -0.129289955 0.196034083
v -0.215304738 -0.149980213 0.210105683
v -0.210853212 -0.170708301 0.223824094
v -0.205362883 -0.191432946 0.237166187
v -0.198843180 -0.212113330 0.250107617
v -0.191316850 -0.232710020 0.262629288
v -0.182800233 -0.253184170 0.274709773
v -0.173315132 -0.273498369 0.286330235
v -0.162869089 -0.293612524 0.297464485
v -0.151498499 -0.313493087 0.308101030
v -0.139218472 -0.333102315 0.318217524
v -0.126064634 -0.352409107 0.327803529
v -0.112053267 -0.371376261 0.336837125
v -0.097209073 -0.389969073 0.345301043
v -0.081569562 -0.408159604 0.353187407
v -0.065151093 -0.425908958 0.360472686
v -0.047994025 -0.443191560 0.367151582
v -0.030138149 -0.459984217 0.373220336
v -0.011604486 -0.476250585 0.378658759
v 0.007571711 -0.491963421 0.383458394
v 0.027354259 -0.507097834 0.387612851
v 0.047695064 -0.521642660 0.391130190
v 0.068590217 -0.535536143 0.393965062
v 0.089976359 -0.548785082 0.396144327
v 0.111818768 -0.561364848 0.397661268
v 0.134081355 -0.573251715 0.398510325
v 0.156726115 -0.584424166 0.398688274
v 0.179713446 -0.594863271 0.398194403
v 0.203002560 -0.604553068 0.397030667
v 0.226551977 -0.613480921 0.395201780
v 0.250320129 -0.621637847 0.392715265
v 0.274268359 -0.629005115 0.389570292
v 0.298359937 -0.635531892 0.385741140
v 0.322543812 -0.641263495 0.381279655
v 0.346781707 -0.646205739 0.376203458
v 0.371033502 -0.650250626 0.370444883
v 0.395256211 -0.653498445 0.364094544
v 0.419408961 -0.655895730 0.357126245
v 0.443447428 -0.657436014 0.349550485
v 0.467337284 -0.658147663 0.341400613
v 0.491027404 -0.657987598 0.332661875
v 0.514486702 -0.656990822 0.323371530
v 0.537674387 -0.655157324 0.313543783
v 0.560534813 -0.652445495 0.303166603
v 0.583070865 -0.648962634 0.292320057
v 0.605176333 -0.644566007 0.280933376
v 0.626870427 -0.639382824 0.269095992
v 0.648129374 -0.633436556 0.256833963
v 0.668822937 -0.626586147 0.244086221
v 0.689006819 -0.618988819 0.230952148
v 0.708648927 -0.610652632 0.217449084
v 0.727644815 -0.601500767 0.203555530
v 0.745995551 -0.591594255 0.189317285
v 0.763704916 -0.580988042 0.174774598
v 0.780743896 -0.569696296 0.159948373
v 0.796990046 -0.557649784 0.144829192
v 0.812483191 -0.544935871 0.129469204
v 0.827219804 -0.531593940 0.113899465
v 0.841175501 -0.517643714 0.098143474
v 0.854283365 -0.503076322 0.082218026
v 0.866483481 -0.487894394 0.066146166
v 0.877833566 -0.472177325 0.049967741
v 0.888315029 -0.455949522 0.033707774
v 0.897910778 -0.439236363 0.017391493
v 0.906544033 -0.422035382 0.001044021
v 0.914190080 -0.404374830 -0.015304556
v 0.920905798 -0.386317322 -0.031626801
v 0.926680864 -0.367891578 -0.047897329
v 0.931506642 -0.349126929 -0.064090888
v 0.935301169 -0.330031632 -0.080172416
v 0.938065845 -0.310644157 -0.096113267
v 0.939863655 -0.291016286 -0.111896364
v 0.940693238 -0.271179131 -0.127497669
v 0.940554960 -0.251163997 -0.142893610
v 0.939302047 -0.230984495 -0.158022307
v 0.937080751 -0.210697491 -0.172892107
v 0.933902415 -0.190335262 -0.187482571
v 0.929774627 -0.169929114 -0.201772678
v 0.924546698 -0.149513191 -0.215683657
v 0.918385110 -0.129124328 -0.229246143
v 0.911307509 -0.108792887 -0.242443380
v 0.903235873 -0.088561018 -0.255216095
v 0.894200303 -0.068463729 -0.267548412
v 0.884298439 -0.048521050 -0.279459512
v 0.873448420 -0.028786328 -0.290880339
v 0.861699742 -0.009287479 -0.301807216
v 0.849148967 0.009966617 -0.312267393
v 0.835646649 0.028884612 -0.322139404
v 0.821392686 0.047499320 -0.331518310
v 0.806291114 0.065728419 -0.340308289
v 0.790446306 0.083579027 -0.348551446
v 0.773821967 0.100985175 -0.356185310
v 0.756510745 0.117957641 -0.363250639
v 0.738461670 0.134411291 -0.369665391
v 0.719791592 0.150381641 -0.375497502
v 0.700460986 0.165784512 -0.380669715
v 0.680536115 0.180618780 -0.385204589
v 0.660062523 0.194874041 -0.389110405
v 0.639054357 0.208504699 -0.392357911
v 0.617536366 0.221468474 -0.394924120
v 0.595567930 0.233771793 -0.396834892
v 0.573182100 0.245388456 -0.398082286
v 0.550414763 0.256294632 -0.398661153
v 0.527304010 0.266469111 -0.398569111
v 0.503889528 0.275893477 -0.397806453
v 0.480212042 0.284552186 -0.396376005
v 0.456312813 0.292432575 -0.394282954
v 0.432231656 0.299516039 -0.391527521
v 0.408007066 0.305765908 -0.388095914
v 0.383687130 0.311209629 -0.384025833
v 0.359311276 0.315814482 -0.379306770
v 0.334922168 0.319575203 -0.373949942
v 0.310563275 0.322478145 -0.367960541
v 0.286275891 0.324532795 -0.361360306
v 0.262103822 0.325720199 -0.354150489
v 0.238092022 0.326029921 -0.346339078
v 0.214281135 0.325472514 -0.337948198
v 0.190714927 0.324042598 -0.328989032
v 0.167439340 0.321732415 -0.319471618
v 0.144492193 0.318558134 -0.309420945
v 0.121916744 0.314520012 -0.298851798
v 0.099758782 0.309615474 -0.287777501
v 0.078059529 0.303853943 -0.276218521
v 0.056858574 0.297247349 -0.264196361
v 0.036198908 0.289802793 -0.251729717
v 0.016121094 0.281532566 -0.238839948
v -0.003336949 0.272453147 -0.225550223
v -0.022124158 0.262566618 -0.211876724
v -0.040215459 0.251906882 -0.197850364
v -0.057562184 0.240481900 -0.183489691
v -0.074128897 0.228315684 -0.168820268
v -0.089880567 0.215433066 -0.153867447
v -0.104779331 0.201857572 -0.138655695
v -0.118787470 0.187614588 -0.123209960
v -0.131879786 0.172739406 -0.107558110
v -0.144015015 0.157257444 -0.091724473
v -0.155172268 0.141208077 -0.075737244
v -0.165317974 0.124623866 -0.059622352
v -0.174426085 0.107542773 -0.043407006
v -0.182476885 0.090006127 -0.027118784
v -0.189449643 0.072055026 -0.010784988
v -0.195326887 0.053732187 0.005566943
v -0.200094422 0.035081576 0.021909520
v -0.203741414 0.016148076 0.038215281
v -0.206260565 -0.003022824 0.054456877
v -0.207644281 -0.022385882 0.070606757
v -0.207890797 -0.041895114 0.086637583
v -0.207007744 -0.061504451 0.102523164
v -0.204993089 -0.081169391 0.118235928
v -0.201860456 -0.100845406 0.133750517
v -0.197610284 -0.120488759 0.149038974
v -0.192263098 -0.140057059 0.164077196
v -0.185831840 -0.159508793 0.178839570
v -0.178334054 -0.178803765 0.193301521
v -0.169788785 -0.197902972 0.207438906
v -0.160208218 -0.216766259 0.221224906
v -0.149628916 -0.235360379 0.234641360
v -0.138067717 -0.253648067 0.247663222
v -0.125546022 -0.271593318 0.260266661
v -0.112098353 -0.289165785 0.272433856
v -0.097747346 -0.306331172 0.284141637
v -0.082521253 -0.323057577 0.295369232
v -0.066464740 -0.339323316 0.306106143
v -0.049587570 -0.355086952 0.316320677
v -0.031943060 -0.370334017 0.326008902
v -0.013558386 -0.385034612 0.335150519
v 0.005536293 -0.399160076 0.343726499
v 0.025304939 -0.412686210 0.351722126
v 0.045711483 -0.425588976 0.359122709
v 0.066714372 -0.437850513 0.365919261
v 0.088269969 -0.449457641 0.372106833
v 0.110346785 -0.460383053 0.377667255
v 0.132906824 -0.470605068 0.382587784
v 0.155903948 -0.480116481 0.386868585
v 0.179295449 -0.488906749 0.390506618
v 0.203054578 -0.496931370 0.393468909
v 0.227124562 -0.504208295 0.395777601
v 0.251466188 -0.510721264 0.397424499
v 0.276038566 -0.516456288 0.398403491
v 0.300799433 -0.521401945 0.398710760
v 0.325705548 -0.525549676 0.398344973
v 0.350713163 -0.528894047 0.397307435
v 0.375778574 -0.531432979 0.395602212
v 0.400858772 -0.533167925 0.393236185
v 0.425912152 -0.534103971 0.390219043
v 0.450893680 -0.534211087 0.386532166
v 0.475757193 -0.533489599 0.382181981
v 0.500468740 -0.531986818 0.377211804
v 0.524981158 -0.529672673 0.371603316
v 0.549243665 -0.526532022 0.365350934
v 0.573245474 -0.522653589 0.358528852
v 0.596889860 -0.517904965 0.351041578
v 0.620205884 -0.512453984 0.343022813
v 0.643079207 -0.506158843 0.334371778
v 0.665554306 -0.499181362 0.325215171
v 0.687497776 -0.491379682 0.315454791
v 0.708959859 -0.482899139 0.305203051
v 0.729853305 -0.473683508 0.294425743
v 0.750143429 -0.463751594 0.283143064
v 0.769852596 -0.453182888 0.271417226
v 0.788849563 -0.441894207 0.259197954
v 0.807166837 -0.429971293 0.246551216
v 0.824803078 -0.417457465 0.233512796
v 0.841647491 -0.404307195 0.220060568
v 0.857694573 -0.390564388 0.206231388
v 0.872970345 -0.376289903 0.192071701
v 0.887449029 -0.361503638 0.177601439
v 0.900977812 -0.346155634 0.162800671
v 0.913645631 -0.330339846 0.147734373
v 0.925442773 -0.314086654 0.132428886
v 0.936349041 -0.297420403 0.116907049
v 0.946254913 -0.280331081 0.101175816
v 0.955181912 -0.262866967 0.085271944
v 0.963164367 -0.245075843 0.069230001
v 0.970188688 -0.226985395 0.053074668
v 0.976242943 -0.208623942 0.036830919
v 0.981194195 -0.189994025 0.020519309
v 0.985136144 -0.171154236 0.004175072
v 0.988081605 -0.152139044 -0.012175191
v 0.990025969 -0.132978579 -0.028506027
v 0.990966407 -0.113703215 -0.044792034
v 0.990772140 -0.094336592 -0.060995579
v 0.989557280 -0.074922672 -0.077096315
v 0.987340664 -0.055493384 -0.093070571
v 0.984126978 -0.036079295 -0.108893831
v 0.979896485 -0.016712909 -0.124536600
v 0.974558034 0.002562794 -0.139950839
v 0.968247821 0.021724715 -0.155136457
v 0.960977819 0.040743447 -0.170070919
v 0.952761608 0.059590091 -0.184732336
v 0.943458939 0.078197563 -0.199046037
v 0.933242730 0.096567931 -0.213037758
v 0.922133158 0.114674676 -0.226688499
v 0.910088487 0.132468722 -0.239952113
v 0.897096082 0.149905029 -0.252789823
v 0.883278527 0.166993512 -0.265226844
v 0.868614789 0.183688044 -0.277222357
v 0.853064902 0.199925813 -0.288719204
v 0.836771296 0.215741336 -0.299765603
v 0.819670938 0.231054512 -0.310287002
v 0.801825331 0.245859080 -0.320286865
v 0.783295097 0.260152373 -0.329771493
v 0.764033271 0.273847941 -0.338663410
v 0.744171667 0.287006387 -0.347030802
v 0.723639881 0.299507705 -0.354765420
v 0.702566822 0.311424475 -0.361944885
v 0.680918868 0.322660504 -0.368485666
v 0.658772481 0.333240873 -0.374419109
v 0.636166452 0.343155588 -0.379742528
v 0.613098857 0.352319863 -0.384386264
v 0.589651879 0.360787367 -0.388405919
v 0.565856174 0.368533147 -0.391785457
v 0.541738604 0.375512094 -0.394491822
v 0.517344997 0.381715625 -0.396524565
v 0.492723639 0.387151183 -0.397896706
v 0.467914745 0.391804604 -0.398602456
v 0.442960134 0.395664802 -0.398638788
v 0.417902586 0.398723798 -0.398005366
v 0.392785271 0.400976663 -0.396704413
v 0.367651234 0.402421412 -0.394740552
v 0.342544719 0.403037908 -0.392103747
v 0.317510588 0.402826565 -0.388800855
v 0.292589119 0.401811629 -0.384857542
v 0.267828058 0.399966840 -0.380259272
v 0.243267840 0.397308493 -0.375025218
v 0.218955657 0.393827839 -0.369155037
v 0.194927899 0.389548328 -0.362673112
v 0.171233622 0.384458470 -0.355577057
v 0.147916786 0.378564955 -0.347878545
v 0.125015009 0.371886092 -0.339597764
v 0.102569836 0.364431346 -0.330748146
v 0.080629612 0.356201578 -0.321336938
v 0.059230478 0.347217444 -0.311385683
v 0.038404111 0.337503314 -0.300918179
v 0.018210879 0.327050153 -0.289934715
v -0.001328543 0.315896558 -0.278468729
v -0.020170322 0.304054498 -0.266534835
v -0.038274206 0.291541721 -0.254151508
v -0.055603687 0.278380471 -0.241339996
v -0.072125958 0.264596444 -0.228123438
v -0.087807071 0.250214876 -0.214524256
v -0.102605448 0.235257189 -0.200562102
v -0.116494972 0.219756063 -0.186263280
v -0.129444008 0.203741076 -0.171651578
v -0.141420770 0.187242952 -0.156750968
v -0.152397589 0.170295561 -0.141586741
v -0.162350497 0.152935114 -0.126184936
v -0.171246589 0.135195678 -0.110569804
v -0.179073448 0.117119400 -0.094769527
v -0.185800862 0.098743706 -0.078809119
v -0.191419489 0.080112611 -0.062716605
v -0.195912136 0.061268499 -0.046518645
v -0.199265280 0.042255336 -0.030242340
v -0.201467167 0.023118128 -0.013915035
v -0.202515261 0.003903108 0.002435610
v -0.202406575 -0.015343631 0.018782119
v -0.201141602 -0.034575894 0.035097006
v -0.198724373 -0.053747728 0.051352850
v -0.195162611 -0.072813792 0.067522407
v -0.190467964 -0.091729788 0.083578764
v -0.184643460 -0.110450199 0.099493618
v -0.177717663 -0.128934885 0.115241902
v -0.169699521 -0.147140632 0.130795676
v -0.160617644 -0.165029980 0.146130317
v -0.150490866 -0.182563833 0.161219343
v -0.139341537 -0.199704704 0.176036679
v -0.127195980 -0.216417327 0.190557086
v -0.114084966 -0.232669480 0.204756777
v -0.100044189 -0.248433072 0.218614260
v -0.085091892 -0.263671072 0.232101189
v -0.069272656 -0.278362447 0.245199980
v -0.052614839 -0.292477566 0.257886528
v -0.035150580 -0.305989362 0.270138108
v -0.016915991 -0.318874235 0.281934113
v 0.002048768 -0.331113155 0.293256984
v 0.021703744 -0.342688718 0.304090175
v 0.042024083 -0.353567732 0.314405124
v 0.062957920 -0.363746122 0.324194764
v 0.084467607 -0.373206183 0.333441786
v 0.106516628 -0.381928428 0.342127350
v 0.129065623 -0.389896535 0.350234854
v 0.152072677 -0.397098069 0.357750567
v 0.175493798 -0.403525288 0.364664354
v 0.199283659 -0.409176003 0.370970468
v 0.223403825 -0.414034290 0.376652399
v 0.247813553 -0.418084766 0.381693836
v 0.272464012 -0.421339902 0.386100694
v 0.297314570 -0.423786991 0.389858835
v 0.322324186 -0.425407782 0.392949494
v 0.347444579 -0.426225788 0.395387713
v 0.372633764 -0.426235073 0.397164798
v 0.397848644 -0.425432286 0.398274098
v 0.423045365 -0.423816880 0.398711208
v 0.448179752 -0.421391297 0.398474175
v 0.473207817 -0.418161116 0.397563662
v 0.498086337 -0.414135141 0.395983076
v 0.522773508 -0.409325433 0.393738652
v 0.547229652 -0.403747233 0.390839456
v 0.571417972 -0.397418805 0.387297314
v 0.595272630 -0.390294600 0.383068835
v 0.618773219 -0.382439966 0.378206192
v 0.641896138 -0.373891235 0.372737335
v 0.664550025 -0.364577314 0.366595595
v 0.686749405 -0.354600872 0.359867063
v 0.708427876 -0.343934523 0.352523377
v 0.729556068 -0.332610027 0.344588268
v 0.750099965 -0.320646797 0.336074873
v 0.770025291 -0.308067918 0.326999356
v 0.789280970 -0.294878196 0.317361339
v 0.807891450 -0.281149192 0.307222129
v 0.825713890 -0.266817177 0.296516845
v 0.842843650 -0.252000335 0.285351430
v 0.859175028 -0.236670604 0.273693707
v 0.874675450 -0.220853353 0.261561948
v 0.889394589 -0.204617349 0.249017327
v 0.903232492 -0.187950915 0.236041759
v 0.916153243 -0.170879551 0.222653368
v 0.928215968 -0.153466603 0.208909656
v 0.939399307 -0.135736985 0.194829499
v 0.949532256 -0.117673081 0.180383951
v 0.958738714 -0.099351708 0.165647140
v 0.967008133 -0.080802249 0.150642570
v 0.974325406 -0.062052816 0.135392320
v 0.980543231 -0.043112752 0.119891824
v 0.985764460 -0.024035729 0.104194257
v 0.989997725 -0.004854561 0.088327592
v 0.993235018 0.014400757 0.072316077
v 0.995434940 0.033700325 0.056181089
v 0.996516895 0.053009678 0.039944525
v 0.996590004 0.072294185 0.023644279
v 0.995653738 0.091523309 0.007305677
v 0.993709362 0.110666581 -0.009045857
v 0.990719927 0.129687707 -0.025383256
v 0.986627699 0.148542305 -0.041674469
v 0.981543320 0.167213275 -0.057896041
v 0.975475523 0.185671242 -0.074022836
v 0.968434762 0.203887292 -0.090029959
v 0.960370860 0.221813283 -0.105881610
v 0.951281016 0.239410126 -0.121545554
v 0.941262199 0.256674190 -0.137010677
v 0.930331796 0.273579238 -0.152253741
v 0.918498808 0.290095186 -0.167249014
v 0.905661904 0.306134721 -0.181932456
v 0.891978419 0.321734029 -0.196320995
v 0.877471807 0.336870746 -0.210394120
v 0.862126674 0.351497257 -0.224113599
v 0.845912060 0.365548786 -0.237428264
v 0.828957643 0.379069891 -0.250364318
v 0.811287119 0.392039330 -0.262902184
v 0.792806905 0.404331498 -0.274945459
v 0.773681569 0.416037718 -0.286556261
v 0.753914314 0.427115575 -0.297699179
v 0.733471272 0.437474575 -0.308302014
v 0.712485923 0.447205856 -0.318429324
v 0.690906316 0.456186812 -0.327983817
v 0.668830585 0.464482263 -0.337011163
v 0.646263208 0.472029406 -0.345459015
v 0.623259372 0.478843701 -0.353335697
v 0.599844306 0.484884788 -0.360605780
v 0.576078581 0.490188124 -0.367293728
v 0.551970828 0.494666731 -0.373326910
v 0.527597094 0.498402634 -0.378767098
v 0.502974876 0.501322302 -0.383552103
v 0.478153484 0.503433196 -0.387684198
v 0.453180805 0.504760891 -0.391180760
v 0.428095350 0.505292063 -0.394027762
v 0.402937715 0.504993416 -0.396194520
v 0.377754564 0.503880772 -0.397690493
v 0.352589287 0.501966263 -0.398522359
v 0.327484778 0.499249438 -0.398686449
v 0.302484204 0.495733124 -0.398181795
v 0.277630438 0.491423235 -0.397010015
v 0.252965582 0.486328543 -0.395175157
v 0.228541807 0.480428534 -0.392656304
v 0.204393749 0.473761214 -0.389482245
v 0.180558770 0.466345661 -0.385665920
v 0.157092385 0.458163999 -0.381188335
v 0.134024300 0.449252853 -0.376077494
v 0.111406144 0.439608948 -0.370326737
v 0.089264841 0.429268001 -0.363963483
v 0.067653454 0.418227915 -0.356981862
v 0.046609738 0.406510408 -0.349396799
v 0.026166738 0.394141123 -0.341226758
v 0.006362612 0.381139571 -0.332484653
v -0.012763383 0.367525179 -0.323183133
v -0.031166923 0.353314739 -0.313332118
v -0.048829737 0.338545782 -0.302960569
v -0.065702089 0.323232397 -0.292075363
v -0.081764405 0.307410121 -0.280703297
v -0.096973982 0.291100200 -0.268857188
v -0.111300567 0.274332697 -0.256557808
v -0.124716753 0.257139367 -0.243827200
v -0.137188880 0.239549922 -0.230684712
v -0.148699269 0.221601093 -0.217156444
v -0.159214874 0.203324455 -0.203262262
v -0.168717895 0.184757410 -0.189027682
v -0.177176215 0.165934396 -0.174473636
v -0.184574462 0.146895156 -0.159626387
v -0.190892018 0.127678932 -0.144510459
v -0.196110444 0.108326488 -0.129151017
v -0.200222155 0.088880433 -0.113575260
v -0.203207835 0.069383315 -0.097808003
v -0.205065560 0.049879247 -0.081876861
v -0.205777095 0.030413392 -0.065807168
v -0.205348138 0.011030982 -0.049627131
v -0.203776530 -0.008222214 -0.033363701
v -0.201064130 -0.027300224 -0.017044146
v -0.197216508 -0.046157247 -0.000695894
v -0.192242733 -0.064747982 0.015653567
v -0.186155254 -0.083027955 0.031976764
v -0.178966258 -0.100952535 0.048246052
v -0.170696062 -0.118479951 0.064434072
v -0.161367343 -0.135570126 0.080513769
v -0.151005776 -0.152185225 0.096458541
v -0.139628617 -0.168283663 0.112240209
v -0.127275049 -0.183836104 0.127834188
v -0.113963413 -0.198802467 0.143211785
v -0.099734145 -0.213156886 0.158349062
v -0.084618304 -0.226869018 0.173220084
v -0.068650139 -0.239911653 0.187799731
v -0.051867325 -0.252261617 0.202064295
v -0.034302185 -0.263891962 0.215987887
v -0.015996503 -0.274785410 0.229548817
v 0.003014943 -0.284918946 0.242722273
v 0.022688530 -0.294280164 0.255488579
v 0.042986655 -0.302851095 0.267824962
v 0.063868814 -0.310618034 0.279710674
v 0.085291803 -0.317572613 0.291127902
v 0.107218978 -0.323696971 0.302053103
v 0.129605143 -0.328987616 0.312471021
v 0.152410595 -0.333432619 0.322361268
v 0.175588833 -0.337035207 0.331712921
v 0.199099916 -0.339785663 0.340506857
v 0.222901947 -0.341677964 0.348726083
v 0.246951504 -0.342710405 0.356356368
v 0.271204284 -0.342886238 0.363386946
v 0.295615990 -0.342214311 0.369811301
v 0.320145092 -0.340691211 0.375614233
v 0.344748621 -0.338308979 0.380776559
v 0.369382256 -0.335099180 0.385309163
v 0.394003351 -0.331047184 0.389187757
v 0.418568341 -0.326162936 0.392406732
v 0.443036441 -0.320473509 0.394974543
v 0.467365583 -0.313983645 0.396882014
v 0.491513204 -0.306700853 0.398121957
v 0.515434841 -0.298630336 0.398684831
v 0.539092374 -0.289798116 0.398579111
v 0.562442556 -0.280213803 0.397799050
v 0.585443564 -0.269893084 0.396344044
v 0.608058643 -0.258861055 0.394222308
v 0.630252556 -0.247142475 0.391442274
v 0.651993476 -0.234764375 0.388015179
v 0.673241108 -0.221740965 0.383939800
v 0.693926859 -0.208060381 0.379186203
v 0.714065224 -0.193802893 0.373820858
v 0.733602719 -0.178969147 0.367828106
v 0.752479630 -0.163565141 0.361194565
v 0.770735326 -0.147672728 0.353995488
v 0.788225993 -0.131237756 0.346145585
v 0.805059584 -0.114380844 0.337770831
v 0.821058007 -0.097040548 0.328769994
v 0.836338073 -0.079326476 0.319263205
v 0.850760021 -0.061212398 0.309188093
v 0.864366859 -0.042759935 0.298605403
v 0.877151344 -0.024004677 0.287540583
v 0.888979250 -0.004941799 0.275949572
v 0.899968105 0.014353445 0.263926116
v 0.910046768 0.033864591 0.251461649
v 0.919124269 0.053571850 0.238544250
v 0.927303254 0.073419466 0.225248072
v 0.934567815 0.093378484 0.211590860
v 0.940745597 0.113427967 0.197537183
v 0.945972535 0.133520632 0.183164621
v 0.950246187 0.153625286 0.168496716
v 0.953548710 0.173710615 0.153552490
v 0.955733413 0.193733275 0.138321679
v 0.956943154 0.213666305 0.122868139
v 0.957174189 0.233478475 0.107215070
v 0.956424500 0.253138567 0.091386186
v 0.954609683 0.272596917 0.075394846
v 0.951756300 0.291821743 0.059273784
v 0.947929150 0.310794304 0.043057049
v 0.943133608 0.329484435 0.026769758
v 0.937376787 0.347862411 0.010437212
v 0.930575925 0.365862916 -0.005914531
v 0.922792643 0.383470583 -0.022255002
v 0.914082913 0.400673421 -0.038558054
v 0.904460912 0.417444375 -0.054798353
v 0.893942405 0.433757209 -0.070950722
v 0.882449231 0.449530090 -0.086974852
v 0.870067431 0.464770370 -0.102850655
v 0.856849787 0.479472714 -0.118558137
v 0.842818314 0.493614989 -0.134073454
v 0.827970876 0.507156079 -0.149365221
v 0.812263937 0.520015829 -0.164384064
v 0.795822325 0.532249601 -0.179135676
v 0.778673267 0.543840347 -0.193598624
v 0.760817614 0.554743797 -0.207738191
v 0.742229166 0.564879577 -0.221499660
v 0.723027781 0.574323371 -0.234906056
v 0.703244461 0.583063933 -0.247939355
v 0.682827067 0.590974646 -0.260516643
v 0.661881957 0.598134968 -0.272667941
v 0.640460111 0.604562270 -0.284391537
v 0.618517382 0.610111768 -0.295588026
v 0.596163502 0.614897503 -0.306313346
v 0.573418834 0.618881805 -0.316532150
v 0.550296383 0.621999782 -0.326190136
v 0.526881510 0.624359440 -0.335345841
v 0.503158574 0.625799618 -0.343878704
v 0.479222262 0.626491111 -0.351893299
v 0.455068396 0.626259824 -0.359255639
v 0.430772246 0.625258360 -0.366061955
v 0.406355199 0.623377799 -0.372221334
v 0.381868681 0.620678623 -0.377765551
v 0.357351302 0.617184388 -0.382701505
v 0.332846599 0.612804005 -0.386945637
v 0.308396485 0.607630580 -0.390557906
v 0.284040735 0.601661716 -0.393524764
v 0.259821115 0.594897859 -0.395834292
v 0.235785033 0.587327867 -0.397463938
v 0.211972921 0.578976534 -0.398421118
v 0.188423183 0.569866667 -0.398712314
v 0.165176672 0.560011573 -0.398335926
v 0.142273280 0.549427538 -0.397292961
v 0.119758576 0.538121843 -0.395575780
v 0.097674609 0.526111395 -0.393185260
v 0.076050676 0.513431269 -0.390140123
v 0.054919466 0.500107380 -0.386450980
v 0.034343309 0.486132367 -0.382093934
v 0.014333129 0.471558904 -0.377106727
v -0.005054263 0.456390605 -0.371475570
v -0.023805467 0.440672278 -0.365231325
v -0.041865396 0.424412892 -0.358364799
v -0.059206513 0.407645777 -0.350893718
v -0.075801969 0.390403104 -0.342835043
v -0.091619391 0.372713328 -0.334201152
v -0.106630341 0.354607522 -0.325007502
v -0.120790956 0.336110601 -0.315260093
v -0.134088670 0.317262120 -0.304985338
v -0.146495287 0.298094450 -0.294199284
v -0.157983475 0.278640878 -0.282918712
v -0.168521618 0.258934909 -0.271158997
v -0.178096928 0.239015284 -0.258944873
v -0.186686733 0.218918419 -0.246295957
v -0.194272750 0.198682197 -0.233233899
v -0.200823173 0.178344269 -0.219775502
v -0.206343411 0.157946055 -0.205951390
v -0.210798564 0.137527285 -0.191777775
v -0.214189546 0.117129732 -0.177282937
v -0.216502326 0.096795531 -0.162490041
v -0.217728364 0.076567687 -0.147423867
v -0.217863793 0.056489516 -0.132110160
v -0.216898843 0.036606402 -0.116573387
v -0.214838928 0.016961915 -0.100840920
v -0.211682384 -0.002398097 -0.084938611
v -0.207439205 -0.021430170 -0.068893860
v -0.202111664 -0.040087694 -0.052732936
v -0.195711101 -0.058326064 -0.036483206
v -0.188254175 -0.076102505 -0.020172220
v -0.179757452 -0.093374018 -0.003827339
v -0.170240816 -0.110098924 0.012523969
v -0.159727244 -0.126237141 0.028854217
v -0.148242664 -0.141750500 0.045135973
v -0.135815871 -0.156603105 0.061341953
v -0.122474468 -0.170758460 0.077444562
v -0.108252061 -0.184185045 0.093416656
v -0.093188311 -0.196858069 0.109232393
v -0.077310708 -0.208742334 0.124863340
v -0.060665473 -0.219821982 0.140285337
v -0.043286443 -0.230070046 0.155471238
v -0.025212536 -0.239465754 0.170395089
v -0.006487278 -0.247995858 0.185033083
v 0.012852864 -0.255638838 0.199358300
v 0.032762447 -0.262387433 0.213348529
v 0.053198165 -0.268234172 0.226981651
v 0.074122186 -0.273162747 0.240231605
v 0.095490901 -0.277168365 0.253076747
v 0.117260247 -0.280249699 0.265496999
v 0.139387951 -0.282403640 0.277471484
v 0.161830757 -0.283631960 0.288981709
v 0.184551232 -0.283916635 0.299998499
v 0.207499034 -0.283288347 0.310518527
v 0.230638091 -0.281722787 0.320508567
v 0.253921654 -0.279246905 0.329964074
v 0.277308903 -0.275861229 0.338865651
v 0.300758036 -0.271570286 0.347195938
v 0.324226816 -0.266383080 0.354940221
v 0.347673322 -0.260313551 0.362087129
v 0.371056938 -0.253380967 0.368629396
v 0.394336839 -0.245594372 0.374552806
v 0.417469048 -0.236954430 0.379835967
v 0.440420103 -0.227508935 0.384493984
v 0.463142001 -0.217243385 0.388493334
v 0.485599885 -0.206193755 0.391840543
v 0.507759293 -0.194389479 0.394537983
v 0.529580753 -0.181845641 0.396576003
v 0.551015665 -0.168564439 0.397931848
v 0.572036634 -0.154588857 0.398620416
v 0.592609004 -0.139944931 0.398641742
v 0.612698622 -0.124658829 0.397996211
v 0.632271893 -0.108757161 0.396684795
v 0.651275975 -0.092248331 0.394686802
v 0.669695620 -0.075181164 0.392027120
v 0.687506098 -0.057590105 0.388716379
v 0.704686982 -0.039510469 0.384767936
v 0.721171485 -0.020946408 0.380151414
v 0.736946784 -0.001943983 0.374891131
v 0.752032228 0.017440935 0.369033911
v 0.766308387 0.037222509 0.362511117
v 0.779844619 0.057321330 0.355410083
v 0.792557339 0.077729899 0.347694408
v 0.804464468 0.098397485 0.339406842
v 0.815508837 0.119300871 0.330534587
v 0.825728413 0.140389712 0.321130085
v 0.835012550 0.161646539 0.311150250
v 0.843478682 0.183014395 0.300691304
v 0.850955499 0.204473956 0.289681400
v 0.857549138 0.225978181 0.278204558
v 0.863262398 0.247493728 0.266284492
v 0.867930037 0.268980022 0.253866624
v 0.871705182 0.290405365 0.241047974
v 0.874578193 0.311737966 0.227845089
v 0.876393639 0.332920366 0.214219589
v 0.877273645 0.353933273 0.200244860
v 0.877233602 0.374747212 0.185948301
v 0.876244492 0.395322273 0.171342340
v 0.874205185 0.415591940 0.156421580
v 0.871245054 0.435557695 0.141249076
v 0.867366622 0.455187910 0.125847319
v 0.862574075 0.474451318 0.110239391
v 0.856754089 0.493260403 0.094427984
v 0.850020168 0.511626957 0.078461382
v 0.842398957 0.529529160 0.062367449
v 0.833901612 0.546938315 0.046170999
v 0.824531296 0.563820279 0.029896551
v 0.814202172 0.580077942 0.013566870
v 0.803044444 0.595755390 -0.002783184
v 0.791075749 0.610827761 -0.019128160
v 0.778315163 0.625271269 -0.035442619
v 0.764771549 0.639052785 -0.051699897
v 0.750384421 0.652070712 -0.067861653
v 0.735276078 0.664389862 -0.083910884
v 0.719471105 0.675991590 -0.099822880
v 0.702995218 0.686858605 -0.115573284
v 0.685836203 0.696926369 -0.131124769
v 0.668008701 0.706154738 -0.146443110
v 0.649600149 0.714600034 -0.161522873
v 0.630640354 0.722251075 -0.176341794
v 0.611138970 0.729063294 -0.190865158
v 0.591090551 0.734956376 -0.205041711
v 0.570592352 0.740026698 -0.218888089
v 0.549676790 0.744269623 -0.232385156
v 0.528332186 0.747576453 -0.245465699
v 0.506621781 0.749996504 -0.258131588
v 0.484602349 0.751581852 -0.270389747
v 0.462277995 0.752233675 -0.282171825
v 0.439698842 0.751983869 -0.293474502
v 0.416920683 0.750908264 -0.304321153
v 0.393949122 0.748848306 -0.314602634
v 0.370851626 0.745960522 -0.324390735
v 0.347655751 0.742167051 -0.333619660
v 0.324403140 0.737499665 -0.342290238
v 0.301134625 0.731967667 -0.350388640
v 0.277888667 0.725569416 -0.357894873
v 0.254707365 0.718314831 -0.364794926
v 0.231624356 0.710249381 -0.371102802
v 0.208693249 0.701309354 -0.376749480
v 0.185936314 0.691598320 -0.381793543
v 0.163401536 0.681085174 -0.386190634
v 0.141136703 0.669769757 -0.389917274
v 0.119165503 0.657712965 -0.393002763
v 0.097527691 0.644925098 -0.395434602
v 0.076263261 0.631420716 -0.397203050
v 0.055413246 0.617216048 -0.398298995
v 0.035017796 0.602331549 -0.398716611
v 0.015104162 0.586804911 -0.398467951
v -0.004288171 0.570656242 -0.397547308
v -0.023120072 0.553908466 -0.395951048
v -0.041365255 0.536597735 -0.393690693
v -0.058995866 0.518756529 -0.390774536
v -0.075986679 0.500418207 -0.387212743
v -0.092270074 0.481588182 -0.382976054
v -0.107860479 0.462328015 -0.378112880
v -0.122695555 0.442650501 -0.372601468
v -0.136778493 0.422605039 -0.366476545
v -0.150054830 0.402212812 -0.359725765
v -0.162509798 0.381514526 -0.352369181
v -0.174124314 0.360547615 -0.344422487
v -0.184873851 0.339347814 -0.335897500
v -0.194738405 0.317952493 -0.326809238
v -0.203692222 0.296398520 -0.317169448
v -0.211712628 0.274724426 -0.306992325
v -0.218803052 0.252971186 -0.296306314
v -0.224919746 0.231176700 -0.285114434
v -0.230067887 0.209382245 -0.273445707
v -0.234231323 0.187628185 -0.261317770
v -0.237397063 0.165955819 -0.248750062
v -0.239557644 0.144406622 -0.235764457
v -0.240706965 0.123022330 -0.222383216
v -0.240828258 0.101847876 -0.208624801
v -0.239932485 0.080923101 -0.194517630
v -0.238013396 0.060292013 -0.180083593
v -0.235068091 0.039999264 -0.165345917
v -0.231099297 0.020088897 -0.150329493
v -0.226114414 0.000604003 -0.135060202
v -0.220124725 -0.018413460 -0.119564437
v -0.213137474 -0.036918661 -0.103867476
v -0.205166444 -0.054868951 -0.087995806
v -0.196225512 -0.072220550 -0.071975846
v -0.186337789 -0.088934777 -0.055835120
v -0.175523479 -0.104970526 -0.039600488
v -0.163806514 -0.120288525 -0.023299177
v -0.151212787 -0.134850304 -0.006958584
v -0.137773167 -0.148621305 0.009393686
v -0.123520538 -0.161568976 0.025730110
v -0.108489409 -0.173662625 0.042023213
v -0.092716509 -0.184874406 0.058245623
v -0.076240635 -0.195179731 0.074370192
v -0.059101512 -0.204556263 0.090369947
v -0.041335796 -0.212977404 0.106216832
v -0.022992912 -0.220438360 0.121886375
v -0.004106997 -0.226910077 0.137349290
v 0.015272702 -0.232392179 0.152581897
v 0.035104463 -0.236872831 0.167558016
v 0.055345350 -0.240344200 0.182252085
v 0.075951400 -0.242803287 0.196639679
v 0.096877978 -0.244252926 0.210698238
v 0.118085961 -0.244678473 0.224398848
v 0.139527445 -0.244101505 0.237725322
v 0.161162525 -0.242515317 0.250651186
v 0.182948686 -0.239925815 0.263154376
v 0.204843238 -0.236347556 0.275216702
v 0.226805449 -0.231778995 0.286812526
v 0.248793394 -0.226240795 0.297926527
v 0.270767214 -0.219754409 0.308544786
v 0.292685654 -0.212311218 0.318636817
v 0.314510039 -0.203945148 0.328195393
v 0.336201563 -0.194672283 0.337203874
v 0.357721114 -0.184507282 0.345644548
v 0.379030231 -0.173469183 0.353502240
v 0.400091907 -0.161581653 0.360764994
v 0.420871615 -0.148873138 0.367424823
v 0.441332668 -0.135364037 0.373468171
v 0.461432014 -0.121064572 0.378872082
v 0.481151910 -0.106034079 0.383655155
v 0.500436994 -0.090261597 0.387775524
v 0.519270566 -0.073803370 0.391250857
v 0.537623433 -0.056690698 0.394077930
v 0.555451335 -0.038937129 0.396234603
v 0.572723144 -0.020575328 0.397717073
v 0.589419015 -0.001648247 0.398534182
v 0.605509944 0.017812162 0.398683172
v 0.620969162 0.037771900 0.398163807
v 0.635772596 0.058195258 0.396978499
v 0.649898674 0.079045597 0.395131787
v 0.663287829 0.100305330 0.392593622
v 0.675951291 0.121917300 0.389400521
v 0.687877491 0.143841622 0.385565277
v 0.699057178 0.166040002 0.381101399
v 0.709386570 0.188499213 0.375947734
v 0.718945443 0.211151062 0.370191369
v 0.727687539 0.233967692 0.363816305
v 0.735561309 0.256913253 0.356807190
v 0.742637127 0.279940332 0.349234362
v 0.748784014 0.303016732 0.341028677
v 0.754125222 0.326099413 0.332292838
v 0.758524981 0.349146329 0.322959652
v 0.762078144 0.372123884 0.313108424
v 0.764731980 0.394988644 0.302727008
v 0.766459880 0.417697464 0.291820202
v 0.767354707 0.440231038 0.280458694
v 0.767270877 0.462516378 0.268584848
v 0.766310818 0.484541188 0.256272016
v 0.764505672 0.506280928 0.243553231
v 0.761733136 0.527651887 0.230391646
v 0.758079120 0.548647255 0.216847003
v 0.753584343 0.569249012 0.202955258
v 0.748220512 0.589406821 0.188723891
v 0.741917225 0.609040126 0.174148426
v 0.734793875 0.628175870 0.159293117
v 0.726859299 0.646783290 0.144179658
v 0.718109416 0.664821439 0.128826546
v 0.708465238 0.682186987 0.113235478
v 0.698051054 0.698930241 0.097461858
v 0.686882046 0.715024027 0.081529689
v 0.674974822 0.730442192 0.065463385
v 0.662300881 0.745111414 0.049282210
v 0.648875299 0.758995259 0.033014898
v 0.634775510 0.772127076 0.016694936
v 0.620023623 0.784485829 0.000347699
v 0.604642924 0.796051840 -0.016001365
v 0.588616969 0.806748192 -0.032323227
v 0.571974740 0.816553128 -0.048587633
v 0.554786497 0.825510825 -0.064771400
v 0.537079816 0.833607813 -0.080849488
v 0.518883101 0.840832192 -0.096797126
v 0.500182172 0.847083706 -0.112571730
v 0.481034336 0.852395214 -0.128152757
v 0.461493321 0.856804806 -0.143524720
v 0.441590283 0.860307465 -0.158664618
v 0.421341008 0.862851145 -0.173535192
v 0.400765395 0.864378372 -0.188093690
v 0.379931828 0.864991269 -0.202348164
v 0.358872733 0.864691858 -0.216278443
v 0.337604177 0.863390511 -0.229827671
v 0.316169588 0.861112209 -0.242980362
v 0.294616118 0.857936612 -0.255746871
v 0.272972371 0.853814150 -0.268082876
v 0.251273378 0.848695712 -0.279940104
v 0.229560768 0.842711549 -0.291358696
v 0.207870956 0.835777719 -0.302271487
v 0.186241485 0.827922807 -0.312668755
v 0.164701308 0.819233604 -0.322576482
v 0.143308101 0.809573981 -0.331886686
v 0.122068484 0.799135239 -0.340693962
v 0.101055290 0.787769952 -0.348874636
v 0.080262087 0.775654046 -0.356523880
v 0.059774704 0.762652627 -0.363516067
v 0.039578447 0.748925548 -0.369943461
v 0.019747462 0.734398318 -0.375719312
v 0.000297275 0.719141284 -0.380869949
v -0.018751570 0.703196321 -0.385403718
v -0.037329261 0.686532431 -0.389259246
v -0.055424244 0.669213446 -0.392462119
v -0.073012049 0.651275393 -0.395015150
v -0.090057909 0.632741747 -0.396907979
v -0.106528362 0.613639742 -0.398133059
v -0.122391741 0.593999818 -0.398685686
v -0.137618553 0.573855054 -0.398563944
v -0.152181754 0.553240615 -0.397768606
v -0.166056938 0.532193233 -0.396302971
v -0.179222444 0.510750718 -0.394172687
v -0.191659396 0.488951517 -0.391385541
v -0.203347843 0.466832919 -0.387948022
v -0.214228639 0.444419564 -0.383834683
v -0.224334146 0.421768109 -0.379095920
v -0.233600837 0.398905010 -0.373704370
v -0.242050141 0.375878724 -0.367699055
v -0.249631359 0.352723026 -0.361064659
v -0.256343488 0.329481493 -0.353823071
v -0.262176580 0.306195060 -0.345988957
v -0.267115541 0.282904615 -0.337573555
v -0.271150149 0.259651561 -0.328591422
v -0.274274627 0.236477051 -0.319059754
v -0.276457948 0.213426433 -0.308981369
v -0.277724802 0.190537376 -0.298391106
v -0.278047036 0.167856664 -0.287293968
v -0.277437412 0.145423042 -0.275717158
v -0.275887091 0.123280727 -0.263676344
v -0.273393764 0.101473355 -0.251190772
v -0.269960631 0.080043306 -0.238282228
v -0.265595488 0.059031287 -0.224974211
v -0.260300372 0.038481318 -0.211287593
v -0.254083275 0.018435474 -0.197245586
v -0.246950707 -0.001062078 -0.182870786
v -0.238919158 -0.019972421 -0.168189087
v -0.230001196 -0.038253407 -0.153224649
v -0.220213943 -0.055864976 -0.138002839
v -0.209572291 -0.072763839 -0.122548224
v -0.198099778 -0.088912604 -0.106887499
v -0.185821225 -0.104274279 -0.091047249
v -0.172762863 -0.118812391 -0.075054021
v -0.158949023 -0.132486563 -0.058934016
v -0.144415450 -0.145268518 -0.042715134
v -0.129194798 -0.157126015 -0.026424464
v -0.113322457 -0.168029570 -0.010089345
v -0.096836108 -0.177952506 0.006262765
v -0.079775373 -0.186871059 0.022604375
v -0.062181515 -0.194764542 0.038908041
v -0.044095833 -0.201612404 0.055146164
v -0.025562215 -0.207400066 0.071291339
v -0.006626074 -0.212118692 0.087316728
v 0.012667472 -0.215761803 0.103195900
v 0.032277064 -0.218311305 0.118900206
v 0.052153864 -0.219778658 0.134405683
v 0.072255371 -0.220155273 0.149684795
v 0.092537165 -0.219443001 0.164711611
v 0.112954841 -0.217650793 0.179461858
v 0.133465406 -0.214786892 0.193911209
v 0.154026821 -0.210848786 0.208031656
v 0.174596779 -0.205863636 0.221804379
v 0.195134399 -0.199833754 0.235202524
v 0.215599994 -0.192783162 0.248206835
v 0.235954017 -0.184723522 0.260793490
v 0.256157506 -0.175671185 0.272940213
v 0.276172826 -0.165647796 0.284627048
v 0.295964680 -0.154680878 0.295837348
v 0.315496009 -0.142787858 0.306549527
v 0.334732020 -0.129994499 0.316746173
v 0.353636601 -0.116321579 0.326407028
v 0.372180202 -0.101805465 0.335521667
v 0.390328807 -0.086469909 0.344072043
v 0.408050058 -0.070342687 0.352042540
v 0.425314072 -0.053455651 0.359420639
v 0.442094436 -0.035844633 0.366197656
v 0.458361412 -0.017539451 0.372360385
v 0.474075409 0.001439789 0.377884929
v 0.489237333 0.021028059 0.382792680
v 0.503784184 0.041228662 0.387034292
v 0.517724097 0.061973560 0.390637611
v 0.531032460 0.083229567 0.393594291
v 0.543655990 0.104981600 0.395868250
v 0.555597728 0.127172893 0.397479832
v 0.566837756 0.149765159 0.398425916
v 0.577355857 0.172720124 0.398703154
v 0.587134428 0.195998020 0.398310686
v 0.596158841 0.219558005 0.397250289
v 0.604417778 0.243358667 0.395526472
v 0.611897384 0.267359851 0.393141411
v 0.618546576 0.291526266 0.390067216
v 0.624399539 0.315806386 0.386346541
v 0.629458846 0.340159858 0.381994264
v 0.633682172 0.364548300 0.376990240
v 0.637053018 0.388926531 0.371336309
v 0.639638279 0.413257976 0.365095465
v 0.641320014 0.437490345 0.358194135
v 0.642209623 0.461595681 0.350726674
v 0.642218222 0.485518564 0.342642809
v 0.641423661 0.509234898 0.334009974
v 0.639741176 0.532680503 0.324783903
v 0.637293121 0.555855400 0.315058383
v 0.633917662 0.578655692 0.304742923
v 0.629782639 0.601110083 0.293956935
v 0.624809634 0.623141484 0.282665240
v 0.619003076 0.644708397 0.270884680
v 0.612448327 0.665819219 0.258678020
v 0.605067077 0.686381177 0.246015276
v 0.596895963 0.706372912 0.232931498
v 0.588003528 0.725802510 0.219476670
v 0.578372897 0.744614144 0.205655982
v 0.567950668 0.762710876 0.191459954
v 0.556848948 0.780146983 0.176957018
v 0.545082692 0.796893845 0.162167977
v 0.532637811 0.812887732 0.147102753
v 0.519496268 0.828051146 0.131772726
v 0.505749942 0.842440680 0.116230059
v 0.491419203 0.856032474 0.100498180
v 0.476525590 0.868803946 0.084601002
v 0.461030609 0.880631691 0.068549153
v 0.445010557 0.891569948 0.052383604
v 0.428505878 0.901625246 0.036133318
v 0.411542386 0.910781149 0.019823497
v 0.394146757 0.919022793 0.003479496
v 0.376298419 0.926216936 -0.012871062
v 0.358074651 0.932455132 -0.029198613
v 0.339510530 0.937741946 -0.045477676
v 0.320635593 0.942069502 -0.061682976
v 0.301479863 0.945431643 -0.077789426
v 0.282042054 0.947683453 -0.093750776
v 0.262391341 0.948957022 -0.109556910
v 0.242559839 0.949255694 -0.125184238
v 0.222578820 0.948580661 -0.140609115
v 0.202473447 0.946864393 -0.155790198
v 0.182279922 0.944096328 -0.170696237
v 0.162039295 0.940368046 -0.185325542
v 0.141782651 0.935687984 -0.199656992
v 0.121545065 0.929982043 -0.213639510
v 0.101363792 0.923265439 -0.227249459
v 0.081266913 0.915633219 -0.240496262
v 0.061287207 0.907080055 -0.253353034
v 0.041480671 0.897492784 -0.265739943
v 0.021854356 0.887042313 -0.277707294
v 0.002445107 0.875714565 -0.289222253
v -0.016684010 0.863425931 -0.300209234
v -0.035544533 0.850340893 -0.310730718
v -0.054065805 0.836372868 -0.320704357
v -0.072237306 0.821598903 -0.330147240
v -0.090027236 0.806042473 -0.339042700
v -0.107387919 0.789695643 -0.347351677
v -0.124313656 0.772631168 -0.355093588
v -0.140752776 0.754839442 -0.362225799
v -0.156686662 0.736368953 -0.368749951
v -0.172106331 0.717269450 -0.374675466
v -0.186930151 0.697513828 -0.379931144
v -0.201192406 0.677200322 -0.384575356
v -0.214854889 0.656344956 -0.388584208
v -0.227846509 0.634946854 -0.391903196
v -0.240192130 0.613082064 -0.394576270
v -0.251864120 0.590781285 -0.396592470
v -0.262836981 0.568078666 -0.397943610
v -0.273087699 0.545011138 -0.398624329
v -0.282595990 0.521617763 -0.398632061
v -0.291344441 0.497939125 -0.397966942
v -0.299318575 0.474016757 -0.396631672
v -0.306506846 0.449892636 -0.394631335
v -0.312900569 0.425608728 -0.391973198
v -0.318480564 0.401205344 -0.388655992
v -0.323215934 0.376723677 -0.384669816
v -0.327141079 0.352208973 -0.380055821
v -0.330198610 0.327703342 -0.374784217
v -0.332428085 0.303248176 -0.368898772
v -0.333785934 0.278889283 -0.362381387
v -0.334284482 0.254668835 -0.355255272
v -0.333923872 0.230629037 -0.347534324
v -0.332699472 0.206813467 -0.339229175
v -0.330611587 0.183265029 -0.330353905
v -0.327664855 0.160025293 -0.320925340
v -0.323851125 0.137141633 -0.310952311
v -0.319183500 0.114653237 -0.300456996
v -0.313668304 0.092602214 -0.289457151
v -0.307316791 0.071027981 -0.277973189
v -0.300126834 0.049979157 -0.266017963
v -0.292117369 0.029492176 -0.253616138
v -0.283298829 0.009609323 -0.240787371
v -0.273683468 -0.009627150 -0.227552222
v -0.263295885 -0.028184925 -0.213937097
v -0.252144102 -0.046015866 -0.199960037
v -0.240255977 -0.063089408 -0.185648233
v -0.227649540 -0.079364294 -0.171023925
v -0.214347828 -0.094802701 -0.156111363
v -0.200377795 -0.109370087 -0.140936044
v -0.185769452 -0.123034958 -0.125524153
v -0.170552690 -0.135764410 -0.109901379
v -0.154757280 -0.147522991 -0.094093123
v -0.138420589 -0.158286259 -0.078126878
v -0.121579490 -0.168028406 -0.062029468
v -0.104270494 -0.176720665 -0.045827466
v -0.086534245 -0.184341265 -0.029548293
v -0.068413589 -0.190873433 -0.013219508
v -0.049951549 -0.196300536 0.003131478
v -0.031192357 -0.200609250 0.019477182
v -0.012181114 -0.203789618 0.035790126
v 0.007036524 -0.205835200 0.052042919
v 0.026414679 -0.206743312 0.068208361
v 0.045908031 -0.206508456 0.084258750
v 0.065470572 -0.205136434 0.100167301
v 0.085057414 -0.202638308 0.115908201
v 0.104624219 -0.199010224 0.131452927
v 0.124127820 -0.194273319 0.146777087
v 0.143526004 -0.188439175 0.161854663
v 0.162777323 -0.181521219 0.176659741
v 0.181841642 -0.173537301 0.191167307
v 0.200680848 -0.164510360 0.205353881
v 0.219257555 -0.154461555 0.219195587
v 0.237534032 -0.143409504 0.232667312
v 0.255476180 -0.131382410 0.245747485
v 0.273051217 -0.118408947 0.258415091
v 0.290225808 -0.104514514 0.270647782
v 0.306969195 -0.089729189 0.282425438
v 0.323254289 -0.074088040 0.293731123
v 0.339042959 -0.057606720 0.304536368
v 0.354321483 -0.040340080 0.314836790
v 0.369047261 -0.022297978 0.324599130
v 0.383207667 -0.003532762 0.333819173
v 0.396775838 0.015924319 0.342478556
v 0.409727445 0.036038570 0.350561240
v 0.422041484 0.056771989 0.358054164
v 0.433701179 0.078083591 0.364947973
v 0.444685763 0.099936633 0.371229511
v 0.454961990 0.122301686 0.376874542
v 0.464549734 0.145114627 0.381906130
v 0.473381410 0.168366113 0.386269609
v 0.481491778 0.191987264 0.390000749
v 0.488851582 0.215946142 0.393078759
v 0.495426644 0.240208763 0.395479003
v 0.501232743 0.264722155 0.397219956
v 0.506257203 0.289445387 0.398295416
v 0.510489938 0.314336258 0.398701448
v 0.513923717 0.339351691 0.398436576
v 0.516554423 0.364448208 0.397501937
v 0.518381254 0.389582494 0.395901395
v 0.519406876 0.414712035 0.393641604
v 0.519617887 0.439793561 0.390716076
v 0.518991755 0.464779031 0.387111326
v 0.517575720 0.489631079 0.382870216
v 0.515385612 0.514313917 0.378009584
v 0.512338673 0.538761466 0.372468313
v 0.508528625 0.562955734 0.366325532
v 0.503936377 0.586850138 0.359570513
v 0.498540718 0.610388623 0.352191814
v 0.492412599 0.633562148 0.344248886
v 0.485483893 0.656287473 0.335694587
v 0.477845006 0.678572652 0.326602579
v 0.469452254 0.700342068 0.316945074
v 0.460343431 0.721575015 0.306755503
v 0.450568987 0.742264402 0.296076263
v 0.440046178 0.762287988 0.284852475
v 0.428905123 0.781713587 0.273184087
v 0.417114476 0.800460978 0.261054047
v 0.404662421 0.818460317 0.248460294
v 0.391640747 0.835762995 0.235472967
v 0.378050579 0.852318207 0.222098607
v 0.363848181 0.868000911 0.208314913
v 0.349137830 0.882898353 0.194198397
v 0.333940122 0.896985314 0.179768880
v 0.318245835 0.910177464 0.165028092
v 0.302072405 0.922428001 0.149995645
v 0.285487918 0.933796447 0.134721237
v 0.268517259 0.944263255 0.119227619
v 0.251180871 0.953795288 0.103535390
v 0.233470196 0.962262994 0.087651875
v 0.215460761 0.969777592 0.071627192
v 0.197180605 0.976326210 0.055485978
v 0.178658353 0.981897652 0.039253164
v 0.159915542 0.986440596 0.022952287
v 0.140975911 0.989887526 0.006610509
v 0.121890423 0.992333241 -0.009740545
v 0.102689319 0.993773910 -0.026075420
v 0.083403029 0.994207485 -0.042368701
v 0.064061087 0.993586309 -0.058590643
v 0.044698105 0.991860367 -0.074707035
v 0.025349366 0.989131988 -0.090700068
v 0.006045297 0.985406647 -0.106545175
v -0.013183896 0.980691568 -0.122218170
v -0.032294619 0.974897876 -0.137673093
v -0.051256707 0.968080956 -0.152891158
v -0.070047178 0.960307645 -0.167860801
v -0.088637515 0.951592291 -0.182560038
v -0.106977110 0.941870621 -0.196939866
v -0.125033330 0.931165988 -0.210975913
v -0.142799326 0.919574582 -0.224673242
v -0.160249604 0.907117063 -0.238013093
v -0.177293271 0.893665840 -0.250906139
v -0.193961393 0.879391063 -0.263397041
v -0.210234574 0.864324722 -0.275473362
v -0.226010475 0.848355398 -0.287038158
v -0.241332169 0.831636193 -0.298144124
v -0.256165864 0.814177856 -0.308764586
v -0.270430378 0.795931846 -0.318827138
v -0.284190151 0.777046638 -0.328401613
v -0.297317484 0.757429232 -0.337372270
v -0.309890746 0.737225262 -0.345820131
v -0.321799057 0.716379302 -0.353647582
v -0.333111279 0.695007757 -0.360924530
v -0.343704038 0.673061650 -0.367543832
v -0.353660302 0.650656631 -0.373586952
v -0.362889358 0.627777890 -0.378977550
v -0.371401306 0.604484647 -0.383730717
v -0.379204732 0.580826675 -0.387859230
v -0.386251799 0.556826664 -0.391326362
v -0.392520046 0.532524952 -0.394118305
v -0.398028465 0.507974747 -0.396256836
v -0.402760846 0.483214859 -0.397733141
v -0.406704060 0.458286308 -0.398541209
v -0.409848144 0.433231630 -0.398677824
v -0.412186304 0.408094225 -0.398142486
v -0.413714842 0.382917783 -0.396937287
v -0.414433025 0.357745771 -0.395066737
v -0.414342920 0.332621000 -0.392537578
v -0.413426331 0.307588983 -0.389340223
v -0.411685104 0.282694415 -0.385481456
v -0.409152063 0.257973950 -0.380992563
v -0.405779472 0.233484069 -0.375840957
v -0.401622943 0.209252938 -0.370075616
v -0.396649318 0.185336811 -0.363675854
v -0.390882615 0.161772832 -0.356665673
v -0.384333460 0.138601877 -0.349058460
v -0.377008064 0.115867562 -0.340864221
v -0.368917362 0.093611644 -0.332096537
v -0.360076242 0.071873504 -0.322771850
v -0.350497561 0.050694202 -0.312904988
v -0.340186911 0.030122156 -0.302505471
v -0.329179096 0.010181058 -0.291603823
v -0.317477718 -0.009077231 -0.280207857
v -0.305107390 -0.027619119 -0.268340312
v -0.292091353 -0.045410088 -0.256022588
v -0.278451680 -0.062413656 -0.243274959
v -0.264211860 -0.078593874 -0.230118359
v -0.249393179 -0.093909439 -0.216571910
v -0.234032082 -0.108341469 -0.202664443
v -0.218149449 -0.121844510 -0.188413922
v -0.201779741 -0.134394147 -0.173846785
v -0.184955662 -0.145962112 -0.158987687
v -0.167711250 -0.156521068 -0.143861527
v -0.150080911 -0.166041385 -0.128492820
v -0.132102745 -0.174500184 -0.112907761
v -0.113817504 -0.181881383 -0.097133517
v -0.095263857 -0.188158113 -0.081195346
v -0.076484944 -0.193316902 -0.065120653
v -0.057524443 -0.197345770 -0.048936621
v -0.038426515 -0.200232318 -0.032670272
v -0.019236402 -0.201967993 -0.016348914
v -0.000000000 -0.202547880 -0.000000000
l 1 2
l 2 3
l 3 4
l 4 5
l 5 6
l 6 7
l 7 8
l 8 9
l 9 10
l 10 11
l 11 12
l 12 13
l 13 14
l 14 15
l 15 16
l 16 17
l 17 18
l 18 19
l 19 20
l 20 21
l 21 22
l 22 23
l 23 24
l 24 25
l 25 26
l 26 27
l 27 28
l 28 29
l 29 30
l 30 31
l 31 32
l 32 33
l 33 34
l 34 35
l 35 36
l 36 37
l 37 38
l 38 39
l 39 40
l 40 41
l 41 42
l 42 43
l 43 44
l 44 45
l 45 46
l 46 47
l 47 48
l 48 49
l 49 50
l 50 51
l 51 52
l 52 53
l 53 54
l 54 55
l 55 56
l 56 57
l 57 58
l 58 59
l 59 60
l 60 61
l 61 62
l 62 63
l 63 64
l 64 65
l 65 66
l 66 67
l 67 68
l 68 69
l 69 70
l 70 71
l 71 72
l 72 73
l 73 74
l 74 75
l 75 76
l 76 77
l 77 78
l 78 79
l 79 80
l 80 81
l 81 82
l 82 83
l 83 84
l 84 85
l 85 86
l 86 87
l 87 88
l 88 89
l 89 90
l 90 91
l 91 92
l 92 93
l 93 94
l 94 95
l 95 96
l 96 97
l 97 98
l 98 99
l 99 100
l 100 101
l 101 102
l 102 103
l 103 104
l 104 105
l 105 106
l 106 107
l 107 108
l 108 109
l 109 110
l 110 111
l 111 112
l 112 113
l 113 114
l 114 115
l 115 116
l 116 117
l 117 118
l 118 119
l 119 120
l 120 121
l 121 122
l 122 123
l 123 124
l 124 125
l 125 126
l 126 127
l 127 128
l 128 129
l 129 130
l 130 131
l 131 132
l 132 133
l 133 134
l 134 135
l 135 136
l 136 137
l 137 138
l 138 139
l 139 140
l 140 141
l 141 142
l 142 143
l 143 144
l 144 145
l 145 146
l 146 147
l 147 148
l 148 149
l 149 150
l 150 151
l 151 152
l 152 153
l 153 154
l 154 155
l 155 156
l 156 157
l 157 158
l 158 159
l 159 160
l 160 161
l 161 162
l 162 163
l 163 164
l 164 165
l 165 166
l 166 167
l 167 168
l 168 169
l 169 170
l 170 171
l 171 172
l 172 173
l 173 174
l 174 175
l 175 176
l 176 177
l 177 178
l 178 179
l 179 180
l 180 181
l 181 182
l 182 183
l 183 184
l 184 185
l 185 186
l 186 187
l 187 188
l 188 189
l 189 190
l 190 191
l 191 192
l 192 193
l 193 194
l 194 195
l 195 196
l 196 197
l 197 198
l 198 199
l 199 200
l 200 201
l 201 202
l 202 203
l 203 204
l 204 205
l 205 206
l 206 207
l 207 208
l 208 209
l 209 210
l 210 211
l 211 212
l 212 213
l 213 214
l 214 215
l 215 216
l 216 217
l 217 218
l 218 219
l 219 220
l 220 221
l 221 222
l 222 223
l 223 224
l 224 225
l 225 226
l 226 227
l 227 228
l 228 229
l 229 230
l 230 231
l 231 232
l 232 233
l 233 234
l 234 235
l 235 236
l 236 237
l 237 238
l 238 239
l 239 240
l 240 241
l 241 242
l 242 243
l 243 244
l 244 245
l 245 246
l 246 247
l 247 248
l 248 249
l 249 250
l 250 251
l 251 252
l 252 253
l 253 254
l 254 255
l 255 256
l 256 257
l 257 258
l 258 259
l 259 260
l 260 261
l 261 262
l 262 263
l 263 264
l 264 265
l 265 266
l 266 267
l 267 268
l 268 269
l 269 270
l 270 271
l 271 272
l 272 273
l 273 274
l 274 275
l 275 276
l 276 277
l 277 278
l 278 279
l 279 280
l 280 281
l 281 282
l 282 283
l 283 284
l 284 285
l 285 286
l 286 287
l 287 288
l 288 289
l 289 290
l 290 291
l 291 292
l 292 293
l 293 294
l 294 295
l 295 296
l 296 297
l 297 298
l 298 299
l 299 300
l 300 301
l 301 302
l 302 303
l 303 304
l 304 305
l 305 306
l 306 307
l 307 308
l 308 309
l 309 310
l 310 311
l 311 312
l 312 313
l 313 314
l 314 315
l 315 316
l 316 317
l 317 318
l 318 319
l 319 320
l 320 321
l 321 322
l 322 323
l 323 324
l 324 325
l 325 326
l 326 327
l 327 328
l 328 329
l 329 330
l 330 331
l 331 332
l 332 333
l 333 334
l 334 335
l 335 336
l 336 337
l 337 338
l 338 339
l 339 340
l 340 341
l 341 342
l 342 343
l 343 344
l 344 345
l 345 346
l 346 347
l 347 348
l 348 349
l 349 350
l 350 351
l 351 352
l 352 353
l 353 354
l 354 355
l 355 356
l 356 357
l 357 358
l 358 359
l 359 360
l 360 361
l 361 362
l 362 363
l 363 364
l 364 365
l 365 366
l 366 367
l 367 368
l 368 369
l 369 370
l 370 371
l 371 372
l 372 373
l 373 374
l 374 375
l 375 376
l 376 377
l 377 378
l 378 379
l 379 380
l 380 381
l 381 382
l 382 383
l 383 384
l 384 385
l 385 386
l 386 387
l 387 388
l 388 389
l 389 390
l 390 391
l 391 392
l 392 393
l 393 394
l 394 395
l 395 396
l 396 397
l 397 398
l 398 399
l 399 400
l 400 401
l 401 402
l 402 403
l 403 404
l 404 405
l 405 406
l 406 407
l 407 408
l 408 409
l 409 410
l 410 411
l 411 412
l 412 413
l 413 414
l 414 415
l 415 416
l 416 417
l 417 418
l 418 419
l 419 420
l 420 421
l 421 422
l 422 423
l 423 424
l 424 425
l 425 426
l 426 427
l 427 428
l 428 429
l 429 430
l 430 431
l 431 432
l 432 433
l 433 434
l 434 435
l 435 436
l 436 437
l 437 438
l 438 439
l 439 440
l 440 441
l 441 442
l 442 443
l 443 444
l 444 445
l 445 446
l 446 447
l 447 448
l 448 449
l 449 450
l 450 451
l 451 452
l 452 453
l 453 454
l 454 455
l 455 456
l 456 457
l 457 458
l 458 459
l 459 460
l 460 461
l 461 462
l 462 463
l 463 464
l 464 465
l 465 466
l 466 467
l 467 468
l 468 469
l 469 470
l 470 471
l 471 472
l 472 473
l 473 474
l 474 475
l 475 476
l 476 477
l 477 478
l 478 479
l 479 480
l 480 481
l 481 482
l 482 483
l 483 484
l 484 485
l 485 486
l 486 487
l 487 488
l 488 489
l 489 490
l 490 491
l 491 492
l 492 493
l 493 494
l 494 495
l 495 496
l 496 497
l 497 498
l 498 499
l 499 500
l 500 501
l 501 502
l 502 503
l 503 504
l 504 505
l 505 506
l 506 507
l 507 508
l 508 509
l 509 510
l 510 511
l 511 512
l 512 513
l 513 514
l 514 515
l 515 516
l 516 517
l 517 518
l 518 519
l 519 520
l 520 521
l 521 522
l 522 523
l 523 524
l 524 525
l 525 526
l 526 527
l 527 528
l 528 529
l 529 530
l 530 531
l 531 532
l 532 533
l 533 534
l 534 535
l 535 536
l 536 537
l 537 538
l 538 539
l 539 540
l 540 541
l 541 542
l 542 543
l 543 544
l 544 545
l 545 546
l 546 547
l 547 548
l 548 549
l 549 550
l 550 551
l 551 552
l 552 553
l 553 554
l 554 555
l 555 556
l 556 557
l 557 558
l 558 559
l 559 560
l 560 561
l 561 562
l 562 563
l 563 564
l 564 565
l 565 566
l 566 567
l 567 568
l 568 569
l 569 570
l 570 571
l 571 572
l 572 573
l 573 574
l 574 575
l 575 576
l 576 577
l 577 578
l 578 579
l 579 580
l 580 581
l 581 582
l 582 583
l 583 584
l 584 585
l 585 586
l 586 587
l 587 588
l 588 589
l 589 590
l 590 591
l 591 592
l 592 593
l 593 594
l 594 595
l 595 596
l 596 597
l 597 598
l 598 599
l 599 600
l 600 601
l 601 602
l 602 603
l 603 604
l 604 605
l 605 606
l 606 607
l 607 608
l 608 609
l 609 610
l 610 611
l 611 612
l 612 613
l 613 614
l 614 615
l 615 616
l 616 617
l 617 618
l 618 619
l 619 620
l 620 621
l 621 622
l 622 623
l 623 624
l 624 625
l 625 626
l 626 627
l 627 628
l 628 629
l 629 630
l 630 631
l 631 632
l 632 633
l 633 634
l 634 635
l 635 636
l 636 637
l 637 638
l 638 639
l 639 640
l 640 641
l 641 642
l 642 643
l 643 644
l 644 645
l 645 646
l 646 647
l 647 648
l 648 649
l 649 650
l 650 651
l 651 652
l 652 653
l 653 654
l 654 655
l 655 656
l 656 657
l 657 658
l 658 659
l 659 660
l 660 661
l 661 662
l 662 663
l 663 664
l 664 665
l 665 666
l 666 667
l 667 668
l 668 669
l 669 670
l 670 671
l 671 672
l 672 673
l 673 674
l 674 675
l 675 676
l 676 677
l 677 678
l 678 679
l 679 680
l 680 681
l 681 682
l 682 683
l 683 684
l 684 685
l 685 686
l 686 687
l 687 688
l 688 689
l 689 690
l 690 691
l 691 692
l 692 693
l 693 694
l 694 695
l 695 696
l 696 697
l 697 698
l 698 699
l 699 700
l 700 701
l 701 702
l 702 703
l 703 704
l 704 705
l 705 706
l 706 707
l 707 708
l 708 709
l 709 710
l 710 711
l 711 712
l 712 713
l 713 714
l 714 715
l 715 716
l 716 717
l 717 718
l 718 719
l 719 720
l 720 721
l 721 722
l 722 723
l 723 724
l 724 725
l 725 726
l 726 727
l 727 728
l 728 729
l 729 730
l 730 731
l 731 732
l 732 733
l 733 734
l 734 735
l 735 736
l 736 737
l 737 738
l 738 739
l 739 740
l 740 741
l 741 742
l 742 743
l 743 744
l 744 745
l 745 746
l 746 747
l 747 748
l 748 749
l 749 750
l 750 751
l 751 752
l 752 753
l 753 754
l 754 755
l 755 756
l 756 757
l 757 758
l 758 759
l 759 760
l 760 761
l 761 762
l 762 763
l 763 764
l 764 765
l 765 766
l 766 767
l 767 768
l 768 769
l 769 770
l 770 771
l 771 772
l 772 773
l 773 774
l 774 775
l 775 776
l 776 777
l 777 778
l 778 779
l 779 780
l 780 781
l 781 782
l 782 783
l 783 784
l 784 785
l 785 786
l 786 787
l 787 788
l 788 789
l 789 790
l 790 791
l 791 792
l 792 793
l 793 794
l 794 795
l 795 796
l 796 797
l 797 798
l 798 799
l 799 800
l 800 801
l 801 802
l 802 803
l 803 804
l 804 805
l 805 806
l 806 807
l 807 808
l 808 809
l 809 810
l 810 811
l 811 812
l 812 813
l 813 814
l 814 815
l 815 816
l 816 817
l 817 818
l 818 819
l 819 820
l 820 821
l 821 822
l 822 823
l 823 824
l 824 825
l 825 826
l 826 827
l 827 828
l 828 829
l 829 830
l 830 831
l 831 832
l 832 833
l 833 834
l 834 835
l 835 836
l 836 837
l 837 838
l 838 839
l 839 840
l 840 841
l 841 842
l 842 843
l 843 844
l 844 845
l 845 846
l 846 847
l 847 848
l 848 849
l 849 850
l 850 851
l 851 852
l 852 853
l 853 854
l 854 855
l 855 856
l 856 857
l 857 858
l 858 859
l 859 860
l 860 861
l 861 862
l 862 863
l 863 864
l 864 865
l 865 866
l 866 867
l 867 868
l 868 869
l 869 870
l 870 871
l 871 872
l 872 873
l 873 874
l 874 875
l 875 876
l 876 877
l 877 878
l 878 879
l 879 880
l 880 881
l 881 882
l 882 883
l 883 884
l 884 885
l 885 886
l 886 887
l 887 888
l 888 889
l 889 890
l 890 891
l 891 892
l 892 893
l 893 894
l 894 895
l 895 896
l 896 897
l 897 898
l 898 899
l 899 900
l 900 901
l 901 902
l 902 903
l 903 904
l 904 905
l 905 906
l 906 907
l 907 908
l 908 909
l 909 910
l 910 911
l 911 912
l 912 913
l 913 914
l 914 915
l 915 916
l 916 917
l 917 918
l 918 919
l 919 920
l 920 921
l 921 922
l 922 923
l 923 924
l 924 925
l 925 926
l 926 927
l 927 928
l 928 929
l 929 930
l 930 931
l 931 932
l 932 933
l 933 934
l 934 935
l 935 936
l 936 937
l 937 938
l 938 939
l 939 940
l 940 941
l 941 942
l 942 943
l 943 944
l 944 945
l 945 946
l 946 947
l 947 948
l 948 949
l 949 950
l 950 951
l 951 952
l 952 953
l 953 954
l 954 955
l 955 956
l 956 957
l 957 958
l 958 959
l 959 960
l 960 961
l 961 962
l 962 963
l 963 964
l 964 965
l 965 966
l 966 967
l 967 968
l 968 969
l 969 970
l 970 971
l 971 972
l 972 973
l 973 974
l 974 975
l 975 976
l 976 977
l 977 978
l 978 979
l 979 980
l 980 981
l 981 982
l 982 983
l 983 984
l 984 985
l 985 986
l 986 987
l 987 988
l 988 989
l 989 990
l 990 991
l 991 992
l 992 993
l 993 994
l 994 995
l 995 996
l 996 997
l 997 998
l 998 999
l 999 1000
l 1000 1001
l 1001 1002
l 1002 1003
l 1003 1004
l 1004 1005
l 1005 1006
l 1006 1007
l 1007 1008
l 1008 1009
l 1009 1010
l 1010 1011
l 1011 1012
l 1012 1013
l 1013 1014
l 1014 1015
l 1015 1016
l 1016 1017
l 1017 1018
l 1018 1019
l 1019 1020
l 1020 1021
l 1021 1022
l 1022 1023
l 1023 1024
l 1024 1025
l 1025 1026
l 1026 1027
l 1027 1028
l 1028 1029
l 1029 1030
l 1030 1031
l 1031 1032
l 1032 1033
l 1033 1034
l 1034 1035
l 1035 1036
l 1036 1037
l 1037 1038
l 1038 1039
l 1039 1040
l 1040 1041
l 1041 1042
l 1042 1043
l 1043 1044
l 1044 1045
l 1045 1046
l 1046 1047
l 1047 1048
l 1048 1049
l 1049 1050
l 1050 1051
l 1051 1052
l 1052 1053
l 1053 1054
l 1054 1055
l 1055 1056
l 1056 1057
l 1057 1058
l 1058 1059
l 1059 1060
l 1060 1061
l 1061 1062
l 1062 1063
l 1063 1064
l 1064 1065
l 1065 1066
l 1066 1067
l 1067 1068
l 1068 1069
l 1069 1070
l 1070 1071
l 1071 1072
l 1072 1073
l 1073 1074
l 1074 1075
l 1075 1076
l 1076 1077
l 1077 1078
l 1078 1079
l 1079 1080
l 1080 1081
l 1081 1082
l 1082 1083
l 1083 1084
l 1084 1085
l 1085 1086
l 1086 1087
l 1087 1088
l 1088 1089
l 1089 1090
l 1090 1091
l 1091 1092
l 1092 1093
l 1093 1094
l 1094 1095
l 1095 1096
l 1096 1097
l 1097 1098
l 1098 1099
l 1099 1100
l 1100 1101
l 1101 1102
l 1102 1103
l 1103 1104
l 1104 1105
l 1105 1106
l 1106 1107
l 1107 1108
l 1108 1109
l 1109 1110
l 1110 1111
l 1111 1112
l 1112 1113
l 1113 1114
l 1114 1115
l 1115 1116
l 1116 1117
l 1117 1118
l 1118 1119
l 1119 1120
l 1120 1121
l 1121 1122
l 1122 1123
l 1123 1124
l 1124 1125
l 1125 1126
l 1126 1127
l 1127 1128
l 1128 1129
l 1129 1130
l 1130 1131
l 1131 1132
l 1132 1133
l 1133 1134
l 1134 1135
l 1135 1136
l 1136 1137
l 1137 1138
l 1138 1139
l 1139 1140
l 1140 1141
l 1141 1142
l 1142 1143
l 1143 1144
l 1144 1145
l 1145 1146
l 1146 1147
l 1147 1148
l 1148 1149
l 1149 1150
l 1150 1151
l 1151 1152
l 1152 1153
l 1153 1154
l 1154 1155
l 1155 1156
l 1156 1157
l 1157 1158
l 1158 1159
l 1159 1160
l 1160 1161
l 1161 1162
l 1162 1163
l 1163 1164
l 1164 1165
l 1165 1166
l 1166 1167
l 1167 1168
l 1168 1169
l 1169 1170
l 1170 1171
l 1171 1172
l 1172 1173
l 1173 1174
l 1174 1175
l 1175 1176
l 1176 1177
l 1177 1178
l 1178 1179
l 1179 1180
l 1180 1181
l 1181 1182
l 1182 1183
l 1183 1184
l 1184 1185
l 1185 1186
l 1186 1187
l 1187 1188
l 1188 1189
l 1189 1190
l 1190 1191
l 1191 1192
l 1192 1193
l 1193 1194
l 1194 1195
l 1195 1196
l 1196 1197
l 1197 1198
l 1198 1199
l 1199 1200
l 1200 1201
l 1201 1202
l 1202 1203
l 1203 1204
l 1204 1205
l 1205 1206
l 1206 1207
l 1207 1208
l 1208 1209
l 1209 1210
l 1210 1211
l 1211 1212
l 1212 1213
l 1213 1214
l 1214 1215
l 1215 1216
l 1216 1217
l 1217 1218
l 1218 1219
l 1219 1220
l 1220 1221
l 1221 1222
l 1222 1223
l 1223 1224
l 1224 1225
l 1225 1226
l 1226 1227
l 1227 1228
l 1228 1229
l 1229 1230
l 1230 1231
l 1231 1232
l 1232 1233
l 1233 1234
l 1234 1235
l 1235 1236
l 1236 1237
l 1237 1238
l 1238 1239
l 1239 1240
l 1240 1241
l 1241 1242
l 1242 1243
l 1243 1244
l 1244 1245
l 1245 1246
l 1246 1247
l 1247 1248
l 1248 1249
l 1249 1250
l 1250 1251
l 1251 1252
l 1252 1253
l 1253 1254
l 1254 1255
l 1255 1256
l 1256 1257
l 1257 1258
l 1258 1259
l 1259 1260
l 1260 1261
l 1261 1262
l 1262 1263
l 1263 1264
l 1264 1265
l 1265 1266
l 1266 1267
l 1267 1268
l 1268 1269
l 1269 1270
l 1270 1271
l 1271 1272
l 1272 1273
l 1273 1274
l 1274 1275
l 1275 1276
l 1276 1277
l 1277 1278
l 1278 1279
l 1279 1280
l 1280 1281
l 1281 1282
l 1282 1283
l 1283 1284
l 1284 1285
l 1285 1286
l 1286 1287
l 1287 1288
l 1288 1289
l 1289 1290
l 1290 1291
l 1291 1292
l 1292 1293
l 1293 1294
l 1294 1295
l 1295 1296
l 1296 1297
l 1297 1298
l 1298 1299
l 1299 1300
l 1300 1301
l 1301 1302
l 1302 1303
l 1303 1304
l 1304 1305
l 1305 1306
l 1306 1307
l 1307 1308
l 1308 1309
l 1309 1310
l 1310 1311
l 1311 1312
l 1312 1313
l 1313 1314
l 1314 1315
l 1315 1316
l 1316 1317
l 1317 1318
l 1318 1319
l 1319 1320
l 1320 1321
l 1321 1322
l 1322 1323
l 1323 1324
l 1324 1325
l 1325 1326
l 1326 1327
l 1327 1328
l 1328 1329
l 1329 1330
l 1330 1331
l 1331 1332
l 1332 1333
l 1333 1334
l 1334 1335
l 1335 1336
l 1336 1337
l 1337 1338
l 1338 1339
l 1339 1340
l 1340 1341
l 1341 1342
l 1342 1343
l 1343 1344
l 1344 1345
l 1345 1346
l 1346 1347
l 1347 1348
l 1348 1349
l 1349 1350
l 1350 1351
l 1351 1352
l 1352 1353
l 1353 1354
l 1354 1355
l 1355 1356
l 1356 1357
l 1357 1358
l 1358 1359
l 1359 1360
l 1360 1361
l 1361 1362
l 1362 1363
l 1363 1364
l 1364 1365
l 1365 1366
l 1366 1367
l 1367 1368
l 1368 1369
l 1369 1370
l 1370 1371
l 1371 1372
l 1372 1373
l 1373 1374
l 1374 1375
l 1375 1376
l 1376 1377
l 1377 1378
l 1378 1379
l 1379 1380
l 1380 1381
l 1381 1382
l 1382 1383
l 1383 1384
l 1384 1385
l 1385 1386
l 1386 1387
l 1387 1388
l 1388 1389
l 1389 1390
l 1390 1391
l 1391 1392
l 1392 1393
l 1393 1394
l 1394 1395
l 1395 1396
l 1396 1397
l 1397 1398
l 1398 1399
l 1399 1400
l 1400 1401
l 1401 1402
l 1402 1403
l 1403 1404
l 1404 1405
l 1405 1406
l 1406 1407
l 1407 1408
l 1408 1409
l 1409 1410
l 1410 1411
l 1411 1412
l 1412 1413
l 1413 1414
l 1414 1415
l 1415 1416
l 1416 1417
l 1417 1418
l 1418 1419
l 1419 1420
l 1420 1421
l 1421 1422
l 1422 1423
l 1423 1424
l 1424 1425
l 1425 1426
l 1426 1427
l 1427 1428
l 1428 1429
l 1429 1430
l 1430 1431
l 1431 1432
l 1432 1433
l 1433 1434
l 1434 1435
l 1435 1436
l 1436 1437
l 1437 1438
l 1438 1439
l 1439 1440
l 1440 1441
l 1441 1442
l 1442 1443
l 1443 1444
l 1444 1445
l 1445 1446
l 1446 1447
l 1447 1448
l 1448 1449
l 1449 1450
l 1450 1451
l 1451 1452
l 1452 1453
l 1453 1454
l 1454 1455
l 1455 1456
l 1456 1457
l 1457 1458
l 1458 1459
l 1459 1460
l 1460 1461
l 1461 1462
l 1462 1463
l 1463 1464
l 1464 1465
l 1465 1466
l 1466 1467
l 1467 1468
l 1468 1469
l 1469 1470
l 1470 1471
l 1471 1472
l 1472 1473
l 1473 1474
l 1474 1475
l 1475 1476
l 1476 1477
l 1477 1478
l 1478 1479
l 1479 1480
l 1480 1481
l 1481 1482
l 1482 1483
l 1483 1484
l 1484 1485
l 1485 1486
l 1486 1487
l 1487 1488
l 1488 1489
l 1489 1490
l 1490 1491
l 1491 1492
l 1492 1493
l 1493 1494
l 1494 1495
l 1495 1496
l 1496 1497
l 1497 1498
l 1498 1499
l 1499 1500
l 1500 1501
l 1501 1502
l 1502 1503
l 1503 1504
l 1504 1505
l 1505 1506
l 1506 1507
l 1507 1508
l 1508 1509
l 1509 1510
l 1510 1511
l 1511 1512
l 1512 1513
l 1513 1514
l 1514 1515
l 1515 1516
l 1516 1517
l 1517 1518
l 1518 1519
l 1519 1520
l 1520 1521
l 1521 1522
l 1522 1523
l 1523 1524
l 1524 1525
l 1525 1526
l 1526 1527
l 1527 1528
l 1528 1529
l 1529 1530
l 1530 1531
l 1531 1532
l 1532 1533
l 1533 1534
l 1534 1535
l 1535 1536
l 1536 1537
l 1537 1538
l 1538 1539
l 1539 1540
l 1540 1541
l 1541 1542
l 1542 1543
l 1543 1544
l 1544 1545
l 1545 1546
l 1546 1547
l 1547 1548
l 1548 1549
l 1549 1550
l 1550 1551
l 1551 1552
l 1552 1553
l 1553 1554
l 1554 1555
l 1555 1556
l 1556 1557
l 1557 1558
l 1558 1559
l 1559 1560
l 1560 1561
l 1561 1562
l 1562 1563
l 1563 1564
l 1564 1565
l 1565 1566
l 1566 1567
l 1567 1568
l 1568 1569
l 1569 1570
l 1570 1571
l 1571 1572
l 1572 1573
l 1573 1574
l 1574 1575
l 1575 1576
l 1576 1577
l 1577 1578
l 1578 1579
l 1579 1580
l 1580 1581
l 1581 1582
l 1582 1583
l 1583 1584
l 1584 1585
l 1585 1586
l 1586 1587
l 1587 1588
l 1588 1589
l 1589 1590
l 1590 1591
l 1591 1592
l 1592 1593
l 1593 1594
l 1594 1595
l 1595 1596
l 1596 1597
l 1597 1598
l 1598 1599
l 1599 1600
l 1600 1601
l 1601 1602
l 1602 1603
l 1603 1604
l 1604 1605
l 1605 1606
l 1606 1607
l 1607 1608
l 1608 1609
l 1609 1610
l 1610 1611
l 1611 1612
l 1612 1613
l 1613 1614
l 1614 1615
l 1615 1616
l 1616 1617
l 1617 1618
l 1618 1619
l 1619 1620
l 1620 1621
l 1621 1622
l 1622 1623
l 1623 1624
l 1624 1625
l 1625 1626
l 1626 1627
l 1627 1628
l 1628 1629
l 1629 1630
l 1630 1631
l 1631 1632
l 1632 1633
l 1633 1634
l 1634 1635
l 1635 1636
l 1636 1637
l 1637 1638
l 1638 1639
l 1639 1640
l 1640 1641
l 1641 1642
l 1642 1643
l 1643 1644
l 1644 1645
l 1645 1646
l 1646 1647
l 1647 1648
l 1648 1649
l 1649 1650
l 1650 1651
l 1651 1652
l 1652 1653
l 1653 1654
l 1654 1655
l 1655 1656
l 1656 1657
l 1657 1658
l 1658 1659
l 1659 1660
l 1660 1661
l 1661 1662
l 1662 1663
l 1663 1664
l 1664 1665
l 1665 1666
l 1666 1667
l 1667 1668
l 1668 1669
l 1669 1670
l 1670 1671
l 1671 1672
l 1672 1673
l 1673 1674
l 1674 1675
l 1675 1676
l 1676 1677
l 1677 1678
l 1678 1679
l 1679 1680
l 1680 1681
l 1681 1682
l 1682 1683
l 1683 1684
l 1684 1685
l 1685 1686
l 1686 1687
l 1687 1688
l 1688 1689
l 1689 1690
l 1690 1691
l 1691 1692
l 1692 1693
l 1693 1694
l 1694 1695
l 1695 1696
l 1696 1697
l 1697 1698
l 1698 1699
l 1699 1700
l 1700 1701
l 1701 1702
l 1702 1703
l 1703 1704
l 1704 1705
l 1705 1706
l 1706 1707
l 1707 1708
l 1708 1709
l 1709 1710
l 1710 1711
l 1711 1712
l 1712 1713
l 1713 1714
l 1714 1715
l 1715 1716
l 1716 1717
l 1717 1718
l 1718 1719
l 1719 1720
l 1720 1721
l 1721 1722
l 1722 1723
l 1723 1724
l 1724 1725
l 1725 1726
l 1726 1727
l 1727 1728
l 1728 1729
l 1729 1730
l 1730 1731
l 1731 1732
l 1732 1733
l 1733 1734
l 1734 1735
l 1735 1736
l 1736 1737
l 1737 1738
l 1738 1739
l 1739 1740
l 1740 1741
l 1741 1742
l 1742 1743
l 1743 1744
l 1744 1745
l 1745 1746
l 1746 1747
l 1747 1748
l 1748 1749
l 1749 1750
l 1750 1751
l 1751 1752
l 1752 1753
l 1753 1754
l 1754 1755
l 1755 1756
l 1756 1757
l 1757 1758
l 1758 1759
l 1759 1760
l 1760 1761
l 1761 1762
l 1762 1763
l 1763 1764
l 1764 1765
l 1765 1766
l 1766 1767
l 1767 1768
l 1768 1769
l 1769 1770
l 1770 1771
l 1771 1772
l 1772 1773
l 1773 1774
l 1774 1775
l 1775 1776
l 1776 1777
l 1777 1778
l 1778 1779
l 1779 1780
l 1780 1781
l 1781 1782
l 1782 1783
l 1783 1784
l 1784 1785
l 1785 1786
l 1786 1787
l 1787 1788
l 1788 1789
l 1789 1790
l 1790 1791
l 1791 1792
l 1792 1793
l 1793 1794
l 1794 1795
l 1795 1796
l 1796 1797
l 1797 1798
l 1798 1799
l 1799 1800
l 1800 1801
l 1801 1802
l 1802 1803
l 1803 1804
l 1804 1805
l 1805 1806
l 1806 1807
l 1807 1808
l 1808 1809
l 1809 1810
l 1810 1811
l 1811 1812
l 1812 1813
l 1813 1814
l 1814 1815
l 1815 1816
l 1816 1817
l 1817 1818
l 1818 1819
l 1819 1820
l 1820 1821
l 1821 1822
l 1822 1823
l 1823 1824
l 1824 1825
l 1825 1826
l 1826 1827
l 1827 1828
l 1828 1829
l 1829 1830
l 1830 1831
l 1831 1832
l 1832 1833
l 1833 1834
l 1834 1835
l 1835 1836
l 1836 1837
l 1837 1838
l 1838 1839
l 1839 1840
l 1840 1841
l 1841 1842
l 1842 1843
l 1843 1844
l 1844 1845
l 1845 1846
l 1846 1847
l 1847 1848
l 1848 1849
l 1849 1850
l 1850 1851
l 1851 1852
l 1852 1853
l 1853 1854
l 1854 1855
l 1855 1856
l 1856 1857
l 1857 1858
l 1858 1859
l 1859 1860
l 1860 1861
l 1861 1862
l 1862 1863
l 1863 1864
l 1864 1865
l 1865 1866
l 1866 1867
l 1867 1868
l 1868 1869
l 1869 1870
l 1870 1871
l 1871 1872
l 1872 1873
l 1873 1874
l 1874 1875
l 1875 1876
l 1876 1877
l 1877 1878
l 1878 1879
l 1879 1880
l 1880 1881
l 1881 1882
l 1882 1883
l 1883 1884
l 1884 1885
l 1885 1886
l 1886 1887
l 1887 1888
l 1888 1889
l 1889 1890
l 1890 1891
l 1891 1892
l 1892 1893
l 1893 1894
l 1894 1895
l 1895 1896
l 1896 1897
l 1897 1898
l 1898 1899
l 1899 1900
l 1900 1901
l 1901 1902
l 1902 1903
l 1903 1904
l 1904 1905
l 1905 1906
l 1906 1907
l 1907 1908
l 1908 1909
l 1909 1910
l 1910 1911
l 1911 1912
l 1912 1913
l 1913 1914
l 1914 1915
l 1915 1916
l 1916 1917
l 1917 1918
l 1918 1919
l 1919 1920
l 1920 1921
l 1921 1922
l 1922 1923
l 1923 1924
l 1924 1925
l 1925 1926
l 1926 1927
l 1927 1928
l 1928 1929
l 1929 1930
l 1930 1931
l 1931 1932
l 1932 1933
l 1933 1934
l 1934 1935
l 1935 1936
l 1936 1937
l 1937 1938
l 1938 1939
l 1939 1940
l 1940 1941
l 1941 1942
l 1942 1943
l 1943 1944
l 1944 1945
l 1945 1946
l 1946 1947
l 1947 1948
l 1948 1949
l 1949 1950
l 1950 1951
l 1951 1952
l 1952 1953
l 1953 1954
l 1954 1955
l 1955 1956
l 1956 1957
l 1957 1958
l 1958 1959
l 1959 1960
l 1960 1961
l 1961 1962
l 1962 1963
l 1963 1964
l 1964 1965
l 1965 1966
l 1966 1967
l 1967 1968
l 1968 1969
l 1969 1970
l 1970 1971
l 1971 1972
l 1972 1973
l 1973 1974
l 1974 1975
l 1975 1976
l 1976 1977
l 1977 1978
l 1978 1979
l 1979 1980
l 1980 1981
l 1981 1982
l 1982 1983
l 1983 1984
l 1984 1985
l 1985 1986
l 1986 1987
l 1987 1988
l 1988 1989
l 1989 1990
l 1990 1991
l 1991 1992
l 1992 1993
l 1993 1994
l 1994 1995
l 1995 1996
l 1996 1997
l 1997 1998
l 1998 1999
l 1999 2000
l 2000 2001
l 2001 2002
l 2002 2003
l 2003 2004
l 2004 2005
l 2005 2006
l 2006 2007
l 2007 2008
l 2008 2009
l 2009 2010
l 2010 2011
l 2011 2012
l 2012 2013
l 2013 2014
l 2014 2015
l 2015 2016
l 2016 2017
l 2017 2018
l 2018 2019
l 2019 2020
l 2020 2021
l 2021 2022
l 2022 2023
l 2023 2024
l 2024 2025
l 2025 2026
l 2026 2027
l 2027 2028
l 2028 2029
l 2029 2030
l 2030 2031
l 2031 2032
l 2032 2033
l 2033 2034
l 2034 2035
l 2035 2036
l 2036 2037
l 2037 2038
l 2038 2039
l 2039 2040
l 2040 2041
l 2041 2042
l 2042 2043
l 2043 2044
l 2044 2045
l 2045 2046
l 2046 2047
l 2047 2048
l 2048 2049
l 2049 2050
l 2050 2051
l 2051 2052
l 2052 2053
l 2053 2054
l 2054 2055
l 2055 2056
l 2056 2057
l 2057 2058
l 2058 2059
l 2059 2060
l 2060 2061
l 2061 2062
l 2062 2063
l 2063 2064
l 2064 2065
l 2065 2066
l 2066 2067
l 2067 2068
l 2068 2069
l 2069 2070
l 2070 2071
l 2071 2072
l 2072 2073
l 2073 2074
l 2074 2075
l 2075 2076
l 2076 2077
l 2077 2078
l 2078 2079
l 2079 2080
l 2080 2081
l 2081 2082
l 2082 2083
l 2083 2084
l 2084 2085
l 2085 2086
l 2086 2087
l 2087 2088
l 2088 2089
l 2089 2090
l 2090 2091
l 2091 2092
l 2092 2093
l 2093 2094
l 2094 2095
l 2095 2096
l 2096 2097
l 2097 2098
l 2098 2099
l 2099 2100
l 2100 2101
l 2101 2102
l 2102 2103
l 2103 2104
l 2104 2105
l 2105 2106
l 2106 2107
l 2107 2108
l 2108 2109
l 2109 2110
l 2110 2111
l 2111 2112
l 2112 2113
l 2113 2114
l 2114 2115
l 2115 2116
l 2116 2117
l 2117 2118
l 2118 2119
l 2119 2120
l 2120 2121
l 2121 2122
l 2122 2123
l 2123 2124
l 2124 2125
l 2125 2126
l 2126 2127
l 2127 2128
l 2128 2129
l 2129 2130
l 2130 2131
l 2131 2132
l 2132 2133
l 2133 2134
l 2134 2135
l 2135 2136
l 2136 2137
l 2137 2138
l 2138 2139
l 2139 2140
l 2140 2141
l 2141 2142
l 2142 2143
l 2143 2144
l 2144 2145
l 2145 2146
l 2146 2147
l 2147 2148
l 2148 2149
l 2149 2150
l 2150 2151
l 2151 2152
l 2152 2153
l 2153 2154
l 2154 2155
l 2155 2156
l 2156 2157
l 2157 2158
l 2158 2159
l 2159 2160
l 2160 2161
l 2161 2162
l 2162 2163
l 2163 2164
l 2164 2165
l 2165 2166
l 2166 2167
l 2167 2168
l 2168 2169
l 2169 2170
l 2170 2171
l 2171 2172
l 2172 2173
l 2173 2174
l 2174 2175
l 2175 2176
l 2176 2177
l 2177 2178
l 2178 2179
l 2179 2180
l 2180 2181
l 2181 2182
l 2182 2183
l 2183 2184
l 2184 2185
l 2185 2186
l 2186 2187
l 2187 2188
l 2188 2189
l 2189 2190
l 2190 2191
l 2191 2192
l 2192 2193
l 2193 2194
l 2194 2195
l 2195 2196
l 2196 2197
l 2197 2198
l 2198 2199
l 2199 2200
l 2200 2201
l 2201 2202
l 2202 2203
l 2203 2204
l 2204 2205
l 2205 2206
l 2206 2207
l 2207 2208
l 2208 2209
l 2209 2210
l 2210 2211
l 2211 2212
l 2212 2213
l 2213 2214
l 2214 2215
l 2215 2216
l 2216 2217
l 2217 2218
l 2218 2219
l 2219 2220
l 2220 2221
l 2221 2222
l 2222 2223
l 2223 2224
l 2224 2225
l 2225 2226
l 2226 2227
l 2227 2228
l 2228 2229
l 2229 2230
l 2230 2231
l 2231 2232
l 2232 2233
l 2233 2234
l 2234 2235
l 2235 2236
l 2236 2237
l 2237 2238
l 2238 2239
l 2239 2240
l 2240 2241
l 2241 2242
l 2242 2243
l 2243 2244
l 2244 2245
l 2245 2246
l 2246 2247
l 2247 2248
l 2248 2249
l 2249 2250
l 2250 2251
l 2251 2252
l 2252 2253
l 2253 2254
l 2254 2255
l 2255 2256
l 2256 2257
l 2257 2258
l 2258 2259
l 2259 2260
l 2260 2261
l 2261 2262
l 2262 2263
l 2263 2264
l 2264 2265
l 2265 2266
l 2266 2267
l 2267 2268
l 2268 2269
l 2269 2270
l 2270 2271
l 2271 2272
l 2272 2273
l 2273 2274
l 2274 2275
l 2275 2276
l 2276 2277
l 2277 2278
l 2278 2279
l 2279 2280
l 2280 2281
l 2281 2282
l 2282 2283
l 2283 2284
l 2284 2285
l 2285 2286
l 2286 2287
l 2287 2288
l 2288 2289
l 2289 2290
l 2290 2291
l 2291 2292
l 2292 2293
l 2293 2294
l 2294 2295
l 2295 2296
l 2296 2297
l 2297 2298
l 2298 2299
l 2299 2300
l 2300 2301
l 2301 2302
l 2302 2303
l 2303 2304
l 2304 2305
l 2305 2306
l 2306 2307
l 2307 2308
l 2308 2309
l 2309 2310
l 2310 2311
l 2311 2312
l 2312 2313
l 2313 2314
l 2314 2315
l 2315 2316
l 2316 2317
l 2317 2318
l 2318 2319
l 2319 2320
l 2320 2321
l 2321 2322
l 2322 2323
l 2323 2324
l 2324 2325
l 2325 2326
l 2326 2327
l 2327 2328
l 2328 2329
l 2329 2330
l 2330 2331
l 2331 2332
l 2332 2333
l 2333 2334
l 2334 2335
l 2335 2336
l 2336 2337
l 2337 2338
l 2338 2339
l 2339 2340
l 2340 2341
l 2341 2342
l 2342 2343
l 2343 2344
l 2344 2345
l 2345 2346
l 2346 2347
l 2347 2348
l 2348 2349
l 2349 2350
l 2350 2351
l 2351 2352
l 2352 2353
l 2353 2354
l 2354 2355
l 2355 2356
l 2356 2357
l 2357 2358
l 2358 2359
l 2359 2360
l 2360 2361
l 2361 2362
l 2362 2363
l 2363 2364
l 2364 2365
l 2365 2366
l 2366 2367
l 2367 2368
l 2368 2369
l 2369 2370
l 2370 2371
l 2371 2372
l 2372 2373
l 2373 2374
l 2374 2375
l 2375 2376
l 2376 2377
l 2377 2378
l 2378 2379
l 2379 2380
l 2380 2381
l 2381 2382
l 2382 2383
l 2383 2384
l 2384 2385
l 2385 2386
l 2386 2387
l 2387 2388
l 2388 2389
l 2389 2390
l 2390 2391
l 2391 2392
l 2392 2393
l 2393 2394
l 2394 2395
l 2395 2396
l 2396 2397
l 2397 2398
l 2398 2399
l 2399 2400
l 2400 2401
l 2401 2402
l 2402 2403
l 2403 2404
l 2404 2405
l 2405 2406
l 2406 2407
l 2407 2408
l 2408 2409
l 2409 2410
l 2410 2411
l 2411 2412
l 2412 2413
l 2413 2414
l 2414 2415
l 2415 2416
l 2416 2417
l 2417 2418
l 2418 2419
l 2419 2420
l 2420 2421
l 2421 2422
l 2422 2423
l 2423 2424
l 2424 2425
l 2425 2426
l 2426 2427
l 2427 2428
l 2428 2429
l 2429 2430
l 2430 2431
l 2431 2432
l 2432 2433
l 2433 2434
l 2434 2435
l 2435 2436
l 2436 2437
l 2437 2438
l 2438 2439
l 2439 2440
l 2440 2441
l 2441 2442
l 2442 2443
l 2443 2444
l 2444 2445
l 2445 2446
l 2446 2447
l 2447 2448
l 2448 2449
l 2449 2450
l 2450 2451
l 2451 2452
l 2452 2453
l 2453 2454
l 2454 2455
l 2455 2456
l 2456 2457
l 2457 2458
l 2458 2459
l 2459 2460
l 2460 2461
l 2461 2462
l 2462 2463
l 2463 2464
l 2464 2465
l 2465 2466
l 2466 2467
l 2467 2468
l 2468 2469
l 2469 2470
l 2470 2471
l 2471 2472
l 2472 2473
l 2473 2474
l 2474 2475
l 2475 2476
l 2476 2477
l 2477 2478
l 2478 2479
l 2479 2480
l 2480 2481
l 2481 2482
l 2482 2483
l 2483 2484
l 2484 2485
l 2485 2486
l 2486 2487
l 2487 2488
l 2488 2489
l 2489 2490
l 2490 2491
l 2491 2492
l 2492 2493
l 2493 2494
l 2494 2495
l 2495 2496
l 2496 2497
l 2497 2498
l 2498 2499
l 2499 2500
l 2500 2501
l 2501 2502
l 2502 2503
l 2503 2504
l 2504 2505
l 2505 2506
l 2506 2507
l 2507 2508
l 2508 2509
l 2509 2510
l 2510 2511
l 2511 2512
l 2512 2513
l 2513 2514
l 2514 2515
l 2515 2516
l 2516 2517
l 2517 2518
l 2518 2519
l 2519 2520
l 2520 2521
l 2521 2522
l 2522 2523
l 2523 2524
l 2524 2525
l 2525 2526
l 2526 2527
l 2527 2528
l 2528 2529
l 2529 2530
l 2530 2531
l 2531 2532
l 2532 2533
l 2533 2534
l 2534 2535
l 2535 2536
l 2536 2537
l 2537 2538
l 2538 2539
l 2539 2540
l 2540 2541
l 2541 2542
l 2542 2543
l 2543 2544
l 2544 2545
l 2545 2546
l 2546 2547
l 2547 2548
l 2548 2549
l 2549 2550
l 2550 2551
l 2551 2552
l 2552 2553
l 2553 2554
l 2554 2555
l 2555 2556
l 2556 2557
l 2557 2558
l 2558 2559
l 2559 2560
l 2560 2561
l 2561 2562
l 2562 2563
l 2563 2564
l 2564 2565
l 2565 2566
l 2566 2567
l 2567 2568
l 2568 2569
l 2569 2570
l 2570 2571
l 2571 2572
l 2572 2573
l 2573 2574
l 2574 2575
l 2575 2576
l 2576 2577
l 2577 2578
l 2578 2579
l 2579 2580
l 2580 2581
l 2581 2582
l 2582 2583
l 2583 2584
l 2584 2585
l 2585 2586
l 2586 2587
l 2587 2588
l 2588 2589
l 2589 2590
l 2590 2591
l 2591 2592
l 2592 2593
l 2593 2594
l 2594 2595
l 2595 2596
l 2596 2597
l 2597 2598
l 2598 2599
l 2599 2600
l 2600 2601
l 2601 2602
l 2602 2603
l 2603 2604
l 2604 2605
l 2605 2606
l 2606 2607
l 2607 2608
l 2608 2609
l 2609 2610
l 2610 2611
l 2611 2612
l 2612 2613
l 2613 2614
l 2614 2615
l 2615 2616
l 2616 2617
l 2617 2618
l 2618 2619
l 2619 2620
l 2620 2621
l 2621 2622
l 2622 2623
l 2623 2624
l 2624 2625
l 2625 2626
l 2626 2627
l 2627 2628
l 2628 2629
l 2629 2630
l 2630 2631
l 2631 2632
l 2632 2633
l 2633 2634
l 2634 2635
l 2635 2636
l 2636 2637
l 2637 2638
l 2638 2639
l 2639 2640
l 2640 2641
l 2641 2642
l 2642 2643
l 2643 2644
l 2644 2645
l 2645 2646
l 2646 2647
l 2647 2648
l 2648 2649
l 2649 2650
l 2650 2651
l 2651 2652
l 2652 2653
l 2653 2654
l 2654 2655
l 2655 2656
l 2656 2657
l 2657 2658
l 2658 2659
l 2659 2660
l 2660 2661
l 2661 2662
l 2662 2663
l 2663 2664
l 2664 2665
l 2665 2666
l 2666 2667
l 2667 2668
l 2668 2669
l 2669 2670
l 2670 2671
l 2671 2672
l 2672 2673
l 2673 2674
l 2674 2675
l 2675 2676
l 2676 2677
l 2677 2678
l 2678 2679
l 2679 2680
l 2680 2681
l 2681 2682
l 2682 2683
l 2683 2684
l 2684 2685
l 2685 2686
l 2686 2687
l 2687 2688
l 2688 2689
l 2689 2690
l 2690 2691
l 2691 2692
l 2692 2693
l 2693 2694
l 2694 2695
l 2695 2696
l 2696 2697
l 2697 2698
l 2698 2699
l 2699 2700
l 2700 2701
l 2701 2702
l 2702 2703
l 2703 2704
l 2704 2705
l 2705 2706
l 2706 2707
l 2707 2708
l 2708 2709
l 2709 2710
l 2710 2711
l 2711 2712
l 2712 2713
l 2713 2714
l 2714 2715
l 2715 2716
l 2716 2717
l 2717 2718
l 2718 2719
l 2719 2720
l 2720 2721
l 2721 2722
l 2722 2723
l 2723 2724
l 2724 2725
l 2725 2726
l 2726 2727
l 2727 2728
l 2728 2729
l 2729 2730
l 2730 2731
l 2731 2732
l 2732 2733
l 2733 2734
l 2734 2735
l 2735 2736
l 2736 2737
l 2737 2738
l 2738 2739
l 2739 2740
l 2740 2741
l 2741 2742
l 2742 2743
l 2743 2744
l 2744 2745
l 2745 2746
l 2746 2747
l 2747 2748
l 2748 2749
l 2749 2750
l 2750 2751
l 2751 2752
l 2752 2753
l 2753 2754
l 2754 2755
l 2755 2756
l 2756 2757
l 2757 2758
l 2758 2759
l 2759 2760
l 2760 2761
l 2761 2762
l 2762 2763
l 2763 2764
l 2764 2765
l 2765 2766
l 2766 2767
l 2767 2768
l 2768 2769
l 2769 2770
l 2770 2771
l 2771 2772
l 2772 2773
l 2773 2774
l 2774 2775
l 2775 2776
l 2776 2777
l 2777 2778
l 2778 2779
l 2779 2780
l 2780 2781
l 2781 2782
l 2782 2783
l 2783 2784
l 2784 2785
l 2785 2786
l 2786 2787
l 2787 2788
l 2788 2789
l 2789 2790
l 2790 2791
l 2791 2792
l 2792 2793
l 2793 2794
l 2794 2795
l 2795 2796
l 2796 2797
l 2797 2798
l 2798 2799
l 2799 2800
l 2800 2801
l 2801 2802
l 2802 2803
l 2803 2804
l 2804 2805
l 2805 2806
l 2806 2807
l 2807 2808
l 2808 2809
l 2809 2810
l 2810 2811
l 2811 2812
l 2812 2813
l 2813 2814
l 2814 2815
l 2815 2816
l 2816 2817
l 2817 2818
l 2818 2819
l 2819 2820
l 2820 2821
l 2821 2822
l 2822 2823
l 2823 2824
l 2824 2825
l 2825 2826
l 2826 2827
l 2827 2828
l 2828 2829
l 2829 2830
l 2830 2831
l 2831 2832
l 2832 2833
l 2833 2834
l 2834 2835
l 2835 2836
l 2836 2837
l 2837 2838
l 2838 2839
l 2839 2840
l 2840 2841
l 2841 2842
l 2842 2843
l 2843 2844
l 2844 2845
l 2845 2846
l 2846 2847
l 2847 2848
l 2848 2849
l 2849 2850
l 2850 2851
l 2851 2852
l 2852 2853
l 2853 2854
l 2854 2855
l 2855 2856
l 2856 2857
l 2857 2858
l 2858 2859
l 2859 2860
l 2860 2861
l 2861 2862
l 2862 2863
l 2863 2864
l 2864 2865
l 2865 2866
l 2866 2867
l 2867 2868
l 2868 2869
l 2869 2870
l 2870 2871
l 2871 2872
l 2872 2873
l 2873 2874
l 2874 2875
l 2875 2876
l 2876 2877
l 2877 2878
l 2878 2879
l 2879 2880
l 2880 2881
l 2881 2882
l 2882 2883
l 2883 2884
l 2884 2885
l 2885 2886
l 2886 2887
l 2887 2888
l 2888 2889
l 2889 2890
l 2890 2891
l 2891 2892
l 2892 2893
l 2893 2894
l 2894 2895
l 2895 2896
l 2896 2897
l 2897 2898
l 2898 2899
l 2899 2900
l 2900 2901
l 2901 2902
l 2902 2903
l 2903 2904
l 2904 2905
l 2905 2906
l 2906 2907
l 2907 2908
l 2908 2909
l 2909 2910
l 2910 2911
l 2911 2912
l 2912 2913
l 2913 2914
l 2914 2915
l 2915 2916
l 2916 2917
l 2917 2918
l 2918 2919
l 2919 2920
l 2920 2921
l 2921 2922
l 2922 2923
l 2923 2924
l 2924 2925
l 2925 2926
l 2926 2927
l 2927 2928
l 2928 2929
l 2929 2930
l 2930 2931
l 2931 2932
l 2932 2933
l 2933 2934
l 2934 2935
l 2935 2936
l 2936 2937
l 2937 2938
l 2938 2939
l 2939 2940
l 2940 2941
l 2941 2942
l 2942 2943
l 2943 2944
l 2944 2945
l 2945 2946
l 2946 2947
l 2947 2948
l 2948 2949
l 2949 2950
l 2950 2951
l 2951 2952
l 2952 2953
l 2953 2954
l 2954 2955
l 2955 2956
l 2956 2957
l 2957 2958
l 2958 2959
l 2959 2960
l 2960 2961
l 2961 2962
l 2962 2963
l 2963 2964
l 2964 2965
l 2965 2966
l 2966 2967
l 2967 2968
l 2968 2969
l 2969 2970
l 2970 2971
l 2971 2972
l 2972 2973
l 2973 2974
l 2974 2975
l 2975 2976
l 2976 2977
l 2977 2978
l 2978 2979
l 2979 2980
l 2980 2981
l 2981 2982
l 2982 2983
l 2983 2984
l 2984 2985
l 2985 2986
l 2986 2987
l 2987 2988
l 2988 2989
l 2989 2990
l 2990 2991
l 2991 2992
l 2992 2993
l 2993 2994
l 2994 2995
l 2995 2996
l 2996 2997
l 2997 2998
l 2998 2999
l 2999 3000
l 3000 3001
l 3001 3002
l 3002 3003
l 3003 3004
l 3004 3005
l 3005 3006
l 3006 3007
l 3007 3008
l 3008 3009
l 3009 3010
l 3010 3011
l 3011 3012
l 3012 3013
l 3013 3014
l 3014 3015
l 3015 3016
l 3016 3017
l 3017 3018
l 3018 3019
l 3019 3020
l 3020 3021
l 3021 3022
l 3022 3023
l 3023 3024
l 3024 3025
l 3025 3026
l 3026 3027
l 3027 3028
l 3028 3029
l 3029 3030
l 3030 3031
l 3031 3032
l 3032 3033
l 3033 3034
l 3034 3035
l 3035 3036
l 3036 3037
l 3037 3038
l 3038 3039
l 3039 3040
l 3040 3041
l 3041 3042
l 3042 3043
l 3043 3044
l 3044 3045
l 3045 3046
l 3046 3047
l 3047 3048
l 3048 3049
l 3049 3050
l 3050 3051
l 3051 3052
l 3052 3053
l 3053 3054
l 3054 3055
l 3055 3056
l 3056 3057
l 3057 3058
l 3058 3059
l 3059 3060
l 3060 3061
l 3061 3062
l 3062 3063
l 3063 3064
l 3064 3065
l 3065 3066
l 3066 3067
l 3067 3068
l 3068 3069
l 3069 3070
l 3070 3071
l 3071 3072
l 3072 3073
l 3073 3074
l 3074 3075
l 3075 3076
l 3076 3077
l 3077 3078
l 3078 3079
l 3079 3080
l 3080 3081
l 3081 3082
l 3082 3083
l 3083 3084
l 3084 3085
l 3085 3086
l 3086 3087
l 3087 3088
l 3088 3089
l 3089 3090
l 3090 3091
l 3091 3092
l 3092 3093
l 3093 3094
l 3094 3095
l 3095 3096
l 3096 3097
l 3097 3098
l 3098 3099
l 3099 3100
l 3100 3101
l 3101 3102
l 3102 3103
l 3103 3104
l 3104 3105
l 3105 3106
l 3106 3107
l 3107 3108
l 3108 3109
l 3109 3110
l 3110 3111
l 3111 3112
l 3112 3113
l 3113 3114
l 3114 3115
l 3115 3116
l 3116 3117
l 3117 3118
l 3118 3119
l 3119 3120
l 3120 3121
l 3121 3122
l 3122 3123
l 3123 3124
l 3124 3125
l 3125 3126
l 3126 3127
l 3127 3128
l 3128 3129
l 3129 3130
l 3130 3131
l 3131 3132
l 3132 3133
l 3133 3134
l 3134 3135
l 3135 3136
l 3136 3137
l 3137 3138
l 3138 3139
l 3139 3140
l 3140 3141
l 3141 3142
l 3142 3143
l 3143 3144
l 3144 3145
l 3145 3146
l 3146 3147
l 3147 3148
l 3148 3149
l 3149 3150
l 3150 3151
l 3151 3152
l 3152 3153
l 3153 3154
l 3154 3155
l 3155 3156
l 3156 3157
l 3157 3158
l 3158 3159
l 3159 3160
l 3160 3161
l 3161 3162
l 3162 3163
l 3163 3164
l 3164 3165
l 3165 3166
l 3166 3167
l 3167 3168
l 3168 3169
l 3169 3170
l 3170 3171
l 3171 3172
l 3172 3173
l 3173 3174
l 3174 3175
l 3175 3176
l 3176 3177
l 3177 3178
l 3178 3179
l 3179 3180
l 3180 3181
l 3181 3182
l 3182 3183
l 3183 3184
l 3184 3185
l 3185 3186
l 3186 3187
l 3187 3188
l 3188 3189
l 3189 3190
l 3190 3191
l 3191 3192
l 3192 3193
l 3193 3194
l 3194 3195
l 3195 3196
l 3196 3197
l 3197 3198
l 3198 3199
l 3199 3200
l 3200 3201
l 3201 3202
l 3202 3203
l 3203 3204
l 3204 3205
l 3205 3206
l 3206 3207
l 3207 3208
l 3208 3209
l 3209 3210
l 3210 3211
l 3211 3212
l 3212 3213
l 3213 3214
l 3214 3215
l 3215 3216
l 3216 3217
l 3217 3218
l 3218 3219
l 3219 3220
l 3220 3221
l 3221 3222
l 3222 3223
l 3223 3224
l 3224 3225
l 3225 3226
l 3226 3227
l 3227 3228
l 3228 3229
l 3229 3230
l 3230 3231
l 3231 3232
l 3232 3233
l 3233 3234
l 3234 3235
l 3235 3236
l 3236 3237
l 3237 3238
l 3238 3239
l 3239 3240
l 3240 3241
l 3241 3242
l 3242 3243
l 3243 3244
l 3244 3245
l 3245 3246
l 3246 3247
l 3247 3248
l 3248 3249
l 3249 3250
l 3250 3251
l 3251 3252
l 3252 3253
l 3253 3254
l 3254 3255
l 3255 3256
l 3256 3257
l 3257 3258
l 3258 3259
l 3259 3260
l 3260 3261
l 3261 3262
l 3262 3263
l 3263 3264
l 3264 3265
l 3265 3266
l 3266 3267
l 3267 3268
l 3268 3269
l 3269 3270
l 3270 3271
l 3271 3272
l 3272 3273
l 3273 3274
l 3274 3275
l 3275 3276
l 3276 3277
l 3277 3278
l 3278 3279
l 3279 3280
l 3280 3281
l 3281 3282
l 3282 3283
l 3283 3284
l 3284 3285
l 3285 3286
l 3286 3287
l 3287 3288
l 3288 3289
l 3289 3290
l 3290 3291
l 3291 3292
l 3292 3293
l 3293 3294
l 3294 3295
l 3295 3296
l 3296 3297
l 3297 3298
l 3298 3299
l 3299 3300
l 3300 3301
l 3301 3302
l 3302 3303
l 3303 3304
l 3304 3305
l 3305 3306
l 3306 3307
l 3307 3308
l 3308 3309
l 3309 3310
l 3310 3311
l 3311 3312
l 3312 3313
l 3313 3314
l 3314 3315
l 3315 3316
l 3316 3317
l 3317 3318
l 3318 3319
l 3319 3320
l 3320 3321
l 3321 3322
l 3322 3323
l 3323 3324
l 3324 3325
l 3325 3326
l 3326 3327
l 3327 3328
l 3328 3329
l 3329 3330
l 3330 3331
l 3331 3332
l 3332 3333
l 3333 3334
l 3334 3335
l 3335 3336
l 3336 3337
l 3337 3338
l 3338 3339
l 3339 3340
l 3340 3341
l 3341 3342
l 3342 3343
l 3343 3344
l 3344 3345
l 3345 3346
l 3346 3347
l 3347 3348
l 3348 3349
l 3349 3350
l 3350 3351
l 3351 3352
l 3352 3353
l 3353 3354
l 3354 3355
l 3355 3356
l 3356 3357
l 3357 3358
l 3358 3359
l 3359 3360
l 3360 3361
l 3361 3362
l 3362 3363
l 3363 3364
l 3364 3365
l 3365 3366
l 3366 3367
l 3367 3368
l 3368 3369
l 3369 3370
l 3370 3371
l 3371 3372
l 3372 3373
l 3373 3374
l 3374 3375
l 3375 3376
l 3376 3377
l 3377 3378
l 3378 3379
l 3379 3380
l 3380 3381
l 3381 3382
l 3382 3383
l 3383 3384
l 3384 3385
l 3385 3386
l 3386 3387
l 3387 3388
l 3388 3389
l 3389 3390
l 3390 3391
l 3391 3392
l 3392 3393
l 3393 3394
l 3394 3395
l 3395 3396
l 3396 3397
l 3397 3398
l 3398 3399
l 3399 3400
l 3400 3401
l 3401 3402
l 3402 3403
l 3403 3404
l 3404 3405
l 3405 3406
l 3406 3407
l 3407 3408
l 3408 3409
l 3409 3410
l 3410 3411
l 3411 3412
l 3412 3413
l 3413 3414
l 3414 3415
l 3415 3416
l 3416 3417
l 3417 3418
l 3418 3419
l 3419 3420
l 3420 3421
l 3421 3422
l 3422 3423
l 3423 3424
l 3424 3425
l 3425 3426
l 3426 3427
l 3427 3428
l 3428 3429
l 3429 3430
l 3430 3431
l 3431 3432
l 3432 3433
l 3433 3434
l 3434 3435
l 3435 3436
l 3436 3437
l 3437 3438
l 3438 3439
l 3439 3440
l 3440 3441
l 3441 3442
l 3442 3443
l 3443 3444
l 3444 3445
l 3445 3446
l 3446 3447
l 3447 3448
l 3448 3449
l 3449 3450
l 3450 3451
l 3451 3452
l 3452 3453
l 3453 3454
l 3454 3455
l 3455 3456
l 3456 3457
l 3457 3458
l 3458 3459
l 3459 3460
l 3460 3461
l 3461 3462
l 3462 3463
l 3463 3464
l 3464 3465
l 3465 3466
l 3466 3467
l 3467 3468
l 3468 3469
l 3469 3470
l 3470 3471
l 3471 3472
l 3472 3473
l 3473 3474
l 3474 3475
l 3475 3476
l 3476 3477
l 3477 3478
l 3478 3479
l 3479 3480
l 3480 3481
l 3481 3482
l 3482 3483
l 3483 3484
l 3484 3485
l 3485 3486
l 3486 3487
l 3487 3488
l 3488 3489
l 3489 3490
l 3490 3491
l 3491 3492
l 3492 3493
l 3493 3494
l 3494 3495
l 3495 3496
l 3496 3497
l 3497 3498
l 3498 3499
l 3499 3500
l 3500 3501
l 3501 3502
l 3502 3503
l 3503 3504
l 3504 3505
l 3505 3506
l 3506 3507
l 3507 3508
l 3508 3509
l 3509 3510
l 3510 3511
l 3511 3512
l 3512 3513
l 3513 3514
l 3514 3515
l 3515 3516
l 3516 3517
l 3517 3518
l 3518 3519
l 3519 3520
l 3520 3521
l 3521 3522
l 3522 3523
l 3523 3524
l 3524 3525
l 3525 3526
l 3526 3527
l 3527 3528
l 3528 3529
l 3529 3530
l 3530 3531
l 3531 3532
l 3532 3533
l 3533 3534
l 3534 3535
l 3535 3536
l 3536 3537
l 3537 3538
l 3538 3539
l 3539 3540
l 3540 3541
l 3541 3542
l 3542 3543
l 3543 3544
l 3544 3545
l 3545 3546
l 3546 3547
l 3547 3548
l 3548 3549
l 3549 3550
l 3550 3551
l 3551 3552
l 3552 3553
l 3553 3554
l 3554 3555
l 3555 3556
l 3556 3557
l 3557 3558
l 3558 3559
l 3559 3560
l 3560 3561
l 3561 3562
l 3562 3563
l 3563 3564
l 3564 3565
l 3565 3566
l 3566 3567
l 3567 3568
l 3568 3569
l 3569 3570
l 3570 3571
l 3571 3572
l 3572 3573
l 3573 3574
l 3574 3575
l 3575 3576
l 3576 3577
l 3577 3578
l 3578 3579
l 3579 3580
l 3580 3581
l 3581 3582
l 3582 3583
l 3583 3584
l 3584 3585
l 3585 3586
l 3586 3587
l 3587 3588
l 3588 3589
l 3589 3590
l 3590 3591
l 3591 3592
l 3592 3593
l 3593 3594
l 3594 3595
l 3595 3596
l 3596 3597
l 3597 3598
l 3598 3599
l 3599 3600
l 3600 3601
o B
v 0.000000000 0.936702600 -0.000000000
v -0.019237213 0.936140394 0.014769575
v -0.038441089 0.934626298 0.029514059
v -0.057582791 0.932162966 0.044211748
v -0.076623288 0.928674804 0.058833266
v -0.095526175 0.924157222 0.073351218
v -0.114272842 0.918709761 0.087751598
v -0.132833370 0.912332463 0.102011895
v -0.151139802 0.904885453 0.116080973
v -0.169199632 0.896544195 0.129964481
v -0.186986871 0.887322972 0.143642871
v -0.204421637 0.877094371 0.157056049
v -0.221516543 0.865997656 0.170213523
v -0.238256746 0.854076412 0.183104143
v -0.254544109 0.841202662 0.195654103
v -0.270416240 0.827534670 0.207891724
v -0.285839327 0.813077146 0.219791601
v -0.300731783 0.797764984 0.231292409
v -0.315150189 0.781751617 0.242436741
v -0.328987731 0.764947859 0.253144324
v -0.342283490 0.747465310 0.263444595
v -0.354980416 0.729292647 0.273294726
v -0.367067626 0.710472176 0.282686598
v -0.378523117 0.691036688 0.291603752
v -0.389328414 0.671018491 0.300032379
v -0.399450687 0.650442542 0.307947909
v -0.408914225 0.629373432 0.315368673
v -0.417623383 0.607793637 0.322222953
v -0.425649044 0.585796511 0.328564085
v -0.432929590 0.563388811 0.334345925
v -0.439440336 0.540606449 0.339550090
v -0.445210510 0.517506949 0.344198650
v -0.450221055 0.494123478 0.348277450
v -0.454431391 0.470486101 0.351756220
v -0.457843762 0.446640991 0.354636823
v -0.460466729 0.422632855 0.356925857
v -0.462291517 0.398501654 0.358616931
v -0.463312192 0.374288483 0.359705799
v -0.463525657 0.350035067 0.360190345
v -0.462931588 0.325783305 0.360070538
v -0.461532324 0.301574857 0.359348344
v -0.459321079 0.277452621 0.358018907
v -0.456288106 0.253461862 0.356075169
v -0.452466518 0.229639561 0.353542096
v -0.447859002 0.206026723 0.350421903
v -0.442439818 0.182675454 0.346695565
v -0.436261449 0.159611915 0.342402454
v -0.429294026 0.136892769 0.337520427
v -0.421571373 0.114549354 0.332074854
v -0.413105616 0.092620881 0.326074856
v -0.403904295 0.071150237 0.319526079
v -0.393979658 0.050178813 0.312437609
v -0.383347928 0.029745939 0.304821406
v -0.372028635 0.009888514 0.296691789
v -0.360043999 -0.009359221 0.288064959
v -0.347418385 -0.027965779 0.278958585
v -0.334155224 -0.045875807 0.269374456
v -0.320298144 -0.063077854 0.259344288
v -0.305856519 -0.079520122 0.248873842
v -0.290861529 -0.095176264 0.237984970
v -0.275341059 -0.110016086 0.226696754
v -0.259322839 -0.124008319 0.215027794
v -0.242836883 -0.137124499 0.202998033
v -0.225908712 -0.149324489 0.190623401
v -0.208578868 -0.160598937 0.177931087
v -0.190874981 -0.170907663 0.164937529
v -0.172836352 -0.180237870 0.151667925
v -0.154497788 -0.188563142 0.138143212
v -0.135896690 -0.195861345 0.124385733
v -0.117072358 -0.202114227 0.110418737
v -0.098065452 -0.207307050 0.096266022
v -0.078917589 -0.211428242 0.081951683
v -0.059671047 -0.214469094 0.067499940
v -0.040368319 -0.216408039 0.052933758
v -0.021053770 -0.217255112 0.038279158
v -0.001771645 -0.216994667 0.023559861
v 0.017434256 -0.215638031 0.008801134
v 0.036518251 -0.213174722 -0.005972486
v 0.055438073 -0.209624797 -0.020736131
v 0.074147511 -0.204982114 -0.035464665
v 0.092606691 -0.199272641 -0.050133942
v 0.110769902 -0.192496121 -0.064718320
v 0.128600041 -0.184682335 -0.079194416
v 0.146054994 -0.175842573 -0.093537082
v 0.163096383 -0.165998534 -0.107722059
v 0.179689067 -0.155177427 -0.121726055
v 0.195797669 -0.143403853 -0.135525370
v 0.211389026 -0.130705398 -0.149096843
v 0.226432776 -0.117112846 -0.162418201
v 0.240895051 -0.102650694 -0.175465094
v 0.254751447 -0.087356505 -0.188217236
v 0.267974765 -0.071262018 -0.200652716
v 0.280544048 -0.054405470 -0.212752452
v 0.292430411 -0.036815286 -0.224492919
v 0.303615382 -0.018530772 -0.235855698
v 0.314080662 0.000410021 -0.246822297
v 0.323802333 0.019974167 -0.257370783
v 0.332772623 0.040116191 -0.267488149
v 0.340978553 0.060796675 -0.277158480
v 0.348394810 0.081983863 -0.286358229
v 0.355019137 0.103631563 -0.295077441
v 0.360843731 0.125698417 -0.303302909
v 0.365855713 0.148145934 -0.311018180
v 0.370045413 0.170933731 -0.318208610
v 0.373406897 0.194019885 -0.324861826
v 0.375938512 0.217361440 -0.330968241
v 0.377643441 0.240915109 -0.336521607
v 0.378521300 0.264639581 -0.341513438
v 0.378545614 0.288496234 -0.345916946
v 0.377764634 0.312437388 -0.349757317
v 0.376124629 0.336425015 -0.352988178
v 0.373677305 0.360414891 -0.355637848
v 0.370422854 0.384366980 -0.357698364
v 0.366327618 0.408235421 -0.359136185
v 0.361436360 0.431981801 -0.359975773
v 0.355754668 0.455565117 -0.360212840
v 0.349290714 0.478944357 -0.359844961
v 0.342055309 0.502078875 -0.358871689
v 0.334061912 0.524928810 -0.357294651
v 0.325326589 0.547455543 -0.355117613
v 0.315867904 0.569622173 -0.352346494
v 0.305706736 0.591394016 -0.348989342
v 0.294837288 0.612718686 -0.345031415
v 0.283286254 0.633561380 -0.340484950
v 0.271098363 0.653905193 -0.335378808
v 0.258301797 0.673726021 -0.329728472
v 0.244849583 0.692923276 -0.323479858
v 0.230840756 0.711536115 -0.316712300
v 0.216277548 0.729514725 -0.309417432
v 0.201158430 0.746791698 -0.301580657
v 0.185566794 0.763417084 -0.293272228
v 0.169450471 0.779244753 -0.284425251
v 0.152925658 0.794389668 -0.275146674
v 0.135933523 0.808671444 -0.265357966
v 0.118582336 0.822218377 -0.255163022
v 0.100840809 0.834875966 -0.244508415
v 0.082780075 0.846719198 -0.233460565
v 0.064417140 0.857692827 -0.222020785
v 0.045771920 0.867740030 -0.210192186
v 0.026905503 0.876949654 -0.198036697
v 0.007815528 0.885160558 -0.185520552
v -0.011442386 0.892461542 -0.172701721
v -0.030832857 0.898876721 -0.159610646
v -0.050342403 0.904226621 -0.146221416
v -0.069920827 0.908652932 -0.132598604
v -0.089538154 0.912160307 -0.118764878
v -0.109162578 0.914599589 -0.104713655
v -0.128759007 0.916071593 -0.090490438
v -0.148298123 0.916607684 -0.076122739
v -0.167740970 0.916128313 -0.061623010
v -0.187049693 0.914616211 -0.047015294
v -0.206204729 0.912167831 -0.032332966
v -0.225177218 0.908786192 -0.017597575
v -0.243897862 0.904319313 -0.002829204
v -0.262368332 0.898922765 0.011942424
v -0.280563119 0.892614377 0.026695249
v -0.298431209 0.885340249 0.041402957
v -0.315927504 0.877080059 0.056036852
v -0.333059983 0.867945466 0.070580526
v -0.349803439 0.857951077 0.085012780
v -0.366057340 0.846969136 0.099286049
v -0.381861112 0.835154877 0.113398091
v -0.397197475 0.822537893 0.127330487
v -0.411979543 0.809041256 0.141035484
v -0.426211867 0.794737756 0.154501926
v -0.439907982 0.779701973 0.167724825
v -0.452976420 0.763870483 0.180650434
v -0.465423958 0.747308864 0.193270660
v -0.477277768 0.730096884 0.205589387
v -0.488408885 0.712151514 0.217529589
v -0.498893319 0.693598649 0.229121423
v -0.508690849 0.674447250 0.240333973
v -0.517736363 0.654690623 0.251121394
v -0.526114819 0.634439140 0.261523417
v -0.533665069 0.613624546 0.271436818
v -0.540535206 0.592387829 0.280941023
v -0.546560384 0.570674655 0.289927403
v -0.551881761 0.548603053 0.298474903
v -0.556329890 0.526134143 0.306468546
v -0.560039569 0.503369578 0.313985914
v -0.562910537 0.480310231 0.320954306
v -0.564974176 0.457010765 0.327385723
v -0.566256039 0.433515559 0.333289975
v -0.566670472 0.409847637 0.338600625
v -0.566277114 0.386061476 0.343350186
v -0.565079716 0.362195983 0.347533799
v -0.563071093 0.338289757 0.351138772
v -0.560225264 0.314384495 0.354138230
v -0.556562498 0.290523249 0.356538485
v -0.552098306 0.266746486 0.358342927
v -0.546837097 0.243095157 0.359546828
v -0.540786208 0.219610200 0.360147590
v -0.533955731 0.196332097 0.360144704
v -0.526358312 0.173300493 0.359539671
v -0.517985362 0.150564169 0.358316880
v -0.508866456 0.128157954 0.356491008
v -0.499027863 0.106115129 0.354074634
v -0.488477022 0.084478356 0.351064906
v -0.477214790 0.063297039 0.347452898
v -0.465289708 0.042588917 0.343270253
v -0.452692035 0.022413023 0.338498478
v -0.439460489 0.002792649 0.333160981
v -0.425618107 -0.016238567 0.327267795
v -0.411182747 -0.034640763 0.320823944
v -0.396176147 -0.052376153 0.313837586
v -0.380625149 -0.069412107 0.306321479
v -0.364556745 -0.085715971 0.298288378
v -0.348001596 -0.101260526 0.289754629
v -0.330991373 -0.116021257 0.280737704
v -0.313549033 -0.129956399 0.271245190
v -0.295711383 -0.143049859 0.261299562
v -0.277504366 -0.155260479 0.250910203
v -0.258966496 -0.166575809 0.240101052
v -0.240130197 -0.176967809 0.228888219
v -0.221030415 -0.186413006 0.217290191
v -0.201703790 -0.194892173 0.205327162
v -0.182187638 -0.202387463 0.193019684
v -0.162518389 -0.208868657 0.180384508
v -0.142737636 -0.214337959 0.167448571
v -0.122883960 -0.218768173 0.154229710
v -0.102998799 -0.222150579 0.140751245
v -0.083123838 -0.224477895 0.127036435
v -0.063301364 -0.225741655 0.113108091
v -0.043574198 -0.225937278 0.098989695
v -0.023986225 -0.225058501 0.084704435
v -0.004581503 -0.223104921 0.070276440
v 0.014597690 -0.220086677 0.055730807
v 0.033505169 -0.215998969 0.041090994
v 0.052099872 -0.210859053 0.026382336
v 0.070336181 -0.204669892 0.011629148
v 0.088175230 -0.197454404 -0.003143536
v 0.105570836 -0.189217616 -0.017910892
v 0.122489076 -0.179992217 -0.032648347
v 0.138883868 -0.169785660 -0.047330469
v 0.154726109 -0.158636632 -0.061933558
v 0.169972412 -0.146558563 -0.076431785
v 0.184595013 -0.133589048 -0.090801770
v 0.198562110 -0.119757676 -0.105019405
v 0.211842905 -0.105094757 -0.119060501
v 0.224408366 -0.089632296 -0.132900938
v 0.236234141 -0.073406605 -0.146517611
v 0.247296287 -0.056453356 -0.159887278
v 0.257576871 -0.038812614 -0.172988462
v 0.267059625 -0.020524133 -0.185800231
v 0.275716689 -0.001618533 -0.198296860
v 0.283543229 0.017857186 -0.210461173
v 0.290524921 0.037864298 -0.222272278
v 0.296647736 0.058364167 -0.233709078
v 0.301901416 0.079316253 -0.244751813
v 0.306280216 0.100678369 -0.255382649
v 0.309783753 0.122407122 -0.265586410
v 0.312397858 0.144465000 -0.275340948
v 0.314129382 0.166806949 -0.284634574
v 0.314965895 0.189394565 -0.293445466
v 0.314921555 0.212182563 -0.301766115
v 0.313993543 0.235130685 -0.309579827
v 0.312182557 0.258197637 -0.316871645
v 0.309493228 0.281341537 -0.323628802
v 0.305934522 0.304520530 -0.329841224
v 0.301520094 0.327693572 -0.335502077
v 0.296261103 0.350820642 -0.340603252
v 0.290140763 0.373857561 -0.345117062
v 0.283220293 0.396770859 -0.349069948
v 0.275453853 0.419509456 -0.352412853
v 0.266909909 0.442045560 -0.355178999
v 0.257583070 0.464335445 -0.357348072
v 0.247474162 0.486333702 -0.358903087
v 0.236625989 0.508011256 -0.359860276
v 0.225054246 0.529329795 -0.360214919
v 0.212777138 0.550251586 -0.359964133
v 0.199815349 0.570739849 -0.359106992
v 0.186191958 0.590759159 -0.357644639
v 0.171932290 0.610275867 -0.355580348
v 0.157063709 0.629258536 -0.352919562
v 0.141615325 0.647678382 -0.349669879
v 0.125617637 0.665509687 -0.345840977
v 0.109067827 0.682684509 -0.341404901
v 0.092022058 0.699203306 -0.336397910
v 0.074520724 0.715056924 -0.330842440
v 0.056574672 0.730191385 -0.324724725
v 0.038209354 0.744564855 -0.318045062
v 0.019489745 0.758221264 -0.310862123
v 0.000402265 0.771037622 -0.303119959
v -0.018979420 0.783086156 -0.294893717
v -0.038646899 0.794283467 -0.286156822
v -0.058551312 0.804653066 -0.276949776
v -0.078669758 0.814139351 -0.267266021
v -0.098955718 0.822777426 -0.257149016
v -0.119388475 0.830473794 -0.246576283
v -0.139916467 0.837345482 -0.235625960
v -0.160521271 0.843188094 -0.224231593
v -0.181155542 0.848177024 -0.212490985
v -0.201787633 0.852215755 -0.200387589
v -0.222380572 0.855279692 -0.187935868
v -0.242905818 0.857461572 -0.175189817
v -0.263316100 0.858632554 -0.162130614
v -0.283582650 0.858852365 -0.148799759
v -0.303682479 0.858176628 -0.135233444
v -0.323557886 0.856494372 -0.121426458
v -0.343183377 0.853853532 -0.107413679
v -0.362543890 0.850319819 -0.093230046
v -0.381589137 0.845839749 -0.078887606
v -0.400266229 0.840371071 -0.064404393
v -0.418583384 0.834028373 -0.049819033
v -0.436512805 0.826820277 -0.035152831
v -0.453956945 0.818622716 -0.020421365
v -0.470942712 0.809567287 -0.005657687
v -0.487453539 0.799685863 0.009115250
v -0.503433074 0.788945774 0.023873484
v -0.518820651 0.777318573 0.038588641
v -0.533654395 0.764919359 0.053241262
v -0.547912512 0.751767327 0.067809874
v -0.561479888 0.737774174 0.082253806
v -0.574405892 0.723053553 0.096561439
v -0.586691102 0.707651283 0.110715580
v -0.598255615 0.691532628 0.124677823
v -0.609075745 0.674724635 0.138422467
v -0.619202154 0.657317321 0.151947808
v -0.628567956 0.639296950 0.165215824
v -0.637121403 0.620669213 0.178190854
v -0.644941734 0.601533537 0.190886091
v -0.651938106 0.581869853 0.203250455
v -0.658105862 0.561718011 0.215265686
v -0.663515504 0.541156115 0.226947505
v -0.668005768 0.520142679 0.238207504
v -0.671714019 0.498782979 0.249094258
v -0.674554866 0.477079195 0.259551740
v -0.676544223 0.455076263 0.269573084
v -0.677693022 0.432817166 0.279148957
v -0.677961286 0.410328498 0.288243390
v -0.677390027 0.387660332 0.296863804
v -0.675950319 0.364843945 0.304979603
v -0.673647701 0.341921426 0.312578353
v -0.670527954 0.318933344 0.319674202
v -0.666500469 0.295916271 0.326194730
v -0.661671576 0.272912016 0.332192747
v -0.656014443 0.249957664 0.337636854
v -0.649493308 0.227099727 0.342486321
v -0.642177821 0.204371050 0.346773702
v -0.634070370 0.181810169 0.350485957
v -0.625176944 0.159456741 0.353611954
v -0.615494536 0.137355701 0.356132772
v -0.605047330 0.115544513 0.358049887
v -0.593862837 0.094057210 0.359368236
v -0.581958224 0.072931371 0.360084738
v -0.569353265 0.052203507 0.360198406
v -0.556061822 0.031914604 0.359702753
v -0.542100975 0.012105474 0.358593437
v -0.527508393 -0.007198949 0.356885418
v -0.512312366 -0.025969051 0.354585823
v -0.496526107 -0.044160115 0.351686328
v -0.480173913 -0.061735797 0.348188925
v -0.463299485 -0.078682726 0.344116792
v -0.445912656 -0.094946471 0.339455701
v -0.428054834 -0.110511685 0.334226548
v -0.409758064 -0.125353528 0.328440551
v -0.391049166 -0.139436946 0.322101644
v -0.371957162 -0.152726812 0.315215079
v -0.352521414 -0.165209999 0.307801025
v -0.332772987 -0.176854569 0.299867074
v -0.312747435 -0.187637859 0.291427100
v -0.292482968 -0.197547170 0.282500344
v -0.272014897 -0.206559807 0.273100210
v -0.251378357 -0.214646081 0.263237101
v -0.230613143 -0.221797815 0.252932412
v -0.209757527 -0.228000274 0.242203804
v -0.188850214 -0.233234248 0.231067177
v -0.167931217 -0.237485682 0.219540897
v -0.147041113 -0.240745149 0.207645104
v -0.126220509 -0.243007314 0.195401155
v -0.105510880 -0.244262262 0.182828690
v -0.084954710 -0.244500820 0.169947742
v -0.064593939 -0.243722927 0.156781073
v -0.044470512 -0.241929512 0.143351313
v -0.024627873 -0.239118642 0.129680256
v -0.005109270 -0.235292962 0.115790797
v 0.014042566 -0.230459059 0.101706511
v 0.032785623 -0.224626926 0.087451367
v 0.051078746 -0.217809515 0.073049525
v 0.068875290 -0.210010788 0.058524000
v 0.086139843 -0.201257784 0.043900523
v 0.102828666 -0.191562827 0.029203035
v 0.118905778 -0.180951828 0.014456528
v 0.134330130 -0.169443771 -0.000314355
v 0.149071341 -0.157072059 -0.015084748
v 0.163087651 -0.143856203 -0.029829603
v 0.176356751 -0.129837846 -0.044524645
v 0.188837834 -0.115038599 -0.059144240
v 0.200513450 -0.099502896 -0.073664847
v 0.211352988 -0.083261859 -0.088061420
v 0.221332682 -0.066352524 -0.102309484
v 0.230435771 -0.048816313 -0.116385709
v 0.238643105 -0.030691848 -0.130266222
v 0.245938729 -0.012019226 -0.143927571
v 0.252310467 0.007160067 -0.157347034
v 0.257750619 0.026803331 -0.170503041
v 0.262237096 0.046874796 -0.183369317
v 0.265783705 0.067323985 -0.195930593
v 0.268365028 0.088116887 -0.208158687
v 0.269993532 0.109206127 -0.220038091
v 0.270665448 0.130551036 -0.231547693
v 0.270381059 0.152110082 -0.242667663
v 0.269145339 0.173841303 -0.253380029
v 0.266968634 0.195702925 -0.263669372
v 0.263834472 0.217655788 -0.273507376
v 0.259785621 0.239656527 -0.282894131
v 0.254796584 0.261665693 -0.291795998
v 0.248904361 0.283642832 -0.300211151
v 0.242116256 0.305548489 -0.308122669
v 0.234443187 0.327343065 -0.315515295
v 0.225899969 0.348987337 -0.322375882
v 0.216505549 0.370443129 -0.328693884
v 0.206283161 0.391674132 -0.334461901
v 0.195254399 0.412644656 -0.339671947
v 0.183414012 0.433307611 -0.344295940
v 0.170828162 0.453645373 -0.348358616
v 0.157472235 0.473600307 -0.351816102
v 0.143415969 0.493161549 -0.354698580
v 0.128655298 0.512278676 -0.356976661
v 0.113220676 0.530920052 -0.358648951
v 0.097152293 0.549062985 -0.359723923
v 0.080474950 0.566674318 -0.360196431
v 0.063215758 0.583722031 -0.360063136
v 0.045404013 0.600175590 -0.359322640
v 0.027071034 0.616006313 -0.357975594
v 0.008249920 0.631187736 -0.356024781
v -0.011024748 0.645695986 -0.353475160
v -0.030717280 0.659510133 -0.350333864
v -0.050791327 0.672612515 -0.346610149
v -0.071213462 0.684981540 -0.342309639
v -0.091966961 0.696546799 -0.337402928
v -0.112990792 0.707348676 -0.331943472
v -0.134248633 0.717382812 -0.325947746
v -0.155726237 0.726544726 -0.319366680
v -0.177364797 0.734903271 -0.312267997
v -0.199134068 0.742426308 -0.304650042
v -0.220999667 0.749056847 -0.296499891
v -0.242918580 0.754871194 -0.287881125
v -0.264856501 0.759739659 -0.278741532
v -0.286776536 0.763788778 -0.269168663
v -0.308634667 0.766879745 -0.259110455
v -0.330403073 0.769121702 -0.248640359
v -0.352035344 0.770437593 -0.237740932
v -0.373497511 0.770845889 -0.226439864
v -0.394766735 0.770405031 -0.214780641
v -0.415768496 0.768968874 -0.202723179
v -0.436511287 0.766699116 -0.190350423
v -0.456937921 0.763526591 -0.177654852
v -0.476998352 0.759420925 -0.164646189
v -0.496699562 0.754488740 -0.151378420
v -0.515975496 0.748664215 -0.137850480
v -0.534780921 0.741937513 -0.124080694
v -0.553130832 0.734406850 -0.110114330
v -0.570975036 0.726047968 -0.095964515
v -0.588229145 0.716795294 -0.081639919
v -0.604937971 0.706776249 -0.067186022
v -0.621075847 0.696004789 -0.052623801
v -0.636526664 0.684390226 -0.037964939
v -0.651330466 0.672035688 -0.023244277
v -0.665485410 0.658984702 -0.008486326
v -0.678935802 0.645224374 0.006286746
v -0.691601185 0.630726267 0.021048228
v -0.703551031 0.615600138 0.035775090
v -0.714767747 0.599869009 0.050445670
v -0.725131089 0.583481465 0.065024873
v -0.734689799 0.566518290 0.079494498
v -0.743465797 0.549032455 0.093837360
v -0.751395554 0.531020910 0.108021878
v -0.758416938 0.512488391 0.122012991
v -0.764620414 0.493523933 0.135809874
v -0.769974512 0.474145557 0.149386326
v -0.774355946 0.454336233 0.162687085
v -0.777899516 0.434191837 0.175730824
v -0.780566203 0.413730611 0.188487288
v -0.782251888 0.392955853 0.200900269
v -0.783095390 0.371946455 0.212999731
v -0.783001905 0.350712849 0.224730495
v -0.781984903 0.329295339 0.236077854
v -0.780120246 0.307742356 0.247055328
v -0.777257700 0.286070725 0.257575346
v -0.773579969 0.264335634 0.267703627
v -0.768929337 0.242564864 0.277342803
v -0.763459540 0.220797963 0.286551902
v -0.757047219 0.199076290 0.295244213
v -0.749837829 0.177426638 0.303481324
v -0.741691565 0.155904530 0.311160331
v -0.732761727 0.134526328 0.318352548
v -0.722974712 0.113344354 0.324991408
v -0.712374062 0.092391515 0.331082004
v -0.701008214 0.071691874 0.336636747
v -0.688841350 0.051300542 0.341607354
v -0.675912348 0.031248687 0.345997450
v -0.662263357 0.011560732 0.349815999
v -0.647909655 -0.007726875 0.353051476
v -0.632870091 -0.026577957 0.355694382
v -0.617166792 -0.044957120 0.357737362
v -0.600819757 -0.062825714 0.359170216
v -0.583868791 -0.080161603 0.360001957
v -0.566337570 -0.096929515 0.360226133
v -0.548253720 -0.113096430 0.359839571
v -0.529653308 -0.128638936 0.358848662
v -0.510570455 -0.143533031 0.357258459
v -0.491040028 -0.157757129 0.355075698
v -0.471082603 -0.171264485 0.352286174
v -0.450739149 -0.184040684 0.348903636
v -0.430049542 -0.196072791 0.344942031
v -0.409040263 -0.207317516 0.340392044
v -0.387753750 -0.217766728 0.335271479
v -0.366228152 -0.227407013 0.329593032
v -0.344497313 -0.236206573 0.323357261
v -0.322599822 -0.244145312 0.316573391
v -0.300576458 -0.251217733 0.309259538
v -0.278465955 -0.257409152 0.301427735
v -0.256307360 -0.262690333 0.293082239
v -0.234141768 -0.267065813 0.284246367
v -0.212008551 -0.270532786 0.274938458
v -0.189950537 -0.273053355 0.265159536
v -0.168006276 -0.274649275 0.254940327
v -0.146217826 -0.275304162 0.244292571
v -0.124628682 -0.275006180 0.233230856
v -0.103278449 -0.273763457 0.221778267
v -0.082210235 -0.271570705 0.209952030
v -0.061466746 -0.268427914 0.197771591
v -0.041086440 -0.264347534 0.185260629
v -0.021115118 -0.259325162 0.172436777
v -0.001589873 -0.253377971 0.159324641
v 0.017441659 -0.246503533 0.145942659
v 0.035942127 -0.238721156 0.132315592
v 0.053871111 -0.230044969 0.118466277
v 0.071188842 -0.220491439 0.104417927
v 0.087853871 -0.210076357 0.090193536
v 0.103828077 -0.198821428 0.075817225
v 0.119078855 -0.186755184 0.061313929
v 0.133565573 -0.173898098 0.046707205
v 0.147257357 -0.160281693 0.032022026
v 0.160120303 -0.145934953 0.017282953
v 0.172126501 -0.130892343 0.002514832
v 0.183243825 -0.115185405 -0.012257512
v 0.193453414 -0.098855247 -0.027009363
v 0.202722635 -0.081933750 -0.041715517
v 0.211041542 -0.064466662 -0.056351888
v 0.218382369 -0.046489056 -0.070893036
v 0.224736149 -0.028045661 -0.085315102
v 0.230091461 -0.009178804 -0.099594124
v 0.234433581 0.010070888 -0.113705372
v 0.237755614 0.029660131 -0.127625070
v 0.240056135 0.049544860 -0.141330473
v 0.241330279 0.069682815 -0.154797997
v 0.241575241 0.090031499 -0.168004136
v 0.240801913 0.110546825 -0.180928982
v 0.239007584 0.131187812 -0.193548833
v 0.236207076 0.151912016 -0.205845127
v 0.232393719 0.172678955 -0.217792021
v 0.227590238 0.193447295 -0.229373606
v 0.221807298 0.214177190 -0.240569990
v 0.215060130 0.234829554 -0.251363065
v 0.207355937 0.255364623 -0.261731021
v 0.198715733 0.275744363 -0.271657905
v 0.189167737 0.295933742 -0.281132035
v 0.178715868 0.315892300 -0.290129171
v 0.167389380 0.335585891 -0.298638147
v 0.155214593 0.354980791 -0.306646828
v 0.142211849 0.374041571 -0.314139673
v 0.128405126 0.392734096 -0.321103165
v 0.113822102 0.411026203 -0.327526307
v 0.098494107 0.428888516 -0.333401147
v 0.082451357 0.446292140 -0.338719579
v 0.065701117 0.463190456 -0.343453612
v 0.048310275 0.479581902 -0.347626084
v 0.030274944 0.495409154 -0.351197909
v 0.011662586 0.510677468 -0.354196555
v -0.007525447 0.525328467 -0.356584062
v -0.027237985 0.539354667 -0.358373683
v -0.047436952 0.552737325 -0.359566595
v -0.068090026 0.565450569 -0.360157230
v -0.089162911 0.577470164 -0.360141801
v -0.110619522 0.588773814 -0.359518435
v -0.132422231 0.599341471 -0.358287295
v -0.154532177 0.609155638 -0.356450669
v -0.176909638 0.618201648 -0.354013024
v -0.199514470 0.626467924 -0.350981021
v -0.222306610 0.633946186 -0.347363474
v -0.245246624 0.640631600 -0.343171253
v -0.268299095 0.646488577 -0.338393557
v -0.291422356 0.651495865 -0.333031269
v -0.314573911 0.655697056 -0.327128263
v -0.337717030 0.659060547 -0.320676864
v -0.360807313 0.661541736 -0.313663601
v -0.383814427 0.663228844 -0.306157405
v -0.406683128 0.663999757 -0.298097687
v -0.429392597 0.663968607 -0.289567049
v -0.451885777 0.663045472 -0.280526764
v -0.474143933 0.661311273 -0.271036845
v -0.496103572 0.658685444 -0.261067054
v -0.517765569 0.655279678 -0.250690639
v -0.539034541 0.650957709 -0.239852166
v -0.559942561 0.645879874 -0.228645713
v -0.580391454 0.639929547 -0.217029807
v -0.600384411 0.633188629 -0.205057268
v -0.619905493 0.625693936 -0.192758107
v -0.638837145 0.617333200 -0.180100733
v -0.657240170 0.608255671 -0.167161594
v -0.675060190 0.598441199 -0.153947038
v -0.692199906 0.587828762 -0.140451964
v -0.708720724 0.576541394 -0.126735332
v -0.724585551 0.564583192 -0.112813251
v -0.739660614 0.551873477 -0.098680846
v -0.754035885 0.538543937 -0.084392475
v -0.767688843 0.524613390 -0.069968698
v -0.780496182 0.510027282 -0.055418105
v -0.792496966 0.494859577 -0.040775377
v -0.803709904 0.479161368 -0.026067471
v -0.814085510 0.462937144 -0.011315248
v -0.823521242 0.446166780 0.003457485
v -0.832117206 0.428946182 0.018223638
v -0.839860639 0.411301322 0.032961450
v -0.846633933 0.393213995 0.047640397
v -0.852478648 0.374741228 0.062237876
v -0.857438596 0.355934437 0.076735799
v -0.861471603 0.336811178 0.091107327
v -0.864476064 0.317376588 0.105312329
v -0.866579411 0.297703385 0.119348907
v -0.867780367 0.277821083 0.133197132
v -0.867912366 0.257731621 0.146795498
v -0.867134182 0.237500089 0.160158487
v -0.865458601 0.217157973 0.173269960
v -0.862721899 0.196725116 0.186057650
v -0.859086959 0.176249444 0.198548854
v -0.854544831 0.155761941 0.210719923
v -0.848980933 0.135300244 0.222504645
v -0.842563799 0.114893167 0.233944970
v -0.835183789 0.094584923 0.244972159
v -0.826914122 0.074403440 0.255594301
v -0.817769129 0.054382949 0.265794060
v -0.807715378 0.034567651 0.275530278
v -0.796843134 0.014974242 0.284824624
v -0.785088112 -0.004340240 0.293616362
v -0.772544994 -0.023366112 0.301933388
v -0.759184489 -0.042053149 0.309732120
v -0.745045505 -0.060373397 0.317008295
v -0.730186420 -0.078316181 0.323776047
v -0.714544051 -0.095798509 0.329958056
v -0.698231188 -0.112841030 0.335608733
v -0.681261527 -0.129410261 0.340711101
v -0.663606547 -0.145430678 0.345205333
v -0.645348425 -0.160914383 0.349129179
v -0.626513305 -0.175832487 0.352473216
v -0.607127995 -0.190154940 0.355227516
v -0.587222360 -0.203853198 0.357384257
v -0.566828881 -0.216900573 0.358937790
v -0.545982207 -0.229272507 0.359884661
v -0.524718711 -0.240946772 0.360223571
v -0.503076051 -0.251903600 0.359955308
v -0.481092770 -0.262125756 0.359082641
v -0.458807915 -0.271598560 0.357610194
v -0.436260697 -0.280309857 0.355544301
v -0.413481039 -0.288211620 0.352864453
v -0.390516780 -0.295317554 0.349597019
v -0.367406764 -0.301612087 0.345745936
v -0.344189017 -0.307068392 0.341307457
v -0.320906065 -0.311684504 0.336295704
v -0.297598431 -0.315460165 0.330725151
v -0.274307139 -0.318368669 0.324593099
v -0.251074494 -0.320406488 0.317912414
v -0.227941438 -0.321576098 0.310699323
v -0.204949323 -0.321872851 0.302965447
v -0.182141238 -0.321287503 0.294719908
v -0.159560062 -0.319816960 0.285975635
v -0.137243102 -0.317476731 0.276755605
v -0.115237113 -0.314252954 0.267066726
v -0.093577295 -0.310165267 0.256933555
v -0.072314839 -0.305196550 0.246361921
v -0.051483499 -0.299370647 0.235378105
v -0.031125264 -0.292693228 0.223999043
v -0.011280471 -0.285174636 0.212243795
v 0.008010275 -0.276826080 0.200131676
v 0.026702402 -0.267655186 0.187680503
v 0.044768021 -0.257692303 0.174916973
v 0.062154577 -0.246938168 0.161855967
v 0.078835162 -0.235425213 0.148524194
v 0.094770445 -0.223172084 0.134942810
v 0.109923586 -0.210201598 0.121134276
v 0.124260223 -0.196539977 0.107121898
v 0.137748383 -0.182216222 0.092929482
v 0.150358381 -0.167261620 0.078581102
v 0.162053021 -0.151703482 0.064099815
v 0.172812063 -0.135580922 0.049511061
v 0.182607261 -0.118928274 0.034839025
v 0.191414619 -0.101782910 0.020108344
v 0.199213718 -0.084184374 0.005343861
v 0.205987765 -0.066173750 -0.009429628
v 0.211716700 -0.047791188 -0.024187192
v 0.216394808 -0.029081567 -0.038904257
v 0.220003021 -0.010085624 -0.053555577
v 0.222542720 0.009150744 -0.068117098
v 0.224005705 0.028584550 -0.082564054
v 0.224387451 0.048172124 -0.096871685
v 0.223694791 0.067868936 -0.111016678
v 0.221929624 0.087631898 -0.124975022
v 0.219097188 0.107418158 -0.138723030
v 0.215206485 0.127185422 -0.152237602
v 0.210270780 0.146892402 -0.165496599
v 0.204301640 0.166498521 -0.178477427
v 0.197309080 0.185963165 -0.191156624
v 0.189318377 0.205248887 -0.203515394
v 0.180348359 0.224318372 -0.215533235
v 0.170411339 0.243132895 -0.227186956
v 0.159534774 0.261658132 -0.238458931
v 0.147738919 0.279858303 -0.249328748
v 0.135048416 0.297699372 -0.259777708
v 0.121498336 0.315152876 -0.269792678
v 0.107107829 0.332183821 -0.279352676
v 0.091911859 0.348765257 -0.288445119
v 0.075928232 0.364860623 -0.297047232
v 0.059200610 0.380449687 -0.305152429
v 0.041757383 0.395503387 -0.312744892
v 0.023630103 0.409994760 -0.319810755
v 0.004853392 0.423899606 -0.326338581
v -0.014535296 0.437197239 -0.332319884
v -0.034499420 0.449867324 -0.337746205
v -0.055019352 0.461867503 -0.342590112
v -0.076031425 0.473211363 -0.346872361
v -0.097521193 0.483847912 -0.350558266
v -0.119426657 0.493797132 -0.353672893
v -0.141736539 0.502993263 -0.356170212
v -0.164390636 0.511459369 -0.358077197
v -0.187351678 0.519179064 -0.359388180
v -0.210581907 0.526135422 -0.360097180
v -0.234042744 0.532310551 -0.360197645
v -0.257693420 0.537690217 -0.359686066
v -0.281489738 0.542278475 -0.358572850
v -0.305391196 0.546065641 -0.356857773
v -0.329356917 0.549031358 -0.354532896
v -0.353343585 0.551183205 -0.351611073
v -0.377309859 0.552523043 -0.348100667
v -0.401215768 0.553055915 -0.344012137
v -0.425023305 0.552789989 -0.339357898
v -0.448681297 0.551668856 -0.334105529
v -0.472155313 0.549741201 -0.328296406
v -0.495416121 0.547039941 -0.321959528
v -0.518397562 0.543486178 -0.315048667
v -0.541083116 0.539158795 -0.307624198
v -0.563430747 0.534048945 -0.299686880
v -0.585384690 0.528133808 -0.291229649
v -0.606940923 0.521484801 -0.282305315
v -0.628016443 0.514036120 -0.272880157
v -0.648625707 0.505879642 -0.263018752
v -0.668688606 0.496965586 -0.252698596
v -0.688199928 0.487347916 -0.241960001
v -0.707130840 0.477047933 -0.230823520
v -0.725400212 0.466029296 -0.219276667
v -0.743064651 0.454402119 -0.207390086
v -0.759987969 0.442084359 -0.195127460
v -0.776213721 0.429164445 -0.182545867
v -0.791747260 0.415687336 -0.169677246
v -0.806417610 0.401567547 -0.156488832
v -0.820337858 0.386931681 -0.143053538
v -0.833488814 0.371801984 -0.129390978
v -0.845705240 0.356119330 -0.115486685
v -0.857094559 0.339986778 -0.101397349
v -0.867649959 0.323434224 -0.087146032
v -0.877253284 0.306442478 -0.072739296
v -0.885927515 0.289060765 -0.058209162
v -0.893717351 0.271341497 -0.043586201
v -0.900584683 0.253303013 -0.028890488
v -0.906404014 0.234942150 -0.014141601
v -0.911303813 0.216332815 0.000628765
v -0.915276612 0.197502961 0.015398841
v -0.918213838 0.178463190 0.030141920
v -0.920146301 0.159255408 0.044832698
v -0.921137985 0.139921742 0.059451498
v -0.921169320 0.120489970 0.073974568
v -0.920105655 0.100985039 0.088360156
v -0.918104098 0.081450544 0.102603762
v -0.915169223 0.061915512 0.116684937
v -0.911170306 0.042417413 0.130553459
v -0.906213066 0.022986939 0.144205314
v -0.900347080 0.003650844 0.157629578
v -0.893463340 -0.015542580 0.170771911
v -0.885637895 -0.034568661 0.183627538
v -0.876944031 -0.053409206 0.196195949
v -0.867249826 -0.071996271 0.208404450
v -0.856692414 -0.090329195 0.220276501
v -0.845279625 -0.108375886 0.231790022
v -0.832940124 -0.126071802 0.242885406
v -0.819832481 -0.143441967 0.253608643
v -0.805828354 -0.160388485 0.263865820
v -0.791085485 -0.176948325 0.273711520
v -0.775529234 -0.193038087 0.283071823
v -0.759264859 -0.208678730 0.291980462
v -0.742245218 -0.223791941 0.300372064
v -0.724583646 -0.238415391 0.308293981
v -0.706206628 -0.252438845 0.315652965
v -0.687242551 -0.265921324 0.322514593
v -0.667667644 -0.278789406 0.328821204
v -0.647523472 -0.291024583 0.334566651
v -0.626868848 -0.302636250 0.339768149
v -0.605719274 -0.313582090 0.344397643
v -0.584096068 -0.323816571 0.348425777
v -0.562061312 -0.333358789 0.351877441
v -0.539647917 -0.342186493 0.354742291
v -0.516891462 -0.350279605 0.357012048
v -0.493829690 -0.357620460 0.358680583
v -0.470501998 -0.364193975 0.359743945
v -0.446948949 -0.369987738 0.360200343
v -0.423211812 -0.374992040 0.360050083
v -0.399332143 -0.379199849 0.359295471
v -0.375351403 -0.382606737 0.357940694
v -0.351310628 -0.385210781 0.355991680
v -0.327251205 -0.386964331 0.353421181
v -0.303215952 -0.387911750 0.350269073
v -0.279246857 -0.388033297 0.346528475
v -0.255386661 -0.387321987 0.342201894
v -0.231677782 -0.385781028 0.337299157
v -0.208158848 -0.383423861 0.331836821
v -0.184877593 -0.380230984 0.325809065
v -0.161874310 -0.376215027 0.319232041
v -0.139188636 -0.371386619 0.312120262
v -0.116861968 -0.365751521 0.304484924
v -0.094934276 -0.359319347 0.296339666
v -0.073455638 -0.352083569 0.287688008
v -0.052455533 -0.344074580 0.278556588
v -0.031975222 -0.335301613 0.268958529
v -0.012058299 -0.325772582 0.258906169
v 0.007257207 -0.315504770 0.248417452
v 0.025936833 -0.304519439 0.237512356
v 0.043941042 -0.292832705 0.226207641
v 0.061233131 -0.280464861 0.214522270
v 0.077779318 -0.267439539 0.202476772
v 0.093543484 -0.253779095 0.190090675
v 0.108487587 -0.239505816 0.177383237
v 0.122586676 -0.224652322 0.164378732
v 0.135808728 -0.209246327 0.151098417
v 0.148115375 -0.193313490 0.137562296
v 0.159485868 -0.176890514 0.123795331
v 0.169893284 -0.160010918 0.109820457
v 0.179308473 -0.142708399 0.095660357
v 0.187710452 -0.125021079 0.081339304
v 0.195083060 -0.106989032 0.066881930
v 0.201403375 -0.088650699 0.052311913
v 0.206655539 -0.070047448 0.037653817
v 0.210829647 -0.051222333 0.022932514
v 0.213911638 -0.032217827 0.008172560
v 0.215896041 -0.013078204 -0.006601108
v 0.216779227 0.006152282 -0.021363716
v 0.216555400 0.025429295 -0.036090284
v 0.215231753 0.044708328 -0.050756332
v 0.212806533 0.063945126 -0.065336804
v 0.209289654 0.083096094 -0.079807376
v 0.204694258 0.102118845 -0.094144234
v 0.199025119 0.120970255 -0.108322251
v 0.192299851 0.139609525 -0.122317897
v 0.184537582 0.157997236 -0.136108041
v 0.175757761 0.176094981 -0.149669673
v 0.165977607 0.193864161 -0.162979023
v 0.155220008 0.211268397 -0.176013442
v 0.143520458 0.228277802 -0.188754473
v 0.130886377 0.244850666 -0.201174369
v 0.117361824 0.260962915 -0.213257852
v 0.102971420 0.276582298 -0.224983133
v 0.087743115 0.291678466 -0.236329396
v 0.071708375 0.306223633 -0.247277296
v 0.054902295 0.320193397 -0.257809576
v 0.037363584 0.333567733 -0.267911834
v 0.019110991 0.346309400 -0.277556957
v 0.000201755 0.358416778 -0.286743342
v -0.019350930 0.369845878 -0.295438538
v -0.039494287 0.380593715 -0.303639595
v -0.060192924 0.390640237 -0.311331069
v -0.081409763 0.399967277 -0.318498756
v -0.103105447 0.408560035 -0.325130796
v -0.125238743 0.416407729 -0.331218187
v -0.147769309 0.423499595 -0.336751887
v -0.170666597 0.429801327 -0.341705480
v -0.193873540 0.435339785 -0.346097460
v -0.217361229 0.440075036 -0.349897166
v -0.241077242 0.444034342 -0.353123456
v -0.264992120 0.447163661 -0.355735053
v -0.289053609 0.449501789 -0.357759410
v -0.313222215 0.451039678 -0.359188572
v -0.337457335 0.451765089 -0.360012160
v -0.361716220 0.451664918 -0.360219085
v -0.385955810 0.450759620 -0.359823342
v -0.410134570 0.449050711 -0.358824818
v -0.434211227 0.446542448 -0.357225461
v -0.458145225 0.443241869 -0.355029328
v -0.481889932 0.439133870 -0.352223747
v -0.505405300 0.434237025 -0.348821439
v -0.528654922 0.428573102 -0.344837631
v -0.551603369 0.422159569 -0.340284371
v -0.574211786 0.415003632 -0.335165943
v -0.596412916 0.407067115 -0.329451881
v -0.618206219 0.398434591 -0.323205470
v -0.639547438 0.389102631 -0.316422916
v -0.660366056 0.379043237 -0.309081317
v -0.680691774 0.368357986 -0.301257557
v -0.700403282 0.356961577 -0.292884457
v -0.719558866 0.344977302 -0.284055964
v -0.738039306 0.332336545 -0.274717477
v -0.755905312 0.319147680 -0.264951845
v -0.773016853 0.305339702 -0.254702147
v -0.789472947 0.291037263 -0.244064462
v -0.805104148 0.276163315 -0.232976587
v -0.820004521 0.260825047 -0.221521387
v -0.834097530 0.245015703 -0.209691823
v -0.847329504 0.228747122 -0.197495407
v -0.859772836 0.212094695 -0.184990602
v -0.871286186 0.195031580 -0.172153648
v -0.881916694 0.177617108 -0.159030313
v -0.891695662 0.159896992 -0.145655741
v -0.900479477 0.141859675 -0.132017611
v -0.908331254 0.123561865 -0.118160143
v -0.915282733 0.105044257 -0.104114731
v -0.921233134 0.086318131 -0.089887314
v -0.926175059 0.067418526 -0.075504056
v -0.930183447 0.048390426 -0.061000670
v -0.933236181 0.029261052 -0.046397073
v -0.935185313 0.010053662 -0.031707037
v -0.936184010 -0.009187697 -0.016967546
v -0.936230384 -0.028434123 -0.002200293
v -0.935230216 -0.047651267 0.012571254
v -0.933202014 -0.066804367 0.027320480
v -0.930226619 -0.085867126 0.042025571
v -0.926305488 -0.104810413 0.056664577
v -0.921282580 -0.123574968 0.071196850
v -0.915334275 -0.142155682 0.085614114
v -0.908470731 -0.160525125 0.099895484
v -0.900598401 -0.178624904 0.113999400
v -0.891774857 -0.196434154 0.127908728
v -0.882078904 -0.213944575 0.141615255
v -0.871453302 -0.231100525 0.155078588
v -0.859899982 -0.247863858 0.168270008
v -0.847531889 -0.264247777 0.181196622
v -0.834286306 -0.280184296 0.193808912
v -0.820194176 -0.295648739 0.206087575
v -0.805358054 -0.310662195 0.218045916
v -0.789671938 -0.325114432 0.229603774
v -0.773273196 -0.339055102 0.240795059
v -0.756151251 -0.352433139 0.251581704
v -0.738313036 -0.365207101 0.261932443
v -0.719847056 -0.377405995 0.271866905
v -0.700703146 -0.388930874 0.281312081
v -0.681002134 -0.399851981 0.290317772
v -0.660694983 -0.410058248 0.298801870
v -0.639884172 -0.419612522 0.306809085
v -0.618562549 -0.428444414 0.314286840
v -0.596781254 -0.436555225 0.321234938
v -0.574596969 -0.443969884 0.327670764
v -0.551996274 -0.450576465 0.333510806
v -0.529063984 -0.456451240 0.338810289
v -0.505831225 -0.461575026 0.343554172
v -0.482323626 -0.465899961 0.347706077
v -0.458586865 -0.469425231 0.351264419
v -0.434667334 -0.472165183 0.354238956
v -0.410603998 -0.474109243 0.356620965
v -0.386437411 -0.475249700 0.358403842
v -0.362209175 -0.475581753 0.359583149
v -0.337961436 -0.475103486 0.360156602
v -0.313736427 -0.473815790 0.360124022
v -0.289576049 -0.471722238 0.359487252
v -0.265521519 -0.468828926 0.358250036
v -0.241615301 -0.465134877 0.356410801
v -0.217905394 -0.460623768 0.353956379
v -0.194423615 -0.455340597 0.350919797
v -0.171217774 -0.449271387 0.347289622
v -0.148327451 -0.442429886 0.343075313
v -0.125795401 -0.434823875 0.338281772
v -0.103653907 -0.426479687 0.332927960
v -0.081956208 -0.417387173 0.327005067
v -0.060735554 -0.407572983 0.320532166
v -0.040028611 -0.397055809 0.313522239
v -0.019874236 -0.385851543 0.305986040
v -0.000308933 -0.373979529 0.297936854
v 0.018624345 -0.361453318 0.289383350
v 0.036890578 -0.348295875 0.280341267
v 0.054468231 -0.334541231 0.270834804
v 0.071298032 -0.320192738 0.260864010
v 0.087368185 -0.305292600 0.250459025
v 0.102640512 -0.289862246 0.239633472
v 0.117080486 -0.273927362 0.228403926
v 0.130657466 -0.257517024 0.216789246
v 0.143344549 -0.240662834 0.204809919
v 0.155118359 -0.223398240 0.192487535
v 0.165946290 -0.205753506 0.179840438
v 0.175808980 -0.187764994 0.166891577
v 0.184676310 -0.169466244 0.153660708
v 0.192534597 -0.150896589 0.140172159
v 0.199362109 -0.132093534 0.126447885
v 0.205141136 -0.113096500 0.112510857
v 0.209857591 -0.093946270 0.098384678
v 0.213500653 -0.074684573 0.084093308
v 0.216052723 -0.055353520 0.069659823
v 0.217512849 -0.035996903 0.055109391
v 0.217877025 -0.016658406 0.040466447
v 0.217137000 0.002617428 0.025755195
v 0.215300759 0.021786675 0.011000774
v 0.212366666 0.040804464 -0.003772209
v 0.208344132 0.059627076 -0.018538820
v 0.203243077 0.078211235 -0.033274301
v 0.197073214 0.096513503 -0.047953710
v 0.189852656 0.114493024 -0.062552547
v 0.181599165 0.132109419 -0.077046334
v 0.172327672 0.149321388 -0.091409993
v 0.162067426 0.166094008 -0.105620261
v 0.150840977 0.182390489 -0.119653021
v 0.138673546 0.198175775 -0.133484396
v 0.125593232 0.213416988 -0.147090976
v 0.111631218 0.228084005 -0.160450136
v 0.096821945 0.242150191 -0.173540492
v 0.081190504 0.255582601 -0.186337369
v 0.064780130 0.268363332 -0.198822747
v 0.047615211 0.280459463 -0.210971073
v 0.029740299 0.291856919 -0.222765713
v 0.011189882 0.302533545 -0.234185827
v -0.007998857 0.312470501 -0.245211984
v -0.027786135 0.321653061 -0.255826767
v -0.048134357 0.330064715 -0.266011619
v -0.069008598 0.337684371 -0.275745017
v -0.090359192 0.344515689 -0.285019639
v -0.112153535 0.350535062 -0.293812196
v -0.134349653 0.355734693 -0.302108451
v -0.156903355 0.360113528 -0.309898320
v -0.179774415 0.363663255 -0.317167275
v -0.202921233 0.366379312 -0.323903046
v -0.226301358 0.368261421 -0.330096131
v -0.249873177 0.369308672 -0.335736690
v -0.273597957 0.369498135 -0.340799759
v -0.297427817 0.368867353 -0.345301401
v -0.321324217 0.367390604 -0.349214611
v -0.345243704 0.365097679 -0.352550848
v -0.369144138 0.361957654 -0.355278533
v -0.392985086 0.358015012 -0.357420248
v -0.416726136 0.353270920 -0.358967669
v -0.440320932 0.347706179 -0.359896596
v -0.463731288 0.341351619 -0.360220361
v -0.486917829 0.334222463 -0.359940896
v -0.509840561 0.326330594 -0.359057616
v -0.532460352 0.317690490 -0.357571987
v -0.554739380 0.308319167 -0.355487589
v -0.576641604 0.298236052 -0.352810135
v -0.598116170 0.287437457 -0.349525506
v -0.619130202 0.275953022 -0.345647440
v -0.639659221 0.263818910 -0.341196234
v -0.659676205 0.251062615 -0.336185437
v -0.679119550 0.237674612 -0.330594385
v -0.697960151 0.223687206 -0.324439617
v -0.716207140 0.209160547 -0.317766170
v -0.733762141 0.194061813 -0.310528509
v -0.750649780 0.178463360 -0.302783895
v -0.766825886 0.162377541 -0.294531270
v -0.782244282 0.145822801 -0.285773496
v -0.796917287 0.128848527 -0.276548678
v -0.810773424 0.111460764 -0.266845165
v -0.823829076 0.093707895 -0.256701269
v -0.836048143 0.075614839 -0.246126782
v -0.847384156 0.057202896 -0.235126593
v -0.857909657 0.038533314 -0.223760800
v -0.867437240 0.019589660 -0.211975803
v -0.876122448 0.000449908 -0.199862230
v -0.883874581 -0.018871921 -0.187409911
v -0.890644058 -0.038347583 -0.174628058
v -0.896525418 -0.057929432 -0.161571953
v -0.901413244 -0.077594488 -0.148234590
v -0.905304032 -0.097306763 -0.134641033
v -0.908276125 -0.117030711 -0.120834276
v -0.910256784 -0.136733839 -0.106821446
v -0.911197146 -0.156378285 -0.092618851
v -0.911204399 -0.175937763 -0.078269277
v -0.910275986 -0.195382825 -0.063793316
v -0.908243909 -0.214653059 -0.049196930
v -0.905280878 -0.233741963 -0.034523302
v -0.901390685 -0.252620764 -0.019793959
v -0.896497787 -0.271237193 -0.005029630
v -0.890608270 -0.289556025 0.009743009
v -0.883815414 -0.307572204 0.024499519
v -0.876129680 -0.325258738 0.039218166
v -0.867413951 -0.342523585 0.053863362
v -0.857826022 -0.359395139 0.068420333
v -0.847389742 -0.375852110 0.082868458
v -0.836046391 -0.391827489 0.097172671
v -0.823816564 -0.407291790 0.111307190
v -0.810797494 -0.422264663 0.125264466
v -0.796975172 -0.436700043 0.139014524
v -0.782300015 -0.450519284 0.152511910
v -0.766907876 -0.463780214 0.165767910
v -0.750791810 -0.476437289 0.178751364
v -0.733907987 -0.488404202 0.191410047
v -0.716390662 -0.499757540 0.203769090
v -0.698207231 -0.510417223 0.215778257
v -0.679386419 -0.520360625 0.227414928
v -0.660024333 -0.529648102 0.238701078
v -0.640042209 -0.538119729 0.249539444
v -0.619583915 -0.545909154 0.259994003
v -0.598613857 -0.552898986 0.269988449
v -0.577208957 -0.559144734 0.279545565
v -0.555379339 -0.564586137 0.288619910
v -0.533182660 -0.569257074 0.297223038
v -0.510635086 -0.573096312 0.305307497
v -0.487804227 -0.576176138 0.312910191
v -0.464690922 -0.578374651 0.319943595
v -0.441369905 -0.579801061 0.326469520
v -0.417864170 -0.580397548 0.332441501
v -0.394214120 -0.580146167 0.337837828
v -0.370467248 -0.579095268 0.342682730
v -0.346660308 -0.577235484 0.346961464
v -0.322833647 -0.574523811 0.350634421
v -0.299030946 -0.570996124 0.353717765
v -0.275292369 -0.566664279 0.356211241
v -0.251658700 -0.561530797 0.358107779
v -0.228171105 -0.555601297 0.359402458
v -0.204870639 -0.548884353 0.360092505
v -0.181797806 -0.541391313 0.360177259
v -0.158992183 -0.533136071 0.359658092
v -0.136492101 -0.524134831 0.358538301
v -0.114344440 -0.514386985 0.356807289
v -0.092588340 -0.503911384 0.354470074
v -0.071249242 -0.492747211 0.351549198
v -0.050380067 -0.480889142 0.348029355
v -0.030009175 -0.468369730 0.343927676
v -0.010180476 -0.455201418 0.339243489
v 0.009084279 -0.441421200 0.333998488
v 0.027728318 -0.427030200 0.328181015
v 0.045729313 -0.412065614 0.321812686
v 0.063055358 -0.396553713 0.314905139
v 0.079672586 -0.380519606 0.307468673
v 0.095550293 -0.363991239 0.299516202
v 0.110659000 -0.346997575 0.291061522
v 0.124953574 -0.329560150 0.282109501
v 0.138429722 -0.311722285 0.272689456
v 0.151042127 -0.293507075 0.262806937
v 0.162780504 -0.274953588 0.252486498
v 0.173608219 -0.256090911 0.241739382
v 0.183503597 -0.236954778 0.230584624
v 0.192450444 -0.217582414 0.219043247
v 0.200422497 -0.198009190 0.207132240
v 0.207402612 -0.178273349 0.194872303
v 0.213383655 -0.158414562 0.182287093
v 0.218334589 -0.138470751 0.169392772
v 0.222257097 -0.118483329 0.156215325
v 0.225134602 -0.098492913 0.142775182
v 0.226953776 -0.078541678 0.129093990
v 0.227712973 -0.058672044 0.115195915
v 0.227403617 -0.038927633 0.101103545
v 0.226027803 -0.019351555 0.086841312
v 0.223588864 0.000013110 0.072433439
v 0.220087841 0.019122200 0.057903733
v 0.215527300 0.037930888 0.043276325
v 0.209924555 0.056398394 0.028576445
v 0.203282069 0.074478635 0.013828262
v 0.195623254 0.092132957 -0.000943067
v 0.186959890 0.109318023 -0.015712828
v 0.177315126 0.125995474 -0.030456154
v 0.166711029 0.142126831 -0.045148274
v 0.155172725 0.157675478 -0.059764460
v 0.142726245 0.172605693 -0.074279955
v 0.129406045 0.186888401 -0.088671080
v 0.115236179 0.200487216 -0.102912475
v 0.100253083 0.213376007 -0.116980665
v 0.084492295 0.225529304 -0.130852271
v 0.067989257 0.236922635 -0.144503974
v 0.050781624 0.247534948 -0.157913228
v 0.032902284 0.257340222 -0.171055489
v 0.014394483 0.266325870 -0.183910367
v -0.004702431 0.274476490 -0.196456508
v -0.024348551 0.281778590 -0.208673029
v -0.044508010 0.288212536 -0.220536218
v -0.065135232 0.293776344 -0.232029363
v -0.086189768 0.298461204 -0.243132954
v -0.107629731 0.302262853 -0.253829423
v -0.129419007 0.305162327 -0.264093866
v -0.151509528 0.307173339 -0.273916999
v -0.173862170 0.308287939 -0.283279120
v -0.196433559 0.308513585 -0.292168337
v -0.219185888 0.307832870 -0.300559125
v -0.242073863 0.306266448 -0.308446765
v -0.265056672 0.303816282 -0.315816419
v -0.288093081 0.300488248 -0.322655425
v -0.311142052 0.296292511 -0.328953797
v -0.334163035 0.291237672 -0.334700684
v -0.357112974 0.285314579 -0.339872996
v -0.379954831 0.278568456 -0.344484204
v -0.402645705 0.270989230 -0.348510605
v -0.425149139 0.262608006 -0.351956958
v -0.447419873 0.253417988 -0.354800606
v -0.469428867 0.243466775 -0.357059640
v -0.491133675 0.232757585 -0.358718812
v -0.512487831 0.221292325 -0.359760406
v -0.533464918 0.209115022 -0.360201317
v -0.554028035 0.196244819 -0.360038548
v -0.574141304 0.182703283 -0.359271039
v -0.593770259 0.168514305 -0.357899775
v -0.612882266 0.153703942 -0.355927852
v -0.631446945 0.138300192 -0.353360512
v -0.649436593 0.122332697 -0.350205126
v -0.666793516 0.105806246 -0.346441268
v -0.683505281 0.088767427 -0.342093190
v -0.699559767 0.071256907 -0.337181559
v -0.714941137 0.053308610 -0.331721300
v -0.729545226 0.034909047 -0.325661676
v -0.743429489 0.016138187 -0.319076350
v -0.756559681 -0.002981658 -0.311965504
v -0.768851898 -0.022440956 -0.304301153
v -0.780395516 -0.042166303 -0.296165791
v -0.791024330 -0.062170867 -0.287483805
v -0.800882099 -0.082374169 -0.278364196
v -0.809791576 -0.102779726 -0.268732993
v -0.817908483 -0.123319963 -0.258695912
v -0.825029906 -0.143987155 -0.248175712
v -0.831319498 -0.164725955 -0.237273610
v -0.836648124 -0.185509707 -0.225954208
v -0.841056508 -0.206300665 -0.214257862
v -0.844586842 -0.227066003 -0.202222420
v -0.847075773 -0.247760578 -0.189810353
v -0.848686318 -0.268361595 -0.177102066
v -0.849362876 -0.288830423 -0.164099524
v -0.849022670 -0.309116906 -0.150801002
v -0.847793300 -0.329210484 -0.137264835
v -0.845637543 -0.349070726 -0.123501582
v -0.842459938 -0.368634177 -0.109512825
v -0.838398473 -0.387906569 -0.095350793
v -0.833457536 -0.406858778 -0.081035729
v -0.827497621 -0.425398641 -0.066569598
v -0.820660784 -0.443547157 -0.051996602
v -0.812970800 -0.461282609 -0.037340144
v -0.804373989 -0.478541578 -0.022618716
v -0.794865230 -0.495280679 -0.007857765
v -0.784544980 -0.511520558 0.006915122
v -0.773428740 -0.527236786 0.021678169
v -0.761412213 -0.542315028 0.036401080
v -0.748623609 -0.556804798 0.051063347
v -0.735099288 -0.570696609 0.065644225
v -0.720810608 -0.583924377 0.080113395
v -0.705755728 -0.596438367 0.094440055
v -0.690037976 -0.608291126 0.108615702
v -0.673674467 -0.619457906 0.122617713
v -0.656592300 -0.629803975 0.136390157
v -0.638930962 -0.639438102 0.149945557
v -0.620717743 -0.648348158 0.163265184
v -0.601883055 -0.656376756 0.176277418
v -0.582558594 -0.663652211 0.189010338
v -0.562764305 -0.670148844 0.201439609
v -0.542469838 -0.675740212 0.213497377
v -0.521787200 -0.680560455 0.225223387
v -0.500706109 -0.684509291 0.236558267
v -0.479273235 -0.687602501 0.247493180
v -0.457541754 -0.689879332 0.258031533
v -0.435513834 -0.691232202 0.268104332
v -0.413268585 -0.691797423 0.277766007
v -0.390803366 -0.691412126 0.286914515
v -0.368191912 -0.690241251 0.295624594
v -0.345447279 -0.688135388 0.303796423
v -0.322625290 -0.685221073 0.311487656
v -0.299756747 -0.681427096 0.318640855
v -0.276884540 -0.676780124 0.325255684
v -0.254044133 -0.671328781 0.331348696
v -0.231281610 -0.664993508 0.336851070
v -0.208632205 -0.657848855 0.341795880
v -0.186131760 -0.649910093 0.346178452
v -0.163819115 -0.641180711 0.349985463
v -0.141746265 -0.631633607 0.353178976
v -0.119941145 -0.621324493 0.355783113
v -0.098441354 -0.610268754 0.357792609
v -0.077285055 -0.598481898 0.359202063
v -0.056509638 -0.585982315 0.360008220
v -0.036151331 -0.572790990 0.360209932
v -0.016244879 -0.558931193 0.359808102
v 0.003176717 -0.544428164 0.358805578
v 0.022059529 -0.529284037 0.357182229
v 0.040388076 -0.513546799 0.354962296
v 0.058138243 -0.497249790 0.352157288
v 0.075253104 -0.480397976 0.348747657
v 0.091722806 -0.463037926 0.344758950
v 0.107501437 -0.445187686 0.340184252
v 0.122581269 -0.426891331 0.335048327
v 0.136904665 -0.408162673 0.329336823
v 0.150462645 -0.389045140 0.323073500
v 0.163229869 -0.369571614 0.316268850
v 0.175179610 -0.349774929 0.308932699
v 0.186288952 -0.329689943 0.301077579
v 0.196538716 -0.309352817 0.292718228
v 0.205894477 -0.288796609 0.283861153
v 0.214349066 -0.268061454 0.274528116
v 0.221884828 -0.247184843 0.264734807
v 0.228483946 -0.226204553 0.254496811
v 0.234122514 -0.205159201 0.243827480
v 0.238797967 -0.184089087 0.232749608
v 0.242496315 -0.163034035 0.221280716
v 0.245208333 -0.142034497 0.209440287
v 0.246922161 -0.121131917 0.197246905
v 0.247629060 -0.100368510 0.184720427
v 0.247335819 -0.079784376 0.171885410
v 0.246027989 -0.059424129 0.158759748
v 0.243710491 -0.039329496 0.145367103
v 0.240387049 -0.019542648 0.131730356
v 0.236060784 -0.000106685 0.117872077
v 0.230738872 0.018935865 0.103815617
v 0.224431977 0.037543256 0.089584787
v 0.217146307 0.055670628 0.075202646
v 0.208900916 0.073278647 0.060694133
v 0.199716355 0.090328938 0.046083912
v 0.189602851 0.106775837 0.031395696
v 0.178593864 0.122588493 0.016654997
v 0.166704342 0.137722774 0.001886126
v 0.153969562 0.152149770 -0.012885871
v 0.140413863 0.165831803 -0.027636164
v 0.126071970 0.178740394 -0.042340020
v 0.110975382 0.190844413 -0.056972572
v 0.095162515 0.202120705 -0.071509619
v 0.078664513 0.212537925 -0.085925754
v 0.061525214 0.222081458 -0.100197777
v 0.043782212 0.230730089 -0.114301495
v 0.025474532 0.238465283 -0.128212883
v 0.006642596 0.245271630 -0.141908274
v -0.012671859 0.251137408 -0.155364640
v -0.032425959 0.256055246 -0.168559985
v -0.052576462 0.260021640 -0.181473478
v -0.073086969 0.263015840 -0.194078504
v -0.093909224 0.265051637 -0.206359344
v -0.115003030 0.266123492 -0.218294109
v -0.136328076 0.266225293 -0.229860142
v -0.157841116 0.265365493 -0.241040183
v -0.179501562 0.263541150 -0.251812249
v -0.201266864 0.260765170 -0.262160961
v -0.223095937 0.257053713 -0.272073041
v -0.244948978 0.252395667 -0.281521926
v -0.266785706 0.246826612 -0.290504048
v -0.288565433 0.240335024 -0.298991743
v -0.310249061 0.232946161 -0.306976523
v -0.331798122 0.224677721 -0.314446299
v -0.353174319 0.215545558 -0.321388031
v -0.374340552 0.205569575 -0.327791266
v -0.395259341 0.194767042 -0.333643940
v -0.415887971 0.183143681 -0.338925242
v -0.436200955 0.170749279 -0.343645897
v -0.456156198 0.157589199 -0.347785158
v -0.475722610 0.143695633 -0.351341767
v -0.494860602 0.129083794 -0.354301230
v -0.513551777 0.113802316 -0.356677523
v -0.531746920 0.097853969 -0.358444549
v -0.549417612 0.081272938 -0.359603465
v -0.566542106 0.064098726 -0.360161806
v -0.583089424 0.046359147 -0.360116122
v -0.599030126 0.028084135 -0.359464887
v -0.614336668 0.009305560 -0.358208601
v -0.628983757 -0.009943014 -0.356349872
v -0.642948711 -0.029626641 -0.353893464
v -0.656211795 -0.049709380 -0.350846290
v -0.668756524 -0.070154741 -0.347217362
v -0.680512572 -0.090947726 -0.342974938
v -0.691507533 -0.112029926 -0.338163585
v -0.701735977 -0.133363049 -0.332799413
v -0.711153770 -0.154920033 -0.326871349
v -0.719722276 -0.176665968 -0.320375323
v -0.727501625 -0.198550163 -0.313370227
v -0.734386523 -0.220549231 -0.305809093
v -0.740438599 -0.242615297 -0.297750261
v -0.745615145 -0.264714901 -0.289186711
v -0.749910083 -0.286808000 -0.280135147
v -0.753326085 -0.308858384 -0.270615237
v -0.755852372 -0.330826757 -0.260640709
v -0.757470254 -0.352674326 -0.250220643
v -0.758233830 -0.374372666 -0.239399480
v -0.758031386 -0.395862365 -0.228144837
v -0.757006197 -0.417140241 -0.216538179
v -0.755024242 -0.438132159 -0.204542112
v -0.752170528 -0.458826765 -0.192209749
v -0.748491316 -0.479207171 -0.179575388
v -0.743825116 -0.499168175 -0.166601990
v -0.738344432 -0.518746188 -0.153367409
v -0.732050269 -0.537909192 -0.139888347
v -0.724804008 -0.556541401 -0.126145872
v -0.716768413 -0.574694970 -0.112204480
v -0.707953624 -0.592342080 -0.098083863
v -0.698259132 -0.609372263 -0.083783681
v -0.687786124 -0.625814540 -0.069345753
v -0.676578383 -0.641664137 -0.054796926
v -0.664605692 -0.656854259 -0.040154051
v -0.651854771 -0.671325232 -0.025439839
v -0.638427098 -0.685127092 -0.010685674
v -0.624342642 -0.698238879 0.004086716
v -0.609531664 -0.710532751 0.018851716
v -0.594093906 -0.722069864 0.033584525
v -0.578073009 -0.732856007 0.048263707
v -0.561464424 -0.742832798 0.062862326
v -0.544259236 -0.751925115 0.077347437
v -0.526554505 -0.760219052 0.091708330
v -0.508377317 -0.767703458 0.105924261
v -0.489683512 -0.774225598 0.119942784
v -0.470574265 -0.779902556 0.133766545
v -0.451086095 -0.784741975 0.147379029
v -0.431201527 -0.788614461 0.160724694
v -0.410988627 -0.791594793 0.173803319
v -0.390495264 -0.793725107 0.186609474
v -0.369713791 -0.794858651 0.199073398
v -0.348713218 -0.795110530 0.211214700
v -0.327527736 -0.794485514 0.223016744
v -0.306171900 -0.792862311 0.234410259
v -0.284706898 -0.790402987 0.245442915
v -0.263153875 -0.786973561 0.256035390
v -0.241556930 -0.782676183 0.266214665
v -0.219951661 -0.777467248 0.275938967
v -0.198374193 -0.771373644 0.285201780
v -0.176863307 -0.764398681 0.293983234
v -0.155453112 -0.756565598 0.302276113
v -0.134187005 -0.747856336 0.310047231
v -0.113085996 -0.738354308 0.317327000
v -0.092215317 -0.727960973 0.324029563
v -0.071582015 -0.716803198 0.330215011
v -0.051229549 -0.704863220 0.335850315
v -0.031212817 -0.692118899 0.340893921
v -0.011542646 -0.678648350 0.345379264
v 0.007744771 -0.664464169 0.349292691
v 0.026613071 -0.649582800 0.352622408
v 0.045008371 -0.634000635 0.355336823
v 0.062918617 -0.617775602 0.357458550
v 0.080311320 -0.600932450 0.358982160
v 0.097155052 -0.583498090 0.359903914
v 0.113420109 -0.565501714 0.360222186
v 0.129078755 -0.546974423 0.359937403
v 0.144096298 -0.527942396 0.359043675
v 0.158437435 -0.508433607 0.357535681
v 0.172095182 -0.488494541 0.355433083
v 0.185051296 -0.468161312 0.352744081
v 0.197246452 -0.447450876 0.349444513
v 0.208694854 -0.426416447 0.345569104
v 0.219348155 -0.405083483 0.341104007
v 0.229214996 -0.383498430 0.336077405
v 0.238240082 -0.361688457 0.330472407
v 0.246428642 -0.339698592 0.324314508
v 0.253763568 -0.317566836 0.317613260
v 0.260226989 -0.295331758 0.310377999
v 0.265805287 -0.273032998 0.302620859
v 0.270488847 -0.250710565 0.294356263
v 0.274263408 -0.228404787 0.285596082
v 0.277111278 -0.206157346 0.276350791
v 0.279047515 -0.184007149 0.266647478
v 0.280039405 -0.161998835 0.256489326
v 0.280100000 -0.140171517 0.245901953
v 0.279223950 -0.118566972 0.234901789
v 0.277407655 -0.097227574 0.223506201
v 0.274652378 -0.076195085 0.211734591
v 0.270963548 -0.055510225 0.199607791
v 0.266340369 -0.035216942 0.187144241
v 0.260791700 -0.015356053 0.174365797
v 0.254326106 0.004030840 0.161293995
v 0.246957443 0.022904495 0.147951710
v 0.238695247 0.041222342 0.134360344
v 0.229553617 0.058943305 0.120542545
v 0.219550466 0.076027950 0.106521756
v 0.208706912 0.092438547 0.092321886
v 0.197046780 0.108139068 0.077967085
v 0.184593974 0.123092890 0.063481282
v 0.171370288 0.137259827 0.048888166
v 0.157413804 0.150616263 0.034213359
v 0.142745289 0.163118534 0.019480551
v 0.127408238 0.174749790 0.004715226
v 0.111429870 0.185472098 -0.010058084
v 0.094853214 0.195269404 -0.024814513
v 0.077712680 0.204113000 -0.039529100
v 0.060051165 0.211988571 -0.054177378
v 0.041906505 0.218873065 -0.068734208
v 0.023324300 0.224760618 -0.083176022
v 0.004343056 0.229630289 -0.097477356
v -0.014992491 0.233477459 -0.111614646
v -0.034638853 0.236297217 -0.125564371
v -0.054553174 0.238085068 -0.139302959
v -0.074692309 0.238840360 -0.152807468
v -0.095013155 0.238566875 -0.166055964
v -0.115474894 0.237254376 -0.179022385
v -0.136033117 0.234927860 -0.191690374
v -0.156647624 0.231577692 -0.204033400
v -0.177276738 0.227226487 -0.216034873
v -0.197880337 0.221881210 -0.227673207
v -0.218418474 0.215552772 -0.238927902
v -0.238851903 0.208256519 -0.249780061
v -0.259142789 0.200012715 -0.260213047
v -0.279254617 0.190842646 -0.270211113
v -0.299145997 0.180747532 -0.279748194
v -0.318786848 0.169771702 -0.288820137
v -0.338139334 0.157927107 -0.297406434
v -0.357165643 0.145229484 -0.305487716
v -0.375836419 0.131715136 -0.313057027
v -0.394118668 0.117408816 -0.320100965
v -0.411981499 0.102338859 -0.326608624
v -0.429392096 0.086530027 -0.332566533
v -0.446313098 0.070002424 -0.337956553
v -0.462730399 0.052807474 -0.342786511
v -0.478607319 0.034964282 -0.347038285
v -0.493917133 0.016506566 -0.350705259
v -0.508633088 -0.002533155 -0.353780371
v -0.522746533 -0.022106843 -0.356273840
v -0.536199638 -0.042207434 -0.358149268
v -0.548993275 -0.062779608 -0.359425658
v -0.561107337 -0.083786864 -0.360101683
v -0.572518774 -0.105194481 -0.360173452
v -0.583206512 -0.126966027 -0.359638967
v -0.593151749 -0.149063616 -0.358498247
v -0.602338245 -0.171448224 -0.356753409
v -0.610752589 -0.194080066 -0.354408731
v -0.618384437 -0.216919043 -0.351470659
v -0.625226704 -0.239925240 -0.347947771
v -0.631262225 -0.263060920 -0.343841176
v -0.636442795 -0.286288312 -0.339131213
v -0.640814644 -0.309561348 -0.333864265
v -0.644383306 -0.332843476 -0.328056281
v -0.647061019 -0.356091967 -0.321662803
v -0.648917595 -0.379268653 -0.314743397
v -0.649949038 -0.402337586 -0.307307461
v -0.650085825 -0.425245750 -0.299326239
v -0.649443850 -0.447979345 -0.290882015
v -0.647871081 -0.470459671 -0.281899423
v -0.645543009 -0.492699416 -0.272491777
v -0.642288253 -0.514599992 -0.262577467
v -0.638276567 -0.536187198 -0.252261563
v -0.633383133 -0.557366709 -0.241492243
v -0.627705664 -0.578145051 -0.230332808
v -0.621230064 -0.598475137 -0.218789726
v -0.613919664 -0.618293004 -0.206860035
v -0.605886022 -0.637628695 -0.194608395
v -0.597032084 -0.656371910 -0.182007039
v -0.587435945 -0.674535597 -0.169103977
v -0.577151301 -0.692122532 -0.155934301
v -0.566083962 -0.709003386 -0.142478628
v -0.554336530 -0.725224181 -0.128790224
v -0.541949082 -0.740781724 -0.114897077
v -0.528862895 -0.755562520 -0.100798255
v -0.515138588 -0.769581543 -0.086529381
v -0.500835360 -0.782861273 -0.072122585
v -0.485945906 -0.795340132 -0.057593853
v -0.470454480 -0.806933688 -0.042961269
v -0.454456334 -0.817724274 -0.028260864
v -0.437975176 -0.827695191 -0.013514234
v -0.420975995 -0.836713989 0.001257182
v -0.403532543 -0.844844645 0.016025556
v -0.385690267 -0.852110438 0.030768262
v -0.367462361 -0.858465056 0.045460716
v -0.348847083 -0.863808270 0.060070067
v -0.329924018 -0.868256742 0.074582457
v -0.310721791 -0.871804884 0.088976764
v -0.291237264 -0.874316277 0.103208796
v -0.271530660 -0.875881770 0.117268947
v -0.251641601 -0.876538218 0.131143120
v -0.231587097 -0.876192324 0.144788238
v -0.211405584 -0.874857805 0.158183158
v -0.191139958 -0.872621880 0.171328686
v -0.170817132 -0.869393025 0.184175714
v -0.150474207 -0.865191499 0.196706230
v -0.130144601 -0.860112243 0.208930033
v -0.109869013 -0.854018314 0.220773376
v -0.089675443 -0.847032759 0.232259243
v -0.069598428 -0.839152219 0.243363349
v -0.049684005 -0.830317535 0.254034787
v -0.029940704 -0.820673910 0.264317118
v -0.010444284 -0.810062472 0.274105710
v 0.008823045 -0.798687687 0.283481876
v 0.027772213 -0.786395511 0.292333732
v 0.046430434 -0.773368402 0.300741444
v 0.064701745 -0.759476352 0.308596701
v 0.082610898 -0.744866526 0.315966053
v 0.100093644 -0.729494402 0.322791453
v 0.117123344 -0.713398305 0.329068149
v 0.133695578 -0.696639475 0.334814030
v 0.149744382 -0.679194620 0.339977155
v 0.165254131 -0.661113917 0.344564195
v 0.180212931 -0.642443743 0.348583024
v 0.194590014 -0.623208543 0.352021470
v 0.208355816 -0.603436217 0.354869354
v 0.221468292 -0.583147739 0.357105827
v 0.233920541 -0.562391876 0.358742949
v 0.245692468 -0.541204987 0.359779766
v 0.256762693 -0.519622539 0.360214171
v 0.267111431 -0.497681087 0.360045497
v 0.276699142 -0.475409991 0.359257469
v 0.285527879 -0.452856755 0.357867711
v 0.293586560 -0.430061224 0.355882477
v 0.300866588 -0.407063017 0.353309600
v 0.307308471 -0.383892684 0.350119917
v 0.312953421 -0.360600726 0.346358113
v 0.317751048 -0.337222532 0.342002703
v 0.321727207 -0.313801423 0.337085649
v 0.324832446 -0.290377664 0.331587685
v 0.327085571 -0.266993463 0.325535614
v 0.328479047 -0.243689917 0.318938259
v 0.329005028 -0.220508976 0.311804452
v 0.328660132 -0.197492616 0.304145913
v 0.327445012 -0.174682192 0.295976737
v 0.325363918 -0.152117959 0.287312916
v 0.322397314 -0.129848890 0.278157339
v 0.318575849 -0.107906979 0.268540508
v 0.313883026 -0.086342211 0.258467258
v 0.308340884 -0.065188802 0.247962660
v 0.301951069 -0.044490422 0.237041029
v 0.294720760 -0.024289325 0.225719566
v 0.286661766 -0.004625894 0.214017586
v 0.277789735 0.014461597 0.201955895
v 0.268123467 0.032937097 0.189556287
v 0.257670593 0.050754400 0.176835772
v 0.246461196 0.067885577 0.163820183
v 0.234503067 0.084281156 0.150526480
v 0.221828116 0.099913758 0.136980447
v 0.208459681 0.114747088 0.123204264
v 0.194424359 0.128747216 0.109220972
v 0.179751580 0.141882703 0.095054192
v 0.164469033 0.154117980 0.080726910
v 0.148612034 0.165427406 0.066263908
v 0.132218147 0.175789351 0.051690002
v 0.115317083 0.185165980 0.037028462
v 0.097954687 0.193550390 0.022305128
v 0.080163735 0.200906900 0.007543987
v 0.061991112 0.207232967 -0.007229732
v 0.043474328 0.212501141 -0.021991232
v 0.024659631 0.216710315 -0.036715887
v 0.005588137 0.219842512 -0.051378554
v -0.013694185 0.221901369 -0.065955274
v -0.033145423 0.222870843 -0.080420317
v -0.052719838 0.222761922 -0.094750555
v -0.072374249 0.221574372 -0.108921741
v -0.092065520 0.219310859 -0.122909735
v -0.111750787 0.215977299 -0.136690664
v -0.131387770 0.211583264 -0.150241162
v -0.150935199 0.206142454 -0.163538719
v -0.170353410 0.199673214 -0.176562150
v -0.189602593 0.192187005 -0.189288370
v -0.208644852 0.183704184 -0.201696672
v -0.227441382 0.174238445 -0.213764049
v -0.245957903 0.163818688 -0.225472803
v -0.264158753 0.152465424 -0.236802392
v -0.282010046 0.140203192 -0.247733819
v -0.299480463 0.127060846 -0.258250266
v -0.316534127 0.113056739 -0.268329647
v -0.333143277 0.098225698 -0.277958065
v -0.349278301 0.082596634 -0.287119103
v -0.364915730 0.066207079 -0.295801916
v -0.380016275 0.049071554 -0.303980466
v -0.394562047 0.031234712 -0.311648717
v -0.408528875 0.012730658 -0.318794327
v -0.421893940 -0.006405663 -0.325405957
v -0.434630271 -0.026143349 -0.331468541
v -0.446710674 -0.046450103 -0.336966985
v -0.458131529 -0.067275366 -0.341906082
v -0.468865257 -0.088589160 -0.346270004
v -0.478889277 -0.110355523 -0.350047425
v -0.488194561 -0.132531161 -0.353237998
v -0.496776749 -0.155071924 -0.355844909
v -0.504583349 -0.177955126 -0.357832882
v -0.511637280 -0.201124423 -0.359226872
v -0.517922845 -0.224541859 -0.360020813
v -0.523426418 -0.248168018 -0.360210372
v -0.528136681 -0.271962274 -0.359793090
v -0.532044853 -0.295883102 -0.358768499
v -0.535144885 -0.319888445 -0.357138226
v -0.537433637 -0.343936135 -0.354906057
v -0.538911004 -0.367984377 -0.352077962
v -0.539579984 -0.391992269 -0.348662069
v -0.539446677 -0.415920371 -0.344668586
v -0.538483987 -0.439723819 -0.340084138
v -0.536692414 -0.463358264 -0.334915556
v -0.534118708 -0.486793627 -0.329201570
v -0.530749427 -0.509987611 -0.322938496
v -0.526545204 -0.532881931 -0.316105955
v -0.521601073 -0.555472000 -0.308774448
v -0.515832543 -0.577678861 -0.300893503
v -0.509325435 -0.599499465 -0.292526644
v -0.502044444 -0.620873186 -0.283656870
v -0.494032088 -0.641779634 -0.274318458
v -0.485274636 -0.662165905 -0.264509142
v -0.475828209 -0.682026347 -0.254271040
v -0.465644675 -0.701275788 -0.243581388
v -0.454841003 -0.719968371 -0.232518207
v -0.443300518 -0.737943811 -0.221019479
v -0.431165477 -0.755292745 -0.209176421
v -0.418408163 -0.771935983 -0.196980434
v -0.405024511 -0.787812397 -0.184437648
v -0.391105115 -0.802981467 -0.171605905
v -0.376610059 -0.817330697 -0.158472612
v -0.361580516 -0.830856323 -0.145068669
v -0.346080663 -0.843599290 -0.131435242
v -0.330090972 -0.855459286 -0.117572955
v -0.313640590 -0.866414547 -0.103506551
v -0.296795430 -0.876524514 -0.089275718
v -0.279567762 -0.885741692 -0.074896621
v -0.261948693 -0.893948816 -0.060380272
v -0.244018601 -0.901262347 -0.045768493
v -0.225804072 -0.907670503 -0.031082655
v -0.207303146 -0.913045184 -0.016340517
v -0.188567806 -0.917444765 -0.001571666
v -0.169639563 -0.920911218 0.013199572
v -0.150543160 -0.923412788 0.027950186
v -0.131296034 -0.924828396 0.042649165
v -0.111950959 -0.925299555 0.057278800
v -0.092536998 -0.924826384 0.071817675
v -0.073082081 -0.923294334 0.086228022
v -0.053623353 -0.920765658 0.100491784
v -0.034191768 -0.917303294 0.114595571
v -0.014821894 -0.912851972 0.128505615
v 0.004446688 -0.907368754 0.142186302
v 0.023593907 -0.900978942 0.155641626
v 0.042582466 -0.893646114 0.168838643
v 0.061362859 -0.885303614 0.181730883
v 0.079931856 -0.876097318 0.194337847
v 0.098238584 -0.865964152 0.206612609
v 0.116245646 -0.854906297 0.218527959
v 0.133957817 -0.843041779 0.230105134
v 0.151284592 -0.830239003 0.241257764
v 0.168253597 -0.816654946 0.252029766
v 0.184803104 -0.802243048 0.262368736
v 0.200913481 -0.787044129 0.272266380
v 0.216563853 -0.771097124 0.281713218
v 0.231709759 -0.754400238 0.290676305
v 0.246342916 -0.737010233 0.299158120
v 0.260429720 -0.718942654 0.307136329
v 0.273934724 -0.700219057 0.314588166
v 0.286880261 -0.680916187 0.321541641
v 0.299156334 -0.660983781 0.327908418
v 0.310822568 -0.640532043 0.333748966
v 0.321850640 -0.619582794 0.339045830
v 0.332153500 -0.598125251 0.343733538
v 0.341775094 -0.576240991 0.347856746
v 0.350691988 -0.553960755 0.351402973
v 0.358882653 -0.531318381 0.354361620
v 0.366327846 -0.508350330 0.356724173
v 0.373010836 -0.485095167 0.358484293
v 0.378915115 -0.461592404 0.359635957
v 0.384036669 -0.437885193 0.360182863
v 0.388359599 -0.414013487 0.360119522
v 0.391880476 -0.390019990 0.359450002
v 0.394596059 -0.365946592 0.358178389
v 0.396505620 -0.341834674 0.356310527
v 0.397605247 -0.317725118 0.353849852
v 0.397854863 -0.293662454 0.350773864
v 0.397305706 -0.269684890 0.347125956
v 0.395912486 -0.245840350 0.342880296
v 0.393717357 -0.222163222 0.338072993
v 0.390680208 -0.198705574 0.332682579
v 0.386831522 -0.175503023 0.326736723
v 0.382174159 -0.152597296 0.320243740
v 0.376710853 -0.130031145 0.313211940
v 0.370448758 -0.107846267 0.305652617
v 0.363398853 -0.086082759 0.297579519
v 0.355575389 -0.064778750 0.289008375
v 0.346981273 -0.043980255 0.279947620
v 0.337636008 -0.023723141 0.270416162
v 0.327555536 -0.004045779 0.260430466
v 0.316760232 0.015017303 0.250009462
v 0.305257416 0.033418514 0.239164096
v 0.293074533 0.051127890 0.227917227
v 0.280233608 0.068110582 0.216288107
v 0.266752468 0.084325422 0.204293359
v 0.252659119 0.099742182 0.191955138
v 0.237984497 0.114335114 0.179296742
v 0.222745277 0.128055572 0.166333377
v 0.206980378 0.140887485 0.153091910
v 0.190718447 0.152798093 0.139593198
v 0.173991316 0.163757834 0.125859404
v 0.156833538 0.173740598 0.111913656
v 0.139281768 0.182723477 0.097779675
v 0.121374289 0.190686501 0.083481503
v 0.103150264 0.197610969 0.069043177
v 0.084647667 0.203469925 0.054487958
v 0.065911513 0.208262711 0.039841705
v 0.046981719 0.211963719 0.025128043
v 0.027903794 0.214577227 0.010372371
v 0.008720061 0.216081517 -0.004400872
v -0.010523892 0.216488439 -0.019166744
v -0.029784095 0.215783496 -0.033900194
v -0.049016182 0.213981670 -0.048576935
v -0.068175542 0.211075753 -0.063171507
v -0.087219734 0.207086113 -0.077660422
v -0.106104782 0.202012908 -0.092018218
v -0.124789296 0.195873472 -0.106221132
v -0.143232970 0.188685237 -0.120245581
v -0.161396048 0.180464880 -0.134067791
v -0.179240278 0.171232400 -0.147664490
v -0.196729444 0.161011457 -0.161013237
v -0.213827722 0.149824577 -0.174091290
v -0.230498681 0.137692494 -0.186874950
v -0.246714837 0.124652691 -0.199346139
v -0.262442134 0.110727430 -0.211481771
v -0.277649176 0.095943988 -0.223260131
v -0.292311417 0.080339304 -0.234663793
v -0.306402418 0.063945423 -0.245673666
v -0.319896607 0.046794775 -0.256270927
v -0.332763034 0.028913825 -0.266432699
v -0.344993520 0.010353421 -0.276151679
v -0.356552235 -0.008865787 -0.285401083
v -0.367434875 -0.028692599 -0.294175968
v -0.377613823 -0.049098202 -0.302454896
v -0.387068927 -0.070046270 -0.310221483
v -0.395792720 -0.091491940 -0.317468223
v -0.403771808 -0.113395880 -0.324183356
v -0.410985853 -0.135722444 -0.330350046
v -0.417421876 -0.158430950 -0.335956601
v -0.423085343 -0.181473613 -0.341004648
v -0.427960290 -0.204813247 -0.345480340
v -0.432028818 -0.228411048 -0.349368261
v -0.435301899 -0.252220425 -0.352674089
v -0.437772645 -0.276200576 -0.355390461
v -0.439414323 -0.300312904 -0.357495312
v -0.440254987 -0.324510530 -0.359007003
v -0.440288974 -0.348752807 -0.359919064
v -0.439512971 -0.372998150 -0.360226728
v -0.437926183 -0.397204325 -0.359927073
v -0.435530478 -0.421328799 -0.359019150
v -0.432330496 -0.445329135 -0.357504092
v -0.428333717 -0.469163436 -0.355385190
v -0.423550472 -0.492790831 -0.352667929
v -0.417993891 -0.516171997 -0.349359975
v -0.411679779 -0.539269701 -0.345471117
v -0.404626396 -0.562049352 -0.341013131
v -0.396794187 -0.584445726 -0.335952983
v -0.388242634 -0.606440988 -0.330334154
v -0.379007835 -0.628013874 -0.324182487
v -0.369041404 -0.649084773 -0.317457625
v -0.358410160 -0.669649839 -0.310209306
v -0.347135208 -0.689680498 -0.302451816
v -0.335188287 -0.709097320 -0.294159884
v -0.322665232 -0.727941270 -0.285407316
v -0.309496186 -0.746082746 -0.276135152
v -0.295799090 -0.763599362 -0.266435648
v -0.281511667 -0.780354272 -0.256255163
v -0.266727390 -0.796411250 -0.245666947
v -0.251432385 -0.811685818 -0.234656296
v -0.235659331 -0.826161326 -0.223246844
v -0.219471154 -0.839879505 -0.211487859
v -0.202817713 -0.852663862 -0.199332811
v -0.185804404 -0.864649819 -0.186867567
v -0.168433896 -0.875762986 -0.174090366
v -0.150712148 -0.885917985 -0.161001364
v -0.132710418 -0.895213873 -0.147659011
v -0.114439919 -0.903578811 -0.134068099
v -0.095916940 -0.910934225 -0.120236891
v -0.077201106 -0.917384096 -0.106215370
v -0.058317698 -0.922903221 -0.092021242
v -0.039278308 -0.927335234 -0.077655345
v -0.020138223 -0.930830885 -0.063166766
v -0.000925923 -0.933383805 -0.048576568
v 0.018331392 -0.934878938 -0.033899393
v 0.037596903 -0.935361265 -0.019165148
v 0.056839217 -0.934891684 -0.004400469
v 0.076027911 -0.933454090 0.010372607
v 0.095116980 -0.930913399 0.025126321
v 0.114087609 -0.927428398 0.039838564
v 0.132911390 -0.923004859 0.054487709
v 0.151538638 -0.917552796 0.069040975
v 0.169940527 -0.911108658 0.083474882
v 0.188103937 -0.903755323 0.097775419
v 0.205991355 -0.895472476 0.111915442
v 0.223537641 -0.886174143 0.125850370
v 0.240759067 -0.876011746 0.139584820
v 0.257628607 -0.864996556 0.153097946
v 0.274048648 -0.852996521 0.166323118
v 0.290064826 -0.840192215 0.179285541
v 0.305643361 -0.826584157 0.191959849
v 0.320689234 -0.812080046 0.204279390
v 0.335261633 -0.796844409 0.216280350
v 0.349287968 -0.780829346 0.227910693
v 0.362741023 -0.764059483 0.239148801
v 0.375653379 -0.746631691 0.250014296
v 0.387896425 -0.728453387 0.260415395
v 0.399573140 -0.709690045 0.270421094
v 0.410545811 -0.690256959 0.279932421
v 0.420905653 -0.670287582 0.289011149
v 0.430527168 -0.649726695 0.297566032
v 0.439508835 -0.628696457 0.305664848
v 0.447702660 -0.607141254 0.313199557
v 0.455211213 -0.585174802 0.320241425
v 0.461961805 -0.562796572 0.326736118
v 0.467938956 -0.540046648 0.332670159
v 0.473174906 -0.516981927 0.338064966
v 0.477627099 -0.493626689 0.342887588
v 0.481265824 -0.470016893 0.347114144
v 0.484124559 -0.446205603 0.350767189
v 0.486190898 -0.422230357 0.353835723
v 0.487455276 -0.398130766 0.356310782
v 0.487911077 -0.373947947 0.358185548
v 0.487554654 -0.349723980 0.359455388
v 0.486385299 -0.325501401 0.360117849
v 0.484405136 -0.301322739 0.360172607
v 0.481618989 -0.277230103 0.359621375
v 0.478034208 -0.253264830 0.358467793
v 0.473660471 -0.229467176 0.356717287
v 0.468495623 -0.205880546 0.354366299
v 0.462531190 -0.182552533 0.351406357
v 0.455815879 -0.159510166 0.347872616
v 0.448315386 -0.136812842 0.343736743
v 0.440085375 -0.114480443 0.339039372
v 0.431098244 -0.092574517 0.333757014
v 0.421393328 -0.071121295 0.327917743
v 0.410984029 -0.050160360 0.321529597
v 0.399883561 -0.029732630 0.314600348
v 0.388109250 -0.009876908 0.307140843
v 0.375681809 0.009370514 0.299164478
v 0.362624685 0.027976091 0.290686700
v 0.348959670 0.045904493 0.281721495
v 0.334700602 0.063109142 0.272276153
v 0.319887311 0.079575493 0.262378807
v 0.304534602 0.095256015 0.252036972
v 0.288673071 0.110123128 0.241270708
v 0.272333161 0.124149676 0.230099704
v 0.255543847 0.137305184 0.218542023
v 0.238336744 0.149563012 0.206617536
v 0.220741756 0.160890403 0.194344005
v 0.202794230 0.171265542 0.181743466
v 0.184530240 0.180668021 0.168838107
v 0.165985514 0.189075079 0.155649169
v 0.147195907 0.196458937 0.142196950
v 0.128202136 0.202809284 0.128506146
v 0.109043722 0.208108925 0.114599428
v 0.089761545 0.212344406 0.100500182
v 0.070397147 0.215498374 0.086231245
v 0.050993764 0.217565800 0.071817342
v 0.031594643 0.218545404 0.057283184
v 0.012244110 0.218421758 0.042652108
v -0.007014301 0.217205925 0.027949661
v -0.026135102 0.214889066 0.013199990
v -0.045075862 0.211487637 -0.001571784
v -0.063789969 0.206995106 -0.016340892
v -0.082237652 0.201437324 -0.031082696
v -0.100372605 0.194813218 -0.045771874
v -0.118158184 0.187153706 -0.060384655
v -0.135548440 0.178461390 -0.074895042
v -0.152509685 0.168770349 -0.089279939
v -0.169004136 0.158101552 -0.103515074
v -0.184993876 0.146475703 -0.117575676
v -0.200446250 0.133922560 -0.131438419
v -0.215330766 0.120473452 -0.145080541
v -0.229613849 0.106154046 -0.158477658
v -0.243269480 0.091000007 -0.171608063
v -0.256276158 0.075050262 -0.184451870
v -0.268598610 0.058326911 -0.196982590
v -0.280225307 0.040877877 -0.209184286
v -0.291131712 0.022735313 -0.221034807
v -0.301294769 0.003933103 -0.232512242
v -0.310698946 -0.015488704 -0.243598164
v -0.319326193 -0.035492792 -0.254272619
v -0.327167642 -0.056035986 -0.264520411
v -0.334217336 -0.077075200 -0.274328089
v -0.340441605 -0.098583191 -0.283666215
v -0.345854559 -0.120506237 -0.292532460
v -0.350443966 -0.142806488 -0.300909534
v -0.354190495 -0.165447943 -0.308775442
v -0.357099059 -0.188384798 -0.316122758
v -0.359169084 -0.211574753 -0.322940915
v -0.360387349 -0.234978747 -0.329211130
v -0.360757815 -0.258552883 -0.334925466
v -0.360293389 -0.282253382 -0.340082253
v -0.358990950 -0.306039909 -0.344669320
v -0.356838412 -0.329870669 -0.348667768
v -0.353866359 -0.353703296 -0.352088622
v -0.350065312 -0.377496011 -0.354914772
v -0.345436633 -0.401206033 -0.357136482
v -0.340011296 -0.424794792 -0.358765952
v -0.333794019 -0.448221569 -0.359796313
v -0.326792023 -0.471445276 -0.360222369
v -0.319003869 -0.494420583 -0.360031754
v -0.310461483 -0.517113062 -0.359238369
v -0.301181017 -0.539484551 -0.357844060
v -0.291172914 -0.561493809 -0.355845881
v -0.280447458 -0.583097616 -0.353240291
v -0.269035407 -0.604264773 -0.350041206
v -0.256961536 -0.624962665 -0.346257978
v -0.244252412 -0.645161762 -0.341902003
v -0.230925082 -0.664825593 -0.336976238
v -0.216966434 -0.683883054 -0.331453734
v -0.202453795 -0.702353229 -0.325393867
v -0.187402190 -0.720199327 -0.318798119
v -0.171796091 -0.737335261 -0.311634150
v -0.155727613 -0.753820204 -0.303981773
v -0.139160335 -0.769532210 -0.295785006
v -0.122176768 -0.784529085 -0.287116551
v -0.104766262 -0.798716693 -0.277945570
v -0.086992639 -0.812136083 -0.268327409
v -0.068851724 -0.824688385 -0.258234663
v -0.050416993 -0.836458973 -0.247740497
v -0.031667784 -0.847277181 -0.236788094
v -0.012687230 -0.857286970 -0.225471956
v 0.006526517 -0.866344665 -0.213755289
v 0.025925366 -0.874497160 -0.201683789
v 0.045469215 -0.881783691 -0.189295599
v 0.065148320 -0.888014978 -0.176550907
v 0.084907226 -0.893356622 -0.163529961
v 0.104718145 -0.897777532 -0.150244819
v 0.124550020 -0.901128560 -0.136680726
v 0.144366393 -0.903561943 -0.122901155
v 0.164138107 -0.905071897 -0.108925394
v 0.183817361 -0.905488099 -0.094745373
v 0.203383326 -0.904965595 -0.080414161
v 0.222807484 -0.903512954 -0.065954148
v 0.242039880 -0.901035967 -0.051377586
v 0.261049288 -0.897559882 -0.036712908
v 0.279821241 -0.893163547 -0.021989863
v 0.298325262 -0.887846550 -0.007230019
v 0.316479782 -0.881468150 0.007543375
v 0.334304940 -0.874195717 0.022303317
v 0.351774036 -0.866040426 0.037028064
v 0.368823915 -0.856937474 0.051688713
v 0.385423045 -0.846903513 0.066258735
v 0.401582369 -0.836033410 0.080722492
v 0.417272675 -0.824335205 0.095057235
v 0.432387077 -0.811699430 0.109214001
v 0.446986420 -0.798288620 0.123195934
v 0.461050283 -0.784124180 0.136983241
v 0.474466312 -0.769114013 0.150518800
v 0.487283280 -0.753378003 0.163807705
v 0.499503473 -0.736965870 0.176839327
v 0.511002584 -0.719795374 0.189545637
v 0.521848068 -0.701987161 0.201944828
v 0.532032501 -0.683577573 0.214022683
v 0.541428494 -0.664504504 0.225704047
v 0.550151764 -0.644908819 0.237036422
v 0.558095124 -0.624753835 0.247952755
v 0.565286382 -0.604103088 0.258457177
v 0.571718175 -0.582994929 0.268535057
v 0.577335862 -0.561440134 0.278144998
v 0.582192290 -0.539509336 0.287307177
v 0.586209565 -0.517206400 0.295965420
v 0.589440256 -0.494596533 0.304141054
v 0.591845273 -0.471703780 0.311800501
v 0.593415500 -0.448568734 0.318927396
v 0.594205520 -0.425243206 0.325547798
v 0.594103167 -0.401744905 0.331577917
v 0.593201821 -0.378133109 0.337069506
v 0.591495597 -0.354443344 0.342009769
v 0.588936416 -0.330713304 0.346355504
v 0.585550291 -0.306987365 0.350114392
v 0.581358633 -0.283305544 0.353291918
v 0.576361903 -0.259708082 0.355878685
v 0.570563804 -0.236236043 0.357867404
v 0.563971183 -0.212930773 0.359252954
v 0.556593870 -0.189833407 0.360032386
v 0.548444474 -0.166984434 0.360204888
v 0.539538150 -0.144423325 0.359771699
v 0.529892342 -0.122188213 0.358736006
v 0.519526518 -0.100315646 0.357102815
v 0.508441380 -0.078853436 0.354861119
v 0.496658752 -0.057838884 0.352017401
v 0.484222638 -0.037291712 0.348598082
v 0.471112418 -0.017280526 0.344572006
v 0.457392666 0.002194040 0.339984725
v 0.443050798 0.021064210 0.334810916
v 0.428131680 0.039314768 0.329078583
v 0.412658594 0.056911157 0.322795726
v 0.396654486 0.073816827 0.315969559
v 0.380145855 0.089998316 0.308610470
v 0.363161928 0.105425469 0.300731483
v 0.345733952 0.120071504 0.292347756
v 0.327894591 0.133912988 0.283476135
v 0.309666398 0.146902863 0.274120340
v 0.291092860 0.159040350 0.264310081
v 0.272198157 0.170275977 0.254049170
v 0.253023216 0.180604267 0.243363889
v 0.233601522 0.189997991 0.232269572
v 0.213969031 0.198434749 0.220784147
v 0.194163304 0.205896603 0.208927419
v 0.174222851 0.212369677 0.196720498
v 0.154185742 0.217828454 0.184180675
v 0.134092717 0.222269869 0.171332484
v 0.113984183 0.225671916 0.158194660
v 0.093901608 0.228033498 0.144791707
v 0.073887007 0.229343465 0.131145213
v 0.053983188 0.229595261 0.117277928
v 0.034233291 0.228786363 0.103213332
v 0.014680463 0.226917783 0.088975334
v -0.004632328 0.223993511 0.074588039
v -0.023658273 0.220006770 0.060074318
v -0.042357984 0.214979399 0.045460197
v -0.060685281 0.208911887 0.030769350
v -0.078600468 0.201824360 0.016026913
v -0.096058632 0.193724976 0.001257422
v -0.113024025 0.184641929 -0.013514209
v -0.129450817 0.174583975 -0.028262943
v -0.145309501 0.163588799 -0.042964510
v -0.160554854 0.151667897 -0.057593228
v -0.175161697 0.138862608 -0.072125650
v -0.189091770 0.125194710 -0.086536399
v -0.202316556 0.110698498 -0.100801432
v -0.214809978 0.095409624 -0.114897167
v -0.226545240 0.079361886 -0.128799670
v -0.237498316 0.062591162 -0.142485396
v -0.247648524 0.045135448 -0.155931479
v -0.256979231 0.027034838 -0.169116143
v -0.265466877 0.008323574 -0.182014997
v -0.273103604 -0.010953580 -0.194608730
v -0.279869848 -0.030760638 -0.206873675
v -0.285761980 -0.051052652 -0.218791969
v -0.290767622 -0.071790671 -0.230342256
v -0.294878098 -0.092934046 -0.241504377
v -0.298089130 -0.114440691 -0.252259923
v -0.300401633 -0.136267520 -0.262592926
v -0.301808662 -0.158374750 -0.272483625
v -0.302308875 -0.180720599 -0.281914637
v -0.301906558 -0.203262616 -0.290871529
v -0.300611208 -0.225958267 -0.299342838
v -0.298420578 -0.248767438 -0.307310713
v -0.295334580 -0.271648932 -0.314758040
v -0.291370993 -0.294560757 -0.321678243
v -0.286526329 -0.317461687 -0.328051880
v -0.280820111 -0.340310658 -0.333873648
v -0.274271825 -0.363068477 -0.339138944
v -0.266891150 -0.385695705 -0.343836977
v -0.258673259 -0.408148100 -0.347945951
v -0.249665520 -0.430394251 -0.351481585
v -0.239857731 -0.452387747 -0.354417797
v -0.229277541 -0.474092917 -0.356756325
v -0.217957496 -0.495478113 -0.358503626
v -0.205912369 -0.516505160 -0.359652441
v -0.193143162 -0.537125873 -0.360182770
v -0.179690088 -0.557313620 -0.360107911
v -0.165579376 -0.577035584 -0.359429935
v -0.150835694 -0.596258278 -0.358149669
v -0.135485791 -0.614950095 -0.356270033
v -0.119557069 -0.633080429 -0.353794783
v -0.103057176 -0.650595121 -0.350705480
v -0.086035900 -0.667485137 -0.347028877
v -0.068526707 -0.683728024 -0.342775969
v -0.050563603 -0.699305044 -0.337959682
v -0.032155940 -0.714155793 -0.332560006
v -0.013343027 -0.728261436 -0.326593112
v 0.005820924 -0.741644884 -0.320102159
v 0.025334802 -0.754214348 -0.313048716
v 0.045143660 -0.765994025 -0.305476966
v 0.065214295 -0.776970779 -0.297401792
v 0.085525609 -0.787072647 -0.288805567
v 0.106023493 -0.796365099 -0.279749565
v 0.126691737 -0.804733433 -0.270194969
v 0.147479217 -0.812262536 -0.260209494
v 0.168359337 -0.818860445 -0.249770437
v 0.189292675 -0.824561251 -0.238916678
v 0.210243490 -0.829370012 -0.227672478
v 0.231175057 -0.833192699 -0.216020540
v 0.252056758 -0.836155729 -0.204033617
v 0.272842553 -0.838120190 -0.191681091
v 0.293503727 -0.839156570 -0.179010747
v 0.314015715 -0.839314303 -0.166058841
v 0.334311472 -0.838434326 -0.152799211
v 0.354383872 -0.836650838 -0.139293399
v 0.374207533 -0.833985521 -0.125566370
v 0.393705917 -0.830307243 -0.111609750
v 0.412876156 -0.825719884 -0.097469548
v 0.431700562 -0.820263620 -0.083173842
v 0.450115416 -0.813871088 -0.068733470
v 0.468082348 -0.806544282 -0.054173084
v 0.485611277 -0.798377325 -0.039526619
v 0.502675547 -0.789381771 -0.024815533
v 0.519157986 -0.779428883 -0.010057698
v 0.535115676 -0.768676947 0.004714885
v 0.550526300 -0.757144887 0.019480307
v 0.565320456 -0.744792289 0.034212717
v 0.579456476 -0.731623565 0.048884380
v 0.592972715 -0.717736895 0.063477278
v 0.605849543 -0.703153750 0.077970088
v 0.617949564 -0.687782209 0.092316713
v 0.629362243 -0.671760875 0.106513635
v 0.640078118 -0.655120962 0.120541694
v 0.649992954 -0.637818284 0.134355050
v 0.659128914 -0.619916624 0.147940301
v 0.667523924 -0.601484113 0.161291974
v 0.675079753 -0.582494247 0.174360440
v 0.681806285 -0.562996317 0.187130863
v 0.687762018 -0.543062820 0.199608681
v 0.692814231 -0.522662571 0.211724892
v 0.697042935 -0.501875907 0.223494946
v 0.700450680 -0.480740404 0.234904466
v 0.702928024 -0.459251902 0.245887415
v 0.704617298 -0.437499556 0.256494134
v 0.705358959 -0.415472060 0.266630598
v 0.705292632 -0.393245347 0.276351097
v 0.704305769 -0.370832411 0.285580430
v 0.702497254 -0.348288348 0.294356500
v 0.699769628 -0.325639380 0.302607870
v 0.696247406 -0.302933685 0.310391261
v 0.691784154 -0.280204347 0.317602032
v 0.686522972 -0.257493171 0.324311126
v 0.680415150 -0.234837700 0.330472540
v 0.673448008 -0.212282206 0.336059759
v 0.665686630 -0.189857898 0.341099926
v 0.657131834 -0.167602354 0.345577723
v 0.647742428 -0.145569710 0.349444858
v 0.637583432 -0.123786443 0.352730467
v 0.626669675 -0.102289698 0.355428124
v 0.615014733 -0.081117942 0.357530080
v 0.602635336 -0.060309214 0.359030732
v 0.589551100 -0.039900676 0.359926641
v 0.575784224 -0.019928233 0.360216504
v 0.561359167 -0.000426217 0.359901086
v 0.546302320 0.018572867 0.358983119
v 0.530641685 0.037038527 0.357467179
v 0.514383044 0.054917088 0.355334344
v 0.497572406 0.072193944 0.352607008
v 0.480248673 0.088852399 0.349302271
v 0.462407444 0.104817755 0.345386051
v 0.444115826 0.120111706 0.340908996
v 0.425377900 0.134664309 0.335844217
v 0.406240668 0.148471815 0.330219158
v 0.386735775 0.161507416 0.324042026
v 0.366894547 0.173741210 0.317319459
v 0.346751073 0.185147205 0.310061373
v 0.326341329 0.195703339 0.302280405
v 0.305702455 0.205391370 0.293991408
v 0.284872158 0.214196704 0.285210997
v 0.263886042 0.222091172 0.275948581
v 0.242783094 0.229062116 0.266222029
v 0.221602136 0.235092387 0.256046977
v 0.200382673 0.240174834 0.245443499
v 0.179164244 0.244291285 0.234426694
v 0.157987575 0.247428970 0.223014344
v 0.136893821 0.249579936 0.211226184
v 0.115924008 0.250740478 0.199083309
v 0.095118650 0.250910601 0.186607696
v 0.074523198 0.250070234 0.173814988
v 0.054176011 0.248236294 0.160732262
v 0.034121732 0.245400419 0.147378687
v 0.014403811 0.241564221 0.133776474
v -0.004936786 0.236738055 0.119949688
v -0.023857745 0.230929651 0.105921430
v -0.042314191 0.224143808 0.091714285
v -0.060266527 0.216398156 0.077353060
v -0.077675831 0.207711452 0.062862240
v -0.094497375 0.198094287 0.048265248
v -0.110696019 0.187573474 0.033587292
v -0.126231187 0.176168362 0.018852748
v -0.141069787 0.163908599 0.004086551
v -0.155172587 0.150816908 -0.010686530
v -0.168513996 0.136931050 -0.025441766
v -0.181054024 0.122274064 -0.040153917
v -0.192775180 0.106890171 -0.054798970
v -0.203640990 0.090806282 -0.069351295
v -0.213635857 0.074066201 -0.083787280
v -0.222738769 0.056708092 -0.098082822
v -0.230924345 0.038767189 -0.112212653
v -0.238181378 0.020287205 -0.126153794
v -0.244497145 0.001309607 -0.139883018
v -0.249861417 -0.018123780 -0.153377543
v -0.254257456 -0.037974349 -0.166612485
v -0.257686974 -0.058196323 -0.179567722
v -0.260146950 -0.078747436 -0.192222029
v -0.261628956 -0.099587435 -0.204552090
v -0.262133832 -0.120673664 -0.216537351
v -0.261667484 -0.141963209 -0.228159113
v -0.260231757 -0.163414826 -0.239397166
v -0.257833028 -0.184987008 -0.250232981
v -0.254482849 -0.206638589 -0.260650384
v -0.250171918 -0.228329434 -0.270623351
v -0.244935017 -0.250018531 -0.280146488
v -0.238763093 -0.271665594 -0.289193310
v -0.231688297 -0.293232249 -0.297758163
v -0.223719337 -0.314679488 -0.305823510
v -0.214868446 -0.335968203 -0.313373322
v -0.205151654 -0.357059689 -0.320393507
v -0.194589010 -0.377916267 -0.326872387
v -0.183204720 -0.398502058 -0.332801220
v -0.171027174 -0.418783923 -0.338174772
v -0.158077659 -0.438726989 -0.342983347
v -0.144360018 -0.458285907 -0.347202820
v -0.129933613 -0.477445464 -0.350852970
v -0.114790836 -0.496152261 -0.353899496
v -0.098980205 -0.514387346 -0.356354778
v -0.082535252 -0.532124695 -0.358219939
v -0.065470991 -0.549322605 -0.359478204
v -0.047813869 -0.565946319 -0.360122263
v -0.029608142 -0.581979759 -0.360164083
v -0.010884341 -0.597394588 -0.359602008
v 0.008325148 -0.612164405 -0.358436387
v 0.027986337 -0.626265094 -0.356669659
v 0.048063957 -0.639675162 -0.354306390
v 0.068522295 -0.652375115 -0.351352520
v 0.089342122 -0.664306178 -0.347783524
v 0.110468952 -0.675484304 -0.343634733
v 0.131864613 -0.685899437 -0.338918718
v 0.153491845 -0.695545364 -0.333649828
v 0.175332950 -0.704323380 -0.327779928
v 0.197328516 -0.712304678 -0.321378475
v 0.219445644 -0.719474294 -0.314452728
v 0.241653645 -0.725736832 -0.306962744
v 0.263905451 -0.731204015 -0.298995321
v 0.286167311 -0.735736927 -0.290487047
v 0.308401220 -0.739452998 -0.281523641
v 0.330563802 -0.742231465 -0.272056774
v 0.352628503 -0.744188791 -0.262166098
v 0.374537495 -0.745179608 -0.251796172
v 0.396282332 -0.745362532 -0.241042094
v 0.417788539 -0.744572867 -0.229845405
v 0.439053010 -0.742943370 -0.218283796
v 0.460027781 -0.740433184 -0.206357056
v 0.480657951 -0.736996078 -0.194065252
v 0.500951068 -0.732746196 -0.181470254
v 0.520826514 -0.727584805 -0.168554473
v 0.540266278 -0.721558283 -0.155353276
v 0.559270298 -0.714736250 -0.141906676
v 0.577750674 -0.707033689 -0.128208509
v 0.595694253 -0.698497869 -0.114292311
v 0.613109002 -0.689198903 -0.100194493
v 0.629928668 -0.679099427 -0.085925764
v 0.646092340 -0.668179138 -0.071504046
v 0.661642151 -0.656542429 -0.056968858
v 0.676554142 -0.644205896 -0.042341378
v 0.690692117 -0.631077516 -0.027634895
v 0.704131189 -0.617282315 -0.012884767
v 0.716861074 -0.602851171 0.001886260
v 0.728812468 -0.587766252 0.016654760
v 0.739929074 -0.572027747 0.031393266
v 0.750277525 -0.555728496 0.046080799
v 0.759842807 -0.538893318 0.060695796
v 0.768484309 -0.521472067 0.075198758
v 0.776291130 -0.503561379 0.089577443
v 0.783274172 -0.485202111 0.103813668
v 0.789347400 -0.466386518 0.117870091
v 0.794494925 -0.447146770 0.131720512
v 0.798793159 -0.427552679 0.145361950
v 0.802181344 -0.407614456 0.158759034
v 0.804597708 -0.387348497 0.171872352
v 0.806154974 -0.366826960 0.184715221
v 0.806775110 -0.346062354 0.197242578
v 0.806436844 -0.325086990 0.209425560
v 0.805245458 -0.303956688 0.221283260
v 0.803056934 -0.282684733 0.232738156
v 0.799990061 -0.261322814 0.243818282
v 0.796015204 -0.239903495 0.254490596
v 0.791103334 -0.218462134 0.264720762
v 0.785342058 -0.197035885 0.274530029
v 0.778631259 -0.175665517 0.283846479
v 0.771100723 -0.154379256 0.292716958
v 0.762651983 -0.133226294 0.301065550
v 0.753387914 -0.112230242 0.308928701
v 0.743275943 -0.091434832 0.316265618
v 0.732332781 -0.070878957 0.323062213
v 0.720627626 -0.050579437 0.329342491
v 0.708094301 -0.030603388 0.335036030
v 0.694814067 -0.010963680 0.340174971
v 0.680813294 0.008310658 0.344755589
v 0.666099750 0.027179609 0.348758867
v 0.650668455 0.045589162 0.352151634
v 0.634582613 0.063530023 0.354959343
v 0.617864603 0.080968645 0.357173798
v 0.600539817 0.097872611 0.358788921
v 0.582636285 0.114211010 0.359800786
v 0.564184294 0.129954746 0.360207603
v 0.545215987 0.145076773 0.360009658
v 0.525764983 0.159552269 0.359209226
v 0.505864533 0.173356273 0.357808323
v 0.485533101 0.186436103 0.355786012
v 0.464825973 0.198802277 0.353175195
v 0.443777863 0.210434508 0.349981243
v 0.422408654 0.221271260 0.346178849
v 0.400774437 0.231342171 0.341812131
v 0.378898461 0.240584801 0.336856851
v 0.356826796 0.249006268 0.331339383
v 0.334597112 0.256589817 0.325268396
v 0.312247232 0.263314068 0.318649938
v 0.289816772 0.269162174 0.311493432
v 0.267346256 0.274121629 0.303811114
v 0.244876414 0.278183978 0.295617522
v 0.222447635 0.281344496 0.286929026
v 0.200100258 0.283596550 0.277760735
v 0.177878027 0.284915034 0.268118639
v 0.155819203 0.285317451 0.258030250
v 0.133966141 0.284792751 0.247508476
v 0.112363313 0.283329895 0.236566912
v 0.091049636 0.280939957 0.225228896
v 0.070066683 0.277624296 0.213513101
v 0.049460006 0.273377392 0.201435666
v 0.029267734 0.268213773 0.189020381
v 0.009529956 0.262143037 0.176288665
v -0.009707430 0.255165889 0.163258891
v -0.028406041 0.247299015 0.149954694
v -0.046526374 0.238557463 0.136398722
v -0.064027610 0.228955710 0.122613268
v -0.080870658 0.218512148 0.108621524
v -0.097018212 0.207248443 0.094447223
v -0.112434748 0.195189014 0.080114391
v -0.127077032 0.182351799 0.065645867
v -0.140919716 0.168773274 0.051067476
v -0.153925851 0.154479169 0.036403086
v -0.166066165 0.139502671 0.021677487
v -0.177310779 0.123876914 0.006915411
v -0.187636436 0.107639777 -0.007858302
v -0.197013574 0.090825369 -0.022618731
v -0.205429101 0.073477429 -0.037341326
v -0.212853960 0.055630877 -0.052000749
v -0.219282310 0.037331981 -0.066573081
v -0.224694404 0.018619946 -0.081033247
v -0.229080105 -0.000462131 -0.095356870
v -0.232435354 -0.019869900 -0.109520418
v -0.234753038 -0.039560797 -0.123499829
v -0.236029312 -0.059491800 -0.137271337
v -0.236264066 -0.079619643 -0.150811723
v -0.235461493 -0.099901144 -0.164098668
v -0.233630713 -0.120293669 -0.177111241
v -0.230760838 -0.140756386 -0.189822438
v -0.226882548 -0.161246735 -0.202217440
v -0.221992656 -0.181724371 -0.214271087
v -0.216105434 -0.202148903 -0.225963510
v -0.209239562 -0.222481239 -0.237276672
v -0.201411521 -0.242683079 -0.248191935
v -0.192632309 -0.262715431 -0.258688087
v -0.182921667 -0.282540777 -0.268747410
v -0.172316230 -0.302127438 -0.278361187
v -0.160808580 -0.321431074 -0.287497938
v -0.148447240 -0.340425029 -0.296155640
v -0.135251674 -0.359074358 -0.304317282
v -0.121243380 -0.377344451 -0.311966576
v -0.106447388 -0.395201992 -0.319089096
v -0.090892325 -0.412615596 -0.325672740
v -0.074610363 -0.429556574 -0.331708255
v -0.057637025 -0.445999822 -0.337189792
v -0.040003085 -0.461918045 -0.342108470
v -0.021722075 -0.477266884 -0.346438389
v -0.002859225 -0.492050591 -0.350202772
v 0.016586311 -0.506208135 -0.353359834
v 0.036553362 -0.519744208 -0.355931785
v 0.057007402 -0.532637460 -0.357914811
v 0.077931765 -0.544837758 -0.359279945
v 0.099276079 -0.556342791 -0.360041245
v 0.121001145 -0.567136741 -0.360200102
v 0.143070226 -0.577199755 -0.359754396
v 0.165445218 -0.586514273 -0.358703999
v 0.188086972 -0.595065307 -0.357050864
v 0.210955680 -0.602840689 -0.354799077
v 0.234011322 -0.609831296 -0.351954873
v 0.257215074 -0.616024340 -0.348521629
v 0.280530282 -0.621371687 -0.344477997
v 0.303909928 -0.625909641 -0.339863348
v 0.327315652 -0.629641259 -0.334691732
v 0.350708897 -0.632535426 -0.328954012
v 0.374045052 -0.634561441 -0.322643241
v 0.397291654 -0.635790065 -0.315817740
v 0.420399232 -0.636141753 -0.308438856
v 0.443334177 -0.635663991 -0.300549455
v 0.466059619 -0.634356331 -0.292160796
v 0.488524652 -0.632186545 -0.283266925
v 0.510709486 -0.629211394 -0.273912711
v 0.532554139 -0.625380879 -0.264082971
v 0.554040097 -0.620745159 -0.253817696
v 0.575124794 -0.615300462 -0.243127724
v 0.595756337 -0.609026279 -0.232015438
v 0.615954338 -0.602026147 -0.220545207
v 0.635581286 -0.594150871 -0.208658742
v 0.654705439 -0.585567535 -0.196448383
v 0.673259214 -0.576238408 -0.183909756
v 0.691169049 -0.566129535 -0.171042958
v 0.708482843 -0.555350399 -0.157907507
v 0.725121020 -0.543862692 -0.144502442
v 0.741029105 -0.531662719 -0.130842478
v 0.756255994 -0.518843292 -0.116975464
v 0.770745569 -0.505396331 -0.102913647
v 0.784397654 -0.491286314 -0.088664505
v 0.797294142 -0.476619942 -0.074274927
v 0.809414711 -0.461418281 -0.059765728
v 0.820615747 -0.445628439 -0.045146294
v 0.830976148 -0.429341253 -0.030453641
v 0.840503114 -0.412595711 -0.015712104
v 0.849133139 -0.395393862 -0.000943203
v 0.856792939 -0.377739671 0.013827140
v 0.863576306 -0.359712452 0.028574488
v 0.869473364 -0.341339426 0.043277129
v 0.874348578 -0.322607613 0.057900986
v 0.878283166 -0.303581744 0.072427600
v 0.881309002 -0.284303387 0.086838694
v 0.883363631 -0.264789221 0.101103100
v 0.884391276 -0.245063500 0.115186597
v 0.884504009 -0.225182183 0.129086499
v 0.883682598 -0.205172703 0.142777995
v 0.881794169 -0.185056114 0.156204644
v 0.879001109 -0.164882027 0.169384033
v 0.875284395 -0.144679866 0.182290075
v 0.870521106 -0.124485003 0.194859729
v 0.864879531 -0.104329406 0.207124498
v 0.858292585 -0.084250261 0.219037798
v 0.850745773 -0.064285698 0.230569066
v 0.842362050 -0.044453207 0.241745329
v 0.832981074 -0.024819354 0.252470482
v 0.822789739 -0.005381336 0.262805637
v 0.811688413 0.013797428 0.272676078
v 0.799771743 0.032707677 0.282105501
v 0.787003087 0.051295790 0.291045833
v 0.773456763 0.069552490 0.299514332
v 0.759092259 0.087415544 0.307455868
v 0.744023583 0.104902212 0.314918336
v 0.728152742 0.121910465 0.321801361
v 0.711616023 0.138476396 0.328172719
v 0.694407280 0.154553075 0.333998620
v 0.676518093 0.170079790 0.339235210
v 0.658029054 0.185070454 0.343917558
v 0.638961856 0.199493849 0.348031411
v 0.619334431 0.213310428 0.351555685
v 0.599171618 0.226482248 0.354472591
v 0.578527103 0.239008619 0.356798785
v 0.557433186 0.250864654 0.358527725
v 0.535924430 0.262027539 0.359655000
v 0.514037201 0.272476748 0.360178337
v 0.491809225 0.282194182 0.360097542
v 0.469279167 0.291164252 0.359414429
v 0.446481692 0.299358191 0.358120616
v 0.423456548 0.306757311 0.356216166
v 0.400249587 0.313370845 0.353721983
v 0.376898844 0.319181677 0.350638635
v 0.353441316 0.324149097 0.346950375
v 0.329922551 0.328306142 0.342694080
v 0.306381347 0.331603571 0.337848755
v 0.282860417 0.334057973 0.332439176
v 0.259400392 0.335664259 0.326474739
v 0.236043318 0.336410922 0.319960885
v 0.212831912 0.336291378 0.312906526
v 0.189808738 0.335303547 0.305323484
v 0.167015570 0.333449395 0.297225965
v 0.144492927 0.330734477 0.288630085
v 0.122279742 0.327167480 0.279553447
v 0.100426003 0.322731805 0.269999772
v 0.078961780 0.317458736 0.259998849
v 0.057940521 0.311330506 0.249554193
v 0.037394911 0.304372352 0.238691804
v 0.017366310 0.296592668 0.227428623
v -0.002105098 0.288003293 0.215783217
v -0.020981271 0.278620037 0.203775812
v -0.039217092 0.268451345 0.191423267
v -0.056781094 0.257523274 0.178749913
v -0.073632488 0.245851841 0.165775470
v -0.089739094 0.233462839 0.152523296
v -0.105061049 0.220375724 0.139014030
v -0.119563655 0.206616210 0.125270475
v -0.133216489 0.192214112 0.111316477
v -0.145983949 0.177196364 0.097174674
v -0.157839949 0.161597355 0.082869695
v -0.168758703 0.145451747 0.068425794
v -0.178708600 0.128791829 0.053866499
v -0.187668264 0.111656141 0.039216637
v -0.195616766 0.094083649 0.024500874
v -0.202533641 0.076113858 0.009743857
v -0.208402496 0.057788251 -0.005029532
v -0.213212517 0.039149972 -0.019794511
v -0.216946952 0.020240698 -0.034526066
v -0.219605772 0.001105938 -0.049199785
v -0.221175653 -0.018211789 -0.063790443
v -0.221660146 -0.037667355 -0.078273939
v -0.221062059 -0.057216796 -0.092626329
v -0.219374403 -0.076816925 -0.106822027
v -0.216610896 -0.096424012 -0.120838194
v -0.212779708 -0.115995608 -0.134651286
v -0.207891767 -0.135490045 -0.148238172
v -0.201961135 -0.154866704 -0.161576356
v -0.194992524 -0.174083848 -0.174640534
v -0.187018701 -0.193105199 -0.187413006
v -0.178046182 -0.211890377 -0.199868596
v -0.168106565 -0.230405447 -0.211989946
v -0.157217062 -0.248613647 -0.223755069
v -0.145398487 -0.266479325 -0.235142878
v -0.132675580 -0.283968523 -0.246133663
v -0.119077289 -0.301049730 -0.256709690
v -0.104636979 -0.317694825 -0.266855943
v -0.089381365 -0.333873209 -0.276554427
v -0.073335450 -0.349552727 -0.285785551
v -0.056533677 -0.364707609 -0.294535401
v -0.039013419 -0.379315393 -0.302792671
v -0.020803980 -0.393348107 -0.310540826
v -0.001937729 -0.406779861 -0.317765116
v 0.017549990 -0.419587463 -0.324453035
v 0.037621079 -0.431751132 -0.330594832
v 0.058235080 -0.443255285 -0.336184061
v 0.079354506 -0.454082362 -0.341212392
v 0.100955842 -0.464191660 -0.345652679
v 0.122974707 -0.473607941 -0.349530993
v 0.145400890 -0.482263779 -0.352798782
v 0.168170488 -0.490191090 -0.355487293
v 0.191249544 -0.497367339 -0.357583942
v 0.214608037 -0.503749889 -0.359060817
v 0.238193560 -0.509359596 -0.359939584
v 0.261966618 -0.514184081 -0.360215809
v 0.285886591 -0.518213290 -0.359886915
v 0.309912048 -0.521439704 -0.358952295
v 0.334001120 -0.523858526 -0.357413415
v 0.358111924 -0.525467839 -0.355273876
v 0.382203041 -0.526268715 -0.352539441
v 0.406234041 -0.526265263 -0.349218009
v 0.430162501 -0.525444991 -0.345305463
v 0.453941163 -0.523788625 -0.340793272
v 0.477537134 -0.521343042 -0.335720054
v 0.500916333 -0.518123488 -0.330101214
v 0.524015307 -0.514064604 -0.323896166
v 0.546813304 -0.509234489 -0.317157775
v 0.569280854 -0.503653973 -0.309905039
v 0.591338053 -0.497251402 -0.302094766
v 0.613009621 -0.490154516 -0.293818383
v 0.634182287 -0.482246255 -0.285003237
v 0.654904851 -0.473673149 -0.275751713
v 0.675050586 -0.464320493 -0.265994579
v 0.694689498 -0.454339344 -0.255834972
v 0.713665835 -0.443602651 -0.245198126
v 0.732063144 -0.432257615 -0.234182668
v 0.749773501 -0.420244841 -0.222758011
v 0.766792313 -0.407610101 -0.210958628
v 0.783144307 -0.394418358 -0.198829567
v 0.798658117 -0.380579990 -0.186325762
v 0.813450120 -0.366227734 -0.173531079
v 0.827468882 -0.351363360 -0.160453247
v 0.840588751 -0.335950328 -0.147080860
v 0.852913317 -0.320090861 -0.133476777
v 0.864409414 -0.303800788 -0.119656880
v 0.874921763 -0.287043776 -0.105613635
v 0.884578211 -0.269917515 -0.091403520
v 0.893362913 -0.252446783 -0.077046897
v 0.901137248 -0.234616818 -0.062550161
v 0.907968816 -0.216488210 -0.047949811
v 0.913887325 -0.198102256 -0.033272772
v 0.918840235 -0.179477184 -0.018539151
v 0.922736445 -0.160628784 -0.003772069
v 0.925694225 -0.141615265 0.011000079
v 0.927709187 -0.122465225 0.025755518
v 0.928657510 -0.103197574 0.040464714
v 0.928608369 -0.083854609 0.055104937
v 0.927612839 -0.064470786 0.069657011
v 0.925633420 -0.045075998 0.084094058
v 0.922580402 -0.025706778 0.098377743
v 0.918594152 -0.006392406 0.112503912
v 0.913682331 0.012838656 0.126452412
v 0.907690631 0.031933120 0.140164397
v 0.900783095 0.050877728 0.153650577
v 0.892984480 0.069646886 0.166895073
v 0.884155489 0.088173375 0.179830602
v 0.874445288 0.106457314 0.192475943
v 0.863881272 0.124474609 0.204816675
v 0.852333084 0.142142551 0.216775172
v 0.839985951 0.159491439 0.228397115
v 0.826771701 0.176455854 0.239625501
v 0.812723564 0.193011002 0.250446149
v 0.797915112 0.209154743 0.260866721
v 0.782273902 0.224803439 0.270816215
v 0.765948492 0.240005892 0.280349441
v 0.748834197 0.254645416 0.289366907
v 0.731087284 0.268790305 0.297938828
v 0.712630051 0.282329480 0.305973284
v 0.693574398 0.295308239 0.313517907
v 0.673912235 0.307668631 0.320528864
v 0.653675862 0.319383384 0.326990114
v 0.632932488 0.330473560 0.332925753
v 0.611675428 0.340866017 0.338280943
v 0.589959010 0.350562533 0.343063927
v 0.567830901 0.359565064 0.347282246
v 0.545322755 0.367850745 0.350923089
v 0.522465497 0.375389335 0.353968119
v 0.499296666 0.382157926 0.356405274
v 0.475864963 0.388165368 0.358247351
v 0.452209208 0.393398239 0.359489468
v 0.428369478 0.397845771 0.360128864
v 0.404386640 0.401499880 0.360164871
v 0.380301911 0.404355151 0.359598836
v 0.356155662 0.406378279 0.358411442
v 0.331992446 0.407591504 0.356624856
v 0.307853166 0.407998927 0.354247401
v 0.283779946 0.407586874 0.351274445
v 0.259817359 0.406340241 0.347700608
v 0.236002575 0.404291761 0.343554797
v 0.212384539 0.401409672 0.338819869
v 0.189001006 0.397718175 0.333518458
v 0.165892009 0.393224529 0.327660961
v 0.143101265 0.387927854 0.321252191
v 0.120673231 0.381829837 0.314298875
v 0.098646069 0.374946460 0.306817387
v 0.077063747 0.367282678 0.298816604
v 0.055963063 0.358856550 0.290314037
v 0.035379739 0.349686358 0.281327089
v 0.015358829 0.339778366 0.271865283
v -0.004064444 0.329152874 0.261947078
v -0.022847306 0.317822385 0.251585852
v -0.040959412 0.305813272 0.240803458
v -0.058361488 0.293142993 0.229615934
v -0.075017345 0.279833257 0.218041732
v -0.090893940 0.265909124 0.206101026
v -0.105961319 0.251398273 0.193815174
v -0.120175333 0.236319875 0.181200268
v -0.133521620 0.220713163 0.168283592
v -0.145952691 0.204598124 0.155081024
v -0.157452637 0.188013680 0.141618706
v -0.167992249 0.170991831 0.127918395
v -0.177545910 0.153567353 0.114002931
v -0.186091314 0.135777149 0.099895825
v -0.193609191 0.117659756 0.085620981
v -0.200071915 0.099252345 0.071201226
v -0.205473122 0.080598442 0.056662162
v -0.209796738 0.061739241 0.042027866
v -0.213028071 0.042717069 0.027322709
v -0.215163593 0.023576219 0.012571709
v -0.216194494 0.004360451 -0.002200483
v -0.216119011 -0.014885619 -0.016968946
v -0.214939909 -0.034117582 -0.031708944
v -0.212655588 -0.053290839 -0.046395451
v -0.209277732 -0.072361852 -0.061004092
v -0.204812523 -0.091287077 -0.075510116
v -0.199269339 -0.110023495 -0.089888784
v -0.192668049 -0.128530698 -0.104116640
v -0.185023076 -0.146767997 -0.118169526
v -0.176351780 -0.164695822 -0.132023502
v -0.166674738 -0.182276106 -0.145655055
v -0.156016061 -0.199472791 -0.159041409
v -0.144403716 -0.216252488 -0.172160959
v -0.131861540 -0.232580866 -0.184990981
v -0.118416031 -0.248425165 -0.197509255
v -0.104097462 -0.263755455 -0.209694916
v -0.088939964 -0.278545198 -0.221528878
v -0.072972506 -0.292765355 -0.232990036
v -0.056227356 -0.306389478 -0.244058608
v -0.038740164 -0.319394491 -0.254716711
v -0.020549928 -0.331761630 -0.264949092
v -0.001681787 -0.343459161 -0.274731532
v 0.017814876 -0.354480159 -0.284056285
v 0.037915733 -0.364791340 -0.292897581
v 0.058571185 -0.374389273 -0.301249806
v 0.079746064 -0.383254321 -0.309096191
v 0.101402772 -0.391369573 -0.316421677
v 0.123501510 -0.398721405 -0.323213368
v 0.146000653 -0.405300098 -0.329461031
v 0.168857304 -0.411100491 -0.335157642
v 0.192030384 -0.416115954 -0.340295161
v 0.215487055 -0.420312392 -0.344845713
v 0.239171154 -0.423730514 -0.348835193
v 0.263055283 -0.426309655 -0.352216318
v 0.287085656 -0.428098784 -0.355021258
v 0.311225353 -0.429070410 -0.357226618
v 0.335432116 -0.429213372 -0.358820717
v 0.359661905 -0.428550675 -0.359817148
v 0.383873368 -0.427080236 -0.360211049
v 0.408024590 -0.424802484 -0.359999383
v 0.432073445 -0.421720494 -0.359181069
v 0.455977987 -0.417840080 -0.357757083
v 0.479696900 -0.413169846 -0.355730538
v 0.503189971 -0.407721183 -0.353106716
v 0.526418611 -0.401508200 -0.349893060
v 0.549346387 -0.394547579 -0.346099110
v 0.571920533 -0.386822496 -0.341708186
v 0.594103623 -0.378355977 -0.336734496
v 0.615876124 -0.369194200 -0.331210903
v 0.637196540 -0.359340902 -0.325136953
v 0.657993728 -0.348768884 -0.318486853
v 0.678289640 -0.337571500 -0.311331873
v 0.697996544 -0.325702855 -0.303631023
v 0.717114863 -0.313224229 -0.295430026
v 0.735602677 -0.300144670 -0.286732407
v 0.753419358 -0.286481193 -0.277547744
v 0.770549894 -0.272268581 -0.267900842
v 0.786956862 -0.257526288 -0.257803364
v 0.802600515 -0.242270986 -0.247264729
v 0.817507107 -0.226562388 -0.236331525
v 0.831544956 -0.210365963 -0.224967959
v 0.844823483 -0.193781540 -0.213256914
v 0.857203523 -0.176780285 -0.201166301
v 0.868721529 -0.159418265 -0.188740789
v 0.879412614 -0.141743887 -0.176019224
v 0.889096737 -0.123731982 -0.162969186
v 0.897901325 -0.105461378 -0.149659252
v 0.905824639 -0.086962400 -0.136111980
v 0.912693585 -0.068230880 -0.122311197
v 0.918636093 -0.049329950 -0.108313792
v 0.923657952 -0.030290795 -0.094143545
v 0.927637705 -0.011131802 -0.079805064
v 0.930617399 0.008106934 -0.065331536
v 0.932653134 0.027389867 -0.050753801
v 0.933707872 0.046687565 -0.036091106
v 0.933673184 0.065963871 -0.021362358
v 0.932687844 0.085188745 -0.006600506
v 0.930753111 0.104333273 0.008172701
v 0.927762210 0.123352449 0.022931605
v 0.923770380 0.142217836 0.037650747
v 0.918844489 0.160908533 0.052309440
v 0.912970347 0.179390965 0.066883611
v 0.906035697 0.197601304 0.081333922
v 0.898198704 0.215546131 0.095653390
v 0.889472441 0.233199192 0.109821377
v 0.879745529 0.250484556 0.123789425
v 0.869125265 0.267405056 0.137551583
v 0.857667714 0.283950956 0.151096351
v 0.845291402 0.300046105 0.164372869
v 0.832061793 0.315683405 0.177370913
v 0.818060810 0.330871672 0.190090931
v 0.803197018 0.345513840 0.202467182
v 0.787574964 0.359635001 0.214510605
v 0.771242273 0.373229185 0.226213177
v 0.754115776 0.386185172 0.237497976
v 0.736355947 0.398589362 0.248417612
v 0.717891948 0.410329468 0.258893462
v 0.698820136 0.421448579 0.268950563
v 0.679139464 0.431891298 0.278547623
v 0.658897143 0.441656588 0.287680382
v 0.638119714 0.450714956 0.296324872
v 0.616855362 0.459071292 0.304481202
v 0.595115838 0.466669724 0.312106827
v 0.572980609 0.473572545 0.319242416
v 0.550427698 0.479652932 0.325794978
v 0.527546414 0.484999317 0.331823985
v 0.504366013 0.489591772 0.337312469
v 0.480900536 0.493343881 0.342194996
v 0.457216288 0.496322611 0.346516732
v 0.433348919 0.498513731 0.350264528
v 0.409336663 0.499905776 0.353427120
v 0.385219566 0.500487780 0.355993499
v 0.361039419 0.500242698 0.357948015
v 0.336840187 0.499193082 0.359304378
v 0.312663085 0.497338464 0.360059350
v 0.288549499 0.494681191 0.360211784
v 0.264543424 0.491210662 0.359750708
v 0.240687048 0.486937207 0.358680878
v 0.217019832 0.481877726 0.357012136
v 0.193580623 0.476045250 0.354751481
v 0.170416494 0.469430459 0.351888674
v 0.147568736 0.462045047 0.348429531
v 0.125069556 0.453919170 0.344394240
v 0.102971379 0.445040829 0.339770138
v 0.081306274 0.435439896 0.334577154
v 0.060109899 0.425135558 0.328826968
v 0.039426384 0.414135956 0.322522374
v 0.019298485 0.402454324 0.315669986
v -0.000244612 0.390119956 0.308289270
v -0.019162832 0.377149388 0.300389308
v -0.037416579 0.363561384 0.291980746
v -0.054979807 0.349386947 0.283084205
v -0.071820206 0.334650828 0.273715033
v -0.087889563 0.319367629 0.263879597
v -0.103170542 0.303574673 0.253603312
v -0.117630108 0.287297993 0.242901735
v -0.131234315 0.270564514 0.231790693
v -0.143953361 0.253404553 0.220288511
v -0.155761415 0.235850916 0.208415310
v -0.166636372 0.217938182 0.196192443
v -0.176557297 0.199701471 0.183641342
v -0.185486647 0.181171928 0.170778383
v -0.193418102 0.162390720 0.157629801
v -0.200328981 0.143394608 0.144216451
v -0.206199077 0.124222192 0.130560150
v -0.211012441 0.104913833 0.116683816
v -0.214756937 0.085511090 0.102611059
v -0.217423836 0.066056306 0.088365881
v -0.219007467 0.046592293 0.073972475
v -0.219498250 0.027162582 0.059454477
v -0.218892632 0.007811392 0.044836313
v -0.217196373 -0.011417606 0.030142982
v -0.214404682 -0.030479098 0.015398749
v -0.210530420 -0.049330111 0.000628715
v -0.205578106 -0.067926208 -0.014142403
v -0.199560568 -0.086224592 -0.028889705
v -0.192493470 -0.104183656 -0.043588485
v -0.184391602 -0.121761591 -0.058213861
v -0.175275593 -0.138919041 -0.072741280
v -0.165171994 -0.155620035 -0.087146945
v -0.154094621 -0.171822728 -0.101405100
v -0.142077777 -0.187496167 -0.115492875
v -0.129149007 -0.202607047 -0.129386531
v -0.115337843 -0.217123981 -0.143062650
v -0.100676657 -0.231018411 -0.156498535
v -0.085196678 -0.244261755 -0.169671134
v -0.068928912 -0.256825459 -0.182556913
v -0.051918129 -0.268694759 -0.195138055
v -0.034189767 -0.279837454 -0.207388724
v -0.015786522 -0.290239035 -0.219290715
v 0.003253222 -0.299882149 -0.230824402
v 0.022891835 -0.308749452 -0.241969935
v 0.043089317 -0.316827640 -0.252709295
v 0.063805812 -0.324104518 -0.263024926
v 0.085008095 -0.330556306 -0.272892645
v 0.106642487 -0.336197228 -0.282309116
v 0.128682456 -0.340990407 -0.291242311
v 0.151076854 -0.344949647 -0.299688814
v 0.173785969 -0.348066837 -0.307632792
v 0.196769392 -0.350335019 -0.315058890
v 0.219985396 -0.351750901 -0.321953837
v 0.243391432 -0.352315349 -0.328306936
v 0.266944801 -0.352033876 -0.334110599
v 0.290603998 -0.350911039 -0.339356829
v 0.314328596 -0.348922184 -0.344017519
v 0.338074565 -0.346119101 -0.348116794
v 0.361800222 -0.342457461 -0.351612421
v 0.385466241 -0.337994644 -0.354533641
v 0.409028074 -0.332701759 -0.356848152
v 0.432445197 -0.326599881 -0.358559547
v 0.455679611 -0.319712545 -0.359673817
v 0.478690759 -0.312048104 -0.360185672
v 0.501438119 -0.303617482 -0.360091626
v 0.523881560 -0.294434215 -0.359390120
v 0.545981744 -0.284514457 -0.358081645
v 0.567700558 -0.273876928 -0.356168816
v 0.589001577 -0.262542797 -0.353656431
v 0.609850540 -0.250535501 -0.350551467
v 0.630215831 -0.237880488 -0.346863032
v 0.650068948 -0.224604869 -0.342602257
v 0.669335228 -0.210688499 -0.337734752
v 0.688018065 -0.196197489 -0.332307556
v 0.706103157 -0.181168854 -0.326342608
v 0.723507679 -0.165584398 -0.319804693
v 0.740235266 -0.149500776 -0.312734352
v 0.756280824 -0.132957748 -0.305157976
v 0.771537781 -0.115936398 -0.297033431
v 0.786100805 -0.098533808 -0.288454243
v 0.799790166 -0.080700844 -0.279337342
v 0.812756307 -0.062549265 -0.269801653
v 0.824799139 -0.044036491 -0.259763195
v 0.836065457 -0.025256579 -0.249327539
v 0.846401661 -0.006198024 -0.238445057
v 0.855878404 0.013081279 -0.227175411
v 0.864466238 0.032552786 -0.215530631
v 0.872078101 0.052196234 -0.203501363
v 0.878825946 0.071958453 -0.191155157
v 0.884579143 0.091820088 -0.178470252
v 0.889375543 0.111741541 -0.165484655
v 0.893271696 0.131687921 -0.152238130
v 0.896132236 0.151625599 -0.138717666
v 0.898023842 0.171520082 -0.124965498
v 0.898994675 0.191342656 -0.111014802
v 0.898951014 0.211050936 -0.096869984
v 0.897898179 0.230609472 -0.082557373
v 0.895920438 0.249998795 -0.068113426
v 0.892999742 0.269184756 -0.053557241
v 0.889012528 0.288101335 -0.038901761
v 0.884112789 0.306753333 -0.024185267
v 0.878307396 0.325112594 -0.009429393
v 0.871510812 0.343114400 0.005343545
v 0.863763991 0.360736254 0.020106667
v 0.855145118 0.377975932 0.034837262
v 0.845659689 0.394803651 0.049512927
v 0.835187270 0.411119058 0.064095755
v 0.823891676 0.426969796 0.078574902
v 0.811790804 0.442332798 0.092929326
v 0.798813362 0.457122952 0.107118545
v 0.785021388 0.471339014 0.121124911
v 0.770491248 0.484996970 0.134939005
v 0.755190107 0.498029738 0.148522615
v 0.739122908 0.510394320 0.161844225
v 0.722396673 0.522141612 0.174910648
v 0.704981768 0.533196872 0.187677443
v 0.686897281 0.543527535 0.200116613
v 0.668242748 0.553194356 0.212243924
v 0.648963939 0.562075841 0.223988793
v 0.629151000 0.570229504 0.235367256
v 0.608836632 0.577642263 0.246361337
v 0.588010835 0.584231064 0.256915512
v 0.566778949 0.590103209 0.267076649
v 0.545092608 0.595089697 0.276739329
v 0.523073925 0.599355645 0.285986441
v 0.500685831 0.602721995 0.294702503
v 0.478029657 0.605344182 0.302969221
v 0.455094886 0.607073654 0.310685379
v 0.431954762 0.608016560 0.317905712
v 0.408633595 0.608121322 0.324587611
v 0.385171529 0.607371438 0.330708807
v 0.361615466 0.605822426 0.336295658
v 0.338000026 0.603434457 0.341311060
v 0.314368313 0.600195554 0.345735160
v 0.290761437 0.596151272 0.349588919
v 0.267218681 0.591299866 0.352860685
v 0.243780634 0.585642940 0.355540815
v 0.220488606 0.579185401 0.357621797
v 0.197384087 0.571935338 0.359098309
v 0.174508254 0.563903850 0.359967227
v 0.151901543 0.555104820 0.360227584
v 0.129603275 0.545554668 0.359880487
v 0.107651353 0.535272083 0.358929011
v 0.086082010 0.524277746 0.357378068
v 0.064929619 0.512594051 0.355234260
v 0.044246867 0.500217665 0.352481329
v 0.024060813 0.487184322 0.349137133
v 0.004402751 0.473521151 0.345212371
v -0.014678643 0.459235837 0.340699510
v -0.033156947 0.444362239 0.335615191
v -0.051004527 0.428929886 0.329972672
v -0.068176999 0.412955007 0.323771409
v -0.084641437 0.396465341 0.317021881
v -0.100374864 0.379494943 0.309741553
v -0.115347448 0.362072645 0.301942324
v -0.129518946 0.344222830 0.293630076
v -0.142870510 0.325981883 0.284824658
v -0.155385337 0.307385659 0.275545961
v -0.167014918 0.288458328 0.265796967
v -0.177759173 0.269242555 0.255606432
v -0.187580473 0.249768387 0.244983881
v -0.196458820 0.230072653 0.233948041
v -0.204380231 0.210193457 0.222519871
v -0.211326975 0.190168262 0.210718489
v -0.217270351 0.170034468 0.198559443
v -0.222210267 0.149833002 0.186068324
v -0.226129453 0.129603535 0.173264520
v -0.229017543 0.109386830 0.160169609
v -0.230859070 0.089224991 0.146803977
v -0.231654856 0.069159879 0.133192051
v -0.231398828 0.049234252 0.119356247
v -0.230089063 0.029491171 0.105319807
v -0.227727274 0.009973661 0.091106473
v -0.224308448 -0.009272565 0.076739019
v -0.219846926 -0.028206191 0.062242877
v -0.214351588 -0.046784436 0.047642302
v -0.207825621 -0.064961442 0.032961194
v -0.200293137 -0.082699250 0.018224928
v -0.191761595 -0.099952455 0.003457861
v -0.182257771 -0.116684617 -0.011314971
v -0.171799431 -0.132854797 -0.026068767
v -0.160412915 -0.148426874 -0.040778714
v -0.148124526 -0.163365155 -0.055420062
v -0.134964905 -0.177637434 -0.069968366
v -0.120960519 -0.191208525 -0.084398521
v -0.106150088 -0.204054212 -0.098687156
v -0.090566008 -0.216145937 -0.112810047
v -0.074242603 -0.227457432 -0.126743116
v -0.057216191 -0.237965150 -0.140462612
v -0.039525113 -0.247648817 -0.153945376
v -0.021209713 -0.256492101 -0.167169224
v -0.002312214 -0.264483442 -0.180113465
v 0.017134358 -0.271597947 -0.192752542
v 0.037081210 -0.277837579 -0.205070127
v 0.057494500 -0.283179738 -0.217040714
v 0.078329943 -0.287621876 -0.228646112
v 0.099545185 -0.291160295 -0.239867784
v 0.121098475 -0.293792172 -0.250687581
v 0.142952019 -0.295502812 -0.261081572
v 0.165059905 -0.296303887 -0.271037907
v 0.187380714 -0.296197702 -0.280540742
v 0.209874532 -0.295178355 -0.289569727
v 0.232499325 -0.293250642 -0.298109826
v 0.255212784 -0.290427763 -0.306150751
v 0.277974267 -0.286713048 -0.313676869
v 0.300742747 -0.282113647 -0.320674545
v 0.323477394 -0.276640873 -0.327132633
v 0.346138324 -0.270310513 -0.333043001
v 0.368686547 -0.263137692 -0.338397452
v 0.391076816 -0.255109527 -0.343168129
v 0.413279169 -0.246285194 -0.347377197
v 0.435243971 -0.236639009 -0.350987079
v 0.456947195 -0.226233281 -0.354024406
v 0.478333940 -0.215041115 -0.356448477
v 0.499378326 -0.203111741 -0.358277216
v 0.520046097 -0.190468838 -0.359509472
v 0.540300101 -0.177130662 -0.360139537
v 0.560103810 -0.163117951 -0.360163474
v 0.579421671 -0.148453897 -0.359579255
v 0.598219489 -0.133164049 -0.358386879
v 0.616464829 -0.117276172 -0.356588469
v 0.634127428 -0.100820025 -0.354188327
v 0.651179618 -0.083827087 -0.351192953
v 0.667596720 -0.066330188 -0.347611012
v 0.683357428 -0.048363084 -0.343453239
v 0.698429257 -0.029951423 -0.338720516
v 0.712747315 -0.011106911 -0.333390875
v 0.726345756 0.008104806 -0.327519033
v 0.739200302 0.027655700 -0.321111000
v 0.751213824 0.047540675 -0.314126474
v 0.762470784 0.067686230 -0.306647396
v 0.772863233 0.088087717 -0.298628385
v 0.782435937 0.108690880 -0.290122103
v 0.791136431 0.129470457 -0.281120365
v 0.798973167 0.150384985 -0.271651941
v 0.805906720 0.171403091 -0.261718169
v 0.811974365 0.192483721 -0.251360447
v 0.817080140 0.213595106 -0.240555153
v 0.821349196 0.234700207 -0.229380472
v 0.824595671 0.255756816 -0.217779008
v 0.826971543 0.276737693 -0.205835005
v 0.828423660 0.297604279 -0.193548067
v 0.828883460 0.318309886 -0.180915843
v 0.828470636 0.338840673 -0.168000097
v 0.827099057 0.359143815 -0.154794368
v 0.824761358 0.379180069 -0.141319118
v 0.821550560 0.398941908 -0.127620407
v 0.817408099 0.418375929 -0.113704435
v 0.812297066 0.437430009 -0.099586292
v 0.806328443 0.456112952 -0.085310179
v 0.799504960 0.474393927 -0.070895988
v 0.791692679 0.492166421 -0.056348458
v 0.783053976 0.509476382 -0.041712234
v 0.773601111 0.526297471 -0.027008749
v 0.763272752 0.542552376 -0.012257465
v 0.752096541 0.558216813 0.002514562
v 0.740156765 0.573311252 0.017282105
v 0.727471491 0.587813087 0.032023401
v 0.713934544 0.601587864 0.046704382
v 0.699695676 0.614719522 0.061309055
v 0.684779270 0.627191063 0.075816234
v 0.669148730 0.638918599 0.090191433
v 0.652835878 0.649883885 0.104409398
v 0.635924855 0.660133736 0.118460937
v 0.618418620 0.669622640 0.132317164
v 0.600290453 0.678254921 0.145932057
v 0.581652988 0.686129985 0.159315575
v 0.562518986 0.693211344 0.172439935
v 0.542862966 0.699385328 0.185247681
v 0.522793724 0.704774853 0.197764732
v 0.502312440 0.709309999 0.209948243
v 0.481438479 0.712945490 0.221762192
v 0.460251869 0.715784327 0.233233276
v 0.438735102 0.717673926 0.244276972
v 0.416967503 0.718738147 0.254932926
v 0.394966895 0.718908671 0.265151890
v 0.372774416 0.718200590 0.274924712
v 0.350431361 0.716627276 0.284241140
v 0.327970848 0.714164705 0.293071947
v 0.305435694 0.710839020 0.301413947
v 0.282862307 0.706654902 0.309253831
v 0.260291248 0.701586067 0.316557735
v 0.237757073 0.695716357 0.323361055
v 0.215307542 0.688943017 0.329580525
v 0.192973937 0.681366279 0.335262920
v 0.170791063 0.672995397 0.340398459
v 0.148810608 0.663786564 0.344937819
v 0.127064704 0.653788914 0.348896540
v 0.105586543 0.643029848 0.352276557
v 0.084414574 0.631520736 0.355067802
v 0.063587209 0.619276363 0.357262299
v 0.043142326 0.606314691 0.358854237
v 0.023116821 0.592656565 0.359839997
v 0.003546235 0.578325398 0.360218117
v -0.015535556 0.563346834 0.359989223
v -0.034096576 0.547748412 0.359155930
v -0.052106941 0.531559228 0.357722716
v -0.069538973 0.514809616 0.355695783
v -0.086334229 0.497504531 0.353052423
v -0.102489583 0.479697082 0.349823407
v -0.117970724 0.461412925 0.346009158
v -0.132739709 0.442676833 0.341607936
v -0.146775174 0.423525518 0.336632500
v -0.160060664 0.403996110 0.331097984
v -0.172553247 0.384113876 0.325000634
v -0.184233525 0.363916401 0.318354450
v -0.195085651 0.343441506 0.311175069
v -0.205087767 0.322724675 0.303473972
v -0.214216240 0.301801641 0.295261893
v -0.222444134 0.280708722 0.286548310
v -0.229772327 0.259486975 0.277357736
v -0.236172616 0.238173223 0.267699044
v -0.241639605 0.216807096 0.257592726
v -0.246144813 0.195428113 0.247048640
v -0.249691175 0.174076743 0.236090973
v -0.252265929 0.152793503 0.224736602
v -0.253861279 0.131619397 0.213004556
v -0.254473804 0.110595331 0.200915388
v -0.254086179 0.089765829 0.188484977
v -0.252713767 0.069169346 0.175740061
v -0.250342745 0.048851686 0.162697796
v -0.246985341 0.028852357 0.149383087
v -0.242641762 0.009214973 0.135817102
v -0.237317077 -0.010017357 0.122022329
v -0.231020504 -0.028802337 0.108022102
v -0.223764805 -0.047098676 0.093840262
v -0.215565792 -0.064866202 0.079500915
v -0.206437960 -0.082063267 0.065027799
v -0.196397202 -0.098647892 0.050444935
v -0.185473443 -0.114587477 0.035777684
v -0.173679957 -0.129836466 0.021049841
v -0.161054112 -0.144368053 0.006286825
v -0.147616227 -0.158140817 -0.008486828
v -0.133403677 -0.171128828 -0.023246220
v -0.118445629 -0.183298362 -0.037966454
v -0.102779614 -0.194624851 -0.052622924
v -0.086439531 -0.205079911 -0.067190674
v -0.069468024 -0.214647522 -0.081646031
v -0.051897260 -0.223297202 -0.095963189
v -0.033772343 -0.231018807 -0.110119115
v -0.015133705 -0.237796807 -0.124089974
v 0.003977665 -0.243617830 -0.137852112
v 0.023519702 -0.248472134 -0.151382458
v 0.043449466 -0.252354244 -0.164658894
v 0.063727130 -0.255251718 -0.177657102
v 0.084307951 -0.257167869 -0.190357005
v 0.105150661 -0.258098365 -0.202736238
v 0.126211818 -0.258050157 -0.214776049
v 0.147450720 -0.257021509 -0.226454638
v 0.168825979 -0.255014506 -0.237751210
v 0.190295920 -0.252035634 -0.248646480
v 0.211819142 -0.248096394 -0.259123304
v 0.233355318 -0.243213939 -0.269167458
v 0.254864379 -0.237386799 -0.278755914
v 0.276307560 -0.230643152 -0.287879964
v 0.297643556 -0.222976224 -0.296512970
v 0.318835909 -0.214420721 -0.304650193
v 0.339846309 -0.204989947 -0.312275728
v 0.360636993 -0.194700944 -0.319375594
v 0.381171369 -0.183574689 -0.325938210
v 0.401414797 -0.171636203 -0.331954919
v 0.421333318 -0.158909866 -0.337417089
v 0.440880472 -0.145395982 -0.342297581
v 0.460041171 -0.131157209 -0.346616413
v 0.478764178 -0.116186775 -0.350340283
v 0.497040815 -0.100548334 -0.353493383
v 0.514804969 -0.084221953 -0.356027530
v 0.532055456 -0.067276365 -0.357973639
v 0.548760044 -0.049736204 -0.359324004
v 0.564887371 -0.031628445 -0.360072506
v 0.580399166 -0.012975880 -0.360207022
v 0.595275504 0.006181864 -0.359734005
v 0.609496456 0.025807231 -0.358658957
v 0.623039079 0.045865848 -0.356984145
v 0.635868678 0.066329344 -0.354702143
v 0.647963428 0.087160421 -0.351817242
v 0.659313322 0.108317341 -0.348342763
v 0.669905806 0.129761629 -0.344289026
v 0.679731972 0.151455227 -0.339668327
v 0.688737050 0.173371708 -0.334460555
v 0.696916183 0.195467440 -0.328682987
v 0.704302704 0.217697271 -0.322376135
v 0.710820186 0.240033012 -0.315507966
v 0.716488909 0.262430222 -0.308110991
v 0.721329976 0.284852147 -0.300214658
v 0.725249099 0.307258309 -0.291782127
v 0.728362146 0.329616448 -0.282896650
v 0.730518331 0.351874938 -0.273493268
v 0.731865965 0.374014820 -0.263668214
v 0.732263993 0.395974436 -0.253366936
v 0.731824004 0.417739509 -0.242661862
v 0.730485339 0.439257660 -0.231541555
v 0.728251135 0.460491725 -0.220025138
v 0.725210064 0.481436257 -0.208167443
v 0.721191948 0.501986278 -0.195916917
v 0.716371186 0.522175402 -0.183360806
v 0.710716836 0.541954724 -0.170503620
v 0.704147539 0.561241224 -0.157336003
v 0.696796931 0.580069218 -0.143920843
v 0.688644379 0.598390147 -0.130268585
v 0.679613402 0.616110184 -0.116377803
v 0.669835967 0.633279530 -0.102303011
v 0.659325065 0.649871677 -0.088064234
v 0.647974277 0.665753128 -0.073660880
v 0.635916204 0.680991818 -0.059139574
v 0.623177870 0.695572526 -0.044523375
v 0.609723563 0.709413279 -0.029829423
v 0.595570230 0.722480080 -0.015083585
v 0.580802355 0.734819213 -0.000314173
v 0.565442052 0.746412018 0.014457045
v 0.549421987 0.757111625 0.029201333
v 0.532855954 0.767015553 0.043896967
v 0.515777285 0.776120468 0.058522702
v 0.498177399 0.784351059 0.073048481
v 0.480073789 0.791666045 0.087444719
v 0.461545913 0.798143710 0.101701005
v 0.442618151 0.803766868 0.115794929
v 0.423262230 0.808382418 0.129671793
v 0.403576913 0.812137650 0.143341974
v 0.383591810 0.815029261 0.156786457
v 0.363292130 0.816894152 0.169937940
v 0.342758137 0.817878782 0.182817339
v 0.322022054 0.817987805 0.195407823
v 0.301088196 0.817061319 0.207632324
v 0.280024408 0.815276142 0.219533252
v 0.258853981 0.812556466 0.231061557
v 0.237612083 0.808886195 0.242189024
v 0.216339387 0.804371069 0.252940972
v 0.195070855 0.798850347 0.263221927
v 0.173838989 0.792519631 0.273103902
v 0.152691094 0.785222098 0.282486005
v 0.131646743 0.777122306 0.291433407
v 0.110764829 0.768087506 0.299849639
v 0.090052621 0.758277148 0.307804743
v 0.069580258 0.747565158 0.315198776
v 0.049353052 0.736081825 0.322089358
v 0.029416135 0.723804459 0.328439438
v 0.009818765 0.710724659 0.334216217
v -0.009430091 0.696919734 0.339450503
v -0.028293737 0.682398684 0.344125003
v -0.046705907 0.667133140 0.348187674
v -0.064665692 0.651202387 0.351675003
v -0.082139085 0.634626591 0.354576512
v -0.099092875 0.617429279 0.356883773
v -0.115495097 0.599636983 0.358590496
v -0.131315395 0.581278853 0.359692568
v -0.146525320 0.562386256 0.360188034
v -0.161098556 0.542992367 0.360077038
v -0.175011077 0.523131781 0.359361732
v -0.188241253 0.502840134 0.358046155
v -0.200767910 0.482152773 0.356134478
v -0.212533502 0.461088699 0.353601972
v -0.223560030 0.439705348 0.350488351
v -0.233809126 0.418031346 0.346784569
v -0.243259463 0.396103558 0.342495371
v -0.251893942 0.373961138 0.337629013
v -0.259709564 0.351645080 0.332202819
v -0.266667066 0.329190155 0.326209955
v -0.272762475 0.306638471 0.319667588
v -0.277987929 0.284030337 0.312589700
v -0.282330980 0.261405718 0.304987342
v -0.285783292 0.238804940 0.296874036
v -0.288321087 0.216270288 0.288255021
v -0.289952750 0.193842008 0.279153299
v -0.290676342 0.171560414 0.269585687
v -0.290472494 0.149469938 0.259560431
v -0.289349205 0.127610474 0.249099535
v -0.287306895 0.106023178 0.238220862
v -0.284343322 0.084750800 0.226941111
v -0.280461269 0.063835286 0.215279213
v -0.275667802 0.043317345 0.203255683
v -0.269973018 0.023236507 0.190891889
v -0.263370712 0.003642036 0.178203317
v -0.255890148 -0.015435386 0.165217830
v -0.247532766 -0.033948689 0.151953385
v -0.238315331 -0.051858699 0.138433004
v -0.228257646 -0.069128048 0.124680185
v -0.217378547 -0.085717984 0.110717845
v -0.205700215 -0.101591628 0.096569522
v -0.193240970 -0.116706982 0.082257874
v -0.180033038 -0.131034727 0.067808243
v -0.166106421 -0.144543598 0.053245010
v -0.151483477 -0.157191664 0.038591556
v -0.136207104 -0.168962144 0.023873683
v -0.120302220 -0.179813583 0.009115345
v -0.103813858 -0.189733366 -0.005658194
v -0.086773820 -0.198688158 -0.020422184
v -0.069226148 -0.206665569 -0.035151922
v -0.051208363 -0.213641484 -0.049822374
v -0.032765163 -0.219607638 -0.064409364
v -0.013935374 -0.224542389 -0.078887434
v 0.005234525 -0.228445816 -0.093233301
v 0.024702320 -0.231308751 -0.107422694
v 0.044425825 -0.233121970 -0.121430874
v 0.064360624 -0.233887790 -0.135234897
v 0.084463585 -0.233607407 -0.148811638
v 0.104692378 -0.232278999 -0.162136959
v 0.125003819 -0.229915109 -0.175190115
v 0.145356427 -0.226525749 -0.187950043
v 0.165709065 -0.222108946 -0.200391666
v 0.186021152 -0.216685618 -0.212496852
v 0.206253119 -0.210269279 -0.224245343
v 0.226365709 -0.202872323 -0.235616314
v 0.246320492 -0.194511392 -0.246590392
v 0.266080550 -0.185207816 -0.257150264
v 0.285611381 -0.174988021 -0.267281441
v 0.304870010 -0.163849397 -0.276954772
v 0.323831947 -0.151847384 -0.286170652
v 0.342453103 -0.138978192 -0.294898378
v 0.360705827 -0.125281945 -0.303131242
v 0.378558289 -0.110785422 -0.310855583
v 0.395978325 -0.095514396 -0.318057089
v 0.412935823 -0.079498121 -0.324723760
v 0.429403483 -0.062769254 -0.330846427
v 0.445354308 -0.045359597 -0.336415804
v 0.460744765 -0.027282861 -0.341405914
v 0.475574348 -0.008601394 -0.345834457
v 0.489796000 0.010674226 -0.349672032
v 0.503409635 0.030487226 -0.352934950
v 0.516357470 0.050830837 -0.355585256
v 0.528650874 0.071642730 -0.357648735
v 0.540264891 0.092891022 -0.359117308
v 0.551165758 0.114546919 -0.359975923
v 0.561333374 0.136571892 -0.360221759
v 0.570763333 0.158920860 -0.359864727
v 0.579439315 0.181555540 -0.358904558
v 0.587347573 0.204436699 -0.357343038
v 0.594477173 0.227524543 -0.355184066
v 0.600807144 0.250781201 -0.352424063
v 0.606313588 0.274166856 -0.349057998
v 0.611011769 0.297636770 -0.345109324
v 0.614902347 0.321151244 -0.340589963
v 0.617989390 0.344672402 -0.335513671
v 0.620187161 0.368155527 -0.329834172
v 0.621576527 0.391563139 -0.323618177
v 0.622161583 0.414860648 -0.316878545
v 0.621844606 0.437989275 -0.309564830
v 0.620750378 0.460934927 -0.301767331
v 0.618776702 0.483632771 -0.293434294
v 0.616008929 0.506067090 -0.284629267
v 0.612387637 0.528178237 -0.275328564
v 0.607981280 0.549952284 -0.265583557
v 0.602723713 0.571319010 -0.255369015
v 0.596728498 0.592295017 -0.244758599
v 0.589861008 0.612762687 -0.233693591
v 0.582281881 0.632776428 -0.222269175
v 0.573902298 0.652235552 -0.210453376
v 0.564774422 0.671132616 -0.198284460
v 0.554965132 0.689478614 -0.185805480
v 0.544357586 0.707127018 -0.172978520
v 0.533090773 0.724153861 -0.159877487
v 0.521186642 0.740539382 -0.146523370
v 0.508542047 0.756122294 -0.132892078
v 0.495299011 0.771006651 -0.119051415
v 0.481475687 0.785168991 -0.105020839
v 0.467009977 0.798471429 -0.090797827
v 0.451990260 0.810974888 -0.076425706
v 0.436458820 0.822687388 -0.061931413
v 0.420404912 0.833530873 -0.047330432
v 0.403839783 0.843453519 -0.032645781
v 0.386841344 0.852529711 -0.017909589
v 0.369434946 0.860745434 -0.003143539
v 0.351591571 0.867950728 0.011628412
v 0.333391991 0.874247192 0.026380149
v 0.314872991 0.879647279 0.041089842
v 0.296046992 0.884088946 0.055730655
v 0.276931826 0.887507579 0.070271250
v 0.257591102 0.890009834 0.084698890
v 0.238053949 0.891593222 0.098992666
v 0.218326024 0.892098480 0.113101876
v 0.198466890 0.891668665 0.127027285
v 0.178508718 0.890321538 0.140751835
v 0.158475516 0.887934737 0.154222963
v 0.138407891 0.884588140 0.167436018
v 0.118338581 0.880342134 0.180386077
v 0.098305204 0.875068210 0.193009367
v 0.078338805 0.868870306 0.205314937
v 0.058466951 0.861796774 0.217297924
v 0.038746654 0.853696279 0.228874452
v 0.019183276 0.844761689 0.240097473
v -0.000168318 0.834898803 0.250901397
v -0.019284698 0.824164859 0.261286856
v -0.038135885 0.812587907 0.271241390
v -0.056674097 0.800140651 0.280723988
v -0.074890036 0.786906191 0.289752668
v -0.092726809 0.772844967 0.298276541
v -0.110174344 0.758028213 0.306309626
v -0.127196135 0.742463949 0.313829113
v -0.143747243 0.726158091 0.320805774
v -0.159838645 0.709194103 0.327271767
v -0.175386753 0.691525608 0.333155852
v -0.190400591 0.673232270 0.338487742
v -0.204861934 0.654349741 0.343265422
v -0.218727438 0.634889989 0.347462604
v -0.231954844 0.614873558 0.351056292
v -0.244548883 0.594359448 0.354067197
v -0.256483478 0.573378263 0.356486450
v -0.267734446 0.551963290 0.358307291
v -0.278279779 0.530150031 0.359525120
v -0.288099835 0.507975734 0.360137490
v -0.297177472 0.485478945 0.360144062
v -0.305498111 0.462699072 0.359546520
v -0.313049748 0.439675997 0.358348462
v -0.319809693 0.416446976 0.356545361
v -0.325750853 0.393050378 0.354129999
v -0.330896077 0.369533039 0.351131966
v -0.335210801 0.345932286 0.347538580
v -0.338694310 0.322290108 0.343361776
v -0.341333128 0.298648418 0.338604669
v -0.343138806 0.275047618 0.333287097
v -0.344078302 0.251531764 0.327399282
v -0.344163136 0.228142113 0.320961190
v -0.343394107 0.204919869 0.313985331
v -0.341769026 0.181907016 0.306482311
v -0.339289855 0.159144887 0.298465292
v -0.335953774 0.136676979 0.289944655
v -0.331760591 0.114547078 0.280932512
v -0.326735142 0.092788062 0.271454871
v -0.320858406 0.071453472 0.261513317
v -0.314160865 0.050573061 0.251136423
v -0.306645384 0.030190758 0.240337568
v -0.298320547 0.010348847 0.229133261
v -0.289199680 -0.008912480 0.217542326
v -0.279300011 -0.027555363 0.205585236
v -0.268641952 -0.045544369 0.193283580
v -0.257243331 -0.062841281 0.180657470
v -0.245120481 -0.079404863 0.167726252
v -0.232299333 -0.095202267 0.154513100
v -0.218805543 -0.110200128 0.141040599
v -0.204663914 -0.124362802 0.127330724
v -0.189902701 -0.137657498 0.113406475
v -0.174552930 -0.150054154 0.099291486
v -0.158647871 -0.161525281 0.085009751
v -0.142221197 -0.172042960 0.070585084
v -0.125306186 -0.181576206 0.056041124
v -0.107945765 -0.190113372 0.041403498
v -0.090173406 -0.197620192 0.026695746
v -0.072035251 -0.204093496 0.011943411
v -0.053567712 -0.209501684 -0.002829174
v -0.034818019 -0.213847516 -0.017596994
v -0.015826463 -0.217108853 -0.032335079
v 0.003360895 -0.219289080 -0.047019010
v 0.022701467 -0.220374333 -0.061623496
v 0.042149748 -0.220374715 -0.076124953
v 0.061662691 -0.219279120 -0.090497626
v 0.081196042 -0.217099945 -0.104718214
v 0.100706856 -0.213844018 -0.118762864
v 0.120152746 -0.209519348 -0.132607732
v 0.139492088 -0.204137458 -0.146229439
v 0.158684454 -0.197713803 -0.159605386
v 0.177691192 -0.190268245 -0.172714203
v 0.196470343 -0.181803806 -0.185529429
v 0.214989951 -0.172362431 -0.198036157
v 0.233207712 -0.161944387 -0.210206303
v 0.251092585 -0.150586337 -0.222023883
v 0.268610289 -0.138311169 -0.233468431
v 0.285728048 -0.125144480 -0.244520492
v 0.302415692 -0.111115940 -0.255162594
v 0.318640076 -0.096248779 -0.265374060
v 0.334371811 -0.080573351 -0.275137457
v 0.349588710 -0.064129001 -0.284441328
v 0.364259922 -0.046941426 -0.293266183
v 0.378356379 -0.029039742 -0.301594023
v 0.391860554 -0.010466331 -0.309416552
v 0.404747846 0.008746004 -0.316719137
v 0.416996444 0.028561624 -0.323489375
v 0.428588018 0.048942303 -0.329717603
v 0.439503832 0.069850932 -0.335393664
v 0.449707499 0.091261581 -0.340493174
v 0.459211846 0.113115570 -0.345031349
v 0.467978758 0.135388044 -0.348982325
v 0.476014027 0.158028417 -0.352355251
v 0.483275769 0.181009805 -0.355121605
v 0.489785349 0.204277650 -0.357302431
v 0.495526665 0.227794900 -0.358889287
v 0.500456942 0.251528997 -0.359853498
v 0.504598354 0.275429686 -0.360216278
v 0.507943055 0.299456135 -0.359975667
v 0.510484773 0.323567046 -0.359130920
v 0.512219948 0.347720774 -0.357683343
v 0.513147865 0.371875753 -0.355636356
v 0.513270747 0.395990974 -0.352995514
v 0.512577223 0.420023932 -0.349756433
v 0.511054296 0.443928940 -0.345913839
v 0.508736516 0.467669471 -0.341496891
v 0.505637261 0.491209128 -0.336519025
v 0.501739925 0.514502629 -0.330972284
v 0.497026512 0.537498069 -0.324848327
v 0.491572077 0.560182883 -0.318204125
v 0.485326487 0.582493200 -0.311008654
v 0.478324573 0.604399592 -0.303290668
v 0.470601515 0.625880765 -0.295078393
v 0.462110240 0.646859600 -0.286344410
v 0.452946318 0.667357178 -0.277157694
v 0.443038112 0.687271268 -0.267475055
v 0.432484355 0.706634997 -0.257366651
v 0.421243575 0.725361760 -0.246810204
v 0.409364880 0.743448089 -0.235842595
v 0.396884762 0.760881178 -0.224492253
v 0.383758909 0.777555447 -0.212736693
v 0.370098778 0.793550578 -0.200650964
v 0.355854460 0.808743227 -0.188210195
v 0.341079127 0.823145787 -0.175452753
v 0.325831522 0.836789522 -0.162419278
v 0.310065592 0.849528005 -0.149090093
v 0.293857347 0.861424012 -0.135515563
v 0.277249450 0.872493279 -0.121725911
v 0.260221525 0.882609652 -0.107718584
v 0.242825892 0.891804770 -0.093529417
v 0.225112020 0.900118983 -0.079191253
v 0.207090850 0.907486890 -0.064718808
v 0.188776184 0.913831136 -0.050130133
v 0.170231467 0.919255455 -0.035462143
v 0.151484355 0.923751019 -0.020736351
v 0.132541856 0.927173932 -0.005972421
v 0.113456228 0.929621032 0.008800383
v 0.094262115 0.931121606 0.023559155
v 0.074986188 0.931629462 0.038279367
v 0.055658827 0.931060577 0.052929931
v 0.036318699 0.929544082 0.067494957
v 0.016994740 0.927083237 0.081953194
v -0.002273276 0.923545258 0.096261656
v -0.021456793 0.919039064 0.110409980
v -0.040529522 0.913609350 0.124383044
v -0.059446880 0.907176423 0.138139617
v -0.078175340 0.899757607 0.151656446
v -0.096701832 0.891452220 0.164933760
v -0.114975361 0.882192056 0.177926711
v -0.132961001 0.871986815 0.190610253
v -0.150659250 0.860947028 0.202995863
v -0.167995881 0.848972119 0.215018153
v -0.184968738 0.836153542 0.226684720
v -0.201562181 0.822538030 0.237988627
v -0.217691156 0.808038472 0.248857800
v -0.233406247 0.792822073 0.259346741
v -0.248595915 0.776775398 0.269361033
v -0.263313452 0.760046215 0.278955246
v -0.277464223 0.742567775 0.288052272
v -0.291090419 0.724452623 0.296694879
v -0.304094067 0.705647311 0.304804847
v -0.316539189 0.686274265 0.312442188
v -0.328304733 0.666270584 0.319510600
v -0.339451323 0.645745909 0.326066292
v -0.349940459 0.624714305 0.332082127
v -0.359707183 0.603181369 0.337510482
v -0.368791448 0.581223077 0.342388811
v -0.377169215 0.558868452 0.346702276
v -0.384796548 0.536140713 0.350420696
v -0.391662095 0.513082854 0.353540111
v -0.397772711 0.489742663 0.356070564
v -0.403113340 0.466157974 0.358004835
v -0.407671560 0.442368313 0.359337840
v -0.411437671 0.418414391 0.360066645
v -0.414404711 0.394337629 0.360190428
v -0.416568423 0.370179716 0.359710404
v -0.417927173 0.345982211 0.358629721
v -0.418456445 0.321787513 0.356934661
v -0.418165393 0.297638786 0.354636532
v -0.417073946 0.273575764 0.351754262
v -0.415153102 0.249644517 0.348271171
v -0.412424209 0.225883855 0.344207112
v -0.408877286 0.202339391 0.339559408
v -0.404538104 0.179046117 0.334350737
v -0.399382496 0.156056344 0.328568527
v -0.393435879 0.133405613 0.322235152
v -0.386708067 0.111134135 0.315361847
v -0.379207352 0.089283307 0.307958755
v -0.370945957 0.067892876 0.300038664
v -0.361939449 0.047000540 0.291616515
v -0.352185467 0.026658251 0.282695235
v -0.341721400 0.006888510 0.273304110
v -0.330553000 -0.012261359 0.263451240
v -0.318708301 -0.030763048 0.253159164
v -0.306194774 -0.048567140 0.242436920
v -0.293042172 -0.065645897 0.231307700
v -0.279274085 -0.081965370 0.219790393
v -0.264914619 -0.097491303 0.207903918
v -0.249984753 -0.112182853 0.195664973
v -0.234520689 -0.126021059 0.183099255
v -0.218546517 -0.138967023 0.170224608
v -0.202097391 -0.150999756 0.157065150
v -0.185200977 -0.162081844 0.143640054
v -0.167894108 -0.172192639 0.129973481
v -0.150212896 -0.181309420 0.116088630
v -0.132194462 -0.189410454 0.102008789
v -0.113875320 -0.196468071 0.087756422
v -0.095297858 -0.202472811 0.073356885
v -0.076503406 -0.207412069 0.058834480
v -0.057532027 -0.211260374 0.044212411
v -0.038428943 -0.214022255 0.029516457
v -0.019236598 -0.215677314 0.014770581
v -0.000000000 -0.216234992 0.000000000
l 3602 3603
l 3603 3604
l 3604 3605
l 3605 3606
l 3606 3607
l 3607 3608
l 3608 3609
l 3609 3610
l 3610 3611
l 3611 3612
l 3612 3613
l 3613 3614
l 3614 3615
l 3615 3616
l 3616 3617
l 3617 3618
l 3618 3619
l 3619 3620
l 3620 3621
l 3621 3622
l 3622 3623
l 3623 3624
l 3624 3625
l 3625 3626
l 3626 3627
l 3627 3628
l 3628 3629
l 3629 3630
l 3630 3631
l 3631 3632
l 3632 3633
l 3633 3634
l 3634 3635
l 3635 3636
l 3636 3637
l 3637 3638
l 3638 3639
l 3639 3640
l 3640 3641
l 3641 3642
l 3642 3643
l 3643 3644
l 3644 3645
l 3645 3646
l 3646 3647
l 3647 3648
l 3648 3649
l 3649 3650
l 3650 3651
l 3651 3652
l 3652 3653
l 3653 3654
l 3654 3655
l 3655 3656
l 3656 3657
l 3657 3658
l 3658 3659
l 3659 3660
l 3660 3661
l 3661 3662
l 3662 3663
l 3663 3664
l 3664 3665
l 3665 3666
l 3666 3667
l 3667 3668
l 3668 3669
l 3669 3670
l 3670 3671
l 3671 3672
l 3672 3673
l 3673 3674
l 3674 3675
l 3675 3676
l 3676 3677
l 3677 3678
l 3678 3679
l 3679 3680
l 3680 3681
l 3681 3682
l 3682 3683
l 3683 3684
l 3684 3685
l 3685 3686
l 3686 3687
l 3687 3688
l 3688 3689
l 3689 3690
l 3690 3691
l 3691 3692
l 3692 3693
l 3693 3694
l 3694 3695
l 3695 3696
l 3696 3697
l 3697 3698
l 3698 3699
l 3699 3700
l 3700 3701
l 3701 3702
l 3702 3703
l 3703 3704
l 3704 3705
l 3705 3706
l 3706 3707
l 3707 3708
l 3708 3709
l 3709 3710
l 3710 3711
l 3711 3712
l 3712 3713
l 3713 3714
l 3714 3715
l 3715 3716
l 3716 3717
l 3717 3718
l 3718 3719
l 3719 3720
l 3720 3721
l 3721 3722
l 3722 3723
l 3723 3724
l 3724 3725
l 3725 3726
l 3726 3727
l 3727 3728
l 3728 3729
l 3729 3730
l 3730 3731
l 3731 3732
l 3732 3733
l 3733 3734
l 3734 3735
l 3735 3736
l 3736 3737
l 3737 3738
l 3738 3739
l 3739 3740
l 3740 3741
l 3741 3742
l 3742 3743
l 3743 3744
l 3744 3745
l 3745 3746
l 3746 3747
l 3747 3748
l 3748 3749
l 3749 3750
l 3750 3751
l 3751 3752
l 3752 3753
l 3753 3754
l 3754 3755
l 3755 3756
l 3756 3757
l 3757 3758
l 3758 3759
l 3759 3760
l 3760 3761
l 3761 3762
l 3762 3763
l 3763 3764
l 3764 3765
l 3765 3766
l 3766 3767
l 3767 3768
l 3768 3769
l 3769 3770
l 3770 3771
l 3771 3772
l 3772 3773
l 3773 3774
l 3774 3775
l 3775 3776
l 3776 3777
l 3777 3778
l 3778 3779
l 3779 3780
l 3780 3781
l 3781 3782
l 3782 3783
l 3783 3784
l 3784 3785
l 3785 3786
l 3786 3787
l 3787 3788
l 3788 3789
l 3789 3790
l 3790 3791
l 3791 3792
l 3792 3793
l 3793 3794
l 3794 3795
l 3795 3796
l 3796 3797
l 3797 3798
l 3798 3799
l 3799 3800
l 3800 3801
l 3801 3802
l 3802 3803
l 3803 3804
l 3804 3805
l 3805 3806
l 3806 3807
l 3807 3808
l 3808 3809
l 3809 3810
l 3810 3811
l 3811 3812
l 3812 3813
l 3813 3814
l 3814 3815
l 3815 3816
l 3816 3817
l 3817 3818
l 3818 3819
l 3819 3820
l 3820 3821
l 3821 3822
l 3822 3823
l 3823 3824
l 3824 3825
l 3825 3826
l 3826 3827
l 3827 3828
l 3828 3829
l 3829 3830
l 3830 3831
l 3831 3832
l 3832 3833
l 3833 3834
l 3834 3835
l 3835 3836
l 3836 3837
l 3837 3838
l 3838 3839
l 3839 3840
l 3840 3841
l 3841 3842
l 3842 3843
l 3843 3844
l 3844 3845
l 3845 3846
l 3846 3847
l 3847 3848
l 3848 3849
l 3849 3850
l 3850 3851
l 3851 3852
l 3852 3853
l 3853 3854
l 3854 3855
l 3855 3856
l 3856 3857
l 3857 3858
l 3858 3859
l 3859 3860
l 3860 3861
l 3861 3862
l 3862 3863
l 3863 3864
l 3864 3865
l 3865 3866
l 3866 3867
l 3867 3868
l 3868 3869
l 3869 3870
l 3870 3871
l 3871 3872
l 3872 3873
l 3873 3874
l 3874 3875
l 3875 3876
l 3876 3877
l 3877 3878
l 3878 3879
l 3879 3880
l 3880 3881
l 3881 3882
l 3882 3883
l 3883 3884
l 3884 3885
l 3885 3886
l 3886 3887
l 3887 3888
l 3888 3889
l 3889 3890
l 3890 3891
l 3891 3892
l 3892 3893
l 3893 3894
l 3894 3895
l 3895 3896
l 3896 3897
l 3897 3898
l 3898 3899
l 3899 3900
l 3900 3901
l 3901 3902
l 3902 3903
l 3903 3904
l 3904 3905
l 3905 3906
l 3906 3907
l 3907 3908
l 3908 3909
l 3909 3910
l 3910 3911
l 3911 3912
l 3912 3913
l 3913 3914
l 3914 3915
l 3915 3916
l 3916 3917
l 3917 3918
l 3918 3919
l 3919 3920
l 3920 3921
l 3921 3922
l 3922 3923
l 3923 3924
l 3924 3925
l 3925 3926
l 3926 3927
l 3927 3928
l 3928 3929
l 3929 3930
l 3930 3931
l 3931 3932
l 3932 3933
l 3933 3934
l 3934 3935
l 3935 3936
l 3936 3937
l 3937 3938
l 3938 3939
l 3939 3940
l 3940 3941
l 3941 3942
l 3942 3943
l 3943 3944
l 3944 3945
l 3945 3946
l 3946 3947
l 3947 3948
l 3948 3949
l 3949 3950
l 3950 3951
l 3951 3952
l 3952 3953
l 3953 3954
l 3954 3955
l 3955 3956
l 3956 3957
l 3957 3958
l 3958 3959
l 3959 3960
l 3960 3961
l 3961 3962
l 3962 3963
l 3963 3964
l 3964 3965
l 3965 3966
l 3966 3967
l 3967 3968
l 3968 3969
l 3969 3970
l 3970 3971
l 3971 3972
l 3972 3973
l 3973 3974
l 3974 3975
l 3975 3976
l 3976 3977
l 3977 3978
l 3978 3979
l 3979 3980
l 3980 3981
l 3981 3982
l 3982 3983
l 3983 3984
l 3984 3985
l 3985 3986
l 3986 3987
l 3987 3988
l 3988 3989
l 3989 3990
l 3990 3991
l 3991 3992
l 3992 3993
l 3993 3994
l 3994 3995
l 3995 3996
l 3996 3997
l 3997 3998
l 3998 3999
l 3999 4000
l 4000 4001
l 4001 4002
l 4002 4003
l 4003 4004
l 4004 4005
l 4005 4006
l 4006 4007
l 4007 4008
l 4008 4009
l 4009 4010
l 4010 4011
l 4011 4012
l 4012 4013
l 4013 4014
l 4014 4015
l 4015 4016
l 4016 4017
l 4017 4018
l 4018 4019
l 4019 4020
l 4020 4021
l 4021 4022
l 4022 4023
l 4023 4024
l 4024 4025
l 4025 4026
l 4026 4027
l 4027 4028
l 4028 4029
l 4029 4030
l 4030 4031
l 4031 4032
l 4032 4033
l 4033 4034
l 4034 4035
l 4035 4036
l 4036 4037
l 4037 4038
l 4038 4039
l 4039 4040
l 4040 4041
l 4041 4042
l 4042 4043
l 4043 4044
l 4044 4045
l 4045 4046
l 4046 4047
l 4047 4048
l 4048 4049
l 4049 4050
l 4050 4051
l 4051 4052
l 4052 4053
l 4053 4054
l 4054 4055
l 4055 4056
l 4056 4057
l 4057 4058
l 4058 4059
l 4059 4060
l 4060 4061
l 4061 4062
l 4062 4063
l 4063 4064
l 4064 4065
l 4065 4066
l 4066 4067
l 4067 4068
l 4068 4069
l 4069 4070
l 4070 4071
l 4071 4072
l 4072 4073
l 4073 4074
l 4074 4075
l 4075 4076
l 4076 4077
l 4077 4078
l 4078 4079
l 4079 4080
l 4080 4081
l 4081 4082
l 4082 4083
l 4083 4084
l 4084 4085
l 4085 4086
l 4086 4087
l 4087 4088
l 4088 4089
l 4089 4090
l 4090 4091
l 4091 4092
l 4092 4093
l 4093 4094
l 4094 4095
l 4095 4096
l 4096 4097
l 4097 4098
l 4098 4099
l 4099 4100
l 4100 4101
l 4101 4102
l 4102 4103
l 4103 4104
l 4104 4105
l 4105 4106
l 4106 4107
l 4107 4108
l 4108 4109
l 4109 4110
l 4110 4111
l 4111 4112
l 4112 4113
l 4113 4114
l 4114 4115
l 4115 4116
l 4116 4117
l 4117 4118
l 4118 4119
l 4119 4120
l 4120 4121
l 4121 4122
l 4122 4123
l 4123 4124
l 4124 4125
l 4125 4126
l 4126 4127
l 4127 4128
l 4128 4129
l 4129 4130
l 4130 4131
l 4131 4132
l 4132 4133
l 4133 4134
l 4134 4135
l 4135 4136
l 4136 4137
l 4137 4138
l 4138 4139
l 4139 4140
l 4140 4141
l 4141 4142
l 4142 4143
l 4143 4144
l 4144 4145
l 4145 4146
l 4146 4147
l 4147 4148
l 4148 4149
l 4149 4150
l 4150 4151
l 4151 4152
l 4152 4153
l 4153 4154
l 4154 4155
l 4155 4156
l 4156 4157
l 4157 4158
l 4158 4159
l 4159 4160
l 4160 4161
l 4161 4162
l 4162 4163
l 4163 4164
l 4164 4165
l 4165 4166
l 4166 4167
l 4167 4168
l 4168 4169
l 4169 4170
l 4170 4171
l 4171 4172
l 4172 4173
l 4173 4174
l 4174 4175
l 4175 4176
l 4176 4177
l 4177 4178
l 4178 4179
l 4179 4180
l 4180 4181
l 4181 4182
l 4182 4183
l 4183 4184
l 4184 4185
l 4185 4186
l 4186 4187
l 4187 4188
l 4188 4189
l 4189 4190
l 4190 4191
l 4191 4192
l 4192 4193
l 4193 4194
l 4194 4195
l 4195 4196
l 4196 4197
l 4197 4198
l 4198 4199
l 4199 4200
l 4200 4201
l 4201 4202
l 4202 4203
l 4203 4204
l 4204 4205
l 4205 4206
l 4206 4207
l 4207 4208
l 4208 4209
l 4209 4210
l 4210 4211
l 4211 4212
l 4212 4213
l 4213 4214
l 4214 4215
l 4215 4216
l 4216 4217
l 4217 4218
l 4218 4219
l 4219 4220
l 4220 4221
l 4221 4222
l 4222 4223
l 4223 4224
l 4224 4225
l 4225 4226
l 4226 4227
l 4227 4228
l 4228 4229
l 4229 4230
l 4230 4231
l 4231 4232
l 4232 4233
l 4233 4234
l 4234 4235
l 4235 4236
l 4236 4237
l 4237 4238
l 4238 4239
l 4239 4240
l 4240 4241
l 4241 4242
l 4242 4243
l 4243 4244
l 4244 4245
l 4245 4246
l 4246 4247
l 4247 4248
l 4248 4249
l 4249 4250
l 4250 4251
l 4251 4252
l 4252 4253
l 4253 4254
l 4254 4255
l 4255 4256
l 4256 4257
l 4257 4258
l 4258 4259
l 4259 4260
l 4260 4261
l 4261 4262
l 4262 4263
l 4263 4264
l 4264 4265
l 4265 4266
l 4266 4267
l 4267 4268
l 4268 4269
l 4269 4270
l 4270 4271
l 4271 4272
l 4272 4273
l 4273 4274
l 4274 4275
l 4275 4276
l 4276 4277
l 4277 4278
l 4278 4279
l 4279 4280
l 4280 4281
l 4281 4282
l 4282 4283
l 4283 4284
l 4284 4285
l 4285 4286
l 4286 4287
l 4287 4288
l 4288 4289
l 4289 4290
l 4290 4291
l 4291 4292
l 4292 4293
l 4293 4294
l 4294 4295
l 4295 4296
l 4296 4297
l 4297 4298
l 4298 4299
l 4299 4300
l 4300 4301
l 4301 4302
l 4302 4303
l 4303 4304
l 4304 4305
l 4305 4306
l 4306 4307
l 4307 4308
l 4308 4309
l 4309 4310
l 4310 4311
l 4311 4312
l 4312 4313
l 4313 4314
l 4314 4315
l 4315 4316
l 4316 4317
l 4317 4318
l 4318 4319
l 4319 4320
l 4320 4321
l 4321 4322
l 4322 4323
l 4323 4324
l 4324 4325
l 4325 4326
l 4326 4327
l 4327 4328
l 4328 4329
l 4329 4330
l 4330 4331
l 4331 4332
l 4332 4333
l 4333 4334
l 4334 4335
l 4335 4336
l 4336 4337
l 4337 4338
l 4338 4339
l 4339 4340
l 4340 4341
l 4341 4342
l 4342 4343
l 4343 4344
l 4344 4345
l 4345 4346
l 4346 4347
l 4347 4348
l 4348 4349
l 4349 4350
l 4350 4351
l 4351 4352
l 4352 4353
l 4353 4354
l 4354 4355
l 4355 4356
l 4356 4357
l 4357 4358
l 4358 4359
l 4359 4360
l 4360 4361
l 4361 4362
l 4362 4363
l 4363 4364
l 4364 4365
l 4365 4366
l 4366 4367
l 4367 4368
l 4368 4369
l 4369 4370
l 4370 4371
l 4371 4372
l 4372 4373
l 4373 4374
l 4374 4375
l 4375 4376
l 4376 4377
l 4377 4378
l 4378 4379
l 4379 4380
l 4380 4381
l 4381 4382
l 4382 4383
l 4383 4384
l 4384 4385
l 4385 4386
l 4386 4387
l 4387 4388
l 4388 4389
l 4389 4390
l 4390 4391
l 4391 4392
l 4392 4393
l 4393 4394
l 4394 4395
l 4395 4396
l 4396 4397
l 4397 4398
l 4398 4399
l 4399 4400
l 4400 4401
l 4401 4402
l 4402 4403
l 4403 4404
l 4404 4405
l 4405 4406
l 4406 4407
l 4407 4408
l 4408 4409
l 4409 4410
l 4410 4411
l 4411 4412
l 4412 4413
l 4413 4414
l 4414 4415
l 4415 4416
l 4416 4417
l 4417 4418
l 4418 4419
l 4419 4420
l 4420 4421
l 4421 4422
l 4422 4423
l 4423 4424
l 4424 4425
l 4425 4426
l 4426 4427
l 4427 4428
l 4428 4429
l 4429 4430
l 4430 4431
l 4431 4432
l 4432 4433
l 4433 4434
l 4434 4435
l 4435 4436
l 4436 4437
l 4437 4438
l 4438 4439
l 4439 4440
l 4440 4441
l 4441 4442
l 4442 4443
l 4443 4444
l 4444 4445
l 4445 4446
l 4446 4447
l 4447 4448
l 4448 4449
l 4449 4450
l 4450 4451
l 4451 4452
l 4452 4453
l 4453 4454
l 4454 4455
l 4455 4456
l 4456 4457
l 4457 4458
l 4458 4459
l 4459 4460
l 4460 4461
l 4461 4462
l 4462 4463
l 4463 4464
l 4464 4465
l 4465 4466
l 4466 4467
l 4467 4468
l 4468 4469
l 4469 4470
l 4470 4471
l 4471 4472
l 4472 4473
l 4473 4474
l 4474 4475
l 4475 4476
l 4476 4477
l 4477 4478
l 4478 4479
l 4479 4480
l 4480 4481
l 4481 4482
l 4482 4483
l 4483 4484
l 4484 4485
l 4485 4486
l 4486 4487
l 4487 4488
l 4488 4489
l 4489 4490
l 4490 4491
l 4491 4492
l 4492 4493
l 4493 4494
l 4494 4495
l 4495 4496
l 4496 4497
l 4497 4498
l 4498 4499
l 4499 4500
l 4500 4501
l 4501 4502
l 4502 4503
l 4503 4504
l 4504 4505
l 4505 4506
l 4506 4507
l 4507 4508
l 4508 4509
l 4509 4510
l 4510 4511
l 4511 4512
l 4512 4513
l 4513 4514
l 4514 4515
l 4515 4516
l 4516 4517
l 4517 4518
l 4518 4519
l 4519 4520
l 4520 4521
l 4521 4522
l 4522 4523
l 4523 4524
l 4524 4525
l 4525 4526
l 4526 4527
l 4527 4528
l 4528 4529
l 4529 4530
l 4530 4531
l 4531 4532
l 4532 4533
l 4533 4534
l 4534 4535
l 4535 4536
l 4536 4537
l 4537 4538
l 4538 4539
l 4539 4540
l 4540 4541
l 4541 4542
l 4542 4543
l 4543 4544
l 4544 4545
l 4545 4546
l 4546 4547
l 4547 4548
l 4548 4549
l 4549 4550
l 4550 4551
l 4551 4552
l 4552 4553
l 4553 4554
l 4554 4555
l 4555 4556
l 4556 4557
l 4557 4558
l 4558 4559
l 4559 4560
l 4560 4561
l 4561 4562
l 4562 4563
l 4563 4564
l 4564 4565
l 4565 4566
l 4566 4567
l 4567 4568
l 4568 4569
l 4569 4570
l 4570 4571
l 4571 4572
l 4572 4573
l 4573 4574
l 4574 4575
l 4575 4576
l 4576 4577
l 4577 4578
l 4578 4579
l 4579 4580
l 4580 4581
l 4581 4582
l 4582 4583
l 4583 4584
l 4584 4585
l 4585 4586
l 4586 4587
l 4587 4588
l 4588 4589
l 4589 4590
l 4590 4591
l 4591 4592
l 4592 4593
l 4593 4594
l 4594 4595
l 4595 4596
l 4596 4597
l 4597 4598
l 4598 4599
l 4599 4600
l 4600 4601
l 4601 4602
l 4602 4603
l 4603 4604
l 4604 4605
l 4605 4606
l 4606 4607
l 4607 4608
l 4608 4609
l 4609 4610
l 4610 4611
l 4611 4612
l 4612 4613
l 4613 4614
l 4614 4615
l 4615 4616
l 4616 4617
l 4617 4618
l 4618 4619
l 4619 4620
l 4620 4621
l 4621 4622
l 4622 4623
l 4623 4624
l 4624 4625
l 4625 4626
l 4626 4627
l 4627 4628
l 4628 4629
l 4629 4630
l 4630 4631
l 4631 4632
l 4632 4633
l 4633 4634
l 4634 4635
l 4635 4636
l 4636 4637
l 4637 4638
l 4638 4639
l 4639 4640
l 4640 4641
l 4641 4642
l 4642 4643
l 4643 4644
l 4644 4645
l 4645 4646
l 4646 4647
l 4647 4648
l 4648 4649
l 4649 4650
l 4650 4651
l 4651 4652
l 4652 4653
l 4653 4654
l 4654 4655
l 4655 4656
l 4656 4657
l 4657 4658
l 4658 4659
l 4659 4660
l 4660 4661
l 4661 4662
l 4662 4663
l 4663 4664
l 4664 4665
l 4665 4666
l 4666 4667
l 4667 4668
l 4668 4669
l 4669 4670
l 4670 4671
l 4671 4672
l 4672 4673
l 4673 4674
l 4674 4675
l 4675 4676
l 4676 4677
l 4677 4678
l 4678 4679
l 4679 4680
l 4680 4681
l 4681 4682
l 4682 4683
l 4683 4684
l 4684 4685
l 4685 4686
l 4686 4687
l 4687 4688
l 4688 4689
l 4689 4690
l 4690 4691
l 4691 4692
l 4692 4693
l 4693 4694
l 4694 4695
l 4695 4696
l 4696 4697
l 4697 4698
l 4698 4699
l 4699 4700
l 4700 4701
l 4701 4702
l 4702 4703
l 4703 4704
l 4704 4705
l 4705 4706
l 4706 4707
l 4707 4708
l 4708 4709
l 4709 4710
l 4710 4711
l 4711 4712
l 4712 4713
l 4713 4714
l 4714 4715
l 4715 4716
l 4716 4717
l 4717 4718
l 4718 4719
l 4719 4720
l 4720 4721
l 4721 4722
l 4722 4723
l 4723 4724
l 4724 4725
l 4725 4726
l 4726 4727
l 4727 4728
l 4728 4729
l 4729 4730
l 4730 4731
l 4731 4732
l 4732 4733
l 4733 4734
l 4734 4735
l 4735 4736
l 4736 4737
l 4737 4738
l 4738 4739
l 4739 4740
l 4740 4741
l 4741 4742
l 4742 4743
l 4743 4744
l 4744 4745
l 4745 4746
l 4746 4747
l 4747 4748
l 4748 4749
l 4749 4750
l 4750 4751
l 4751 4752
l 4752 4753
l 4753 4754
l 4754 4755
l 4755 4756
l 4756 4757
l 4757 4758
l 4758 4759
l 4759 4760
l 4760 4761
l 4761 4762
l 4762 4763
l 4763 4764
l 4764 4765
l 4765 4766
l 4766 4767
l 4767 4768
l 4768 4769
l 4769 4770
l 4770 4771
l 4771 4772
l 4772 4773
l 4773 4774
l 4774 4775
l 4775 4776
l 4776 4777
l 4777 4778
l 4778 4779
l 4779 4780
l 4780 4781
l 4781 4782
l 4782 4783
l 4783 4784
l 4784 4785
l 4785 4786
l 4786 4787
l 4787 4788
l 4788 4789
l 4789 4790
l 4790 4791
l 4791 4792
l 4792 4793
l 4793 4794
l 4794 4795
l 4795 4796
l 4796 4797
l 4797 4798
l 4798 4799
l 4799 4800
l 4800 4801
l 4801 4802
l 4802 4803
l 4803 4804
l 4804 4805
l 4805 4806
l 4806 4807
l 4807 4808
l 4808 4809
l 4809 4810
l 4810 4811
l 4811 4812
l 4812 4813
l 4813 4814
l 4814 4815
l 4815 4816
l 4816 4817
l 4817 4818
l 4818 4819
l 4819 4820
l 4820 4821
l 4821 4822
l 4822 4823
l 4823 4824
l 4824 4825
l 4825 4826
l 4826 4827
l 4827 4828
l 4828 4829
l 4829 4830
l 4830 4831
l 4831 4832
l 4832 4833
l 4833 4834
l 4834 4835
l 4835 4836
l 4836 4837
l 4837 4838
l 4838 4839
l 4839 4840
l 4840 4841
l 4841 4842
l 4842 4843
l 4843 4844
l 4844 4845
l 4845 4846
l 4846 4847
l 4847 4848
l 4848 4849
l 4849 4850
l 4850 4851
l 4851 4852
l 4852 4853
l 4853 4854
l 4854 4855
l 4855 4856
l 4856 4857
l 4857 4858
l 4858 4859
l 4859 4860
l 4860 4861
l 4861 4862
l 4862 4863
l 4863 4864
l 4864 4865
l 4865 4866
l 4866 4867
l 4867 4868
l 4868 4869
l 4869 4870
l 4870 4871
l 4871 4872
l 4872 4873
l 4873 4874
l 4874 4875
l 4875 4876
l 4876 4877
l 4877 4878
l 4878 4879
l 4879 4880
l 4880 4881
l 4881 4882
l 4882 4883
l 4883 4884
l 4884 4885
l 4885 4886
l 4886 4887
l 4887 4888
l 4888 4889
l 4889 4890
l 4890 4891
l 4891 4892
l 4892 4893
l 4893 4894
l 4894 4895
l 4895 4896
l 4896 4897
l 4897 4898
l 4898 4899
l 4899 4900
l 4900 4901
l 4901 4902
l 4902 4903
l 4903 4904
l 4904 4905
l 4905 4906
l 4906 4907
l 4907 4908
l 4908 4909
l 4909 4910
l 4910 4911
l 4911 4912
l 4912 4913
l 4913 4914
l 4914 4915
l 4915 4916
l 4916 4917
l 4917 4918
l 4918 4919
l 4919 4920
l 4920 4921
l 4921 4922
l 4922 4923
l 4923 4924
l 4924 4925
l 4925 4926
l 4926 4927
l 4927 4928
l 4928 4929
l 4929 4930
l 4930 4931
l 4931 4932
l 4932 4933
l 4933 4934
l 4934 4935
l 4935 4936
l 4936 4937
l 4937 4938
l 4938 4939
l 4939 4940
l 4940 4941
l 4941 4942
l 4942 4943
l 4943 4944
l 4944 4945
l 4945 4946
l 4946 4947
l 4947 4948
l 4948 4949
l 4949 4950
l 4950 4951
l 4951 4952
l 4952 4953
l 4953 4954
l 4954 4955
l 4955 4956
l 4956 4957
l 4957 4958
l 4958 4959
l 4959 4960
l 4960 4961
l 4961 4962
l 4962 4963
l 4963 4964
l 4964 4965
l 4965 4966
l 4966 4967
l 4967 4968
l 4968 4969
l 4969 4970
l 4970 4971
l 4971 4972
l 4972 4973
l 4973 4974
l 4974 4975
l 4975 4976
l 4976 4977
l 4977 4978
l 4978 4979
l 4979 4980
l 4980 4981
l 4981 4982
l 4982 4983
l 4983 4984
l 4984 4985
l 4985 4986
l 4986 4987
l 4987 4988
l 4988 4989
l 4989 4990
l 4990 4991
l 4991 4992
l 4992 4993
l 4993 4994
l 4994 4995
l 4995 4996
l 4996 4997
l 4997 4998
l 4998 4999
l 4999 5000
l 5000 5001
l 5001 5002
l 5002 5003
l 5003 5004
l 5004 5005
l 5005 5006
l 5006 5007
l 5007 5008
l 5008 5009
l 5009 5010
l 5010 5011
l 5011 5012
l 5012 5013
l 5013 5014
l 5014 5015
l 5015 5016
l 5016 5017
l 5017 5018
l 5018 5019
l 5019 5020
l 5020 5021
l 5021 5022
l 5022 5023
l 5023 5024
l 5024 5025
l 5025 5026
l 5026 5027
l 5027 5028
l 5028 5029
l 5029 5030
l 5030 5031
l 5031 5032
l 5032 5033
l 5033 5034
l 5034 5035
l 5035 5036
l 5036 5037
l 5037 5038
l 5038 5039
l 5039 5040
l 5040 5041
l 5041 5042
l 5042 5043
l 5043 5044
l 5044 5045
l 5045 5046
l 5046 5047
l 5047 5048
l 5048 5049
l 5049 5050
l 5050 5051
l 5051 5052
l 5052 5053
l 5053 5054
l 5054 5055
l 5055 5056
l 5056 5057
l 5057 5058
l 5058 5059
l 5059 5060
l 5060 5061
l 5061 5062
l 5062 5063
l 5063 5064
l 5064 5065
l 5065 5066
l 5066 5067
l 5067 5068
l 5068 5069
l 5069 5070
l 5070 5071
l 5071 5072
l 5072 5073
l 5073 5074
l 5074 5075
l 5075 5076
l 5076 5077
l 5077 5078
l 5078 5079
l 5079 5080
l 5080 5081
l 5081 5082
l 5082 5083
l 5083 5084
l 5084 5085
l 5085 5086
l 5086 5087
l 5087 5088
l 5088 5089
l 5089 5090
l 5090 5091
l 5091 5092
l 5092 5093
l 5093 5094
l 5094 5095
l 5095 5096
l 5096 5097
l 5097 5098
l 5098 5099
l 5099 5100
l 5100 5101
l 5101 5102
l 5102 5103
l 5103 5104
l 5104 5105
l 5105 5106
l 5106 5107
l 5107 5108
l 5108 5109
l 5109 5110
l 5110 5111
l 5111 5112
l 5112 5113
l 5113 5114
l 5114 5115
l 5115 5116
l 5116 5117
l 5117 5118
l 5118 5119
l 5119 5120
l 5120 5121
l 5121 5122
l 5122 5123
l 5123 5124
l 5124 5125
l 5125 5126
l 5126 5127
l 5127 5128
l 5128 5129
l 5129 5130
l 5130 5131
l 5131 5132
l 5132 5133
l 5133 5134
l 5134 5135
l 5135 5136
l 5136 5137
l 5137 5138
l 5138 5139
l 5139 5140
l 5140 5141
l 5141 5142
l 5142 5143
l 5143 5144
l 5144 5145
l 5145 5146
l 5146 5147
l 5147 5148
l 5148 5149
l 5149 5150
l 5150 5151
l 5151 5152
l 5152 5153
l 5153 5154
l 5154 5155
l 5155 5156
l 5156 5157
l 5157 5158
l 5158 5159
l 5159 5160
l 5160 5161
l 5161 5162
l 5162 5163
l 5163 5164
l 5164 5165
l 5165 5166
l 5166 5167
l 5167 5168
l 5168 5169
l 5169 5170
l 5170 5171
l 5171 5172
l 5172 5173
l 5173 5174
l 5174 5175
l 5175 5176
l 5176 5177
l 5177 5178
l 5178 5179
l 5179 5180
l 5180 5181
l 5181 5182
l 5182 5183
l 5183 5184
l 5184 5185
l 5185 5186
l 5186 5187
l 5187 5188
l 5188 5189
l 5189 5190
l 5190 5191
l 5191 5192
l 5192 5193
l 5193 5194
l 5194 5195
l 5195 5196
l 5196 5197
l 5197 5198
l 5198 5199
l 5199 5200
l 5200 5201
l 5201 5202
l 5202 5203
l 5203 5204
l 5204 5205
l 5205 5206
l 5206 5207
l 5207 5208
l 5208 5209
l 5209 5210
l 5210 5211
l 5211 5212
l 5212 5213
l 5213 5214
l 5214 5215
l 5215 5216
l 5216 5217
l 5217 5218
l 5218 5219
l 5219 5220
l 5220 5221
l 5221 5222
l 5222 5223
l 5223 5224
l 5224 5225
l 5225 5226
l 5226 5227
l 5227 5228
l 5228 5229
l 5229 5230
l 5230 5231
l 5231 5232
l 5232 5233
l 5233 5234
l 5234 5235
l 5235 5236
l 5236 5237
l 5237 5238
l 5238 5239
l 5239 5240
l 5240 5241
l 5241 5242
l 5242 5243
l 5243 5244
l 5244 5245
l 5245 5246
l 5246 5247
l 5247 5248
l 5248 5249
l 5249 5250
l 5250 5251
l 5251 5252
l 5252 5253
l 5253 5254
l 5254 5255
l 5255 5256
l 5256 5257
l 5257 5258
l 5258 5259
l 5259 5260
l 5260 5261
l 5261 5262
l 5262 5263
l 5263 5264
l 5264 5265
l 5265 5266
l 5266 5267
l 5267 5268
l 5268 5269
l 5269 5270
l 5270 5271
l 5271 5272
l 5272 5273
l 5273 5274
l 5274 5275
l 5275 5276
l 5276 5277
l 5277 5278
l 5278 5279
l 5279 5280
l 5280 5281
l 5281 5282
l 5282 5283
l 5283 5284
l 5284 5285
l 5285 5286
l 5286 5287
l 5287 5288
l 5288 5289
l 5289 5290
l 5290 5291
l 5291 5292
l 5292 5293
l 5293 5294
l 5294 5295
l 5295 5296
l 5296 5297
l 5297 5298
l 5298 5299
l 5299 5300
l 5300 5301
l 5301 5302
l 5302 5303
l 5303 5304
l 5304 5305
l 5305 5306
l 5306 5307
l 5307 5308
l 5308 5309
l 5309 5310
l 5310 5311
l 5311 5312
l 5312 5313
l 5313 5314
l 5314 5315
l 5315 5316
l 5316 5317
l 5317 5318
l 5318 5319
l 5319 5320
l 5320 5321
l 5321 5322
l 5322 5323
l 5323 5324
l 5324 5325
l 5325 5326
l 5326 5327
l 5327 5328
l 5328 5329
l 5329 5330
l 5330 5331
l 5331 5332
l 5332 5333
l 5333 5334
l 5334 5335
l 5335 5336
l 5336 5337
l 5337 5338
l 5338 5339
l 5339 5340
l 5340 5341
l 5341 5342
l 5342 5343
l 5343 5344
l 5344 5345
l 5345 5346
l 5346 5347
l 5347 5348
l 5348 5349
l 5349 5350
l 5350 5351
l 5351 5352
l 5352 5353
l 5353 5354
l 5354 5355
l 5355 5356
l 5356 5357
l 5357 5358
l 5358 5359
l 5359 5360
l 5360 5361
l 5361 5362
l 5362 5363
l 5363 5364
l 5364 5365
l 5365 5366
l 5366 5367
l 5367 5368
l 5368 5369
l 5369 5370
l 5370 5371
l 5371 5372
l 5372 5373
l 5373 5374
l 5374 5375
l 5375 5376
l 5376 5377
l 5377 5378
l 5378 5379
l 5379 5380
l 5380 5381
l 5381 5382
l 5382 5383
l 5383 5384
l 5384 5385
l 5385 5386
l 5386 5387
l 5387 5388
l 5388 5389
l 5389 5390
l 5390 5391
l 5391 5392
l 5392 5393
l 5393 5394
l 5394 5395
l 5395 5396
l 5396 5397
l 5397 5398
l 5398 5399
l 5399 5400
l 5400 5401
l 5401 5402
l 5402 5403
l 5403 5404
l 5404 5405
l 5405 5406
l 5406 5407
l 5407 5408
l 5408 5409
l 5409 5410
l 5410 5411
l 5411 5412
l 5412 5413
l 5413 5414
l 5414 5415
l 5415 5416
l 5416 5417
l 5417 5418
l 5418 5419
l 5419 5420
l 5420 5421
l 5421 5422
l 5422 5423
l 5423 5424
l 5424 5425
l 5425 5426
l 5426 5427
l 5427 5428
l 5428 5429
l 5429 5430
l 5430 5431
l 5431 5432
l 5432 5433
l 5433 5434
l 5434 5435
l 5435 5436
l 5436 5437
l 5437 5438
l 5438 5439
l 5439 5440
l 5440 5441
l 5441 5442
l 5442 5443
l 5443 5444
l 5444 5445
l 5445 5446
l 5446 5447
l 5447 5448
l 5448 5449
l 5449 5450
l 5450 5451
l 5451 5452
l 5452 5453
l 5453 5454
l 5454 5455
l 5455 5456
l 5456 5457
l 5457 5458
l 5458 5459
l 5459 5460
l 5460 5461
l 5461 5462
l 5462 5463
l 5463 5464
l 5464 5465
l 5465 5466
l 5466 5467
l 5467 5468
l 5468 5469
l 5469 5470
l 5470 5471
l 5471 5472
l 5472 5473
l 5473 5474
l 5474 5475
l 5475 5476
l 5476 5477
l 5477 5478
l 5478 5479
l 5479 5480
l 5480 5481
l 5481 5482
l 5482 5483
l 5483 5484
l 5484 5485
l 5485 5486
l 5486 5487
l 5487 5488
l 5488 5489
l 5489 5490
l 5490 5491
l 5491 5492
l 5492 5493
l 5493 5494
l 5494 5495
l 5495 5496
l 5496 5497
l 5497 5498
l 5498 5499
l 5499 5500
l 5500 5501
l 5501 5502
l 5502 5503
l 5503 5504
l 5504 5505
l 5505 5506
l 5506 5507
l 5507 5508
l 5508 5509
l 5509 5510
l 5510 5511
l 5511 5512
l 5512 5513
l 5513 5514
l 5514 5515
l 5515 5516
l 5516 5517
l 5517 5518
l 5518 5519
l 5519 5520
l 5520 5521
l 5521 5522
l 5522 5523
l 5523 5524
l 5524 5525
l 5525 5526
l 5526 5527
l 5527 5528
l 5528 5529
l 5529 5530
l 5530 5531
l 5531 5532
l 5532 5533
l 5533 5534
l 5534 5535
l 5535 5536
l 5536 5537
l 5537 5538
l 5538 5539
l 5539 5540
l 5540 5541
l 5541 5542
l 5542 5543
l 5543 5544
l 5544 5545
l 5545 5546
l 5546 5547
l 5547 5548
l 5548 5549
l 5549 5550
l 5550 5551
l 5551 5552
l 5552 5553
l 5553 5554
l 5554 5555
l 5555 5556
l 5556 5557
l 5557 5558
l 5558 5559
l 5559 5560
l 5560 5561
l 5561 5562
l 5562 5563
l 5563 5564
l 5564 5565
l 5565 5566
l 5566 5567
l 5567 5568
l 5568 5569
l 5569 5570
l 5570 5571
l 5571 5572
l 5572 5573
l 5573 5574
l 5574 5575
l 5575 5576
l 5576 5577
l 5577 5578
l 5578 5579
l 5579 5580
l 5580 5581
l 5581 5582
l 5582 5583
l 5583 5584
l 5584 5585
l 5585 5586
l 5586 5587
l 5587 5588
l 5588 5589
l 5589 5590
l 5590 5591
l 5591 5592
l 5592 5593
l 5593 5594
l 5594 5595
l 5595 5596
l 5596 5597
l 5597 5598
l 5598 5599
l 5599 5600
l 5600 5601
l 5601 5602
l 5602 5603
l 5603 5604
l 5604 5605
l 5605 5606
l 5606 5607
l 5607 5608
l 5608 5609
l 5609 5610
l 5610 5611
l 5611 5612
l 5612 5613
l 5613 5614
l 5614 5615
l 5615 5616
l 5616 5617
l 5617 5618
l 5618 5619
l 5619 5620
l 5620 5621
l 5621 5622
l 5622 5623
l 5623 5624
l 5624 5625
l 5625 5626
l 5626 5627
l 5627 5628
l 5628 5629
l 5629 5630
l 5630 5631
l 5631 5632
l 5632 5633
l 5633 5634
l 5634 5635
l 5635 5636
l 5636 5637
l 5637 5638
l 5638 5639
l 5639 5640
l 5640 5641
l 5641 5642
l 5642 5643
l 5643 5644
l 5644 5645
l 5645 5646
l 5646 5647
l 5647 5648
l 5648 5649
l 5649 5650
l 5650 5651
l 5651 5652
l 5652 5653
l 5653 5654
l 5654 5655
l 5655 5656
l 5656 5657
l 5657 5658
l 5658 5659
l 5659 5660
l 5660 5661
l 5661 5662
l 5662 5663
l 5663 5664
l 5664 5665
l 5665 5666
l 5666 5667
l 5667 5668
l 5668 5669
l 5669 5670
l 5670 5671
l 5671 5672
l 5672 5673
l 5673 5674
l 5674 5675
l 5675 5676
l 5676 5677
l 5677 5678
l 5678 5679
l 5679 5680
l 5680 5681
l 5681 5682
l 5682 5683
l 5683 5684
l 5684 5685
l 5685 5686
l 5686 5687
l 5687 5688
l 5688 5689
l 5689 5690
l 5690 5691
l 5691 5692
l 5692 5693
l 5693 5694
l 5694 5695
l 5695 5696
l 5696 5697
l 5697 5698
l 5698 5699
l 5699 5700
l 5700 5701
l 5701 5702
l 5702 5703
l 5703 5704
l 5704 5705
l 5705 5706
l 5706 5707
l 5707 5708
l 5708 5709
l 5709 5710
l 5710 5711
l 5711 5712
l 5712 5713
l 5713 5714
l 5714 5715
l 5715 5716
l 5716 5717
l 5717 5718
l 5718 5719
l 5719 5720
l 5720 5721
l 5721 5722
l 5722 5723
l 5723 5724
l 5724 5725
l 5725 5726
l 5726 5727
l 5727 5728
l 5728 5729
l 5729 5730
l 5730 5731
l 5731 5732
l 5732 5733
l 5733 5734
l 5734 5735
l 5735 5736
l 5736 5737
l 5737 5738
l 5738 5739
l 5739 5740
l 5740 5741
l 5741 5742
l 5742 5743
l 5743 5744
l 5744 5745
l 5745 5746
l 5746 5747
l 5747 5748
l 5748 5749
l 5749 5750
l 5750 5751
l 5751 5752
l 5752 5753
l 5753 5754
l 5754 5755
l 5755 5756
l 5756 5757
l 5757 5758
l 5758 5759
l 5759 5760
l 5760 5761
l 5761 5762
l 5762 5763
l 5763 5764
l 5764 5765
l 5765 5766
l 5766 5767
l 5767 5768
l 5768 5769
l 5769 5770
l 5770 5771
l 5771 5772
l 5772 5773
l 5773 5774
l 5774 5775
l 5775 5776
l 5776 5777
l 5777 5778
l 5778 5779
l 5779 5780
l 5780 5781
l 5781 5782
l 5782 5783
l 5783 5784
l 5784 5785
l 5785 5786
l 5786 5787
l 5787 5788
l 5788 5789
l 5789 5790
l 5790 5791
l 5791 5792
l 5792 5793
l 5793 5794
l 5794 5795
l 5795 5796
l 5796 5797
l 5797 5798
l 5798 5799
l 5799 5800
l 5800 5801
l 5801 5802
l 5802 5803
l 5803 5804
l 5804 5805
l 5805 5806
l 5806 5807
l 5807 5808
l 5808 5809
l 5809 5810
l 5810 5811
l 5811 5812
l 5812 5813
l 5813 5814
l 5814 5815
l 5815 5816
l 5816 5817
l 5817 5818
l 5818 5819
l 5819 5820
l 5820 5821
l 5821 5822
l 5822 5823
l 5823 5824
l 5824 5825
l 5825 5826
l 5826 5827
l 5827 5828
l 5828 5829
l 5829 5830
l 5830 5831
l 5831 5832
l 5832 5833
l 5833 5834
l 5834 5835
l 5835 5836
l 5836 5837
l 5837 5838
l 5838 5839
l 5839 5840
l 5840 5841
l 5841 5842
l 5842 5843
l 5843 5844
l 5844 5845
l 5845 5846
l 5846 5847
l 5847 5848
l 5848 5849
l 5849 5850
l 5850 5851
l 5851 5852
l 5852 5853
l 5853 5854
l 5854 5855
l 5855 5856
l 5856 5857
l 5857 5858
l 5858 5859
l 5859 5860
l 5860 5861
l 5861 5862
l 5862 5863
l 5863 5864
l 5864 5865
l 5865 5866
l 5866 5867
l 5867 5868
l 5868 5869
l 5869 5870
l 5870 5871
l 5871 5872
l 5872 5873
l 5873 5874
l 5874 5875
l 5875 5876
l 5876 5877
l 5877 5878
l 5878 5879
l 5879 5880
l 5880 5881
l 5881 5882
l 5882 5883
l 5883 5884
l 5884 5885
l 5885 5886
l 5886 5887
l 5887 5888
l 5888 5889
l 5889 5890
l 5890 5891
l 5891 5892
l 5892 5893
l 5893 5894
l 5894 5895
l 5895 5896
l 5896 5897
l 5897 5898
l 5898 5899
l 5899 5900
l 5900 5901
l 5901 5902
l 5902 5903
l 5903 5904
l 5904 5905
l 5905 5906
l 5906 5907
l 5907 5908
l 5908 5909
l 5909 5910
l 5910 5911
l 5911 5912
l 5912 5913
l 5913 5914
l 5914 5915
l 5915 5916
l 5916 5917
l 5917 5918
l 5918 5919
l 5919 5920
l 5920 5921
l 5921 5922
l 5922 5923
l 5923 5924
l 5924 5925
l 5925 5926
l 5926 5927
l 5927 5928
l 5928 5929
l 5929 5930
l 5930 5931
l 5931 5932
l 5932 5933
l 5933 5934
l 5934 5935
l 5935 5936
l 5936 5937
l 5937 5938
l 5938 5939
l 5939 5940
l 5940 5941
l 5941 5942
l 5942 5943
l 5943 5944
l 5944 5945
l 5945 5946
l 5946 5947
l 5947 5948
l 5948 5949
l 5949 5950
l 5950 5951
l 5951 5952
l 5952 5953
l 5953 5954
l 5954 5955
l 5955 5956
l 5956 5957
l 5957 5958
l 5958 5959
l 5959 5960
l 5960 5961
l 5961 5962
l 5962 5963
l 5963 5964
l 5964 5965
l 5965 5966
l 5966 5967
l 5967 5968
l 5968 5969
l 5969 5970
l 5970 5971
l 5971 5972
l 5972 5973
l 5973 5974
l 5974 5975
l 5975 5976
l 5976 5977
l 5977 5978
l 5978 5979
l 5979 5980
l 5980 5981
l 5981 5982
l 5982 5983
l 5983 5984
l 5984 5985
l 5985 5986
l 5986 5987
l 5987 5988
l 5988 5989
l 5989 5990
l 5990 5991
l 5991 5992
l 5992 5993
l 5993 5994
l 5994 5995
l 5995 5996
l 5996 5997
l 5997 5998
l 5998 5999
l 5999 6000
l 6000 6001
l 6001 6002
l 6002 6003
l 6003 6004
l 6004 6005
l 6005 6006
l 6006 6007
l 6007 6008
l 6008 6009
l 6009 6010
l 6010 6011
l 6011 6012
l 6012 6013
l 6013 6014
l 6014 6015
l 6015 6016
l 6016 6017
l 6017 6018
l 6018 6019
l 6019 6020
l 6020 6021
l 6021 6022
l 6022 6023
l 6023 6024
l 6024 6025
l 6025 6026
l 6026 6027
l 6027 6028
l 6028 6029
l 6029 6030
l 6030 6031
l 6031 6032
l 6032 6033
l 6033 6034
l 6034 6035
l 6035 6036
l 6036 6037
l 6037 6038
l 6038 6039
l 6039 6040
l 6040 6041
l 6041 6042
l 6042 6043
l 6043 6044
l 6044 6045
l 6045 6046
l 6046 6047
l 6047 6048
l 6048 6049
l 6049 6050
l 6050 6051
l 6051 6052
l 6052 6053
l 6053 6054
l 6054 6055
l 6055 6056
l 6056 6057
l 6057 6058
l 6058 6059
l 6059 6060
l 6060 6061
l 6061 6062
l 6062 6063
l 6063 6064
l 6064 6065
l 6065 6066
l 6066 6067
l 6067 6068
l 6068 6069
l 6069 6070
l 6070 6071
l 6071 6072
l 6072 6073
l 6073 6074
l 6074 6075
l 6075 6076
l 6076 6077
l 6077 6078
l 6078 6079
l 6079 6080
l 6080 6081
l 6081 6082
l 6082 6083
l 6083 6084
l 6084 6085
l 6085 6086
l 6086 6087
l 6087 6088
l 6088 6089
l 6089 6090
l 6090 6091
l 6091 6092
l 6092 6093
l 6093 6094
l 6094 6095
l 6095 6096
l 6096 6097
l 6097 6098
l 6098 6099
l 6099 6100
l 6100 6101
l 6101 6102
l 6102 6103
l 6103 6104
l 6104 6105
l 6105 6106
l 6106 6107
l 6107 6108
l 6108 6109
l 6109 6110
l 6110 6111
l 6111 6112
l 6112 6113
l 6113 6114
l 6114 6115
l 6115 6116
l 6116 6117
l 6117 6118
l 6118 6119
l 6119 6120
l 6120 6121
l 6121 6122
l 6122 6123
l 6123 6124
l 6124 6125
l 6125 6126
l 6126 6127
l 6127 6128
l 6128 6129
l 6129 6130
l 6130 6131
l 6131 6132
l 6132 6133
l 6133 6134
l 6134 6135
l 6135 6136
l 6136 6137
l 6137 6138
l 6138 6139
l 6139 6140
l 6140 6141
l 6141 6142
l 6142 6143
l 6143 6144
l 6144 6145
l 6145 6146
l 6146 6147
l 6147 6148
l 6148 6149
l 6149 6150
l 6150 6151
l 6151 6152
l 6152 6153
l 6153 6154
l 6154 6155
l 6155 6156
l 6156 6157
l 6157 6158
l 6158 6159
l 6159 6160
l 6160 6161
l 6161 6162
l 6162 6163
l 6163 6164
l 6164 6165
l 6165 6166
l 6166 6167
l 6167 6168
l 6168 6169
l 6169 6170
l 6170 6171
l 6171 6172
l 6172 6173
l 6173 6174
l 6174 6175
l 6175 6176
l 6176 6177
l 6177 6178
l 6178 6179
l 6179 6180
l 6180 6181
l 6181 6182
l 6182 6183
l 6183 6184
l 6184 6185
l 6185 6186
l 6186 6187
l 6187 6188
l 6188 6189
l 6189 6190
l 6190 6191
l 6191 6192
l 6192 6193
l 6193 6194
l 6194 6195
l 6195 6196
l 6196 6197
l 6197 6198
l 6198 6199
l 6199 6200
l 6200 6201
l 6201 6202
l 6202 6203
l 6203 6204
l 6204 6205
l 6205 6206
l 6206 6207
l 6207 6208
l 6208 6209
l 6209 6210
l 6210 6211
l 6211 6212
l 6212 6213
l 6213 6214
l 6214 6215
l 6215 6216
l 6216 6217
l 6217 6218
l 6218 6219
l 6219 6220
l 6220 6221
l 6221 6222
l 6222 6223
l 6223 6224
l 6224 6225
l 6225 6226
l 6226 6227
l 6227 6228
l 6228 6229
l 6229 6230
l 6230 6231
l 6231 6232
l 6232 6233
l 6233 6234
l 6234 6235
l 6235 6236
l 6236 6237
l 6237 6238
l 6238 6239
l 6239 6240
l 6240 6241
l 6241 6242
l 6242 6243
l 6243 6244
l 6244 6245
l 6245 6246
l 6246 6247
l 6247 6248
l 6248 6249
l 6249 6250
l 6250 6251
l 6251 6252
l 6252 6253
l 6253 6254
l 6254 6255
l 6255 6256
l 6256 6257
l 6257 6258
l 6258 6259
l 6259 6260
l 6260 6261
l 6261 6262
l 6262 6263
l 6263 6264
l 6264 6265
l 6265 6266
l 6266 6267
l 6267 6268
l 6268 6269
l 6269 6270
l 6270 6271
l 6271 6272
l 6272 6273
l 6273 6274
l 6274 6275
l 6275 6276
l 6276 6277
l 6277 6278
l 6278 6279
l 6279 6280
l 6280 6281
l 6281 6282
l 6282 6283
l 6283 6284
l 6284 6285
l 6285 6286
l 6286 6287
l 6287 6288
l 6288 6289
l 6289 6290
l 6290 6291
l 6291 6292
l 6292 6293
l 6293 6294
l 6294 6295
l 6295 6296
l 6296 6297
l 6297 6298
l 6298 6299
l 6299 6300
l 6300 6301
l 6301 6302
l 6302 6303
l 6303 6304
l 6304 6305
l 6305 6306
l 6306 6307
l 6307 6308
l 6308 6309
l 6309 6310
l 6310 6311
l 6311 6312
l 6312 6313
l 6313 6314
l 6314 6315
l 6315 6316
l 6316 6317
l 6317 6318
l 6318 6319
l 6319 6320
l 6320 6321
l 6321 6322
l 6322 6323
l 6323 6324
l 6324 6325
l 6325 6326
l 6326 6327
l 6327 6328
l 6328 6329
l 6329 6330
l 6330 6331
l 6331 6332
l 6332 6333
l 6333 6334
l 6334 6335
l 6335 6336
l 6336 6337
l 6337 6338
l 6338 6339
l 6339 6340
l 6340 6341
l 6341 6342
l 6342 6343
l 6343 6344
l 6344 6345
l 6345 6346
l 6346 6347
l 6347 6348
l 6348 6349
l 6349 6350
l 6350 6351
l 6351 6352
l 6352 6353
l 6353 6354
l 6354 6355
l 6355 6356
l 6356 6357
l 6357 6358
l 6358 6359
l 6359 6360
l 6360 6361
l 6361 6362
l 6362 6363
l 6363 6364
l 6364 6365
l 6365 6366
l 6366 6367
l 6367 6368
l 6368 6369
l 6369 6370
l 6370 6371
l 6371 6372
l 6372 6373
l 6373 6374
l 6374 6375
l 6375 6376
l 6376 6377
l 6377 6378
l 6378 6379
l 6379 6380
l 6380 6381
l 6381 6382
l 6382 6383
l 6383 6384
l 6384 6385
l 6385 6386
l 6386 6387
l 6387 6388
l 6388 6389
l 6389 6390
l 6390 6391
l 6391 6392
l 6392 6393
l 6393 6394
l 6394 6395
l 6395 6396
l 6396 6397
l 6397 6398
l 6398 6399
l 6399 6400
l 6400 6401
l 6401 6402
l 6402 6403
l 6403 6404
l 6404 6405
l 6405 6406
l 6406 6407
l 6407 6408
l 6408 6409
l 6409 6410
l 6410 6411
l 6411 6412
l 6412 6413
l 6413 6414
l 6414 6415
l 6415 6416
l 6416 6417
l 6417 6418
l 6418 6419
l 6419 6420
l 6420 6421
l 6421 6422
l 6422 6423
l 6423 6424
l 6424 6425
l 6425 6426
l 6426 6427
l 6427 6428
l 6428 6429
l 6429 6430
l 6430 6431
l 6431 6432
l 6432 6433
l 6433 6434
l 6434 6435
l 6435 6436
l 6436 6437
l 6437 6438
l 6438 6439
l 6439 6440
l 6440 6441
l 6441 6442
l 6442 6443
l 6443 6444
l 6444 6445
l 6445 6446
l 6446 6447
l 6447 6448
l 6448 6449
l 6449 6450
l 6450 6451
l 6451 6452
l 6452 6453
l 6453 6454
l 6454 6455
l 6455 6456
l 6456 6457
l 6457 6458
l 6458 6459
l 6459 6460
l 6460 6461
l 6461 6462
l 6462 6463
l 6463 6464
l 6464 6465
l 6465 6466
l 6466 6467
l 6467 6468
l 6468 6469
l 6469 6470
l 6470 6471
l 6471 6472
l 6472 6473
l 6473 6474
l 6474 6475
l 6475 6476
l 6476 6477
l 6477 6478
l 6478 6479
l 6479 6480
l 6480 6481
l 6481 6482
l 6482 6483
l 6483 6484
l 6484 6485
l 6485 6486
l 6486 6487
l 6487 6488
l 6488 6489
l 6489 6490
l 6490 6491
l 6491 6492
l 6492 6493
l 6493 6494
l 6494 6495
l 6495 6496
l 6496 6497
l 6497 6498
l 6498 6499
l 6499 6500
l 6500 6501
l 6501 6502
l 6502 6503
l 6503 6504
l 6504 6505
l 6505 6506
l 6506 6507
l 6507 6508
l 6508 6509
l 6509 6510
l 6510 6511
l 6511 6512
l 6512 6513
l 6513 6514
l 6514 6515
l 6515 6516
l 6516 6517
l 6517 6518
l 6518 6519
l 6519 6520
l 6520 6521
l 6521 6522
l 6522 6523
l 6523 6524
l 6524 6525
l 6525 6526
l 6526 6527
l 6527 6528
l 6528 6529
l 6529 6530
l 6530 6531
l 6531 6532
l 6532 6533
l 6533 6534
l 6534 6535
l 6535 6536
l 6536 6537
l 6537 6538
l 6538 6539
l 6539 6540
l 6540 6541
l 6541 6542
l 6542 6543
l 6543 6544
l 6544 6545
l 6545 6546
l 6546 6547
l 6547 6548
l 6548 6549
l 6549 6550
l 6550 6551
l 6551 6552
l 6552 6553
l 6553 6554
l 6554 6555
l 6555 6556
l 6556 6557
l 6557 6558
l 6558 6559
l 6559 6560
l 6560 6561
l 6561 6562
l 6562 6563
l 6563 6564
l 6564 6565
l 6565 6566
l 6566 6567
l 6567 6568
l 6568 6569
l 6569 6570
l 6570 6571
l 6571 6572
l 6572 6573
l 6573 6574
l 6574 6575
l 6575 6576
l 6576 6577
l 6577 6578
l 6578 6579
l 6579 6580
l 6580 6581
l 6581 6582
l 6582 6583
l 6583 6584
l 6584 6585
l 6585 6586
l 6586 6587
l 6587 6588
l 6588 6589
l 6589 6590
l 6590 6591
l 6591 6592
l 6592 6593
l 6593 6594
l 6594 6595
l 6595 6596
l 6596 6597
l 6597 6598
l 6598 6599
l 6599 6600
l 6600 6601
l 6601 6602
l 6602 6603
l 6603 6604
l 6604 6605
l 6605 6606
l 6606 6607
l 6607 6608
l 6608 6609
l 6609 6610
l 6610 6611
l 6611 6612
l 6612 6613
l 6613 6614
l 6614 6615
l 6615 6616
l 6616 6617
l 6617 6618
l 6618 6619
l 6619 6620
l 6620 6621
l 6621 6622
l 6622 6623
l 6623 6624
l 6624 6625
l 6625 6626
l 6626 6627
l 6627 6628
l 6628 6629
l 6629 6630
l 6630 6631
l 6631 6632
l 6632 6633
l 6633 6634
l 6634 6635
l 6635 6636
l 6636 6637
l 6637 6638
l 6638 6639
l 6639 6640
l 6640 6641
l 6641 6642
l 6642 6643
l 6643 6644
l 6644 6645
l 6645 6646
l 6646 6647
l 6647 6648
l 6648 6649
l 6649 6650
l 6650 6651
l 6651 6652
l 6652 6653
l 6653 6654
l 6654 6655
l 6655 6656
l 6656 6657
l 6657 6658
l 6658 6659
l 6659 6660
l 6660 6661
l 6661 6662
l 6662 6663
l 6663 6664
l 6664 6665
l 6665 6666
l 6666 6667
l 6667 6668
l 6668 6669
l 6669 6670
l 6670 6671
l 6671 6672
l 6672 6673
l 6673 6674
l 6674 6675
l 6675 6676
l 6676 6677
l 6677 6678
l 6678 6679
l 6679 6680
l 6680 6681
l 6681 6682
l 6682 6683
l 6683 6684
l 6684 6685
l 6685 6686
l 6686 6687
l 6687 6688
l 6688 6689
l 6689 6690
l 6690 6691
l 6691 6692
l 6692 6693
l 6693 6694
l 6694 6695
l 6695 6696
l 6696 6697
l 6697 6698
l 6698 6699
l 6699 6700
l 6700 6701
l 6701 6702
l 6702 6703
l 6703 6704
l 6704 6705
l 6705 6706
l 6706 6707
l 6707 6708
l 6708 6709
l 6709 6710
l 6710 6711
l 6711 6712
l 6712 6713
l 6713 6714
l 6714 6715
l 6715 6716
l 6716 6717
l 6717 6718
l 6718 6719
l 6719 6720
l 6720 6721
l 6721 6722
l 6722 6723
l 6723 6724
l 6724 6725
l 6725 6726
l 6726 6727
l 6727 6728
l 6728 6729
l 6729 6730
l 6730 6731
l 6731 6732
l 6732 6733
l 6733 6734
l 6734 6735
l 6735 6736
l 6736 6737
l 6737 6738
l 6738 6739
l 6739 6740
l 6740 6741
l 6741 6742
l 6742 6743
l 6743 6744
l 6744 6745
l 6745 6746
l 6746 6747
l 6747 6748
l 6748 6749
l 6749 6750
l 6750 6751
l 6751 6752
l 6752 6753
l 6753 6754
l 6754 6755
l 6755 6756
l 6756 6757
l 6757 6758
l 6758 6759
l 6759 6760
l 6760 6761
l 6761 6762
l 6762 6763
l 6763 6764
l 6764 6765
l 6765 6766
l 6766 6767
l 6767 6768
l 6768 6769
l 6769 6770
l 6770 6771
l 6771 6772
l 6772 6773
l 6773 6774
l 6774 6775
l 6775 6776
l 6776 6777
l 6777 6778
l 6778 6779
l 6779 6780
l 6780 6781
l 6781 6782
l 6782 6783
l 6783 6784
l 6784 6785
l 6785 6786
l 6786 6787
l 6787 6788
l 6788 6789
l 6789 6790
l 6790 6791
l 6791 6792
l 6792 6793
l 6793 6794
l 6794 6795
l 6795 6796
l 6796 6797
l 6797 6798
l 6798 6799
l 6799 6800
l 6800 6801
l 6801 6802
l 6802 6803
l 6803 6804
l 6804 6805
l 6805 6806
l 6806 6807
l 6807 6808
l 6808 6809
l 6809 6810
l 6810 6811
l 6811 6812
l 6812 6813
l 6813 6814
l 6814 6815
l 6815 6816
l 6816 6817
l 6817 6818
l 6818 6819
l 6819 6820
l 6820 6821
l 6821 6822
l 6822 6823
l 6823 6824
l 6824 6825
l 6825 6826
l 6826 6827
l 6827 6828
l 6828 6829
l 6829 6830
l 6830 6831
l 6831 6832
l 6832 6833
l 6833 6834
l 6834 6835
l 6835 6836
l 6836 6837
l 6837 6838
l 6838 6839
l 6839 6840
l 6840 6841
l 6841 6842
l 6842 6843
l 6843 6844
l 6844 6845
l 6845 6846
l 6846 6847
l 6847 6848
l 6848 6849
l 6849 6850
l 6850 6851
l 6851 6852
l 6852 6853
l 6853 6854
l 6854 6855
l 6855 6856
l 6856 6857
l 6857 6858
l 6858 6859
l 6859 6860
l 6860 6861
l 6861 6862
l 6862 6863
l 6863 6864
l 6864 6865
l 6865 6866
l 6866 6867
l 6867 6868
l 6868 6869
l 6869 6870
l 6870 6871
l 6871 6872
l 6872 6873
l 6873 6874
l 6874 6875
l 6875 6876
l 6876 6877
l 6877 6878
l 6878 6879
l 6879 6880
l 6880 6881
l 6881 6882
l 6882 6883
l 6883 6884
l 6884 6885
l 6885 6886
l 6886 6887
l 6887 6888
l 6888 6889
l 6889 6890
l 6890 6891
l 6891 6892
l 6892 6893
l 6893 6894
l 6894 6895
l 6895 6896
l 6896 6897
l 6897 6898
l 6898 6899
l 6899 6900
l 6900 6901
l 6901 6902
l 6902 6903
l 6903 6904
l 6904 6905
l 6905 6906
l 6906 6907
l 6907 6908
l 6908 6909
l 6909 6910
l 6910 6911
l 6911 6912
l 6912 6913
l 6913 6914
l 6914 6915
l 6915 6916
l 6916 6917
l 6917 6918
l 6918 6919
l 6919 6920
l 6920 6921
l 6921 6922
l 6922 6923
l 6923 6924
l 6924 6925
l 6925 6926
l 6926 6927
l 6927 6928
l 6928 6929
l 6929 6930
l 6930 6931
l 6931 6932
l 6932 6933
l 6933 6934
l 6934 6935
l 6935 6936
l 6936 6937
l 6937 6938
l 6938 6939
l 6939 6940
l 6940 6941
l 6941 6942
l 6942 6943
l 6943 6944
l 6944 6945
l 6945 6946
l 6946 6947
l 6947 6948
l 6948 6949
l 6949 6950
l 6950 6951
l 6951 6952
l 6952 6953
l 6953 6954
l 6954 6955
l 6955 6956
l 6956 6957
l 6957 6958
l 6958 6959
l 6959 6960
l 6960 6961
l 6961 6962
l 6962 6963
l 6963 6964
l 6964 6965
l 6965 6966
l 6966 6967
l 6967 6968
l 6968 6969
l 6969 6970
l 6970 6971
l 6971 6972
l 6972 6973
l 6973 6974
l 6974 6975
l 6975 6976
l 6976 6977
l 6977 6978
l 6978 6979
l 6979 6980
l 6980 6981
l 6981 6982
l 6982 6983
l 6983 6984
l 6984 6985
l 6985 6986
l 6986 6987
l 6987 6988
l 6988 6989
l 6989 6990
l 6990 6991
l 6991 6992
l 6992 6993
l 6993 6994
l 6994 6995
l 6995 6996
l 6996 6997
l 6997 6998
l 6998 6999
l 6999 7000
l 7000 7001
l 7001 7002
l 7002 7003
l 7003 7004
l 7004 7005
l 7005 7006
l 7006 7007
l 7007 7008
l 7008 7009
l 7009 7010
l 7010 7011
l 7011 7012
l 7012 7013
l 7013 7014
l 7014 7015
l 7015 7016
l 7016 7017
l 7017 7018
l 7018 7019
l 7019 7020
l 7020 7021
l 7021 7022
l 7022 7023
l 7023 7024
l 7024 7025
l 7025 7026
l 7026 7027
l 7027 7028
l 7028 7029
l 7029 7030
l 7030 7031
l 7031 7032
l 7032 7033
l 7033 7034
l 7034 7035
l 7035 7036
l 7036 7037
l 7037 7038
l 7038 7039
l 7039 7040
l 7040 7041
l 7041 7042
l 7042 7043
l 7043 7044
l 7044 7045
l 7045 7046
l 7046 7047
l 7047 7048
l 7048 7049
l 7049 7050
l 7050 7051
l 7051 7052
l 7052 7053
l 7053 7054
l 7054 7055
l 7055 7056
l 7056 7057
l 7057 7058
l 7058 7059
l 7059 7060
l 7060 7061
l 7061 7062
l 7062 7063
l 7063 7064
l 7064 7065
l 7065 7066
l 7066 7067
l 7067 7068
l 7068 7069
l 7069 7070
l 7070 7071
l 7071 7072
l 7072 7073
l 7073 7074
l 7074 7075
l 7075 7076
l 7076 7077
l 7077 7078
l 7078 7079
l 7079 7080
l 7080 7081
l 7081 7082
l 7082 7083
l 7083 7084
l 7084 7085
l 7085 7086
l 7086 7087
l 7087 7088
l 7088 7089
l 7089 7090
l 7090 7091
l 7091 7092
l 7092 7093
l 7093 7094
l 7094 7095
l 7095 7096
l 7096 7097
l 7097 7098
l 7098 7099
l 7099 7100
l 7100 7101
l 7101 7102
l 7102 7103
l 7103 7104
l 7104 7105
l 7105 7106
l 7106 7107
l 7107 7108
l 7108 7109
l 7109 7110
l 7110 7111
l 7111 7112
l 7112 7113
l 7113 7114
l 7114 7115
l 7115 7116
l 7116 7117
l 7117 7118
l 7118 7119
l 7119 7120
l 7120 7121
l 7121 7122
l 7122 7123
l 7123 7124
l 7124 7125
l 7125 7126
l 7126 7127
l 7127 7128
l 7128 7129
l 7129 7130
l 7130 7131
l 7131 7132
l 7132 7133
l 7133 7134
l 7134 7135
l 7135 7136
l 7136 7137
l 7137 7138
l 7138 7139
l 7139 7140
l 7140 7141
l 7141 7142
l 7142 7143
l 7143 7144
l 7144 7145
l 7145 7146
l 7146 7147
l 7147 7148
l 7148 7149
l 7149 7150
l 7150 7151
l 7151 7152
l 7152 7153
l 7153 7154
l 7154 7155
l 7155 7156
l 7156 7157
l 7157 7158
l 7158 7159
l 7159 7160
l 7160 7161
l 7161 7162
l 7162 7163
l 7163 7164
l 7164 7165
l 7165 7166
l 7166 7167
l 7167 7168
l 7168 7169
l 7169 7170
l 7170 7171
l 7171 7172
l 7172 7173
l 7173 7174
l 7174 7175
l 7175 7176
l 7176 7177
l 7177 7178
l 7178 7179
l 7179 7180
l 7180 7181
l 7181 7182
l 7182 7183
l 7183 7184
l 7184 7185
l 7185 7186
l 7186 7187
l 7187 7188
l 7188 7189
l 7189 7190
l 7190 7191
l 7191 7192
l 7192 7193
l 7193 7194
l 7194 7195
l 7195 7196
l 7196 7197
l 7197 7198
l 7198 7199
l 7199 7200
l 7200 7201
l 7201 7202
