# mirror pair v1 woven (canonical 3601-point polylines)
o A
v 0.000000000 1.000000000 0.000000000
v -0.020072063 0.995311108 -0.016926962
v -0.038872807 0.984240202 -0.032308221
v -0.056401167 0.969355082 -0.045979586
v -0.073319502 0.952799259 -0.058515210
v -0.090532101 0.936358995 -0.070807954
v -0.109237668 0.922765752 -0.084229001
v -0.129401951 0.914310940 -0.099508715
v -0.149886361 0.912317110 -0.116515465
v -0.169611335 0.914567251 -0.134485755
v -0.188704758 0.917739969 -0.153007681
v -0.207549210 0.919546132 -0.171946488
v -0.226370218 0.917404462 -0.190802488
v -0.244647806 0.908258285 -0.207865742
v -0.261109853 0.892082555 -0.221063860
v -0.274804274 0.870734169 -0.229355232
v -0.286143280 0.846879121 -0.233748993
v -0.296691127 0.822433102 -0.236728207
v -0.307690046 0.798259654 -0.240201357
v -0.320800329 0.776112645 -0.247302989
v -0.335992753 0.757932764 -0.259537983
v -0.351861963 0.745087232 -0.276824171
v -0.367127571 0.734283146 -0.295996218
v -0.381404309 0.722695441 -0.315455934
v -0.394614035 0.707798808 -0.333271302
v -0.405982331 0.687516574 -0.346085783
v -0.414436717 0.662720850 -0.350761034
v -0.420044306 0.636739805 -0.348123545
v -0.424336163 0.610948975 -0.342309538
v -0.428711991 0.585093113 -0.336910577
v -0.434425062 0.559071043 -0.336014784
v -0.441822283 0.534707700 -0.343833023
v -0.449179560 0.513618761 -0.358567690
v -0.455271083 0.493376077 -0.375012462
v -0.459815862 0.471330576 -0.389392779
v -0.462498248 0.445857233 -0.396409692
v -0.463495700 0.419626880 -0.391996644
v -0.463688456 0.395461020 -0.380484723
v -0.463664670 0.371747052 -0.368031543
v -0.463505319 0.346172055 -0.360494796
v -0.462501620 0.319906182 -0.364380935
v -0.459812384 0.295660515 -0.375387052
v -0.455340549 0.271508204 -0.385963769
v -0.449992623 0.245696382 -0.388539492
v -0.446306560 0.221656883 -0.377953974
v -0.444202868 0.200625372 -0.361504614
v -0.441097264 0.178369226 -0.347084664
v -0.433496176 0.153217949 -0.344202410
v -0.422070230 0.129831199 -0.350331519
v -0.409103743 0.106878312 -0.354559951
v -0.399519393 0.083936942 -0.345855224
v -0.395889295 0.064619270 -0.327705051
v -0.390803987 0.044502845 -0.310992088
v -0.376768803 0.022737885 -0.306333948
v -0.357916013 0.003841850 -0.308371889
v -0.341483532 -0.015611284 -0.302001084
v -0.335506089 -0.033985205 -0.283678445
v -0.328732386 -0.052479387 -0.265853204
v -0.309306991 -0.069109249 -0.259825011
v -0.286318090 -0.082290828 -0.256707708
v -0.273192300 -0.098811086 -0.241442331
v -0.266765382 -0.116206552 -0.222217599
v -0.246984856 -0.129159143 -0.211599329
v -0.222037908 -0.136264712 -0.205389408
v -0.208621586 -0.150803987 -0.188401847
v -0.197963343 -0.166782351 -0.170284103
v -0.173675761 -0.170715226 -0.160877262
v -0.151809102 -0.175976612 -0.148055376
v -0.140864110 -0.192000520 -0.129676630
v -0.119694622 -0.196209435 -0.115951456
v -0.096512734 -0.193636037 -0.103648000
v -0.082120278 -0.207492795 -0.086074503
v -0.061990920 -0.210243398 -0.070849673
v -0.040630689 -0.202774323 -0.057216362
v -0.023316873 -0.214119882 -0.040607530
v -0.002750847 -0.217036747 -0.024309839
v 0.018456513 -0.215531987 -0.008012371
v 0.038274799 -0.208935584 0.007978299
v 0.054761077 -0.195840311 0.023929111
v 0.076413766 -0.201500301 0.038306129
v 0.094564068 -0.193509292 0.054121513
v 0.108386179 -0.178900941 0.071059102
v 0.131811934 -0.180309505 0.083673419
v 0.148518809 -0.169318146 0.099405965
v 0.158787196 -0.152584753 0.117105594
v 0.182462936 -0.148378110 0.128328440
v 0.200343897 -0.136736667 0.142357015
v 0.205963578 -0.118375027 0.160936483
v 0.225721897 -0.106680962 0.173074784
v 0.247831293 -0.095179276 0.181824635
v 0.253433913 -0.076775080 0.199962610
v 0.261010883 -0.058674276 0.217341072
v 0.282241145 -0.043740812 0.223341466
v 0.298835580 -0.025584790 0.232012504
v 0.300863445 -0.006832867 0.250793479
v 0.305978146 0.012640561 0.267693317
v 0.322790905 0.032751606 0.271780439
v 0.338259233 0.054190351 0.274411168
v 0.342276844 0.075378771 0.289433965
v 0.341475756 0.093987452 0.308658694
v 0.347522931 0.116756993 0.320075950
v 0.359366629 0.140652163 0.318581466
v 0.368839599 0.165502530 0.317211697
v 0.370969850 0.189292725 0.328289735
v 0.368802177 0.208851530 0.346445394
v 0.368008753 0.230686168 0.361618588
v 0.371473549 0.256736379 0.363739372
v 0.375751852 0.282174858 0.356659711
v 0.377635635 0.308101056 0.350637182
v 0.375885330 0.333997821 0.355442913
v 0.372095376 0.356178061 0.369880058
v 0.368006000 0.377703386 0.385264620
v 0.364129601 0.402367570 0.394350699
v 0.360565755 0.428360742 0.390260297
v 0.356384632 0.452035566 0.378519412
v 0.350614069 0.474954541 0.365951220
v 0.342923675 0.499517485 0.359310137
v 0.334855748 0.524506677 0.363413481
v 0.327523410 0.548054650 0.373814783
v 0.320189887 0.571348492 0.384819708
v 0.311520100 0.595851606 0.390878772
v 0.300941040 0.619818998 0.386938151
v 0.289195403 0.639887520 0.373975191
v 0.276721027 0.656420157 0.357015823
v 0.263054743 0.671791831 0.339864930
v 0.248148472 0.689047266 0.326017492
v 0.233060628 0.709976908 0.319403346
v 0.219688548 0.733113677 0.320423192
v 0.207388681 0.756596104 0.324255978
v 0.194830798 0.780011374 0.327565532
v 0.180799767 0.802759062 0.327476791
v 0.164240830 0.822118202 0.319789896
v 0.146517684 0.835965885 0.305550853
v 0.128817006 0.843208598 0.286855697
v 0.111198937 0.847166025 0.267085810
v 0.093116964 0.850002199 0.247525852
v 0.073728644 0.854802756 0.229745751
v 0.053358151 0.864013037 0.215165405
v 0.033539170 0.879324034 0.205859610
v 0.014927502 0.897490955 0.199542799
v -0.003037065 0.916637887 0.194218230
v -0.021389652 0.935022714 0.187758377
v -0.040853813 0.950811636 0.178552432
v -0.061432073 0.961550580 0.165505328
v -0.080072900 0.958274259 0.147415676
v -0.092976357 0.943087344 0.129509333
v -0.105307200 0.926444009 0.112521043
v -0.122363203 0.916106004 0.095298613
v -0.144150960 0.920623145 0.080567977
v -0.165600061 0.929924876 0.067574206
v -0.186459043 0.941426062 0.055321023
v -0.207143203 0.952689736 0.042572274
v -0.228056351 0.961529886 0.028453750
v -0.249073703 0.965543772 0.012563186
v -0.269197247 0.962413311 -0.004557258
v -0.286721053 0.951228734 -0.021229500
v -0.301149946 0.934310227 -0.036085428
v -0.313691067 0.914727296 -0.049352774
v -0.325606456 0.894174073 -0.061734747
v -0.338258704 0.874119256 -0.074186550
v -0.353345118 0.856952193 -0.088012795
v -0.371317478 0.845248175 -0.103869355
v -0.390767418 0.839114009 -0.121142978
v -0.410321698 0.836707158 -0.139293550
v -0.429419905 0.834588545 -0.157955430
v -0.447829318 0.830510390 -0.176942019
v -0.465051925 0.822229595 -0.195619934
v -0.479406534 0.806770803 -0.211836203
v -0.489770277 0.785260065 -0.223578041
v -0.496476880 0.760430465 -0.230759882
v -0.500749368 0.734283255 -0.234634156
v -0.504454242 0.707909500 -0.237537398
v -0.509152462 0.681875287 -0.241631629
v -0.516745815 0.657727260 -0.249992208
v -0.527357042 0.637483414 -0.263749120
v -0.539365816 0.621726959 -0.281736355
v -0.551015974 0.607432344 -0.301166612
v -0.561366911 0.592005666 -0.320432262
v -0.569403093 0.572902516 -0.337245304
v -0.574023414 0.549192694 -0.348210098
v -0.574605534 0.522659229 -0.350548550
v -0.572715245 0.496259142 -0.346794849
v -0.569924615 0.470323738 -0.340687499
v -0.567529061 0.444085900 -0.336042050
v -0.566693952 0.417507600 -0.337194000
v -0.567801007 0.392837625 -0.347249958
v -0.569201015 0.371150114 -0.362889343
v -0.569289083 0.349878915 -0.379150718
v -0.567174447 0.326716961 -0.392199785
v -0.562378950 0.300955206 -0.396264804
v -0.556255120 0.275936466 -0.389376746
v -0.550066745 0.252959488 -0.377085221
v -0.543675615 0.229802109 -0.365269391
v -0.536507226 0.204671922 -0.360354994
v -0.528347492 0.180188363 -0.366937476
v -0.518959615 0.157924978 -0.378481431
v -0.507785049 0.135527257 -0.387771074
v -0.495940662 0.111901877 -0.387015598
v -0.486926001 0.090571488 -0.373815603
v -0.479385277 0.070945036 -0.357216779
v -0.469344995 0.049585851 -0.345042049
v -0.454282504 0.027789473 -0.345332538
v -0.436565780 0.008860747 -0.352035974
v -0.418151571 -0.010184988 -0.353655625
v -0.404891068 -0.029389975 -0.341414489
v -0.396770958 -0.046846714 -0.322799078
v -0.384420440 -0.065243990 -0.308377869
v -0.363425927 -0.081308047 -0.306879011
v -0.340090910 -0.094303647 -0.308119449
v -0.321576954 -0.109521349 -0.297777678
v -0.312383932 -0.125654974 -0.278516313
v -0.297996221 -0.141166162 -0.262967654
v -0.273246129 -0.150109363 -0.259496672
v -0.248364015 -0.157469741 -0.254113216
v -0.234818460 -0.171492285 -0.236260925
v -0.221993398 -0.185814930 -0.218064409
v -0.197145601 -0.189802522 -0.210423908
v -0.172211859 -0.191483872 -0.201931299
v -0.158427420 -0.204462863 -0.183332149
v -0.140791316 -0.213962738 -0.166930409
v -0.115939081 -0.208854243 -0.158666762
v -0.095811092 -0.212797051 -0.143195617
v -0.080202683 -0.224467267 -0.125166239
v -0.057831148 -0.217758116 -0.113384610
v -0.036870056 -0.213626434 -0.098976090
v -0.019408296 -0.223863396 -0.081578537
v 0.000547606 -0.215022723 -0.067758102
v 0.019671656 -0.205103893 -0.052718819
v 0.039592581 -0.200251810 -0.035477891
v 0.059396371 -0.195554368 -0.018220937
v 0.080760702 -0.199899897 -0.002848781
v 0.095401416 -0.185208693 0.012672401
v 0.111169747 -0.173324185 0.028977737
v 0.133822758 -0.172802459 0.042906654
v 0.144195458 -0.155249476 0.059291097
v 0.158499496 -0.141743982 0.075640408
v 0.181397834 -0.136180210 0.087903978
v 0.188642917 -0.117745915 0.104955695
v 0.199389498 -0.101272308 0.121543044
v 0.221940698 -0.091148260 0.131634041
v 0.229486659 -0.072832610 0.148152256
v 0.232903205 -0.053933547 0.166157919
v 0.252593743 -0.038594827 0.175183431
v 0.266008875 -0.019906172 0.186943546
v 0.263920028 -0.001330443 0.206068398
v 0.271841463 0.018792028 0.220255644
v 0.288844180 0.038962167 0.224747712
v 0.294925149 0.060691038 0.237431426
v 0.290687082 0.078514121 0.256946305
v 0.294535519 0.100524453 0.270272104
v 0.306328981 0.124468479 0.271881527
v 0.312536043 0.149239858 0.277873863
v 0.308330180 0.168618193 0.295560484
v 0.303490514 0.187423963 0.313814646
v 0.305836167 0.212709242 0.320368799
v 0.310780733 0.238852746 0.317480083
v 0.311364736 0.265214538 0.319210578
v 0.305578776 0.286581417 0.333785614
v 0.298269914 0.304830921 0.351966007
v 0.292533402 0.327646951 0.363938935
v 0.289704994 0.353981835 0.362052758
v 0.286621427 0.379389465 0.354182430
v 0.280472399 0.405008109 0.350516862
v 0.271287447 0.428197209 0.359485195
v 0.261781711 0.447879611 0.374942298
v 0.251994883 0.468213768 0.389290024
v 0.241599743 0.492017106 0.394293807
v 0.231395851 0.515480887 0.386975405
v 0.220834359 0.536613415 0.374377621
v 0.208509551 0.557369491 0.362905881
v 0.194142784 0.579389214 0.359525886
v 0.180109479 0.600984353 0.366347592
v 0.166986120 0.621541829 0.377417558
v 0.153426713 0.642276005 0.387546144
v 0.137957983 0.663704205 0.391006640
v 0.121209150 0.682937004 0.383617202
v 0.104702816 0.697819911 0.368851271
v 0.088202096 0.709741507 0.351449791
v 0.070466489 0.721129063 0.334949039
v 0.050980905 0.734865281 0.323099444
v 0.031051798 0.752087417 0.319122220
v 0.012456866 0.771190390 0.321497780
v -0.005528478 0.790627570 0.325543992
v -0.024172245 0.809666423 0.327982924
v -0.044247681 0.827168417 0.326074899
v -0.065430814 0.839631648 0.315887662
v -0.085719174 0.846267592 0.299930418
v -0.104283382 0.847305860 0.280688617
v -0.122237484 0.845831381 0.260866662
v -0.140755512 0.843867544 0.241611614
v -0.161471130 0.844512649 0.224753163
v -0.184139539 0.852519834 0.214112183
v -0.203815735 0.870510323 0.214966629
v -0.222476484 0.889600682 0.217227900
v -0.243854713 0.904580411 0.213295820
v -0.265226895 0.905887616 0.197593506
v -0.283667348 0.900272105 0.179169815
v -0.299670520 0.890358406 0.160166497
v -0.314452435 0.878151484 0.141458128
v -0.329760100 0.865778011 0.123299244
v -0.347161068 0.855417968 0.105842868
v -0.367686067 0.849871878 0.089751912
v -0.390456465 0.850608710 0.075790603
v -0.413658978 0.855025907 0.063197140
v -0.436751970 0.860816996 0.050913604
v -0.459581704 0.865674115 0.037789805
v -0.481794008 0.867238441 0.023023283
v -0.502306153 0.863221033 0.006542615
v -0.519356126 0.852209694 -0.010632552
v -0.531734572 0.834971461 -0.026801850
v -0.540008727 0.813840980 -0.040998708
v -0.546396740 0.791213146 -0.053829461
v -0.552571681 0.768223024 -0.066117968
v -0.560286148 0.745999499 -0.078891790
v -0.571774243 0.726797807 -0.093424558
v -0.587330526 0.712719837 -0.109912778
v -0.605051432 0.703168029 -0.127526408
v -0.623251773 0.696114589 -0.145875332
v -0.640775786 0.688647026 -0.164694814
v -0.656747987 0.678667167 -0.183669091
v -0.669895497 0.664220164 -0.201851040
v -0.677721835 0.643548899 -0.216637267
v -0.680170668 0.618940278 -0.226553952
v -0.678903538 0.592878551 -0.232356043
v -0.675719057 0.566492740 -0.235667459
v -0.672526914 0.540079338 -0.238758181
v -0.671026371 0.513875210 -0.243919517
v -0.673504501 0.489484194 -0.254339471
v -0.679531962 0.468558504 -0.269791267
v -0.687185643 0.451062417 -0.288567538
v -0.694269438 0.434200926 -0.308139637
v -0.699260231 0.415787600 -0.326876214
v -0.700464098 0.393902600 -0.342035224
v -0.696825224 0.368863207 -0.349935670
v -0.689313593 0.343261890 -0.349733872
v -0.680104454 0.318639512 -0.344707947
v -0.670546877 0.294364117 -0.338617199
v -0.661672799 0.269349703 -0.335555377
v -0.654700746 0.244106328 -0.339953638
v -0.649859786 0.221066933 -0.352514870
v -0.645313075 0.200300327 -0.368808795
v -0.638953023 0.179511440 -0.384407057
v -0.629546584 0.156955391 -0.394848683
v -0.617429941 0.133431479 -0.394698429
v -0.605066852 0.111741144 -0.385243163
v -0.593067707 0.091426535 -0.372554186
v -0.580415173 0.070229418 -0.362329344
v -0.566432448 0.047722482 -0.361717917
v -0.551990115 0.027246054 -0.370899387
v -0.536544690 0.008658499 -0.382433134
v -0.519173500 -0.010368716 -0.389198574
v -0.502362819 -0.029828608 -0.383163533
v -0.489133719 -0.047331049 -0.367900029
v -0.476302105 -0.064412588 -0.351765973
v -0.458919359 -0.082640816 -0.343703814
v -0.437740271 -0.098273996 -0.347671614
v -0.415257903 -0.111397318 -0.353922450
v -0.393180822 -0.125597788 -0.350953127
v -0.378133989 -0.140577918 -0.334928670
v -0.365336188 -0.155271764 -0.316587389
v -0.345309480 -0.168863031 -0.306388100
v -0.319831832 -0.176785790 -0.307796106
v -0.294214680 -0.183608047 -0.306280137
v -0.276038615 -0.195149607 -0.291198728
v -0.263019253 -0.208315172 -0.271888113
v -0.241055471 -0.216616484 -0.260719150
v -0.214371363 -0.216588137 -0.258811543
v -0.190618039 -0.220088035 -0.248627797
v -0.176450689 -0.231846885 -0.229237753
v -0.156448944 -0.238482831 -0.214079091
v -0.131020428 -0.232486161 -0.208592124
v -0.108626760 -0.232211656 -0.195708094
v -0.093019545 -0.242631890 -0.176637742
v -0.070963453 -0.240227559 -0.163703716
v -0.048785295 -0.228869677 -0.154410139
v -0.030168547 -0.233898613 -0.136594666
v -0.010448849 -0.235416461 -0.120031582
v 0.008188844 -0.219486607 -0.109427490
v 0.027712082 -0.217861138 -0.092664091
v 0.047686750 -0.219162279 -0.075758966
v 0.067416367 -0.210698134 -0.059736179
v 0.086470181 -0.200997940 -0.043600020
v 0.098105505 -0.181668678 -0.029628056
v 0.115588132 -0.172639791 -0.013344137
v 0.135969957 -0.167694845 0.002141753
v 0.142635643 -0.146958701 0.017495764
v 0.159892604 -0.136344049 0.033281350
v 0.178546704 -0.126108252 0.047924180
v 0.180745232 -0.105333194 0.064550028
v 0.197068609 -0.091876415 0.079340242
v 0.213908259 -0.077638058 0.092862596
v 0.212425873 -0.057647807 0.110495864
v 0.225015660 -0.040351596 0.124838361
v 0.241543327 -0.023180353 0.135892873
v 0.238740940 -0.004011086 0.153922629
v 0.242527214 0.015800976 0.169953295
v 0.258327943 0.035985646 0.177536083
v 0.260145106 0.056786423 0.192652946
v 0.253627481 0.074264936 0.211730382
v 0.260754913 0.097213889 0.221888151
v 0.270215002 0.121548383 0.227085355
v 0.265860327 0.141636643 0.243312576
v 0.257597631 0.158247454 0.262519590
v 0.258971496 0.182800539 0.271412250
v 0.263476983 0.209145770 0.272422824
v 0.259704813 0.232875377 0.282533830
v 0.249629582 0.248715647 0.301595047
v 0.241125488 0.267948067 0.317608757
v 0.238223623 0.294164672 0.319894354
v 0.235430667 0.320595739 0.316714133
v 0.227030939 0.344818707 0.322579933
v 0.215360450 0.361914298 0.339431466
v 0.203478337 0.378298957 0.356896659
v 0.192397471 0.400850782 0.364601835
v 0.183070430 0.425350300 0.359769438
v 0.172702405 0.448808070 0.352124430
v 0.158909923 0.471365133 0.352015843
v 0.144034128 0.489929950 0.363961633
v 0.129731970 0.506108204 0.379813562
v 0.114443611 0.524067839 0.392257281
v 0.097987011 0.544743803 0.393018229
v 0.082181994 0.563917737 0.383320715
v 0.066119632 0.581039959 0.370435291
v 0.047948976 0.597950773 0.360692748
v 0.028068518 0.615477504 0.360737256
v 0.009306559 0.632297989 0.369592767
v -0.008746101 0.648592062 0.380826417
v -0.027832515 0.665137081 0.389545992
v -0.048909060 0.681392346 0.390044300
v -0.069806948 0.694211674 0.379625092
v -0.089271433 0.703097068 0.363608124
v -0.108413676 0.709718334 0.346078864
v -0.129190982 0.716304900 0.330577957
v -0.152282681 0.725406450 0.321062110
v -0.175945446 0.737595293 0.319404604
v -0.198664780 0.751382101 0.322711178
v -0.221174257 0.765352146 0.326687223
v -0.244517278 0.778328329 0.327932827
v -0.268713120 0.788791104 0.323896771
v -0.288595482 0.789310347 0.307545099
v -0.301190160 0.781435219 0.285372364
v -0.313596361 0.772316395 0.263538207
v -0.333640475 0.769728018 0.247469136
v -0.358720593 0.775891066 0.240598808
v -0.383767252 0.784569217 0.236859437
v -0.408665542 0.794006621 0.233921351
v -0.433688810 0.802340928 0.229416057
v -0.458608245 0.807715812 0.221517872
v -0.482000841 0.807800257 0.208820859
v -0.501076300 0.800727199 0.191605402
v -0.515971985 0.788971193 0.172823291
v -0.527986285 0.774393035 0.153867220
v -0.538911841 0.758472054 0.135299758
v -0.551070242 0.742756397 0.117361350
v -0.566485870 0.729195366 0.100276509
v -0.586238675 0.720136060 0.084827095
v -0.609096130 0.716320305 0.071472866
v -0.632820565 0.715150768 0.059103741
v -0.656530453 0.714572825 0.046643739
v -0.679580263 0.712657558 0.033143028
v -0.700584355 0.706780644 0.017719891
v -0.717667574 0.695397454 0.000806738
v -0.729015298 0.678380097 -0.016180227
v -0.734637465 0.657446642 -0.031763250
v -0.736104651 0.634484899 -0.045449567
v -0.735922541 0.610796415 -0.057961927
v -0.736160781 0.587023203 -0.070294121
v -0.738894251 0.563937229 -0.083521865
v -0.746673639 0.543474782 -0.098739193
v -0.759412681 0.527272251 -0.115723814
v -0.774591571 0.514377810 -0.133603206
v -0.790198739 0.502907511 -0.152108902
v -0.804552978 0.490587552 -0.171046000
v -0.816137374 0.475619067 -0.189884697
v -0.823064322 0.456691694 -0.207311427
v -0.822965326 0.433644852 -0.220574949
v -0.817121181 0.408956173 -0.228846787
v -0.808140282 0.384206836 -0.233586400
v -0.797903197 0.359635032 -0.236583448
v -0.788252489 0.334917395 -0.240150127
v -0.780970731 0.310043729 -0.246667594
v -0.778599031 0.286576872 -0.259058343
v -0.780006412 0.265825248 -0.275844104
v -0.782857035 0.247403918 -0.295082064
v -0.784649735 0.229150164 -0.314595426
v -0.783349153 0.209418376 -0.332548256
v -0.776861001 0.187184791 -0.345662666
v -0.765105650 0.163919544 -0.350616622
v -0.750437476 0.141700188 -0.348387475
v -0.734894508 0.120663457 -0.342634959
v -0.719311722 0.099628716 -0.336967333
v -0.704548051 0.077427712 -0.335968639
v -0.692098217 0.055199640 -0.343477109
v -0.681904762 0.035072090 -0.357801553
v -0.671756912 0.016593612 -0.374328691
v -0.659098883 -0.001982947 -0.388795773
v -0.642810111 -0.021570999 -0.396116102
v -0.624720167 -0.040555921 -0.392224512
v -0.607409916 -0.057616683 -0.381072101
v -0.590362030 -0.074081586 -0.368600967
v -0.571946205 -0.091669970 -0.360853798
v -0.552393894 -0.109282417 -0.364039467
v -0.533110438 -0.124331977 -0.374852416
v -0.512750757 -0.137911331 -0.385688751
v -0.490493451 -0.151976011 -0.388732471
v -0.470457180 -0.166082537 -0.378600154
v -0.453817687 -0.179217604 -0.362250890
v -0.435727283 -0.192436064 -0.347771168
v -0.412654120 -0.204629084 -0.344013978
v -0.387918437 -0.212820883 -0.350031617
v -0.362449178 -0.219471047 -0.354392686
v -0.339081618 -0.228366083 -0.346459300
v -0.322370884 -0.239138706 -0.328604896
v -0.304652897 -0.249532539 -0.311648517
v -0.279516870 -0.254926387 -0.306321350
v -0.252829566 -0.254645148 -0.308353268
v -0.227201982 -0.256051320 -0.302678901
v -0.209533678 -0.264349595 -0.284597693
v -0.191867011 -0.272571731 -0.266501743
v -0.166546883 -0.270749447 -0.259860419
v -0.141055527 -0.263244326 -0.257093501
v -0.119635981 -0.264675846 -0.242369477
v -0.102892973 -0.272403476 -0.222995157
v -0.079960103 -0.267866867 -0.211861893
v -0.057453826 -0.254798922 -0.205878930
v -0.037438053 -0.254492355 -0.189306892
v -0.018750907 -0.258565811 -0.170943011
v 0.001140184 -0.244379252 -0.161239862
v 0.020049051 -0.231474617 -0.148906749
v 0.039155101 -0.234717945 -0.130506261
v 0.057218044 -0.223440140 -0.116396521
v 0.071240792 -0.204435739 -0.104446802
v 0.088608874 -0.192913473 -0.087617002
v 0.105143326 -0.180458560 -0.070613183
v 0.124863633 -0.175894053 -0.053653183
v 0.140161486 -0.163210530 -0.037911713
v 0.145830138 -0.141714190 -0.023429270
v 0.165451599 -0.133807127 -0.007551977
v 0.176791615 -0.117489339 0.008141361
v 0.179050065 -0.096645074 0.024106238
v 0.198203844 -0.085045837 0.038447267
v 0.204788948 -0.066319904 0.054300065
v 0.204130696 -0.046280666 0.071215203
v 0.221458998 -0.030427419 0.083794194
v 0.224864904 -0.010748692 0.099600612
v 0.220169083 0.008296282 0.117275238
v 0.233691887 0.028221774 0.128418117
v 0.237525042 0.049180739 0.142548429
v 0.228150410 0.065935055 0.161157338
v 0.233732233 0.088343926 0.173160860
v 0.240572236 0.112177963 0.182051184
v 0.231236175 0.128952590 0.200176561
v 0.223688019 0.147129348 0.217414558
v 0.227723513 0.172761698 0.223367088
v 0.226088830 0.197295881 0.232138522
v 0.213915012 0.211632154 0.251019681
v 0.203490101 0.228924875 0.267927486
v 0.200843762 0.255094319 0.271768695
v 0.196083026 0.281053841 0.274538856
v 0.183613837 0.298625657 0.289618188
v 0.169678129 0.310934514 0.308869569
v 0.157588618 0.331280048 0.320009161
v 0.148617636 0.356372448 0.318524991
v 0.137273712 0.380432292 0.317277412
v 0.121644655 0.398438640 0.328448336
v 0.106076071 0.410468886 0.346609763
v 0.089832332 0.425131237 0.361656486
v 0.073510604 0.445744214 0.363779446
v 0.058179586 0.466463617 0.356573235
v 0.040891320 0.485869929 0.350488602
v 0.021014686 0.502528313 0.355617911
v 0.002441110 0.515228226 0.370036247
v -0.015868886 0.527240567 0.385426368
v -0.036342063 0.541667183 0.394089332
v -0.057472061 0.557136109 0.390116303
v -0.077387273 0.570553909 0.378347584
v -0.097918978 0.582334799 0.365841559
v -0.120940417 0.593893410 0.359156064
v -0.144544249 0.605477024 0.363352652
v -0.166488605 0.616553483 0.373967778
v -0.188426893 0.627480057 0.384752555
v -0.212015799 0.638248195 0.390787519
v -0.236607239 0.647333457 0.386953928
v -0.259214338 0.652854271 0.373890451
v -0.279700189 0.655202510 0.356818688
v -0.300199456 0.656122252 0.339609676
v -0.323043847 0.657385834 0.325809648
v -0.347941287 0.663082417 0.324487903
v -0.370023649 0.672990414 0.335718898
v -0.392469133 0.682841696 0.346419312
v -0.417573694 0.686889173 0.341730903
v -0.439402939 0.684951448 0.326563761
v -0.457497161 0.679203503 0.307717547
v -0.474113959 0.671557755 0.288148516
v -0.491465955 0.663359681 0.269482154
v -0.512180460 0.656642220 0.254034582
v -0.536575392 0.653511121 0.243834251
v -0.562810561 0.654136469 0.238673762
v -0.589316930 0.656462874 0.235607221
v -0.615786598 0.658714722 0.232221621
v -0.641866543 0.659080462 0.226385121
v -0.666379919 0.655792944 0.216444729
v -0.686474870 0.646994677 0.201436363
v -0.700447369 0.633364894 0.183262979
v -0.709853303 0.617051780 0.164289106
v -0.716693606 0.599270761 0.145471599
v -0.723212010 0.580838322 0.127161011
v -0.732203149 0.562826225 0.109553620
v -0.745768634 0.546810547 0.093066077
v -0.764789535 0.534889820 0.078633735
v -0.786741895 0.526444414 0.065861594
v -0.809518432 0.519518116 0.053576912
v -0.831925424 0.512387820 0.040745890
v -0.852649280 0.503285127 0.026472602
v -0.869290414 0.490197553 0.010255272
v -0.879669713 0.472766469 -0.006911619
v -0.882937851 0.452106044 -0.023384575
v -0.880553057 0.429935890 -0.038131501
v -0.874778778 0.407256628 -0.051161021
v -0.868252750 0.384367773 -0.063458293
v -0.863088581 0.361324935 -0.076062913
v -0.861597376 0.338583538 -0.090028785
v -0.866749790 0.318002719 -0.106212937
v -0.876537046 0.300279516 -0.123671388
v -0.888423385 0.284594448 -0.141834830
v -0.900049210 0.269394122 -0.160574332
v -0.909371314 0.253038339 -0.179569814
v -0.914328959 0.234399294 -0.197986035
v -0.912875936 0.213213102 -0.214071196
v -0.903376507 0.190735699 -0.224845063
v -0.889552348 0.168802309 -0.231301692
v -0.873631148 0.147602073 -0.235023332
v -0.857283026 0.126583978 -0.237952783
v -0.842244649 0.104950899 -0.242588026
v -0.830580053 0.082675491 -0.251443258
v -0.824397050 0.061311125 -0.266203350
v -0.821555215 0.041858225 -0.284350288
v -0.819252311 0.023675663 -0.303886583
v -0.815046841 0.005463517 -0.323049126
v -0.806090635 -0.013756255 -0.339194795
v -0.791514288 -0.033607583 -0.349247557
v -0.772369541 -0.052133671 -0.350225414
v -0.752007499 -0.068978124 -0.346066480
v -0.731414836 -0.084966694 -0.339897425
v -0.710917333 -0.101607368 -0.335631472
v -0.691438681 -0.119684713 -0.337887450
v -0.675034848 -0.137385159 -0.349310751
v -0.660450875 -0.153246436 -0.365196096
v -0.645005182 -0.168019796 -0.381312636
v -0.626367159 -0.182615197 -0.393674431
v -0.604102131 -0.196983607 -0.395996977
v -0.582097578 -0.209674182 -0.387790011
v -0.561353622 -0.221120745 -0.375301704
v -0.540032997 -0.232738121 -0.364079042
v -0.516775984 -0.245076331 -0.360645036
v -0.493668814 -0.255900748 -0.368385745
v -0.471110890 -0.264347610 -0.380094831
v -0.446925867 -0.271845449 -0.388453478
v -0.421936977 -0.279866526 -0.385633039
v -0.400873234 -0.288206329 -0.371551313
v -0.381430989 -0.296402419 -0.355059250
v -0.358396695 -0.303795564 -0.344236405
v -0.332162540 -0.307434760 -0.346215305
v -0.306215058 -0.307589337 -0.352816242
v -0.279753203 -0.307894104 -0.352824838
v -0.257675982 -0.312301051 -0.338940108
v -0.239550974 -0.318619886 -0.320258119
v -0.216750961 -0.321635620 -0.307406738
v -0.190624305 -0.316755256 -0.307231246
v -0.165063150 -0.309082541 -0.307643162
v -0.142092497 -0.307717472 -0.295275333
v -0.124308473 -0.312532886 -0.275844988
v -0.102282604 -0.311311113 -0.261878967
v -0.078923691 -0.298744198 -0.259291422
v -0.056404374 -0.287181679 -0.252145454
v -0.037521131 -0.288581902 -0.233497153
v -0.017722963 -0.287547725 -0.216276535
v 0.001879761 -0.270959304 -0.209781078
v 0.020675657 -0.255922972 -0.199615196
v 0.039447042 -0.256244739 -0.180669091
v 0.058207492 -0.247360623 -0.165519525
v 0.071417892 -0.225671633 -0.157192762
v 0.089041415 -0.216685840 -0.140600022
v 0.107989003 -0.211892018 -0.122949077
v 0.123907108 -0.196895671 -0.107480178
v 0.138778075 -0.181061231 -0.091803669
v 0.146271003 -0.159646013 -0.078693223
v 0.155146211 -0.140859145 -0.063568731
v 0.174210543 -0.132365229 -0.046992259
v 0.177437932 -0.111024068 -0.032526837
v 0.183579299 -0.091980415 -0.016579145
v 0.201049441 -0.079142658 -0.001228676
v 0.198754673 -0.058074670 0.014206690
v 0.203487496 -0.038992379 0.030438570
v 0.217893725 -0.021865371 0.044503998
v 0.210844007 -0.002427953 0.060981247
v 0.213423006 0.017357005 0.076906710
v 0.224212487 0.037909804 0.089447478
v 0.214499504 0.055294562 0.106752739
v 0.212217060 0.075212744 0.122709683
v 0.220034013 0.098532599 0.132897446
v 0.210431168 0.115596993 0.150031316
v 0.200465009 0.132206096 0.167556949
v 0.203647390 0.157323786 0.175886509
v 0.197892178 0.178846887 0.188761701
v 0.183022726 0.190062938 0.207976205
v 0.175214657 0.211080038 0.220890073
v 0.172212594 0.237277066 0.225357718
v 0.159838346 0.255318354 0.239313029
v 0.144094214 0.264650351 0.258848252
v 0.131521393 0.284062878 0.270783692
v 0.122444235 0.309210472 0.271990160
v 0.108304788 0.329947716 0.279281790
v 0.091476345 0.339600809 0.297546950
v 0.074507073 0.349899766 0.315262521
v 0.058181162 0.369927770 0.320273040
v 0.042691926 0.391543813 0.317205991
v 0.023783117 0.409636350 0.320201802
v 0.004604555 0.419639086 0.335616388
v -0.013660383 0.427171193 0.353679140
v -0.034323485 0.439579066 0.364472482
v -0.055072253 0.455947983 0.361298490
v -0.075571186 0.471256967 0.353398074
v -0.098559982 0.484293347 0.350950559
v -0.121388064 0.493466159 0.360854103
v -0.142035259 0.500205377 0.376527198
v -0.163751376 0.507492420 0.390247497
v -0.188243660 0.516694884 0.394205486
v -0.212006457 0.525532214 0.385906937
v -0.234452136 0.532439151 0.373029079
v -0.258156105 0.537879563 0.361929058
v -0.284140625 0.542838358 0.359743039
v -0.309254020 0.547760346 0.367326119
v -0.333058517 0.552613677 0.378615580
v -0.357620614 0.557219830 0.388175174
v -0.383806657 0.560743126 0.390273687
v -0.404376176 0.560001267 0.374951227
v -0.418912360 0.555976593 0.352820519
v -0.438841623 0.552288163 0.336508161
v -0.465529753 0.552445881 0.336232831
v -0.491752505 0.554097049 0.341336759
v -0.517772641 0.556010130 0.347423410
v -0.544304104 0.556778386 0.350565363
v -0.570734763 0.555094119 0.347719186
v -0.593739991 0.549175449 0.335706496
v -0.612191232 0.540292878 0.318587632
v -0.626904899 0.529195286 0.299157383
v -0.640817415 0.517019859 0.279771512
v -0.656678118 0.504552664 0.262229559
v -0.676816137 0.493398352 0.248753727
v -0.701133290 0.485475599 0.241163633
v -0.727039576 0.480021132 0.237215514
v -0.753283325 0.475471311 0.234339916
v -0.779152693 0.470075721 0.230097273
v -0.803563375 0.462306881 0.222604050
v -0.824411048 0.450957964 0.210519271
v -0.838138938 0.435538808 0.193708251
v -0.845471499 0.417962167 0.174994794
v -0.848688421 0.399370495 0.156022719
v -0.850060127 0.380168827 0.137396388
v -0.852181001 0.360491869 0.119361816
v -0.858053901 0.340902549 0.102173056
v -0.869541943 0.322670786 0.086426656
v -0.886926933 0.307486895 0.072914296
v -0.906625728 0.294262438 0.060494751
v -0.926755659 0.281676579 0.048080085
v -0.945797752 0.268410584 0.034718298
v -0.961653439 0.253089395 0.019609924
v -0.971286311 0.234839298 0.002781973
v -0.973155270 0.214538573 -0.014274851
v -0.967946216 0.193663791 -0.030031348
v -0.958060778 0.173093502 -0.043999353
v -0.945876201 0.152814631 -0.056570582
v -0.933823455 0.132295812 -0.068862751
v -0.924068701 0.111112953 -0.081958430
v -0.919331175 0.089493688 -0.096857279
v -0.921557721 0.068906398 -0.113731980
v -0.927777372 0.049929984 -0.131543926
v -0.935395870 0.032027071 -0.149957539
v -0.941756154 0.014178241 -0.168873380
v -0.944585036 -0.004492388 -0.187768198
v -0.941565094 -0.024219534 -0.205402780
v -0.930909409 -0.044128266 -0.219439545
v -0.913666049 -0.062561859 -0.228128301
v -0.893507782 -0.079410938 -0.233147126
v -0.872226054 -0.095376367 -0.236251426
v -0.851197696 -0.111610309 -0.239616185
v -0.832004797 -0.129156934 -0.245771864
v -0.817248974 -0.148044894 -0.257345443
v -0.807535832 -0.166700854 -0.273824764
v -0.800444036 -0.184169951 -0.292841497
v -0.792859146 -0.200832994 -0.312386859
v -0.782406520 -0.217183620 -0.330790678
v -0.765985580 -0.233084443 -0.344454093
v -0.744534218 -0.247446209 -0.350612163
v -0.720640710 -0.259264446 -0.348834821
v -0.696542003 -0.269564060 -0.343353640
v -0.672425747 -0.279669931 -0.337548146
v -0.648354926 -0.291025864 -0.335737498
v -0.625939433 -0.303752259 -0.342139087
v -0.606635369 -0.316053555 -0.355932950
v -0.588527463 -0.326881114 -0.372438867
v -0.568557366 -0.336548465 -0.387348086
v -0.544985147 -0.345235501 -0.395857275
v -0.519641158 -0.352536346 -0.393209388
v -0.495860825 -0.358494548 -0.382537741
v -0.472911347 -0.363958678 -0.369844491
v -0.448355584 -0.369683118 -0.361129075
v -0.422462700 -0.375031737 -0.363136302
v -0.398047815 -0.378395001 -0.373486866
v -0.373741415 -0.379868681 -0.384597528
v -0.347575682 -0.380587162 -0.389197068
v -0.322698132 -0.382362092 -0.380250596
v -0.301476406 -0.385141536 -0.364183329
v -0.279644717 -0.387519097 -0.348957147
v -0.253768040 -0.386772219 -0.343709946
v -0.228152289 -0.381565205 -0.349216970
v -0.202957912 -0.374326912 -0.354433051
v -0.177873944 -0.369398315 -0.348201648
v -0.157655083 -0.369869812 -0.330763089
v -0.137598011 -0.370313493 -0.313123668
v -0.113306974 -0.363163721 -0.306230861
v -0.090324355 -0.349603775 -0.308216708
v -0.067526913 -0.336967075 -0.304116173
v -0.047618276 -0.334159490 -0.286860067
v -0.028595745 -0.333018093 -0.268195653
v -0.007516482 -0.319936278 -0.260097307
v 0.010671225 -0.300463033 -0.257805944
v 0.029832308 -0.289060129 -0.244542865
v 0.048123781 -0.287309896 -0.225088934
v 0.066122229 -0.273753752 -0.212474695
v 0.078825003 -0.250854341 -0.207018387
v 0.095399117 -0.238415844 -0.191509490
v 0.113682087 -0.233462076 -0.172800852
v 0.124843438 -0.212544263 -0.162070566
v 0.133305507 -0.190185635 -0.151020854
v 0.145695080 -0.172810698 -0.134826738
v 0.156947532 -0.154910214 -0.118377098
v 0.172810164 -0.143422329 -0.100721705
v 0.184623840 -0.127494559 -0.084604981
v 0.182228024 -0.103960669 -0.072230672
v 0.195237654 -0.088938104 -0.055343810
v 0.204379346 -0.071307057 -0.039337469
v 0.197573656 -0.049747679 -0.025185697
v 0.208946152 -0.032485546 -0.009093253
v 0.213097172 -0.013009342 0.006581622
v 0.203158863 0.005973572 0.022325413
v 0.212719387 0.025730957 0.037047742
v 0.211474114 0.045660601 0.052607638
v 0.199279875 0.062020624 0.069515270
v 0.205362098 0.084276779 0.082573361
v 0.200620239 0.104065247 0.097783757
v 0.185895511 0.117264783 0.115556932
v 0.186399663 0.140777125 0.127467581
v 0.180901609 0.162053544 0.140692628
v 0.164256849 0.171718482 0.159242191
v 0.156330741 0.192460511 0.172402746
v 0.151155656 0.217165773 0.180587474
v 0.135054049 0.228196528 0.198154536
v 0.118786395 0.238482718 0.216145252
v 0.108852269 0.262113132 0.222990859
v 0.095793713 0.283547294 0.230605014
v 0.078020334 0.290697090 0.248954966
v 0.060249157 0.299035091 0.266627198
v 0.044366753 0.319534926 0.271727908
v 0.027560683 0.340140976 0.273637754
v 0.007740242 0.350053371 0.287681501
v -0.010477045 0.353430129 0.307017890
v -0.031037649 0.363689467 0.319604970
v -0.051620669 0.380605666 0.318914645
v -0.073330743 0.395963783 0.317001915
v -0.096191887 0.404359073 0.326801971
v -0.115899174 0.406994216 0.344706043
v -0.136867233 0.410792489 0.360700813
v -0.161393992 0.419894061 0.364214815
v -0.185198424 0.430030656 0.357437862
v -0.209750147 0.438207485 0.350758435
v -0.235470276 0.442808442 0.354532884
v -0.258228258 0.444443044 0.368391191
v -0.279911462 0.445400986 0.384087082
v -0.304558504 0.447264085 0.393804755
v -0.330745185 0.449830126 0.390987894
v -0.354920198 0.451386501 0.379702626
v -0.378507163 0.451244722 0.367035101
v -0.403969240 0.449577109 0.359532488
v -0.426953213 0.448497563 0.370969174
v -0.446314350 0.448158361 0.389483561
v -0.471186334 0.446175942 0.394859730
v -0.495225497 0.441951578 0.384330587
v -0.516152323 0.436102498 0.368722525
v -0.536093206 0.428783652 0.352404865
v -0.558139670 0.420447065 0.339865819
v -0.583197764 0.412751072 0.335554498
v -0.609049208 0.406790900 0.338672357
v -0.634655103 0.401781336 0.344750836
v -0.660369919 0.396261297 0.349696953
v -0.686008111 0.388858448 0.350005838
v -0.708998326 0.378390732 0.341930115
v -0.726882964 0.365626578 0.326849163
v -0.739583284 0.351476530 0.308033656
v -0.750001031 0.336444236 0.288462967
v -0.760721515 0.320561246 0.269765819
v -0.775044460 0.304221185 0.254249194
v -0.794358417 0.289060403 0.243951049
v -0.817217885 0.276196602 0.238734069
v -0.841201255 0.264677944 0.235651581
v -0.865133149 0.253138628 0.232289137
v -0.887793643 0.240195633 0.226508970
v -0.907287524 0.224918674 0.216649285
v -0.920217985 0.207138123 0.201712506
v -0.925404367 0.188295160 0.183567743
v -0.925253710 0.169463764 0.164596969
v -0.922107128 0.150681193 0.145772938
v -0.918310993 0.131510335 0.127453624
v -0.916805088 0.111446128 0.109832359
v -0.920212145 0.090755404 0.093319047
v -0.930405987 0.070782581 0.078852392
v -0.944944949 0.052307088 0.066062206
v -0.961004447 0.034732840 0.053778683
v -0.976673230 0.017186658 0.040965199
v -0.989919090 -0.001188828 0.026718430
v -0.997678408 -0.020910632 0.010528983
v -0.997864682 -0.041199772 -0.006634743
v -0.990265255 -0.060665673 -0.023131926
v -0.976985332 -0.078551613 -0.037909798
v -0.960484026 -0.095132873 -0.050957107
v -0.943203588 -0.111496300 -0.063259245
v -0.926981654 -0.128668696 -0.075849559
v -0.914030033 -0.147445306 -0.089784599
v -0.907862840 -0.167767865 -0.105938285
v -0.907179393 -0.188014285 -0.123381181
v -0.909389078 -0.207578609 -0.141534707
v -0.911666193 -0.226586348 -0.160267325
v -0.911413362 -0.245411737 -0.179262846
v -0.906283298 -0.263984391 -0.197701297
v -0.894360309 -0.281503177 -0.213846695
v -0.874819485 -0.296052692 -0.224705554
v -0.851786736 -0.307918209 -0.231224326
v -0.827296905 -0.318063288 -0.234976361
v -0.802516367 -0.327809550 -0.237899700
v -0.778528111 -0.338728039 -0.242485871
v -0.757071059 -0.351905989 -0.251245967
v -0.740784184 -0.367123158 -0.265931033
v -0.728380904 -0.382420668 -0.284038690
v -0.717141808 -0.396906345 -0.303568957
v -0.704289558 -0.410450911 -0.322751494
v -0.686878343 -0.422454880 -0.338973531
v -0.664296455 -0.432153552 -0.349152180
v -0.638404977 -0.438387741 -0.350259318
v -0.612296383 -0.442529808 -0.346163384
v -0.586430815 -0.445792020 -0.339992051
v -0.560320482 -0.449641786 -0.335655267
v -0.534330990 -0.455240885 -0.337785061
v -0.511139057 -0.462104953 -0.349080895
v -0.490484955 -0.468339101 -0.364926791
v -0.469693665 -0.473206401 -0.381071594
v -0.446270975 -0.476294007 -0.393526610
v -0.419816596 -0.477340502 -0.396040533
v -0.394380250 -0.477059806 -0.387968720
v -0.370684353 -0.476340761 -0.375509641
v -0.346447495 -0.475473497 -0.364223302
v -0.320172547 -0.474247564 -0.360616240
v -0.294732948 -0.471814585 -0.368203443
v -0.271014829 -0.467615674 -0.379914237
v -0.246415516 -0.461760366 -0.388390180
v -0.220810935 -0.455903731 -0.385780742
v -0.198374553 -0.452308732 -0.371822091
v -0.177484422 -0.449464820 -0.355307583
v -0.153955085 -0.444165009 -0.344292699
v -0.129497365 -0.433984586 -0.346119145
v -0.107077571 -0.420927229 -0.352731407
v -0.084166333 -0.407658128 -0.352953268
v -0.062861051 -0.400087633 -0.339237319
v -0.044055883 -0.396304287 -0.320540168
v -0.022936448 -0.387431613 -0.307492101
v -0.002885091 -0.369998069 -0.307187745
v 0.015189383 -0.350358323 -0.307705825
v 0.034266506 -0.337277195 -0.295577330
v 0.052024792 -0.332343572 -0.276154174
v 0.070372589 -0.320297573 -0.261987852
v 0.084146202 -0.297649141 -0.259323721
v 0.097556936 -0.276069254 -0.252398553
v 0.114503271 -0.267509460 -0.233817166
v 0.131069867 -0.256760633 -0.216466826
v 0.139614458 -0.232594813 -0.209856673
v 0.147981256 -0.209894940 -0.199898513
v 0.164252736 -0.200505781 -0.180978204
v 0.177398773 -0.184647092 -0.164641273
v 0.186948948 -0.164371866 -0.149966809
v 0.195187455 -0.143731727 -0.135015804
v 0.193668579 -0.119645889 -0.124293160
v 0.196991716 -0.098953332 -0.109483431
v 0.211275365 -0.084890246 -0.091911375
v 0.207213414 -0.062825765 -0.078697848
v 0.205270848 -0.042138073 -0.063575588
v 0.217348339 -0.025115218 -0.046998295
v 0.209252793 -0.005106958 -0.032531699
v 0.204825689 0.014407252 -0.016585892
v 0.213322383 0.034356043 -0.001235122
v 0.200610340 0.051315416 0.014200825
v 0.194950700 0.070143414 0.030432870
v 0.198624935 0.092222505 0.044497241
v 0.182653983 0.105356012 0.060974883
v 0.174784600 0.123689490 0.076901096
v 0.173599926 0.146875591 0.089440831
v 0.156382515 0.156883602 0.106745553
v 0.144264350 0.172853920 0.122705174
v 0.139107647 0.196903255 0.132892650
v 0.122152093 0.206697295 0.150024318
v 0.105109922 0.215902489 0.167553222
v 0.095045811 0.239133776 0.175885076
v 0.079130886 0.254721268 0.188756611
v 0.060620569 0.256801513 0.207969006
v 0.043188775 0.270894560 0.220894052
v 0.027254937 0.291902286 0.225362056
v 0.007418717 0.301129558 0.239307138
v -0.010886608 0.301144348 0.258837614
v -0.031593312 0.311429899 0.270776361
v -0.052218374 0.328440713 0.271987567
v -0.074952533 0.339078104 0.279278302
v -0.094352825 0.338811308 0.297539812
v -0.114204048 0.339030003 0.315247503
v -0.138452955 0.347932859 0.320272206
v -0.162796146 0.358637353 0.317207223
v -0.188286726 0.364572519 0.320195994
v -0.209885488 0.363405402 0.335610173
v -0.229444020 0.360580752 0.353667082
v -0.253539589 0.360725513 0.364453841
v -0.279734036 0.364232165 0.361303501
v -0.305174578 0.366952933 0.353408384
v -0.331597163 0.366462019 0.350940075
v -0.355909135 0.362718647 0.360854085
v -0.377112030 0.357995707 0.376521936
v -0.399506880 0.353198428 0.390250811
v -0.424864377 0.348998280 0.391145836
v -0.444237548 0.346109672 0.373031193
v -0.466056327 0.340671873 0.360711733
v -0.490691819 0.333240318 0.367304288
v -0.513448372 0.326210566 0.379534920
v -0.536414970 0.318900052 0.391146884
v -0.561005597 0.310313386 0.396293073
v -0.584793704 0.300293562 0.390239509
v -0.604873726 0.289513969 0.376271711
v -0.622367066 0.277730079 0.359760168
v -0.640292351 0.264558818 0.344926157
v -0.661030997 0.250328198 0.336307182
v -0.684124572 0.236955293 0.336428869
v -0.707528161 0.225132242 0.341886925
v -0.730889685 0.213458322 0.347842190
v -0.754073256 0.200453931 0.350620969
v -0.775539562 0.185285315 0.346802826
v -0.791990194 0.168435041 0.334413903
v -0.802716895 0.151399163 0.316889593
v -0.809591226 0.134332934 0.297432856
v -0.815334169 0.116717273 0.278085012
v -0.822987904 0.097737763 0.260885815
v -0.834955580 0.077856026 0.247731293
v -0.852315002 0.058784712 0.240730953
v -0.871923405 0.040962027 0.236933369
v -0.892168420 0.023664865 0.234004923
v -0.911548242 0.005755562 0.229569130
v -0.928349099 -0.013472238 0.221793735
v -0.939832032 -0.033927867 0.209220167
v -0.943006789 -0.054087208 0.192086194
v -0.940002575 -0.072841176 0.173325585
v -0.933067511 -0.090404557 0.154363088
v -0.924371352 -0.107633099 0.135785161
v -0.916376642 -0.125806299 0.117827962
v -0.911752523 -0.145784508 0.100709395
v -0.913134902 -0.167434121 0.085209324
v -0.920652362 -0.189324129 0.071809715
v -0.930983459 -0.210704592 0.059428142
v -0.941889249 -0.231776795 0.046987202
v -0.951333055 -0.252906292 0.033514541
v -0.956424680 -0.274152302 0.018145287
v -0.954871493 -0.294646314 0.001261256
v -0.945613214 -0.312862308 -0.015749122
v -0.930093366 -0.327939587 -0.031385166
v -0.910704650 -0.340296125 -0.045102056
v -0.889864626 -0.351534343 -0.057636851
v -0.869107933 -0.363137459 -0.069960682
v -0.850091536 -0.376555276 -0.083146475
v -0.835739975 -0.393135405 -0.098312015
v -0.827498190 -0.412056035 -0.115260195
v -0.823405350 -0.431564019 -0.133119803
v -0.820847952 -0.450773897 -0.151614560
v -0.817008341 -0.469305878 -0.170543529
v -0.809585289 -0.486703242 -0.189398749
v -0.796504708 -0.501960807 -0.206898551
v -0.776384039 -0.513058160 -0.220281615
v -0.752001035 -0.519901121 -0.228681244
v -0.726005447 -0.523975141 -0.233497157
v -0.699540794 -0.526816118 -0.236512014
v -0.673213808 -0.530191933 -0.240029080
v -0.647849236 -0.535675842 -0.246424003
v -0.626011133 -0.544791528 -0.258664691
v -0.608380314 -0.555968035 -0.275353176
v -0.593574484 -0.567337500 -0.294565023
v -0.578470704 -0.577722860 -0.314090670
v -0.560639458 -0.586129311 -0.332114410
v -0.538152162 -0.591231406 -0.345412403
v -0.512151073 -0.592206856 -0.350592025
v -0.485602525 -0.590080481 -0.348512053
v -0.459674620 -0.586575058 -0.342799831
v -0.433751567 -0.583004663 -0.337081778
v -0.407195601 -0.580678478 -0.335899980
v -0.381653045 -0.580392431 -0.343168675
v -0.359032928 -0.581125753 -0.357375245
v -0.337947525 -0.581145313 -0.373897481
v -0.315635504 -0.579039026 -0.388474197
v -0.290690968 -0.574240341 -0.396063011
v -0.265307354 -0.567524269 -0.392450960
v -0.241979249 -0.560541138 -0.381407986
v -0.219364094 -0.553511946 -0.368899331
v -0.195145133 -0.545840402 -0.360929005
v -0.170264400 -0.537181078 -0.363822866
v -0.147742330 -0.527535910 -0.374536391
v -0.126062460 -0.516257352 -0.385454499
v -0.103063395 -0.503503615 -0.388841543
v -0.080988497 -0.492625897 -0.378986270
v -0.061439475 -0.484316885 -0.362696583
v -0.041217219 -0.474899904 -0.348051980
v -0.019409294 -0.460661183 -0.343923543
v -0.000268851 -0.442953645 -0.349845248
v 0.017783421 -0.423828475 -0.354396956
v 0.036821285 -0.407427943 -0.346858059
v 0.054337121 -0.397848751 -0.329105804
v 0.071931467 -0.387479750 -0.311979748
v 0.088847266 -0.368232383 -0.306300012
v 0.101489957 -0.344730028 -0.308326714
v 0.114944827 -0.322731572 -0.303059522
v 0.130705617 -0.311021957 -0.285121649
v 0.146438108 -0.299725454 -0.266857235
v 0.157227119 -0.276857657 -0.259898492
v 0.162882931 -0.250871327 -0.257266463
v 0.174230429 -0.232425789 -0.242877121
v 0.189066543 -0.221510957 -0.223475299
v 0.196471724 -0.199548431 -0.211995460
v 0.195792531 -0.173490466 -0.206144685
v 0.201080976 -0.151530297 -0.191941874
v 0.206094679 -0.130179384 -0.176558814
v 0.210810792 -0.109394635 -0.160449088
v 0.223376680 -0.094855105 -0.141856785
v 0.222990287 -0.073319570 -0.128059546
v 0.214018176 -0.051155003 -0.116664602
v 0.222926346 -0.033602235 -0.098925226
v 0.222588095 -0.013514656 -0.083324818
v 0.208989926 0.005464820 -0.070592350
v 0.214250866 0.024941493 -0.053673474
v 0.210509984 0.044461138 -0.037927805
v 0.194374783 0.059758969 -0.023449868
v 0.196850417 0.080759846 -0.007570528
v 0.188022264 0.098565080 0.008123507
v 0.170810274 0.110548392 0.024085633
v 0.169828220 0.132912674 0.038432396
v 0.156604012 0.147714917 0.054279929
v 0.138700449 0.156748145 0.071195536
v 0.133128248 0.179560612 0.083776171
v 0.117516882 0.192025075 0.099578786
v 0.098548772 0.197038221 0.117258569
v 0.087577279 0.218473810 0.128404345
v 0.071046407 0.231922655 0.142527050
v 0.051847163 0.231743973 0.161137556
v 0.034872895 0.247400203 0.173156490
v 0.017265485 0.264874075 0.182031100
v -0.001935444 0.264762267 0.200152125
v -0.021499005 0.266850763 0.217405863
v -0.042034798 0.282711694 0.223360696
v -0.064331925 0.293070947 0.232126930
v -0.082769534 0.289311030 0.250992966
v -0.102935299 0.288473548 0.267896235
v -0.127151881 0.298711545 0.271769314
v -0.152204640 0.307015788 0.274533840
v -0.173623253 0.304546997 0.289589156
v -0.191113686 0.298240667 0.308840354
v -0.214748887 0.297397670 0.320014013
v -0.241064604 0.301594505 0.318528901
v -0.267618727 0.303221131 0.317257089
v -0.290938449 0.298172477 0.328414649
v -0.308957171 0.290296520 0.346589683
v -0.329621949 0.283098019 0.361636626
v -0.355531849 0.278687164 0.363768149
v -0.381073471 0.275202394 0.356580897
v -0.406398787 0.269360893 0.350518335
v -0.427527287 0.260176253 0.360484319
v -0.441077415 0.251324939 0.381713319
v -0.463278541 0.241690122 0.388594349
v -0.486987674 0.232595022 0.380478714
v -0.508943239 0.222726577 0.368734406
v -0.531243497 0.210451710 0.360795697
v -0.553664283 0.196594673 0.363822146
v -0.574215164 0.183549339 0.374891417
v -0.594146785 0.170749227 0.387388616
v -0.615197863 0.156677191 0.395787389
v -0.636477225 0.140900099 0.393860073
v -0.654299683 0.125072646 0.381835685
v -0.668763846 0.109319475 0.365734173
v -0.682261969 0.092556257 0.349815286
v -0.697365006 0.073873465 0.338212188
v -0.715482259 0.054496018 0.335513363
v -0.734819622 0.036497792 0.339713671
v -0.754295140 0.019152535 0.345838926
v -0.773514941 0.001049009 0.350163927
v -0.791399259 -0.018668857 0.349304993
v -0.804902455 -0.039454423 0.339672250
v -0.812639127 -0.059249260 0.323611719
v -0.815780678 -0.077743277 0.304523212
v -0.816901802 -0.096010461 0.284963232
v -0.818387951 -0.115576898 0.266770840
v -0.822892091 -0.137200125 0.251764695
v -0.832964204 -0.160222415 0.242808551
v -0.846409990 -0.182845543 0.238026184
v -0.861322968 -0.204907232 0.235103692
v -0.875838831 -0.227107349 0.231451341
v -0.888327328 -0.249889498 0.225173623
v -0.896293006 -0.272923932 0.214419395
v -0.896689311 -0.294276915 0.198537738
v -0.890758791 -0.312686527 0.180189568
v -0.880490483 -0.328461282 0.161187597
v -0.867861206 -0.342850438 0.142454218
v -0.854941467 -0.357663205 0.124263276
v -0.843835334 -0.374552150 0.106757807
v -0.837269240 -0.394695463 0.090562304
v -0.836974660 -0.417410576 0.076500186
v -0.840472625 -0.440739980 0.063857631
v -0.845472988 -0.464023577 0.051587465
v -0.849667485 -0.487023448 0.038530188
v -0.850724394 -0.509335816 0.023863337
v -0.846381055 -0.529851658 0.007462311
v -0.835185728 -0.546773470 -0.009719676
v -0.817812460 -0.558830315 -0.025980181
v -0.796539931 -0.566553879 -0.040271090
v -0.773760800 -0.572246658 -0.053159024
v -0.750571612 -0.577617362 -0.065452331
v -0.728026375 -0.584448014 -0.078169760
v -0.708222462 -0.595035981 -0.092584998
v -0.693353023 -0.609927776 -0.108988416
v -0.683011505 -0.627241400 -0.126556000
v -0.675303157 -0.645205249 -0.144874001
v -0.667328559 -0.662529909 -0.163672171
v -0.657009412 -0.678280652 -0.182655028
v -0.642416088 -0.691149084 -0.200924571
v -0.621791224 -0.698610537 -0.215958633
v -0.597245876 -0.700499482 -0.226138525
v -0.571275425 -0.698519668 -0.232128371
v -0.545013881 -0.694507871 -0.235517079
v -0.518722126 -0.690389211 -0.238558982
v -0.492558780 -0.687874534 -0.243543694
v -0.467945427 -0.689286099 -0.253632493
v -0.446632222 -0.694455524 -0.268856142
v -0.428771356 -0.701495008 -0.287523770
v -0.411697710 -0.708078053 -0.307087367
v -0.393269109 -0.712617179 -0.325930609
v -0.371545348 -0.713324354 -0.341360005
v -0.346753398 -0.709132624 -0.349753262
v -0.321378336 -0.700904941 -0.349894185
v -0.297026787 -0.690929560 -0.345037067
v -0.273092903 -0.680562044 -0.338918129
v -0.248445905 -0.670792165 -0.335573354
v -0.223402271 -0.662842741 -0.339462177
v -0.200378887 -0.657154567 -0.351685255
v -0.179714682 -0.651951873 -0.367911512
v -0.159199916 -0.645041623 -0.383642997
v -0.137081638 -0.635081780 -0.394533727
v -0.113933736 -0.622263251 -0.395017089
v -0.092549346 -0.609149830 -0.385897043
v -0.072637438 -0.596483161 -0.373218804
v -0.051974196 -0.583202747 -0.362657607
v -0.029925801 -0.568521499 -0.361429280
v -0.009794545 -0.553417417 -0.370277248
v 0.008312218 -0.537444308 -0.381859103
v 0.026686709 -0.519542965 -0.389057100
v 0.045627624 -0.501917638 -0.383832147
v 0.062763005 -0.487970239 -0.368807022
v 0.079368688 -0.474671268 -0.352546850
v 0.097000585 -0.456998699 -0.343818240
v 0.112141904 -0.435415895 -0.347297670
v 0.124552994 -0.412564461 -0.353672397
v 0.137891153 -0.389874200 -0.351451971
v 0.152364936 -0.373924394 -0.335930573
v 0.166621265 -0.360759927 -0.317494151
v 0.179721949 -0.340774269 -0.306609839
v 0.187095059 -0.315157409 -0.307673265
v 0.192900439 -0.289219935 -0.306713076
v 0.203588279 -0.270122814 -0.292223687
v 0.216345137 -0.256786955 -0.272838854
v 0.224458376 -0.235110170 -0.260912792
v 0.223732926 -0.208448893 -0.258941371
v 0.225882702 -0.184162810 -0.249554128
v 0.236981021 -0.169362616 -0.230291555
v 0.244289556 -0.150047561 -0.214006273
v 0.246547812 -0.126925396 -0.200668264
v 0.247579810 -0.103958693 -0.186916871
v 0.243404371 -0.080612479 -0.175522970
v 0.232418472 -0.057981435 -0.166865175
v 0.237202637 -0.039313001 -0.149062935
v 0.239707113 -0.019790194 -0.132231683
v 0.224355254 -0.000464981 -0.122121565
v 0.221128032 0.019095263 -0.105826214
v 0.223828584 0.038775718 -0.088636890
v 0.206319771 0.054337536 -0.076257474
v 0.198539211 0.072521591 -0.060107709
v 0.198055160 0.093062403 -0.043670337
v 0.178378262 0.104077467 -0.029692682
v 0.168683604 0.121195090 -0.013412299
v 0.163125154 0.141429783 0.002068868
v 0.142197543 0.147433779 0.017422193
v 0.130947558 0.164258889 0.033221901
v 0.120155662 0.182619636 0.047850570
v 0.099321403 0.184141527 0.064472268
v 0.085285184 0.199931474 0.079288861
v 0.070538383 0.216378620 0.092785403
v 0.050604746 0.214249611 0.110414998
v 0.032878810 0.226151647 0.124795095
v 0.015187759 0.242161234 0.135822261
v -0.003887959 0.238767113 0.153839373
v -0.023805763 0.241800317 0.169911100
v -0.044501750 0.256918645 0.177503008
v -0.065379333 0.258146860 0.192564826
v -0.082612314 0.251020262 0.211651175
v -0.105765947 0.257310529 0.221874292
v -0.130402647 0.266007148 0.227026294
v -0.150368162 0.261019055 0.243227596
v -0.166662651 0.252177555 0.262456973
v -0.191234776 0.252693848 0.271416955
v -0.217715752 0.256334723 0.272411880
v -0.241327751 0.251813096 0.282469161
v -0.256850992 0.241226895 0.301509531
v -0.275736359 0.232056131 0.317588608
v -0.301841665 0.228270508 0.319897093
v -0.328163955 0.224596079 0.316745904
v -0.352109355 0.215430285 0.322539214
v -0.368843773 0.203201445 0.339348141
v -0.384791207 0.190778779 0.356848093
v -0.407046413 0.180147928 0.360825344
v -0.429097917 0.173596952 0.347277819
v -0.450611963 0.160641836 0.349437580
v -0.467123488 0.146349747 0.364866698
v -0.483089363 0.132028442 0.380881954
v -0.502820515 0.116436197 0.389063367
v -0.523918267 0.101071378 0.384209376
v -0.543051732 0.086085146 0.372997938
v -0.561268952 0.069406858 0.362753738
v -0.579579280 0.050268027 0.361256512
v -0.596501407 0.031722557 0.370348095
v -0.612324796 0.014232698 0.383053116
v -0.628580498 -0.004174450 0.393661644
v -0.645380386 -0.024645195 0.395905845
v -0.659749230 -0.045113137 0.386881439
v -0.670552366 -0.064331031 0.371760530
v -0.679354445 -0.083561526 0.355326218
v -0.688302649 -0.104666037 0.341561155
v -0.699720667 -0.127950553 0.335584320
v -0.713220507 -0.150863670 0.337782783
v -0.727383232 -0.172840892 0.343592011
v -0.741401886 -0.195005649 0.348986414
v -0.754372891 -0.218291071 0.350656714
v -0.763729369 -0.242300294 0.344054788
v -0.767898695 -0.264492304 0.330024963
v -0.767226456 -0.283865829 0.311604906
v -0.764029867 -0.301875216 0.292044913
v -0.759990504 -0.320417479 0.273155033
v -0.757420229 -0.341280968 0.256646868
v -0.759257605 -0.365409364 0.245508821
v -0.765144190 -0.390735915 0.239346643
v -0.773429753 -0.416004407 0.236139630
v -0.781909342 -0.441217509 0.232993564
v -0.788986725 -0.466525458 0.227959312
v -0.792466214 -0.491398857 0.218977922
v -0.789631344 -0.513650400 0.204682186
v -0.780928549 -0.531591044 0.187039157
v -0.767955822 -0.545307055 0.168112179
v -0.752374113 -0.556193376 0.149237765
v -0.735989785 -0.566703520 0.130833770
v -0.720132730 -0.578853150 0.113023029
v -0.706878736 -0.594819952 0.096234837
v -0.698770175 -0.615494462 0.081424438
v -0.694853607 -0.638489803 0.068344140
v -0.693259693 -0.662249552 0.056080074
v -0.691688630 -0.685781881 0.043389751
v -0.688081324 -0.708268771 0.029377369
v -0.680480243 -0.728367513 0.013598721
v -0.667390722 -0.744016960 -0.003485890
v -0.648786747 -0.753143533 -0.020233495
v -0.626889403 -0.756479097 -0.035207244
v -0.603688357 -0.756650949 -0.048560834
v -0.579968647 -0.755644805 -0.060972924
v -0.556234821 -0.755391993 -0.073384827
v -0.533528928 -0.758582700 -0.087096891
v -0.513747541 -0.767095012 -0.102833131
v -0.497872128 -0.779979323 -0.120038670
v -0.485217335 -0.795122896 -0.138151789
v -0.473175627 -0.810136370 -0.156783586
v -0.459969127 -0.823612988 -0.175762138
v -0.443959779 -0.833953462 -0.194500557
v -0.423452243 -0.838147209 -0.210935062
v -0.399867141 -0.835705376 -0.222996874
v -0.375337752 -0.828246179 -0.230445042
v -0.350982740 -0.817867111 -0.234441572
v -0.326763273 -0.806787733 -0.237343184
v -0.302313129 -0.796619236 -0.241287960
v -0.277830497 -0.789745728 -0.249310011
v -0.254895743 -0.787511299 -0.262744975
v -0.234996583 -0.789030310 -0.280561352
v -0.216635565 -0.791192967 -0.299946026
v -0.198128310 -0.791782780 -0.319274481
v -0.177844666 -0.788574416 -0.336327378
v -0.155471381 -0.780082553 -0.347795371
v -0.132731551 -0.766501010 -0.350613621
v -0.111406926 -0.750771682 -0.347135077
v -0.091029916 -0.734472601 -0.341067634
v -0.070268710 -0.718305067 -0.336209135
v -0.048363466 -0.703170582 -0.336826728
v -0.026845644 -0.690653096 -0.346383938
v -0.007700597 -0.680135557 -0.361863684
v 0.010298596 -0.668886052 -0.378188419
v 0.028621051 -0.654882956 -0.391614404
v 0.047765906 -0.637139032 -0.396408892
v 0.065692691 -0.618457819 -0.390050012
v 0.081785102 -0.600841245 -0.377888407
v 0.097814877 -0.583057367 -0.365902279
v 0.115087175 -0.563608335 -0.360248610
v 0.131494487 -0.543522151 -0.366289785
v 0.145325563 -0.523669896 -0.377759229
v 0.158182416 -0.502334629 -0.387399928
v 0.171683199 -0.479602643 -0.387432454
v 0.184879667 -0.460229622 -0.374822403
v 0.197371749 -0.443324470 -0.358216173
v 0.209995724 -0.423720172 -0.345421690
v 0.220493855 -0.399414927 -0.345032106
v 0.227090953 -0.374327541 -0.351652723
v 0.233120351 -0.348540282 -0.353973145
v 0.242006162 -0.326552695 -0.342505012
v 0.252347670 -0.310271636 -0.323929686
v 0.261466716 -0.290463124 -0.308863558
v 0.264134269 -0.264235611 -0.306728549
v 0.262560848 -0.237575036 -0.308232122
v 0.264900807 -0.213294428 -0.298871192
v 0.273446674 -0.196689406 -0.279729020
v 0.279366677 -0.176785919 -0.263524860
v 0.274106151 -0.151114493 -0.259579892
v 0.266574410 -0.126102386 -0.254816289
v 0.264575034 -0.103017552 -0.241397449
v 0.261655163 -0.080384932 -0.227365908
v 0.258057110 -0.058310612 -0.212666443
v 0.263018957 -0.040266855 -0.193715957
v 0.260888591 -0.019827527 -0.178068712
v 0.243929286 -0.000621312 -0.170507605
v 0.237710225 0.018915394 -0.154967530
v 0.239878899 0.038142064 -0.136770848
v 0.222998848 0.054555553 -0.125364320
v 0.208269150 0.070624033 -0.111499147
v 0.208585209 0.090658366 -0.093807075
v 0.191767202 0.104395108 -0.079967012
v 0.173640207 0.116096577 -0.065521804
v 0.170163603 0.136670792 -0.048843882
v 0.151713068 0.146579889 -0.034018322
v 0.132979125 0.155084174 -0.018406536
v 0.125187756 0.175451067 -0.003025854
v 0.105021327 0.180093651 0.012505379
v 0.086411778 0.186762880 0.028811465
v 0.073847657 0.205649340 0.042732274
v 0.053493123 0.205141804 0.059106731
v 0.034369363 0.209683512 0.075493615
v 0.017403605 0.226078764 0.087739328
v -0.002060536 0.222462254 0.104758117
v -0.021700113 0.222422806 0.121406638
v -0.042349070 0.236016669 0.131503299
v -0.061917854 0.232744661 0.147946036
v -0.079615370 0.225311887 0.165995688
v -0.103117961 0.233570865 0.175109261
v -0.126146622 0.235017128 0.186751498
v -0.140723584 0.223296003 0.205856425
v -0.161829751 0.218993321 0.220168108
v -0.187970759 0.222479482 0.224695456
v -0.209679759 0.216067286 0.237229469
v -0.222446608 0.202913808 0.256731178
v -0.242932410 0.194221270 0.270199247
v -0.269451166 0.191277253 0.271869717
v -0.293748580 0.183268710 0.277726916
v -0.307916565 0.169318047 0.295339376
v -0.321098103 0.155113855 0.313639336
v -0.343580603 0.143439525 0.320379617
v -0.368285591 0.133557602 0.317509326
v -0.390704988 0.119873159 0.319441344
v -0.397767570 0.105765239 0.340341103
v -0.411547584 0.090421852 0.354346423
v -0.433474539 0.075682800 0.350893530
v -0.454351806 0.060221152 0.344476025
v -0.472797687 0.041369066 0.346373784
v -0.486001554 0.022749580 0.360126899
v -0.497315905 0.004974594 0.376665069
v -0.511096814 -0.014598358 0.388205436
v -0.527522202 -0.035300867 0.386601879
v -0.542571905 -0.054884807 0.376374998
v -0.555994040 -0.075147735 0.365161782
v -0.568784156 -0.097958012 0.360338260
v -0.580575749 -0.120873354 0.367098441
v -0.591329269 -0.142082464 0.379420895
v -0.602028748 -0.163621716 0.391182553
v -0.612988313 -0.187307181 0.396403080
v -0.622323300 -0.211372846 0.390311037
v -0.628468314 -0.233274249 0.376341253
v -0.632299724 -0.254078296 0.359916657
v -0.635230396 -0.276037061 0.344902168
v -0.639434203 -0.300901321 0.336352596
v -0.645905637 -0.326738139 0.336600104
v -0.653610768 -0.351844309 0.341786598
v -0.661448736 -0.376762975 0.347713015
v -0.668323056 -0.402402341 0.350792765
v -0.672275824 -0.428418526 0.346782201
v -0.671690870 -0.451982769 0.334592229
v -0.666887195 -0.471524985 0.317029326
v -0.659532789 -0.488440875 0.297628982
v -0.650817159 -0.504885488 0.278366600
v -0.642346906 -0.523243481 0.260842026
v -0.636660626 -0.545968836 0.248116947
v -0.634636170 -0.571499515 0.240593150
v -0.635599645 -0.598018396 0.236973116
v -0.637225048 -0.624597746 0.234029905
v -0.638015073 -0.651034244 0.229837730
v -0.635755080 -0.676425945 0.221924041
v -0.628798628 -0.698678311 0.209136910
v -0.616986363 -0.715605023 0.192327789
v -0.601361321 -0.726397936 0.173528942
v -0.583835257 -0.733486444 0.154568594
v -0.565410186 -0.739278315 0.136004052
v -0.546767804 -0.745972101 0.117980194
v -0.529204574 -0.756549092 0.100866775
v -0.514701790 -0.772752106 0.085420067
v -0.503848225 -0.793067691 0.071855429
v -0.495788971 -0.815445788 0.059530971
v -0.488188796 -0.837896825 0.047051583
v -0.479430048 -0.859245253 0.033505497
v -0.467947613 -0.877936260 0.018279004
v -0.452513383 -0.891723730 0.001444848
v -0.432725237 -0.897222188 -0.015563705
v -0.411046906 -0.896280367 -0.031098708
v -0.388716465 -0.891149393 -0.044899944
v -0.366165568 -0.884070487 -0.057498448
v -0.343407779 -0.877053298 -0.069767888
v -0.320557971 -0.872994026 -0.083052318
v -0.298597289 -0.874029303 -0.098162968
v -0.279165083 -0.881060754 -0.115056415
v -0.262421754 -0.891814017 -0.132971358
v -0.246782820 -0.903288275 -0.151449756
v -0.230867545 -0.913591220 -0.170363771
v -0.213290481 -0.920548917 -0.189266575
v -0.193055196 -0.921229930 -0.206565706
v -0.171134466 -0.914816163 -0.220167556
v -0.149220443 -0.902325192 -0.228847703
v -0.128273195 -0.886301876 -0.233457115
v -0.107822383 -0.869264200 -0.236487097
v -0.087157210 -0.852553048 -0.239830686
v -0.065538646 -0.838378994 -0.246528629
v -0.043704402 -0.828531963 -0.258265232
v -0.023591513 -0.823965562 -0.275295560
v -0.004997682 -0.821169269 -0.294365804
v 0.012965970 -0.817458514 -0.313871503
v 0.031403162 -0.810493246 -0.331918667
v 0.050661527 -0.798052063 -0.345330407
v 0.069509493 -0.780052635 -0.350678426
v 0.086396388 -0.759490229 -0.348512826
v 0.101918300 -0.738417168 -0.342832914
v 0.117419892 -0.717308486 -0.337251296
v 0.134123529 -0.696561446 -0.335737278
v 0.151763774 -0.677879698 -0.342802747
v 0.167980602 -0.662241307 -0.357231957
v 0.182644651 -0.647008016 -0.373670623
v 0.196659682 -0.629682842 -0.388424929
v 0.210578896 -0.608444229 -0.396341554
v 0.223450784 -0.585411224 -0.392772840
v 0.234605797 -0.563831130 -0.381539074
v 0.245266189 -0.542702995 -0.368989474
v 0.256589794 -0.519986350 -0.360809979
v 0.267699937 -0.496048579 -0.363637730
v 0.276424531 -0.473155046 -0.374394955
v 0.283398625 -0.449732213 -0.385279732
v 0.290216096 -0.424363178 -0.388793163
v 0.297732143 -0.400839586 -0.379216805
v 0.305348255 -0.381024061 -0.362892523
v 0.312671951 -0.360059344 -0.348048105
v 0.317582653 -0.334462196 -0.343981643
v 0.318234455 -0.308382745 -0.349757243
v 0.316999821 -0.282121366 -0.354517520
v 0.318391984 -0.256921655 -0.347086168
v 0.323705738 -0.237714549 -0.329283241
v 0.328506946 -0.217880177 -0.312118158
v 0.326585704 -0.192368025 -0.306206814
v 0.318445432 -0.166953291 -0.308349316
v 0.311976238 -0.142001377 -0.303105341
v 0.314379320 -0.122430005 -0.285323403
v 0.317206174 -0.103286910 -0.267056034
v 0.312270972 -0.079796558 -0.255285110
v 0.305813879 -0.056613177 -0.243517795
v 0.298324840 -0.034006906 -0.231249705
v 0.284836758 -0.012876845 -0.223242014
v 0.267197642 0.006015781 -0.216982631
v 0.263692737 0.025215135 -0.199473830
v 0.261431004 0.044382192 -0.181524999
v 0.241892387 0.059912963 -0.172892508
v 0.225259588 0.075443709 -0.160484891
v 0.223494725 0.094575947 -0.141900518
v 0.207770152 0.109271492 -0.128092170
v 0.185648385 0.118281925 -0.116678342
v 0.179180911 0.136844517 -0.098966755
v 0.164495879 0.150544576 -0.083373844
v 0.141365801 0.153957546 -0.070645130
v 0.130999845 0.171283118 -0.053711575
v 0.114445529 0.182244441 -0.037956818
v 0.092195321 0.181206700 -0.023491701
v 0.078788279 0.197565721 -0.007599242
v 0.059917391 0.203679594 0.008086006
v 0.039309710 0.199537113 0.024052306
v 0.022552392 0.214423330 0.038404296
v 0.002743387 0.215273349 0.054240834
v -0.016201014 0.208564219 0.071184377
v -0.036483574 0.220447469 0.083766696
v -0.056322150 0.218025946 0.099533730
v -0.073072586 0.207831819 0.117209434
v -0.096108455 0.214774606 0.128399481
v -0.117256859 0.212306142 0.142489390
v -0.130568320 0.198472379 0.161068494
v -0.153536187 0.197047431 0.173120963
v -0.178375829 0.196615138 0.181963050
v -0.191634240 0.182707331 0.200106727
v -0.206690655 0.170063705 0.217388794
v -0.232370501 0.166300598 0.223370325
v -0.255313442 0.157511529 0.232118668
v -0.265499120 0.141672197 0.250941160
v -0.278946918 0.126621634 0.267776021
v -0.303050076 0.116274149 0.271777781
v -0.326528631 0.104100350 0.274418422
v -0.339536264 0.086969040 0.289578682
v -0.347212666 0.069999362 0.308806880
v -0.364190681 0.053635595 0.316700088
v -0.385919726 0.041092148 0.308560600
v -0.398265845 0.022006239 0.321069463
v -0.405200913 0.004055312 0.339694661
v -0.416406351 -0.015747006 0.353071883
v -0.433336810 -0.036107008 0.352603467
v -0.449904154 -0.056059376 0.345926658
v -0.463858260 -0.078559448 0.344539943
v -0.472929800 -0.100827128 0.355688380
v -0.479185273 -0.120940727 0.372235117
v -0.486493450 -0.142510375 0.386145542
v -0.496589851 -0.166822615 0.388280499
v -0.506397568 -0.190062738 0.379586151
v -0.514438743 -0.212813796 0.367972463
v -0.521053053 -0.237548491 0.360603395
v -0.526625414 -0.263248139 0.364326096
v -0.531491740 -0.286918079 0.375838415
v -0.536136627 -0.310169365 0.388298746
v -0.540619322 -0.335316545 0.395958486
v -0.543882232 -0.361440531 0.393035801
v -0.544693544 -0.385000237 0.380620233
v -0.543364897 -0.406322715 0.364487007
v -0.540594666 -0.427722399 0.348629957
v -0.537755881 -0.451937602 0.337835504
v -0.536606925 -0.478430268 0.335828517
v -0.537136008 -0.504825494 0.340105494
v -0.538206124 -0.530880661 0.346249620
v -0.538486446 -0.557297481 0.350402860
v -0.536432853 -0.583821206 0.348781461
v -0.530621493 -0.607616546 0.338626111
v -0.521573974 -0.626597815 0.322209066
v -0.510371147 -0.641557036 0.303059467
v -0.497879616 -0.655039727 0.283571062
v -0.484844442 -0.669668459 0.265334833
v -0.472713442 -0.688697694 0.251097410
v -0.463208039 -0.711949442 0.242192498
v -0.456600433 -0.737519635 0.237847888
v -0.451111673 -0.763577224 0.234923736
v -0.445220898 -0.789436818 0.231229220
v -0.437159923 -0.813981828 0.224443733
v -0.425761610 -0.835241979 0.213195345
v -0.410711878 -0.850405019 0.197341888
v -0.393112473 -0.858084475 0.178770284
v -0.374540544 -0.861253624 0.159776406
v -0.355394418 -0.862187739 0.141069470
v -0.335766262 -0.863137234 0.122862453
v -0.315919589 -0.867484519 0.105488137
v -0.297022956 -0.877346846 0.089452054
v -0.280564652 -0.893025055 0.075439748
v -0.266454240 -0.912031818 0.062917530
v -0.253179831 -0.931759452 0.050574204
v -0.239471872 -0.950638818 0.037434049
v -0.224165931 -0.966944588 0.022758642
v -0.206177251 -0.977587723 0.006214793
v -0.186019329 -0.980179687 -0.010946667
v -0.165304667 -0.975401110 -0.027005691
v -0.144976986 -0.965541054 -0.041292685
v -0.125073272 -0.953052688 -0.054139635
v -0.105071575 -0.940106828 -0.066383550
v -0.084377788 -0.929067525 -0.079253247
v -0.062968756 -0.922367819 -0.093736114
v -0.042038412 -0.922574331 -0.110276988
v -0.022615350 -0.927642872 -0.127964697
v -0.004327260 -0.934544005 -0.146278996
v 0.013650155 -0.940898364 -0.165092819
v 0.032237856 -0.943949353 -0.184071358
v 0.051728536 -0.941453010 -0.202058604
v 0.071433817 -0.931759055 -0.217070889
v 0.089698847 -0.914972572 -0.226825070
v 0.106118223 -0.894598042 -0.232360826
v 0.121467776 -0.872905094 -0.235691456
v 0.136785180 -0.851139593 -0.238729755
v 0.153407934 -0.830942949 -0.244250934
v 0.171566262 -0.814291948 -0.254424053
v 0.190010278 -0.803307335 -0.270329869
v 0.207508519 -0.795320056 -0.288947956
v 0.224002594 -0.787470545 -0.308535788
v 0.240053598 -0.777149951 -0.327283226
v 0.255595883 -0.761609387 -0.342277454
v 0.269723068 -0.740516306 -0.350196063
v 0.281167136 -0.716430029 -0.349576362
v 0.290870261 -0.691987455 -0.344584828
v 0.300093776 -0.667566253 -0.338579259
v 0.310258647 -0.643062314 -0.335414902
v 0.322090122 -0.619607080 -0.339884552
v 0.333932630 -0.599473087 -0.352873581
v 0.344424202 -0.580972564 -0.369146637
v 0.353675343 -0.561328775 -0.384774550
v 0.361824222 -0.538230836 -0.395295823
v 0.368591011 -0.512502818 -0.394849608
v 0.373905293 -0.488222937 -0.384988156
v 0.378625757 -0.465108312 -0.372296719
v 0.383471624 -0.440834743 -0.362244184
v 0.388212715 -0.414740793 -0.361631043
v 0.391171663 -0.389931084 -0.371118270
v 0.392135442 -0.365790292 -0.382661601
v 0.392010974 -0.339975968 -0.389046064
v 0.392590896 -0.314244164 -0.383051755
v 0.394560744 -0.292533228 -0.367546143
v 0.396447887 -0.271147152 -0.351577179
v 0.395709009 -0.245974221 -0.343722288
v 0.390456128 -0.220180460 -0.347798713
v 0.382524530 -0.195356115 -0.353873230
v 0.375830556 -0.170116075 -0.350577715
v 0.374763469 -0.148975190 -0.334510933
v 0.375064121 -0.129433053 -0.316247363
v 0.369046405 -0.105878797 -0.306476291
v 0.355446801 -0.082950595 -0.307854096
v 0.341042993 -0.060681646 -0.306212438
v 0.330870814 -0.038548845 -0.295076705
v 0.320067417 -0.017141717 -0.283132303
v 0.308456829 0.003525133 -0.270653494
v 0.300067387 0.023080278 -0.254968545
v 0.298030332 0.041372275 -0.235560282
v 0.283452692 0.059523738 -0.224197491
v 0.260742850 0.072842275 -0.219457684
v 0.248424218 0.089689543 -0.204087099
v 0.243751876 0.107907780 -0.185164765
v 0.223400700 0.120085148 -0.174495295
v 0.200508846 0.128677205 -0.164578826
v 0.192307221 0.145977773 -0.146241042
v 0.177354202 0.159527422 -0.130452423
v 0.152735285 0.161434437 -0.120243533
v 0.138721629 0.174993183 -0.103133145
v 0.124422300 0.188609199 -0.086418542
v 0.100857379 0.185584259 -0.074277207
v 0.084042160 0.195730131 -0.057585993
v 0.067472625 0.207081165 -0.041339891
v 0.045992658 0.199522933 -0.027421078
v 0.027725360 0.207842612 -0.011129414
v 0.008601768 0.214658673 0.004472735
v -0.010019361 0.203418440 0.019954489
v -0.030042330 0.210189023 0.035229350
v -0.050461522 0.211660883 0.050361323
v -0.065966231 0.197879210 0.067135298
v -0.087914398 0.201494743 0.081001525
v -0.108856452 0.199112662 0.095399403
v -0.121087983 0.183345601 0.113149243
v -0.143493612 0.181275951 0.126214670
v -0.166187694 0.177459958 0.138279864
v -0.175643495 0.160613329 0.156695540
v -0.194095813 0.150285987 0.171350892
v -0.219132278 0.145271231 0.179015857
v -0.231881692 0.129777601 0.195491012
v -0.240007342 0.112748077 0.214147949
v -0.262236667 0.101402084 0.222493875
v -0.284553170 0.088677528 0.228738912
v -0.292695888 0.070678532 0.246229470
v -0.298887954 0.052720490 0.264827564
v -0.317870806 0.035820346 0.271663500
v -0.338429108 0.018836076 0.272983960
v -0.344478781 0.000951934 0.288439492
v -0.347074563 -0.016054778 0.306709885
v -0.364511718 -0.036130462 0.307696739
v -0.380777547 -0.057234833 0.306645889
v -0.389230634 -0.079644452 0.317330989
v -0.391399935 -0.098950366 0.335737854
v -0.395628221 -0.120035619 0.351282770
v -0.405907823 -0.144198424 0.353649425
v -0.416977533 -0.167742487 0.347347429
v -0.425384100 -0.192734673 0.343819335
v -0.429179321 -0.217396460 0.352469880
v -0.430070958 -0.238707214 0.368645865
v -0.431101565 -0.260700806 0.383813859
v -0.434066267 -0.286424832 0.388975988
v -0.437583875 -0.311859911 0.381958670
v -0.439724770 -0.335907325 0.370373624
v -0.439970408 -0.361042512 0.361369961
v -0.438706138 -0.387509432 0.362614628
v -0.437138386 -0.412059662 0.373092657
v -0.435536457 -0.435571535 0.385835716
v -0.433427136 -0.460546731 0.395103091
v -0.430036390 -0.486861519 0.394739333
v -0.424937126 -0.510584976 0.383797063
v -0.418312921 -0.531190465 0.368069923
v -0.410305753 -0.550898564 0.351796146
v -0.401200317 -0.572750376 0.339420843
v -0.392723938 -0.597660448 0.335524616
v -0.385985936 -0.623289772 0.338911651
v -0.380129495 -0.648711143 0.345005389
v -0.373681153 -0.674239593 0.349782426
v -0.365398116 -0.699616975 0.350024348
v -0.353993760 -0.722022551 0.341433067
v -0.340597809 -0.739308077 0.326208457
v -0.325979351 -0.751302654 0.307266355
v -0.310593791 -0.761189175 0.287695382
v -0.294302468 -0.771522593 0.269142149
v -0.277494161 -0.785352679 0.253677662
v -0.261813868 -0.804438940 0.243732073
v -0.248223796 -0.826882839 0.238566796
v -0.235943073 -0.850491484 0.235523586
v -0.223571712 -0.873991623 0.232090526
v -0.209833500 -0.896159314 0.226232397
v -0.193863815 -0.915072272 0.216285789
v -0.175527763 -0.926806736 0.200995961
v -0.156529268 -0.931234067 0.182831473
v -0.137723237 -0.930341274 0.163853457
v -0.119065030 -0.926482079 0.145034544
v -0.099971863 -0.922096795 0.126768487
v -0.079948296 -0.920009073 0.109163390
v -0.059138302 -0.922812452 0.092667332
v -0.038910195 -0.932787201 0.078353487
v -0.019985711 -0.946749992 0.065584390
v -0.001905371 -0.962245105 0.053311108
v 0.016147156 -0.977324505 0.040490110
v 0.035056545 -0.989564517 0.026068180
v 0.055036966 -0.996477665 0.009853258
v 0.075310752 -0.995805054 -0.007312555
v 0.094481617 -0.987378526 -0.023789357
v 0.111770320 -0.973142920 -0.038408704
v 0.127778962 -0.956062012 -0.051424687
v 0.143577890 -0.938268693 -0.063733950
v 0.160230447 -0.921524925 -0.076343780
v 0.178664885 -0.908232100 -0.090382252
v 0.198805918 -0.901633416 -0.106603848
v 0.219010625 -0.900363920 -0.124063340
v 0.238591879 -0.902006804 -0.142262213
v 0.257653589 -0.903565874 -0.161010627
v 0.276455481 -0.902575162 -0.180001660
v 0.294837468 -0.896703035 -0.198422593
v 0.311752981 -0.883630010 -0.214239094
v 0.325576313 -0.863545266 -0.224998593
v 0.336612998 -0.840084877 -0.231437386
v 0.345890309 -0.815240746 -0.235122119
v 0.354823241 -0.790157583 -0.238056366
v 0.364968422 -0.765840912 -0.242695035
v 0.377582066 -0.744219404 -0.251807737
v 0.392255202 -0.727492205 -0.266543518
v 0.407096515 -0.714757190 -0.284805924
v 0.421182071 -0.703020861 -0.304336596
v 0.434271004 -0.689688638 -0.323512971
v 0.445563725 -0.671555909 -0.339486279
v 0.454370480 -0.648508338 -0.349327796
v 0.459638087 -0.622371911 -0.350188169
v 0.462828436 -0.596162481 -0.345905171
v 0.465230557 -0.570198729 -0.339750464
v 0.468284383 -0.543953003 -0.335672915
v 0.473078389 -0.517889900 -0.338185065
v 0.479170063 -0.494518017 -0.349560077
v 0.484665086 -0.473773577 -0.365577651
v 0.488741826 -0.452734995 -0.381613820
v 0.490956340 -0.429077932 -0.393696415
v 0.491071179 -0.402618827 -0.395850475
v 0.489923192 -0.377240518 -0.387611238
v 0.488400697 -0.353654288 -0.375001002
v 0.486717307 -0.329404570 -0.363825925
v 0.484582646 -0.303121711 -0.360689214
v 0.481221941 -0.277887589 -0.368667555
v 0.476165016 -0.254314589 -0.380328129
v 0.469453196 -0.229854330 -0.388532956
v 0.462781276 -0.204470964 -0.385523562
v 0.458557894 -0.182355794 -0.371161090
v 0.454987419 -0.161534292 -0.354701376
v 0.448685931 -0.138056108 -0.344219381
v 0.437592585 -0.114020904 -0.346322717
v 0.423701862 -0.092104966 -0.352939029
v 0.409798042 -0.069617505 -0.352611618
v 0.401790871 -0.048729139 -0.338513444
v 0.397300245 -0.030014043 -0.319891864
v 0.387641714 -0.009124888 -0.306842443
v 0.373861148 0.012072936 -0.297988850
v 0.359302522 0.032467333 -0.288515096
v 0.344014079 0.052029688 -0.278454997
v 0.325199094 0.069412797 -0.271942340
v 0.301904589 0.082518190 -0.270707858
v 0.284957293 0.098142744 -0.258736412
v 0.278296444 0.115218596 -0.239238239
v 0.262464945 0.130333143 -0.225396310
v 0.237186628 0.137711952 -0.220819018
v 0.217797960 0.148923745 -0.207900530
v 0.209153896 0.165434692 -0.188702773
v 0.188892009 0.174639371 -0.175859212
v 0.163576256 0.175657276 -0.167541124
v 0.148944019 0.188341736 -0.149947641
v 0.133675423 0.200626844 -0.132823350
v 0.109356998 0.196721970 -0.122671739
v 0.090164555 0.202403083 -0.106678472
v 0.074610975 0.214889248 -0.089354572
v 0.052519241 0.207529792 -0.076845813
v 0.032593562 0.208345541 -0.060902529
v 0.014578707 0.218396732 -0.044442832
v -0.004682347 0.207078058 -0.030378967
v -0.024294490 0.205674176 -0.014132867
v -0.044696200 0.211390055 0.001302966
v -0.060240156 0.196271272 0.016654168
v -0.080061443 0.193454760 0.032588447
v -0.101678052 0.193818540 0.047063817
v -0.113162020 0.176359719 0.063646038
v -0.133194664 0.170789505 0.078751915
v -0.155147211 0.166539827 0.091989839
v -0.163169899 0.148189714 0.109557736
v -0.181351561 0.137703311 0.124338123
v -0.204305604 0.130407464 0.135092528
v -0.211106946 0.112229703 0.152946601
v -0.222458469 0.095879350 0.169409434
v -0.245706796 0.085114006 0.177060315
v -0.257673348 0.067623472 0.191674369
v -0.259452957 0.049084371 0.210835122
v -0.275476044 0.031655610 0.221647030
v -0.295183793 0.014418816 0.226630084
v -0.301220429 -0.005565892 0.242292367
v -0.301085388 -0.024021420 0.261618569
v -0.315997534 -0.043135808 0.265412035
v -0.328704078 -0.063508913 0.269500190
v -0.327542970 -0.082289454 0.288452227
v -0.329057200 -0.102819634 0.305017815
v -0.339792318 -0.126794090 0.308122989
v -0.350713637 -0.151127998 0.306265923
v -0.354583657 -0.175720542 0.314412644
v -0.351957490 -0.195397502 0.332294236
v -0.349755689 -0.215876320 0.349190236
v -0.352511487 -0.241524094 0.354221316
v -0.357169987 -0.267258345 0.348635061
v -0.359407413 -0.293382586 0.343725239
v -0.357254526 -0.318884974 0.350012759
v -0.352629879 -0.340138445 0.365562910
v -0.347747266 -0.361073220 0.381515220
v -0.343611572 -0.386084271 0.389059601
v -0.340285974 -0.411905560 0.383840337
v -0.336291888 -0.435823136 0.372501125
v -0.330333189 -0.459848371 0.362376086
v -0.322275795 -0.485106590 0.361561055
v -0.314170159 -0.508772798 0.370868937
v -0.306420765 -0.531072864 0.383529702
v -0.298066558 -0.554209005 0.394030463
v -0.288125187 -0.578831868 0.395914249
v -0.277041226 -0.601130181 0.386408110
v -0.265345831 -0.619666546 0.371079823
v -0.252633914 -0.636632052 0.354714177
v -0.238400030 -0.654672918 0.341050512
v -0.223453885 -0.676014848 0.335431340
v -0.209933981 -0.698906552 0.337982419
v -0.197480909 -0.721885861 0.343832828
v -0.184756085 -0.744831067 0.349171746
v -0.170431164 -0.767297482 0.350427614
v -0.153844760 -0.786960440 0.343678366
v -0.136379422 -0.800901728 0.329275484
v -0.119072458 -0.809537850 0.310814901
v -0.101719989 -0.815310895 0.291251064
v -0.083467751 -0.820716812 0.272421247
v -0.063905854 -0.828555047 0.255970559
v -0.043615413 -0.842087582 0.245168006
v -0.024282934 -0.859526812 0.239150495
v -0.006148208 -0.878996284 0.236028528
v 0.011899299 -0.898534094 0.232851618
v 0.030718857 -0.916865700 0.227754979
v 0.050955062 -0.931477883 0.218396998
v 0.071815166 -0.939502112 0.204003464
v 0.091692851 -0.940309130 0.186292674
v 0.109833452 -0.935158531 0.167338007
v 0.126868886 -0.926695517 0.148479452
v 0.143986017 -0.917396166 0.130090665
v 0.162304284 -0.909383507 0.112295533
v 0.182823624 -0.905847595 0.095615579
v 0.204856875 -0.908801500 0.080851347
v 0.226896871 -0.916527754 0.067813835
v 0.248468383 -0.926632138 0.055558747
v 0.269864675 -0.936490944 0.042823807
v 0.291320690 -0.944010894 0.028755002
v 0.312587433 -0.946834460 0.012922249
v 0.332564457 -0.942672549 -0.004199300
v 0.349217869 -0.930160034 -0.020846981
v 0.362594795 -0.912477122 -0.035766098
v 0.373854368 -0.892167339 -0.049079304
v 0.384363959 -0.870868153 -0.061471901
v 0.395571892 -0.849945193 -0.073886280
v 0.409508560 -0.831834031 -0.087726695
v 0.426541121 -0.818706648 -0.103503675
v 0.445532597 -0.811316573 -0.120785029
v 0.464882192 -0.807513090 -0.138912585
v 0.483816948 -0.804141061 -0.157558575
v 0.501956367 -0.798963678 -0.176546811
v 0.518620220 -0.789641048 -0.195240919
v 0.531939306 -0.773291039 -0.211490737
v 0.541023169 -0.751324936 -0.223430832
v 0.546151475 -0.726149772 -0.230734786
v 0.548622691 -0.699753559 -0.234549872
v 0.550559087 -0.673191808 -0.237462952
v 0.553424055 -0.646870032 -0.241446209
v 0.559375740 -0.622239424 -0.249780900
v 0.568519901 -0.601196549 -0.263374551
v 0.579459629 -0.584649638 -0.281345462
v 0.590166682 -0.569606664 -0.300752532
v 0.599444868 -0.553503437 -0.320009115
v 0.606317950 -0.534084553 -0.336984979
v 0.609364858 -0.510145220 -0.347981146
v 0.608322603 -0.483665505 -0.350660079
v 0.604664865 -0.457449248 -0.346886928
v 0.600158059 -0.431752139 -0.340802185
v 0.596001116 -0.405739994 -0.336104281
v 0.593361449 -0.379286206 -0.337138553
v 0.592772792 -0.354555040 -0.347015108
v 0.592742262 -0.332738978 -0.362531244
v 0.591434985 -0.311533274 -0.378829580
v 0.587818209 -0.288598282 -0.391939301
v 0.581375443 -0.263268961 -0.396225127
v 0.573610001 -0.238678924 -0.389556134
v 0.565896845 -0.216117005 -0.377364760
v 0.557992209 -0.193490392 -0.365427305
v 0.549172306 -0.168916377 -0.360409994
v 0.539415044 -0.144979694 -0.366738167
v 0.528591600 -0.123357394 -0.378238610
v 0.515987539 -0.101780782 -0.387665376
v 0.502567042 -0.078999676 -0.387203077
v 0.492084436 -0.058260006 -0.374145531
v 0.483257358 -0.039181814 -0.357541104
v 0.471893749 -0.018581045 -0.345212842
v 0.455499287 0.002204873 -0.345226463
v 0.436597175 0.019954903 -0.351915778
v 0.416933026 0.037702163 -0.353737076
v 0.399200252 0.056189182 -0.346007433
v 0.381180148 0.073878812 -0.337063637
v 0.362651525 0.090689388 -0.327485276
v 0.343700351 0.106581845 -0.317196105
v 0.330258249 0.122415868 -0.300778996
v 0.319959207 0.138216804 -0.281839086
v 0.299587534 0.151414476 -0.272240103
v 0.273728322 0.158238525 -0.271271235
v 0.251368617 0.167638438 -0.261748440
v 0.239903805 0.182165736 -0.242491961
v 0.222926535 0.194164610 -0.226750132
v 0.196820806 0.195573315 -0.221687681
v 0.173320624 0.199188345 -0.211024264
v 0.160412467 0.212625837 -0.191857638
v 0.140316316 0.219068644 -0.177160731
v 0.115382703 0.213128559 -0.169530921
v 0.096245141 0.218780603 -0.153120628
v 0.079737363 0.228996866 -0.135214344
v 0.057185557 0.220563612 -0.124445454
v 0.036394141 0.217372345 -0.109727619
v 0.018733171 0.226821338 -0.092145833
v -0.001154066 0.216738973 -0.078861489
v -0.020309241 0.208472085 -0.063804118
v -0.040122497 0.215048698 -0.047221361
v -0.056935685 0.201611913 -0.032721171
v -0.074163603 0.191326878 -0.016798398
v -0.095723627 0.193607528 -0.001450759
v -0.108308772 0.176646838 0.013981289
v -0.124440024 0.165394235 0.030261807
v -0.146618441 0.162458457 0.044297109
v -0.154636844 0.143488461 0.060738443
v -0.169610975 0.130361341 0.076740614
v -0.191539810 0.122521377 0.089219768
v -0.196192589 0.103152983 0.106513245
v -0.207507651 0.086691159 0.122602283
v -0.229158371 0.074802466 0.132663494
v -0.233649242 0.055677148 0.149771867
v -0.237092106 0.036648413 0.167417776
v -0.256313277 0.020164928 0.175779062
v -0.266667163 0.000394032 0.188537295
v -0.263187546 -0.017909426 0.207739103
v -0.271357962 -0.038721858 0.220745044
v -0.286640645 -0.060168294 0.225336587
v -0.285277816 -0.078264446 0.241237097
v -0.283420808 -0.096292594 0.257425030
v -0.295108874 -0.120212149 0.259938651
v -0.300604690 -0.144764240 0.267127270
v -0.295229732 -0.163334392 0.285415278
v -0.290252904 -0.182431183 0.303186098
v -0.293371016 -0.208038751 0.308354157
v -0.298000347 -0.234317034 0.306265628
v -0.296489330 -0.259814768 0.312219345
v -0.289089281 -0.278813619 0.329385337
v -0.281300277 -0.297243140 0.347071942
v -0.276578288 -0.321989158 0.354402445
v -0.274299912 -0.348184622 0.349748386
v -0.270134895 -0.373940741 0.343966278
v -0.261829770 -0.398574621 0.348209853
v -0.251788421 -0.418423379 0.362966520
v -0.241596718 -0.437056376 0.379265972
v -0.231011488 -0.459397152 0.388769921
v -0.220874089 -0.483650693 0.385350252
v -0.210876096 -0.505906155 0.374344090
v -0.199140264 -0.527409069 0.363595786
v -0.184922382 -0.549637104 0.360981405
v -0.170686280 -0.570632959 0.369093620
v -0.157284231 -0.590175203 0.381579104
v -0.143308753 -0.610106441 0.392632830
v -0.127518446 -0.631143511 0.396172764
v -0.110889824 -0.650391018 0.388434710
v -0.094706049 -0.665684618 0.373609814
v -0.078107154 -0.678781248 0.357169127
v -0.059915477 -0.692209985 0.342937014
v -0.039994137 -0.708292432 0.335683922
v -0.020640876 -0.726644752 0.337185084
v -0.002501574 -0.745506883 0.342872949
v 0.015650372 -0.764339120 0.348651505
v 0.035226592 -0.782394996 0.350514046
v 0.056265008 -0.797925153 0.345567399
v 0.076990756 -0.807429534 0.331780895
v 0.096252510 -0.812074581 0.313852314
v 0.114512773 -0.813140436 0.294284409
v 0.133263720 -0.813430732 0.275160217
v 0.153950064 -0.815534634 0.258398153
v 0.176814511 -0.822095747 0.246347673
v 0.200098349 -0.833483713 0.239927056
v 0.222828988 -0.847218946 0.236491258
v 0.245352051 -0.861420564 0.233524915
v 0.268286273 -0.874320697 0.228683923
v 0.291660732 -0.883779789 0.220014002
v 0.314334383 -0.887529515 0.206613531
v 0.334107890 -0.883785093 0.189173012
v 0.350562453 -0.874486167 0.170269568
v 0.365024303 -0.862245108 0.151356986
v 0.378966748 -0.848782676 0.132862526
v 0.394174063 -0.835933291 0.114967127
v 0.412596399 -0.826486548 0.098107721
v 0.434106688 -0.822250166 0.082896948
v 0.457362839 -0.823592529 0.069745538
v 0.480845311 -0.827421503 0.057436750
v 0.504145801 -0.831429194 0.044843982
v 0.526993704 -0.833638684 0.031083447
v 0.548718371 -0.831917705 0.015591974
v 0.567098477 -0.822977841 -0.001503020
v 0.580740033 -0.807530333 -0.018332160
v 0.589748119 -0.787588949 -0.033604240
v 0.595594250 -0.765276345 -0.047167081
v 0.600073687 -0.741981590 -0.059611657
v 0.605258360 -0.718809974 -0.071991069
v 0.613161878 -0.697142914 -0.085494664
v 0.625251563 -0.679010711 -0.100887457
v 0.641453208 -0.666509281 -0.118093390
v 0.659002558 -0.657292021 -0.136088951
v 0.676530931 -0.649147895 -0.154639817
v 0.692909906 -0.639737814 -0.173610755
v 0.706730162 -0.626661018 -0.192342539
v 0.716392240 -0.608546687 -0.209259714
v 0.720486612 -0.585651284 -0.222202446
v 0.718943905 -0.560040005 -0.229697712
v 0.714740773 -0.533961162 -0.234014074
v 0.709579884 -0.507838151 -0.236953781
v 0.705232189 -0.481699492 -0.240748388
v 0.703702833 -0.456076255 -0.248101254
v 0.706488367 -0.432996194 -0.261073673
v 0.712337054 -0.413510897 -0.278429003
v 0.718736915 -0.396061347 -0.297714085
v 0.723783168 -0.378324239 -0.317121072
v 0.726141124 -0.358475455 -0.334874856
v 0.723305149 -0.334834416 -0.346756733
v 0.715958761 -0.309621748 -0.350797357
v 0.705705362 -0.285122811 -0.347672659
v 0.694625887 -0.261459315 -0.341785662
v 0.683625614 -0.237622901 -0.336520938
v 0.673814851 -0.212860196 -0.336463226
v 0.666360067 -0.188857858 -0.345098136
v 0.660485194 -0.167413009 -0.359968950
v 0.653954765 -0.147344201 -0.376463321
v 0.644853382 -0.126408273 -0.390308168
v 0.632391560 -0.103823309 -0.396243553
v 0.618412508 -0.081860244 -0.391016627
v 0.604921365 -0.061901392 -0.379361466
v 0.591432889 -0.042306426 -0.367070691
v 0.576672586 -0.021168705 -0.360549528
v 0.560973411 -0.000286163 -0.365247513
v 0.544969954 0.018004179 -0.376450159
v 0.527441295 0.035402213 -0.386713318
v 0.508413420 0.053734630 -0.388138617
v 0.492161381 0.071289079 -0.376560313
v 0.478589991 0.087393751 -0.360014300
v 0.462915322 0.104106827 -0.346448404
v 0.443010525 0.120991842 -0.340619555
v 0.422273884 0.136981033 -0.334964913
v 0.401050541 0.152046211 -0.328620690
v 0.379386537 0.166154007 -0.321601182
v 0.356286012 0.178362528 -0.316802840
v 0.330742364 0.185727942 -0.319719895
v 0.305276477 0.192828416 -0.317951508
v 0.287287317 0.204260465 -0.302406353
v 0.273455846 0.216848495 -0.283280587
v 0.251149531 0.224948437 -0.272495773
v 0.224418777 0.225001075 -0.271462366
v 0.199754033 0.227415514 -0.263128556
v 0.184423066 0.238108919 -0.244129054
v 0.165772277 0.246124637 -0.227570725
v 0.140264669 0.241262201 -0.222062917
v 0.116215309 0.237522812 -0.212451554
v 0.099880871 0.246640217 -0.193444590
v 0.079423342 0.249075505 -0.177923180
v 0.056827371 0.236942922 -0.170391331
v 0.036435694 0.235703972 -0.154690267
v 0.018194310 0.242204239 -0.136516295
v -0.001637500 0.229302508 -0.125247035
v -0.020702525 0.219022769 -0.111235238
v -0.040144819 0.223828753 -0.093562307
v -0.057298033 0.210449186 -0.079801796
v -0.072979800 0.195801898 -0.065260477
v -0.093804779 0.197182966 -0.048602583
v -0.107533384 0.181233957 -0.033831369
v -0.120339420 0.165250464 -0.018161911
v -0.141924368 0.162305834 -0.002791525
v -0.150881520 0.143581613 0.012719292
v -0.161921390 0.127203022 0.029054537
v -0.183110615 0.119253569 0.042972961
v -0.187124263 0.099279265 0.059344401
v -0.196296164 0.081864990 0.075692890
v -0.216111494 0.069097672 0.087944485
v -0.216827597 0.049281185 0.105024692
v -0.221591521 0.030183254 0.121624620
v -0.239680865 0.013259789 0.131638518
v -0.240667260 -0.006546959 0.148217508
v -0.237683305 -0.025519897 0.166236357
v -0.251355196 -0.046463877 0.175192386
v -0.257736604 -0.068487426 0.187035814
v -0.249678010 -0.085340893 0.206151605
v -0.253954236 -0.106565603 0.216591354
v -0.260919433 -0.129039855 0.222466109
v -0.251667800 -0.145056526 0.241764671
v -0.247724691 -0.165917536 0.256849186
v -0.252581080 -0.192001581 0.259824450
v -0.252223425 -0.217535195 0.266052938
v -0.242389201 -0.234502376 0.283992456
v -0.232243399 -0.251004669 0.302278652
v -0.228115746 -0.276229568 0.308358821
v -0.225794891 -0.302820659 0.306352106
v -0.218136114 -0.327489262 0.311227492
v -0.206050848 -0.344254634 0.328020588
v -0.193652323 -0.359663613 0.346009670
v -0.182386803 -0.381835930 0.354401316
v -0.173201361 -0.406526799 0.350235257
v -0.162706726 -0.430349589 0.344061577
v -0.148323406 -0.452227077 0.347425705
v -0.133341543 -0.469008087 0.361747316
v -0.118622133 -0.484223376 0.378141598
v -0.102628929 -0.502589768 0.388711702
v -0.086382875 -0.523346472 0.385887587
v -0.070824175 -0.542315857 0.375212765
v -0.053991472 -0.560018016 0.364312211
v -0.034570274 -0.577722074 0.360718323
v -0.015167330 -0.594345435 0.368205916
v 0.002911924 -0.609657401 0.380695153
v 0.021572930 -0.625152382 0.391978320
v 0.042228306 -0.641263394 0.396166398
v 0.063366080 -0.655591058 0.389125320
v 0.083155308 -0.666398779 0.374798036
v 0.102518326 -0.674735614 0.358271768
v 0.123509953 -0.682818567 0.343816788
v 0.146832755 -0.692916426 0.336090100
v 0.170403086 -0.705336141 0.336909020
v 0.192933585 -0.718712680 0.342442589
v 0.215422977 -0.732069917 0.348187659
v 0.238919920 -0.744550931 0.350753117
v 0.263260306 -0.753961691 0.345864999
v 0.286210299 -0.758541357 0.333182589
v 0.305936913 -0.757800139 0.315155091
v 0.323971575 -0.754309304 0.295673764
v 0.342063621 -0.749661988 0.276480806
v 0.362378063 -0.746041344 0.259486619
v 0.385923515 -0.746030810 0.247069359
v 0.411353795 -0.750552725 0.240260740
v 0.436915428 -0.757647928 0.236652186
v 0.462389302 -0.765376894 0.233662859
v 0.487916747 -0.771944476 0.229059868
v 0.513144060 -0.775560107 0.221057199
v 0.536017815 -0.773222041 0.207689577
v 0.554438383 -0.764767710 0.190438453
v 0.568370473 -0.751918768 0.171627118
v 0.579220938 -0.736435545 0.152673773
v 0.589067013 -0.719738612 0.134181897
v 0.600257214 -0.703301814 0.116263291
v 0.614826767 -0.688790980 0.099195291
v 0.634464912 -0.679052077 0.083996727
v 0.657044871 -0.673801974 0.070678745
v 0.680665556 -0.671136178 0.058343947
v 0.704268101 -0.668981997 0.045857219
v 0.726913136 -0.665140682 0.032129679
v 0.747313292 -0.657668273 0.016648815
v 0.763417735 -0.644986790 -0.000290505
v 0.773398730 -0.627073312 -0.017280939
v 0.776924844 -0.605478216 -0.032626438
v 0.776689064 -0.582409150 -0.046210006
v 0.774950331 -0.558783083 -0.058718371
v 0.773655228 -0.535049651 -0.071066345
v 0.774973155 -0.511862004 -0.084345389
v 0.781995673 -0.491264915 -0.099793938
v 0.793714325 -0.474338665 -0.116803513
v 0.808135309 -0.460679705 -0.134752151
v 0.822879431 -0.448187746 -0.153304321
v 0.836277116 -0.434844005 -0.172246154
v 0.846718749 -0.419029698 -0.191077645
v 0.851893883 -0.399386230 -0.208298951
v 0.849650145 -0.376173840 -0.221137090
v 0.842057317 -0.351934919 -0.229285352
v 0.831336596 -0.327854576 -0.233897443
v 0.819424162 -0.304032445 -0.236790555
v 0.808196092 -0.279999638 -0.240425479
v 0.799553836 -0.255691372 -0.247288124
v 0.795879931 -0.232522394 -0.259974928
v 0.796139696 -0.211987206 -0.277067863
v 0.797731601 -0.193431072 -0.296320833
v 0.798277243 -0.175103027 -0.315844436
v 0.795149466 -0.155276333 -0.333462692
v 0.787112375 -0.133491477 -0.346500161
v 0.773359113 -0.111082021 -0.350587253
v 0.757194176 -0.089952352 -0.348173769
v 0.740244626 -0.070076520 -0.342229407
v 0.723313640 -0.050073781 -0.336734734
v 0.707138386 -0.028841565 -0.335983176
v 0.693443517 -0.007537664 -0.344173038
v 0.682041074 0.011678895 -0.358844976
v 0.670551910 0.029414555 -0.375299709
v 0.656591128 0.047114903 -0.389683551
v 0.638744375 0.065634260 -0.396356121
v 0.619412054 0.083256605 -0.391721790
v 0.601083851 0.099008665 -0.380257586
v 0.582916958 0.114338956 -0.367924934
v 0.563251754 0.130733092 -0.360683437
v 0.542566280 0.146923842 -0.364465275
v 0.522352844 0.160483306 -0.375597492
v 0.500996320 0.172614528 -0.386201163
v 0.477764319 0.185194805 -0.388603616
v 0.454435668 0.197692267 -0.384460026
v 0.430798905 0.209278184 -0.379487618
v 0.406900572 0.219967145 -0.373809175
v 0.382782848 0.229726596 -0.367426999
v 0.359083501 0.238827745 -0.359111055
v 0.341009490 0.248946129 -0.342249945
v 0.323477414 0.258996690 -0.324759445
v 0.299443209 0.265834826 -0.316784426
v 0.272866403 0.266608742 -0.319386287
v 0.246278408 0.266348953 -0.318889952
v 0.224981099 0.271973679 -0.304515175
v 0.208514665 0.280574516 -0.285236188
v 0.185698422 0.283672720 -0.272967798
v 0.159822985 0.277188105 -0.271635642
v 0.134980760 0.271952525 -0.264832793
v 0.116779221 0.277527822 -0.246315010
v 0.097482630 0.281645695 -0.228834095
v 0.074018242 0.271315140 -0.222503615
v 0.051671790 0.260065162 -0.214246422
v 0.033130345 0.263624515 -0.195574731
v 0.013116332 0.262663847 -0.179044678
v -0.005782461 0.245480831 -0.171381178
v -0.025044169 0.236641540 -0.156773253
v -0.044209601 0.239008536 -0.138364893
v -0.060773820 0.223139947 -0.126260158
v -0.075696561 0.206250694 -0.113226961
v -0.095641286 0.205731768 -0.095472621
v -0.110053563 0.190401325 -0.081045451
v -0.120133137 0.170579759 -0.067204756
v -0.140399739 0.166243176 -0.050431671
v -0.151378615 0.148958684 -0.035286829
v -0.157789380 0.128819308 -0.020031844
v -0.177858176 0.120477339 -0.004541630
v -0.183788565 0.101054337 0.011063203
v -0.187862343 0.081394824 0.027351871
v -0.206677533 0.068588185 0.041277043
v -0.207449772 0.048523379 0.057512592
v -0.209226975 0.028979088 0.074190761
v -0.225662460 0.011810879 0.086339535
v -0.223212845 -0.007806198 0.103062206
v -0.220477003 -0.027121694 0.120220963
v -0.233654927 -0.048051299 0.130374789
v -0.231655504 -0.068177879 0.146162263
v -0.222477210 -0.084980836 0.164542023
v -0.229170379 -0.108518011 0.174460745
v -0.230187244 -0.130790502 0.185695758
v -0.217086799 -0.142039574 0.204375370
v -0.220774019 -0.167475407 0.211216060
v -0.218604473 -0.191583381 0.220781716
v -0.205742894 -0.205161370 0.239792104
v -0.195558719 -0.222984385 0.255976161
v -0.193104071 -0.249237453 0.259714574
v -0.186995700 -0.274439489 0.264719668
v -0.173275057 -0.289118367 0.282015533
v -0.159013955 -0.301646524 0.300788022
v -0.147921236 -0.324153260 0.308356214
v -0.138850294 -0.349264179 0.306480186
v -0.125499905 -0.371768675 0.309948525
v -0.109354863 -0.385422203 0.326110945
v -0.093419261 -0.396603647 0.344480637
v -0.076631973 -0.414305627 0.354385120
v -0.061174772 -0.435738928 0.350900187
v -0.045012072 -0.456082013 0.344509225
v -0.025567526 -0.473919810 0.346316558
v -0.006519459 -0.486475113 0.360112714
v 0.011618626 -0.497183833 0.376661069
v 0.031649132 -0.510317522 0.388144741
v 0.052885545 -0.526032447 0.386609476
v 0.072959231 -0.540423088 0.376387411
v 0.093650131 -0.553160094 0.365151490
v 0.116877594 -0.565180368 0.360319564
v 0.140170208 -0.576195537 0.367112321
v 0.161744053 -0.586241116 0.379396491
v 0.183604610 -0.596210482 0.391211334
v 0.207652869 -0.606383859 0.396471073
v 0.232038220 -0.614922485 0.390364152
v 0.254118747 -0.620317945 0.376355943
v 0.275050137 -0.623447810 0.359945766
v 0.297056991 -0.625642119 0.344871547
v 0.322065365 -0.629004477 0.336307285
v 0.348111559 -0.634619017 0.336593056
v 0.373459134 -0.641481383 0.341782694
v 0.398621945 -0.648487607 0.347723298
v 0.424484594 -0.654471678 0.350727184
v 0.450632411 -0.657612310 0.346844019
v 0.474125307 -0.656193029 0.334577881
v 0.493547166 -0.650785379 0.317062401
v 0.510186052 -0.642838703 0.297655721
v 0.526327358 -0.633590437 0.278384462
v 0.544369144 -0.624505553 0.260840518
v 0.566908678 -0.618059298 0.248118351
v 0.592364530 -0.615217895 0.240639355
v 0.618893738 -0.615266670 0.236983324
v 0.645513449 -0.616007484 0.234047997
v 0.671971584 -0.615947953 0.229898910
v 0.697241098 -0.612763831 0.221892038
v 0.719306481 -0.605131970 0.209167916
v 0.735912957 -0.592807605 0.192384463
v 0.746029255 -0.576750534 0.173549992
v 0.752566475 -0.559014514 0.154591343
v 0.757742681 -0.540412020 0.136022338
v 0.763770562 -0.521548719 0.117990260
v 0.773843444 -0.503669849 0.100897815
v 0.789475779 -0.488584598 0.085423955
v 0.809449993 -0.477099811 0.071878100
v 0.831534694 -0.468280986 0.059544329
v 0.853717020 -0.459928176 0.047064246
v 0.874777793 -0.450476073 0.033528806
v 0.893125842 -0.438413013 0.018317461
v 0.906190359 -0.422422136 0.001470154
v 0.911117681 -0.402509701 -0.015532880
v 0.909513541 -0.380890837 -0.031082257
v 0.903659139 -0.358747279 -0.044893575
v 0.895820822 -0.336448190 -0.057490141
v 0.888101911 -0.313930938 -0.069774771
v 0.883242483 -0.291233110 -0.083045084
v 0.883457076 -0.269225711 -0.098128401
v 0.889925431 -0.249617606 -0.115046078
v 0.900079462 -0.232498754 -0.132951615
v 0.911032083 -0.216484562 -0.151425014
v 0.920835999 -0.200253709 -0.170339556
v 0.927064762 -0.182395535 -0.189222574
v 0.927151645 -0.162180140 -0.206543723
v 0.920098687 -0.140490182 -0.220209081
v 0.906783010 -0.119026978 -0.228786122
v 0.890103652 -0.098613558 -0.233438948
v 0.872397152 -0.078741181 -0.236477695
v 0.854982106 -0.058658454 -0.239789081
v 0.840119299 -0.037508350 -0.246525021
v 0.829593813 -0.016040479 -0.258300514
v 0.824300947 0.003933872 -0.275275774
v 0.820887286 0.022436241 -0.294333719
v 0.816555777 0.040255952 -0.313843854
v 0.809041026 0.058441665 -0.331931305
v 0.795896767 0.077276651 -0.345271059
v 0.777340664 0.095537337 -0.350750834
v 0.756201486 0.111702783 -0.348501740
v 0.734623706 0.126521204 -0.342843575
v 0.713008023 0.141307374 -0.337258011
v 0.691726793 0.157312294 -0.335789611
v 0.672475568 0.174296888 -0.342843673
v 0.656271241 0.190010445 -0.357199085
v 0.640563461 0.204145587 -0.373655673
v 0.622756371 0.217575619 -0.388370569
v 0.601086255 0.230769353 -0.396259136
v 0.577658380 0.242862127 -0.392732357
v 0.555694516 0.253309034 -0.381568138
v 0.534237396 0.263248665 -0.368983697
v 0.511159135 0.273808045 -0.360756594
v 0.486562704 0.284359257 -0.359990561
v 0.461591761 0.294011401 -0.359035545
v 0.436319192 0.302735128 -0.357355841
v 0.410787489 0.310472332 -0.354925715
v 0.385060534 0.317242867 -0.351779017
v 0.358930370 0.322263539 -0.351588225
v 0.333278670 0.323694108 -0.359059601
v 0.307168760 0.323562356 -0.364675753
v 0.281771228 0.325506261 -0.358079582
v 0.261875616 0.330566992 -0.341009936
v 0.242095760 0.335509337 -0.323760291
v 0.216803557 0.335223923 -0.316781849
v 0.191027443 0.328700527 -0.319587221
v 0.165488788 0.321682142 -0.318295641
v 0.143864228 0.321968237 -0.303258447
v 0.125664115 0.325863041 -0.284029849
v 0.102498394 0.322041542 -0.272603692
v 0.079403625 0.308593467 -0.271525207
v 0.056899408 0.297638823 -0.263818066
v 0.038113368 0.298724622 -0.244987992
v 0.018152074 0.296728435 -0.228045528
v -0.001490878 0.279918600 -0.222232552
v -0.020202501 0.263838301 -0.213208797
v -0.038941183 0.263076484 -0.194281380
v -0.057906466 0.255635156 -0.178316383
v -0.071299773 0.233779260 -0.170772288
v -0.087945881 0.221486127 -0.155509093
v -0.106989112 0.218121077 -0.137246486
v -0.117986119 0.197519579 -0.125643547
v -0.128642786 0.178242351 -0.112024651
v -0.147827366 0.172560361 -0.094312707
v -0.156510437 0.152927656 -0.080295798
v -0.161913690 0.131854539 -0.066028258
v -0.180524982 0.122474011 -0.049325679
v -0.185065690 0.102133783 -0.034403724
v -0.187132295 0.081514225 -0.018896756
v -0.204326483 0.068110583 -0.003491144
v -0.203363714 0.047537650 0.012064922
v -0.203578009 0.027695780 0.028380573
v -0.218047146 0.010195552 0.042290647
v -0.212099889 -0.009176668 0.058620857
v -0.210151679 -0.028704551 0.075101990
v -0.221103225 -0.049725566 0.087281824
v -0.212282084 -0.067470935 0.104250312
v -0.205821466 -0.085954632 0.121072641
v -0.212854821 -0.109692462 0.131140076
v -0.204404883 -0.127780631 0.147403740
v -0.191727665 -0.142158268 0.165588918
v -0.197553088 -0.167350457 0.170090552
v -0.183557482 -0.180553443 0.188223633
v -0.171356334 -0.196060940 0.205276498
v -0.168426164 -0.221808839 0.211581004
v -0.159127728 -0.243679840 0.222013301
v -0.143015920 -0.252822557 0.241275634
v -0.128851272 -0.268403427 0.256666647
v -0.119720618 -0.293288228 0.259786799
v -0.106572163 -0.315272614 0.265742061
v -0.089471051 -0.325128001 0.283491009
v -0.072350294 -0.333990852 0.301887045
v -0.055881319 -0.353360188 0.308374468
v -0.040380207 -0.375092415 0.306384740
v -0.021304070 -0.392602706 0.310940570
v -0.002305001 -0.401049707 0.327544197
v 0.016175448 -0.407916172 0.345608923
v 0.037126679 -0.421069079 0.354369050
v 0.057637981 -0.437635871 0.350412599
v 0.078757034 -0.452832044 0.344173642
v 0.102256266 -0.464454236 0.347183421
v 0.123777925 -0.471350845 0.361321829
v 0.144166978 -0.476921845 0.377761872
v 0.167205290 -0.484504986 0.388563002
v 0.191784900 -0.494077596 0.386106638
v 0.214859599 -0.502514879 0.375515599
v 0.238317363 -0.509205981 0.364532251
v 0.264008199 -0.514567327 0.360678538
v 0.289225630 -0.519000099 0.367936909
v 0.312610832 -0.522967963 0.380369666
v 0.336521010 -0.526793379 0.391744598
v 0.362459694 -0.530153985 0.396192928
v 0.388013063 -0.531770455 0.389423950
v 0.410619578 -0.531044276 0.375210297
v 0.431534412 -0.528381113 0.358687062
v 0.453650905 -0.524652509 0.344128811
v 0.478787582 -0.521417270 0.336169503
v 0.505397745 -0.520040631 0.336798861
v 0.531609412 -0.520053088 0.342284597
v 0.557758200 -0.520101525 0.348070854
v 0.584327793 -0.518910037 0.350746815
v 0.610126499 -0.514704094 0.346098938
v 0.632316728 -0.507021952 0.333571852
v 0.649041843 -0.496394049 0.315638090
v 0.662824350 -0.484229491 0.296170417
v 0.675996617 -0.471032224 0.276944012
v 0.691544279 -0.457554720 0.259876579
v 0.711658702 -0.445476174 0.247297939
v 0.735788747 -0.436343568 0.240385911
v 0.761377677 -0.429380551 0.236722810
v 0.787238735 -0.423057411 0.233750990
v 0.812573869 -0.415740842 0.229209780
v 0.836186815 -0.406068745 0.221309434
v 0.854859357 -0.392510107 0.208089607
v 0.866567500 -0.375901018 0.190902136
v 0.872134763 -0.357770011 0.172108541
v 0.873659831 -0.338934366 0.153147335
v 0.873620007 -0.319562593 0.134642646
v 0.874808367 -0.299726919 0.116708045
v 0.879825428 -0.279808195 0.099613055
v 0.891574097 -0.261357668 0.084354176
v 0.908243507 -0.245279752 0.070999185
v 0.927177980 -0.230919924 0.058652753
v 0.946407854 -0.217045955 0.046187298
v 0.964000056 -0.202239293 0.032499029
v 0.977869402 -0.185471112 0.017062682
v 0.985447010 -0.166403605 0.000146330
v 0.985100755 -0.145921012 -0.016862899
v 0.977297305 -0.125526552 -0.032264479
v 0.965401231 -0.105784969 -0.045883906
v 0.951880448 -0.086343089 -0.058408512
v 0.938639572 -0.066598209 -0.070748044
v 0.927827518 -0.046005392 -0.083977863
v 0.923221411 -0.024701483 -0.099380576
v 0.924550657 -0.004135449 -0.116360693
v 0.929928388 0.015002609 -0.134288885
v 0.936262090 0.033272248 -0.152829041
v 0.941054823 0.051571361 -0.171764876
v 0.942101021 0.070480328 -0.190610172
v 0.936771441 0.090014738 -0.207918360
v 0.923168833 0.108879964 -0.220873026
v 0.904376943 0.125914352 -0.229127824
v 0.882923542 0.141205306 -0.233809672
v 0.860538631 0.155635232 -0.236716775
v 0.838604701 0.170565173 -0.240307958
v 0.818679512 0.187021304 -0.247029864
v 0.803593927 0.205070412 -0.259596492
v 0.793245374 0.222896311 -0.276594754
v 0.785149480 0.239694777 -0.295824940
v 0.776323346 0.255756646 -0.315357245
v 0.763666068 0.271237545 -0.333062040
v 0.745778963 0.285914524 -0.346244499
v 0.722624529 0.298261903 -0.350575657
v 0.697958575 0.308261841 -0.348306983
v 0.673244231 0.316736871 -0.342387828
v 0.648487913 0.325294260 -0.336821910
v 0.623738754 0.335282550 -0.335926842
v 0.601018061 0.346616936 -0.343877881
v 0.581351914 0.357372977 -0.358433987
v 0.562453599 0.366815279 -0.374897444
v 0.541488089 0.374953579 -0.389367175
v 0.516797971 0.381832908 -0.396403945
v 0.490686563 0.387572017 -0.397986480
v 0.464348520 0.392419342 -0.398659408
v 0.437853346 0.396376933 -0.398582382
v 0.411249763 0.399407778 -0.397732197
v 0.384593266 0.401530264 -0.396131923
v 0.358015973 0.402821044 -0.393206565
v 0.333852672 0.404360732 -0.382173989
v 0.312345278 0.406303514 -0.366321666
v 0.289126534 0.407526235 -0.353277504
v 0.262855285 0.405881117 -0.351294707
v 0.237630872 0.400689235 -0.358515594
v 0.212557237 0.393712786 -0.364522840
v 0.187297549 0.388492464 -0.359127988
v 0.166576412 0.387976517 -0.342287489
v 0.146376273 0.387695754 -0.324787940
v 0.122215745 0.381349320 -0.316781877
v 0.098951393 0.368476808 -0.319380969
v 0.076208728 0.354694036 -0.318911438
v 0.055010742 0.348665423 -0.304551926
v 0.036460446 0.347675430 -0.285271773
v 0.015254250 0.338736564 -0.272980806
v -0.003711998 0.319981530 -0.271639559
v -0.022414990 0.302796428 -0.264863678
v -0.040919600 0.298301830 -0.246354564
v -0.059620448 0.292037851 -0.228857580
v -0.074557452 0.271208368 -0.222511703
v -0.088042806 0.250125868 -0.214274939
v -0.105805590 0.243714819 -0.195613364
v -0.122546570 0.232721329 -0.179068107
v -0.130062754 0.208313900 -0.171399731
v -0.142108233 0.190855972 -0.156811339
v -0.159811606 0.183143785 -0.138398365
v -0.166007386 0.161069195 -0.126278255
v -0.170212461 0.138912940 -0.113262463
v -0.187102854 0.128297546 -0.095507352
v -0.191731475 0.107784307 -0.081068043
v -0.190272953 0.085580238 -0.067239847
v -0.205489805 0.071515463 -0.050464529
v -0.206179235 0.051061159 -0.035313047
v -0.201393539 0.030461771 -0.020065883
v -0.214404870 0.013057425 -0.004572555
v -0.209659154 -0.006679490 0.011033659
v -0.203100574 -0.025664668 0.027321137
v -0.212770311 -0.046269397 0.041247379
v -0.203251482 -0.063943125 0.057480053
v -0.194778008 -0.081646645 0.074163515
v -0.200176656 -0.104792218 0.086313099
v -0.188109138 -0.120448715 0.103026730
v -0.175878148 -0.135646126 0.120196076
v -0.176552982 -0.160368207 0.130353847
v -0.162368091 -0.170795303 0.146458907
v -0.152657209 -0.188068970 0.160317424
v -0.147072912 -0.212360333 0.169251955
v -0.130439743 -0.222310430 0.187018219
v -0.114235157 -0.233095912 0.204534847
v -0.104489843 -0.256920812 0.211270836
v -0.090221642 -0.276360880 0.221001027
v -0.072242066 -0.281423007 0.240040747
v -0.054409698 -0.291755941 0.256089996
v -0.038929447 -0.313126085 0.259731291
v -0.020773590 -0.331544142 0.264905848
v -0.001517706 -0.337086985 0.282265407
v 0.017174686 -0.340702341 0.300956475
v 0.038183657 -0.354502210 0.308367627
v 0.058791418 -0.371475161 0.306449276
v 0.081760959 -0.383894809 0.310127819
v 0.102566319 -0.387357634 0.326353379
v 0.121990395 -0.388871642 0.344707011
v 0.145516980 -0.395634358 0.354455538
v 0.169725976 -0.406219804 0.350816516
v 0.194025378 -0.415441537 0.344476364
v 0.219848688 -0.420843302 0.346385460
v 0.242572974 -0.421886602 0.360323573
v 0.263638121 -0.421856266 0.376869884
v 0.287635484 -0.422981631 0.388176114
v 0.313904121 -0.425684017 0.386520331
v 0.338487010 -0.427821072 0.376237392
v 0.362787328 -0.428212377 0.365013735
v 0.388919404 -0.426688311 0.360391158
v 0.414543425 -0.424296707 0.367265992
v 0.438222102 -0.421944001 0.379554868
v 0.462114261 -0.419380489 0.391365638
v 0.488022562 -0.415864251 0.396526628
v 0.513338380 -0.410761790 0.390258968
v 0.535026575 -0.404128489 0.376154129
v 0.554620316 -0.396129189 0.359743646
v 0.574677088 -0.386798723 0.344674730
v 0.597960092 -0.376940494 0.336214069
v 0.623251562 -0.368525544 0.336632023
v 0.648553465 -0.361527201 0.341864587
v 0.673775065 -0.354729356 0.347799299
v 0.699070919 -0.346653948 0.350693379
v 0.723161233 -0.336020654 0.346781568
v 0.742538148 -0.322785093 0.334363642
v 0.756468986 -0.308231147 0.316832428
v 0.766676784 -0.292894929 0.297408425
v 0.775858497 -0.276706876 0.278144390
v 0.786843748 -0.259687087 0.260681234
v 0.802969999 -0.242660154 0.247979896
v 0.823490415 -0.227288089 0.240599846
v 0.846343388 -0.213814709 0.236948974
v 0.869626070 -0.200888494 0.234015546
v 0.892314812 -0.187312303 0.229790206
v 0.912394858 -0.171675054 0.221742798
v 0.927452520 -0.153851634 0.208989293
v 0.935354076 -0.134777228 0.192162020
v 0.935757342 -0.115813478 0.173308008
v 0.932328300 -0.097222678 0.154353203
v 0.927295976 -0.078576909 0.135788212
v 0.922871061 -0.059270113 0.117759599
v 0.922550551 -0.038725852 0.100695321
v 0.928345875 -0.017781561 0.085231431
v 0.939784577 0.002246074 0.071726261
v 0.954291123 0.021086625 0.059389479
v 0.969111046 0.039580036 0.046901461
v 0.982395434 0.058451753 0.033353367
v 0.992005563 0.078190321 0.018126309
v 0.994859310 0.098605350 0.001252275
v 0.988904647 0.118232240 -0.015736514
v 0.976469074 0.135998974 -0.031270154
v 0.960118833 0.152053135 -0.045065758
v 0.941993222 0.167234937 -0.057649608
v 0.923910630 0.182704222 -0.069944115
v 0.908191074 0.199770939 -0.083226747
v 0.897188733 0.218827071 -0.098321055
v 0.892906761 0.239003052 -0.115273271
v 0.892931708 0.258902166 -0.133182348
v 0.894199831 0.278258123 -0.151659859
v 0.894359525 0.297216278 -0.170579170
v 0.890467092 0.315737622 -0.189446137
v 0.880193710 0.333161954 -0.206746013
v 0.863029469 0.348213732 -0.220386511
v 0.840536313 0.359809477 -0.228836175
v 0.815779662 0.368866145 -0.233477592
v 0.790416272 0.376937936 -0.236510522
v 0.765218726 0.385375611 -0.239869576
v 0.741671713 0.396018136 -0.246639168
v 0.721777326 0.409160397 -0.258521750
v 0.707057005 0.423647144 -0.275506412
v 0.694703169 0.437820693 -0.294577198
v 0.681867606 0.450922520 -0.314084490
v 0.666114936 0.462733023 -0.332162273
v 0.645094521 0.472181934 -0.345369058
v 0.619811228 0.478425030 -0.350819094
v 0.593378411 0.481507330 -0.348437221
v 0.567263674 0.483255827 -0.342766850
v 0.541126323 0.484968224 -0.337201524
v 0.514662708 0.487923506 -0.335848138
v 0.488668553 0.492195669 -0.340649140
v 0.462582472 0.495741835 -0.345608096
v 0.436256926 0.498309573 -0.349854914
v 0.409747932 0.499891991 -0.353380472
v 0.383112164 0.500485936 -0.356178405
v 0.356406377 0.500091924 -0.358245090
v 0.329923918 0.498803623 -0.361426338
v 0.305466752 0.496657080 -0.371904901
v 0.282255027 0.492971195 -0.384740263
v 0.257722978 0.487535771 -0.393595870
v 0.232083705 0.481583568 -0.391249222
v 0.209338269 0.477142731 -0.377998810
v 0.188054857 0.473269147 -0.362207934
v 0.164498617 0.467557108 -0.351301509
v 0.139854253 0.457970315 -0.352839448
v 0.117362418 0.445744843 -0.360678208
v 0.094718637 0.432294883 -0.364489743
v 0.072335735 0.422157950 -0.355111738
v 0.053097166 0.416968396 -0.337255399
v 0.033018096 0.410201586 -0.321086536
v 0.011603865 0.395422208 -0.316924052
v -0.006725527 0.376178993 -0.320201333
v -0.025441465 0.358012577 -0.316313313
v -0.043812471 0.349255336 -0.299316962
v -0.061655451 0.342600666 -0.280567974
v -0.078879815 0.324835267 -0.272129430
v -0.091375053 0.301196370 -0.271076511
v -0.106025960 0.282490721 -0.260469878
v -0.122845720 0.275089747 -0.241037403
v -0.138050187 0.260200815 -0.226095611
v -0.145028514 0.234885837 -0.221325815
v -0.154662846 0.213774072 -0.209682271
v -0.170840875 0.204584487 -0.190458281
v -0.180770146 0.185397885 -0.176542185
v -0.180736853 0.159854949 -0.168689662
v -0.191695208 0.143563998 -0.151726264
v -0.204671919 0.129042804 -0.134122758
v -0.200815762 0.104981118 -0.123694812
v -0.203978709 0.084689685 -0.108385957
v -0.216784049 0.069334989 -0.090909725
v -0.210222023 0.047555717 -0.078007793
v -0.208255561 0.027256112 -0.062521599
v -0.218742917 0.009284856 -0.045994261
v -0.208186491 -0.009934179 -0.031712298
v -0.203904039 -0.029269875 -0.015614244
v -0.210301154 -0.049789102 -0.000245093
v -0.195661151 -0.065405326 0.015130113
v -0.190126724 -0.084358642 0.031300814
v -0.191337577 -0.106375529 0.045503055
v -0.174076594 -0.117898043 0.061999282
v -0.166171116 -0.136544690 0.077636146
v -0.162662121 -0.159213903 0.090407228
v -0.144422809 -0.167394713 0.107845901
v -0.135850251 -0.185487144 0.120406903
v -0.124675688 -0.201643972 0.133363251
v -0.106177527 -0.207075669 0.151658265
v -0.094974534 -0.228335443 0.162396310
v -0.080736391 -0.246988419 0.173510034
v -0.061953497 -0.249082884 0.192354388
v -0.044001086 -0.260020540 0.207339824
v -0.028247742 -0.280940008 0.212777086
v -0.008522879 -0.291308070 0.225866186
v 0.009769388 -0.290436695 0.245401915
v 0.030389188 -0.299879623 0.258093042
v 0.051033191 -0.316785952 0.260170302
v 0.073664547 -0.326316035 0.268911156
v 0.092520405 -0.324708238 0.287725300
v 0.112885560 -0.325227506 0.304598147
v 0.137183057 -0.334943560 0.308201774
v 0.161811842 -0.345190826 0.306224863
v 0.186650654 -0.348561538 0.313858747
v 0.206363927 -0.345381123 0.331592334
v 0.226571247 -0.342375172 0.348720895
v 0.252191184 -0.344101997 0.354309227
v 0.278095171 -0.347919479 0.348898964
v 0.304238941 -0.349427177 0.343762324
v 0.329792689 -0.346576457 0.349537743
v 0.350989572 -0.341274649 0.364937856
v 0.371672057 -0.335690212 0.380993522
v 0.396375764 -0.330683959 0.389026096
v 0.422132190 -0.326487267 0.384191407
v 0.445952040 -0.321745586 0.372942087
v 0.469722075 -0.315075152 0.362650556
v 0.494694974 -0.306227108 0.361365506
v 0.518158655 -0.297311196 0.370423989
v 0.540196972 -0.288822626 0.383068614
v 0.562976326 -0.279747482 0.393763681
v 0.587248126 -0.269046569 0.396047856
v 0.609312530 -0.257244457 0.386896507
v 0.627558604 -0.244960319 0.371687423
v 0.644105482 -0.231737533 0.355297147
v 0.661564578 -0.216969883 0.341435442
v 0.682289813 -0.201303970 0.335477892
v 0.704695746 -0.186965650 0.337803181
v 0.727247177 -0.173732093 0.343599373
v 0.749758428 -0.160286737 0.349028067
v 0.771777344 -0.145294558 0.350499474
v 0.791050526 -0.128124367 0.344086519
v 0.804617165 -0.110201311 0.329900051
v 0.812836640 -0.092601715 0.311531086
v 0.818091067 -0.075074500 0.291978225
v 0.822841574 -0.056701929 0.273086729
v 0.829865922 -0.036949510 0.256491361
v 0.842516268 -0.016210331 0.245472376
v 0.859186900 0.003736960 0.239304832
v 0.878005558 0.022537235 0.236135292
v 0.896950780 0.041213960 0.232998347
v 0.914731759 0.060590492 0.228023124
v 0.928819723 0.081269398 0.218818257
v 0.936444136 0.102402917 0.204609683
v 0.936867419 0.122371574 0.186989676
v 0.931238172 0.140378337 0.168044759
v 0.922294420 0.157148796 0.149172252
v 0.912426901 0.173921859 0.130761871
v 0.903702896 0.191886717 0.112937170
v 0.899290754 0.212198081 0.096207208
v 0.901260247 0.234282436 0.081360398
v 0.908097715 0.256580005 0.068267723
v 0.917453332 0.278486185 0.056011017
v 0.926633303 0.300203202 0.043309838
v 0.933565444 0.321901309 0.029305494
v 0.935919716 0.343283835 0.013542108
v 0.931411872 0.363214457 -0.003558322
v 0.918538281 0.379552080 -0.020249263
v 0.900572069 0.392450635 -0.035241062
v 0.879966950 0.403087376 -0.048607655
v 0.858339454 0.412879451 -0.061018213
v 0.837004376 0.423315699 -0.073406112
v 0.818307908 0.436530144 -0.087184299
v 0.804382066 0.452990837 -0.102883891
v 0.796199011 0.471683049 -0.120129228
v 0.791674627 0.490898064 -0.138232678
v 0.787697323 0.509734535 -0.156859831
v 0.782037272 0.527738220 -0.175843274
v 0.772320029 0.544144753 -0.194561120
v 0.755802365 0.557076267 -0.210949894
v 0.733730934 0.565611348 -0.223092661
v 0.708461009 0.570005716 -0.230529855
v 0.682014650 0.571654962 -0.234430752
v 0.655402879 0.572697773 -0.237345884
v 0.628978599 0.574607901 -0.241235130
v 0.604068125 0.579604015 -0.249379333
v 0.582568627 0.587927526 -0.262776917
v 0.565548198 0.598284994 -0.280646565
v 0.550139880 0.608515052 -0.300023599
v 0.533810028 0.617314158 -0.319316717
v 0.514337061 0.623661254 -0.336441643
v 0.490574590 0.626251955 -0.348159351
v 0.465053565 0.626468661 -0.356300367
v 0.439326954 0.625690041 -0.363727053
v 0.413462453 0.624009189 -0.370493861
v 0.387501830 0.621400896 -0.376568870
v 0.361494245 0.617809462 -0.381894319
v 0.335493880 0.613308051 -0.386511049
v 0.309539508 0.607875503 -0.390290017
v 0.283871993 0.601056285 -0.389154656
v 0.259874577 0.593259346 -0.380292377
v 0.236958201 0.585297635 -0.368925778
v 0.212995528 0.577115975 -0.360411653
v 0.187827395 0.568739121 -0.360914527
v 0.164652794 0.560263649 -0.371109268
v 0.143272393 0.550689079 -0.384094603
v 0.121161464 0.539076243 -0.393553422
v 0.097964502 0.526509800 -0.391682803
v 0.077031251 0.516072181 -0.378873143
v 0.057521385 0.506728191 -0.363073242
v 0.036454959 0.495237345 -0.351604732
v 0.015039811 0.479655580 -0.352441628
v -0.003526386 0.462003271 -0.360194966
v -0.021727534 0.443044360 -0.364652068
v -0.040696027 0.427002980 -0.356006136
v -0.057963270 0.416711388 -0.338375240
v -0.075444036 0.405226847 -0.321857342
v -0.092374397 0.385742753 -0.316894080
v -0.105175118 0.362444530 -0.319985021
v -0.118249793 0.339704523 -0.316958073
v -0.133617184 0.325814575 -0.300494270
v -0.149058543 0.314912927 -0.281611694
v -0.161467648 0.293980515 -0.272198189
v -0.167376583 0.267892042 -0.271235762
v -0.176137772 0.245383890 -0.261486510
v -0.190297613 0.233504354 -0.242200039
v -0.201588352 0.215940691 -0.226612864
v -0.202013082 0.189776565 -0.221624697
v -0.205049430 0.166343459 -0.210737685
v -0.218064538 0.153009798 -0.191571211
v -0.223552166 0.132536871 -0.177048240
v -0.216763580 0.107828061 -0.169394329
v -0.222049508 0.088651938 -0.152835745
v -0.231598773 0.071726709 -0.134963491
v -0.222156206 0.049459131 -0.124301978
v -0.218599293 0.028842351 -0.109453686
v -0.227373997 0.010834532 -0.091887605
v -0.216327913 -0.008656541 -0.078680230
v -0.207710760 -0.027567990 -0.063537265
v -0.213539373 -0.047602317 -0.046971057
v -0.199302330 -0.063833661 -0.032521026
v -0.188743497 -0.080832938 -0.016545944
v -0.190177695 -0.102437972 -0.001204125
v -0.172634041 -0.114289721 0.014222045
v -0.161125106 -0.130239836 0.030475732
v -0.157276929 -0.152227827 0.044540781
v -0.137945167 -0.159436670 0.060999993
v -0.124517059 -0.174209364 0.076940408
v -0.115690115 -0.195496600 0.089511379
v -0.096235474 -0.194600278 0.106143625
v -0.085304409 -0.216095930 0.117450737
v -0.068042676 -0.227434017 0.132377363
v -0.048732163 -0.227369429 0.150727792
v -0.032115160 -0.244194007 0.161997238
v -0.013739027 -0.259276304 0.172624535
v 0.005050169 -0.256764442 0.191311750
v 0.025136096 -0.261612035 0.206874999
v 0.045771768 -0.277693380 0.212413175
v 0.067670403 -0.283357344 0.224885400
v 0.085173395 -0.277792940 0.244352722
v 0.107218580 -0.280684412 0.257739737
v 0.131546948 -0.291553780 0.260043061
v 0.156164187 -0.295520512 0.267976349
v 0.174130542 -0.289139340 0.286647973
v 0.193428053 -0.283825001 0.304081203
v 0.219364039 -0.286547592 0.308235527
v 0.245811511 -0.290075105 0.306268822
v 0.270988666 -0.287258508 0.313024867
v 0.289356127 -0.279063294 0.330570619
v 0.307807719 -0.270747759 0.347967854
v 0.332705628 -0.265446176 0.354345751
v 0.358744646 -0.262265373 0.349302758
v 0.384361236 -0.257077557 0.343742602
v 0.408454773 -0.247703571 0.348929966
v 0.427732372 -0.236999476 0.363997909
v 0.446154615 -0.226160368 0.380096922
v 0.468349584 -0.214819901 0.389031639
v 0.492179908 -0.203928574 0.384786371
v 0.513974385 -0.193112310 0.373613806
v 0.535119988 -0.180505033 0.363204043
v 0.556851129 -0.165486705 0.361221508
v 0.577234940 -0.150630924 0.369805879
v 0.596280637 -0.136602273 0.382372709
v 0.615825177 -0.121854978 0.393082035
v 0.636291523 -0.105272369 0.395881364
v 0.654689839 -0.088053729 0.387545142
v 0.669359572 -0.071378370 0.372637670
v 0.681766035 -0.054290985 0.356156495
v 0.694720914 -0.035495103 0.342296048
v 0.710324255 -0.015037602 0.335694362
v 0.728048961 0.004870254 0.337386260
v 0.746313550 0.023561893 0.343273285
v 0.764508519 0.042383027 0.348928121
v 0.781815140 0.062662641 0.350446000
v 0.796186224 0.084225056 0.344729936
v 0.804829635 0.105203311 0.330786069
v 0.808430268 0.124466944 0.312628016
v 0.808829667 0.142756271 0.293063230
v 0.808488529 0.161539439 0.273969691
v 0.810193200 0.182522913 0.257534485
v 0.816135317 0.205647170 0.245644622
v 0.827115864 0.229291038 0.239683933
v 0.840133631 0.252448358 0.236311820
v 0.853535956 0.275443500 0.233277860
v 0.865476355 0.298833409 0.228204508
v 0.873963518 0.322508067 0.219353175
v 0.876692470 0.345240091 0.205749466
v 0.871532175 0.364474137 0.187988851
v 0.861543328 0.380497134 0.169081022
v 0.848730121 0.394472528 0.150182615
v 0.834762298 0.407938469 0.131709571
v 0.821621229 0.422985161 0.113902787
v 0.811728525 0.441208750 0.097091135
v 0.807178009 0.462746489 0.082024130
v 0.808036545 0.486100793 0.068983498
v 0.811120711 0.509693762 0.056679185
v 0.814325629 0.533103341 0.044056420
v 0.815679036 0.555990691 0.030233732
v 0.812501311 0.577335768 0.014512330
v 0.802657522 0.595187298 -0.002580354
v 0.786539114 0.608082653 -0.019355310
v 0.766145283 0.616214407 -0.034544211
v 0.743539795 0.621142239 -0.048009353
v 0.720055704 0.624796551 -0.060374732
v 0.696770421 0.629311641 -0.072798088
v 0.674931954 0.636626308 -0.086364216
v 0.656921477 0.648581273 -0.101960672
v 0.644027977 0.664422728 -0.119196171
v 0.634334076 0.681687880 -0.137216288
v 0.625622991 0.698902411 -0.155802097
v 0.615403781 0.714751744 -0.174790853
v 0.601672188 0.727967724 -0.193470965
v 0.583042102 0.736825789 -0.210288794
v 0.559644382 0.739483158 -0.222652788
v 0.534087868 0.736969520 -0.230007782
v 0.508164394 0.731824717 -0.234227203
v 0.482230258 0.725762814 -0.237118129
v 0.456251431 0.720720102 -0.241122326
v 0.430718910 0.718444971 -0.248615010
v 0.406432578 0.718913922 -0.259883520
v 0.382028479 0.718622913 -0.270926764
v 0.357406945 0.717208562 -0.281387210
v 0.332634425 0.714737814 -0.291275841
v 0.307761601 0.711240266 -0.300588069
v 0.282835240 0.706649573 -0.309263043
v 0.257912317 0.701003554 -0.317298386
v 0.233265776 0.694785963 -0.325630570
v 0.210662245 0.690367602 -0.339125949
v 0.190447819 0.686773576 -0.356327387
v 0.170427633 0.681679888 -0.373342516
v 0.148922667 0.673503001 -0.386901734
v 0.125686269 0.661219324 -0.390994616
v 0.103704794 0.647390545 -0.385024757
v 0.083398729 0.633635309 -0.374291451
v 0.063114892 0.619730995 -0.363724777
v 0.041344919 0.605139958 -0.359266345
v 0.020018804 0.590602722 -0.365580960
v 0.001175323 0.576193752 -0.377975513
v -0.016785481 0.560294992 -0.389802313
v -0.035636817 0.542194342 -0.394189087
v -0.054086506 0.525041395 -0.385917650
v -0.070635266 0.510691952 -0.370516517
v -0.087318887 0.495701251 -0.355983708
v -0.104815968 0.476695057 -0.350400256
v -0.119456694 0.455176049 -0.356349779
v -0.131903804 0.432647581 -0.363705857
v -0.145284756 0.409912966 -0.362000161
v -0.159441769 0.393074185 -0.347123561
v -0.173269261 0.379075787 -0.328965359
v -0.186421020 0.359408759 -0.317438124
v -0.194615270 0.334123887 -0.318426262
v -0.200155929 0.308056116 -0.320080718
v -0.209260473 0.285959644 -0.309420138
v -0.221421128 0.271857178 -0.290189375
v -0.231645369 0.253130492 -0.274749165
v -0.233093436 0.226814225 -0.271778606
v -0.232140870 0.200486301 -0.268189971
v -0.239895769 0.181637371 -0.251587791
v -0.250217915 0.166028849 -0.232564769
v -0.248920449 0.141598410 -0.223485604
v -0.241414345 0.116688615 -0.217726597
v -0.246060372 0.097410326 -0.200737148
v -0.253390916 0.079747177 -0.182470211
v -0.243829170 0.057025167 -0.173346161
v -0.234879634 0.035516258 -0.161662977
v -0.241816444 0.017633369 -0.143065243
v -0.235840092 -0.002640923 -0.128697083
v -0.219581720 -0.020566194 -0.117721796
v -0.221281334 -0.040062497 -0.100102170
v -0.215941694 -0.059231364 -0.084153396
v -0.196534838 -0.072608084 -0.071672067
v -0.194052701 -0.092419074 -0.054766319
v -0.185707406 -0.110437827 -0.038834941
v -0.164999255 -0.119242834 -0.024590658
v -0.159624717 -0.139371348 -0.008566831
v -0.146759645 -0.154525944 0.007119781
v -0.126063417 -0.159481909 0.022937526
v -0.117397185 -0.179820321 0.037524752
v -0.100914031 -0.190977074 0.053186215
v -0.080825895 -0.192930969 0.070040713
v -0.070701274 -0.213418915 0.080601728
v -0.050603781 -0.211157653 0.097935756
v -0.032660334 -0.221926792 0.112797300
v -0.014999602 -0.237685527 0.124238632
v 0.004082083 -0.233688209 0.142115329
v 0.024023010 -0.236720131 0.158085702
v 0.044789710 -0.251368124 0.166318276
v 0.065079926 -0.250604755 0.182221825
v 0.082550789 -0.243529857 0.200999889
v 0.106007127 -0.251079813 0.210160228
v 0.130504242 -0.257819149 0.217280171
v 0.148394893 -0.250171807 0.235109423
v 0.165836685 -0.242068576 0.253344823
v 0.191433260 -0.244605942 0.259424091
v 0.217785347 -0.246490855 0.262473356
v 0.237684028 -0.238291862 0.277399389
v 0.252292360 -0.226964573 0.296759677
v 0.274762402 -0.219799893 0.307946584
v 0.301312450 -0.216937943 0.307020469
v 0.327086280 -0.210727263 0.307921286
v 0.346160336 -0.198772006 0.321724541
v 0.360379062 -0.185872846 0.340403072
v 0.379628689 -0.173287110 0.353366431
v 0.403977654 -0.162841927 0.352371093
v 0.427727992 -0.152427623 0.345707309
v 0.450274812 -0.138497588 0.344647902
v 0.468146254 -0.122722059 0.356313359
v 0.482776252 -0.107598405 0.372887060
v 0.499208213 -0.091566696 0.386430398
v 0.519235340 -0.074430392 0.388077833
v 0.538396145 -0.058142384 0.379156917
v 0.555780838 -0.041423118 0.367517850
v 0.572842954 -0.022220738 0.360401623
v 0.589327588 -0.001831764 0.364777344
v 0.604325082 0.017078323 0.376338898
v 0.618967438 0.035755686 0.388751762
v 0.634343370 0.056244356 0.396266099
v 0.649008431 0.078150001 0.392865292
v 0.660175660 0.098726259 0.380053114
v 0.668486019 0.118351550 0.363851084
v 0.675687489 0.138758812 0.348092132
v 0.684108538 0.161725788 0.337420832
v 0.695156605 0.185922984 0.335855920
v 0.707577515 0.209179288 0.340362016
v 0.720285313 0.231949311 0.346511498
v 0.732371121 0.255483571 0.350390873
v 0.742507296 0.280093858 0.348768315
v 0.747712250 0.303849120 0.338046397
v 0.748173625 0.324853464 0.321595532
v 0.744657782 0.343080848 0.302298192
v 0.739584384 0.360752803 0.282815389
v 0.734680480 0.379909017 0.264800693
v 0.732446180 0.402369016 0.250572932
v 0.734752646 0.427513831 0.242049182
v 0.740397348 0.453310359 0.237716714
v 0.747282106 0.479038376 0.234831980
v 0.753546042 0.504774838 0.230944312
v 0.757356644 0.530302258 0.224090898
v 0.756726840 0.554416252 0.212788620
v 0.749564379 0.574260576 0.196591379
v 0.737293948 0.589003768 0.178032589
v 0.722110627 0.600156474 0.159043380
v 0.705408832 0.609577331 0.140343492
v 0.688365543 0.619456522 0.122200900
v 0.672668337 0.632368627 0.104846612
v 0.660269620 0.649730288 0.088816102
v 0.653055086 0.671420266 0.074976648
v 0.649045806 0.694745524 0.062455167
v 0.646108479 0.718340470 0.050110106
v 0.642388863 0.741372263 0.036957646
v 0.635855992 0.762675633 0.022170305
v 0.624229597 0.779939051 0.005535143
v 0.607352366 0.791241985 -0.011603266
v 0.586650471 0.796207564 -0.027635930
v 0.564010390 0.796448199 -0.041878300
v 0.540553071 0.794111193 -0.054602943
v 0.516868526 0.791643515 -0.066870667
v 0.493429926 0.791176202 -0.079763164
v 0.471347238 0.794972859 -0.094292599
v 0.453018945 0.804964838 -0.110954055
v 0.438005409 0.818273926 -0.128647734
v 0.424848725 0.832719346 -0.146971096
v 0.411547111 0.846303386 -0.165829199
v 0.396260545 0.857316653 -0.184784554
v 0.377686886 0.863806879 -0.202749789
v 0.355934393 0.864586436 -0.218188997
v 0.333330595 0.862987373 -0.232476560
v 0.310565730 0.860395925 -0.246356362
v 0.287666380 0.856710253 -0.259758372
v 0.264678525 0.851946670 -0.272660976
v 0.241650039 0.846194182 -0.285078908
v 0.218623071 0.839307890 -0.296909746
v 0.195637205 0.831497029 -0.308235811
v 0.172750674 0.822553504 -0.318906029
v 0.149856354 0.811428488 -0.326991112
v 0.127876233 0.796254109 -0.327781072
v 0.107053164 0.779698831 -0.324800490
v 0.086608279 0.762850777 -0.320838306
v 0.065429140 0.746588365 -0.319175141
v 0.043331281 0.732768196 -0.324707150
v 0.022588691 0.722350820 -0.337815183
v 0.003814524 0.713511681 -0.354736395
v -0.014110034 0.703504570 -0.371925431
v -0.032634197 0.690160414 -0.385670875
v -0.051780711 0.672642519 -0.391025414
v -0.069601000 0.653446921 -0.386009607
v -0.085569643 0.634808509 -0.375292895
v -0.101411311 0.616085152 -0.364548995
v -0.118448563 0.596347648 -0.359256302
v -0.135362561 0.576595878 -0.364609823
v -0.149901147 0.557746328 -0.376823958
v -0.163046720 0.537863004 -0.388998548
v -0.176396884 0.515547451 -0.394572582
v -0.189724992 0.493908053 -0.386974310
v -0.201980692 0.475467656 -0.371947073
v -0.214079934 0.456864578 -0.357005077
v -0.226036039 0.434237006 -0.350467979
v -0.234883529 0.409634353 -0.355611099
v -0.241015338 0.384688004 -0.363124331
v -0.247674322 0.359073512 -0.362863216
v -0.256760868 0.338494902 -0.348753188
v -0.266428555 0.321458325 -0.330489212
v -0.274325539 0.299676402 -0.317879267
v -0.276072906 0.273197251 -0.318108865
v -0.274492224 0.246597245 -0.320309447
v -0.276823837 0.222296955 -0.310912954
v -0.284648146 0.205169300 -0.291919321
v -0.290329957 0.185192720 -0.275535183
v -0.285491369 0.159434848 -0.271812917
v -0.277331671 0.134236613 -0.268963142
v -0.278767984 0.113312975 -0.253338580
v -0.284959753 0.095851558 -0.234086914
v -0.278688872 0.072827566 -0.223863100
v -0.264620329 0.050734353 -0.218645585
v -0.262567784 0.030502410 -0.202474589
v -0.265902516 0.011858973 -0.183834802
v -0.251951260 -0.007876690 -0.173939451
v -0.236363367 -0.026047849 -0.163214436
v -0.237717718 -0.045148569 -0.144699459
v -0.228597861 -0.063614565 -0.129579720
v -0.207711309 -0.076441795 -0.119066242
v -0.202805924 -0.095299085 -0.101665600
v -0.194491669 -0.113236151 -0.085289603
v -0.172059607 -0.120984107 -0.073037038
v -0.163028233 -0.138533761 -0.056219297
v -0.151902679 -0.155094945 -0.040092580
v -0.129351275 -0.157881569 -0.026069316
v -0.117846741 -0.174740948 -0.009889832
v -0.102684822 -0.187859228 0.005768002
v -0.081146394 -0.186483608 0.021396026
v -0.066907781 -0.202759529 0.036333377
v -0.049362385 -0.206977380 0.050987885
v -0.031449265 -0.210400108 0.066011707
v -0.013614332 -0.224416941 0.079167999
v 0.005378868 -0.217673942 0.096386684
v 0.025399624 -0.221427507 0.111880652
v 0.046439549 -0.233096406 0.122914056
v 0.064326314 -0.225291107 0.140504039
v 0.083687266 -0.221294797 0.157167701
v 0.107497325 -0.230167028 0.165474652
v 0.127755663 -0.225597253 0.180576872
v 0.142226837 -0.213642430 0.199559721
v 0.166318415 -0.213797321 0.209746093
v 0.192029520 -0.214755266 0.216176061
v 0.208254828 -0.203303364 0.233388293
v 0.222109839 -0.190455704 0.252088630
v 0.246946163 -0.185546848 0.259300109
v 0.273105249 -0.181000246 0.261801910
v 0.291175934 -0.168309349 0.275754853
v 0.302090017 -0.153504525 0.295219008
v 0.320983251 -0.140332836 0.307600737
v 0.345788324 -0.130516572 0.307236328
v 0.369392652 -0.118213514 0.307252153
v 0.385378943 -0.101682814 0.320185858
v 0.395674681 -0.085496109 0.338880322
v 0.410190200 -0.068343228 0.352956267
v 0.430847984 -0.051697464 0.352888413
v 0.451097714 -0.035473325 0.346286715
v 0.469468864 -0.016423117 0.344177231
v 0.483000973 0.003688303 0.354958983
v 0.493169894 0.022161252 0.371464193
v 0.504554430 0.041777331 0.385481653
v 0.519157429 0.063548134 0.388619138
v 0.533510715 0.084417681 0.380203742
v 0.545968614 0.105016368 0.368465067
v 0.557384365 0.127837008 0.360842442
v 0.568001210 0.151906727 0.364071580
v 0.577537450 0.174240730 0.375256976
v 0.586734262 0.196122379 0.387659498
v 0.596113288 0.219711980 0.395716979
v 0.604622293 0.244675269 0.393453270
v 0.610355073 0.267808894 0.381471569
v 0.613294605 0.288925064 0.365265701
v 0.614905438 0.310463877 0.349453292
v 0.616867206 0.334516705 0.338191294
v 0.620856490 0.360711176 0.335562031
v 0.626638644 0.386484043 0.339860704
v 0.632862279 0.411819136 0.345944965
v 0.638477430 0.437616388 0.350309517
v 0.641851938 0.463971598 0.348967838
v 0.641295894 0.488803913 0.339467568
v 0.636198813 0.509191846 0.323052565
v 0.628344818 0.526239733 0.303983438
v 0.618880163 0.541955311 0.284466793
v 0.609032390 0.558954246 0.266296330
v 0.600661461 0.579519704 0.251537289
v 0.595945773 0.604214001 0.242597988
v 0.594313050 0.630498681 0.237924046
v 0.594138884 0.657131081 0.235015256
v 0.593537207 0.683651174 0.231355558
v 0.590974766 0.709532864 0.225113096
v 0.584058021 0.732661933 0.213880928
v 0.572341852 0.750516063 0.198046402
v 0.557027958 0.762334324 0.179684400
v 0.539522018 0.769272553 0.160672494
v 0.520926726 0.773949471 0.141963928
v 0.501899906 0.778883589 0.123771992
v 0.483164136 0.786479765 0.106253444
v 0.466588258 0.799845438 0.090202144
v 0.453462339 0.818356977 0.076124972
v 0.443165997 0.839594992 0.063500936
v 0.434145167 0.861621515 0.051207214
v 0.424497755 0.882866447 0.038084484
v 0.412701120 0.901807516 0.023402229
v 0.397501633 0.916265229 0.006993372
v 0.378669452 0.923910677 -0.010229503
v 0.357351003 0.923235219 -0.026308488
v 0.335454227 0.917609769 -0.040599514
v 0.313452326 0.909428516 -0.053489108
v 0.291293534 0.900725504 -0.065776948
v 0.268834047 0.893590418 -0.078488421
v 0.246511383 0.891367641 -0.093003299
v 0.224714479 0.892047366 -0.108566220
v 0.202821232 0.891852397 -0.124000432
v 0.180795308 0.890502238 -0.139187207
v 0.158679668 0.887965683 -0.154087633
v 0.136519092 0.884234106 -0.168668175
v 0.114361714 0.879360109 -0.182910969
v 0.092254088 0.873289188 -0.196767794
v 0.070240057 0.866101521 -0.210231869
v 0.048478350 0.858715225 -0.223973895
v 0.028030931 0.855247041 -0.240786927
v 0.009302009 0.854611609 -0.259920212
v -0.008697407 0.853821286 -0.279744409
v -0.026972827 0.850219129 -0.298929659
v -0.046124431 0.841483377 -0.315274100
v -0.065424855 0.826451501 -0.325548125
v -0.083157461 0.806677457 -0.328022678
v -0.099171698 0.785367270 -0.325765630
v -0.114388305 0.763699306 -0.321676917
v -0.130201325 0.742261651 -0.319122398
v -0.147605574 0.722351136 -0.322611392
v -0.165136576 0.706018323 -0.334241653
v -0.181240167 0.692281081 -0.350611387
v -0.196078504 0.678414412 -0.368073975
v -0.210459728 0.661573764 -0.382981148
v -0.224508190 0.640484835 -0.390738080
v -0.237093403 0.617226069 -0.387877719
v -0.247849366 0.594801625 -0.377987863
v -0.258092030 0.572714748 -0.366816821
v -0.269077473 0.549504763 -0.359625822
v -0.280441152 0.525705826 -0.362427951
v -0.289998523 0.503452631 -0.373732197
v -0.297696645 0.481190772 -0.386471374
v -0.304678679 0.456691252 -0.394319451
v -0.311804903 0.431622678 -0.389742595
v -0.318807056 0.409991139 -0.375706149
v -0.325617475 0.389295285 -0.360137104
v -0.331694949 0.365272780 -0.350734578
v -0.334605654 0.339045111 -0.353801062
v -0.334350890 0.313455913 -0.361678511
v -0.333554848 0.287003554 -0.364232310
v -0.336023913 0.263329268 -0.352799725
v -0.340818675 0.244221957 -0.334668690
v -0.343920702 0.222554909 -0.319679546
v -0.340185603 0.196546350 -0.317344496
v -0.331877244 0.171277071 -0.320330848
v -0.325803565 0.146379433 -0.314540900
v -0.327863556 0.126875205 -0.296521191
v -0.329771107 0.107357545 -0.278534864
v -0.320856675 0.083642963 -0.271930044
v -0.305968888 0.061456784 -0.270544220
v -0.298526401 0.039980458 -0.257874974
v -0.300389689 0.021778791 -0.238331499
v -0.292313169 0.001062911 -0.225018691
v -0.272855776 -0.016757855 -0.220572357
v -0.261461176 -0.035585906 -0.206994423
v -0.261203035 -0.054236248 -0.187810665
v -0.246295731 -0.071307105 -0.175515779
v -0.224434955 -0.083744764 -0.166851658
v -0.217810498 -0.101838726 -0.149058270
v -0.208817057 -0.119350383 -0.132227829
v -0.185221483 -0.126588316 -0.122120568
v -0.171496259 -0.140894745 -0.105822153
v -0.162565663 -0.158629463 -0.088638487
v -0.139334767 -0.161552871 -0.076262918
v -0.122641787 -0.172160101 -0.060103675
v -0.110599720 -0.188784158 -0.043672773
v -0.088152652 -0.186748977 -0.029692138
v -0.070478862 -0.195391881 -0.013409086
v -0.054435442 -0.208877320 0.002069542
v -0.033790210 -0.202002184 0.017420473
v -0.018061868 -0.214560823 0.030648508
v 0.001149999 -0.211307433 0.046352530
v 0.020593150 -0.208449542 0.062909580
v 0.041116246 -0.219839253 0.075551835
v 0.059215076 -0.211702884 0.092276061
v 0.077650221 -0.205186065 0.109115127
v 0.101006105 -0.212601026 0.119761189
v 0.118839578 -0.203910699 0.136184566
v 0.133743096 -0.191698902 0.154116379
v 0.158552396 -0.193463751 0.163512211
v 0.180095945 -0.187398346 0.176229285
v 0.190398541 -0.171707639 0.195287721
v 0.210800365 -0.162941051 0.208494670
v 0.236607616 -0.158680585 0.213885634
v 0.252717931 -0.144925710 0.228830496
v 0.261212691 -0.128571006 0.248194603
v 0.281381474 -0.115944541 0.258692093
v 0.305967099 -0.105594972 0.260655382
v 0.323278548 -0.089496359 0.271482946
v 0.330214252 -0.072272718 0.290746726
v 0.342112191 -0.054565717 0.306133257
v 0.362984057 -0.038239033 0.307831862
v 0.383365092 -0.021039024 0.306458385
v 0.396864802 -0.000724148 0.316145087
v 0.402871621 0.017782873 0.334527341
v 0.410802322 0.037410232 0.350645020
v 0.425444297 0.059067123 0.353881770
v 0.441047847 0.079942885 0.347833496
v 0.454558620 0.102532108 0.343540869
v 0.463450975 0.126096685 0.351584202
v 0.468690973 0.146920710 0.367537691
v 0.474007495 0.168154617 0.382866485
v 0.481839315 0.192586500 0.389178337
v 0.490445326 0.216941266 0.382742471
v 0.497441848 0.240042364 0.371137468
v 0.502757268 0.264483232 0.361827021
v 0.506852277 0.290639342 0.362323376
v 0.510240435 0.315154654 0.372325947
v 0.513363158 0.338582557 0.384934463
v 0.516284086 0.363301223 0.394552655
v 0.518297168 0.389685448 0.395012454
v 0.518238084 0.414260160 0.384808741
v 0.515978994 0.435852908 0.369153688
v 0.512079952 0.456790068 0.352916900
v 0.507554484 0.479766482 0.340155671
v 0.504042543 0.505689922 0.335437462
v 0.502442485 0.532202539 0.338500621
v 0.501749541 0.558290401 0.344545886
v 0.500688139 0.584536370 0.349752664
v 0.497593764 0.611016299 0.349917775
v 0.491404864 0.635797057 0.342565177
v 0.481649181 0.655289024 0.327193305
v 0.469989880 0.670544328 0.308581474
v 0.456876892 0.683281746 0.289002379
v 0.442994168 0.696469228 0.270285252
v 0.429254657 0.713099592 0.254593467
v 0.417405486 0.734567534 0.244111585
v 0.408468919 0.759195719 0.238801777
v 0.401101275 0.784764544 0.235714586
v 0.393775043 0.810327821 0.232476828
v 0.384903613 0.834925345 0.226874356
v 0.372962214 0.856523879 0.216842306
v 0.357740883 0.872611116 0.202131462
v 0.340130563 0.881328838 0.184119106
v 0.321509765 0.884176928 0.165118838
v 0.302452704 0.884206809 0.146301877
v 0.282937682 0.883666018 0.127957028
v 0.262930245 0.885142730 0.110247525
v 0.243134597 0.892220429 0.093807282
v 0.224949356 0.905172553 0.079181001
v 0.209104392 0.922520452 0.066366320
v 0.194463625 0.941300471 0.054089953
v 0.179730521 0.959604219 0.041243141
v 0.163820121 0.975716879 0.027018370
v 0.145922189 0.987409702 0.011021478
v 0.126006011 0.991921777 -0.006227729
v 0.105652436 0.993611810 -0.023561412
v 0.085200949 0.994189821 -0.040852355
v 0.064685852 0.993635744 -0.058069936
v 0.044144294 0.991792045 -0.075165879
v 0.023619544 0.988842123 -0.092124790
v 0.003146122 0.984792567 -0.108918839
v -0.017228140 0.979531149 -0.125495958
v -0.037465363 0.973110725 -0.141830697
v -0.057539158 0.965625277 -0.157911690
v -0.077196193 0.955380514 -0.172815723
v -0.095210799 0.938946980 -0.183674881
v -0.111532470 0.919152661 -0.191228037
v -0.126888560 0.897955604 -0.196903820
v -0.142362914 0.876804658 -0.202436223
v -0.159209450 0.857547347 -0.210177589
v -0.177663106 0.842297739 -0.221931303
v -0.196540439 0.833226203 -0.238530307
v -0.214617092 0.827356775 -0.257382740
v -0.231805249 0.821906483 -0.277188723
v -0.248525164 0.814085415 -0.296548056
v -0.264849490 0.801789204 -0.313729609
v -0.279655333 0.782500156 -0.324499542
v -0.292069738 0.759227480 -0.328317769
v -0.301929443 0.734438428 -0.326148972
v -0.310916241 0.709523313 -0.322128447
v -0.320423412 0.684660995 -0.319379605
v -0.331604719 0.660562360 -0.321619825
v -0.344222420 0.639620493 -0.332287889
v -0.356228736 0.621978249 -0.348423349
v -0.367073916 0.604830257 -0.365907862
v -0.376645767 0.585283362 -0.381436466
v -0.384819361 0.561640934 -0.390265101
v -0.391047153 0.535924654 -0.388609719
v -0.395667226 0.511237257 -0.379443499
v -0.399694892 0.487311575 -0.368080897
v -0.404079743 0.462238293 -0.359938205
v -0.408827639 0.436131832 -0.361311175
v -0.412392978 0.411905391 -0.372043446
v -0.414162126 0.388537629 -0.385012639
v -0.414515665 0.363360122 -0.393788535
v -0.414686071 0.337092601 -0.390954934
v -0.415640073 0.313954044 -0.377719311
v -0.416811335 0.292353289 -0.361919943
v -0.416637899 0.268010790 -0.351311659
v -0.413049018 0.241788953 -0.352830034
v -0.406269477 0.217119039 -0.360741973
v -0.398407853 0.191967102 -0.364666773
v -0.393824046 0.167860649 -0.354933753
v -0.393280319 0.148001654 -0.336999328
v -0.391227154 0.126823695 -0.321024495
v -0.381722194 0.102633588 -0.317028507
v -0.367262257 0.080326004 -0.320153609
v -0.353939826 0.057885380 -0.316232711
v -0.349868595 0.038064765 -0.299031017
v -0.347351241 0.019094362 -0.280426584
v -0.333986726 -0.001704591 -0.272106539
v -0.313853752 -0.019312948 -0.271070007
v -0.299220225 -0.037941950 -0.260225750
v -0.295997950 -0.056009101 -0.240757716
v -0.284866985 -0.074251357 -0.225916767
v -0.261731994 -0.086779514 -0.221305665
v -0.243760941 -0.101164939 -0.209376711
v -0.238563087 -0.119035472 -0.190164019
v -0.221864617 -0.132945402 -0.176454409
v -0.197069543 -0.138883535 -0.168509486
v -0.183989381 -0.153461220 -0.151446540
v -0.172649428 -0.169292995 -0.133926296
v -0.148312053 -0.171018613 -0.123521257
v -0.129480211 -0.179017201 -0.108111042
v -0.117453342 -0.194988149 -0.090657269
v -0.094651659 -0.193389170 -0.077812670
v -0.074577060 -0.196485297 -0.062267246
v -0.059443804 -0.210755524 -0.045742884
v -0.038290926 -0.204676743 -0.031495359
v -0.018537198 -0.205331212 -0.015381116
v -0.000000000 -0.216234992 -0.000000000
l 1 2
l 2 3
l 3 4
l 4 5
l 5 6
l 6 7
l 7 8
l 8 9
l 9 10
l 10 11
l 11 12
l 12 13
l 13 14
l 14 15
l 15 16
l 16 17
l 17 18
l 18 19
l 19 20
l 20 21
l 21 22
l 22 23
l 23 24
l 24 25
l 25 26
l 26 27
l 27 28
l 28 29
l 29 30
l 30 31
l 31 32
l 32 33
l 33 34
l 34 35
l 35 36
l 36 37
l 37 38
l 38 39
l 39 40
l 40 41
l 41 42
l 42 43
l 43 44
l 44 45
l 45 46
l 46 47
l 47 48
l 48 49
l 49 50
l 50 51
l 51 52
l 52 53
l 53 54
l 54 55
l 55 56
l 56 57
l 57 58
l 58 59
l 59 60
l 60 61
l 61 62
l 62 63
l 63 64
l 64 65
l 65 66
l 66 67
l 67 68
l 68 69
l 69 70
l 70 71
l 71 72
l 72 73
l 73 74
l 74 75
l 75 76
l 76 77
l 77 78
l 78 79
l 79 80
l 80 81
l 81 82
l 82 83
l 83 84
l 84 85
l 85 86
l 86 87
l 87 88
l 88 89
l 89 90
l 90 91
l 91 92
l 92 93
l 93 94
l 94 95
l 95 96
l 96 97
l 97 98
l 98 99
l 99 100
l 100 101
l 101 102
l 102 103
l 103 104
l 104 105
l 105 106
l 106 107
l 107 108
l 108 109
l 109 110
l 110 111
l 111 112
l 112 113
l 113 114
l 114 115
l 115 116
l 116 117
l 117 118
l 118 119
l 119 120
l 120 121
l 121 122
l 122 123
l 123 124
l 124 125
l 125 126
l 126 127
l 127 128
l 128 129
l 129 130
l 130 131
l 131 132
l 132 133
l 133 134
l 134 135
l 135 136
l 136 137
l 137 138
l 138 139
l 139 140
l 140 141
l 141 142
l 142 143
l 143 144
l 144 145
l 145 146
l 146 147
l 147 148
l 148 149
l 149 150
l 150 151
l 151 152
l 152 153
l 153 154
l 154 155
l 155 156
l 156 157
l 157 158
l 158 159
l 159 160
l 160 161
l 161 162
l 162 163
l 163 164
l 164 165
l 165 166
l 166 167
l 167 168
l 168 169
l 169 170
l 170 171
l 171 172
l 172 173
l 173 174
l 174 175
l 175 176
l 176 177
l 177 178
l 178 179
l 179 180
l 180 181
l 181 182
l 182 183
l 183 184
l 184 185
l 185 186
l 186 187
l 187 188
l 188 189
l 189 190
l 190 191
l 191 192
l 192 193
l 193 194
l 194 195
l 195 196
l 196 197
l 197 198
l 198 199
l 199 200
l 200 201
l 201 202
l 202 203
l 203 204
l 204 205
l 205 206
l 206 207
l 207 208
l 208 209
l 209 210
l 210 211
l 211 212
l 212 213
l 213 214
l 214 215
l 215 216
l 216 217
l 217 218
l 218 219
l 219 220
l 220 221
l 221 222
l 222 223
l 223 224
l 224 225
l 225 226
l 226 227
l 227 228
l 228 229
l 229 230
l 230 231
l 231 232
l 232 233
l 233 234
l 234 235
l 235 236
l 236 237
l 237 238
l 238 239
l 239 240
l 240 241
l 241 242
l 242 243
l 243 244
l 244 245
l 245 246
l 246 247
l 247 248
l 248 249
l 249 250
l 250 251
l 251 252
l 252 253
l 253 254
l 254 255
l 255 256
l 256 257
l 257 258
l 258 259
l 259 260
l 260 261
l 261 262
l 262 263
l 263 264
l 264 265
l 265 266
l 266 267
l 267 268
l 268 269
l 269 270
l 270 271
l 271 272
l 272 273
l 273 274
l 274 275
l 275 276
l 276 277
l 277 278
l 278 279
l 279 280
l 280 281
l 281 282
l 282 283
l 283 284
l 284 285
l 285 286
l 286 287
l 287 288
l 288 289
l 289 290
l 290 291
l 291 292
l 292 293
l 293 294
l 294 295
l 295 296
l 296 297
l 297 298
l 298 299
l 299 300
l 300 301
l 301 302
l 302 303
l 303 304
l 304 305
l 305 306
l 306 307
l 307 308
l 308 309
l 309 310
l 310 311
l 311 312
l 312 313
l 313 314
l 314 315
l 315 316
l 316 317
l 317 318
l 318 319
l 319 320
l 320 321
l 321 322
l 322 323
l 323 324
l 324 325
l 325 326
l 326 327
l 327 328
l 328 329
l 329 330
l 330 331
l 331 332
l 332 333
l 333 334
l 334 335
l 335 336
l 336 337
l 337 338
l 338 339
l 339 340
l 340 341
l 341 342
l 342 343
l 343 344
l 344 345
l 345 346
l 346 347
l 347 348
l 348 349
l 349 350
l 350 351
l 351 352
l 352 353
l 353 354
l 354 355
l 355 356
l 356 357
l 357 358
l 358 359
l 359 360
l 360 361
l 361 362
l 362 363
l 363 364
l 364 365
l 365 366
l 366 367
l 367 368
l 368 369
l 369 370
l 370 371
l 371 372
l 372 373
l 373 374
l 374 375
l 375 376
l 376 377
l 377 378
l 378 379
l 379 380
l 380 381
l 381 382
l 382 383
l 383 384
l 384 385
l 385 386
l 386 387
l 387 388
l 388 389
l 389 390
l 390 391
l 391 392
l 392 393
l 393 394
l 394 395
l 395 396
l 396 397
l 397 398
l 398 399
l 399 400
l 400 401
l 401 402
l 402 403
l 403 404
l 404 405
l 405 406
l 406 407
l 407 408
l 408 409
l 409 410
l 410 411
l 411 412
l 412 413
l 413 414
l 414 415
l 415 416
l 416 417
l 417 418
l 418 419
l 419 420
l 420 421
l 421 422
l 422 423
l 423 424
l 424 425
l 425 426
l 426 427
l 427 428
l 428 429
l 429 430
l 430 431
l 431 432
l 432 433
l 433 434
l 434 435
l 435 436
l 436 437
l 437 438
l 438 439
l 439 440
l 440 441
l 441 442
l 442 443
l 443 444
l 444 445
l 445 446
l 446 447
l 447 448
l 448 449
l 449 450
l 450 451
l 451 452
l 452 453
l 453 454
l 454 455
l 455 456
l 456 457
l 457 458
l 458 459
l 459 460
l 460 461
l 461 462
l 462 463
l 463 464
l 464 465
l 465 466
l 466 467
l 467 468
l 468 469
l 469 470
l 470 471
l 471 472
l 472 473
l 473 474
l 474 475
l 475 476
l 476 477
l 477 478
l 478 479
l 479 480
l 480 481
l 481 482
l 482 483
l 483 484
l 484 485
l 485 486
l 486 487
l 487 488
l 488 489
l 489 490
l 490 491
l 491 492
l 492 493
l 493 494
l 494 495
l 495 496
l 496 497
l 497 498
l 498 499
l 499 500
l 500 501
l 501 502
l 502 503
l 503 504
l 504 505
l 505 506
l 506 507
l 507 508
l 508 509
l 509 510
l 510 511
l 511 512
l 512 513
l 513 514
l 514 515
l 515 516
l 516 517
l 517 518
l 518 519
l 519 520
l 520 521
l 521 522
l 522 523
l 523 524
l 524 525
l 525 526
l 526 527
l 527 528
l 528 529
l 529 530
l 530 531
l 531 532
l 532 533
l 533 534
l 534 535
l 535 536
l 536 537
l 537 538
l 538 539
l 539 540
l 540 541
l 541 542
l 542 543
l 543 544
l 544 545
l 545 546
l 546 547
l 547 548
l 548 549
l 549 550
l 550 551
l 551 552
l 552 553
l 553 554
l 554 555
l 555 556
l 556 557
l 557 558
l 558 559
l 559 560
l 560 561
l 561 562
l 562 563
l 563 564
l 564 565
l 565 566
l 566 567
l 567 568
l 568 569
l 569 570
l 570 571
l 571 572
l 572 573
l 573 574
l 574 575
l 575 576
l 576 577
l 577 578
l 578 579
l 579 580
l 580 581
l 581 582
l 582 583
l 583 584
l 584 585
l 585 586
l 586 587
l 587 588
l 588 589
l 589 590
l 590 591
l 591 592
l 592 593
l 593 594
l 594 595
l 595 596
l 596 597
l 597 598
l 598 599
l 599 600
l 600 601
l 601 602
l 602 603
l 603 604
l 604 605
l 605 606
l 606 607
l 607 608
l 608 609
l 609 610
l 610 611
l 611 612
l 612 613
l 613 614
l 614 615
l 615 616
l 616 617
l 617 618
l 618 619
l 619 620
l 620 621
l 621 622
l 622 623
l 623 624
l 624 625
l 625 626
l 626 627
l 627 628
l 628 629
l 629 630
l 630 631
l 631 632
l 632 633
l 633 634
l 634 635
l 635 636
l 636 637
l 637 638
l 638 639
l 639 640
l 640 641
l 641 642
l 642 643
l 643 644
l 644 645
l 645 646
l 646 647
l 647 648
l 648 649
l 649 650
l 650 651
l 651 652
l 652 653
l 653 654
l 654 655
l 655 656
l 656 657
l 657 658
l 658 659
l 659 660
l 660 661
l 661 662
l 662 663
l 663 664
l 664 665
l 665 666
l 666 667
l 667 668
l 668 669
l 669 670
l 670 671
l 671 672
l 672 673
l 673 674
l 674 675
l 675 676
l 676 677
l 677 678
l 678 679
l 679 680
l 680 681
l 681 682
l 682 683
l 683 684
l 684 685
l 685 686
l 686 687
l 687 688
l 688 689
l 689 690
l 690 691
l 691 692
l 692 693
l 693 694
l 694 695
l 695 696
l 696 697
l 697 698
l 698 699
l 699 700
l 700 701
l 701 702
l 702 703
l 703 704
l 704 705
l 705 706
l 706 707
l 707 708
l 708 709
l 709 710
l 710 711
l 711 712
l 712 713
l 713 714
l 714 715
l 715 716
l 716 717
l 717 718
l 718 719
l 719 720
l 720 721
l 721 722
l 722 723
l 723 724
l 724 725
l 725 726
l 726 727
l 727 728
l 728 729
l 729 730
l 730 731
l 731 732
l 732 733
l 733 734
l 734 735
l 735 736
l 736 737
l 737 738
l 738 739
l 739 740
l 740 741
l 741 742
l 742 743
l 743 744
l 744 745
l 745 746
l 746 747
l 747 748
l 748 749
l 749 750
l 750 751
l 751 752
l 752 753
l 753 754
l 754 755
l 755 756
l 756 757
l 757 758
l 758 759
l 759 760
l 760 761
l 761 762
l 762 763
l 763 764
l 764 765
l 765 766
l 766 767
l 767 768
l 768 769
l 769 770
l 770 771
l 771 772
l 772 773
l 773 774
l 774 775
l 775 776
l 776 777
l 777 778
l 778 779
l 779 780
l 780 781
l 781 782
l 782 783
l 783 784
l 784 785
l 785 786
l 786 787
l 787 788
l 788 789
l 789 790
l 790 791
l 791 792
l 792 793
l 793 794
l 794 795
l 795 796
l 796 797
l 797 798
l 798 799
l 799 800
l 800 801
l 801 802
l 802 803
l 803 804
l 804 805
l 805 806
l 806 807
l 807 808
l 808 809
l 809 810
l 810 811
l 811 812
l 812 813
l 813 814
l 814 815
l 815 816
l 816 817
l 817 818
l 818 819
l 819 820
l 820 821
l 821 822
l 822 823
l 823 824
l 824 825
l 825 826
l 826 827
l 827 828
l 828 829
l 829 830
l 830 831
l 831 832
l 832 833
l 833 834
l 834 835
l 835 836
l 836 837
l 837 838
l 838 839
l 839 840
l 840 841
l 841 842
l 842 843
l 843 844
l 844 845
l 845 846
l 846 847
l 847 848
l 848 849
l 849 850
l 850 851
l 851 852
l 852 853
l 853 854
l 854 855
l 855 856
l 856 857
l 857 858
l 858 859
l 859 860
l 860 861
l 861 862
l 862 863
l 863 864
l 864 865
l 865 866
l 866 867
l 867 868
l 868 869
l 869 870
l 870 871
l 871 872
l 872 873
l 873 874
l 874 875
l 875 876
l 876 877
l 877 878
l 878 879
l 879 880
l 880 881
l 881 882
l 882 883
l 883 884
l 884 885
l 885 886
l 886 887
l 887 888
l 888 889
l 889 890
l 890 891
l 891 892
l 892 893
l 893 894
l 894 895
l 895 896
l 896 897
l 897 898
l 898 899
l 899 900
l 900 901
l 901 902
l 902 903
l 903 904
l 904 905
l 905 906
l 906 907
l 907 908
l 908 909
l 909 910
l 910 911
l 911 912
l 912 913
l 913 914
l 914 915
l 915 916
l 916 917
l 917 918
l 918 919
l 919 920
l 920 921
l 921 922
l 922 923
l 923 924
l 924 925
l 925 926
l 926 927
l 927 928
l 928 929
l 929 930
l 930 931
l 931 932
l 932 933
l 933 934
l 934 935
l 935 936
l 936 937
l 937 938
l 938 939
l 939 940
l 940 941
l 941 942
l 942 943
l 943 944
l 944 945
l 945 946
l 946 947
l 947 948
l 948 949
l 949 950
l 950 951
l 951 952
l 952 953
l 953 954
l 954 955
l 955 956
l 956 957
l 957 958
l 958 959
l 959 960
l 960 961
l 961 962
l 962 963
l 963 964
l 964 965
l 965 966
l 966 967
l 967 968
l 968 969
l 969 970
l 970 971
l 971 972
l 972 973
l 973 974
l 974 975
l 975 976
l 976 977
l 977 978
l 978 979
l 979 980
l 980 981
l 981 982
l 982 983
l 983 984
l 984 985
l 985 986
l 986 987
l 987 988
l 988 989
l 989 990
l 990 991
l 991 992
l 992 993
l 993 994
l 994 995
l 995 996
l 996 997
l 997 998
l 998 999
l 999 1000
l 1000 1001
l 1001 1002
l 1002 1003
l 1003 1004
l 1004 1005
l 1005 1006
l 1006 1007
l 1007 1008
l 1008 1009
l 1009 1010
l 1010 1011
l 1011 1012
l 1012 1013
l 1013 1014
l 1014 1015
l 1015 1016
l 1016 1017
l 1017 1018
l 1018 1019
l 1019 1020
l 1020 1021
l 1021 1022
l 1022 1023
l 1023 1024
l 1024 1025
l 1025 1026
l 1026 1027
l 1027 1028
l 1028 1029
l 1029 1030
l 1030 1031
l 1031 1032
l 1032 1033
l 1033 1034
l 1034 1035
l 1035 1036
l 1036 1037
l 1037 1038
l 1038 1039
l 1039 1040
l 1040 1041
l 1041 1042
l 1042 1043
l 1043 1044
l 1044 1045
l 1045 1046
l 1046 1047
l 1047 1048
l 1048 1049
l 1049 1050
l 1050 1051
l 1051 1052
l 1052 1053
l 1053 1054
l 1054 1055
l 1055 1056
l 1056 1057
l 1057 1058
l 1058 1059
l 1059 1060
l 1060 1061
l 1061 1062
l 1062 1063
l 1063 1064
l 1064 1065
l 1065 1066
l 1066 1067
l 1067 1068
l 1068 1069
l 1069 1070
l 1070 1071
l 1071 1072
l 1072 1073
l 1073 1074
l 1074 1075
l 1075 1076
l 1076 1077
l 1077 1078
l 1078 1079
l 1079 1080
l 1080 1081
l 1081 1082
l 1082 1083
l 1083 1084
l 1084 1085
l 1085 1086
l 1086 1087
l 1087 1088
l 1088 1089
l 1089 1090
l 1090 1091
l 1091 1092
l 1092 1093
l 1093 1094
l 1094 1095
l 1095 1096
l 1096 1097
l 1097 1098
l 1098 1099
l 1099 1100
l 1100 1101
l 1101 1102
l 1102 1103
l 1103 1104
l 1104 1105
l 1105 1106
l 1106 1107
l 1107 1108
l 1108 1109
l 1109 1110
l 1110 1111
l 1111 1112
l 1112 1113
l 1113 1114
l 1114 1115
l 1115 1116
l 1116 1117
l 1117 1118
l 1118 1119
l 1119 1120
l 1120 1121
l 1121 1122
l 1122 1123
l 1123 1124
l 1124 1125
l 1125 1126
l 1126 1127
l 1127 1128
l 1128 1129
l 1129 1130
l 1130 1131
l 1131 1132
l 1132 1133
l 1133 1134
l 1134 1135
l 1135 1136
l 1136 1137
l 1137 1138
l 1138 1139
l 1139 1140
l 1140 1141
l 1141 1142
l 1142 1143
l 1143 1144
l 1144 1145
l 1145 1146
l 1146 1147
l 1147 1148
l 1148 1149
l 1149 1150
l 1150 1151
l 1151 1152
l 1152 1153
l 1153 1154
l 1154 1155
l 1155 1156
l 1156 1157
l 1157 1158
l 1158 1159
l 1159 1160
l 1160 1161
l 1161 1162
l 1162 1163
l 1163 1164
l 1164 1165
l 1165 1166
l 1166 1167
l 1167 1168
l 1168 1169
l 1169 1170
l 1170 1171
l 1171 1172
l 1172 1173
l 1173 1174
l 1174 1175
l 1175 1176
l 1176 1177
l 1177 1178
l 1178 1179
l 1179 1180
l 1180 1181
l 1181 1182
l 1182 1183
l 1183 1184
l 1184 1185
l 1185 1186
l 1186 1187
l 1187 1188
l 1188 1189
l 1189 1190
l 1190 1191
l 1191 1192
l 1192 1193
l 1193 1194
l 1194 1195
l 1195 1196
l 1196 1197
l 1197 1198
l 1198 1199
l 1199 1200
l 1200 1201
l 1201 1202
l 1202 1203
l 1203 1204
l 1204 1205
l 1205 1206
l 1206 1207
l 1207 1208
l 1208 1209
l 1209 1210
l 1210 1211
l 1211 1212
l 1212 1213
l 1213 1214
l 1214 1215
l 1215 1216
l 1216 1217
l 1217 1218
l 1218 1219
l 1219 1220
l 1220 1221
l 1221 1222
l 1222 1223
l 1223 1224
l 1224 1225
l 1225 1226
l 1226 1227
l 1227 1228
l 1228 1229
l 1229 1230
l 1230 1231
l 1231 1232
l 1232 1233
l 1233 1234
l 1234 1235
l 1235 1236
l 1236 1237
l 1237 1238
l 1238 1239
l 1239 1240
l 1240 1241
l 1241 1242
l 1242 1243
l 1243 1244
l 1244 1245
l 1245 1246
l 1246 1247
l 1247 1248
l 1248 1249
l 1249 1250
l 1250 1251
l 1251 1252
l 1252 1253
l 1253 1254
l 1254 1255
l 1255 1256
l 1256 1257
l 1257 1258
l 1258 1259
l 1259 1260
l 1260 1261
l 1261 1262
l 1262 1263
l 1263 1264
l 1264 1265
l 1265 1266
l 1266 1267
l 1267 1268
l 1268 1269
l 1269 1270
l 1270 1271
l 1271 1272
l 1272 1273
l 1273 1274
l 1274 1275
l 1275 1276
l 1276 1277
l 1277 1278
l 1278 1279
l 1279 1280
l 1280 1281
l 1281 1282
l 1282 1283
l 1283 1284
l 1284 1285
l 1285 1286
l 1286 1287
l 1287 1288
l 1288 1289
l 1289 1290
l 1290 1291
l 1291 1292
l 1292 1293
l 1293 1294
l 1294 1295
l 1295 1296
l 1296 1297
l 1297 1298
l 1298 1299
l 1299 1300
l 1300 1301
l 1301 1302
l 1302 1303
l 1303 1304
l 1304 1305
l 1305 1306
l 1306 1307
l 1307 1308
l 1308 1309
l 1309 1310
l 1310 1311
l 1311 1312
l 1312 1313
l 1313 1314
l 1314 1315
l 1315 1316
l 1316 1317
l 1317 1318
l 1318 1319
l 1319 1320
l 1320 1321
l 1321 1322
l 1322 1323
l 1323 1324
l 1324 1325
l 1325 1326
l 1326 1327
l 1327 1328
l 1328 1329
l 1329 1330
l 1330 1331
l 1331 1332
l 1332 1333
l 1333 1334
l 1334 1335
l 1335 1336
l 1336 1337
l 1337 1338
l 1338 1339
l 1339 1340
l 1340 1341
l 1341 1342
l 1342 1343
l 1343 1344
l 1344 1345
l 1345 1346
l 1346 1347
l 1347 1348
l 1348 1349
l 1349 1350
l 1350 1351
l 1351 1352
l 1352 1353
l 1353 1354
l 1354 1355
l 1355 1356
l 1356 1357
l 1357 1358
l 1358 1359
l 1359 1360
l 1360 1361
l 1361 1362
l 1362 1363
l 1363 1364
l 1364 1365
l 1365 1366
l 1366 1367
l 1367 1368
l 1368 1369
l 1369 1370
l 1370 1371
l 1371 1372
l 1372 1373
l 1373 1374
l 1374 1375
l 1375 1376
l 1376 1377
l 1377 1378
l 1378 1379
l 1379 1380
l 1380 1381
l 1381 1382
l 1382 1383
l 1383 1384
l 1384 1385
l 1385 1386
l 1386 1387
l 1387 1388
l 1388 1389
l 1389 1390
l 1390 1391
l 1391 1392
l 1392 1393
l 1393 1394
l 1394 1395
l 1395 1396
l 1396 1397
l 1397 1398
l 1398 1399
l 1399 1400
l 1400 1401
l 1401 1402
l 1402 1403
l 1403 1404
l 1404 1405
l 1405 1406
l 1406 1407
l 1407 1408
l 1408 1409
l 1409 1410
l 1410 1411
l 1411 1412
l 1412 1413
l 1413 1414
l 1414 1415
l 1415 1416
l 1416 1417
l 1417 1418
l 1418 1419
l 1419 1420
l 1420 1421
l 1421 1422
l 1422 1423
l 1423 1424
l 1424 1425
l 1425 1426
l 1426 1427
l 1427 1428
l 1428 1429
l 1429 1430
l 1430 1431
l 1431 1432
l 1432 1433
l 1433 1434
l 1434 1435
l 1435 1436
l 1436 1437
l 1437 1438
l 1438 1439
l 1439 1440
l 1440 1441
l 1441 1442
l 1442 1443
l 1443 1444
l 1444 1445
l 1445 1446
l 1446 1447
l 1447 1448
l 1448 1449
l 1449 1450
l 1450 1451
l 1451 1452
l 1452 1453
l 1453 1454
l 1454 1455
l 1455 1456
l 1456 1457
l 1457 1458
l 1458 1459
l 1459 1460
l 1460 1461
l 1461 1462
l 1462 1463
l 1463 1464
l 1464 1465
l 1465 1466
l 1466 1467
l 1467 1468
l 1468 1469
l 1469 1470
l 1470 1471
l 1471 1472
l 1472 1473
l 1473 1474
l 1474 1475
l 1475 1476
l 1476 1477
l 1477 1478
l 1478 1479
l 1479 1480
l 1480 1481
l 1481 1482
l 1482 1483
l 1483 1484
l 1484 1485
l 1485 1486
l 1486 1487
l 1487 1488
l 1488 1489
l 1489 1490
l 1490 1491
l 1491 1492
l 1492 1493
l 1493 1494
l 1494 1495
l 1495 1496
l 1496 1497
l 1497 1498
l 1498 1499
l 1499 1500
l 1500 1501
l 1501 1502
l 1502 1503
l 1503 1504
l 1504 1505
l 1505 1506
l 1506 1507
l 1507 1508
l 1508 1509
l 1509 1510
l 1510 1511
l 1511 1512
l 1512 1513
l 1513 1514
l 1514 1515
l 1515 1516
l 1516 1517
l 1517 1518
l 1518 1519
l 1519 1520
l 1520 1521
l 1521 1522
l 1522 1523
l 1523 1524
l 1524 1525
l 1525 1526
l 1526 1527
l 1527 1528
l 1528 1529
l 1529 1530
l 1530 1531
l 1531 1532
l 1532 1533
l 1533 1534
l 1534 1535
l 1535 1536
l 1536 1537
l 1537 1538
l 1538 1539
l 1539 1540
l 1540 1541
l 1541 1542
l 1542 1543
l 1543 1544
l 1544 1545
l 1545 1546
l 1546 1547
l 1547 1548
l 1548 1549
l 1549 1550
l 1550 1551
l 1551 1552
l 1552 1553
l 1553 1554
l 1554 1555
l 1555 1556
l 1556 1557
l 1557 1558
l 1558 1559
l 1559 1560
l 1560 1561
l 1561 1562
l 1562 1563
l 1563 1564
l 1564 1565
l 1565 1566
l 1566 1567
l 1567 1568
l 1568 1569
l 1569 1570
l 1570 1571
l 1571 1572
l 1572 1573
l 1573 1574
l 1574 1575
l 1575 1576
l 1576 1577
l 1577 1578
l 1578 1579
l 1579 1580
l 1580 1581
l 1581 1582
l 1582 1583
l 1583 1584
l 1584 1585
l 1585 1586
l 1586 1587
l 1587 1588
l 1588 1589
l 1589 1590
l 1590 1591
l 1591 1592
l 1592 1593
l 1593 1594
l 1594 1595
l 1595 1596
l 1596 1597
l 1597 1598
l 1598 1599
l 1599 1600
l 1600 1601
l 1601 1602
l 1602 1603
l 1603 1604
l 1604 1605
l 1605 1606
l 1606 1607
l 1607 1608
l 1608 1609
l 1609 1610
l 1610 1611
l 1611 1612
l 1612 1613
l 1613 1614
l 1614 1615
l 1615 1616
l 1616 1617
l 1617 1618
l 1618 1619
l 1619 1620
l 1620 1621
l 1621 1622
l 1622 1623
l 1623 1624
l 1624 1625
l 1625 1626
l 1626 1627
l 1627 1628
l 1628 1629
l 1629 1630
l 1630 1631
l 1631 1632
l 1632 1633
l 1633 1634
l 1634 1635
l 1635 1636
l 1636 1637
l 1637 1638
l 1638 1639
l 1639 1640
l 1640 1641
l 1641 1642
l 1642 1643
l 1643 1644
l 1644 1645
l 1645 1646
l 1646 1647
l 1647 1648
l 1648 1649
l 1649 1650
l 1650 1651
l 1651 1652
l 1652 1653
l 1653 1654
l 1654 1655
l 1655 1656
l 1656 1657
l 1657 1658
l 1658 1659
l 1659 1660
l 1660 1661
l 1661 1662
l 1662 1663
l 1663 1664
l 1664 1665
l 1665 1666
l 1666 1667
l 1667 1668
l 1668 1669
l 1669 1670
l 1670 1671
l 1671 1672
l 1672 1673
l 1673 1674
l 1674 1675
l 1675 1676
l 1676 1677
l 1677 1678
l 1678 1679
l 1679 1680
l 1680 1681
l 1681 1682
l 1682 1683
l 1683 1684
l 1684 1685
l 1685 1686
l 1686 1687
l 1687 1688
l 1688 1689
l 1689 1690
l 1690 1691
l 1691 1692
l 1692 1693
l 1693 1694
l 1694 1695
l 1695 1696
l 1696 1697
l 1697 1698
l 1698 1699
l 1699 1700
l 1700 1701
l 1701 1702
l 1702 1703
l 1703 1704
l 1704 1705
l 1705 1706
l 1706 1707
l 1707 1708
l 1708 1709
l 1709 1710
l 1710 1711
l 1711 1712
l 1712 1713
l 1713 1714
l 1714 1715
l 1715 1716
l 1716 1717
l 1717 1718
l 1718 1719
l 1719 1720
l 1720 1721
l 1721 1722
l 1722 1723
l 1723 1724
l 1724 1725
l 1725 1726
l 1726 1727
l 1727 1728
l 1728 1729
l 1729 1730
l 1730 1731
l 1731 1732
l 1732 1733
l 1733 1734
l 1734 1735
l 1735 1736
l 1736 1737
l 1737 1738
l 1738 1739
l 1739 1740
l 1740 1741
l 1741 1742
l 1742 1743
l 1743 1744
l 1744 1745
l 1745 1746
l 1746 1747
l 1747 1748
l 1748 1749
l 1749 1750
l 1750 1751
l 1751 1752
l 1752 1753
l 1753 1754
l 1754 1755
l 1755 1756
l 1756 1757
l 1757 1758
l 1758 1759
l 1759 1760
l 1760 1761
l 1761 1762
l 1762 1763
l 1763 1764
l 1764 1765
l 1765 1766
l 1766 1767
l 1767 1768
l 1768 1769
l 1769 1770
l 1770 1771
l 1771 1772
l 1772 1773
l 1773 1774
l 1774 1775
l 1775 1776
l 1776 1777
l 1777 1778
l 1778 1779
l 1779 1780
l 1780 1781
l 1781 1782
l 1782 1783
l 1783 1784
l 1784 1785
l 1785 1786
l 1786 1787
l 1787 1788
l 1788 1789
l 1789 1790
l 1790 1791
l 1791 1792
l 1792 1793
l 1793 1794
l 1794 1795
l 1795 1796
l 1796 1797
l 1797 1798
l 1798 1799
l 1799 1800
l 1800 1801
l 1801 1802
l 1802 1803
l 1803 1804
l 1804 1805
l 1805 1806
l 1806 1807
l 1807 1808
l 1808 1809
l 1809 1810
l 1810 1811
l 1811 1812
l 1812 1813
l 1813 1814
l 1814 1815
l 1815 1816
l 1816 1817
l 1817 1818
l 1818 1819
l 1819 1820
l 1820 1821
l 1821 1822
l 1822 1823
l 1823 1824
l 1824 1825
l 1825 1826
l 1826 1827
l 1827 1828
l 1828 1829
l 1829 1830
l 1830 1831
l 1831 1832
l 1832 1833
l 1833 1834
l 1834 1835
l 1835 1836
l 1836 1837
l 1837 1838
l 1838 1839
l 1839 1840
l 1840 1841
l 1841 1842
l 1842 1843
l 1843 1844
l 1844 1845
l 1845 1846
l 1846 1847
l 1847 1848
l 1848 1849
l 1849 1850
l 1850 1851
l 1851 1852
l 1852 1853
l 1853 1854
l 1854 1855
l 1855 1856
l 1856 1857
l 1857 1858
l 1858 1859
l 1859 1860
l 1860 1861
l 1861 1862
l 1862 1863
l 1863 1864
l 1864 1865
l 1865 1866
l 1866 1867
l 1867 1868
l 1868 1869
l 1869 1870
l 1870 1871
l 1871 1872
l 1872 1873
l 1873 1874
l 1874 1875
l 1875 1876
l 1876 1877
l 1877 1878
l 1878 1879
l 1879 1880
l 1880 1881
l 1881 1882
l 1882 1883
l 1883 1884
l 1884 1885
l 1885 1886
l 1886 1887
l 1887 1888
l 1888 1889
l 1889 1890
l 1890 1891
l 1891 1892
l 1892 1893
l 1893 1894
l 1894 1895
l 1895 1896
l 1896 1897
l 1897 1898
l 1898 1899
l 1899 1900
l 1900 1901
l 1901 1902
l 1902 1903
l 1903 1904
l 1904 1905
l 1905 1906
l 1906 1907
l 1907 1908
l 1908 1909
l 1909 1910
l 1910 1911
l 1911 1912
l 1912 1913
l 1913 1914
l 1914 1915
l 1915 1916
l 1916 1917
l 1917 1918
l 1918 1919
l 1919 1920
l 1920 1921
l 1921 1922
l 1922 1923
l 1923 1924
l 1924 1925
l 1925 1926
l 1926 1927
l 1927 1928
l 1928 1929
l 1929 1930
l 1930 1931
l 1931 1932
l 1932 1933
l 1933 1934
l 1934 1935
l 1935 1936
l 1936 1937
l 1937 1938
l 1938 1939
l 1939 1940
l 1940 1941
l 1941 1942
l 1942 1943
l 1943 1944
l 1944 1945
l 1945 1946
l 1946 1947
l 1947 1948
l 1948 1949
l 1949 1950
l 1950 1951
l 1951 1952
l 1952 1953
l 1953 1954
l 1954 1955
l 1955 1956
l 1956 1957
l 1957 1958
l 1958 1959
l 1959 1960
l 1960 1961
l 1961 1962
l 1962 1963
l 1963 1964
l 1964 1965
l 1965 1966
l 1966 1967
l 1967 1968
l 1968 1969
l 1969 1970
l 1970 1971
l 1971 1972
l 1972 1973
l 1973 1974
l 1974 1975
l 1975 1976
l 1976 1977
l 1977 1978
l 1978 1979
l 1979 1980
l 1980 1981
l 1981 1982
l 1982 1983
l 1983 1984
l 1984 1985
l 1985 1986
l 1986 1987
l 1987 1988
l 1988 1989
l 1989 1990
l 1990 1991
l 1991 1992
l 1992 1993
l 1993 1994
l 1994 1995
l 1995 1996
l 1996 1997
l 1997 1998
l 1998 1999
l 1999 2000
l 2000 2001
l 2001 2002
l 2002 2003
l 2003 2004
l 2004 2005
l 2005 2006
l 2006 2007
l 2007 2008
l 2008 2009
l 2009 2010
l 2010 2011
l 2011 2012
l 2012 2013
l 2013 2014
l 2014 2015
l 2015 2016
l 2016 2017
l 2017 2018
l 2018 2019
l 2019 2020
l 2020 2021
l 2021 2022
l 2022 2023
l 2023 2024
l 2024 2025
l 2025 2026
l 2026 2027
l 2027 2028
l 2028 2029
l 2029 2030
l 2030 2031
l 2031 2032
l 2032 2033
l 2033 2034
l 2034 2035
l 2035 2036
l 2036 2037
l 2037 2038
l 2038 2039
l 2039 2040
l 2040 2041
l 2041 2042
l 2042 2043
l 2043 2044
l 2044 2045
l 2045 2046
l 2046 2047
l 2047 2048
l 2048 2049
l 2049 2050
l 2050 2051
l 2051 2052
l 2052 2053
l 2053 2054
l 2054 2055
l 2055 2056
l 2056 2057
l 2057 2058
l 2058 2059
l 2059 2060
l 2060 2061
l 2061 2062
l 2062 2063
l 2063 2064
l 2064 2065
l 2065 2066
l 2066 2067
l 2067 2068
l 2068 2069
l 2069 2070
l 2070 2071
l 2071 2072
l 2072 2073
l 2073 2074
l 2074 2075
l 2075 2076
l 2076 2077
l 2077 2078
l 2078 2079
l 2079 2080
l 2080 2081
l 2081 2082
l 2082 2083
l 2083 2084
l 2084 2085
l 2085 2086
l 2086 2087
l 2087 2088
l 2088 2089
l 2089 2090
l 2090 2091
l 2091 2092
l 2092 2093
l 2093 2094
l 2094 2095
l 2095 2096
l 2096 2097
l 2097 2098
l 2098 2099
l 2099 2100
l 2100 2101
l 2101 2102
l 2102 2103
l 2103 2104
l 2104 2105
l 2105 2106
l 2106 2107
l 2107 2108
l 2108 2109
l 2109 2110
l 2110 2111
l 2111 2112
l 2112 2113
l 2113 2114
l 2114 2115
l 2115 2116
l 2116 2117
l 2117 2118
l 2118 2119
l 2119 2120
l 2120 2121
l 2121 2122
l 2122 2123
l 2123 2124
l 2124 2125
l 2125 2126
l 2126 2127
l 2127 2128
l 2128 2129
l 2129 2130
l 2130 2131
l 2131 2132
l 2132 2133
l 2133 2134
l 2134 2135
l 2135 2136
l 2136 2137
l 2137 2138
l 2138 2139
l 2139 2140
l 2140 2141
l 2141 2142
l 2142 2143
l 2143 2144
l 2144 2145
l 2145 2146
l 2146 2147
l 2147 2148
l 2148 2149
l 2149 2150
l 2150 2151
l 2151 2152
l 2152 2153
l 2153 2154
l 2154 2155
l 2155 2156
l 2156 2157
l 2157 2158
l 2158 2159
l 2159 2160
l 2160 2161
l 2161 2162
l 2162 2163
l 2163 2164
l 2164 2165
l 2165 2166
l 2166 2167
l 2167 2168
l 2168 2169
l 2169 2170
l 2170 2171
l 2171 2172
l 2172 2173
l 2173 2174
l 2174 2175
l 2175 2176
l 2176 2177
l 2177 2178
l 2178 2179
l 2179 2180
l 2180 2181
l 2181 2182
l 2182 2183
l 2183 2184
l 2184 2185
l 2185 2186
l 2186 2187
l 2187 2188
l 2188 2189
l 2189 2190
l 2190 2191
l 2191 2192
l 2192 2193
l 2193 2194
l 2194 2195
l 2195 2196
l 2196 2197
l 2197 2198
l 2198 2199
l 2199 2200
l 2200 2201
l 2201 2202
l 2202 2203
l 2203 2204
l 2204 2205
l 2205 2206
l 2206 2207
l 2207 2208
l 2208 2209
l 2209 2210
l 2210 2211
l 2211 2212
l 2212 2213
l 2213 2214
l 2214 2215
l 2215 2216
l 2216 2217
l 2217 2218
l 2218 2219
l 2219 2220
l 2220 2221
l 2221 2222
l 2222 2223
l 2223 2224
l 2224 2225
l 2225 2226
l 2226 2227
l 2227 2228
l 2228 2229
l 2229 2230
l 2230 2231
l 2231 2232
l 2232 2233
l 2233 2234
l 2234 2235
l 2235 2236
l 2236 2237
l 2237 2238
l 2238 2239
l 2239 2240
l 2240 2241
l 2241 2242
l 2242 2243
l 2243 2244
l 2244 2245
l 2245 2246
l 2246 2247
l 2247 2248
l 2248 2249
l 2249 2250
l 2250 2251
l 2251 2252
l 2252 2253
l 2253 2254
l 2254 2255
l 2255 2256
l 2256 2257
l 2257 2258
l 2258 2259
l 2259 2260
l 2260 2261
l 2261 2262
l 2262 2263
l 2263 2264
l 2264 2265
l 2265 2266
l 2266 2267
l 2267 2268
l 2268 2269
l 2269 2270
l 2270 2271
l 2271 2272
l 2272 2273
l 2273 2274
l 2274 2275
l 2275 2276
l 2276 2277
l 2277 2278
l 2278 2279
l 2279 2280
l 2280 2281
l 2281 2282
l 2282 2283
l 2283 2284
l 2284 2285
l 2285 2286
l 2286 2287
l 2287 2288
l 2288 2289
l 2289 2290
l 2290 2291
l 2291 2292
l 2292 2293
l 2293 2294
l 2294 2295
l 2295 2296
l 2296 2297
l 2297 2298
l 2298 2299
l 2299 2300
l 2300 2301
l 2301 2302
l 2302 2303
l 2303 2304
l 2304 2305
l 2305 2306
l 2306 2307
l 2307 2308
l 2308 2309
l 2309 2310
l 2310 2311
l 2311 2312
l 2312 2313
l 2313 2314
l 2314 2315
l 2315 2316
l 2316 2317
l 2317 2318
l 2318 2319
l 2319 2320
l 2320 2321
l 2321 2322
l 2322 2323
l 2323 2324
l 2324 2325
l 2325 2326
l 2326 2327
l 2327 2328
l 2328 2329
l 2329 2330
l 2330 2331
l 2331 2332
l 2332 2333
l 2333 2334
l 2334 2335
l 2335 2336
l 2336 2337
l 2337 2338
l 2338 2339
l 2339 2340
l 2340 2341
l 2341 2342
l 2342 2343
l 2343 2344
l 2344 2345
l 2345 2346
l 2346 2347
l 2347 2348
l 2348 2349
l 2349 2350
l 2350 2351
l 2351 2352
l 2352 2353
l 2353 2354
l 2354 2355
l 2355 2356
l 2356 2357
l 2357 2358
l 2358 2359
l 2359 2360
l 2360 2361
l 2361 2362
l 2362 2363
l 2363 2364
l 2364 2365
l 2365 2366
l 2366 2367
l 2367 2368
l 2368 2369
l 2369 2370
l 2370 2371
l 2371 2372
l 2372 2373
l 2373 2374
l 2374 2375
l 2375 2376
l 2376 2377
l 2377 2378
l 2378 2379
l 2379 2380
l 2380 2381
l 2381 2382
l 2382 2383
l 2383 2384
l 2384 2385
l 2385 2386
l 2386 2387
l 2387 2388
l 2388 2389
l 2389 2390
l 2390 2391
l 2391 2392
l 2392 2393
l 2393 2394
l 2394 2395
l 2395 2396
l 2396 2397
l 2397 2398
l 2398 2399
l 2399 2400
l 2400 2401
l 2401 2402
l 2402 2403
l 2403 2404
l 2404 2405
l 2405 2406
l 2406 2407
l 2407 2408
l 2408 2409
l 2409 2410
l 2410 2411
l 2411 2412
l 2412 2413
l 2413 2414
l 2414 2415
l 2415 2416
l 2416 2417
l 2417 2418
l 2418 2419
l 2419 2420
l 2420 2421
l 2421 2422
l 2422 2423
l 2423 2424
l 2424 2425
l 2425 2426
l 2426 2427
l 2427 2428
l 2428 2429
l 2429 2430
l 2430 2431
l 2431 2432
l 2432 2433
l 2433 2434
l 2434 2435
l 2435 2436
l 2436 2437
l 2437 2438
l 2438 2439
l 2439 2440
l 2440 2441
l 2441 2442
l 2442 2443
l 2443 2444
l 2444 2445
l 2445 2446
l 2446 2447
l 2447 2448
l 2448 2449
l 2449 2450
l 2450 2451
l 2451 2452
l 2452 2453
l 2453 2454
l 2454 2455
l 2455 2456
l 2456 2457
l 2457 2458
l 2458 2459
l 2459 2460
l 2460 2461
l 2461 2462
l 2462 2463
l 2463 2464
l 2464 2465
l 2465 2466
l 2466 2467
l 2467 2468
l 2468 2469
l 2469 2470
l 2470 2471
l 2471 2472
l 2472 2473
l 2473 2474
l 2474 2475
l 2475 2476
l 2476 2477
l 2477 2478
l 2478 2479
l 2479 2480
l 2480 2481
l 2481 2482
l 2482 2483
l 2483 2484
l 2484 2485
l 2485 2486
l 2486 2487
l 2487 2488
l 2488 2489
l 2489 2490
l 2490 2491
l 2491 2492
l 2492 2493
l 2493 2494
l 2494 2495
l 2495 2496
l 2496 2497
l 2497 2498
l 2498 2499
l 2499 2500
l 2500 2501
l 2501 2502
l 2502 2503
l 2503 2504
l 2504 2505
l 2505 2506
l 2506 2507
l 2507 2508
l 2508 2509
l 2509 2510
l 2510 2511
l 2511 2512
l 2512 2513
l 2513 2514
l 2514 2515
l 2515 2516
l 2516 2517
l 2517 2518
l 2518 2519
l 2519 2520
l 2520 2521
l 2521 2522
l 2522 2523
l 2523 2524
l 2524 2525
l 2525 2526
l 2526 2527
l 2527 2528
l 2528 2529
l 2529 2530
l 2530 2531
l 2531 2532
l 2532 2533
l 2533 2534
l 2534 2535
l 2535 2536
l 2536 2537
l 2537 2538
l 2538 2539
l 2539 2540
l 2540 2541
l 2541 2542
l 2542 2543
l 2543 2544
l 2544 2545
l 2545 2546
l 2546 2547
l 2547 2548
l 2548 2549
l 2549 2550
l 2550 2551
l 2551 2552
l 2552 2553
l 2553 2554
l 2554 2555
l 2555 2556
l 2556 2557
l 2557 2558
l 2558 2559
l 2559 2560
l 2560 2561
l 2561 2562
l 2562 2563
l 2563 2564
l 2564 2565
l 2565 2566
l 2566 2567
l 2567 2568
l 2568 2569
l 2569 2570
l 2570 2571
l 2571 2572
l 2572 2573
l 2573 2574
l 2574 2575
l 2575 2576
l 2576 2577
l 2577 2578
l 2578 2579
l 2579 2580
l 2580 2581
l 2581 2582
l 2582 2583
l 2583 2584
l 2584 2585
l 2585 2586
l 2586 2587
l 2587 2588
l 2588 2589
l 2589 2590
l 2590 2591
l 2591 2592
l 2592 2593
l 2593 2594
l 2594 2595
l 2595 2596
l 2596 2597
l 2597 2598
l 2598 2599
l 2599 2600
l 2600 2601
l 2601 2602
l 2602 2603
l 2603 2604
l 2604 2605
l 2605 2606
l 2606 2607
l 2607 2608
l 2608 2609
l 2609 2610
l 2610 2611
l 2611 2612
l 2612 2613
l 2613 2614
l 2614 2615
l 2615 2616
l 2616 2617
l 2617 2618
l 2618 2619
l 2619 2620
l 2620 2621
l 2621 2622
l 2622 2623
l 2623 2624
l 2624 2625
l 2625 2626
l 2626 2627
l 2627 2628
l 2628 2629
l 2629 2630
l 2630 2631
l 2631 2632
l 2632 2633
l 2633 2634
l 2634 2635
l 2635 2636
l 2636 2637
l 2637 2638
l 2638 2639
l 2639 2640
l 2640 2641
l 2641 2642
l 2642 2643
l 2643 2644
l 2644 2645
l 2645 2646
l 2646 2647
l 2647 2648
l 2648 2649
l 2649 2650
l 2650 2651
l 2651 2652
l 2652 2653
l 2653 2654
l 2654 2655
l 2655 2656
l 2656 2657
l 2657 2658
l 2658 2659
l 2659 2660
l 2660 2661
l 2661 2662
l 2662 2663
l 2663 2664
l 2664 2665
l 2665 2666
l 2666 2667
l 2667 2668
l 2668 2669
l 2669 2670
l 2670 2671
l 2671 2672
l 2672 2673
l 2673 2674
l 2674 2675
l 2675 2676
l 2676 2677
l 2677 2678
l 2678 2679
l 2679 2680
l 2680 2681
l 2681 2682
l 2682 2683
l 2683 2684
l 2684 2685
l 2685 2686
l 2686 2687
l 2687 2688
l 2688 2689
l 2689 2690
l 2690 2691
l 2691 2692
l 2692 2693
l 2693 2694
l 2694 2695
l 2695 2696
l 2696 2697
l 2697 2698
l 2698 2699
l 2699 2700
l 2700 2701
l 2701 2702
l 2702 2703
l 2703 2704
l 2704 2705
l 2705 2706
l 2706 2707
l 2707 2708
l 2708 2709
l 2709 2710
l 2710 2711
l 2711 2712
l 2712 2713
l 2713 2714
l 2714 2715
l 2715 2716
l 2716 2717
l 2717 2718
l 2718 2719
l 2719 2720
l 2720 2721
l 2721 2722
l 2722 2723
l 2723 2724
l 2724 2725
l 2725 2726
l 2726 2727
l 2727 2728
l 2728 2729
l 2729 2730
l 2730 2731
l 2731 2732
l 2732 2733
l 2733 2734
l 2734 2735
l 2735 2736
l 2736 2737
l 2737 2738
l 2738 2739
l 2739 2740
l 2740 2741
l 2741 2742
l 2742 2743
l 2743 2744
l 2744 2745
l 2745 2746
l 2746 2747
l 2747 2748
l 2748 2749
l 2749 2750
l 2750 2751
l 2751 2752
l 2752 2753
l 2753 2754
l 2754 2755
l 2755 2756
l 2756 2757
l 2757 2758
l 2758 2759
l 2759 2760
l 2760 2761
l 2761 2762
l 2762 2763
l 2763 2764
l 2764 2765
l 2765 2766
l 2766 2767
l 2767 2768
l 2768 2769
l 2769 2770
l 2770 2771
l 2771 2772
l 2772 2773
l 2773 2774
l 2774 2775
l 2775 2776
l 2776 2777
l 2777 2778
l 2778 2779
l 2779 2780
l 2780 2781
l 2781 2782
l 2782 2783
l 2783 2784
l 2784 2785
l 2785 2786
l 2786 2787
l 2787 2788
l 2788 2789
l 2789 2790
l 2790 2791
l 2791 2792
l 2792 2793
l 2793 2794
l 2794 2795
l 2795 2796
l 2796 2797
l 2797 2798
l 2798 2799
l 2799 2800
l 2800 2801
l 2801 2802
l 2802 2803
l 2803 2804
l 2804 2805
l 2805 2806
l 2806 2807
l 2807 2808
l 2808 2809
l 2809 2810
l 2810 2811
l 2811 2812
l 2812 2813
l 2813 2814
l 2814 2815
l 2815 2816
l 2816 2817
l 2817 2818
l 2818 2819
l 2819 2820
l 2820 2821
l 2821 2822
l 2822 2823
l 2823 2824
l 2824 2825
l 2825 2826
l 2826 2827
l 2827 2828
l 2828 2829
l 2829 2830
l 2830 2831
l 2831 2832
l 2832 2833
l 2833 2834
l 2834 2835
l 2835 2836
l 2836 2837
l 2837 2838
l 2838 2839
l 2839 2840
l 2840 2841
l 2841 2842
l 2842 2843
l 2843 2844
l 2844 2845
l 2845 2846
l 2846 2847
l 2847 2848
l 2848 2849
l 2849 2850
l 2850 2851
l 2851 2852
l 2852 2853
l 2853 2854
l 2854 2855
l 2855 2856
l 2856 2857
l 2857 2858
l 2858 2859
l 2859 2860
l 2860 2861
l 2861 2862
l 2862 2863
l 2863 2864
l 2864 2865
l 2865 2866
l 2866 2867
l 2867 2868
l 2868 2869
l 2869 2870
l 2870 2871
l 2871 2872
l 2872 2873
l 2873 2874
l 2874 2875
l 2875 2876
l 2876 2877
l 2877 2878
l 2878 2879
l 2879 2880
l 2880 2881
l 2881 2882
l 2882 2883
l 2883 2884
l 2884 2885
l 2885 2886
l 2886 2887
l 2887 2888
l 2888 2889
l 2889 2890
l 2890 2891
l 2891 2892
l 2892 2893
l 2893 2894
l 2894 2895
l 2895 2896
l 2896 2897
l 2897 2898
l 2898 2899
l 2899 2900
l 2900 2901
l 2901 2902
l 2902 2903
l 2903 2904
l 2904 2905
l 2905 2906
l 2906 2907
l 2907 2908
l 2908 2909
l 2909 2910
l 2910 2911
l 2911 2912
l 2912 2913
l 2913 2914
l 2914 2915
l 2915 2916
l 2916 2917
l 2917 2918
l 2918 2919
l 2919 2920
l 2920 2921
l 2921 2922
l 2922 2923
l 2923 2924
l 2924 2925
l 2925 2926
l 2926 2927
l 2927 2928
l 2928 2929
l 2929 2930
l 2930 2931
l 2931 2932
l 2932 2933
l 2933 2934
l 2934 2935
l 2935 2936
l 2936 2937
l 2937 2938
l 2938 2939
l 2939 2940
l 2940 2941
l 2941 2942
l 2942 2943
l 2943 2944
l 2944 2945
l 2945 2946
l 2946 2947
l 2947 2948
l 2948 2949
l 2949 2950
l 2950 2951
l 2951 2952
l 2952 2953
l 2953 2954
l 2954 2955
l 2955 2956
l 2956 2957
l 2957 2958
l 2958 2959
l 2959 2960
l 2960 2961
l 2961 2962
l 2962 2963
l 2963 2964
l 2964 2965
l 2965 2966
l 2966 2967
l 2967 2968
l 2968 2969
l 2969 2970
l 2970 2971
l 2971 2972
l 2972 2973
l 2973 2974
l 2974 2975
l 2975 2976
l 2976 2977
l 2977 2978
l 2978 2979
l 2979 2980
l 2980 2981
l 2981 2982
l 2982 2983
l 2983 2984
l 2984 2985
l 2985 2986
l 2986 2987
l 2987 2988
l 2988 2989
l 2989 2990
l 2990 2991
l 2991 2992
l 2992 2993
l 2993 2994
l 2994 2995
l 2995 2996
l 2996 2997
l 2997 2998
l 2998 2999
l 2999 3000
l 3000 3001
l 3001 3002
l 3002 3003
l 3003 3004
l 3004 3005
l 3005 3006
l 3006 3007
l 3007 3008
l 3008 3009
l 3009 3010
l 3010 3011
l 3011 3012
l 3012 3013
l 3013 3014
l 3014 3015
l 3015 3016
l 3016 3017
l 3017 3018
l 3018 3019
l 3019 3020
l 3020 3021
l 3021 3022
l 3022 3023
l 3023 3024
l 3024 3025
l 3025 3026
l 3026 3027
l 3027 3028
l 3028 3029
l 3029 3030
l 3030 3031
l 3031 3032
l 3032 3033
l 3033 3034
l 3034 3035
l 3035 3036
l 3036 3037
l 3037 3038
l 3038 3039
l 3039 3040
l 3040 3041
l 3041 3042
l 3042 3043
l 3043 3044
l 3044 3045
l 3045 3046
l 3046 3047
l 3047 3048
l 3048 3049
l 3049 3050
l 3050 3051
l 3051 3052
l 3052 3053
l 3053 3054
l 3054 3055
l 3055 3056
l 3056 3057
l 3057 3058
l 3058 3059
l 3059 3060
l 3060 3061
l 3061 3062
l 3062 3063
l 3063 3064
l 3064 3065
l 3065 3066
l 3066 3067
l 3067 3068
l 3068 3069
l 3069 3070
l 3070 3071
l 3071 3072
l 3072 3073
l 3073 3074
l 3074 3075
l 3075 3076
l 3076 3077
l 3077 3078
l 3078 3079
l 3079 3080
l 3080 3081
l 3081 3082
l 3082 3083
l 3083 3084
l 3084 3085
l 3085 3086
l 3086 3087
l 3087 3088
l 3088 3089
l 3089 3090
l 3090 3091
l 3091 3092
l 3092 3093
l 3093 3094
l 3094 3095
l 3095 3096
l 3096 3097
l 3097 3098
l 3098 3099
l 3099 3100
l 3100 3101
l 3101 3102
l 3102 3103
l 3103 3104
l 3104 3105
l 3105 3106
l 3106 3107
l 3107 3108
l 3108 3109
l 3109 3110
l 3110 3111
l 3111 3112
l 3112 3113
l 3113 3114
l 3114 3115
l 3115 3116
l 3116 3117
l 3117 3118
l 3118 3119
l 3119 3120
l 3120 3121
l 3121 3122
l 3122 3123
l 3123 3124
l 3124 3125
l 3125 3126
l 3126 3127
l 3127 3128
l 3128 3129
l 3129 3130
l 3130 3131
l 3131 3132
l 3132 3133
l 3133 3134
l 3134 3135
l 3135 3136
l 3136 3137
l 3137 3138
l 3138 3139
l 3139 3140
l 3140 3141
l 3141 3142
l 3142 3143
l 3143 3144
l 3144 3145
l 3145 3146
l 3146 3147
l 3147 3148
l 3148 3149
l 3149 3150
l 3150 3151
l 3151 3152
l 3152 3153
l 3153 3154
l 3154 3155
l 3155 3156
l 3156 3157
l 3157 3158
l 3158 3159
l 3159 3160
l 3160 3161
l 3161 3162
l 3162 3163
l 3163 3164
l 3164 3165
l 3165 3166
l 3166 3167
l 3167 3168
l 3168 3169
l 3169 3170
l 3170 3171
l 3171 3172
l 3172 3173
l 3173 3174
l 3174 3175
l 3175 3176
l 3176 3177
l 3177 3178
l 3178 3179
l 3179 3180
l 3180 3181
l 3181 3182
l 3182 3183
l 3183 3184
l 3184 3185
l 3185 3186
l 3186 3187
l 3187 3188
l 3188 3189
l 3189 3190
l 3190 3191
l 3191 3192
l 3192 3193
l 3193 3194
l 3194 3195
l 3195 3196
l 3196 3197
l 3197 3198
l 3198 3199
l 3199 3200
l 3200 3201
l 3201 3202
l 3202 3203
l 3203 3204
l 3204 3205
l 3205 3206
l 3206 3207
l 3207 3208
l 3208 3209
l 3209 3210
l 3210 3211
l 3211 3212
l 3212 3213
l 3213 3214
l 3214 3215
l 3215 3216
l 3216 3217
l 3217 3218
l 3218 3219
l 3219 3220
l 3220 3221
l 3221 3222
l 3222 3223
l 3223 3224
l 3224 3225
l 3225 3226
l 3226 3227
l 3227 3228
l 3228 3229
l 3229 3230
l 3230 3231
l 3231 3232
l 3232 3233
l 3233 3234
l 3234 3235
l 3235 3236
l 3236 3237
l 3237 3238
l 3238 3239
l 3239 3240
l 3240 3241
l 3241 3242
l 3242 3243
l 3243 3244
l 3244 3245
l 3245 3246
l 3246 3247
l 3247 3248
l 3248 3249
l 3249 3250
l 3250 3251
l 3251 3252
l 3252 3253
l 3253 3254
l 3254 3255
l 3255 3256
l 3256 3257
l 3257 3258
l 3258 3259
l 3259 3260
l 3260 3261
l 3261 3262
l 3262 3263
l 3263 3264
l 3264 3265
l 3265 3266
l 3266 3267
l 3267 3268
l 3268 3269
l 3269 3270
l 3270 3271
l 3271 3272
l 3272 3273
l 3273 3274
l 3274 3275
l 3275 3276
l 3276 3277
l 3277 3278
l 3278 3279
l 3279 3280
l 3280 3281
l 3281 3282
l 3282 3283
l 3283 3284
l 3284 3285
l 3285 3286
l 3286 3287
l 3287 3288
l 3288 3289
l 3289 3290
l 3290 3291
l 3291 3292
l 3292 3293
l 3293 3294
l 3294 3295
l 3295 3296
l 3296 3297
l 3297 3298
l 3298 3299
l 3299 3300
l 3300 3301
l 3301 3302
l 3302 3303
l 3303 3304
l 3304 3305
l 3305 3306
l 3306 3307
l 3307 3308
l 3308 3309
l 3309 3310
l 3310 3311
l 3311 3312
l 3312 3313
l 3313 3314
l 3314 3315
l 3315 3316
l 3316 3317
l 3317 3318
l 3318 3319
l 3319 3320
l 3320 3321
l 3321 3322
l 3322 3323
l 3323 3324
l 3324 3325
l 3325 3326
l 3326 3327
l 3327 3328
l 3328 3329
l 3329 3330
l 3330 3331
l 3331 3332
l 3332 3333
l 3333 3334
l 3334 3335
l 3335 3336
l 3336 3337
l 3337 3338
l 3338 3339
l 3339 3340
l 3340 3341
l 3341 3342
l 3342 3343
l 3343 3344
l 3344 3345
l 3345 3346
l 3346 3347
l 3347 3348
l 3348 3349
l 3349 3350
l 3350 3351
l 3351 3352
l 3352 3353
l 3353 3354
l 3354 3355
l 3355 3356
l 3356 3357
l 3357 3358
l 3358 3359
l 3359 3360
l 3360 3361
l 3361 3362
l 3362 3363
l 3363 3364
l 3364 3365
l 3365 3366
l 3366 3367
l 3367 3368
l 3368 3369
l 3369 3370
l 3370 3371
l 3371 3372
l 3372 3373
l 3373 3374
l 3374 3375
l 3375 3376
l 3376 3377
l 3377 3378
l 3378 3379
l 3379 3380
l 3380 3381
l 3381 3382
l 3382 3383
l 3383 3384
l 3384 3385
l 3385 3386
l 3386 3387
l 3387 3388
l 3388 3389
l 3389 3390
l 3390 3391
l 3391 3392
l 3392 3393
l 3393 3394
l 3394 3395
l 3395 3396
l 3396 3397
l 3397 3398
l 3398 3399
l 3399 3400
l 3400 3401
l 3401 3402
l 3402 3403
l 3403 3404
l 3404 3405
l 3405 3406
l 3406 3407
l 3407 3408
l 3408 3409
l 3409 3410
l 3410 3411
l 3411 3412
l 3412 3413
l 3413 3414
l 3414 3415
l 3415 3416
l 3416 3417
l 3417 3418
l 3418 3419
l 3419 3420
l 3420 3421
l 3421 3422
l 3422 3423
l 3423 3424
l 3424 3425
l 3425 3426
l 3426 3427
l 3427 3428
l 3428 3429
l 3429 3430
l 3430 3431
l 3431 3432
l 3432 3433
l 3433 3434
l 3434 3435
l 3435 3436
l 3436 3437
l 3437 3438
l 3438 3439
l 3439 3440
l 3440 3441
l 3441 3442
l 3442 3443
l 3443 3444
l 3444 3445
l 3445 3446
l 3446 3447
l 3447 3448
l 3448 3449
l 3449 3450
l 3450 3451
l 3451 3452
l 3452 3453
l 3453 3454
l 3454 3455
l 3455 3456
l 3456 3457
l 3457 3458
l 3458 3459
l 3459 3460
l 3460 3461
l 3461 3462
l 3462 3463
l 3463 3464
l 3464 3465
l 3465 3466
l 3466 3467
l 3467 3468
l 3468 3469
l 3469 3470
l 3470 3471
l 3471 3472
l 3472 3473
l 3473 3474
l 3474 3475
l 3475 3476
l 3476 3477
l 3477 3478
l 3478 3479
l 3479 3480
l 3480 3481
l 3481 3482
l 3482 3483
l 3483 3484
l 3484 3485
l 3485 3486
l 3486 3487
l 3487 3488
l 3488 3489
l 3489 3490
l 3490 3491
l 3491 3492
l 3492 3493
l 3493 3494
l 3494 3495
l 3495 3496
l 3496 3497
l 3497 3498
l 3498 3499
l 3499 3500
l 3500 3501
l 3501 3502
l 3502 3503
l 3503 3504
l 3504 3505
l 3505 3506
l 3506 3507
l 3507 3508
l 3508 3509
l 3509 3510
l 3510 3511
l 3511 3512
l 3512 3513
l 3513 3514
l 3514 3515
l 3515 3516
l 3516 3517
l 3517 3518
l 3518 3519
l 3519 3520
l 3520 3521
l 3521 3522
l 3522 3523
l 3523 3524
l 3524 3525
l 3525 3526
l 3526 3527
l 3527 3528
l 3528 3529
l 3529 3530
l 3530 3531
l 3531 3532
l 3532 3533
l 3533 3534
l 3534 3535
l 3535 3536
l 3536 3537
l 3537 3538
l 3538 3539
l 3539 3540
l 3540 3541
l 3541 3542
l 3542 3543
l 3543 3544
l 3544 3545
l 3545 3546
l 3546 3547
l 3547 3548
l 3548 3549
l 3549 3550
l 3550 3551
l 3551 3552
l 3552 3553
l 3553 3554
l 3554 3555
l 3555 3556
l 3556 3557
l 3557 3558
l 3558 3559
l 3559 3560
l 3560 3561
l 3561 3562
l 3562 3563
l 3563 3564
l 3564 3565
l 3565 3566
l 3566 3567
l 3567 3568
l 3568 3569
l 3569 3570
l 3570 3571
l 3571 3572
l 3572 3573
l 3573 3574
l 3574 3575
l 3575 3576
l 3576 3577
l 3577 3578
l 3578 3579
l 3579 3580
l 3580 3581
l 3581 3582
l 3582 3583
l 3583 3584
l 3584 3585
l 3585 3586
l 3586 3587
l 3587 3588
l 3588 3589
l 3589 3590
l 3590 3591
l 3591 3592
l 3592 3593
l 3593 3594
l 3594 3595
l 3595 3596
l 3596 3597
l 3597 3598
l 3598 3599
l 3599 3600
l 3600 3601
o B
v 0.000000000 0.936702600 -0.000000000
v -0.020902986 0.940477504 0.016198802
v -0.040741831 0.948804835 0.032091484
v -0.059678692 0.959116201 0.047977718
v -0.078373809 0.969084175 0.064363104
v -0.097539727 0.976135003 0.081629301
v -0.117333528 0.977855137 0.099385486
v -0.137008544 0.972127380 0.116310573
v -0.155184119 0.958919439 0.130651319
v -0.170933548 0.940148647 0.141396614
v -0.185286452 0.919251396 0.150014390
v -0.199291442 0.897788261 0.157808673
v -0.214087935 0.877142920 0.166276742
v -0.231022211 0.859997121 0.177739446
v -0.249574768 0.848229909 0.192860939
v -0.268244277 0.841867081 0.210911270
v -0.286235921 0.837707528 0.230311756
v -0.303613353 0.832935902 0.250120583
v -0.320407798 0.824983660 0.269338496
v -0.336069008 0.810951473 0.285678055
v -0.349567534 0.790895947 0.296771797
v -0.359618654 0.766470236 0.300608865
v -0.367552619 0.740917717 0.300345883
v -0.374678792 0.715163220 0.298514017
v -0.382545462 0.689591077 0.298129672
v -0.392419827 0.665276935 0.302659467
v -0.404222964 0.644504891 0.314516053
v -0.416005430 0.627533277 0.331518685
v -0.426866319 0.611361761 0.349900734
v -0.436253683 0.592978673 0.366899272
v -0.443920607 0.570599525 0.378994863
v -0.449083831 0.544656267 0.381807966
v -0.451854770 0.518821546 0.375527925
v -0.453718577 0.493856647 0.366020579
v -0.455633333 0.468614429 0.357347126
v -0.458416996 0.442216842 0.355252974
v -0.461542386 0.417064658 0.363477912
v -0.463581992 0.394179234 0.377223205
v -0.463904784 0.371015304 0.390631554
v -0.462685538 0.345389761 0.397760243
v -0.460952025 0.319465862 0.392351316
v -0.459657227 0.296465395 0.378759043
v -0.458312172 0.274036267 0.364213086
v -0.455611493 0.248993688 0.355864309
v -0.450110365 0.223303067 0.359686153
v -0.442186449 0.199406969 0.368802082
v -0.432922750 0.174988194 0.374187600
v -0.425895431 0.150819193 0.366238043
v -0.422741350 0.130411499 0.349267400
v -0.419183345 0.109814625 0.332617075
v -0.409405290 0.086098885 0.326546798
v -0.394299921 0.064383502 0.330508321
v -0.378235223 0.043169520 0.331294875
v -0.368752626 0.022401317 0.318244989
v -0.365057352 0.004076987 0.299072357
v -0.355275740 -0.016040054 0.285325751
v -0.335508959 -0.033782292 0.283901822
v -0.314761311 -0.050078508 0.280805530
v -0.304699746 -0.068027659 0.264456201
v -0.298807932 -0.085750772 0.245400931
v -0.279964960 -0.100947202 0.235948001
v -0.255632017 -0.111083949 0.231616174
v -0.241173642 -0.126087141 0.216120935
v -0.233493259 -0.143152463 0.197134701
v -0.211621200 -0.152552176 0.186737741
v -0.187173991 -0.157433617 0.177850110
v -0.175598986 -0.172632058 0.159625096
v -0.160044467 -0.185040801 0.143208427
v -0.135134451 -0.183632582 0.133707324
v -0.117500536 -0.192638823 0.117314928
v -0.102963268 -0.206031546 0.099947211
v -0.079857730 -0.200764320 0.088042228
v -0.060277364 -0.204399064 0.072029872
v -0.043534454 -0.216036275 0.055366975
v -0.022897891 -0.206775363 0.041717453
v -0.002519329 -0.203324746 0.025158812
v 0.017848860 -0.201833043 0.007828610
v 0.038220086 -0.203577525 -0.008819288
v 0.059152686 -0.208572383 -0.023712223
v 0.073882819 -0.193247238 -0.039680015
v 0.093872057 -0.190021381 -0.055347553
v 0.115962301 -0.189930351 -0.069157031
v 0.126948663 -0.172690138 -0.086246474
v 0.146519445 -0.165679008 -0.101267415
v 0.169483074 -0.161753963 -0.113278080
v 0.177929238 -0.144019795 -0.131085402
v 0.193730757 -0.131163146 -0.146671444
v 0.217846337 -0.124176375 -0.155621031
v 0.227952056 -0.107183611 -0.172416668
v 0.234783653 -0.089341236 -0.190611587
v 0.256700756 -0.076870332 -0.198782037
v 0.275063784 -0.061084676 -0.208380649
v 0.277819455 -0.042515159 -0.227278874
v 0.285733673 -0.023669044 -0.243499184
v 0.305368726 -0.006132031 -0.247674580
v 0.320628217 0.014021412 -0.254578917
v 0.322498694 0.033307509 -0.272733101
v 0.324467632 0.052695896 -0.290794763
v 0.337384939 0.075010644 -0.296181469
v 0.351726219 0.097571934 -0.295271231
v 0.358717291 0.121321838 -0.303718787
v 0.357736931 0.140778445 -0.322013408
v 0.357706693 0.161307569 -0.338915339
v 0.364169048 0.186427355 -0.343241326
v 0.372319764 0.211414887 -0.338220128
v 0.377374135 0.237441125 -0.335995068
v 0.376918121 0.261645577 -0.346641154
v 0.373962940 0.282044069 -0.363722071
v 0.371487368 0.304112472 -0.378460753
v 0.371145275 0.330260320 -0.381676971
v 0.371490030 0.355745457 -0.373714876
v 0.370337090 0.380460719 -0.363494385
v 0.366673510 0.406419474 -0.359131726
v 0.361357721 0.431312680 -0.366849352
v 0.355965430 0.453821360 -0.380306455
v 0.350321281 0.476675475 -0.392989343
v 0.343810856 0.501808678 -0.398302218
v 0.336344808 0.526401560 -0.391816250
v 0.328046282 0.547803759 -0.378116013
v 0.318503675 0.567541851 -0.362731057
v 0.307310654 0.588595164 -0.350685794
v 0.295651868 0.612240451 -0.347314193
v 0.285321393 0.636360420 -0.352257039
v 0.275814242 0.660115420 -0.360172648
v 0.265766110 0.683998703 -0.366867429
v 0.253794913 0.707729334 -0.367958318
v 0.239647463 0.728908044 -0.360357239
v 0.224417784 0.744288958 -0.344729606
v 0.208879067 0.755800413 -0.326240111
v 0.192577912 0.765406835 -0.307284122
v 0.175204915 0.776064397 -0.289943151
v 0.156925998 0.791222980 -0.277813645
v 0.139602295 0.810587645 -0.271868901
v 0.123890159 0.832207175 -0.270348217
v 0.108743351 0.854295884 -0.269881780
v 0.092875098 0.875738115 -0.267808135
v 0.075340818 0.894926508 -0.261822716
v 0.056142063 0.909470192 -0.250462879
v 0.036585225 0.915845455 -0.233500313
v 0.017860053 0.916381635 -0.214462436
v -0.000193434 0.913286511 -0.194947755
v -0.018329860 0.908780576 -0.175760681
v -0.037604365 0.905608715 -0.157479349
v -0.058412221 0.906474986 -0.140773689
v -0.078478157 0.920145899 -0.130954847
v -0.094867377 0.940955536 -0.126966591
v -0.111065255 0.961844812 -0.122679608
v -0.130954311 0.974780475 -0.111464963
v -0.150979025 0.972701503 -0.094082991
v -0.168920926 0.963934953 -0.076400404
v -0.185073914 0.951065594 -0.059404292
v -0.200384682 0.936252524 -0.043174506
v -0.216212800 0.921551243 -0.027351650
v -0.233838708 0.909373007 -0.011372011
v -0.253729972 0.902161004 0.004893244
v -0.275045304 0.901930747 0.020995877
v -0.296288126 0.905708778 0.036839120
v -0.317163245 0.910769286 0.052843032
v -0.337757183 0.914880284 0.069460584
v -0.357994235 0.915539487 0.086925627
v -0.377044061 0.909750532 0.104625892
v -0.393471410 0.896604205 0.120853546
v -0.406314686 0.877386542 0.134122142
v -0.415939536 0.854567760 0.144226473
v -0.423911706 0.830335112 0.152391921
v -0.431904033 0.806003298 0.160230488
v -0.441406347 0.782704656 0.169328356
v -0.454165757 0.762952496 0.181881577
v -0.469648393 0.748453826 0.198074634
v -0.486063993 0.738322563 0.216613487
v -0.502125025 0.729690519 0.236234004
v -0.517258531 0.719835393 0.255990460
v -0.530839510 0.706549994 0.274792532
v -0.541097766 0.686964496 0.289614688
v -0.547431494 0.662717691 0.298539643
v -0.549810864 0.636223391 0.300894236
v -0.550279088 0.609474232 0.299836040
v -0.550367665 0.582749525 0.298023948
v -0.551773145 0.556061667 0.298810933
v -0.555777203 0.530636796 0.305512224
v -0.562207481 0.508676554 0.319263179
v -0.568978484 0.489780653 0.336979934
v -0.574748000 0.471139962 0.355324428
v -0.578193892 0.449974922 0.371250173
v -0.578639044 0.425262340 0.380836396
v -0.575922355 0.398787672 0.380620151
v -0.571465692 0.373580907 0.372833376
v -0.566607049 0.349088797 0.363141741
v -0.561889038 0.323836301 0.355802353
v -0.557840415 0.297611558 0.356823501
v -0.554205797 0.273361506 0.367342093
v -0.549719452 0.251080822 0.381506807
v -0.543297996 0.228229888 0.393839655
v -0.534866132 0.203318407 0.397393510
v -0.526675486 0.179556125 0.388722988
v -0.519560844 0.158208418 0.374216798
v -0.511967660 0.136459299 0.360662807
v -0.501854559 0.112505048 0.355697807
v -0.489102409 0.090020949 0.362333429
v -0.474654216 0.069311449 0.371226811
v -0.459327188 0.047801015 0.373221977
v -0.447695757 0.027024191 0.361675684
v -0.439856594 0.008602647 0.343884982
v -0.429342197 -0.010998312 0.329382740
v -0.411726533 -0.030523962 0.327366859
v -0.390910858 -0.046803566 0.331630296
v -0.370738667 -0.063562388 0.328804984
v -0.358953148 -0.080844366 0.312558238
v -0.350007249 -0.097634578 0.293763611
v -0.331733418 -0.113532154 0.284045356
v -0.307147620 -0.124048048 0.283935457
v -0.284566705 -0.135485349 0.277058604
v -0.273261140 -0.150817363 0.258510165
v -0.260289673 -0.165735022 0.240979411
v -0.235449620 -0.172412609 0.235015050
v -0.210216193 -0.176692353 0.228334363
v -0.196230045 -0.189846002 0.210234145
v -0.181393399 -0.202535534 0.192651679
v -0.156056195 -0.201922447 0.184927371
v -0.133187610 -0.203566902 0.172812545
v -0.119638564 -0.216940950 0.154058263
v -0.098257801 -0.219020372 0.140199744
v -0.075045326 -0.211540104 0.129679138
v -0.057899834 -0.220709880 0.111934781
v -0.038269255 -0.223957265 0.095885741
v -0.017900828 -0.211461469 0.083995038
v 0.001234724 -0.216255128 0.066984724
v 0.021387327 -0.218747996 0.050509013
v 0.042127520 -0.213759275 0.034311051
v 0.062048725 -0.206423398 0.018166803
v 0.075650549 -0.188802246 0.003421724
v 0.096221646 -0.187319673 -0.012383214
v 0.115706051 -0.181594003 -0.027772766
v 0.125296116 -0.162702695 -0.043970097
v 0.146684036 -0.158306511 -0.058440915
v 0.164529747 -0.148007867 -0.073385814
v 0.170304344 -0.128564796 -0.090683549
v 0.191092725 -0.119592510 -0.103842704
v 0.208454015 -0.106610122 -0.117523188
v 0.210446652 -0.087102912 -0.135685701
v 0.227068749 -0.072352739 -0.148921292
v 0.246378957 -0.057658091 -0.159013317
v 0.247590434 -0.038497168 -0.177206571
v 0.253565556 -0.019400704 -0.193758871
v 0.272571008 -0.001745697 -0.200203474
v 0.281776094 0.018832582 -0.212726668
v 0.278400130 0.036927918 -0.232152672
v 0.285012949 0.058227394 -0.245381576
v 0.299598988 0.080463167 -0.248325091
v 0.305593674 0.103673714 -0.258448668
v 0.300879620 0.121632444 -0.277687855
v 0.299897044 0.142575350 -0.293520513
v 0.307825754 0.167791744 -0.295943661
v 0.314561631 0.193591134 -0.295917685
v 0.312646182 0.216837943 -0.307921266
v 0.306194239 0.234725708 -0.326762669
v 0.301785842 0.256222537 -0.341476624
v 0.302367847 0.282644583 -0.342361235
v 0.303158608 0.308845765 -0.336942955
v 0.299867245 0.335086464 -0.337431011
v 0.292376606 0.356874225 -0.350682517
v 0.284078134 0.375585804 -0.367950258
v 0.275984296 0.397428496 -0.380732355
v 0.269103900 0.422939422 -0.380327082
v 0.262586794 0.447169326 -0.371076031
v 0.254344360 0.470736857 -0.361477752
v 0.243320211 0.494785682 -0.360091818
v 0.231738124 0.516664479 -0.369975323
v 0.220631606 0.536752444 -0.383776743
v 0.208856242 0.557757424 -0.395304137
v 0.195599064 0.580512888 -0.397727276
v 0.181912819 0.601467611 -0.388800977
v 0.168176435 0.619232173 -0.374250119
v 0.153351938 0.635676022 -0.359186492
v 0.136515585 0.653603830 -0.348860784
v 0.119160891 0.673734682 -0.347978382
v 0.103159740 0.694248046 -0.354132010
v 0.087747630 0.714626381 -0.362174671
v 0.071338452 0.734973584 -0.367813263
v 0.053059133 0.754212683 -0.366921267
v 0.033757194 0.769565945 -0.356956153
v 0.015247696 0.779163250 -0.340269438
v -0.002705730 0.785401713 -0.321420183
v -0.021220965 0.790367888 -0.302724479
v -0.041341138 0.796776660 -0.286324874
v -0.063197624 0.807752331 -0.275788332
v -0.084848042 0.822665181 -0.271148935
v -0.105507443 0.839682122 -0.270207440
v -0.126000868 0.856919051 -0.269574163
v -0.147152422 0.873083465 -0.266935994
v -0.169371665 0.885758480 -0.259456006
v -0.190457137 0.890014683 -0.244658668
v -0.204123142 0.880707476 -0.224126538
v -0.215198783 0.867536647 -0.203625561
v -0.229836988 0.857006448 -0.183990995
v -0.252721293 0.860663694 -0.170852093
v -0.276110028 0.869363030 -0.161265146
v -0.299184126 0.880440549 -0.153385364
v -0.322138301 0.891591315 -0.145269917
v -0.345212105 0.900856469 -0.135439808
v -0.368106131 0.906048894 -0.122786377
v -0.389510595 0.904740705 -0.106990173
v -0.407056543 0.895254097 -0.089278691
v -0.421070631 0.880780758 -0.071741896
v -0.432732177 0.863480020 -0.054983861
v -0.443566117 0.845000447 -0.038904121
v -0.455289085 0.826857705 -0.023079856
v -0.470101801 0.811510225 -0.006999164
v -0.488444120 0.801023725 0.009278207
v -0.509306277 0.796312512 0.025297325
v -0.530866050 0.795018395 0.041132312
v -0.552224066 0.794328195 0.057281092
v -0.572894405 0.792135149 0.074139434
v -0.592129456 0.786311238 0.091764861
v -0.607969376 0.774004295 0.109279138
v -0.618759888 0.755217231 0.124711672
v -0.624730833 0.732320524 0.137006423
v -0.627370205 0.707470863 0.146547673
v -0.628480945 0.681912549 0.154480005
v -0.630076545 0.656417370 0.162503234
v -0.634017956 0.631887188 0.172364727
v -0.642216639 0.610457788 0.185898118
v -0.654173603 0.593733054 0.202950029
v -0.667513469 0.580232248 0.221825336
v -0.680485180 0.567640950 0.241585333
v -0.691877063 0.553451424 0.261191174
v -0.700446574 0.535835802 0.279332446
v -0.703797431 0.513110946 0.292684413
v -0.702050512 0.487463750 0.299603967
v -0.696724558 0.461311624 0.300896611
v -0.689854849 0.435470424 0.299335202
v -0.683013841 0.409620969 0.297781200
v -0.677966246 0.383483544 0.299912245
v -0.676069386 0.358435668 0.308632037
v -0.677051352 0.336495564 0.323856640
v -0.678468219 0.316804611 0.341948624
v -0.678524968 0.297052609 0.360022978
v -0.675297936 0.275006367 0.374671353
v -0.668082452 0.250516908 0.381711146
v -0.657909159 0.226019667 0.379039788
v -0.646855742 0.203279099 0.370237727
v -0.635672579 0.180886005 0.360717217
v -0.624476576 0.157357214 0.355048602
v -0.613903387 0.133327937 0.358964367
v -0.604076837 0.111619302 0.371059679
v -0.593465508 0.091528471 0.385232524
v -0.580486170 0.070803875 0.395951575
v -0.565555104 0.048940522 0.396051023
v -0.551925496 0.028852739 0.385057320
v -0.539544947 0.010331757 0.370189250
v -0.525834517 -0.009090270 0.358094120
v -0.508911664 -0.029346554 0.356777913
v -0.490409820 -0.046864158 0.364866908
v -0.470591782 -0.062903530 0.372973489
v -0.450510167 -0.079946818 0.371310273
v -0.435449699 -0.096506662 0.357001148
v -0.422996561 -0.112178621 0.339209621
v -0.405730710 -0.128337916 0.327423531
v -0.382546867 -0.141220358 0.328476293
v -0.357941585 -0.151054681 0.332118667
v -0.335458014 -0.162772634 0.325425553
v -0.321577164 -0.176560098 0.307302145
v -0.306992439 -0.190148300 0.289671471
v -0.282877499 -0.198594903 0.283711707
v -0.256287774 -0.201539476 0.283463561
v -0.233628998 -0.208587152 0.272673072
v -0.220204249 -0.221102194 0.253199865
v -0.200677561 -0.229769604 0.238241569
v -0.174448237 -0.227296406 0.234151301
v -0.150341550 -0.227263392 0.224167394
v -0.135252273 -0.238101917 0.204984755
v -0.114881109 -0.242612392 0.189705888
v -0.090758484 -0.233310849 0.182894533
v -0.069942471 -0.233597833 0.167773314
v -0.052873179 -0.242345505 0.149300796
v -0.031343962 -0.233197304 0.137866746
v -0.010973389 -0.223212569 0.125127789
v 0.007575184 -0.229981063 0.107152385
v 0.026882991 -0.221475706 0.092817691
v 0.043653162 -0.205998401 0.079603801
v 0.062602920 -0.197809263 0.062537147
v 0.080943485 -0.188561603 0.045344765
v 0.101934976 -0.188755447 0.029021786
v 0.117453200 -0.176113753 0.013489581
v 0.127656519 -0.157642958 -0.002106661
v 0.149506649 -0.154089883 -0.016998920
v 0.160860249 -0.137689834 -0.032845955
v 0.168531500 -0.119153454 -0.049412996
v 0.190256950 -0.110956945 -0.062598570
v 0.197641496 -0.092582847 -0.078860244
v 0.202117978 -0.073483525 -0.095972440
v 0.222495282 -0.060456998 -0.107298467
v 0.228433030 -0.041370004 -0.123299655
v 0.227507223 -0.022038440 -0.141241048
v 0.244116893 -0.004118016 -0.151511155
v 0.253101477 0.016129749 -0.164455812
v 0.247152781 0.034080645 -0.183362351
v 0.253880482 0.055350940 -0.196425338
v 0.266613378 0.077888388 -0.202753594
v 0.264376029 0.098174031 -0.218886478
v 0.257250298 0.115401230 -0.237942146
v 0.262201179 0.139562719 -0.246745860
v 0.269145414 0.165118292 -0.249974524
v 0.264640533 0.186427692 -0.264363177
v 0.255162209 0.202154515 -0.283828748
v 0.251376657 0.225096697 -0.295653926
v 0.253004535 0.251785202 -0.295444015
v 0.250445004 0.277939722 -0.298232416
v 0.240775208 0.297036359 -0.313807087
v 0.229808000 0.312581864 -0.332642655
v 0.220919101 0.334890080 -0.343346274
v 0.215193340 0.360804876 -0.340747907
v 0.208073235 0.386098053 -0.335825965
v 0.196536982 0.409232000 -0.340710312
v 0.183529045 0.426587246 -0.356247593
v 0.170463855 0.442837165 -0.373014088
v 0.156726657 0.463450484 -0.382181106
v 0.143720407 0.486210075 -0.377828357
v 0.130828258 0.507339479 -0.367632582
v 0.115736031 0.527844703 -0.359591185
v 0.098324926 0.547606908 -0.362442073
v 0.081804309 0.564897885 -0.374342176
v 0.065709201 0.581342651 -0.388041574
v 0.048158261 0.599042223 -0.397385447
v 0.029108140 0.617288105 -0.395855459
v 0.010715029 0.632788845 -0.384399030
v -0.007266716 0.645575486 -0.369234232
v -0.026504983 0.657529783 -0.354979877
v -0.048179127 0.671028494 -0.347299555
v -0.069972392 0.686281598 -0.349420654
v -0.090469056 0.701876895 -0.356712598
v -0.110838024 0.717423325 -0.364500550
v -0.132571718 0.732433848 -0.368471791
v -0.155539462 0.745072368 -0.364583348
v -0.177629053 0.753107260 -0.352073181
v -0.197372746 0.756176497 -0.334303403
v -0.216170665 0.756770400 -0.315240535
v -0.235820500 0.756746822 -0.297068706
v -0.257849847 0.758519595 -0.282068197
v -0.281623907 0.768223023 -0.279372043
v -0.302838935 0.782993439 -0.286209065
v -0.324485552 0.797444053 -0.291978913
v -0.348260612 0.805554090 -0.286658458
v -0.369137319 0.803897301 -0.270221071
v -0.386750154 0.797643643 -0.251127051
v -0.402372109 0.788684833 -0.231319283
v -0.417847082 0.778627736 -0.211913171
v -0.435319315 0.769563805 -0.193811989
v -0.456251786 0.763879831 -0.178298542
v -0.480417047 0.763756886 -0.166932378
v -0.505487248 0.767132833 -0.158217362
v -0.530659101 0.772011366 -0.150470243
v -0.555651587 0.776230912 -0.141859186
v -0.580016318 0.777807147 -0.131030473
v -0.602495845 0.774648283 -0.117109454
v -0.620942381 0.765227730 -0.100377713
v -0.633317608 0.749631126 -0.082575977
v -0.641592539 0.730957964 -0.065316992
v -0.647618969 0.710717967 -0.048856328
v -0.653302362 0.689943709 -0.032930180
v -0.660802467 0.669741603 -0.017060196
v -0.672882071 0.652309254 -0.000855823
v -0.689520846 0.639204289 0.015370242
v -0.709232890 0.630593913 0.031271252
v -0.729810623 0.624157200 0.047165695
v -0.749938396 0.617577438 0.063554605
v -0.768543810 0.608981782 0.080731828
v -0.784109872 0.596549612 0.098507383
v -0.793790202 0.578494745 0.115486509
v -0.796768120 0.556186218 0.129723299
v -0.794761281 0.531989319 0.140833890
v -0.789896591 0.507180961 0.149619706
v -0.784145131 0.482198002 0.157380575
v -0.779689027 0.457229398 0.165916145
v -0.778589544 0.432944590 0.176969483
v -0.782926436 0.411388222 0.192018746
v -0.791183201 0.393349017 0.209942911
v -0.800725784 0.377421176 0.229239551
v -0.809350587 0.361623273 0.249061259
v -0.815359315 0.344060839 0.268287152
v -0.817000160 0.323530578 0.285230668
v -0.811721449 0.299820992 0.296047457
v -0.801621230 0.275571208 0.300604553
v -0.788839186 0.252071307 0.300480617
v -0.775273392 0.229046551 0.298636921
v -0.762183822 0.205707168 0.297854333
v -0.751511649 0.181657799 0.302289987
v -0.744638753 0.158717837 0.313877514
v -0.740490178 0.138178050 0.330505053
v -0.736348926 0.119143495 0.348884567
v -0.730175307 0.099792143 0.366307389
v -0.719414563 0.078696496 0.378518932
v -0.704516661 0.057020567 0.381564674
v -0.687941357 0.036845719 0.376065775
v -0.671296514 0.018167143 0.366504441
v -0.654485311 -0.000755319 0.357821312
v -0.637463988 -0.021009419 0.355314777
v -0.621478152 -0.040807547 0.362961977
v -0.606381400 -0.058297535 0.376458041
v -0.590074214 -0.074691564 0.389912250
v -0.570984566 -0.091569207 0.397376595
v -0.551106732 -0.108391609 0.392791002
v -0.533548014 -0.123539568 0.379524322
v -0.516561139 -0.138143956 0.364853700
v -0.496876120 -0.153587038 0.355954159
v -0.474607771 -0.167652702 0.359305723
v -0.451990477 -0.178707133 0.368408108
v -0.428047717 -0.189004719 0.373931919
v -0.405462079 -0.200660933 0.367047816
v -0.388472226 -0.212594230 0.350205829
v -0.371299901 -0.224351812 0.333466190
v -0.347850609 -0.234007999 0.326639749
v -0.321767577 -0.238525615 0.330241755
v -0.295360176 -0.241648704 0.331498643
v -0.273401582 -0.249004992 0.319161916
v -0.257579960 -0.259062621 0.300050530
v -0.236829601 -0.266423128 0.285642309
v -0.210348140 -0.264875145 0.283875405
v -0.184136949 -0.261087794 0.281324342
v -0.163718834 -0.265828324 0.265509301
v -0.147156481 -0.274146711 0.246266725
v -0.123358925 -0.271945349 0.236117711
v -0.099118238 -0.261397677 0.232085483
v -0.077948851 -0.260689519 0.217133245
v -0.060484065 -0.267246307 0.198035620
v -0.038553505 -0.258998552 0.187047871
v -0.018050474 -0.244348527 0.178647321
v 0.001062578 -0.245936996 0.160612488
v 0.020749080 -0.244445125 0.143817991
v 0.037209773 -0.225750444 0.134294492
v 0.055766951 -0.218193808 0.118263094
v 0.075549681 -0.217853486 0.100765435
v 0.093728442 -0.206093265 0.084997943
v 0.111039421 -0.193292568 0.069063878
v 0.121535852 -0.173599586 0.055325051
v 0.134000733 -0.157658042 0.039650656
v 0.154521483 -0.152100796 0.023682618
v 0.160160104 -0.131311278 0.008793278
v 0.170922339 -0.114826732 -0.007405621
v 0.190148737 -0.104286878 -0.022150931
v 0.190437253 -0.083240087 -0.038102274
v 0.199952863 -0.065823319 -0.054123892
v 0.216718422 -0.050646166 -0.067577252
v 0.212855492 -0.030664738 -0.084564774
v 0.219302980 -0.011506196 -0.100218531
v 0.233760945 0.007348227 -0.111777601
v 0.228075313 0.026128156 -0.129329790
v 0.227832590 0.046011702 -0.145674835
v 0.240045011 0.068051984 -0.154544795
v 0.236591933 0.087897867 -0.170602407
v 0.227555260 0.104567350 -0.189155323
v 0.232965952 0.128687031 -0.198287744
v 0.235747675 0.153274549 -0.206900527
v 0.224881969 0.168877773 -0.225400291
v 0.215849003 0.186577444 -0.242548267
v 0.216602687 0.212695946 -0.247466579
v 0.213728129 0.238228869 -0.253282064
v 0.201545378 0.253833414 -0.270841494
v 0.188715660 0.267954478 -0.289432656
v 0.181124417 0.292160543 -0.296201370
v 0.175223098 0.318246435 -0.295141823
v 0.163541680 0.340560648 -0.302322706
v 0.148899042 0.353911625 -0.320179469
v 0.134134388 0.367566222 -0.337658075
v 0.120345403 0.389125646 -0.343426758
v 0.108068981 0.412424805 -0.338793338
v 0.093313483 0.434375976 -0.335755415
v 0.075576614 0.451618581 -0.345072765
v 0.058822000 0.463770656 -0.362056460
v 0.041459110 0.476875421 -0.377553945
v 0.022418008 0.494594174 -0.381908456
v 0.004249841 0.512731588 -0.374713335
v -0.014098081 0.529203382 -0.364267287
v -0.035120311 0.544668055 -0.359228734
v -0.056851056 0.558407571 -0.365755754
v -0.076862923 0.570263875 -0.378984393
v -0.097077237 0.582028933 -0.391986580
v -0.119477836 0.594778216 -0.398348902
v -0.142472897 0.606744894 -0.392880050
v -0.163732167 0.615859407 -0.379526518
v -0.184554345 0.622884753 -0.364225069
v -0.207133124 0.629419618 -0.351556570
v -0.232142659 0.637289248 -0.347119975
v -0.256824302 0.646560646 -0.351480982
v -0.280507746 0.656244510 -0.359398677
v -0.304523109 0.665706320 -0.366477891
v -0.329861821 0.673839276 -0.368281807
v -0.352985590 0.676900085 -0.358025167
v -0.367451597 0.672379044 -0.336160268
v -0.380772460 0.666030097 -0.313839845
v -0.402768490 0.664441748 -0.300528201
v -0.429046123 0.668309021 -0.297765068
v -0.455141002 0.674169666 -0.299095595
v -0.481179603 0.680223020 -0.300763104
v -0.507474803 0.685032991 -0.300098768
v -0.533330056 0.686376730 -0.293842488
v -0.556585108 0.683037043 -0.281352631
v -0.574408892 0.674287382 -0.263504795
v -0.588515278 0.662663138 -0.243980654
v -0.600766399 0.649404977 -0.224199830
v -0.613527357 0.635593659 -0.205143045
v -0.629401721 0.622859261 -0.187836263
v -0.649887859 0.613317546 -0.173720759
v -0.674078824 0.608209491 -0.163563398
v -0.699444454 0.605584913 -0.155412070
v -0.724996545 0.603692483 -0.147597882
v -0.749891291 0.600501651 -0.138315413
v -0.772908973 0.594226639 -0.126373882
v -0.791914219 0.583369271 -0.111269367
v -0.804746345 0.567752380 -0.093918067
v -0.810496676 0.548554853 -0.076222432
v -0.812292431 0.527923978 -0.059269161
v -0.812334922 0.506604829 -0.043055501
v -0.812740627 0.485019160 -0.027207206
v -0.816022378 0.463820800 -0.011239186
v -0.825274882 0.444810753 0.005034939
v -0.839659775 0.429119136 0.021152254
v -0.857146431 0.416471692 0.036986601
v -0.875311058 0.405032968 0.053007622
v -0.892432728 0.392972516 0.069672625
v -0.906855048 0.378805030 0.087131150
v -0.916419417 0.361354801 0.104871604
v -0.918243702 0.340334574 0.121074112
v -0.912886524 0.317676613 0.134085678
v -0.903198698 0.294902976 0.144189802
v -0.891418884 0.272319112 0.152444896
v -0.879417313 0.249675457 0.160233910
v -0.869568056 0.226622393 0.169542624
v -0.863990936 0.203658061 0.181932132
v -0.864553106 0.182568253 0.198259766
v -0.868729922 0.163761663 0.216831870
v -0.873752971 0.146190719 0.236413618
v -0.877056194 0.128434156 0.256163479
v -0.876513296 0.109292226 0.274760013
v -0.870269453 0.088438239 0.290118034
v -0.856664230 0.067073168 0.298355311
v -0.839385513 0.046881372 0.300923139
v -0.820485632 0.027952120 0.299863117
v -0.801359627 0.009282437 0.298116196
v -0.783070568 -0.010207033 0.298680763
v -0.767647177 -0.030830837 0.305575338
v -0.756480136 -0.050607097 0.319543431
v -0.747564625 -0.068718437 0.337123853
v -0.737967839 -0.085779383 0.355391966
v -0.725422696 -0.102945729 0.371556171
v -0.707770752 -0.120489244 0.380974079
v -0.686831769 -0.136813225 0.380294867
v -0.665610808 -0.151218707 0.372784432
v -0.644650908 -0.164711343 0.362976363
v -0.623183588 -0.178925927 0.355787508
v -0.601526950 -0.194250617 0.356885667
v -0.581609319 -0.208459220 0.367496613
v -0.562418586 -0.220684891 0.381612216
v -0.541437316 -0.231983561 0.393678185
v -0.517750313 -0.243233523 0.397233688
v -0.494982143 -0.253865801 0.388639040
v -0.474749752 -0.263575540 0.374043878
v -0.453853152 -0.273237785 0.360442956
v -0.429509674 -0.282559789 0.355922302
v -0.404489252 -0.289102981 0.362376404
v -0.379550138 -0.293047250 0.371260130
v -0.353392793 -0.296968001 0.373305478
v -0.330551447 -0.303109793 0.361427477
v -0.311808975 -0.310271114 0.343699520
v -0.290398126 -0.316371364 0.329133707
v -0.264019313 -0.317220268 0.327326017
v -0.237866248 -0.313482799 0.331677632
v -0.211743406 -0.310613809 0.328840910
v -0.191238269 -0.314266532 0.312390656
v -0.172927641 -0.319480717 0.293629890
v -0.148750927 -0.317366704 0.283955505
v -0.124125176 -0.306922178 0.283913274
v -0.100184471 -0.298634587 0.277000058
v -0.081403157 -0.301330413 0.258314887
v -0.061583533 -0.302224341 0.240888542
v -0.039558144 -0.288937080 0.234998638
v -0.018919348 -0.273753250 0.228281433
v 0.000224463 -0.273054179 0.210050458
v 0.019685046 -0.271071561 0.192530147
v 0.036806936 -0.252357664 0.184856815
v 0.053917063 -0.237175754 0.172651951
v 0.072954912 -0.236845548 0.153873843
v 0.089271490 -0.222700865 0.140094060
v 0.099982819 -0.200771692 0.129573253
v 0.115207298 -0.186150917 0.113083417
v 0.129462564 -0.170849930 0.096347389
v 0.146804866 -0.161365910 0.079006172
v 0.162348787 -0.149052461 0.062700076
v 0.163725746 -0.125864320 0.049538461
v 0.178994621 -0.112924818 0.032977831
v 0.191517242 -0.097335790 0.017116599
v 0.188448028 -0.075420179 0.002241729
v 0.202841434 -0.060115353 -0.013371175
v 0.210592880 -0.041601460 -0.028892152
v 0.204134545 -0.021619671 -0.045192552
v 0.216856745 -0.003345180 -0.059309438
v 0.220085807 0.016665057 -0.074577545
v 0.210646595 0.034456306 -0.091906428
v 0.219634149 0.055755863 -0.104566985
v 0.220822770 0.076945053 -0.118763755
v 0.208256252 0.091936679 -0.136963315
v 0.210382319 0.114641206 -0.149498930
v 0.212225834 0.138460283 -0.160107005
v 0.198755852 0.152013397 -0.178558718
v 0.190168572 0.170547735 -0.194417567
v 0.190661731 0.196545125 -0.200645471
v 0.181300497 0.216478437 -0.214045024
v 0.165984335 0.226693419 -0.233464329
v 0.155841777 0.247138653 -0.245796284
v 0.149865577 0.273074609 -0.248586891
v 0.136790066 0.292625097 -0.259674147
v 0.120600675 0.301464478 -0.279053380
v 0.104983199 0.316132280 -0.294168573
v 0.092526056 0.339593326 -0.295829767
v 0.078332997 0.362129689 -0.296252469
v 0.060225043 0.376153118 -0.309151596
v 0.042911119 0.383841757 -0.328075576
v 0.024266278 0.396225267 -0.342014849
v 0.005772176 0.415208501 -0.342061333
v -0.012578654 0.433907439 -0.336539532
v -0.033971595 0.449410753 -0.337981798
v -0.054619117 0.458758239 -0.351902290
v -0.073834306 0.465788073 -0.369187046
v -0.095454428 0.475530517 -0.381066624
v -0.118551104 0.488396938 -0.379992565
v -0.140425594 0.500424576 -0.370339715
v -0.163271570 0.510747051 -0.361081813
v -0.188287353 0.519425168 -0.360458013
v -0.211908625 0.526212866 -0.370829983
v -0.233973320 0.532149647 -0.384810139
v -0.257399114 0.538321717 -0.396124386
v -0.283150515 0.544611397 -0.397667718
v -0.307589146 0.549216746 -0.388033149
v -0.329718361 0.551453606 -0.373129944
v -0.352025353 0.552162188 -0.358353311
v -0.376817946 0.552634546 -0.348814099
v -0.401186236 0.555931948 -0.356290940
v -0.422237021 0.560786161 -0.372105600
v -0.446653593 0.564168283 -0.380452828
v -0.470997405 0.562586009 -0.370068168
v -0.491657293 0.558149333 -0.353744210
v -0.510064608 0.551697855 -0.335393079
v -0.528968709 0.544253255 -0.317977566
v -0.550856047 0.537141826 -0.304441578
v -0.576453243 0.532600305 -0.298561105
v -0.603101035 0.530496393 -0.298165659
v -0.629808042 0.529528935 -0.300000311
v -0.656530452 0.528119723 -0.300968000
v -0.682777294 0.524438817 -0.297885942
v -0.706602808 0.517096008 -0.288630385
v -0.725042070 0.505754737 -0.273200633
v -0.737579783 0.491623708 -0.254301263
v -0.746779474 0.476104367 -0.234529940
v -0.754844193 0.459708648 -0.214945398
v -0.764790367 0.442963036 -0.196609015
v -0.779024216 0.427081056 -0.180560248
v -0.798963677 0.414093502 -0.168521679
v -0.822021747 0.403935848 -0.159533979
v -0.846112218 0.395200799 -0.151742737
v -0.869980422 0.386334245 -0.143445620
v -0.892154697 0.375654940 -0.133019289
v -0.910601028 0.361960852 -0.119550161
v -0.922766978 0.344911285 -0.103168155
v -0.927090898 0.325499372 -0.085415697
v -0.925231478 0.305248762 -0.068036238
v -0.920345946 0.284790355 -0.051467282
v -0.914614112 0.264071212 -0.035486895
v -0.910257149 0.242936004 -0.019641283
v -0.910625888 0.221685802 -0.003494091
v -0.917482781 0.201675595 0.012757429
v -0.929313996 0.183780459 0.028714438
v -0.943662049 0.167645228 0.044563699
v -0.957830605 0.151796790 0.060848780
v -0.969921620 0.135120474 0.077903638
v -0.977742190 0.116767395 0.095618537
v -0.978840229 0.096593233 0.113000514
v -0.970920254 0.075788747 0.127685373
v -0.957431439 0.055835651 0.139209618
v -0.940893549 0.036854325 0.148273756
v -0.923242005 0.018296267 0.156112338
v -0.906323847 -0.000738149 0.164365327
v -0.892447765 -0.020926852 0.175001531
v -0.883871528 -0.041752554 0.189255069
v -0.881315320 -0.061653491 0.206930416
v -0.881232804 -0.080361083 0.226086533
v -0.881004470 -0.098403459 0.245876900
v -0.877808855 -0.116522130 0.265276127
v -0.869555088 -0.134990265 0.282633516
v -0.854362788 -0.152989842 0.294867401
v -0.833711468 -0.168991981 0.300165206
v -0.810957419 -0.183026645 0.300751910
v -0.787555706 -0.195934251 0.298938092
v -0.764325762 -0.209203432 0.297845748
v -0.742468643 -0.224109122 0.301156663
v -0.724025110 -0.240322386 0.311428557
v -0.709699617 -0.256013307 0.327675940
v -0.696509779 -0.270510157 0.345924712
v -0.681679777 -0.284093240 0.363577625
v -0.662625944 -0.296929534 0.377002116
v -0.639234784 -0.308378324 0.381928649
v -0.614594681 -0.317570735 0.377363984
v -0.590678114 -0.325273186 0.368119172
v -0.566705385 -0.332875687 0.358949234
v -0.541814635 -0.341445868 0.354933997
v -0.517588532 -0.350478760 0.361088131
v -0.495517345 -0.358136739 0.374124025
v -0.473475510 -0.364153023 0.388085322
v -0.448872418 -0.369043225 0.397138197
v -0.422894368 -0.373433367 0.394406631
v -0.399639617 -0.377550774 0.381945383
v -0.377701189 -0.381488896 0.367098079
v -0.353474455 -0.384947924 0.356642880
v -0.327068212 -0.386215883 0.358084384
v -0.301852808 -0.384543582 0.366889465
v -0.276273883 -0.381253931 0.373890338
v -0.250419937 -0.379279898 0.369057440
v -0.229064864 -0.380540466 0.353142124
v -0.208825335 -0.382272806 0.335716909
v -0.184203529 -0.379759775 0.326611921
v -0.159188590 -0.370943797 0.329498210
v -0.134959132 -0.360012440 0.332017713
v -0.111550426 -0.353685823 0.322064002
v -0.092659295 -0.354100358 0.303114667
v -0.071771031 -0.351362371 0.287153631
v -0.049318662 -0.337874716 0.283756234
v -0.028790181 -0.320874540 0.282441866
v -0.008389744 -0.312397967 0.268626376
v 0.009909768 -0.311592369 0.249108933
v 0.029646312 -0.300067157 0.236847128
v 0.045390972 -0.278761315 0.233149568
v 0.062826304 -0.264667853 0.220221207
v 0.081135556 -0.261924026 0.200903489
v 0.097101188 -0.246322148 0.188096504
v 0.106902581 -0.222572090 0.180780340
v 0.123245063 -0.211682316 0.163671146
v 0.140668573 -0.203116708 0.145896772
v 0.153818543 -0.185303565 0.130825885
v 0.165799580 -0.166893226 0.115498349
v 0.170709128 -0.144536127 0.102791942
v 0.174570991 -0.122986000 0.088863617
v 0.191708473 -0.111882572 0.071642897
v 0.194018632 -0.090830565 0.057179970
v 0.193635267 -0.069696161 0.042185070
v 0.209062691 -0.054960383 0.026121378
v 0.206310140 -0.034335073 0.010937090
v 0.203745830 -0.014382537 -0.005099059
v 0.216238242 0.004022996 -0.019765022
v 0.208260239 0.022933487 -0.035696005
v 0.204124124 0.042139851 -0.052112961
v 0.212584380 0.063659827 -0.065226612
v 0.201041862 0.080075407 -0.081970058
v 0.193819247 0.098365915 -0.098426640
v 0.198028398 0.122170640 -0.109631505
v 0.185443558 0.137245023 -0.126598551
v 0.172916947 0.152128705 -0.143904344
v 0.172447357 0.177230955 -0.153045834
v 0.161352203 0.195031016 -0.167786744
v 0.144553319 0.203628657 -0.186649966
v 0.135691072 0.225615928 -0.197499601
v 0.126970656 0.249481922 -0.204826635
v 0.110030171 0.259200423 -0.222451699
v 0.092928240 0.267846748 -0.240678211
v 0.079784370 0.289838429 -0.247169192
v 0.065251036 0.311585103 -0.251548073
v 0.046688900 0.320620724 -0.267877734
v 0.028661889 0.325341724 -0.287003896
v 0.009629533 0.340716593 -0.296080128
v -0.008545284 0.360343239 -0.295248716
v -0.029676903 0.375209189 -0.300190654
v -0.049501554 0.380034749 -0.317295568
v -0.068673264 0.383503029 -0.335590518
v -0.091348721 0.394056814 -0.343575532
v -0.113810862 0.407986591 -0.339664915
v -0.137365067 0.419865885 -0.335632540
v -0.161728336 0.426523654 -0.343047171
v -0.182717861 0.428770002 -0.359445350
v -0.203930958 0.430947145 -0.375546304
v -0.228910824 0.435990318 -0.382291612
v -0.254023239 0.442426919 -0.376160376
v -0.278179559 0.447512206 -0.365788558
v -0.303802550 0.450522549 -0.359064679
v -0.329831061 0.451444444 -0.364145441
v -0.353355864 0.451501486 -0.376872128
v -0.376528969 0.451340418 -0.390268246
v -0.401926327 0.450960555 -0.398027499
v -0.425059903 0.449582672 -0.387774930
v -0.441818446 0.446605443 -0.367100629
v -0.463955790 0.442386796 -0.355025902
v -0.490014309 0.438977222 -0.359265099
v -0.515006609 0.436311602 -0.368492218
v -0.540014454 0.433493382 -0.377634631
v -0.565991075 0.429278326 -0.381760036
v -0.591130546 0.422684737 -0.376704950
v -0.612225966 0.413836502 -0.362996301
v -0.629286018 0.403385375 -0.345227200
v -0.645035684 0.391803462 -0.326918705
v -0.662489842 0.379241984 -0.311045610
v -0.683803739 0.367055242 -0.300831669
v -0.708311131 0.356895186 -0.297818911
v -0.733724972 0.348557495 -0.298982559
v -0.759217434 0.340516445 -0.300691425
v -0.784369168 0.331406469 -0.300324171
v -0.807462112 0.319525237 -0.294365367
v -0.826043952 0.304919135 -0.282170106
v -0.837400475 0.288393316 -0.264588599
v -0.843794422 0.271224282 -0.245105101
v -0.847656754 0.253599233 -0.225317758
v -0.851484221 0.235272560 -0.206176365
v -0.858434462 0.216242678 -0.188757837
v -0.870766135 0.197496766 -0.174362075
v -0.888816331 0.180681282 -0.164067482
v -0.909231977 0.165437191 -0.155851806
v -0.930253884 0.150781318 -0.148051693
v -0.950198836 0.135444290 -0.138925951
v -0.967037577 0.118417538 -0.127145390
v -0.978210200 0.099474855 -0.112193971
v -0.981695469 0.079518843 -0.094923680
v -0.977350011 0.060006904 -0.077201974
v -0.968525783 0.041310671 -0.060204584
v -0.957741237 0.022948135 -0.043959809
v -0.947033220 0.004207737 -0.028103588
v -0.938708669 -0.015601410 -0.012160018
v -0.936666915 -0.036655934 0.004111628
v -0.940774600 -0.057525228 0.020245126
v -0.949172686 -0.077394217 0.036086420
v -0.958993604 -0.096504781 0.052080950
v -0.967701716 -0.115591224 0.068703232
v -0.973126500 -0.135102474 0.086123922
v -0.972812056 -0.154984050 0.103871253
v -0.964301175 -0.174125388 0.120265268
v -0.948396777 -0.191010604 0.133441599
v -0.928591797 -0.205760142 0.143675098
v -0.907001497 -0.219229744 0.151999992
v -0.885086227 -0.232541247 0.159751266
v -0.864729434 -0.247259037 0.168936448
v -0.847999719 -0.264074086 0.181153500
v -0.837317928 -0.282456716 0.197246106
v -0.831193361 -0.300793430 0.215746556
v -0.826541435 -0.318504719 0.235292860
v -0.820537552 -0.335517617 0.255064996
v -0.810568510 -0.351759100 0.273763232
v -0.794873251 -0.366611252 0.289331745
v -0.772638877 -0.378301556 0.298069678
v -0.747554192 -0.386992566 0.300873641
v -0.721665952 -0.393732839 0.299976073
v -0.695692473 -0.400027212 0.298189567
v -0.669962359 -0.407335878 0.298438829
v -0.646054970 -0.417126311 0.305033550
v -0.626096814 -0.428410928 0.318611597
v -0.609118489 -0.439496123 0.336086276
v -0.592242450 -0.449363763 0.354382881
v -0.572976716 -0.457866685 0.370850428
v -0.549010473 -0.464066409 0.380622236
v -0.522718063 -0.467603204 0.380560027
v -0.497044543 -0.469258601 0.373333043
v -0.472132762 -0.470191528 0.363530100
v -0.446493532 -0.471442028 0.356071760
v -0.420043342 -0.473545714 0.356584790
v -0.395508351 -0.475658970 0.366760417
v -0.372729914 -0.476493842 0.380807955
v -0.349048719 -0.475626159 0.393144109
v -0.323023858 -0.473286048 0.397339573
v -0.297859557 -0.470804128 0.389322569
v -0.275398310 -0.468828968 0.374907258
v -0.252650998 -0.466568929 0.360994867
v -0.227034337 -0.462324842 0.355834316
v -0.202053468 -0.455331126 0.361878303
v -0.178576714 -0.446137825 0.370877067
v -0.154131527 -0.436140906 0.373470546
v -0.131114937 -0.429490659 0.362356221
v -0.111299722 -0.426074158 0.344682786
v -0.089937754 -0.420647119 0.329763575
v -0.066759797 -0.408324417 0.327180945
v -0.046053173 -0.391914645 0.331473952
v -0.025103988 -0.375931653 0.329329335
v -0.005404930 -0.368072488 0.313496248
v 0.012907495 -0.363473480 0.294546793
v 0.032693320 -0.349940454 0.284160538
v 0.048763074 -0.328588920 0.283970006
v 0.064984453 -0.308794653 0.277802878
v 0.082543016 -0.301014918 0.259444495
v 0.100074332 -0.292331620 0.241633488
v 0.112694035 -0.270180890 0.235158166
v 0.122519558 -0.246333666 0.228965544
v 0.138374344 -0.235180986 0.211161618
v 0.154379983 -0.224305773 0.193298903
v 0.160146141 -0.199836752 0.185236858
v 0.165997714 -0.176797142 0.173992623
v 0.175102156 -0.157152674 0.158224375
v 0.183009431 -0.137233620 0.142157756
v 0.196322436 -0.123163198 0.124250767
v 0.205654924 -0.105658587 0.107960595
v 0.199371294 -0.082265536 0.096709072
v 0.207880767 -0.064653579 0.079755002
v 0.215863003 -0.046482298 0.063334817
v 0.205283058 -0.025770808 0.050237092
v 0.210997114 -0.006722759 0.033667949
v 0.214838297 0.012989426 0.017785588
v 0.200924222 0.030300324 0.002992302
v 0.204784653 0.050715247 -0.012749731
v 0.203061608 0.070852591 -0.028189402
v 0.187062408 0.084629245 -0.044422982
v 0.188140976 0.106600880 -0.058756924
v 0.181627010 0.125984145 -0.073829567
v 0.164160241 0.136221753 -0.091151973
v 0.160595000 0.158809211 -0.104116238
v 0.151578629 0.178353405 -0.117981778
v 0.133049013 0.184732755 -0.136173309
v 0.122859174 0.204754684 -0.149149798
v 0.112808081 0.226761537 -0.159379462
v 0.094360248 0.231986027 -0.177711353
v 0.077322621 0.242751404 -0.193963088
v 0.064552165 0.265352417 -0.200326703
v 0.046512465 0.278504655 -0.213228754
v 0.028111552 0.279516276 -0.232626200
v 0.008940603 0.291217795 -0.245578046
v -0.009357012 0.310531270 -0.248443823
v -0.030525413 0.321334158 -0.258931300
v -0.049053433 0.320866632 -0.278195303
v -0.069762349 0.324974387 -0.293875413
v -0.092458679 0.338703445 -0.295900594
v -0.116057503 0.351078862 -0.296079744
v -0.139014564 0.354404697 -0.308345154
v -0.157825969 0.352195914 -0.327273190
v -0.179920528 0.353055113 -0.341726429
v -0.205519667 0.359851244 -0.342285062
v -0.230817252 0.366669106 -0.336766238
v -0.257114103 0.369354535 -0.337679566
v -0.279883948 0.367039324 -0.351153591
v -0.299999417 0.363300647 -0.368439204
v -0.323320298 0.360571763 -0.380792935
v -0.349752977 0.359816783 -0.380283239
v -0.374766331 0.359078618 -0.370813062
v -0.399631511 0.356422737 -0.361365869
v -0.424894034 0.351249021 -0.362567451
v -0.442472057 0.346155622 -0.381749791
v -0.462378052 0.340677222 -0.397423462
v -0.487603526 0.334308962 -0.392423829
v -0.510075444 0.327297849 -0.379744366
v -0.531273295 0.318929769 -0.365687520
v -0.553934120 0.308738601 -0.356002735
v -0.578313435 0.298094930 -0.356324448
v -0.602035803 0.288606785 -0.364262887
v -0.625279206 0.279516042 -0.373985693
v -0.649015189 0.269445076 -0.380938376
v -0.672700287 0.257331196 -0.380470725
v -0.692656704 0.243480776 -0.369552190
v -0.707958892 0.229112386 -0.353040798
v -0.720475910 0.214163432 -0.334681771
v -0.733018662 0.198052876 -0.317387700
v -0.748358248 0.180764462 -0.304048010
v -0.768206020 0.163849591 -0.298435485
v -0.790122185 0.148537177 -0.298240121
v -0.812608688 0.134095886 -0.300075838
v -0.834873573 0.119246752 -0.301004266
v -0.855441218 0.102584017 -0.297617778
v -0.872073834 0.084086022 -0.288203408
v -0.881737957 0.064941373 -0.272482642
v -0.885204606 0.046413649 -0.253547453
v -0.885132582 0.028382185 -0.233766613
v -0.883726700 0.010112012 -0.214233070
v -0.883839452 -0.009405255 -0.195944440
v -0.888115995 -0.030357668 -0.179962935
v -0.898986304 -0.051678518 -0.168149209
v -0.913719638 -0.072142400 -0.159217819
v -0.930029723 -0.091916972 -0.151451123
v -0.945953964 -0.111737733 -0.143055074
v -0.959467647 -0.132252705 -0.132540126
v -0.968183158 -0.153446939 -0.118976666
v -0.969746718 -0.174295859 -0.102519308
v -0.963092970 -0.193033848 -0.084745713
v -0.951079784 -0.209460564 -0.067393778
v -0.936404654 -0.224552817 -0.050848355
v -0.920912172 -0.239469924 -0.034880404
v -0.906433544 -0.255474934 -0.019034701
v -0.896240440 -0.274111845 -0.002867441
v -0.892099800 -0.294858108 0.013378954
v -0.893357941 -0.316287116 0.029322870
v -0.897535876 -0.337465248 0.045183036
v -0.901598308 -0.358312767 0.061491968
v -0.903395278 -0.378810142 0.078574060
v -0.900609622 -0.398559181 0.096305786
v -0.890751725 -0.416262005 0.113571336
v -0.873198947 -0.430017013 0.128161375
v -0.851340892 -0.440221329 0.139598249
v -0.827394711 -0.448067753 0.148599029
v -0.802733430 -0.455018147 0.156406076
v -0.778540855 -0.462876677 0.164740627
v -0.756390708 -0.473255233 0.175458185
v -0.738711061 -0.486965282 0.189922651
v -0.726462799 -0.502800339 0.207644016
v -0.716910585 -0.518850348 0.226830270
v -0.707431003 -0.534186065 0.246630282
v -0.695335383 -0.548094459 0.265991384
v -0.678684587 -0.559706661 0.283272731
v -0.656145663 -0.567188833 0.295128345
v -0.630186311 -0.570346653 0.300282976
v -0.603450755 -0.570726644 0.300690660
v -0.576738335 -0.569901242 0.298865023
v -0.549986066 -0.569502754 0.297816241
v -0.523625931 -0.571325150 0.301422743
v -0.499675703 -0.575986373 0.312023608
v -0.479412016 -0.582192441 0.328339663
v -0.460693857 -0.587883325 0.346626871
v -0.440965715 -0.591968314 0.364240014
v -0.417841785 -0.593142432 0.377365878
v -0.391833533 -0.590930008 0.381824271
v -0.365976448 -0.586254348 0.377128735
v -0.341528504 -0.580666050 0.367734219
v -0.316984683 -0.574997024 0.358685121
v -0.291164594 -0.569714723 0.355035264
v -0.265815566 -0.565156624 0.361538836
v -0.242993110 -0.560453622 0.374679299
v -0.220912300 -0.554306800 0.388505659
v -0.197180012 -0.545909141 0.397172385
v -0.172662320 -0.536477580 0.394016215
v -0.150646017 -0.528214009 0.381369215
v -0.129742730 -0.520402327 0.366562360
v -0.107047055 -0.510946047 0.356369295
v -0.083753027 -0.498457230 0.358377463
v -0.062975065 -0.484115656 0.367253173
v -0.042593419 -0.468205371 0.373888629
v -0.021375491 -0.453453240 0.368643422
v -0.002470606 -0.443842257 0.352444349
v 0.015873330 -0.434919841 0.335131359
v 0.035770789 -0.419903105 0.326563534
v 0.052674107 -0.399473177 0.329683518
v 0.067952687 -0.377700787 0.331991812
v 0.084907375 -0.360754553 0.321370547
v 0.101363990 -0.351531194 0.302388372
v 0.117921627 -0.338167332 0.286752429
v 0.130092419 -0.314872167 0.283785267
v 0.139143123 -0.289829165 0.282217471
v 0.152566442 -0.272648672 0.267887599
v 0.167881508 -0.262508003 0.248436246
v 0.178609666 -0.242073404 0.236674722
v 0.181230499 -0.215725217 0.232896273
v 0.189436154 -0.195163710 0.219504247
v 0.203815517 -0.183497483 0.200187535
v 0.212065633 -0.163103174 0.185281050
v 0.217745117 -0.141097563 0.171106366
v 0.221983333 -0.118943444 0.156684270
v 0.215506080 -0.094827169 0.147546419
v 0.216083929 -0.073861791 0.132732728
v 0.227230420 -0.057677383 0.114750676
v 0.219728726 -0.036176080 0.102193394
v 0.213180261 -0.015736075 0.087832223
v 0.222179660 0.002622480 0.070662781
v 0.212223676 0.021679316 0.056466519
v 0.202227950 0.039896180 0.041180577
v 0.207793782 0.060482916 0.025172181
v 0.193877017 0.076278064 0.010113854
v 0.182615485 0.092700091 -0.006033168
v 0.183588830 0.114840858 -0.020690003
v 0.166333192 0.126300217 -0.036627243
v 0.153971594 0.141591535 -0.052929343
v 0.149748627 0.164148491 -0.066135840
v 0.130989226 0.171531566 -0.082967235
v 0.116173092 0.184711236 -0.099139628
v 0.107339687 0.207127176 -0.110413379
v 0.088473970 0.212574862 -0.127656891
v 0.070430393 0.220141158 -0.144593222
v 0.057156797 0.241507053 -0.153606956
v 0.038334468 0.249934376 -0.168877633
v 0.019459859 0.249124548 -0.187675661
v 0.000735112 0.264389570 -0.197806092
v -0.019160397 0.279927384 -0.205531788
v -0.038434879 0.278809695 -0.223599001
v -0.057844412 0.278255894 -0.241408189
v -0.080370183 0.290867000 -0.247284186
v -0.104030732 0.301565454 -0.252223131
v -0.124200736 0.299295599 -0.269031958
v -0.142337265 0.294394041 -0.287986412
v -0.166834453 0.298521515 -0.296127450
v -0.192501122 0.306047962 -0.295201643
v -0.218055692 0.307485365 -0.300988217
v -0.237251217 0.301329074 -0.318418543
v -0.255833686 0.294701513 -0.336390187
v -0.280968965 0.292514295 -0.343515676
v -0.307357754 0.293009754 -0.339326751
v -0.333699870 0.291039783 -0.335563119
v -0.357775969 0.284079946 -0.343820284
v -0.376775656 0.275278863 -0.360461702
v -0.396313724 0.266344385 -0.376341685
v -0.420357787 0.258844775 -0.378684667
v -0.441142782 0.254753202 -0.362368674
v -0.464330998 0.245704553 -0.357804058
v -0.485458558 0.234539549 -0.369627655
v -0.504852017 0.223603263 -0.384516676
v -0.525962931 0.211871206 -0.395811468
v -0.549162802 0.199103274 -0.396231388
v -0.570222044 0.186455831 -0.385764338
v -0.588793978 0.173359054 -0.371597458
v -0.607305118 0.158499829 -0.359305206
v -0.627525101 0.141842153 -0.354974822
v -0.648151391 0.125835984 -0.360384706
v -0.668241646 0.110881427 -0.369861904
v -0.688352279 0.095600595 -0.378729986
v -0.708518646 0.078426543 -0.381804657
v -0.726160787 0.059833214 -0.375112752
v -0.739138603 0.041585946 -0.360659318
v -0.748124863 0.023927795 -0.342656306
v -0.755756207 0.005743672 -0.324541408
v -0.764634894 -0.014180026 -0.309093803
v -0.777479796 -0.035668716 -0.300111710
v -0.793687771 -0.056752764 -0.297791634
v -0.811422523 -0.076768373 -0.299266484
v -0.829233033 -0.096708293 -0.300895492
v -0.845829367 -0.117618995 -0.299698719
v -0.859193243 -0.139686584 -0.293106292
v -0.866620915 -0.161504653 -0.279918831
v -0.867191676 -0.181201947 -0.261921186
v -0.863575765 -0.199067475 -0.242348842
v -0.857713144 -0.216166609 -0.222588327
v -0.851842469 -0.234159904 -0.203658438
v -0.848504728 -0.254343688 -0.186474656
v -0.850693469 -0.277121276 -0.172834249
v -0.858043364 -0.300787223 -0.162829470
v -0.868056666 -0.324273808 -0.154768758
v -0.878596744 -0.347585112 -0.146842822
v -0.887553135 -0.370951123 -0.137393846
v -0.892790381 -0.394112193 -0.125249395
v -0.891989964 -0.415878547 -0.109953696
v -0.883501023 -0.434063622 -0.092457112
v -0.869173438 -0.448108227 -0.074812911
v -0.851818213 -0.459481481 -0.057917504
v -0.833094336 -0.469738822 -0.041744376
v -0.814383311 -0.480532843 -0.025909689
v -0.797820489 -0.494076793 -0.009898467
v -0.785898352 -0.511519797 0.006375787
v -0.779351147 -0.531808493 0.022474443
v -0.777063708 -0.553295336 0.038296572
v -0.775721301 -0.574689433 0.054357497
v -0.773217425 -0.595435792 0.071080059
v -0.767456021 -0.614778082 0.088591040
v -0.756267647 -0.631273258 0.106314342
v -0.737944007 -0.642281521 0.122204758
v -0.715326386 -0.648196595 0.135013390
v -0.690610458 -0.650453325 0.144950271
v -0.665106242 -0.650876415 0.153100597
v -0.639510843 -0.651373636 0.160963645
v -0.614643866 -0.654001681 0.170425230
v -0.592047691 -0.660441324 0.183065535
v -0.574316643 -0.671449444 0.199741888
v -0.559985737 -0.684204748 0.218396795
v -0.546995318 -0.696956333 0.238043400
v -0.532824322 -0.708216427 0.257749302
v -0.515547681 -0.716739945 0.276227335
v -0.493731054 -0.720611947 0.290893012
v -0.468374253 -0.718687444 0.298763414
v -0.442362342 -0.713068269 0.301051698
v -0.416726412 -0.705435871 0.299691607
v -0.391150926 -0.697661094 0.297993762
v -0.365243862 -0.691245782 0.299092132
v -0.339804854 -0.687779249 0.306289614
v -0.317431657 -0.687778486 0.320896317
v -0.297412294 -0.688616419 0.338648377
v -0.277792863 -0.688299377 0.356865442
v -0.256422579 -0.685135901 0.372514590
v -0.232462718 -0.677905309 0.381543721
v -0.208137035 -0.667132360 0.379929127
v -0.185467202 -0.655403958 0.371975013
v -0.163540677 -0.643500450 0.362228753
v -0.140665971 -0.631500675 0.355324471
v -0.116772181 -0.619928935 0.357260624
v -0.094960637 -0.609367732 0.368540761
v -0.075150888 -0.598329058 0.382789427
v -0.055076248 -0.585130544 0.394474370
v -0.033744992 -0.569625249 0.397134779
v -0.013681018 -0.554940562 0.387599906
v 0.004471957 -0.541929784 0.372819247
v 0.023131649 -0.528026978 0.359711087
v 0.042991702 -0.510954306 0.356025862
v 0.060423236 -0.492047518 0.363165813
v 0.075846998 -0.471959509 0.371808539
v 0.091964732 -0.450997067 0.372805909
v 0.108249939 -0.434368875 0.360087771
v 0.123507552 -0.421434064 0.342282745
v 0.139130790 -0.404993918 0.328558580
v 0.152133056 -0.381973409 0.327685381
v 0.161315450 -0.357187053 0.331934432
v 0.171653019 -0.333321740 0.327798119
v 0.184800222 -0.317716766 0.310783698
v 0.198113981 -0.303774088 0.292302724
v 0.207201897 -0.280803049 0.283848002
v 0.209637252 -0.254154851 0.283828308
v 0.214529680 -0.229821683 0.275649612
v 0.226149907 -0.215117574 0.256689206
v 0.235873108 -0.197343196 0.239898844
v 0.233955857 -0.171399239 0.234749898
v 0.231166475 -0.146288579 0.227125281
v 0.233150029 -0.123830427 0.212663807
v 0.233971836 -0.101566637 0.197794755
v 0.236221730 -0.080824960 0.181410861
v 0.245423297 -0.064236989 0.162616019
v 0.238560770 -0.042393296 0.150681079
v 0.226940153 -0.021556471 0.139557251
v 0.232897271 -0.003067983 0.121429965
v 0.228386299 0.016802000 0.106142175
v 0.211505836 0.033674395 0.094375727
v 0.212704791 0.053429894 0.077100528
v 0.206676280 0.072344155 0.061208878
v 0.187332811 0.084772175 0.047744974
v 0.185231245 0.105142144 0.031228531
v 0.175082264 0.122182651 0.015488245
v 0.154985314 0.130539123 0.000320148
v 0.149812701 0.151522574 -0.014952818
v 0.135275363 0.165050807 -0.030652234
v 0.115315177 0.170115273 -0.047111483
v 0.106130103 0.191022101 -0.060716043
v 0.088827168 0.200881049 -0.076478615
v 0.068978306 0.202399216 -0.093814710
v 0.055073187 0.221665386 -0.105757570
v 0.036429692 0.230291999 -0.120771677
v 0.017221037 0.227144662 -0.138947680
v -0.001440124 0.241644902 -0.150385582
v -0.021796928 0.252791601 -0.161963135
v -0.039782634 0.246654162 -0.180702003
v -0.060676662 0.250083866 -0.195368777
v -0.083404037 0.262751122 -0.201494949
v -0.104662292 0.262170592 -0.216164380
v -0.121136791 0.253863663 -0.235502342
v -0.144682817 0.256302348 -0.246231504
v -0.170370545 0.263068564 -0.249159658
v -0.192815661 0.259576252 -0.261736297
v -0.208152118 0.249524842 -0.281240809
v -0.229698228 0.243842722 -0.294889822
v -0.256342238 0.244451920 -0.295649030
v -0.282718600 0.242007213 -0.297064333
v -0.302709781 0.232312485 -0.311212685
v -0.317801480 0.220824295 -0.330111960
v -0.338565450 0.210733818 -0.342743121
v -0.364211476 0.203900304 -0.341481508
v -0.389349350 0.196411693 -0.336221935
v -0.411614145 0.184674821 -0.340908188
v -0.421300606 0.172891164 -0.362828157
v -0.439609974 0.160043685 -0.373969792
v -0.462802054 0.148163821 -0.368426295
v -0.484647106 0.135634804 -0.359346050
v -0.505950148 0.120145442 -0.355840544
v -0.524542441 0.103413998 -0.364823141
v -0.540534987 0.087698426 -0.379458335
v -0.557037833 0.071416236 -0.392745699
v -0.575747140 0.053308093 -0.397442381
v -0.593694199 0.035185437 -0.390006303
v -0.608858935 0.017752511 -0.376517228
v -0.622749990 -0.000704790 -0.363008311
v -0.637374739 -0.021521350 -0.355315052
v -0.653003912 -0.042868368 -0.357794397
v -0.668512327 -0.062871284 -0.366469319
v -0.683873136 -0.082595698 -0.376084117
v -0.699078969 -0.103842020 -0.381605824
v -0.712481193 -0.126468595 -0.378506530
v -0.721764409 -0.148204366 -0.366296593
v -0.726736786 -0.167970417 -0.348965705
v -0.729600513 -0.187274718 -0.330626854
v -0.732333396 -0.207974744 -0.313899483
v -0.737688367 -0.231348089 -0.302365323
v -0.746711294 -0.256033470 -0.297899582
v -0.758193492 -0.280205988 -0.298639248
v -0.770201644 -0.304078025 -0.300507902
v -0.781337085 -0.328399886 -0.300535934
v -0.789906275 -0.353268733 -0.296147002
v -0.793417450 -0.377184427 -0.285171310
v -0.790574082 -0.397663606 -0.268360294
v -0.783485947 -0.414847600 -0.249161489
v -0.773759157 -0.430008411 -0.229349888
v -0.763193530 -0.445258530 -0.210038282
v -0.753678725 -0.462613144 -0.192051093
v -0.748027026 -0.483922275 -0.177089394
v -0.747366427 -0.508166981 -0.165932614
v -0.750136787 -0.533377884 -0.157391976
v -0.754215526 -0.558687636 -0.149627886
v -0.757423202 -0.583769514 -0.140857436
v -0.757893436 -0.608080392 -0.129806626
v -0.753591995 -0.630253986 -0.115641093
v -0.742443116 -0.647367580 -0.098576276
v -0.726197428 -0.658861732 -0.080816043
v -0.707105429 -0.666260319 -0.063627180
v -0.686592510 -0.671483946 -0.047230215
v -0.665612123 -0.676473181 -0.031341059
v -0.645425525 -0.683883238 -0.015434818
v -0.627844999 -0.695700853 0.000784234
v -0.614612970 -0.712269961 0.016989502
v -0.605833421 -0.731961600 0.032857260
v -0.598745139 -0.752300030 0.048781548
v -0.591409089 -0.772117841 0.065229489
v -0.581990471 -0.790269358 0.082478231
v -0.568407450 -0.804796881 0.100262526
v -0.549448449 -0.813046342 0.117004389
v -0.526880165 -0.814846258 0.130999840
v -0.502684923 -0.811705250 0.141878276
v -0.478022567 -0.805781462 0.150451396
v -0.453230725 -0.799240650 0.158200135
v -0.428437181 -0.794140613 0.166875975
v -0.404297326 -0.792578031 0.178189438
v -0.383047086 -0.796911734 0.193747164
v -0.364934676 -0.804730597 0.211796602
v -0.348858712 -0.813723982 0.231238158
v -0.332677753 -0.821647976 0.251038615
v -0.314752853 -0.826816691 0.270178994
v -0.293737042 -0.826918827 0.286498780
v -0.270104804 -0.820371085 0.296783174
v -0.246244549 -0.809181398 0.300900740
v -0.223310615 -0.795377836 0.300285178
v -0.200752023 -0.781050923 0.298437284
v -0.177744360 -0.767411263 0.298163790
v -0.154051922 -0.756103586 0.302929618
v -0.131601273 -0.748970204 0.315403539
v -0.111449359 -0.744244638 0.332345644
v -0.092591532 -0.739377706 0.350730364
v -0.073280181 -0.732035986 0.367679484
v -0.052482156 -0.720345407 0.379537585
v -0.031377495 -0.704319711 0.381348426
v -0.012007079 -0.687054138 0.375128919
v 0.006073181 -0.669798317 0.365502888
v 0.024516512 -0.652325227 0.357093393
v 0.044323274 -0.634642495 0.355516675
v 0.063390054 -0.618170534 0.364106236
v 0.080139437 -0.602507734 0.377912688
v 0.095960963 -0.585401197 0.391046423
v 0.112266766 -0.565498511 0.397533760
v 0.128306527 -0.545211023 0.391818826
v 0.142708526 -0.527388800 0.378026471
v 0.156758558 -0.509838949 0.363487880
v 0.171567885 -0.489209095 0.355855653
v 0.184618512 -0.466448150 0.360041670
v 0.194645910 -0.443380607 0.369222370
v 0.204215960 -0.418999721 0.373966690
v 0.215244201 -0.396635245 0.365520523
v 0.226590322 -0.379530336 0.348383911
v 0.237720072 -0.361539490 0.332112609
v 0.246097904 -0.337214173 0.326705831
v 0.249328933 -0.310971808 0.330688893
v 0.251792555 -0.284524374 0.330918879
v 0.258895187 -0.263133019 0.317368810
v 0.268477039 -0.247142466 0.298140893
v 0.274277906 -0.225166154 0.285072939
v 0.271237481 -0.198741915 0.283952966
v 0.267030902 -0.172834284 0.280270802
v 0.272010012 -0.153162458 0.263511467
v 0.279354667 -0.135871204 0.244592902
v 0.278803097 -0.112477137 0.231704152
v 0.276455688 -0.089023110 0.218983089
v 0.272942087 -0.065964699 0.205815571
v 0.261192285 -0.043707496 0.197935230
v 0.248986141 -0.022708626 0.188032483
v 0.252695571 -0.004171265 0.169301997
v 0.248002705 0.015762470 0.153836194
v 0.229135050 0.032437814 0.144885222
v 0.224254485 0.051457089 0.128068056
v 0.222357677 0.070982998 0.110752654
v 0.201910836 0.083562123 0.099425494
v 0.190967493 0.100186490 0.083363087
v 0.187194141 0.120080282 0.066464380
v 0.165746247 0.128167742 0.053211292
v 0.152293240 0.142538630 0.036986161
v 0.144240668 0.161763376 0.021034902
v 0.122288388 0.164655967 0.006356878
v 0.107646388 0.178022292 -0.009788962
v 0.094680562 0.194784254 -0.024809175
v 0.073440468 0.192812131 -0.040809453
v 0.056962080 0.205218178 -0.056185849
v 0.040002117 0.218731184 -0.070282270
v 0.020374784 0.212950606 -0.087435007
v 0.001278365 0.222301579 -0.101975640
v -0.018605964 0.233669589 -0.114377462
v -0.036513623 0.225571869 -0.132319843
v -0.057169882 0.228027934 -0.147314757
v -0.079829801 0.238507906 -0.156447297
v -0.098138511 0.231600783 -0.173695291
v -0.115721483 0.223730233 -0.191559529
v -0.140522739 0.229638827 -0.199141633
v -0.164331321 0.229253920 -0.209477908
v -0.178404551 0.217038957 -0.228593073
v -0.197725421 0.209087800 -0.244078245
v -0.224151097 0.209366800 -0.247836665
v -0.248505466 0.203944742 -0.255554198
v -0.262282215 0.190691814 -0.274066255
v -0.277432214 0.177862891 -0.291603603
v -0.302285690 0.170273586 -0.296156226
v -0.327962122 0.162893047 -0.295412958
v -0.348514825 0.149631949 -0.304731723
v -0.360470589 0.134552211 -0.323314865
v -0.374699349 0.119284637 -0.339745177
v -0.397136869 0.108561238 -0.334950852
v -0.418667865 0.096213968 -0.329380974
v -0.432857370 0.079080208 -0.343942188
v -0.444245148 0.062569998 -0.361681454
v -0.459728849 0.044555305 -0.373257585
v -0.479066473 0.026528224 -0.371213897
v -0.497340409 0.009126101 -0.362277576
v -0.514263716 -0.010445993 -0.355889317
v -0.529013047 -0.031899353 -0.360578343
v -0.540732010 -0.051662501 -0.374277757
v -0.551955023 -0.071167300 -0.388768571
v -0.564722217 -0.092838888 -0.397225335
v -0.577862951 -0.115499703 -0.393546593
v -0.588714616 -0.136659471 -0.381389102
v -0.597597313 -0.157639091 -0.367321389
v -0.605997913 -0.180671919 -0.356873017
v -0.615187291 -0.205532770 -0.355916590
v -0.624838425 -0.229372057 -0.363155777
v -0.634485785 -0.252356128 -0.372965119
v -0.643820789 -0.276284643 -0.380386342
v -0.651757294 -0.301594263 -0.380760739
v -0.656380729 -0.326026796 -0.371391834
v -0.656953862 -0.347231687 -0.355126816
v -0.655158257 -0.366737813 -0.336876306
v -0.652260185 -0.386690948 -0.319264006
v -0.650362395 -0.409443188 -0.305516378
v -0.651379241 -0.435141306 -0.298559207
v -0.655499652 -0.461571318 -0.298146112
v -0.660706643 -0.487784627 -0.299903845
v -0.665513462 -0.514100442 -0.300844316
v -0.668384554 -0.540535721 -0.298362887
v -0.667198786 -0.565630950 -0.289723439
v -0.660649719 -0.586445296 -0.274492011
v -0.650303286 -0.602586817 -0.255911474
v -0.637376409 -0.615169434 -0.236130622
v -0.623315883 -0.626848013 -0.216551626
v -0.609209129 -0.639934891 -0.197946880
v -0.596982751 -0.657286124 -0.181804508
v -0.588498413 -0.679287096 -0.169334767
v -0.583683042 -0.703923451 -0.160115607
v -0.580766139 -0.729384952 -0.152321356
v -0.577683763 -0.754668016 -0.144056405
v -0.572810712 -0.778952437 -0.133973576
v -0.564477863 -0.800762144 -0.120999597
v -0.550661073 -0.816525301 -0.104570539
v -0.532960625 -0.825582861 -0.086860367
v -0.513063310 -0.829120456 -0.069400907
v -0.492116912 -0.829335978 -0.052739080
v -0.470651053 -0.828461816 -0.036742266
v -0.449087814 -0.829124196 -0.020905794
v -0.428323639 -0.833834913 -0.004791920
v -0.410038608 -0.844427113 0.011475700
v -0.395409068 -0.860133498 0.027437704
v -0.382841384 -0.877683133 0.043286288
v -0.370762503 -0.895259674 0.059492565
v -0.357653662 -0.911314520 0.076441749
v -0.341729001 -0.923371660 0.094164748
v -0.322375340 -0.929061474 0.111496114
v -0.300584284 -0.927347207 0.126635773
v -0.278040891 -0.919495093 0.138598076
v -0.255735199 -0.907790681 0.147671879
v -0.233586063 -0.894935264 0.155527562
v -0.211189206 -0.882732508 0.163674783
v -0.188352884 -0.873246821 0.173828168
v -0.166086981 -0.869743972 0.188097150
v -0.145749048 -0.871191212 0.205359929
v -0.127524083 -0.875455341 0.224512065
v -0.109904117 -0.879442893 0.244281786
v -0.091713231 -0.881102893 0.263829796
v -0.071957626 -0.877779466 0.281405833
v -0.050920367 -0.867524785 0.294011898
v -0.030381841 -0.851751149 0.300208289
v -0.011479199 -0.832820262 0.300705037
v 0.006567746 -0.813099571 0.299052987
v 0.024820716 -0.793552168 0.297874211
v 0.044265755 -0.775430316 0.300495197
v 0.064325465 -0.761084859 0.310485779
v 0.083112520 -0.750435289 0.326212169
v 0.100318234 -0.741047325 0.344465802
v 0.116988632 -0.730009193 0.362242587
v 0.133874743 -0.714925954 0.376353663
v 0.150491124 -0.694996596 0.381762562
v 0.165316088 -0.673229020 0.377900725
v 0.178464128 -0.651707230 0.368921857
v 0.191365021 -0.630185117 0.359572367
v 0.205378548 -0.607995666 0.355002043
v 0.219840470 -0.586391359 0.360298803
v 0.232546541 -0.566606755 0.373008172
v 0.243610529 -0.546598735 0.386933488
v 0.254093191 -0.524084448 0.396510305
v 0.264424328 -0.499826585 0.395012875
v 0.273895957 -0.477928310 0.383111820
v 0.282816985 -0.457559502 0.368180658
v 0.291812760 -0.435086924 0.357045657
v 0.299399063 -0.409722417 0.357595744
v 0.303875133 -0.384788334 0.366166687
v 0.306620894 -0.359231949 0.373427558
v 0.310441724 -0.333343158 0.370131612
v 0.316546198 -0.312559394 0.354570453
v 0.322963842 -0.293390532 0.337032677
v 0.326640284 -0.269362280 0.326882784
v 0.324314295 -0.242921451 0.329092981
v 0.319245389 -0.216861060 0.332241032
v 0.318012273 -0.192245653 0.323316142
v 0.322556140 -0.173641351 0.304673742
v 0.325365539 -0.153237217 0.287964146
v 0.318120876 -0.128261404 0.283730374
v 0.306264752 -0.104318441 0.282924434
v 0.299210917 -0.080985922 0.272267673
v 0.292631096 -0.058466742 0.259343544
v 0.285085542 -0.036547808 0.245924760
v 0.280435953 -0.016080545 0.229864350
v 0.282218275 0.002374017 0.210615263
v 0.269547721 0.021990836 0.199497771
v 0.249771385 0.038377302 0.192375072
v 0.244594710 0.057150607 0.174946210
v 0.240407318 0.076100569 0.157307133
v 0.218984750 0.088555750 0.147919300
v 0.203524124 0.103168249 0.133524275
v 0.199846369 0.122467262 0.115484591
v 0.179802352 0.132613745 0.102645843
v 0.159973341 0.141573090 0.088598696
v 0.153089269 0.160805644 0.071387465
v 0.132978408 0.167664930 0.056991081
v 0.112455901 0.172404630 0.041922282
v 0.101649890 0.190800594 0.025870845
v 0.080897958 0.192647983 0.010719502
v 0.060989031 0.195080069 -0.005338411
v 0.045934369 0.211463320 -0.019999673
v 0.025679173 0.207773311 -0.035942535
v 0.006054652 0.208541899 -0.052317365
v -0.012970367 0.221646595 -0.065454896
v -0.031540384 0.213952864 -0.082230398
v -0.051082616 0.211438768 -0.098650534
v -0.073279654 0.221047290 -0.109815629
v -0.090722517 0.211998759 -0.126874282
v -0.108271037 0.203562642 -0.144058410
v -0.132796052 0.208833711 -0.153213552
v -0.152459843 0.201927910 -0.168076366
v -0.164780869 0.187622779 -0.186931150
v -0.188407922 0.184314322 -0.197581844
v -0.213572304 0.181212820 -0.205010749
v -0.226752993 0.166882318 -0.222752875
v -0.239312196 0.152313007 -0.240891093
v -0.263841213 0.144721633 -0.247197111
v -0.288263784 0.135477951 -0.251730852
v -0.301135308 0.119500042 -0.268193781
v -0.309967649 0.103054174 -0.287293837
v -0.329554398 0.088153396 -0.296125281
v -0.352868301 0.075043555 -0.295198516
v -0.370660562 0.058100285 -0.301735097
v -0.372024577 0.043350450 -0.323872021
v -0.387765016 0.025185317 -0.332205496
v -0.407816930 0.007875323 -0.328418489
v -0.425499679 -0.011950941 -0.327348331
v -0.436425020 -0.032873799 -0.339286991
v -0.443062641 -0.051774319 -0.357056011
v -0.451786796 -0.072320286 -0.371532278
v -0.465252194 -0.095024911 -0.372840047
v -0.478736769 -0.116677558 -0.364827830
v -0.490415119 -0.139336567 -0.356824534
v -0.499796042 -0.164054404 -0.357990586
v -0.506340978 -0.186863765 -0.370220421
v -0.511948675 -0.208400728 -0.385119781
v -0.518241076 -0.231868865 -0.396002125
v -0.525134083 -0.257362014 -0.395695307
v -0.530575728 -0.281205413 -0.385100172
v -0.534043498 -0.303720175 -0.371029489
v -0.536214299 -0.327443209 -0.358958469
v -0.538324990 -0.353598657 -0.355123745
v -0.541176175 -0.379516846 -0.360726111
v -0.544411059 -0.404306875 -0.370333767
v -0.547331982 -0.429506070 -0.378857876
v -0.548916900 -0.455899980 -0.381622158
v -0.547786953 -0.481512245 -0.374817461
v -0.543466196 -0.503200350 -0.359858954
v -0.536995781 -0.521938792 -0.341882625
v -0.529156670 -0.540060937 -0.323789027
v -0.521080687 -0.560519191 -0.308663315
v -0.514558326 -0.584714269 -0.299692244
v -0.510912001 -0.611130325 -0.297920211
v -0.508822217 -0.637787127 -0.299330522
v -0.506784103 -0.664447456 -0.300795428
v -0.503335636 -0.690941698 -0.299677429
v -0.496524317 -0.715680342 -0.292677816
v -0.485768702 -0.735849777 -0.279105272
v -0.472059204 -0.750057599 -0.261178172
v -0.456554504 -0.759496531 -0.241506573
v -0.440128248 -0.767152012 -0.221784915
v -0.423126991 -0.775310071 -0.202769481
v -0.406407376 -0.787497984 -0.185888588
v -0.391532021 -0.804923825 -0.172238478
v -0.379808248 -0.826847675 -0.162424119
v -0.369989200 -0.850448628 -0.154435165
v -0.360517814 -0.874202356 -0.146464362
v -0.350019019 -0.896975485 -0.137094486
v -0.336857098 -0.916665193 -0.124781400
v -0.320299074 -0.930423454 -0.109167414
v -0.301292704 -0.936726251 -0.091666586
v -0.281264013 -0.936379165 -0.074013144
v -0.261023694 -0.931608060 -0.057155420
v -0.240616694 -0.925160915 -0.041045777
v -0.219800734 -0.919434677 -0.025212451
v -0.198545441 -0.916908298 -0.009199160
v -0.177777843 -0.920720670 0.007073971
v -0.158896041 -0.930688201 0.023135357
v -0.141786656 -0.943847470 0.038965289
v -0.125513089 -0.957839151 0.054994141
v -0.108829899 -0.970347996 0.071778447
v -0.090770662 -0.979193622 0.089343622
v -0.071020598 -0.981901771 0.106962226
v -0.050390608 -0.976836690 0.122982495
v -0.030464400 -0.964360987 0.135619631
v -0.011760400 -0.947864093 0.145317799
v 0.006270665 -0.929791377 0.153416101
v 0.024428588 -0.911746567 0.161297001
v 0.043624907 -0.895749070 0.170800304
v 0.064042852 -0.884656006 0.183889104
v 0.084300842 -0.879313946 0.200418347
v 0.103297419 -0.878164097 0.219251896
v 0.121479058 -0.877640427 0.238913858
v 0.139423504 -0.875466446 0.258666192
v 0.157577234 -0.868405767 0.276911327
v 0.175495212 -0.855025517 0.291301560
v 0.191702274 -0.835460857 0.299107219
v 0.205500422 -0.812637809 0.300840800
v 0.217893041 -0.788937643 0.299601538
v 0.230133480 -0.765172549 0.298006132
v 0.243547017 -0.742067883 0.299094797
v 0.258854323 -0.721803775 0.307083160
v 0.274370788 -0.705654099 0.321571654
v 0.288826250 -0.691949197 0.339467587
v 0.302208535 -0.677502290 0.357597381
v 0.314772883 -0.659847155 0.373219583
v 0.326052557 -0.637222699 0.381298410
v 0.335191466 -0.612342018 0.379658723
v 0.342499568 -0.587894983 0.371622645
v 0.349173715 -0.563855517 0.361874142
v 0.356520374 -0.539016926 0.355423122
v 0.364771886 -0.513938144 0.357867663
v 0.372244568 -0.490976680 0.369216248
v 0.378048526 -0.468975019 0.383332135
v 0.382485358 -0.445271112 0.394749183
v 0.386146688 -0.419174506 0.396708028
v 0.389534678 -0.394693260 0.386921828
v 0.392797559 -0.372589168 0.372166592
v 0.395775829 -0.349453672 0.359109148
v 0.397140564 -0.323185667 0.356274301
v 0.395588915 -0.297564860 0.363585894
v 0.391806013 -0.272494011 0.372134280
v 0.388013532 -0.246304368 0.372488995
v 0.387546013 -0.223296977 0.359324150
v 0.388873957 -0.203370467 0.341478856
v 0.387707936 -0.180455471 0.328141520
v 0.379909051 -0.155125967 0.327849368
v 0.368384339 -0.131320786 0.331973785
v 0.358605096 -0.107303791 0.327356827
v 0.356858196 -0.087233187 0.309954538
v 0.355906780 -0.067854040 0.291643453
v 0.347493505 -0.045142324 0.280477101
v 0.337177624 -0.022774877 0.269954817
v 0.325967839 -0.001115354 0.258880628
v 0.312372666 0.019481591 0.248933319
v 0.291530240 0.036014344 0.246136510
v 0.275947991 0.053612743 0.235012577
v 0.273057241 0.071792816 0.215598995
v 0.260359125 0.089108598 0.201272390
v 0.236611622 0.099778816 0.195186742
v 0.221982785 0.114807011 0.180142962
v 0.216017538 0.132871380 0.161485574
v 0.194647469 0.142275728 0.150154590
v 0.172244516 0.149031503 0.138421659
v 0.163520939 0.166455291 0.120245160
v 0.145074019 0.175866640 0.105422473
v 0.121490335 0.175866985 0.093308857
v 0.108719413 0.191196611 0.075980978
v 0.090155194 0.198566550 0.060353923
v 0.067921977 0.193746126 0.046631483
v 0.052186695 0.207269475 0.030192237
v 0.032531377 0.210162232 0.014542061
v 0.012565232 0.202266042 -0.000824196
v -0.006048907 0.213798447 -0.015906345
v -0.025712865 0.211069467 -0.031685670
v -0.043497190 0.201211660 -0.048211512
v -0.065010113 0.209529447 -0.061585791
v -0.083519954 0.202444582 -0.077599931
v -0.098948734 0.190095370 -0.094873666
v -0.122656388 0.193893178 -0.106476590
v -0.140913367 0.185173670 -0.121960542
v -0.152503385 0.169608458 -0.140056549
v -0.176394459 0.166900993 -0.150907454
v -0.197690732 0.159021847 -0.163127402
v -0.205513639 0.141757620 -0.181956303
v -0.223569231 0.129755572 -0.195893803
v -0.248344996 0.121956081 -0.202069734
v -0.261608056 0.105845223 -0.217428595
v -0.267323215 0.088254364 -0.236690351
v -0.286350005 0.073323593 -0.246479034
v -0.308907411 0.059347027 -0.249497287
v -0.321010990 0.040615362 -0.262945331
v -0.324430172 0.022612439 -0.282465495
v -0.337672436 0.004173228 -0.292142350
v -0.358104683 -0.011603584 -0.286694356
v -0.364485500 -0.031844031 -0.302483891
v -0.367231264 -0.050547021 -0.321415093
v -0.376971938 -0.072452151 -0.331978815
v -0.391770836 -0.094534229 -0.329639714
v -0.404698929 -0.117678258 -0.326686507
v -0.411520500 -0.141555024 -0.335301454
v -0.413307291 -0.161930067 -0.352528168
v -0.415480837 -0.183032186 -0.368742489
v -0.421659323 -0.208134373 -0.373749666
v -0.429204049 -0.232885443 -0.367239647
v -0.435078107 -0.257427914 -0.358342197
v -0.438325603 -0.283666475 -0.356458075
v -0.439008732 -0.308257339 -0.366576395
v -0.438774919 -0.330535242 -0.381442654
v -0.438573190 -0.354059799 -0.394048805
v -0.438552513 -0.380312163 -0.397002172
v -0.437835003 -0.405444577 -0.388361429
v -0.435643146 -0.428310400 -0.374627119
v -0.431839229 -0.451296155 -0.361497666
v -0.426982451 -0.476590480 -0.355061634
v -0.422628299 -0.502589961 -0.358704769
v -0.419102911 -0.527528868 -0.367779292
v -0.415492861 -0.552386661 -0.377056569
v -0.410562845 -0.578150597 -0.381732182
v -0.403324701 -0.603276339 -0.377463596
v -0.393876970 -0.624350212 -0.364139410
v -0.382962271 -0.641290322 -0.346549263
v -0.370931772 -0.656661733 -0.328208794
v -0.357850678 -0.673462064 -0.312047608
v -0.344863694 -0.694025456 -0.301261893
v -0.333752994 -0.718062042 -0.297875098
v -0.324476661 -0.743150773 -0.298844304
v -0.315613114 -0.768366219 -0.300604586
v -0.305822154 -0.793275602 -0.300542208
v -0.293366025 -0.816181273 -0.295001863
v -0.278304754 -0.834665455 -0.283230630
v -0.261485922 -0.846000537 -0.265945912
v -0.244135033 -0.852079811 -0.246526552
v -0.226423259 -0.855458901 -0.226730215
v -0.208047329 -0.858562454 -0.207501297
v -0.188833288 -0.864572826 -0.189928185
v -0.169605352 -0.875766511 -0.175215346
v -0.152072080 -0.892995944 -0.164716429
v -0.136074620 -0.912785397 -0.156408981
v -0.120718208 -0.933308524 -0.148628934
v -0.104815463 -0.952884801 -0.139664087
v -0.087363532 -0.969448801 -0.128099724
v -0.068160877 -0.980470574 -0.113362467
v -0.048105870 -0.983848702 -0.096200906
v -0.028665737 -0.979364743 -0.078452774
v -0.010222277 -0.970135642 -0.061396097
v 0.007773313 -0.958814067 -0.045107326
v 0.026091700 -0.947413473 -0.029239278
v 0.045501919 -0.938142675 -0.013317612
v 0.066411527 -0.934897450 0.002942534
v 0.087443873 -0.937914262 0.019097847
v 0.107657698 -0.945407294 0.034950645
v 0.127109086 -0.954588467 0.050914955
v 0.146463845 -0.962803240 0.067481981
v 0.166118780 -0.967885409 0.084851153
v 0.185987582 -0.967388836 0.102610338
v 0.204983973 -0.958921543 0.119200704
v 0.221506496 -0.942827692 0.132604976
v 0.235720983 -0.922732341 0.143018508
v 0.248519941 -0.900776114 0.151437491
v 0.261063953 -0.878410599 0.159182824
v 0.274936280 -0.857386401 0.168188755
v 0.291026105 -0.839784888 0.180159483
v 0.308964251 -0.828016825 0.195980020
v 0.327114887 -0.821081423 0.214374020
v 0.344706448 -0.815815777 0.233871658
v 0.361570253 -0.809453809 0.253664049
v 0.377546627 -0.799290123 0.272494803
v 0.392011718 -0.783536270 0.288364591
v 0.403240443 -0.761321697 0.297671941
v 0.411270091 -0.736063824 0.300817613
v 0.417244063 -0.709986073 0.300113488
v 0.422642916 -0.683813942 0.298284905
v 0.428937228 -0.657801728 0.298207983
v 0.437769012 -0.633401733 0.304346938
v 0.448317176 -0.612752515 0.317449979
v 0.458873556 -0.595295476 0.334775760
v 0.468279671 -0.578186376 0.353100838
v 0.476263268 -0.558903648 0.369823951
v 0.481841534 -0.535038351 0.380179526
v 0.484698486 -0.508693345 0.380871787
v 0.485589679 -0.482885642 0.374013142
v 0.485699673 -0.457950125 0.364227271
v 0.486047293 -0.432376744 0.356437616
v 0.487208437 -0.405866343 0.356213285
v 0.488541631 -0.381076438 0.365833652
v 0.488731166 -0.358230013 0.379789051
v 0.487207257 -0.334741795 0.392446958
v 0.484072588 -0.308927696 0.397451012
v 0.480711500 -0.283665419 0.390184492
v 0.477959014 -0.261150813 0.375998715
v 0.474997081 -0.238608275 0.361880744
v 0.470119805 -0.213320613 0.355752950
v 0.462456452 -0.188431166 0.361249959
v 0.452635152 -0.165250593 0.370364696
v 0.441784670 -0.141234435 0.373669207
v 0.433994373 -0.118179310 0.363517177
v 0.429831015 -0.098393158 0.345980017
v 0.424036593 -0.077463467 0.330567348
v 0.411439976 -0.054635768 0.327001792
v 0.394512990 -0.034344023 0.331211126
v 0.377585700 -0.014031277 0.329947631
v 0.363515189 0.006523898 0.320126531
v 0.348882656 0.026272650 0.309481420
v 0.333602277 0.045191734 0.298256080
v 0.319531321 0.063367041 0.284858532
v 0.313560783 0.080770554 0.265424278
v 0.300951822 0.098074177 0.250456736
v 0.277236855 0.109609978 0.246854676
v 0.255103075 0.121131779 0.238778625
v 0.246049716 0.137577332 0.219957533
v 0.232886662 0.152791045 0.203289498
v 0.207609647 0.157981068 0.196740831
v 0.186319795 0.165945961 0.184375301
v 0.176471045 0.182066274 0.165438585
v 0.155862081 0.189209704 0.151949372
v 0.131199518 0.187655964 0.142102483
v 0.116560518 0.200293464 0.124289570
v 0.098777895 0.209070148 0.107990472
v 0.075605791 0.202016232 0.096739820
v 0.057701015 0.209892214 0.079792808
v 0.039289412 0.217317501 0.063363049
v 0.018939705 0.206061564 0.050264995
v -0.000291426 0.211076889 0.033700624
v -0.020122935 0.214315420 0.017816752
v -0.036960651 0.199830053 0.003026642
v -0.057485657 0.202950636 -0.012720093
v -0.077575085 0.200624797 -0.028156243
v -0.090796979 0.184155289 -0.044385721
v -0.112776804 0.184457518 -0.058732462
v -0.131966511 0.177358422 -0.073792872
v -0.141610512 0.159557764 -0.091110674
v -0.164033676 0.155204301 -0.104092934
v -0.183318603 0.145581603 -0.117940568
v -0.189037550 0.126832971 -0.136135471
v -0.208692857 0.115963016 -0.149129502
v -0.230353607 0.105197887 -0.159354205
v -0.235000957 0.086595947 -0.177669707
v -0.245152165 0.069196927 -0.193946557
v -0.267312251 0.055680786 -0.200315802
v -0.279898921 0.037221112 -0.213188270
v -0.280287882 0.018798335 -0.232587859
v -0.291301750 -0.000759069 -0.245587514
v -0.310015903 -0.019678893 -0.248427426
v -0.316863096 -0.039436210 -0.260883677
v -0.313554242 -0.055385847 -0.280509208
v -0.327632081 -0.077591048 -0.283923209
v -0.340659404 -0.100779595 -0.285161547
v -0.343571275 -0.123113653 -0.298599482
v -0.341073071 -0.141661338 -0.317748415
v -0.343027523 -0.164228187 -0.331067761
v -0.351145312 -0.189523974 -0.330586627
v -0.358309790 -0.214985593 -0.326707874
v -0.359944192 -0.240563653 -0.332438272
v -0.356680733 -0.261390303 -0.348796062
v -0.352917515 -0.281586012 -0.365925624
v -0.351601087 -0.306642511 -0.373926381
v -0.352317687 -0.332806355 -0.369096871
v -0.351983224 -0.357960016 -0.359930894
v -0.348846322 -0.384022508 -0.355788494
v -0.343217936 -0.408659920 -0.363841226
v -0.337128953 -0.430318845 -0.378353753
v -0.330812953 -0.452440917 -0.391964430
v -0.323961177 -0.477393961 -0.397490136
v -0.316717428 -0.502024828 -0.390805882
v -0.308796087 -0.523873761 -0.377570471
v -0.299425151 -0.544881759 -0.363889964
v -0.288293187 -0.567541562 -0.355550930
v -0.277007684 -0.591517107 -0.357323763
v -0.266854875 -0.614791094 -0.365742071
v -0.256965393 -0.637727722 -0.375415782
v -0.245787945 -0.661227481 -0.381395526
v -0.232544644 -0.684048608 -0.379114405
v -0.217984423 -0.703054234 -0.367483889
v -0.203060063 -0.717112320 -0.350297147
v -0.187592308 -0.728975153 -0.331934429
v -0.170836663 -0.741197041 -0.315029513
v -0.152955102 -0.756766311 -0.302943676
v -0.135511873 -0.776310770 -0.297933171
v -0.119764471 -0.797952259 -0.298514512
v -0.104596426 -0.819952548 -0.300377690
v -0.088736277 -0.841496938 -0.300674715
v -0.071169375 -0.861157966 -0.296645277
v -0.051966449 -0.876307652 -0.286273925
v -0.032592529 -0.884068948 -0.269701744
v -0.014059429 -0.886410941 -0.250600871
v 0.003917490 -0.885357245 -0.230788941
v 0.022301948 -0.883371773 -0.211416927
v 0.041986195 -0.883160732 -0.193311524
v 0.063290770 -0.887907238 -0.178028399
v 0.084906480 -0.898673450 -0.166650927
v 0.105752992 -0.913023999 -0.157962162
v 0.125995957 -0.928764950 -0.150219104
v 0.146414981 -0.943752736 -0.141565929
v 0.167459901 -0.956110493 -0.130707715
v 0.188966278 -0.963422923 -0.116762788
v 0.209510092 -0.962641233 -0.099879001
v 0.227571632 -0.954307226 -0.082104516
v 0.243362815 -0.941353213 -0.064859424
v 0.257852307 -0.925979292 -0.048411452
v 0.272274712 -0.909969938 -0.032498416
v 0.288265875 -0.895562554 -0.016612718
v 0.306904545 -0.885460879 -0.000409986
v 0.327679555 -0.881269818 0.015820186
v 0.349174469 -0.882823169 0.031699871
v 0.370439179 -0.886336852 0.047603699
v 0.391368446 -0.889525975 0.064002726
v 0.411853118 -0.890234964 0.081193826
v 0.431297479 -0.885938640 0.098979575
v 0.447887526 -0.873760671 0.115863434
v 0.460585223 -0.855186497 0.130076956
v 0.469669420 -0.832649521 0.141154838
v 0.476457239 -0.808269630 0.149882200
v 0.482598652 -0.783371345 0.157618452
v 0.489903699 -0.759090941 0.166175974
v 0.499865535 -0.736893781 0.177215721
v 0.513664278 -0.719934817 0.192504529
v 0.529170668 -0.707562484 0.210426690
v 0.544825502 -0.697701724 0.229788378
v 0.559632163 -0.687444262 0.249595555
v 0.572912246 -0.674465088 0.268821136
v 0.583446424 -0.656608632 0.285537852
v 0.589347004 -0.632985585 0.296240342
v 0.591265692 -0.606778269 0.300794473
v 0.590307200 -0.580030365 0.300405894
v 0.588588525 -0.553361383 0.298569960
v 0.587543903 -0.526631331 0.298014923
v 0.588842479 -0.500342902 0.302399441
v 0.593173276 -0.476923692 0.314303235
v 0.598714046 -0.456783542 0.331005182
v 0.603591871 -0.437929465 0.349391541
v 0.606655999 -0.417701210 0.366602104
v 0.606595812 -0.394048031 0.378870400
v 0.602939632 -0.367918049 0.381505603
v 0.597203932 -0.342507297 0.375778207
v 0.590775223 -0.318325998 0.366227898
v 0.584305591 -0.293831631 0.357600333
v 0.578266765 -0.268035440 0.355343406
v 0.572947716 -0.243217521 0.363256542
v 0.567335347 -0.220866245 0.376857526
v 0.560101629 -0.198843279 0.390211191
v 0.550626761 -0.175117889 0.397413592
v 0.540488861 -0.151175620 0.392553127
v 0.531690000 -0.129810954 0.379123647
v 0.523118467 -0.109124133 0.364435546
v 0.512383936 -0.086374938 0.355975860
v 0.498827112 -0.063824642 0.359485625
v 0.483562652 -0.043817325 0.368618003
v 0.466820808 -0.023797028 0.373942088
v 0.452103442 -0.003266406 0.366600764
v 0.442364677 0.015019326 0.349711951
v 0.432227757 0.033305812 0.333101301
v 0.416360181 0.052817095 0.324328006
v 0.398797701 0.071627932 0.316902674
v 0.380614126 0.089559017 0.308824184
v 0.361848926 0.106569558 0.300110120
v 0.340318763 0.121131435 0.295170234
v 0.315483337 0.131062511 0.296115880
v 0.293788566 0.143078441 0.287747088
v 0.282767458 0.158194804 0.268676072
v 0.268147875 0.172400984 0.252020654
v 0.242851779 0.178522301 0.247242383
v 0.217435102 0.182666515 0.241186347
v 0.202755326 0.195258156 0.223237618
v 0.188086063 0.207920333 0.205307931
v 0.162800627 0.207880216 0.197706932
v 0.138727751 0.207669875 0.187382832
v 0.124538217 0.220133678 0.168536292
v 0.104372503 0.224824391 0.153444967
v 0.080737949 0.216317605 0.144362577
v 0.062032136 0.221894555 0.127323123
v 0.043713680 0.229019305 0.110140531
v 0.022936154 0.216701810 0.098933500
v 0.003182630 0.215999910 0.082654033
v -0.016174356 0.221541076 0.065843528
v -0.033391197 0.206261811 0.052664356
v -0.052639818 0.202332239 0.036335702
v -0.073254305 0.203723952 0.020394278
v -0.086118130 0.185625274 0.005732694
v -0.105297968 0.180076108 -0.010370474
v -0.125840924 0.175950347 -0.025470398
v -0.134149518 0.156295265 -0.041493843
v -0.153555660 0.148500209 -0.056688289
v -0.172921709 0.139419845 -0.070971846
v -0.177217998 0.119437413 -0.088160878
v -0.195293452 0.107646519 -0.102389094
v -0.214198741 0.095206455 -0.115066412
v -0.215408224 0.075596353 -0.133071453
v -0.228293319 0.058897036 -0.147715667
v -0.248115758 0.043856370 -0.156961002
v -0.250113499 0.024493753 -0.174474859
v -0.252363604 0.005234287 -0.192050529
v -0.269653875 -0.013644343 -0.199351932
v -0.279990191 -0.034752526 -0.210199807
v -0.275896678 -0.052875376 -0.229385647
v -0.280927241 -0.073374120 -0.241799844
v -0.294990979 -0.094579281 -0.242556576
v -0.290814637 -0.113338043 -0.260924106
v -0.287308225 -0.132600370 -0.278749485
v -0.294124532 -0.157527609 -0.283965861
v -0.301441793 -0.183206164 -0.284409648
v -0.299824822 -0.206638412 -0.295847076
v -0.292600662 -0.224012038 -0.314883340
v -0.287629369 -0.245087285 -0.329976244
v -0.288339187 -0.271519172 -0.331218910
v -0.289028390 -0.297935000 -0.326996732
v -0.284752589 -0.323648507 -0.330603880
v -0.276326897 -0.343627093 -0.346043074
v -0.267328074 -0.361692031 -0.363636823
v -0.259163336 -0.384707779 -0.373686923
v -0.252790530 -0.410258073 -0.370326683
v -0.246115365 -0.434545900 -0.361243444
v -0.236754877 -0.458842546 -0.355581887
v -0.224880477 -0.481637038 -0.362011375
v -0.213228670 -0.501202092 -0.376048536
v -0.201428894 -0.520594829 -0.390215355
v -0.188409906 -0.542511769 -0.397573230
v -0.174863330 -0.564767663 -0.392563438
v -0.161526809 -0.584091551 -0.379760809
v -0.147205084 -0.601875298 -0.365776268
v -0.130776793 -0.620518698 -0.356167486
v -0.113432781 -0.640611930 -0.356425965
v -0.097337948 -0.660450894 -0.364286848
v -0.081765858 -0.679964103 -0.373988714
v -0.065129744 -0.699672508 -0.381041417
v -0.046499472 -0.718561014 -0.380121362
v -0.027386233 -0.733647520 -0.369596672
v -0.009124856 -0.744074268 -0.353098373
v 0.008891319 -0.751575871 -0.334762316
v 0.027892488 -0.758673631 -0.317287551
v 0.049058695 -0.768445424 -0.304343122
v 0.071045434 -0.782205483 -0.298419364
v 0.092164830 -0.798621065 -0.298262342
v 0.112629222 -0.815806772 -0.300068451
v 0.133478637 -0.832573267 -0.300777574
v 0.155381645 -0.847605999 -0.297930141
v 0.177950841 -0.857650374 -0.288113181
v 0.199177718 -0.861405712 -0.272513020
v 0.217969897 -0.859382137 -0.253641748
v 0.235107218 -0.853807078 -0.233836105
v 0.252164764 -0.847070364 -0.214314789
v 0.270635017 -0.841184465 -0.195865387
v 0.292161591 -0.839523902 -0.180186696
v 0.315639485 -0.843068829 -0.168004622
v 0.339553695 -0.851276757 -0.159218439
v 0.363270971 -0.860984306 -0.151421900
v 0.386927052 -0.870328403 -0.143043993
v 0.410564816 -0.877473528 -0.132747902
v 0.433389970 -0.879434417 -0.119117164
v 0.453499551 -0.874242768 -0.102521122
v 0.469563859 -0.862561339 -0.084788110
v 0.481901085 -0.846457431 -0.067389870
v 0.491919821 -0.827940983 -0.050843907
v 0.501550556 -0.808684356 -0.034911104
v 0.512736879 -0.790264356 -0.019052853
v 0.527166571 -0.774624815 -0.002907632
v 0.545857209 -0.764703814 0.013334171
v 0.566748031 -0.759732935 0.029270826
v 0.588192463 -0.757302861 0.045125241
v 0.609375696 -0.755149249 0.061378033
v 0.629478174 -0.750783654 0.078486768
v 0.647333781 -0.741967931 0.096226685
v 0.661183691 -0.727176610 0.113426608
v 0.669658836 -0.706793536 0.128314095
v 0.672822097 -0.682815487 0.139686873
v 0.673102396 -0.657564301 0.148582582
v 0.672484562 -0.631956044 0.156417494
v 0.672681941 -0.606478916 0.164656748
v 0.676059624 -0.582274824 0.175398643
v 0.684008235 -0.561382433 0.189937223
v 0.695379730 -0.544810782 0.207540017
v 0.707883761 -0.531025891 0.226799832
v 0.719740968 -0.517422843 0.246588744
v 0.729727343 -0.502046687 0.266081739
v 0.735509216 -0.482349408 0.283087319
v 0.736199071 -0.458705362 0.295220534
v 0.731500205 -0.432988558 0.300325950
v 0.723852966 -0.407355598 0.300574658
v 0.715182618 -0.382075639 0.298816628
v 0.706970942 -0.356614998 0.297963120
v 0.700703578 -0.330875824 0.301161888
v 0.698185597 -0.306647041 0.312008652
v 0.698074602 -0.285467796 0.328310681
v 0.698050509 -0.265917306 0.346617474
v 0.695955256 -0.245772085 0.364085021
v 0.690474470 -0.223486234 0.377626427
v 0.680523039 -0.199196525 0.381899556
v 0.668384770 -0.175979303 0.376975311
v 0.655815493 -0.154202595 0.367781565
v 0.643131270 -0.132495242 0.358563938
v 0.630416160 -0.109345525 0.354881275
v 0.618552624 -0.086428174 0.361379739
v 0.607333765 -0.066086819 0.374661780
v 0.594867470 -0.046807235 0.388427751
v 0.579835154 -0.026624173 0.397087779
v 0.563537950 -0.005965082 0.394204806
v 0.549142290 0.012595965 0.381461339
v 0.535547503 0.030194165 0.366536874
v 0.519725824 0.049084122 0.356554866
v 0.500952682 0.067710937 0.358239749
v 0.481089422 0.083254333 0.367210729
v 0.459849045 0.098012726 0.373788972
v 0.438746286 0.113804599 0.370230931
v 0.417819823 0.129084711 0.363446630
v 0.396496537 0.143468669 0.355973230
v 0.374817905 0.156924713 0.347824351
v 0.353278374 0.169590557 0.338333645
v 0.337894156 0.182890211 0.321163023
v 0.323419855 0.196163154 0.303076935
v 0.300449217 0.205907504 0.295172787
v 0.273927115 0.209328834 0.296201277
v 0.248778981 0.214136627 0.290174542
v 0.233060759 0.225314125 0.271856079
v 0.216782499 0.236149726 0.253944545
v 0.191298694 0.237005440 0.247571536
v 0.165285390 0.233425964 0.243104906
v 0.146254363 0.240089054 0.226408971
v 0.130002460 0.249690073 0.207689548
v 0.105954768 0.245215089 0.198551083
v 0.082383901 0.236923755 0.189939868
v 0.064606505 0.243708661 0.171573403
v 0.044825251 0.246159193 0.155100775
v 0.024020139 0.231979622 0.146235833
v 0.004089789 0.229166194 0.130270160
v -0.015022450 0.233637145 0.112574630
v -0.032608041 0.218017427 0.100780744
v -0.050797151 0.208548299 0.085464258
v -0.071061591 0.210897031 0.068422839
v -0.084967202 0.193431922 0.054785452
v -0.100799743 0.181143015 0.038940466
v -0.121885682 0.179341873 0.022987248
v -0.131044906 0.159664264 0.008168741
v -0.145551033 0.146394504 -0.008042646
v -0.166190652 0.139412737 -0.022844795
v -0.170142404 0.118613901 -0.038802310
v -0.183761953 0.103970641 -0.054675669
v -0.202694780 0.091991530 -0.068276434
v -0.202421177 0.071591620 -0.085309373
v -0.213476526 0.054383186 -0.100694753
v -0.230936731 0.038517417 -0.112423684
v -0.228472984 0.019030983 -0.130109460
v -0.233109044 -0.000507251 -0.146116465
v -0.249293504 -0.019775542 -0.155011988
v -0.249027440 -0.039743100 -0.171407451
v -0.243882927 -0.058048395 -0.189849300
v -0.254465431 -0.080685021 -0.198507476
v -0.260792242 -0.103717734 -0.207960750
v -0.248909724 -0.115795355 -0.227852823
v -0.255278586 -0.140327813 -0.234940801
v -0.259982684 -0.165722881 -0.240635675
v -0.252113752 -0.184005584 -0.257980858
v -0.242835076 -0.200529526 -0.276664350
v -0.241762786 -0.225684888 -0.283904553
v -0.242681265 -0.252417905 -0.283971315
v -0.236166486 -0.275887656 -0.293340664
v -0.224738507 -0.291187489 -0.312045743
v -0.213947802 -0.308925025 -0.328538317
v -0.207141430 -0.334199532 -0.331734828
v -0.201205145 -0.359948825 -0.327448451
v -0.191043737 -0.384260698 -0.329121768
v -0.177703934 -0.402204966 -0.343421470
v -0.164297813 -0.417066492 -0.361214593
v -0.150351363 -0.436169740 -0.373134336
v -0.137260524 -0.459121640 -0.371386861
v -0.124587684 -0.480988511 -0.362568336
v -0.109643662 -0.502028130 -0.355775151
v -0.092180981 -0.521376395 -0.360386630
v -0.075619457 -0.537481723 -0.373814183
v -0.059287892 -0.552878533 -0.388416617
v -0.041237846 -0.570248242 -0.397436022
v -0.022177977 -0.588397852 -0.393988534
v -0.004111867 -0.603970209 -0.381902689
v 0.014146281 -0.617434645 -0.367665928
v 0.034548185 -0.630897352 -0.356911074
v 0.056668780 -0.645597704 -0.355589244
v 0.077617628 -0.660516546 -0.362878406
v 0.097784031 -0.675234196 -0.372579563
v 0.118748424 -0.689878677 -0.380395016
v 0.141564346 -0.703600515 -0.381080677
v 0.164212746 -0.713680696 -0.371603904
v 0.184887632 -0.719502667 -0.355758601
v 0.204247833 -0.722227769 -0.337458402
v 0.224256288 -0.724069704 -0.319773004
v 0.246718290 -0.727319522 -0.305701226
v 0.271476721 -0.734345236 -0.298906082
v 0.296282972 -0.744249844 -0.298004634
v 0.320569370 -0.755408414 -0.299795169
v 0.345004498 -0.766301369 -0.300970407
v 0.370038609 -0.775242217 -0.298534286
v 0.394774020 -0.779995785 -0.289982950
v 0.416837375 -0.778940864 -0.275198745
v 0.434752945 -0.772386615 -0.256491761
v 0.450144959 -0.762914886 -0.236754802
v 0.464694601 -0.751991108 -0.217097861
v 0.480812817 -0.741359054 -0.198575836
v 0.500259303 -0.733201192 -0.182209503
v 0.523557922 -0.729968483 -0.169677120
v 0.548642251 -0.730989106 -0.160451809
v 0.574077158 -0.733957887 -0.152609079
v 0.599416363 -0.736949729 -0.144466953
v 0.624145807 -0.737781503 -0.134332132
v 0.647100876 -0.734460552 -0.121223029
v 0.666208672 -0.725399456 -0.105110051
v 0.679562560 -0.710615612 -0.087408788
v 0.687447456 -0.691951442 -0.069944932
v 0.692505756 -0.671608260 -0.053289822
v 0.696707057 -0.650559745 -0.037264162
v 0.702087167 -0.629652107 -0.021427288
v 0.711362038 -0.610481107 -0.005322217
v 0.726002001 -0.595231914 0.010944903
v 0.744348847 -0.584187936 0.026938387
v 0.764365679 -0.576071482 0.042771384
v 0.784249846 -0.568394228 0.058986052
v 0.802795016 -0.559239665 0.075948787
v 0.818489452 -0.546845740 0.093618790
v 0.829278871 -0.529891641 0.111128480
v 0.832434425 -0.508144829 0.126201118
v 0.829882570 -0.484366085 0.138059399
v 0.823930999 -0.459991931 0.147341590
v 0.816592055 -0.435478024 0.155250669
v 0.809845785 -0.410863756 0.163346474
v 0.806112865 -0.386497973 0.173645127
v 0.807150702 -0.363677236 0.187410193
v 0.813520649 -0.344441885 0.204853921
v 0.821804634 -0.327539674 0.223892446
v 0.829911698 -0.311378081 0.243652250
v 0.835601232 -0.293994044 0.263163503
v 0.837137265 -0.274107608 0.280856745
v 0.832529845 -0.251441583 0.293901532
v 0.821754615 -0.227800413 0.299845304
v 0.807986839 -0.204908754 0.300844052
v 0.792969543 -0.182795247 0.299151264
v 0.778136229 -0.160539274 0.297855728
v 0.765009786 -0.137462848 0.300438892
v 0.755360259 -0.114476300 0.309829530
v 0.749456278 -0.093786517 0.325711985
v 0.744302675 -0.074781917 0.343859843
v 0.737480155 -0.056034467 0.361699369
v 0.726844517 -0.036160005 0.375870755
v 0.711569855 -0.015341641 0.382028244
v 0.693781296 0.004167245 0.378153555
v 0.675894000 0.021962915 0.369231732
v 0.657967149 0.039473340 0.359797033
v 0.639625947 0.058193683 0.354804607
v 0.621892990 0.077359604 0.359864117
v 0.605605467 0.094398888 0.372509452
v 0.588826306 0.109770692 0.386628965
v 0.569422362 0.125162385 0.396577858
v 0.548134918 0.140886716 0.395425831
v 0.528962883 0.155214793 0.383603432
v 0.511214970 0.168617910 0.368678574
v 0.491528621 0.182550731 0.357377562
v 0.468959815 0.196417140 0.353744572
v 0.445767759 0.209367453 0.350302001
v 0.422191398 0.221376985 0.346137634
v 0.398284688 0.232430155 0.341268837
v 0.373998469 0.242404254 0.336070347
v 0.348280140 0.248768528 0.338257388
v 0.322182786 0.251876050 0.343312476
v 0.296649272 0.256602526 0.338900374
v 0.278136415 0.265315818 0.321864496
v 0.260944228 0.274417096 0.303526070
v 0.236338188 0.277945195 0.295292989
v 0.209841694 0.274421121 0.296199608
v 0.184236580 0.272209848 0.290616188
v 0.165831615 0.278582350 0.272569294
v 0.147491665 0.284953916 0.254460270
v 0.122776864 0.279486829 0.247663013
v 0.098608968 0.269104882 0.243397808
v 0.078233673 0.269950573 0.227118371
v 0.060229787 0.275289194 0.208209279
v 0.038161155 0.265065483 0.198744491
v 0.017613351 0.250439106 0.190541265
v -0.001416755 0.251942639 0.172257607
v -0.021105984 0.249765211 0.155519935
v -0.037563380 0.230793475 0.146576115
v -0.055902362 0.222025510 0.130932109
v -0.075556852 0.221801260 0.113129445
v -0.088698413 0.202468199 0.101170536
v -0.103368502 0.187803344 0.086097725
v -0.123614259 0.185046961 0.069022546
v -0.132883842 0.164942357 0.055247762
v -0.144363808 0.148321245 0.039544614
v -0.164439712 0.141358368 0.023579403
v -0.168563732 0.120173697 0.008703702
v -0.178336923 0.103090416 -0.007503778
v -0.196704502 0.091210781 -0.022258195
v -0.195530692 0.070199089 -0.038201556
v -0.204021043 0.052230616 -0.054210795
v -0.219589642 0.035919970 -0.067689818
v -0.214377575 0.016258329 -0.084676961
v -0.219695273 -0.003282931 -0.100278359
v -0.232759145 -0.023086113 -0.111880824
v -0.225747626 -0.041405864 -0.129447367
v -0.224275449 -0.061269845 -0.145776963
v -0.235030760 -0.084086009 -0.154598115
v -0.230117010 -0.103601311 -0.170722927
v -0.220148156 -0.119732193 -0.189190705
v -0.229385211 -0.143658512 -0.192493694
v -0.220538739 -0.161242039 -0.209196874
v -0.209411314 -0.176655476 -0.227662007
v -0.209077087 -0.202080934 -0.234869766
v -0.207134008 -0.227869044 -0.240376688
v -0.194918247 -0.243785423 -0.257452310
v -0.181486432 -0.256964457 -0.276345733
v -0.173690273 -0.280845365 -0.283883472
v -0.167626130 -0.306901114 -0.283891189
v -0.155278916 -0.328085381 -0.292910629
v -0.140223619 -0.339903544 -0.311548688
v -0.125115334 -0.353900656 -0.328313189
v -0.111805940 -0.376414673 -0.331780151
v -0.099354011 -0.399727391 -0.327522317
v -0.083229386 -0.420652439 -0.328803112
v -0.065558520 -0.434618484 -0.342907590
v -0.048704642 -0.445401395 -0.360705523
v -0.030295547 -0.459906847 -0.373002517
v -0.011560881 -0.478593227 -0.371593894
v 0.006403129 -0.496382475 -0.362810878
v 0.026360707 -0.512715708 -0.356027469
v 0.048329163 -0.526949399 -0.359909107
v 0.068562141 -0.538097745 -0.373390831
v 0.088358526 -0.548617676 -0.388022806
v 0.110296543 -0.560556678 -0.397047709
v 0.133431499 -0.573004054 -0.394061168
v 0.155028127 -0.583291382 -0.382206795
v 0.176237480 -0.591551244 -0.368102270
v 0.199374180 -0.599161025 -0.357248396
v 0.224515207 -0.607465682 -0.355676403
v 0.248752858 -0.616304453 -0.362603235
v 0.272049543 -0.625182997 -0.372400513
v 0.296185231 -0.633750443 -0.380084147
v 0.321703437 -0.640984591 -0.381039433
v 0.346450964 -0.645035927 -0.372219638
v 0.367813670 -0.645063436 -0.356156782
v 0.387302984 -0.642732218 -0.337951638
v 0.407058211 -0.639182068 -0.320233209
v 0.429513069 -0.636402580 -0.306134746
v 0.455110535 -0.636349414 -0.298713796
v 0.481669616 -0.639478786 -0.298084838
v 0.508049741 -0.643777025 -0.299786758
v 0.534498332 -0.647771325 -0.300859152
v 0.561030547 -0.649917709 -0.298647460
v 0.586253609 -0.648205045 -0.290449533
v 0.607128789 -0.641222638 -0.275500356
v 0.623175931 -0.630519368 -0.257049194
v 0.635463135 -0.617284499 -0.237290291
v 0.646654295 -0.602878804 -0.217677179
v 0.659113743 -0.588315714 -0.198990739
v 0.675726767 -0.575342952 -0.182648430
v 0.697207326 -0.565904180 -0.169964194
v 0.721562434 -0.560086792 -0.160589795
v 0.746899802 -0.556279002 -0.152776234
v 0.772097295 -0.552406693 -0.144578006
v 0.796302378 -0.546875110 -0.134637270
v 0.818037364 -0.538060877 -0.121853979
v 0.833760027 -0.524021719 -0.105584148
v 0.842609974 -0.506197832 -0.087898982
v 0.845751094 -0.486274881 -0.070400135
v 0.845399844 -0.465370871 -0.053690838
v 0.843805387 -0.443967007 -0.037666739
v 0.843584280 -0.422386414 -0.021837217
v 0.847293716 -0.401400870 -0.005742829
v 0.856880900 -0.382572317 0.010531362
v 0.871904092 -0.367264520 0.026511381
v 0.888967807 -0.354040415 0.042354103
v 0.906174078 -0.341395071 0.058526149
v 0.921922473 -0.327855097 0.075425513
v 0.933754127 -0.311725948 0.093122404
v 0.939225369 -0.292368191 0.110526314
v 0.937213023 -0.270728686 0.125838655
v 0.928907536 -0.248456338 0.137988168
v 0.916605493 -0.226530058 0.147187780
v 0.903034702 -0.204823531 0.155075175
v 0.890001227 -0.182874732 0.163160374
v 0.879482286 -0.160392903 0.173111307
v 0.874904038 -0.138185897 0.187169047
v 0.875422632 -0.117688666 0.204288432
v 0.878998957 -0.099244396 0.223367758
v 0.882471343 -0.081498000 0.243122857
v 0.883719191 -0.063317487 0.262714135
v 0.880126372 -0.043779401 0.280493011
v 0.869553075 -0.023110425 0.293445217
v 0.853381765 -0.003017577 0.300056861
v 0.833912497 0.015320597 0.300756444
v 0.813618828 0.032724987 0.299167877
v 0.793432220 0.050264222 0.297865162
v 0.774549651 0.069016000 0.300188297
v 0.759270521 0.088594116 0.309712870
v 0.747823950 0.107119893 0.325179321
v 0.737881904 0.124060686 0.343386860
v 0.726475363 0.140365727 0.361276986
v 0.711091279 0.156728047 0.375686247
v 0.690860560 0.172737154 0.381716756
v 0.668626745 0.186958531 0.378334173
v 0.646653729 0.199436463 0.369499776
v 0.624736631 0.211585708 0.360056588
v 0.602129850 0.224769118 0.355038499
v 0.579954230 0.238538992 0.359731499
v 0.559677265 0.250699048 0.372177595
v 0.539397682 0.261161122 0.386179430
v 0.516727073 0.270898054 0.396208359
v 0.491849971 0.280404131 0.397160632
v 0.466604268 0.289150675 0.395268462
v 0.441130362 0.296991155 0.392615594
v 0.415482021 0.303923845 0.389219874
v 0.389710445 0.309944319 0.385096213
v 0.364084447 0.315171916 0.379479884
v 0.342282368 0.321193704 0.365462003
v 0.322786536 0.327545632 0.348233976
v 0.299517304 0.332326770 0.336589445
v 0.273036358 0.332212381 0.337678838
v 0.247071733 0.328501548 0.343058780
v 0.220942490 0.325789987 0.340202935
v 0.200121695 0.328833123 0.323964688
v 0.181461099 0.333300068 0.305328427
v 0.157297519 0.331338521 0.295492302
v 0.132527556 0.321361503 0.296147268
v 0.108298858 0.311724900 0.291974621
v 0.088243330 0.312062781 0.274746307
v 0.069375221 0.314176673 0.256056007
v 0.046874510 0.303779645 0.247920671
v 0.026301287 0.287123548 0.244349411
v 0.006113971 0.280829431 0.229260329
v -0.012416505 0.281944823 0.210038285
v -0.031488796 0.268008362 0.199330585
v -0.047228629 0.247785973 0.192034413
v -0.065878709 0.242567104 0.174342943
v -0.084616382 0.237222572 0.156885694
v -0.096126780 0.215174854 0.147625316
v -0.110499596 0.199798414 0.132944356
v -0.129642944 0.195332370 0.114942655
v -0.138663003 0.174503401 0.102319204
v -0.147372728 0.154821208 0.088037224
v -0.166405997 0.147320956 0.070854476
v -0.171951008 0.126555281 0.056606854
v -0.176588027 0.106242524 0.041388059
v -0.194586628 0.094761854 0.025364241
v -0.195029925 0.073732960 0.010275353
v -0.197493207 0.053953314 -0.005829983
v -0.213160270 0.038230822 -0.020494997
v -0.208188148 0.018126593 -0.036439607
v -0.209046860 -0.001504341 -0.052751815
v -0.221216717 -0.021040649 -0.065935631
v -0.212380275 -0.039175548 -0.082774376
v -0.209934054 -0.058809531 -0.099010281
v -0.218471897 -0.081333549 -0.110272752
v -0.208380884 -0.098156950 -0.127447661
v -0.199830240 -0.115735709 -0.144491704
v -0.204364851 -0.140488723 -0.153497009
v -0.193363376 -0.154248453 -0.169398454
v -0.185134243 -0.171510029 -0.183853539
v -0.184478633 -0.197213798 -0.190874924
v -0.171725948 -0.212896560 -0.207228831
v -0.156516221 -0.223857890 -0.226111807
v -0.148797883 -0.247512418 -0.234550155
v -0.140881792 -0.272404089 -0.239314115
v -0.125255599 -0.285865085 -0.255470522
v -0.108782752 -0.294397869 -0.274694084
v -0.094522545 -0.314340426 -0.283784059
v -0.082027829 -0.338004594 -0.283789251
v -0.064942290 -0.356356501 -0.291292771
v -0.047177636 -0.364259315 -0.309575809
v -0.029106820 -0.373036151 -0.327005324
v -0.010204247 -0.390597410 -0.331975610
v 0.007887681 -0.409904353 -0.327964891
v 0.028630144 -0.426342674 -0.328128672
v 0.049627594 -0.435833329 -0.341180229
v 0.068699830 -0.441762539 -0.359026593
v 0.089971071 -0.450428389 -0.372259045
v 0.113055999 -0.463310892 -0.372325694
v 0.135096787 -0.475858907 -0.363771942
v 0.158374085 -0.486591029 -0.356272265
v 0.183345775 -0.494759487 -0.359083250
v 0.206092041 -0.500360981 -0.371905268
v 0.227895051 -0.505266288 -0.386660177
v 0.251894781 -0.510883925 -0.396680333
v 0.277618632 -0.516888242 -0.395046746
v 0.301347615 -0.521306091 -0.383623626
v 0.323932401 -0.523800524 -0.369452964
v 0.348013593 -0.525087380 -0.357999429
v 0.374372361 -0.526388286 -0.355336922
v 0.400193546 -0.528455804 -0.361738387
v 0.425068472 -0.530848727 -0.371374104
v 0.450419642 -0.532883675 -0.379707362
v 0.476974240 -0.533311940 -0.381372298
v 0.502076677 -0.530900997 -0.373285618
v 0.523375153 -0.525718594 -0.358040886
v 0.541552570 -0.518345517 -0.339812326
v 0.559451913 -0.509841591 -0.321797380
v 0.580099686 -0.501119921 -0.307272013
v 0.604503374 -0.494160520 -0.299354380
v 0.630824139 -0.489772492 -0.297882911
v 0.657403904 -0.486927665 -0.299547466
v 0.683981148 -0.483933984 -0.300887235
v 0.710260963 -0.479340787 -0.299298088
v 0.734339730 -0.471199330 -0.291403300
v 0.753740214 -0.459535986 -0.277421409
v 0.766439987 -0.444979367 -0.258977197
v 0.775150538 -0.429092220 -0.239283380
v 0.782182095 -0.412358530 -0.219588059
v 0.790184560 -0.395046775 -0.200811804
v 0.802242012 -0.378011799 -0.184165067
v 0.819776680 -0.362883905 -0.170973319
v 0.841655507 -0.350749725 -0.161509956
v 0.864973921 -0.340232040 -0.153584408
v 0.888384977 -0.329968860 -0.145577305
v 0.910468183 -0.318419108 -0.135844175
v 0.929078421 -0.304202048 -0.123094604
v 0.941683797 -0.286970422 -0.107269543
v 0.946715758 -0.267628490 -0.089670007
v 0.944780877 -0.247575700 -0.072100807
v 0.938993455 -0.227499405 -0.055355841
v 0.931888838 -0.207285412 -0.039279972
v 0.925641927 -0.186620312 -0.023444108
v 0.922857235 -0.165422082 -0.007398055
v 0.927035091 -0.144694738 0.008882965
v 0.936714219 -0.125640365 0.024914502
v 0.949517827 -0.108242789 0.040732141
v 0.962848003 -0.091533040 0.056870332
v 0.974481830 -0.074328167 0.073735518
v 0.982251686 -0.055842365 0.091345367
v 0.983697769 -0.035898375 0.108922900
v 0.976792326 -0.015492668 0.124541671
v 0.962957496 0.003821219 0.136738304
v 0.945666257 0.021875995 0.146258576
v 0.926937700 0.039263095 0.154271949
v 0.908330891 0.056840258 0.162166747
v 0.892297723 0.075753027 0.172148649
v 0.880916149 0.095844479 0.185495086
v 0.875789212 0.115773037 0.202505206
v 0.874122976 0.134643448 0.221421913
v 0.872973818 0.152746839 0.241130096
v 0.869584371 0.170602824 0.260762617
v 0.861385982 0.188504096 0.278752839
v 0.846937637 0.205904209 0.292788362
v 0.826023165 0.221028316 0.299425043
v 0.802654625 0.233910507 0.300853161
v 0.778511104 0.245399779 0.299399473
v 0.754374849 0.256905533 0.297934972
v 0.731032456 0.269760790 0.299639491
v 0.710593513 0.284522423 0.308290582
v 0.694480047 0.299405018 0.323516145
v 0.680356709 0.313315855 0.341517833
v 0.665178954 0.326052080 0.359513430
v 0.646630386 0.337906461 0.374569089
v 0.623229888 0.348263275 0.381812316
v 0.597997434 0.356251096 0.378950450
v 0.573424110 0.362600874 0.370499231
v 0.549157547 0.368476712 0.360798182
v 0.523941213 0.375115837 0.355006941
v 0.498266412 0.382447432 0.356505115
v 0.472371027 0.389003137 0.358478951
v 0.446205223 0.394595156 0.359707418
v 0.419829831 0.399231807 0.360204514
v 0.393299928 0.402909593 0.359974792
v 0.366663547 0.405577333 0.359168003
v 0.340527287 0.406543288 0.363863938
v 0.315847841 0.405154374 0.374137263
v 0.290473203 0.402219380 0.381928465
v 0.264466160 0.400029668 0.378036765
v 0.242400487 0.400349340 0.363082999
v 0.221761199 0.401215289 0.346061053
v 0.197475259 0.398996420 0.336001872
v 0.172166591 0.391226694 0.338437728
v 0.148126270 0.380574351 0.343424568
v 0.123765440 0.371772727 0.338574243
v 0.103539476 0.370017564 0.321293804
v 0.084009187 0.368943152 0.303103028
v 0.061030815 0.359149294 0.295264410
v 0.040093698 0.342528601 0.296225963
v 0.019174905 0.327839145 0.290182286
v 0.000174712 0.324172480 0.271977366
v -0.018926333 0.320057889 0.254026778
v -0.037267344 0.302398830 0.247598571
v -0.052799539 0.281238042 0.243111654
v -0.070796231 0.272035787 0.226534346
v -0.089002600 0.267178593 0.207751830
v -0.102529408 0.246777602 0.198591417
v -0.112926781 0.224004789 0.190058820
v -0.130157607 0.215919441 0.171686558
v -0.145751220 0.203500118 0.155154774
v -0.150048900 0.178700345 0.146273789
v -0.161762841 0.162279350 0.130380943
v -0.178397677 0.151812479 0.112644203
v -0.179416280 0.128279264 0.100837358
v -0.185089518 0.108507099 0.085566202
v -0.200907903 0.095636413 0.068532597
v -0.198144911 0.073532405 0.054876834
v -0.200210545 0.053576269 0.039045537
v -0.213607801 0.037194632 0.023092325
v -0.205915300 0.016923903 0.008274402
v -0.206332195 -0.002739840 -0.007957174
v -0.215647411 -0.022394508 -0.022746845
v -0.203588141 -0.039722064 -0.038685958
v -0.202420326 -0.059676549 -0.054606684
v -0.207000568 -0.081582309 -0.068184338
v -0.192260873 -0.095637581 -0.085198778
v -0.187488959 -0.115502713 -0.100603991
v -0.188264836 -0.139094474 -0.112337262
v -0.172608658 -0.150926669 -0.129994625
v -0.164801248 -0.168900526 -0.143567474
v -0.159592514 -0.189536216 -0.153903404
v -0.142192323 -0.197269713 -0.172682958
v -0.132391924 -0.217985427 -0.184887083
v -0.123905462 -0.241866198 -0.192572094
v -0.106781899 -0.251310621 -0.210069328
v -0.089461639 -0.259511456 -0.228230900
v -0.076361045 -0.281478496 -0.234994796
v -0.061256492 -0.302275131 -0.240928016
v -0.042676399 -0.309191335 -0.258342031
v -0.024328209 -0.314092372 -0.276982560
v -0.005517276 -0.331040545 -0.283961194
v 0.013104635 -0.350227725 -0.284026119
v 0.034536584 -0.361708792 -0.293592290
v 0.053396954 -0.363986898 -0.312412988
v 0.073729375 -0.368713101 -0.328733988
v 0.096630248 -0.381486951 -0.331635498
v 0.119287918 -0.395091090 -0.327390528
v 0.143839537 -0.404574186 -0.329271385
v 0.165975054 -0.407388746 -0.343703921
v 0.186005687 -0.408096277 -0.361461552
v 0.209466914 -0.411404997 -0.373172442
v 0.235080794 -0.417984487 -0.371340594
v 0.259582604 -0.424037878 -0.362411235
v 0.285155506 -0.427819176 -0.355902390
v 0.311187638 -0.428735064 -0.360460774
v 0.334197195 -0.427993251 -0.374073393
v 0.356666173 -0.426958782 -0.388583117
v 0.381757875 -0.426057339 -0.397189236
v 0.407954320 -0.424952218 -0.393689327
v 0.431654252 -0.422732401 -0.381580820
v 0.454115753 -0.418948756 -0.367504607
v 0.478020227 -0.413652760 -0.356971155
v 0.503907405 -0.408015147 -0.355867938
v 0.529205681 -0.403312204 -0.363038829
v 0.553770036 -0.399080072 -0.372848416
v 0.578951602 -0.394093441 -0.380343416
v 0.604564133 -0.387184911 -0.380798908
v 0.627663032 -0.377956968 -0.371527653
v 0.645960429 -0.367065755 -0.355378193
v 0.661444268 -0.355055529 -0.337136383
v 0.676667247 -0.341906331 -0.319467602
v 0.694797106 -0.328060320 -0.305677987
v 0.716960942 -0.315087006 -0.298660329
v 0.741425856 -0.304288112 -0.298126668
v 0.766318728 -0.294559244 -0.299858816
v 0.791093415 -0.284469531 -0.300836754
v 0.814973529 -0.272729010 -0.298490667
v 0.835469811 -0.258218839 -0.289830499
v 0.849676754 -0.241538772 -0.274742893
v 0.857845174 -0.224138743 -0.256205814
v 0.861428462 -0.206468548 -0.236405864
v 0.863719149 -0.188348059 -0.216814105
v 0.867079043 -0.169439478 -0.198165208
v 0.875129075 -0.149789178 -0.182022637
v 0.888955057 -0.130759088 -0.169445253
v 0.907153236 -0.113456593 -0.160244707
v 0.927020677 -0.097277946 -0.152430684
v 0.946695025 -0.081086367 -0.144191054
v 0.964621752 -0.063947050 -0.134171447
v 0.978422934 -0.045174140 -0.121158535
v 0.984449461 -0.025068198 -0.104794623
v 0.982740304 -0.005256584 -0.087099822
v 0.975108890 0.013441516 -0.069623265
v 0.964040002 0.031215130 -0.052946362
v 0.951746722 0.048845076 -0.036961479
v 0.940658771 0.067349568 -0.021123657
v 0.933311459 0.087346422 -0.005017316
v 0.932435394 0.108452994 0.011247456
v 0.937678489 0.129252197 0.027217711
v 0.945678225 0.149301963 0.043061953
v 0.954033276 0.168939347 0.059250706
v 0.960518753 0.188624146 0.076197216
v 0.962107130 0.208531608 0.093917673
v 0.956687143 0.227930862 0.111273225
v 0.943688082 0.245443658 0.126492379
v 0.924928922 0.260215852 0.138448536
v 0.903072973 0.272732127 0.147538285
v 0.880334162 0.284497026 0.155417272
v 0.857966925 0.296778037 0.163535504
v 0.837724210 0.310937507 0.173716491
v 0.822628215 0.327759192 0.187874437
v 0.812806691 0.345674400 0.205086705
v 0.806617669 0.363333172 0.224249074
v 0.800521371 0.380348616 0.244011977
v 0.792233674 0.396600787 0.263588980
v 0.778756370 0.411450427 0.281143322
v 0.758961244 0.423754682 0.293920675
v 0.734621904 0.432570108 0.300101406
v 0.708515570 0.438376163 0.300707988
v 0.682184134 0.442987118 0.299077290
v 0.655886044 0.447853780 0.297897036
v 0.630108353 0.454423308 0.300352273
v 0.607180155 0.463609185 0.310293956
v 0.588071647 0.473707355 0.325987910
v 0.570890769 0.483188521 0.344216003
v 0.552613811 0.491300114 0.361988823
v 0.530936618 0.497485492 0.376269927
v 0.505379198 0.501061836 0.383105335
v 0.479066544 0.503369584 0.387543854
v 0.452578283 0.504780485 0.391254807
v 0.425963885 0.505284950 0.394226392
v 0.399274605 0.504877324 0.396449947
v 0.372562690 0.503555877 0.397919991
v 0.345882254 0.501322427 0.398505312
v 0.319985758 0.498367197 0.393453090
v 0.296532388 0.495411724 0.380940564
v 0.273655881 0.492374861 0.367369477
v 0.248610608 0.488420105 0.359447820
v 0.222965862 0.482654222 0.363055836
v 0.199464245 0.474935119 0.373285591
v 0.175860395 0.465484492 0.381427095
v 0.151245030 0.456236149 0.379054492
v 0.129671470 0.450539916 0.364465512
v 0.109633983 0.446039007 0.347276622
v 0.086975798 0.437944107 0.336288614
v 0.064416370 0.424081145 0.338003212
v 0.043984597 0.407583018 0.343157836
v 0.022881731 0.392280514 0.339456532
v 0.003577704 0.384637375 0.322856897
v -0.014860439 0.378711254 0.304440792
v -0.034586361 0.364153380 0.295333174
v -0.050605518 0.342767840 0.296213325
v -0.066686122 0.322475647 0.291269704
v -0.084085876 0.313152575 0.273604346
v -0.101424834 0.304968805 0.255130988
v -0.115078622 0.283853873 0.247762330
v -0.124288499 0.259096870 0.243913144
v -0.138798798 0.244275130 0.228142525
v -0.155210055 0.235380679 0.209103856
v -0.163867303 0.213055264 0.199018541
v -0.167402238 0.187925336 0.191216840
v -0.181236162 0.174609260 0.173243664
v -0.194066616 0.159712723 0.156106002
v -0.192155642 0.134720173 0.147099403
v -0.197675896 0.114800212 0.131887083
v -0.211607157 0.100930148 0.113976336
v -0.207692025 0.078175251 0.101712039
v -0.206224153 0.057086320 0.087013968
v -0.218589683 0.040801080 0.069893650
v -0.211650496 0.020144218 0.055905239
v -0.206508211 0.000314965 0.040408633
v -0.215809950 -0.018838640 0.024427136
v -0.204410439 -0.036825507 0.009465046
v -0.197712839 -0.055432886 -0.006732663
v -0.202589622 -0.076924961 -0.021423076
v -0.187316880 -0.091149390 -0.037358005
v -0.179199504 -0.109137346 -0.053550077
v -0.179010485 -0.131909549 -0.066860016
v -0.161670220 -0.142356263 -0.083765769
v -0.150509243 -0.158962531 -0.099676670
v -0.145889776 -0.182451548 -0.111091991
v -0.126929217 -0.184535372 -0.128314402
v -0.118672674 -0.206998705 -0.139464451
v -0.105268058 -0.224518140 -0.152545413
v -0.086414852 -0.227405838 -0.171280066
v -0.071011554 -0.243489168 -0.184379582
v -0.056975096 -0.264859523 -0.191659996
v -0.037967284 -0.270664059 -0.208591127
v -0.019202645 -0.273119120 -0.227138378
v -0.000642027 -0.290175657 -0.234766030
v 0.019137639 -0.306987255 -0.240033573
v 0.039173493 -0.309643246 -0.256851997
v 0.057931395 -0.309063159 -0.275777790
v 0.080443089 -0.319639266 -0.283868640
v 0.103356349 -0.333453401 -0.283885666
v 0.127243244 -0.339727690 -0.292388171
v 0.146312823 -0.337216037 -0.310935801
v 0.166729048 -0.335951889 -0.327854497
v 0.192067039 -0.341816397 -0.331851528
v 0.217486069 -0.349088085 -0.327677156
v 0.243702683 -0.352220806 -0.328669867
v 0.266184795 -0.349385591 -0.342416026
v 0.285610428 -0.344759781 -0.360266796
v 0.308763584 -0.341567727 -0.372754658
v 0.335186381 -0.341017043 -0.371799406
v 0.360495793 -0.340490047 -0.363106642
v 0.386062385 -0.337685065 -0.355908269
v 0.411557840 -0.331785378 -0.359802660
v 0.433795312 -0.325007318 -0.372955323
v 0.455098393 -0.318100202 -0.387637535
v 0.478827108 -0.310657159 -0.397132304
v 0.503991121 -0.302687299 -0.394552704
v 0.526473143 -0.294369201 -0.382705895
v 0.547082741 -0.284901812 -0.368460581
v 0.568583746 -0.273592675 -0.357375098
v 0.592033246 -0.261260043 -0.355444950
v 0.615237705 -0.249981113 -0.362360496
v 0.637844995 -0.239368112 -0.372037837
v 0.660725979 -0.228122109 -0.380149482
v 0.683770220 -0.214805908 -0.381247315
v 0.703777468 -0.199849786 -0.372360340
v 0.719099672 -0.184525248 -0.356782194
v 0.730883157 -0.168887667 -0.338513946
v 0.742052611 -0.152316858 -0.320698871
v 0.755522595 -0.134239252 -0.306380420
v 0.773326739 -0.115860721 -0.299107614
v 0.793837245 -0.098770358 -0.297925503
v 0.815285527 -0.082820162 -0.299686521
v 0.836607115 -0.066666551 -0.300951477
v 0.856634866 -0.049132179 -0.298847265
v 0.872956911 -0.029793675 -0.290637540
v 0.883115871 -0.009907291 -0.276212161
v 0.886241025 0.009011160 -0.257605339
v 0.885484130 0.027089063 -0.237889989
v 0.882939732 0.045078500 -0.218210180
v 0.881212146 0.064215045 -0.199586562
v 0.883142371 0.085100503 -0.183072090
v 0.891109219 0.107072993 -0.170274848
v 0.903898286 0.128621243 -0.160926464
v 0.918670499 0.149524136 -0.153049052
v 0.933541843 0.170291141 -0.144986258
v 0.946336326 0.191544334 -0.134993259
v 0.954772306 0.213264563 -0.122061799
v 0.956425948 0.234449932 -0.106089224
v 0.950372538 0.253464539 -0.088425102
v 0.938005408 0.269470904 -0.070919919
v 0.922700011 0.283742580 -0.054221043
v 0.906273907 0.297529642 -0.038170824
v 0.890439603 0.312207672 -0.022335761
v 0.877758682 0.329350032 -0.006253980
v 0.871095871 0.349408566 0.010019038
v 0.869973503 0.370773410 0.026031069
v 0.872349190 0.392243042 0.041858445
v 0.875222604 0.413390610 0.058038913
v 0.876274332 0.434086663 0.074955444
v 0.873240353 0.453880354 0.092598505
v 0.863942680 0.471643350 0.110152895
v 0.846837938 0.485172007 0.125435742
v 0.824931429 0.494551471 0.137461953
v 0.800772635 0.501155428 0.146858491
v 0.775768607 0.506527142 0.154811211
v 0.750889701 0.512338673 0.162832085
v 0.727591854 0.520605337 0.172970960
v 0.707765229 0.532262217 0.186494870
v 0.693706474 0.547007374 0.203801449
v 0.682762554 0.562395575 0.222778558
v 0.672542351 0.577340699 0.242517898
v 0.660211869 0.590786951 0.262079758
v 0.643777954 0.601855596 0.279925953
v 0.622027961 0.609031741 0.293394462
v 0.596208562 0.611146899 0.299658175
v 0.569526308 0.610197206 0.300870585
v 0.542909704 0.607698495 0.299262499
v 0.516271121 0.605340478 0.297879248
v 0.489688016 0.604747288 0.300096905
v 0.464109987 0.606521852 0.307742550
v 0.438625874 0.607830925 0.315884822
v 0.412917667 0.608147821 0.323392321
v 0.387034527 0.607462824 0.330245118
v 0.361028076 0.605769218 0.336424743
v 0.334951954 0.603064178 0.341914929
v 0.308863544 0.599353031 0.346719467
v 0.283452261 0.595344051 0.353826090
v 0.260838156 0.591895124 0.367707769
v 0.239329858 0.587321172 0.382988366
v 0.216554738 0.580488723 0.395058592
v 0.191935243 0.571272442 0.397794869
v 0.168615869 0.561759833 0.389265902
v 0.147300185 0.552884511 0.375711565
v 0.125523960 0.543547673 0.363335045
v 0.101839362 0.532356480 0.359274542
v 0.079656418 0.519488133 0.366616780
v 0.059478728 0.505236739 0.376942648
v 0.038755814 0.489426907 0.382287105
v 0.017864381 0.475373460 0.374425670
v -0.000660287 0.465305326 0.357980135
v -0.019236902 0.454778471 0.341932980
v -0.039016223 0.438597468 0.335667244
v -0.055768241 0.418284834 0.340169425
v -0.071061629 0.396661456 0.343516706
v -0.087894786 0.378748975 0.334279954
v -0.104123543 0.368413661 0.315694588
v -0.120504920 0.355536603 0.299222807
v -0.133661857 0.333029361 0.295321043
v -0.142633983 0.307831189 0.295922555
v -0.154577437 0.287094508 0.285583536
v -0.169395283 0.276066711 0.266253789
v -0.182534020 0.259490380 0.250719675
v -0.186748496 0.233475552 0.246985108
v -0.190802200 0.208540155 0.239520356
v -0.203676063 0.194741391 0.220814000
v -0.214701067 0.178174426 0.203826107
v -0.212593380 0.152599233 0.197033600
v -0.213287815 0.129538927 0.185166806
v -0.225657438 0.115277110 0.166249303
v -0.227256796 0.093854687 0.152325693
v -0.218235520 0.070685628 0.142746394
v -0.225300213 0.052656476 0.125086016
v -0.229363712 0.033343283 0.108533341
v -0.215785259 0.013244565 0.097365460
v -0.217147276 -0.006278943 0.080542654
v -0.219787109 -0.026043578 0.063972134
v -0.203087410 -0.042246423 0.050903619
v -0.201222789 -0.061913096 0.034387622
v -0.199488811 -0.082096490 0.018466649
v -0.180583811 -0.093889380 0.003746971
v -0.176710207 -0.114042091 -0.012106374
v -0.169464949 -0.133090086 -0.027456551
v -0.149645828 -0.140692485 -0.043627887
v -0.142896997 -0.161330870 -0.058198765
v -0.131184760 -0.178391260 -0.073052276
v -0.111216122 -0.182125328 -0.090338566
v -0.104754741 -0.204690944 -0.099933540
v -0.085540421 -0.208873595 -0.117178415
v -0.067771194 -0.217550934 -0.133637378
v -0.054173900 -0.238496812 -0.143109667
v -0.034959813 -0.243801299 -0.159480190
v -0.015865798 -0.243999313 -0.177739123
v 0.002586259 -0.260705390 -0.186698252
v 0.023113870 -0.272941877 -0.196978589
v 0.041433272 -0.269024354 -0.215963420
v 0.062034662 -0.271603663 -0.231559613
v 0.084620316 -0.285181332 -0.235913061
v 0.108075006 -0.291474050 -0.245252898
v 0.125844594 -0.285706694 -0.264306985
v 0.146220520 -0.283115973 -0.280686859
v 0.171622418 -0.290095698 -0.283923093
v 0.197626082 -0.295498091 -0.285316495
v 0.219730115 -0.291556090 -0.298901445
v 0.236595216 -0.283622088 -0.318132981
v 0.258935082 -0.278939493 -0.331170606
v 0.285519202 -0.279233938 -0.330521781
v 0.311958048 -0.278514342 -0.326626543
v 0.336826760 -0.272377017 -0.332605554
v 0.355626010 -0.263053271 -0.349124664
v 0.373921028 -0.253486111 -0.366100750
v 0.397482730 -0.244813035 -0.374038507
v 0.422648325 -0.237765336 -0.368865679
v 0.446584107 -0.230020593 -0.359694063
v 0.470528591 -0.219181541 -0.355922107
v 0.492360787 -0.206507122 -0.364059173
v 0.511189544 -0.194296155 -0.378652362
v 0.530422598 -0.181719555 -0.392353665
v 0.552327624 -0.167727972 -0.397564778
v 0.573671359 -0.153509021 -0.390627479
v 0.592178056 -0.139477692 -0.377340075
v 0.609406154 -0.124324232 -0.363546104
v 0.627783564 -0.106894671 -0.355272535
v 0.647389495 -0.088974000 -0.357273861
v 0.666584869 -0.072447903 -0.365931175
v 0.685575470 -0.056143252 -0.375455089
v 0.704694508 -0.038552154 -0.381540835
v 0.722681400 -0.019072708 -0.379304076
v 0.736095583 0.000387845 -0.367018597
v 0.745275052 0.018854079 -0.350017607
v 0.751915122 0.037167266 -0.331635416
v 0.758670111 0.056782684 -0.314758357
v 0.768167813 0.078509031 -0.302524927
v 0.781975977 0.100911431 -0.298146247
v 0.797874657 0.122424336 -0.298478392
v 0.814389438 0.143432907 -0.300328789
v 0.830324353 0.164935503 -0.300736399
v 0.843808751 0.187548685 -0.296581716
v 0.852255911 0.210345385 -0.285832116
v 0.854255264 0.231267240 -0.269503069
v 0.850629429 0.249475266 -0.250253695
v 0.844250138 0.266330448 -0.230452884
v 0.836890889 0.283217537 -0.211007212
v 0.831062379 0.302153005 -0.193055050
v 0.829255338 0.323925706 -0.177749123
v 0.833234113 0.347765007 -0.166446334
v 0.840951337 0.371921424 -0.157885348
v 0.849930467 0.395929899 -0.150108142
v 0.858354693 0.419882777 -0.141585714
v 0.863738140 0.443633278 -0.130574683
v 0.863807661 0.466143043 -0.116371689
v 0.857041274 0.485551593 -0.099523095
v 0.844066608 0.500622439 -0.081732829
v 0.826753752 0.511611825 -0.064526136
v 0.807683261 0.520808737 -0.048123151
v 0.788165225 0.529942059 -0.032216553
v 0.769596062 0.540847586 -0.016331681
v 0.754448298 0.555667067 -0.000128688
v 0.744821231 0.574561537 0.016075872
v 0.739634561 0.595436522 0.031971530
v 0.736746117 0.616807010 0.047855907
v 0.733572397 0.637709471 0.064285189
v 0.727937566 0.657348474 0.081518510
v 0.717781710 0.674433652 0.099271436
v 0.701736964 0.687128301 0.116306158
v 0.680008220 0.693483133 0.130383247
v 0.655654334 0.695212060 0.141256450
v 0.630344588 0.694443595 0.149939555
v 0.604755844 0.692960895 0.157721537
v 0.579389424 0.692711589 0.166253933
v 0.555492013 0.696096572 0.177652868
v 0.534887929 0.703919420 0.192665412
v 0.518808644 0.715263891 0.210794391
v 0.504745315 0.727285790 0.230158021
v 0.490687093 0.738538130 0.249985485
v 0.474107372 0.747118069 0.269113354
v 0.453727019 0.751647745 0.285642606
v 0.430109779 0.751644345 0.298117083
v 0.405844080 0.750001995 0.309337364
v 0.381411255 0.747403909 0.319998731
v 0.356843169 0.743764670 0.330028192
v 0.332197395 0.739164105 0.339450973
v 0.307516293 0.733577598 0.348229735
v 0.282850632 0.726996237 0.356333555
v 0.258241256 0.719497950 0.363786679
v 0.233640446 0.710314555 0.368500445
v 0.209878546 0.698608456 0.365583589
v 0.187427742 0.685992246 0.358267094
v 0.165147076 0.673247556 0.350639204
v 0.141768910 0.660898950 0.347290091
v 0.118243170 0.650025102 0.353027920
v 0.097030009 0.640617704 0.366286820
v 0.077473923 0.630771245 0.381712710
v 0.057437382 0.618408453 0.394348889
v 0.036113340 0.603142787 0.398238962
v 0.015912979 0.587669676 0.390462759
v -0.002339099 0.573462940 0.376982599
v -0.020732273 0.558880733 0.364129945
v -0.040575392 0.541999753 0.359225902
v -0.058867730 0.523773586 0.365728027
v -0.074695669 0.504834790 0.376108934
v -0.090398995 0.484230305 0.382351408
v -0.106896680 0.464734194 0.375668537
v -0.122206082 0.449846334 0.359616265
v -0.137278439 0.435120216 0.343159655
v -0.152273712 0.414833584 0.335684663
v -0.163422752 0.390926810 0.339601229
v -0.172418740 0.366087781 0.343683187
v -0.183671333 0.343731461 0.335695629
v -0.196561550 0.329032358 0.317477589
v -0.209108132 0.312962954 0.300400233
v -0.216599333 0.288329295 0.295232491
v -0.218677811 0.261659414 0.296168319
v -0.224033427 0.237713227 0.287160710
v -0.235228980 0.222775505 0.268070575
v -0.244297308 0.204330108 0.251619001
v -0.242304323 0.178247741 0.247196962
v -0.238861610 0.152789444 0.240852686
v -0.246890124 0.135348524 0.222631872
v -0.254254950 0.117301988 0.204946906
v -0.246421867 0.093173042 0.197563541
v -0.239603509 0.070388278 0.186809633
v -0.247395478 0.053193381 0.167960904
v -0.245258230 0.032419697 0.153150115
v -0.230127834 0.012404031 0.143997914
v -0.230531886 -0.007057129 0.126762440
v -0.231249673 -0.026683866 0.109745394
v -0.213202938 -0.042769216 0.098559222
v -0.207376062 -0.061573789 0.082125308
v -0.206476240 -0.081667132 0.065347131
v -0.186499094 -0.093345229 0.052229643
v -0.177658161 -0.110883166 0.035843038
v -0.172408388 -0.130798218 0.019894505
v -0.151166153 -0.137494489 0.005237778
v -0.140669483 -0.154610222 -0.010807394
v -0.130173981 -0.172590371 -0.025972236
v -0.108938145 -0.174636564 -0.042031299
v -0.096053205 -0.191332337 -0.057067813
v -0.081113552 -0.203978321 -0.071361281
v -0.063037202 -0.205155987 -0.086862812
v -0.048697780 -0.224311811 -0.098551866
v -0.028991692 -0.224575846 -0.115579644
v -0.009540121 -0.226399950 -0.132573405
v 0.008937093 -0.243172462 -0.142139193
v 0.029160859 -0.245091699 -0.157816321
v 0.047268723 -0.239255593 -0.176348649
v 0.069379393 -0.249581598 -0.186171986
v 0.092548011 -0.257432167 -0.195519098
v 0.109659090 -0.249370515 -0.214228821
v 0.129398103 -0.245153840 -0.230757801
v 0.154670852 -0.252133490 -0.235608789
v 0.179485454 -0.253226433 -0.243797462
v 0.195574501 -0.243271675 -0.262556680
v 0.213687739 -0.234752348 -0.279736694
v 0.239795407 -0.234339461 -0.283964825
v 0.266416221 -0.233251919 -0.284803033
v 0.287559732 -0.224192898 -0.297285427
v 0.301842211 -0.212106354 -0.316440133
v 0.321273285 -0.201378602 -0.330586261
v 0.346868410 -0.194436984 -0.330881674
v 0.372242730 -0.187022437 -0.326819416
v 0.395093384 -0.174943066 -0.331554615
v 0.411250500 -0.160973774 -0.347508816
v 0.426068417 -0.146974613 -0.364838088
v 0.446053663 -0.132373662 -0.373847916
v 0.468552309 -0.118820043 -0.369695979
v 0.489656192 -0.105134027 -0.360517641
v 0.509994377 -0.088680867 -0.355748455
v 0.528012871 -0.070628608 -0.362921466
v 0.543080125 -0.053794247 -0.377280718
v 0.558211587 -0.036675932 -0.391177052
v 0.575439039 -0.017593668 -0.397506340
v 0.592459677 0.001837673 -0.391569805
v 0.606793289 0.020298938 -0.378586373
v 0.619501892 0.039375195 -0.364762108
v 0.632526490 0.060780019 -0.355818560
v 0.646626265 0.083249263 -0.356895482
v 0.660796020 0.104418321 -0.365044630
v 0.674811474 0.125067077 -0.374776357
v 0.688642602 0.146998459 -0.381175118
v 0.700970229 0.170401307 -0.379643755
v 0.709496290 0.193065765 -0.368584492
v 0.713526565 0.213320015 -0.351581012
v 0.715313829 0.232732468 -0.333221194
v 0.716544634 0.253284200 -0.316127004
v 0.719798280 0.276521499 -0.303550852
v 0.726639171 0.301705417 -0.298040007
v 0.736305141 0.326663070 -0.298403113
v 0.746680919 0.351289006 -0.300257226
v 0.756414231 0.376209409 -0.300764093
v 0.763780144 0.401591566 -0.297122924
v 0.766656305 0.426108584 -0.287271346
v 0.763141521 0.446903896 -0.270986394
v 0.755388742 0.464015342 -0.251997061
v 0.744957873 0.478699605 -0.232191788
v 0.733401803 0.493058627 -0.212761174
v 0.722509714 0.509320426 -0.194528151
v 0.714714105 0.529511174 -0.178977145
v 0.711842069 0.553363224 -0.167348976
v 0.712532920 0.578609158 -0.158518442
v 0.714886024 0.604145263 -0.150779560
v 0.716641622 0.629453814 -0.142236555
v 0.715986470 0.653943564 -0.131576868
v 0.710969327 0.676250804 -0.117867383
v 0.699691724 0.693581765 -0.101132358
v 0.683217671 0.704713689 -0.083356266
v 0.663943852 0.711307872 -0.066054974
v 0.643253282 0.715352332 -0.049554530
v 0.622008710 0.718850485 -0.033618519
v 0.601177168 0.724334125 -0.017749107
v 0.582408708 0.734235211 -0.001565920
v 0.567382036 0.749157783 0.014679425
v 0.556891261 0.767959579 0.030577993
v 0.548344628 0.787759007 0.046464020
v 0.539838686 0.807189826 0.062813588
v 0.529609420 0.825014168 0.079945506
v 0.515848363 0.839437345 0.097718291
v 0.496972788 0.847366303 0.114734752
v 0.474658131 0.848535058 0.129178723
v 0.450825326 0.844363434 0.140467787
v 0.426630236 0.837099835 0.149319366
v 0.402346724 0.828862385 0.157063659
v 0.377952732 0.821791954 0.165504707
v 0.353821693 0.817925338 0.176309378
v 0.330857128 0.818020137 0.190080340
v 0.307832251 0.817489295 0.203754748
v 0.284604712 0.815727708 0.216975071
v 0.261251272 0.812940476 0.229791649
v 0.237799752 0.808921931 0.242092260
v 0.214312349 0.803864289 0.253929840
v 0.190832912 0.797666038 0.265231282
v 0.167414307 0.790377008 0.275992522
v 0.144522629 0.783503528 0.287984508
v 0.124051817 0.780179525 0.304880280
v 0.105167538 0.777743548 0.323712428
v 0.086471285 0.773601748 0.342407810
v 0.066673115 0.766060040 0.358679910
v 0.045411512 0.752722224 0.367475498
v 0.024906390 0.735817555 0.367421507
v 0.006139513 0.717788472 0.361222150
v -0.011862595 0.699639206 0.353224657
v -0.030603919 0.681447135 0.347584734
v -0.050555882 0.663989094 0.349632584
v -0.069378615 0.648724026 0.360833281
v -0.086054554 0.634362983 0.376095623
v -0.102035723 0.618274532 0.390277003
v -0.118454256 0.598946853 0.398093452
v -0.134464063 0.578222989 0.394261566
v -0.148757517 0.559180418 0.382137466
v -0.162462561 0.540681732 0.368457591
v -0.176969165 0.520207999 0.359556571
v -0.190830451 0.497772797 0.362376905
v -0.201838327 0.475507391 0.372339790
v -0.211482302 0.452150344 0.381034461
v -0.221848251 0.427928112 0.379763923
v -0.232768508 0.407965932 0.365961402
v -0.243470328 0.390495341 0.348717410
v -0.253629959 0.369201553 0.336573841
v -0.259767718 0.343400072 0.337520223
v -0.262228728 0.317281373 0.342832553
v -0.265575301 0.291250023 0.340366422
v -0.273223289 0.271434116 0.324519931
v -0.281900745 0.254324804 0.305874501
v -0.285954883 0.230641189 0.295455052
v -0.282058896 0.204207226 0.296088899
v -0.278090067 0.178313743 0.292365109
v -0.282885994 0.158693322 0.275338490
v -0.289500752 0.141017111 0.256486425
v -0.284991477 0.116751234 0.247970630
v -0.273434063 0.092864041 0.244668001
v -0.271608513 0.071590250 0.229848119
v -0.277005525 0.053853013 0.210613021
v -0.268535413 0.032098667 0.199476756
v -0.252424063 0.012120722 0.192345828
v -0.251072374 -0.007308068 0.174924501
v -0.250846053 -0.026738578 0.157233424
v -0.232202954 -0.043172278 0.147919356
v -0.219947386 -0.060583540 0.133506276
v -0.220285189 -0.080233465 0.115457208
v -0.202590942 -0.094149370 0.102626579
v -0.184886193 -0.106868404 0.088579451
v -0.182019924 -0.127099951 0.071370630
v -0.163682868 -0.137833040 0.056982926
v -0.144547814 -0.146583157 0.041902055
v -0.137606910 -0.166746049 0.025854478
v -0.117619488 -0.172672022 0.010711728
v -0.098583531 -0.179014554 -0.005371583
v -0.087082628 -0.198035832 -0.020025284
v -0.066524810 -0.198485573 -0.035955947
v -0.049642831 -0.206114593 -0.050659293
v -0.033203348 -0.215380619 -0.064307264
v -0.013623774 -0.210623710 -0.081429107
v 0.004931069 -0.224776255 -0.094018990
v 0.025159715 -0.228057940 -0.109073095
v 0.042794008 -0.219451008 -0.127042556
v 0.064566340 -0.228283309 -0.138798946
v 0.086802885 -0.232397929 -0.151177113
v 0.102142241 -0.220996649 -0.169830718
v 0.123739863 -0.219799027 -0.183795931
v 0.148905436 -0.225176119 -0.190796708
v 0.167195157 -0.216500876 -0.207088407
v 0.181395775 -0.204257957 -0.225952008
v 0.206080778 -0.202124038 -0.234540497
v 0.232201706 -0.200300147 -0.239176856
v 0.248982160 -0.188220178 -0.255318151
v 0.261125740 -0.174186587 -0.274516556
v 0.283683639 -0.164880710 -0.283704959
v 0.309608317 -0.158232935 -0.283750575
v 0.331395194 -0.145885863 -0.291253180
v 0.343322180 -0.130447801 -0.309437306
v 0.355975812 -0.114897050 -0.326955987
v 0.377418336 -0.100547976 -0.332097946
v 0.400416636 -0.087484414 -0.327954954
v 0.421281276 -0.071119355 -0.328000088
v 0.435368747 -0.052891863 -0.341075793
v 0.445595243 -0.035698908 -0.358877755
v 0.458816479 -0.017054141 -0.372431615
v 0.476750461 0.002411422 -0.372237503
v 0.494117259 0.020933039 -0.363815398
v 0.509932820 0.041100577 -0.356341350
v 0.523711128 0.063513544 -0.358988504
v 0.534458035 0.084362759 -0.371750813
v 0.544235783 0.104368752 -0.386628411
v 0.555262194 0.126411190 -0.396661645
v 0.567040154 0.150023178 -0.394956969
v 0.576874503 0.172132715 -0.383708710
v 0.584588501 0.193519544 -0.369560207
v 0.591404926 0.216590796 -0.357977524
v 0.598773969 0.241955081 -0.355264062
v 0.606771414 0.266646059 -0.361581780
v 0.614872210 0.290240689 -0.371339026
v 0.622695396 0.314486888 -0.379472226
v 0.629347347 0.340143520 -0.381525654
v 0.632937841 0.365273907 -0.373583967
v 0.632608701 0.386976518 -0.358040757
v 0.629862743 0.406503183 -0.339937390
v 0.625687000 0.425993084 -0.322058803
v 0.621950519 0.447905562 -0.307300734
v 0.620744044 0.473272745 -0.299201200
v 0.622703918 0.499895111 -0.297988973
v 0.626054313 0.526418037 -0.299570162
v 0.629284734 0.552964633 -0.300876023
v 0.630795165 0.579578191 -0.299094328
v 0.628863887 0.605108289 -0.291806023
v 0.621602084 0.626231309 -0.277332682
v 0.610663607 0.642372525 -0.259122846
v 0.597264725 0.654570808 -0.239432586
v 0.582559024 0.665264190 -0.219764005
v 0.567563824 0.677002888 -0.200951081
v 0.553731499 0.692513874 -0.184213298
v 0.543226385 0.713274782 -0.171175662
v 0.536208350 0.737168851 -0.161458854
v 0.531485450 0.762341285 -0.153612529
v 0.526854520 0.787447138 -0.145522310
v 0.520752687 0.811611525 -0.135814495
v 0.511598635 0.833380937 -0.123350465
v 0.497674813 0.849554974 -0.107460371
v 0.479837395 0.858482961 -0.089823513
v 0.459954713 0.861452163 -0.072261322
v 0.439138096 0.860673775 -0.055466588
v 0.417848863 0.858382478 -0.039375517
v 0.396286418 0.857159947 -0.023557423
v 0.375091008 0.859666647 -0.007497160
v 0.355575437 0.867806748 0.008787918
v 0.339499788 0.881968268 0.024800370
v 0.325572329 0.898465931 0.040637413
v 0.312360975 0.915293172 0.056755985
v 0.298439540 0.930795655 0.073570807
v 0.282321180 0.942778491 0.091196200
v 0.263110793 0.948481834 0.108759863
v 0.242203676 0.949254046 0.125462593
v 0.221005320 0.948508828 0.141817694
v 0.199661732 0.946510272 0.157875920
v 0.178233300 0.943427088 0.173645860
v 0.156757749 0.939288225 0.189107970
v 0.135273994 0.933935896 0.204180953
v 0.113824286 0.927510049 0.218877974
v 0.092442910 0.920067460 0.233191218
v 0.071192444 0.911411599 0.247008624
v 0.050069643 0.900731879 0.259442879
v 0.029768017 0.885142280 0.266826404
v 0.010945381 0.866315638 0.269494715
v -0.007086953 0.846524389 0.270180628
v -0.025315151 0.826938512 0.271184565
v -0.044745697 0.809159835 0.275636228
v -0.064910504 0.795460504 0.286272614
v -0.084101148 0.786202870 0.302402074
v -0.101737277 0.778825490 0.321154588
v -0.118717712 0.770394768 0.340060324
v -0.135790984 0.758232305 0.356558230
v -0.152917632 0.740812951 0.367108887
v -0.168453614 0.719213760 0.367828826
v -0.182023894 0.696873395 0.362261922
v -0.194582463 0.674625070 0.354208666
v -0.207720108 0.652156220 0.348090884
v -0.222203073 0.629912555 0.348911766
v -0.236480783 0.609867011 0.359081058
v -0.249055414 0.591543058 0.374010410
v -0.260308914 0.572210823 0.388711911
v -0.271085021 0.549626084 0.397813266
v -0.281223308 0.525234672 0.395570163
v -0.290094364 0.502841203 0.384004045
v -0.298410838 0.481503872 0.370111501
v -0.306974943 0.458323480 0.360065724
v -0.314706044 0.433001667 0.361445707
v -0.319793023 0.408529985 0.370937842
v -0.323032149 0.383688644 0.380331983
v -0.326447713 0.357485235 0.380724674
v -0.331516003 0.334612570 0.368238151
v -0.337247735 0.314976327 0.350951238
v -0.341833280 0.292519404 0.337483567
v -0.341701579 0.266039433 0.336814189
v -0.337410814 0.240190257 0.342310956
v -0.333269370 0.214065751 0.341586562
v -0.334690032 0.192081398 0.327030228
v -0.338727643 0.173527136 0.308155861
v -0.337664479 0.150307148 0.295960960
v -0.327606339 0.125607453 0.295914351
v -0.316302395 0.101659278 0.293700659
v -0.314379058 0.080707932 0.277959278
v -0.316700093 0.062313700 0.258692648
v -0.307869820 0.040121261 0.248376463
v -0.290445203 0.020012137 0.245507596
v -0.280893858 -0.000226348 0.232406667
v -0.281752301 -0.018630565 0.213003927
v -0.270216941 -0.037849629 0.200270479
v -0.249029092 -0.052819132 0.193858655
v -0.240247974 -0.070890413 0.177480232
v -0.236715898 -0.089745755 0.159212335
v -0.215736255 -0.101848799 0.149044971
v -0.197022211 -0.114105595 0.135951745
v -0.192545618 -0.133194029 0.117767211
v -0.173793104 -0.143937987 0.103990171
v -0.151824862 -0.149895340 0.090934810
v -0.143438080 -0.168336915 0.073625980
v -0.124610870 -0.176484317 0.058613511
v -0.102731999 -0.177794849 0.044215034
v -0.090683118 -0.195176074 0.028001598
v -0.070700560 -0.198581000 0.012582517
v -0.050055347 -0.197033569 -0.003189039
v -0.034219337 -0.212628125 -0.017962579
v -0.016280359 -0.204649099 -0.032279458
v 0.002439327 -0.214102937 -0.047012163
v 0.022519240 -0.217940332 -0.062107873
v 0.039798744 -0.206918937 -0.079173654
v 0.061213519 -0.214127873 -0.092576169
v 0.082486533 -0.215024580 -0.106743606
v 0.096801985 -0.201380934 -0.124723882
v 0.119331324 -0.202303770 -0.137672221
v 0.142831638 -0.202677234 -0.148931686
v 0.155314561 -0.188096583 -0.167337320
v 0.174047782 -0.179367339 -0.182717574
v 0.199874367 -0.178542923 -0.189564657
v 0.217271104 -0.166783225 -0.204540163
v 0.226858494 -0.150888636 -0.223735167
v 0.248747871 -0.141302217 -0.234073213
v 0.273946879 -0.133470806 -0.238050799
v 0.288899444 -0.117976982 -0.252743759
v 0.296352436 -0.101215666 -0.272217103
v 0.314110705 -0.085811016 -0.283349046
v 0.337451781 -0.072746978 -0.283685385
v 0.356517741 -0.055656366 -0.289404355
v 0.364844130 -0.037417308 -0.306863725
v 0.372098789 -0.019344206 -0.325127529
v 0.388061024 0.000247320 -0.332203900
v 0.406936006 0.018851516 -0.328549184
v 0.423389306 0.039719201 -0.327186462
v 0.433093691 0.061408721 -0.338812625
v 0.438464681 0.080716246 -0.356572826
v 0.445689288 0.101707976 -0.371233130
v 0.457520820 0.125257844 -0.372999605
v 0.469556889 0.147782567 -0.365093000
v 0.479761273 0.171106148 -0.356964728
v 0.487565405 0.196396232 -0.357718947
v 0.492607200 0.219653994 -0.369827661
v 0.496770377 0.241521037 -0.384721363
v 0.501456132 0.265272377 -0.395815783
v 0.506643950 0.291168193 -0.395891002
v 0.510533073 0.315382685 -0.385468034
v 0.512530186 0.338083588 -0.371412850
v 0.513138291 0.361842927 -0.359223204
v 0.513486890 0.388033400 -0.355096633
v 0.514581309 0.414111823 -0.360510820
v 0.516141635 0.439092410 -0.370037748
v 0.517408532 0.464382524 -0.378709899
v 0.517272443 0.490817579 -0.381648594
v 0.514496703 0.516330656 -0.375066503
v 0.508850828 0.537874896 -0.360359005
v 0.501156335 0.556150583 -0.342387430
v 0.492169755 0.573675047 -0.324236655
v 0.482728106 0.593480554 -0.309015141
v 0.474571238 0.617098325 -0.299903370
v 0.469057963 0.643162632 -0.297880081
v 0.465183953 0.669619743 -0.299273932
v 0.461396830 0.696087496 -0.300791453
v 0.456294618 0.722331143 -0.299870513
v 0.447867292 0.746601145 -0.292909173
v 0.435942247 0.766292345 -0.279610878
v 0.421309956 0.779539497 -0.261681865
v 0.405255749 0.788078078 -0.242048954
v 0.388386332 0.794648973 -0.222311783
v 0.370889680 0.801645877 -0.203288715
v 0.353368061 0.812524102 -0.186319775
v 0.337244422 0.828656199 -0.172482957
v 0.324087093 0.849777007 -0.162684239
v 0.312665857 0.872628279 -0.154654780
v 0.301654003 0.895723943 -0.146726232
v 0.289725895 0.917821980 -0.137439812
v 0.275259508 0.936561749 -0.125102990
v 0.257942792 0.949489315 -0.109620807
v 0.238606298 0.954839664 -0.092155078
v 0.218640062 0.953286434 -0.074477881
v 0.198760997 0.947125025 -0.057627844
v 0.178832848 0.939383232 -0.041489443
v 0.158469690 0.932212103 -0.025651215
v 0.137449784 0.928047792 -0.009652241
v 0.116258031 0.929331377 0.006638824
v 0.095074125 0.931070823 0.022936076
v 0.073790793 0.931607636 0.039186848
v 0.052448802 0.930873250 0.055353853
v 0.031095574 0.929030402 0.071418044
v 0.009779680 0.925833582 0.087318569
v -0.011464241 0.921538434 0.103055241
v -0.032579179 0.915986870 0.118569690
v -0.053531996 0.909281654 0.133847521
v -0.074285483 0.903391853 0.149639676
v -0.094262943 0.902542582 0.167388474
v -0.113213981 0.904283006 0.186224722
v -0.131570882 0.905964698 0.205653324
v -0.149948397 0.904805375 0.225043042
v -0.168523457 0.898564826 0.243112452
v -0.186584131 0.885493209 0.257629793
v -0.202365747 0.865566950 0.265708904
v -0.215972262 0.842833297 0.269217990
v -0.228246402 0.819053302 0.270137434
v -0.240525277 0.795268611 0.270915670
v -0.254093493 0.772469874 0.274243203
v -0.269737767 0.753167233 0.283825425
v -0.285879309 0.738366343 0.299076479
v -0.301136532 0.726481643 0.317599645
v -0.315486878 0.714316100 0.336660517
v -0.328880896 0.698770838 0.353771535
v -0.341117087 0.678461023 0.365755392
v -0.350969932 0.653878217 0.368390491
v -0.358419088 0.628693320 0.363563833
v -0.364734045 0.603887390 0.355683825
v -0.371281608 0.578853665 0.348851127
v -0.379128492 0.553458078 0.348014505
v -0.387680410 0.529829572 0.356672416
v -0.395221102 0.508598737 0.371102623
v -0.401284175 0.487356210 0.386231705
v -0.405939036 0.463366396 0.396976711
v -0.409448904 0.437048856 0.397009511
v -0.412174075 0.412607521 0.386571865
v -0.414585472 0.389882489 0.372596679
v -0.416797961 0.365769845 0.361332435
v -0.417947079 0.339340784 0.360334659
v -0.416834038 0.314093650 0.368943017
v -0.413672231 0.289479831 0.378990866
v -0.409838814 0.263391060 0.381708155
v -0.408140001 0.239116062 0.371281012
v -0.408444054 0.218539395 0.354144090
v -0.407626033 0.196481349 0.339174467
v -0.401577412 0.170947889 0.336063920
v -0.391062057 0.146923830 0.341394644
v -0.379713519 0.122934629 0.342772751
v -0.373853836 0.100485121 0.330434572
v -0.372873759 0.081533936 0.311548439
v -0.367623002 0.060077833 0.297089181
v -0.352480932 0.038318914 0.295616863
v -0.334799256 0.018353530 0.294995210
v -0.325046088 -0.001785020 0.281564278
v -0.322841002 -0.019979675 0.262046084
v -0.311289277 -0.039449205 0.249201395
v -0.289538659 -0.054718409 0.246315597
v -0.272143722 -0.071062296 0.235872353
v -0.267889486 -0.089001494 0.216508225
v -0.254892050 -0.105709044 0.201659095
v -0.230573349 -0.114942026 0.195549572
v -0.214158404 -0.128542733 0.181051793
v -0.207286085 -0.146241664 0.162299446
v -0.185929438 -0.154856805 0.150530983
v -0.162679273 -0.159607800 0.139246619
v -0.152512693 -0.176181658 0.121101822
v -0.134171225 -0.185235757 0.105941132
v -0.110435802 -0.183302677 0.094099068
v -0.096286403 -0.197226456 0.076790194
v -0.077774305 -0.204445871 0.060965551
v -0.055828617 -0.197823234 0.047428780
v -0.038995443 -0.209593487 0.030939655
v -0.019364101 -0.212402296 0.015221894
v -0.000000000 -0.202547880 0.000000000
l 3602 3603
l 3603 3604
l 3604 3605
l 3605 3606
l 3606 3607
l 3607 3608
l 3608 3609
l 3609 3610
l 3610 3611
l 3611 3612
l 3612 3613
l 3613 3614
l 3614 3615
l 3615 3616
l 3616 3617
l 3617 3618
l 3618 3619
l 3619 3620
l 3620 3621
l 3621 3622
l 3622 3623
l 3623 3624
l 3624 3625
l 3625 3626
l 3626 3627
l 3627 3628
l 3628 3629
l 3629 3630
l 3630 3631
l 3631 3632
l 3632 3633
l 3633 3634
l 3634 3635
l 3635 3636
l 3636 3637
l 3637 3638
l 3638 3639
l 3639 3640
l 3640 3641
l 3641 3642
l 3642 3643
l 3643 3644
l 3644 3645
l 3645 3646
l 3646 3647
l 3647 3648
l 3648 3649
l 3649 3650
l 3650 3651
l 3651 3652
l 3652 3653
l 3653 3654
l 3654 3655
l 3655 3656
l 3656 3657
l 3657 3658
l 3658 3659
l 3659 3660
l 3660 3661
l 3661 3662
l 3662 3663
l 3663 3664
l 3664 3665
l 3665 3666
l 3666 3667
l 3667 3668
l 3668 3669
l 3669 3670
l 3670 3671
l 3671 3672
l 3672 3673
l 3673 3674
l 3674 3675
l 3675 3676
l 3676 3677
l 3677 3678
l 3678 3679
l 3679 3680
l 3680 3681
l 3681 3682
l 3682 3683
l 3683 3684
l 3684 3685
l 3685 3686
l 3686 3687
l 3687 3688
l 3688 3689
l 3689 3690
l 3690 3691
l 3691 3692
l 3692 3693
l 3693 3694
l 3694 3695
l 3695 3696
l 3696 3697
l 3697 3698
l 3698 3699
l 3699 3700
l 3700 3701
l 3701 3702
l 3702 3703
l 3703 3704
l 3704 3705
l 3705 3706
l 3706 3707
l 3707 3708
l 3708 3709
l 3709 3710
l 3710 3711
l 3711 3712
l 3712 3713
l 3713 3714
l 3714 3715
l 3715 3716
l 3716 3717
l 3717 3718
l 3718 3719
l 3719 3720
l 3720 3721
l 3721 3722
l 3722 3723
l 3723 3724
l 3724 3725
l 3725 3726
l 3726 3727
l 3727 3728
l 3728 3729
l 3729 3730
l 3730 3731
l 3731 3732
l 3732 3733
l 3733 3734
l 3734 3735
l 3735 3736
l 3736 3737
l 3737 3738
l 3738 3739
l 3739 3740
l 3740 3741
l 3741 3742
l 3742 3743
l 3743 3744
l 3744 3745
l 3745 3746
l 3746 3747
l 3747 3748
l 3748 3749
l 3749 3750
l 3750 3751
l 3751 3752
l 3752 3753
l 3753 3754
l 3754 3755
l 3755 3756
l 3756 3757
l 3757 3758
l 3758 3759
l 3759 3760
l 3760 3761
l 3761 3762
l 3762 3763
l 3763 3764
l 3764 3765
l 3765 3766
l 3766 3767
l 3767 3768
l 3768 3769
l 3769 3770
l 3770 3771
l 3771 3772
l 3772 3773
l 3773 3774
l 3774 3775
l 3775 3776
l 3776 3777
l 3777 3778
l 3778 3779
l 3779 3780
l 3780 3781
l 3781 3782
l 3782 3783
l 3783 3784
l 3784 3785
l 3785 3786
l 3786 3787
l 3787 3788
l 3788 3789
l 3789 3790
l 3790 3791
l 3791 3792
l 3792 3793
l 3793 3794
l 3794 3795
l 3795 3796
l 3796 3797
l 3797 3798
l 3798 3799
l 3799 3800
l 3800 3801
l 3801 3802
l 3802 3803
l 3803 3804
l 3804 3805
l 3805 3806
l 3806 3807
l 3807 3808
l 3808 3809
l 3809 3810
l 3810 3811
l 3811 3812
l 3812 3813
l 3813 3814
l 3814 3815
l 3815 3816
l 3816 3817
l 3817 3818
l 3818 3819
l 3819 3820
l 3820 3821
l 3821 3822
l 3822 3823
l 3823 3824
l 3824 3825
l 3825 3826
l 3826 3827
l 3827 3828
l 3828 3829
l 3829 3830
l 3830 3831
l 3831 3832
l 3832 3833
l 3833 3834
l 3834 3835
l 3835 3836
l 3836 3837
l 3837 3838
l 3838 3839
l 3839 3840
l 3840 3841
l 3841 3842
l 3842 3843
l 3843 3844
l 3844 3845
l 3845 3846
l 3846 3847
l 3847 3848
l 3848 3849
l 3849 3850
l 3850 3851
l 3851 3852
l 3852 3853
l 3853 3854
l 3854 3855
l 3855 3856
l 3856 3857
l 3857 3858
l 3858 3859
l 3859 3860
l 3860 3861
l 3861 3862
l 3862 3863
l 3863 3864
l 3864 3865
l 3865 3866
l 3866 3867
l 3867 3868
l 3868 3869
l 3869 3870
l 3870 3871
l 3871 3872
l 3872 3873
l 3873 3874
l 3874 3875
l 3875 3876
l 3876 3877
l 3877 3878
l 3878 3879
l 3879 3880
l 3880 3881
l 3881 3882
l 3882 3883
l 3883 3884
l 3884 3885
l 3885 3886
l 3886 3887
l 3887 3888
l 3888 3889
l 3889 3890
l 3890 3891
l 3891 3892
l 3892 3893
l 3893 3894
l 3894 3895
l 3895 3896
l 3896 3897
l 3897 3898
l 3898 3899
l 3899 3900
l 3900 3901
l 3901 3902
l 3902 3903
l 3903 3904
l 3904 3905
l 3905 3906
l 3906 3907
l 3907 3908
l 3908 3909
l 3909 3910
l 3910 3911
l 3911 3912
l 3912 3913
l 3913 3914
l 3914 3915
l 3915 3916
l 3916 3917
l 3917 3918
l 3918 3919
l 3919 3920
l 3920 3921
l 3921 3922
l 3922 3923
l 3923 3924
l 3924 3925
l 3925 3926
l 3926 3927
l 3927 3928
l 3928 3929
l 3929 3930
l 3930 3931
l 3931 3932
l 3932 3933
l 3933 3934
l 3934 3935
l 3935 3936
l 3936 3937
l 3937 3938
l 3938 3939
l 3939 3940
l 3940 3941
l 3941 3942
l 3942 3943
l 3943 3944
l 3944 3945
l 3945 3946
l 3946 3947
l 3947 3948
l 3948 3949
l 3949 3950
l 3950 3951
l 3951 3952
l 3952 3953
l 3953 3954
l 3954 3955
l 3955 3956
l 3956 3957
l 3957 3958
l 3958 3959
l 3959 3960
l 3960 3961
l 3961 3962
l 3962 3963
l 3963 3964
l 3964 3965
l 3965 3966
l 3966 3967
l 3967 3968
l 3968 3969
l 3969 3970
l 3970 3971
l 3971 3972
l 3972 3973
l 3973 3974
l 3974 3975
l 3975 3976
l 3976 3977
l 3977 3978
l 3978 3979
l 3979 3980
l 3980 3981
l 3981 3982
l 3982 3983
l 3983 3984
l 3984 3985
l 3985 3986
l 3986 3987
l 3987 3988
l 3988 3989
l 3989 3990
l 3990 3991
l 3991 3992
l 3992 3993
l 3993 3994
l 3994 3995
l 3995 3996
l 3996 3997
l 3997 3998
l 3998 3999
l 3999 4000
l 4000 4001
l 4001 4002
l 4002 4003
l 4003 4004
l 4004 4005
l 4005 4006
l 4006 4007
l 4007 4008
l 4008 4009
l 4009 4010
l 4010 4011
l 4011 4012
l 4012 4013
l 4013 4014
l 4014 4015
l 4015 4016
l 4016 4017
l 4017 4018
l 4018 4019
l 4019 4020
l 4020 4021
l 4021 4022
l 4022 4023
l 4023 4024
l 4024 4025
l 4025 4026
l 4026 4027
l 4027 4028
l 4028 4029
l 4029 4030
l 4030 4031
l 4031 4032
l 4032 4033
l 4033 4034
l 4034 4035
l 4035 4036
l 4036 4037
l 4037 4038
l 4038 4039
l 4039 4040
l 4040 4041
l 4041 4042
l 4042 4043
l 4043 4044
l 4044 4045
l 4045 4046
l 4046 4047
l 4047 4048
l 4048 4049
l 4049 4050
l 4050 4051
l 4051 4052
l 4052 4053
l 4053 4054
l 4054 4055
l 4055 4056
l 4056 4057
l 4057 4058
l 4058 4059
l 4059 4060
l 4060 4061
l 4061 4062
l 4062 4063
l 4063 4064
l 4064 4065
l 4065 4066
l 4066 4067
l 4067 4068
l 4068 4069
l 4069 4070
l 4070 4071
l 4071 4072
l 4072 4073
l 4073 4074
l 4074 4075
l 4075 4076
l 4076 4077
l 4077 4078
l 4078 4079
l 4079 4080
l 4080 4081
l 4081 4082
l 4082 4083
l 4083 4084
l 4084 4085
l 4085 4086
l 4086 4087
l 4087 4088
l 4088 4089
l 4089 4090
l 4090 4091
l 4091 4092
l 4092 4093
l 4093 4094
l 4094 4095
l 4095 4096
l 4096 4097
l 4097 4098
l 4098 4099
l 4099 4100
l 4100 4101
l 4101 4102
l 4102 4103
l 4103 4104
l 4104 4105
l 4105 4106
l 4106 4107
l 4107 4108
l 4108 4109
l 4109 4110
l 4110 4111
l 4111 4112
l 4112 4113
l 4113 4114
l 4114 4115
l 4115 4116
l 4116 4117
l 4117 4118
l 4118 4119
l 4119 4120
l 4120 4121
l 4121 4122
l 4122 4123
l 4123 4124
l 4124 4125
l 4125 4126
l 4126 4127
l 4127 4128
l 4128 4129
l 4129 4130
l 4130 4131
l 4131 4132
l 4132 4133
l 4133 4134
l 4134 4135
l 4135 4136
l 4136 4137
l 4137 4138
l 4138 4139
l 4139 4140
l 4140 4141
l 4141 4142
l 4142 4143
l 4143 4144
l 4144 4145
l 4145 4146
l 4146 4147
l 4147 4148
l 4148 4149
l 4149 4150
l 4150 4151
l 4151 4152
l 4152 4153
l 4153 4154
l 4154 4155
l 4155 4156
l 4156 4157
l 4157 4158
l 4158 4159
l 4159 4160
l 4160 4161
l 4161 4162
l 4162 4163
l 4163 4164
l 4164 4165
l 4165 4166
l 4166 4167
l 4167 4168
l 4168 4169
l 4169 4170
l 4170 4171
l 4171 4172
l 4172 4173
l 4173 4174
l 4174 4175
l 4175 4176
l 4176 4177
l 4177 4178
l 4178 4179
l 4179 4180
l 4180 4181
l 4181 4182
l 4182 4183
l 4183 4184
l 4184 4185
l 4185 4186
l 4186 4187
l 4187 4188
l 4188 4189
l 4189 4190
l 4190 4191
l 4191 4192
l 4192 4193
l 4193 4194
l 4194 4195
l 4195 4196
l 4196 4197
l 4197 4198
l 4198 4199
l 4199 4200
l 4200 4201
l 4201 4202
l 4202 4203
l 4203 4204
l 4204 4205
l 4205 4206
l 4206 4207
l 4207 4208
l 4208 4209
l 4209 4210
l 4210 4211
l 4211 4212
l 4212 4213
l 4213 4214
l 4214 4215
l 4215 4216
l 4216 4217
l 4217 4218
l 4218 4219
l 4219 4220
l 4220 4221
l 4221 4222
l 4222 4223
l 4223 4224
l 4224 4225
l 4225 4226
l 4226 4227
l 4227 4228
l 4228 4229
l 4229 4230
l 4230 4231
l 4231 4232
l 4232 4233
l 4233 4234
l 4234 4235
l 4235 4236
l 4236 4237
l 4237 4238
l 4238 4239
l 4239 4240
l 4240 4241
l 4241 4242
l 4242 4243
l 4243 4244
l 4244 4245
l 4245 4246
l 4246 4247
l 4247 4248
l 4248 4249
l 4249 4250
l 4250 4251
l 4251 4252
l 4252 4253
l 4253 4254
l 4254 4255
l 4255 4256
l 4256 4257
l 4257 4258
l 4258 4259
l 4259 4260
l 4260 4261
l 4261 4262
l 4262 4263
l 4263 4264
l 4264 4265
l 4265 4266
l 4266 4267
l 4267 4268
l 4268 4269
l 4269 4270
l 4270 4271
l 4271 4272
l 4272 4273
l 4273 4274
l 4274 4275
l 4275 4276
l 4276 4277
l 4277 4278
l 4278 4279
l 4279 4280
l 4280 4281
l 4281 4282
l 4282 4283
l 4283 4284
l 4284 4285
l 4285 4286
l 4286 4287
l 4287 4288
l 4288 4289
l 4289 4290
l 4290 4291
l 4291 4292
l 4292 4293
l 4293 4294
l 4294 4295
l 4295 4296
l 4296 4297
l 4297 4298
l 4298 4299
l 4299 4300
l 4300 4301
l 4301 4302
l 4302 4303
l 4303 4304
l 4304 4305
l 4305 4306
l 4306 4307
l 4307 4308
l 4308 4309
l 4309 4310
l 4310 4311
l 4311 4312
l 4312 4313
l 4313 4314
l 4314 4315
l 4315 4316
l 4316 4317
l 4317 4318
l 4318 4319
l 4319 4320
l 4320 4321
l 4321 4322
l 4322 4323
l 4323 4324
l 4324 4325
l 4325 4326
l 4326 4327
l 4327 4328
l 4328 4329
l 4329 4330
l 4330 4331
l 4331 4332
l 4332 4333
l 4333 4334
l 4334 4335
l 4335 4336
l 4336 4337
l 4337 4338
l 4338 4339
l 4339 4340
l 4340 4341
l 4341 4342
l 4342 4343
l 4343 4344
l 4344 4345
l 4345 4346
l 4346 4347
l 4347 4348
l 4348 4349
l 4349 4350
l 4350 4351
l 4351 4352
l 4352 4353
l 4353 4354
l 4354 4355
l 4355 4356
l 4356 4357
l 4357 4358
l 4358 4359
l 4359 4360
l 4360 4361
l 4361 4362
l 4362 4363
l 4363 4364
l 4364 4365
l 4365 4366
l 4366 4367
l 4367 4368
l 4368 4369
l 4369 4370
l 4370 4371
l 4371 4372
l 4372 4373
l 4373 4374
l 4374 4375
l 4375 4376
l 4376 4377
l 4377 4378
l 4378 4379
l 4379 4380
l 4380 4381
l 4381 4382
l 4382 4383
l 4383 4384
l 4384 4385
l 4385 4386
l 4386 4387
l 4387 4388
l 4388 4389
l 4389 4390
l 4390 4391
l 4391 4392
l 4392 4393
l 4393 4394
l 4394 4395
l 4395 4396
l 4396 4397
l 4397 4398
l 4398 4399
l 4399 4400
l 4400 4401
l 4401 4402
l 4402 4403
l 4403 4404
l 4404 4405
l 4405 4406
l 4406 4407
l 4407 4408
l 4408 4409
l 4409 4410
l 4410 4411
l 4411 4412
l 4412 4413
l 4413 4414
l 4414 4415
l 4415 4416
l 4416 4417
l 4417 4418
l 4418 4419
l 4419 4420
l 4420 4421
l 4421 4422
l 4422 4423
l 4423 4424
l 4424 4425
l 4425 4426
l 4426 4427
l 4427 4428
l 4428 4429
l 4429 4430
l 4430 4431
l 4431 4432
l 4432 4433
l 4433 4434
l 4434 4435
l 4435 4436
l 4436 4437
l 4437 4438
l 4438 4439
l 4439 4440
l 4440 4441
l 4441 4442
l 4442 4443
l 4443 4444
l 4444 4445
l 4445 4446
l 4446 4447
l 4447 4448
l 4448 4449
l 4449 4450
l 4450 4451
l 4451 4452
l 4452 4453
l 4453 4454
l 4454 4455
l 4455 4456
l 4456 4457
l 4457 4458
l 4458 4459
l 4459 4460
l 4460 4461
l 4461 4462
l 4462 4463
l 4463 4464
l 4464 4465
l 4465 4466
l 4466 4467
l 4467 4468
l 4468 4469
l 4469 4470
l 4470 4471
l 4471 4472
l 4472 4473
l 4473 4474
l 4474 4475
l 4475 4476
l 4476 4477
l 4477 4478
l 4478 4479
l 4479 4480
l 4480 4481
l 4481 4482
l 4482 4483
l 4483 4484
l 4484 4485
l 4485 4486
l 4486 4487
l 4487 4488
l 4488 4489
l 4489 4490
l 4490 4491
l 4491 4492
l 4492 4493
l 4493 4494
l 4494 4495
l 4495 4496
l 4496 4497
l 4497 4498
l 4498 4499
l 4499 4500
l 4500 4501
l 4501 4502
l 4502 4503
l 4503 4504
l 4504 4505
l 4505 4506
l 4506 4507
l 4507 4508
l 4508 4509
l 4509 4510
l 4510 4511
l 4511 4512
l 4512 4513
l 4513 4514
l 4514 4515
l 4515 4516
l 4516 4517
l 4517 4518
l 4518 4519
l 4519 4520
l 4520 4521
l 4521 4522
l 4522 4523
l 4523 4524
l 4524 4525
l 4525 4526
l 4526 4527
l 4527 4528
l 4528 4529
l 4529 4530
l 4530 4531
l 4531 4532
l 4532 4533
l 4533 4534
l 4534 4535
l 4535 4536
l 4536 4537
l 4537 4538
l 4538 4539
l 4539 4540
l 4540 4541
l 4541 4542
l 4542 4543
l 4543 4544
l 4544 4545
l 4545 4546
l 4546 4547
l 4547 4548
l 4548 4549
l 4549 4550
l 4550 4551
l 4551 4552
l 4552 4553
l 4553 4554
l 4554 4555
l 4555 4556
l 4556 4557
l 4557 4558
l 4558 4559
l 4559 4560
l 4560 4561
l 4561 4562
l 4562 4563
l 4563 4564
l 4564 4565
l 4565 4566
l 4566 4567
l 4567 4568
l 4568 4569
l 4569 4570
l 4570 4571
l 4571 4572
l 4572 4573
l 4573 4574
l 4574 4575
l 4575 4576
l 4576 4577
l 4577 4578
l 4578 4579
l 4579 4580
l 4580 4581
l 4581 4582
l 4582 4583
l 4583 4584
l 4584 4585
l 4585 4586
l 4586 4587
l 4587 4588
l 4588 4589
l 4589 4590
l 4590 4591
l 4591 4592
l 4592 4593
l 4593 4594
l 4594 4595
l 4595 4596
l 4596 4597
l 4597 4598
l 4598 4599
l 4599 4600
l 4600 4601
l 4601 4602
l 4602 4603
l 4603 4604
l 4604 4605
l 4605 4606
l 4606 4607
l 4607 4608
l 4608 4609
l 4609 4610
l 4610 4611
l 4611 4612
l 4612 4613
l 4613 4614
l 4614 4615
l 4615 4616
l 4616 4617
l 4617 4618
l 4618 4619
l 4619 4620
l 4620 4621
l 4621 4622
l 4622 4623
l 4623 4624
l 4624 4625
l 4625 4626
l 4626 4627
l 4627 4628
l 4628 4629
l 4629 4630
l 4630 4631
l 4631 4632
l 4632 4633
l 4633 4634
l 4634 4635
l 4635 4636
l 4636 4637
l 4637 4638
l 4638 4639
l 4639 4640
l 4640 4641
l 4641 4642
l 4642 4643
l 4643 4644
l 4644 4645
l 4645 4646
l 4646 4647
l 4647 4648
l 4648 4649
l 4649 4650
l 4650 4651
l 4651 4652
l 4652 4653
l 4653 4654
l 4654 4655
l 4655 4656
l 4656 4657
l 4657 4658
l 4658 4659
l 4659 4660
l 4660 4661
l 4661 4662
l 4662 4663
l 4663 4664
l 4664 4665
l 4665 4666
l 4666 4667
l 4667 4668
l 4668 4669
l 4669 4670
l 4670 4671
l 4671 4672
l 4672 4673
l 4673 4674
l 4674 4675
l 4675 4676
l 4676 4677
l 4677 4678
l 4678 4679
l 4679 4680
l 4680 4681
l 4681 4682
l 4682 4683
l 4683 4684
l 4684 4685
l 4685 4686
l 4686 4687
l 4687 4688
l 4688 4689
l 4689 4690
l 4690 4691
l 4691 4692
l 4692 4693
l 4693 4694
l 4694 4695
l 4695 4696
l 4696 4697
l 4697 4698
l 4698 4699
l 4699 4700
l 4700 4701
l 4701 4702
l 4702 4703
l 4703 4704
l 4704 4705
l 4705 4706
l 4706 4707
l 4707 4708
l 4708 4709
l 4709 4710
l 4710 4711
l 4711 4712
l 4712 4713
l 4713 4714
l 4714 4715
l 4715 4716
l 4716 4717
l 4717 4718
l 4718 4719
l 4719 4720
l 4720 4721
l 4721 4722
l 4722 4723
l 4723 4724
l 4724 4725
l 4725 4726
l 4726 4727
l 4727 4728
l 4728 4729
l 4729 4730
l 4730 4731
l 4731 4732
l 4732 4733
l 4733 4734
l 4734 4735
l 4735 4736
l 4736 4737
l 4737 4738
l 4738 4739
l 4739 4740
l 4740 4741
l 4741 4742
l 4742 4743
l 4743 4744
l 4744 4745
l 4745 4746
l 4746 4747
l 4747 4748
l 4748 4749
l 4749 4750
l 4750 4751
l 4751 4752
l 4752 4753
l 4753 4754
l 4754 4755
l 4755 4756
l 4756 4757
l 4757 4758
l 4758 4759
l 4759 4760
l 4760 4761
l 4761 4762
l 4762 4763
l 4763 4764
l 4764 4765
l 4765 4766
l 4766 4767
l 4767 4768
l 4768 4769
l 4769 4770
l 4770 4771
l 4771 4772
l 4772 4773
l 4773 4774
l 4774 4775
l 4775 4776
l 4776 4777
l 4777 4778
l 4778 4779
l 4779 4780
l 4780 4781
l 4781 4782
l 4782 4783
l 4783 4784
l 4784 4785
l 4785 4786
l 4786 4787
l 4787 4788
l 4788 4789
l 4789 4790
l 4790 4791
l 4791 4792
l 4792 4793
l 4793 4794
l 4794 4795
l 4795 4796
l 4796 4797
l 4797 4798
l 4798 4799
l 4799 4800
l 4800 4801
l 4801 4802
l 4802 4803
l 4803 4804
l 4804 4805
l 4805 4806
l 4806 4807
l 4807 4808
l 4808 4809
l 4809 4810
l 4810 4811
l 4811 4812
l 4812 4813
l 4813 4814
l 4814 4815
l 4815 4816
l 4816 4817
l 4817 4818
l 4818 4819
l 4819 4820
l 4820 4821
l 4821 4822
l 4822 4823
l 4823 4824
l 4824 4825
l 4825 4826
l 4826 4827
l 4827 4828
l 4828 4829
l 4829 4830
l 4830 4831
l 4831 4832
l 4832 4833
l 4833 4834
l 4834 4835
l 4835 4836
l 4836 4837
l 4837 4838
l 4838 4839
l 4839 4840
l 4840 4841
l 4841 4842
l 4842 4843
l 4843 4844
l 4844 4845
l 4845 4846
l 4846 4847
l 4847 4848
l 4848 4849
l 4849 4850
l 4850 4851
l 4851 4852
l 4852 4853
l 4853 4854
l 4854 4855
l 4855 4856
l 4856 4857
l 4857 4858
l 4858 4859
l 4859 4860
l 4860 4861
l 4861 4862
l 4862 4863
l 4863 4864
l 4864 4865
l 4865 4866
l 4866 4867
l 4867 4868
l 4868 4869
l 4869 4870
l 4870 4871
l 4871 4872
l 4872 4873
l 4873 4874
l 4874 4875
l 4875 4876
l 4876 4877
l 4877 4878
l 4878 4879
l 4879 4880
l 4880 4881
l 4881 4882
l 4882 4883
l 4883 4884
l 4884 4885
l 4885 4886
l 4886 4887
l 4887 4888
l 4888 4889
l 4889 4890
l 4890 4891
l 4891 4892
l 4892 4893
l 4893 4894
l 4894 4895
l 4895 4896
l 4896 4897
l 4897 4898
l 4898 4899
l 4899 4900
l 4900 4901
l 4901 4902
l 4902 4903
l 4903 4904
l 4904 4905
l 4905 4906
l 4906 4907
l 4907 4908
l 4908 4909
l 4909 4910
l 4910 4911
l 4911 4912
l 4912 4913
l 4913 4914
l 4914 4915
l 4915 4916
l 4916 4917
l 4917 4918
l 4918 4919
l 4919 4920
l 4920 4921
l 4921 4922
l 4922 4923
l 4923 4924
l 4924 4925
l 4925 4926
l 4926 4927
l 4927 4928
l 4928 4929
l 4929 4930
l 4930 4931
l 4931 4932
l 4932 4933
l 4933 4934
l 4934 4935
l 4935 4936
l 4936 4937
l 4937 4938
l 4938 4939
l 4939 4940
l 4940 4941
l 4941 4942
l 4942 4943
l 4943 4944
l 4944 4945
l 4945 4946
l 4946 4947
l 4947 4948
l 4948 4949
l 4949 4950
l 4950 4951
l 4951 4952
l 4952 4953
l 4953 4954
l 4954 4955
l 4955 4956
l 4956 4957
l 4957 4958
l 4958 4959
l 4959 4960
l 4960 4961
l 4961 4962
l 4962 4963
l 4963 4964
l 4964 4965
l 4965 4966
l 4966 4967
l 4967 4968
l 4968 4969
l 4969 4970
l 4970 4971
l 4971 4972
l 4972 4973
l 4973 4974
l 4974 4975
l 4975 4976
l 4976 4977
l 4977 4978
l 4978 4979
l 4979 4980
l 4980 4981
l 4981 4982
l 4982 4983
l 4983 4984
l 4984 4985
l 4985 4986
l 4986 4987
l 4987 4988
l 4988 4989
l 4989 4990
l 4990 4991
l 4991 4992
l 4992 4993
l 4993 4994
l 4994 4995
l 4995 4996
l 4996 4997
l 4997 4998
l 4998 4999
l 4999 5000
l 5000 5001
l 5001 5002
l 5002 5003
l 5003 5004
l 5004 5005
l 5005 5006
l 5006 5007
l 5007 5008
l 5008 5009
l 5009 5010
l 5010 5011
l 5011 5012
l 5012 5013
l 5013 5014
l 5014 5015
l 5015 5016
l 5016 5017
l 5017 5018
l 5018 5019
l 5019 5020
l 5020 5021
l 5021 5022
l 5022 5023
l 5023 5024
l 5024 5025
l 5025 5026
l 5026 5027
l 5027 5028
l 5028 5029
l 5029 5030
l 5030 5031
l 5031 5032
l 5032 5033
l 5033 5034
l 5034 5035
l 5035 5036
l 5036 5037
l 5037 5038
l 5038 5039
l 5039 5040
l 5040 5041
l 5041 5042
l 5042 5043
l 5043 5044
l 5044 5045
l 5045 5046
l 5046 5047
l 5047 5048
l 5048 5049
l 5049 5050
l 5050 5051
l 5051 5052
l 5052 5053
l 5053 5054
l 5054 5055
l 5055 5056
l 5056 5057
l 5057 5058
l 5058 5059
l 5059 5060
l 5060 5061
l 5061 5062
l 5062 5063
l 5063 5064
l 5064 5065
l 5065 5066
l 5066 5067
l 5067 5068
l 5068 5069
l 5069 5070
l 5070 5071
l 5071 5072
l 5072 5073
l 5073 5074
l 5074 5075
l 5075 5076
l 5076 5077
l 5077 5078
l 5078 5079
l 5079 5080
l 5080 5081
l 5081 5082
l 5082 5083
l 5083 5084
l 5084 5085
l 5085 5086
l 5086 5087
l 5087 5088
l 5088 5089
l 5089 5090
l 5090 5091
l 5091 5092
l 5092 5093
l 5093 5094
l 5094 5095
l 5095 5096
l 5096 5097
l 5097 5098
l 5098 5099
l 5099 5100
l 5100 5101
l 5101 5102
l 5102 5103
l 5103 5104
l 5104 5105
l 5105 5106
l 5106 5107
l 5107 5108
l 5108 5109
l 5109 5110
l 5110 5111
l 5111 5112
l 5112 5113
l 5113 5114
l 5114 5115
l 5115 5116
l 5116 5117
l 5117 5118
l 5118 5119
l 5119 5120
l 5120 5121
l 5121 5122
l 5122 5123
l 5123 5124
l 5124 5125
l 5125 5126
l 5126 5127
l 5127 5128
l 5128 5129
l 5129 5130
l 5130 5131
l 5131 5132
l 5132 5133
l 5133 5134
l 5134 5135
l 5135 5136
l 5136 5137
l 5137 5138
l 5138 5139
l 5139 5140
l 5140 5141
l 5141 5142
l 5142 5143
l 5143 5144
l 5144 5145
l 5145 5146
l 5146 5147
l 5147 5148
l 5148 5149
l 5149 5150
l 5150 5151
l 5151 5152
l 5152 5153
l 5153 5154
l 5154 5155
l 5155 5156
l 5156 5157
l 5157 5158
l 5158 5159
l 5159 5160
l 5160 5161
l 5161 5162
l 5162 5163
l 5163 5164
l 5164 5165
l 5165 5166
l 5166 5167
l 5167 5168
l 5168 5169
l 5169 5170
l 5170 5171
l 5171 5172
l 5172 5173
l 5173 5174
l 5174 5175
l 5175 5176
l 5176 5177
l 5177 5178
l 5178 5179
l 5179 5180
l 5180 5181
l 5181 5182
l 5182 5183
l 5183 5184
l 5184 5185
l 5185 5186
l 5186 5187
l 5187 5188
l 5188 5189
l 5189 5190
l 5190 5191
l 5191 5192
l 5192 5193
l 5193 5194
l 5194 5195
l 5195 5196
l 5196 5197
l 5197 5198
l 5198 5199
l 5199 5200
l 5200 5201
l 5201 5202
l 5202 5203
l 5203 5204
l 5204 5205
l 5205 5206
l 5206 5207
l 5207 5208
l 5208 5209
l 5209 5210
l 5210 5211
l 5211 5212
l 5212 5213
l 5213 5214
l 5214 5215
l 5215 5216
l 5216 5217
l 5217 5218
l 5218 5219
l 5219 5220
l 5220 5221
l 5221 5222
l 5222 5223
l 5223 5224
l 5224 5225
l 5225 5226
l 5226 5227
l 5227 5228
l 5228 5229
l 5229 5230
l 5230 5231
l 5231 5232
l 5232 5233
l 5233 5234
l 5234 5235
l 5235 5236
l 5236 5237
l 5237 5238
l 5238 5239
l 5239 5240
l 5240 5241
l 5241 5242
l 5242 5243
l 5243 5244
l 5244 5245
l 5245 5246
l 5246 5247
l 5247 5248
l 5248 5249
l 5249 5250
l 5250 5251
l 5251 5252
l 5252 5253
l 5253 5254
l 5254 5255
l 5255 5256
l 5256 5257
l 5257 5258
l 5258 5259
l 5259 5260
l 5260 5261
l 5261 5262
l 5262 5263
l 5263 5264
l 5264 5265
l 5265 5266
l 5266 5267
l 5267 5268
l 5268 5269
l 5269 5270
l 5270 5271
l 5271 5272
l 5272 5273
l 5273 5274
l 5274 5275
l 5275 5276
l 5276 5277
l 5277 5278
l 5278 5279
l 5279 5280
l 5280 5281
l 5281 5282
l 5282 5283
l 5283 5284
l 5284 5285
l 5285 5286
l 5286 5287
l 5287 5288
l 5288 5289
l 5289 5290
l 5290 5291
l 5291 5292
l 5292 5293
l 5293 5294
l 5294 5295
l 5295 5296
l 5296 5297
l 5297 5298
l 5298 5299
l 5299 5300
l 5300 5301
l 5301 5302
l 5302 5303
l 5303 5304
l 5304 5305
l 5305 5306
l 5306 5307
l 5307 5308
l 5308 5309
l 5309 5310
l 5310 5311
l 5311 5312
l 5312 5313
l 5313 5314
l 5314 5315
l 5315 5316
l 5316 5317
l 5317 5318
l 5318 5319
l 5319 5320
l 5320 5321
l 5321 5322
l 5322 5323
l 5323 5324
l 5324 5325
l 5325 5326
l 5326 5327
l 5327 5328
l 5328 5329
l 5329 5330
l 5330 5331
l 5331 5332
l 5332 5333
l 5333 5334
l 5334 5335
l 5335 5336
l 5336 5337
l 5337 5338
l 5338 5339
l 5339 5340
l 5340 5341
l 5341 5342
l 5342 5343
l 5343 5344
l 5344 5345
l 5345 5346
l 5346 5347
l 5347 5348
l 5348 5349
l 5349 5350
l 5350 5351
l 5351 5352
l 5352 5353
l 5353 5354
l 5354 5355
l 5355 5356
l 5356 5357
l 5357 5358
l 5358 5359
l 5359 5360
l 5360 5361
l 5361 5362
l 5362 5363
l 5363 5364
l 5364 5365
l 5365 5366
l 5366 5367
l 5367 5368
l 5368 5369
l 5369 5370
l 5370 5371
l 5371 5372
l 5372 5373
l 5373 5374
l 5374 5375
l 5375 5376
l 5376 5377
l 5377 5378
l 5378 5379
l 5379 5380
l 5380 5381
l 5381 5382
l 5382 5383
l 5383 5384
l 5384 5385
l 5385 5386
l 5386 5387
l 5387 5388
l 5388 5389
l 5389 5390
l 5390 5391
l 5391 5392
l 5392 5393
l 5393 5394
l 5394 5395
l 5395 5396
l 5396 5397
l 5397 5398
l 5398 5399
l 5399 5400
l 5400 5401
l 5401 5402
l 5402 5403
l 5403 5404
l 5404 5405
l 5405 5406
l 5406 5407
l 5407 5408
l 5408 5409
l 5409 5410
l 5410 5411
l 5411 5412
l 5412 5413
l 5413 5414
l 5414 5415
l 5415 5416
l 5416 5417
l 5417 5418
l 5418 5419
l 5419 5420
l 5420 5421
l 5421 5422
l 5422 5423
l 5423 5424
l 5424 5425
l 5425 5426
l 5426 5427
l 5427 5428
l 5428 5429
l 5429 5430
l 5430 5431
l 5431 5432
l 5432 5433
l 5433 5434
l 5434 5435
l 5435 5436
l 5436 5437
l 5437 5438
l 5438 5439
l 5439 5440
l 5440 5441
l 5441 5442
l 5442 5443
l 5443 5444
l 5444 5445
l 5445 5446
l 5446 5447
l 5447 5448
l 5448 5449
l 5449 5450
l 5450 5451
l 5451 5452
l 5452 5453
l 5453 5454
l 5454 5455
l 5455 5456
l 5456 5457
l 5457 5458
l 5458 5459
l 5459 5460
l 5460 5461
l 5461 5462
l 5462 5463
l 5463 5464
l 5464 5465
l 5465 5466
l 5466 5467
l 5467 5468
l 5468 5469
l 5469 5470
l 5470 5471
l 5471 5472
l 5472 5473
l 5473 5474
l 5474 5475
l 5475 5476
l 5476 5477
l 5477 5478
l 5478 5479
l 5479 5480
l 5480 5481
l 5481 5482
l 5482 5483
l 5483 5484
l 5484 5485
l 5485 5486
l 5486 5487
l 5487 5488
l 5488 5489
l 5489 5490
l 5490 5491
l 5491 5492
l 5492 5493
l 5493 5494
l 5494 5495
l 5495 5496
l 5496 5497
l 5497 5498
l 5498 5499
l 5499 5500
l 5500 5501
l 5501 5502
l 5502 5503
l 5503 5504
l 5504 5505
l 5505 5506
l 5506 5507
l 5507 5508
l 5508 5509
l 5509 5510
l 5510 5511
l 5511 5512
l 5512 5513
l 5513 5514
l 5514 5515
l 5515 5516
l 5516 5517
l 5517 5518
l 5518 5519
l 5519 5520
l 5520 5521
l 5521 5522
l 5522 5523
l 5523 5524
l 5524 5525
l 5525 5526
l 5526 5527
l 5527 5528
l 5528 5529
l 5529 5530
l 5530 5531
l 5531 5532
l 5532 5533
l 5533 5534
l 5534 5535
l 5535 5536
l 5536 5537
l 5537 5538
l 5538 5539
l 5539 5540
l 5540 5541
l 5541 5542
l 5542 5543
l 5543 5544
l 5544 5545
l 5545 5546
l 5546 5547
l 5547 5548
l 5548 5549
l 5549 5550
l 5550 5551
l 5551 5552
l 5552 5553
l 5553 5554
l 5554 5555
l 5555 5556
l 5556 5557
l 5557 5558
l 5558 5559
l 5559 5560
l 5560 5561
l 5561 5562
l 5562 5563
l 5563 5564
l 5564 5565
l 5565 5566
l 5566 5567
l 5567 5568
l 5568 5569
l 5569 5570
l 5570 5571
l 5571 5572
l 5572 5573
l 5573 5574
l 5574 5575
l 5575 5576
l 5576 5577
l 5577 5578
l 5578 5579
l 5579 5580
l 5580 5581
l 5581 5582
l 5582 5583
l 5583 5584
l 5584 5585
l 5585 5586
l 5586 5587
l 5587 5588
l 5588 5589
l 5589 5590
l 5590 5591
l 5591 5592
l 5592 5593
l 5593 5594
l 5594 5595
l 5595 5596
l 5596 5597
l 5597 5598
l 5598 5599
l 5599 5600
l 5600 5601
l 5601 5602
l 5602 5603
l 5603 5604
l 5604 5605
l 5605 5606
l 5606 5607
l 5607 5608
l 5608 5609
l 5609 5610
l 5610 5611
l 5611 5612
l 5612 5613
l 5613 5614
l 5614 5615
l 5615 5616
l 5616 5617
l 5617 5618
l 5618 5619
l 5619 5620
l 5620 5621
l 5621 5622
l 5622 5623
l 5623 5624
l 5624 5625
l 5625 5626
l 5626 5627
l 5627 5628
l 5628 5629
l 5629 5630
l 5630 5631
l 5631 5632
l 5632 5633
l 5633 5634
l 5634 5635
l 5635 5636
l 5636 5637
l 5637 5638
l 5638 5639
l 5639 5640
l 5640 5641
l 5641 5642
l 5642 5643
l 5643 5644
l 5644 5645
l 5645 5646
l 5646 5647
l 5647 5648
l 5648 5649
l 5649 5650
l 5650 5651
l 5651 5652
l 5652 5653
l 5653 5654
l 5654 5655
l 5655 5656
l 5656 5657
l 5657 5658
l 5658 5659
l 5659 5660
l 5660 5661
l 5661 5662
l 5662 5663
l 5663 5664
l 5664 5665
l 5665 5666
l 5666 5667
l 5667 5668
l 5668 5669
l 5669 5670
l 5670 5671
l 5671 5672
l 5672 5673
l 5673 5674
l 5674 5675
l 5675 5676
l 5676 5677
l 5677 5678
l 5678 5679
l 5679 5680
l 5680 5681
l 5681 5682
l 5682 5683
l 5683 5684
l 5684 5685
l 5685 5686
l 5686 5687
l 5687 5688
l 5688 5689
l 5689 5690
l 5690 5691
l 5691 5692
l 5692 5693
l 5693 5694
l 5694 5695
l 5695 5696
l 5696 5697
l 5697 5698
l 5698 5699
l 5699 5700
l 5700 5701
l 5701 5702
l 5702 5703
l 5703 5704
l 5704 5705
l 5705 5706
l 5706 5707
l 5707 5708
l 5708 5709
l 5709 5710
l 5710 5711
l 5711 5712
l 5712 5713
l 5713 5714
l 5714 5715
l 5715 5716
l 5716 5717
l 5717 5718
l 5718 5719
l 5719 5720
l 5720 5721
l 5721 5722
l 5722 5723
l 5723 5724
l 5724 5725
l 5725 5726
l 5726 5727
l 5727 5728
l 5728 5729
l 5729 5730
l 5730 5731
l 5731 5732
l 5732 5733
l 5733 5734
l 5734 5735
l 5735 5736
l 5736 5737
l 5737 5738
l 5738 5739
l 5739 5740
l 5740 5741
l 5741 5742
l 5742 5743
l 5743 5744
l 5744 5745
l 5745 5746
l 5746 5747
l 5747 5748
l 5748 5749
l 5749 5750
l 5750 5751
l 5751 5752
l 5752 5753
l 5753 5754
l 5754 5755
l 5755 5756
l 5756 5757
l 5757 5758
l 5758 5759
l 5759 5760
l 5760 5761
l 5761 5762
l 5762 5763
l 5763 5764
l 5764 5765
l 5765 5766
l 5766 5767
l 5767 5768
l 5768 5769
l 5769 5770
l 5770 5771
l 5771 5772
l 5772 5773
l 5773 5774
l 5774 5775
l 5775 5776
l 5776 5777
l 5777 5778
l 5778 5779
l 5779 5780
l 5780 5781
l 5781 5782
l 5782 5783
l 5783 5784
l 5784 5785
l 5785 5786
l 5786 5787
l 5787 5788
l 5788 5789
l 5789 5790
l 5790 5791
l 5791 5792
l 5792 5793
l 5793 5794
l 5794 5795
l 5795 5796
l 5796 5797
l 5797 5798
l 5798 5799
l 5799 5800
l 5800 5801
l 5801 5802
l 5802 5803
l 5803 5804
l 5804 5805
l 5805 5806
l 5806 5807
l 5807 5808
l 5808 5809
l 5809 5810
l 5810 5811
l 5811 5812
l 5812 5813
l 5813 5814
l 5814 5815
l 5815 5816
l 5816 5817
l 5817 5818
l 5818 5819
l 5819 5820
l 5820 5821
l 5821 5822
l 5822 5823
l 5823 5824
l 5824 5825
l 5825 5826
l 5826 5827
l 5827 5828
l 5828 5829
l 5829 5830
l 5830 5831
l 5831 5832
l 5832 5833
l 5833 5834
l 5834 5835
l 5835 5836
l 5836 5837
l 5837 5838
l 5838 5839
l 5839 5840
l 5840 5841
l 5841 5842
l 5842 5843
l 5843 5844
l 5844 5845
l 5845 5846
l 5846 5847
l 5847 5848
l 5848 5849
l 5849 5850
l 5850 5851
l 5851 5852
l 5852 5853
l 5853 5854
l 5854 5855
l 5855 5856
l 5856 5857
l 5857 5858
l 5858 5859
l 5859 5860
l 5860 5861
l 5861 5862
l 5862 5863
l 5863 5864
l 5864 5865
l 5865 5866
l 5866 5867
l 5867 5868
l 5868 5869
l 5869 5870
l 5870 5871
l 5871 5872
l 5872 5873
l 5873 5874
l 5874 5875
l 5875 5876
l 5876 5877
l 5877 5878
l 5878 5879
l 5879 5880
l 5880 5881
l 5881 5882
l 5882 5883
l 5883 5884
l 5884 5885
l 5885 5886
l 5886 5887
l 5887 5888
l 5888 5889
l 5889 5890
l 5890 5891
l 5891 5892
l 5892 5893
l 5893 5894
l 5894 5895
l 5895 5896
l 5896 5897
l 5897 5898
l 5898 5899
l 5899 5900
l 5900 5901
l 5901 5902
l 5902 5903
l 5903 5904
l 5904 5905
l 5905 5906
l 5906 5907
l 5907 5908
l 5908 5909
l 5909 5910
l 5910 5911
l 5911 5912
l 5912 5913
l 5913 5914
l 5914 5915
l 5915 5916
l 5916 5917
l 5917 5918
l 5918 5919
l 5919 5920
l 5920 5921
l 5921 5922
l 5922 5923
l 5923 5924
l 5924 5925
l 5925 5926
l 5926 5927
l 5927 5928
l 5928 5929
l 5929 5930
l 5930 5931
l 5931 5932
l 5932 5933
l 5933 5934
l 5934 5935
l 5935 5936
l 5936 5937
l 5937 5938
l 5938 5939
l 5939 5940
l 5940 5941
l 5941 5942
l 5942 5943
l 5943 5944
l 5944 5945
l 5945 5946
l 5946 5947
l 5947 5948
l 5948 5949
l 5949 5950
l 5950 5951
l 5951 5952
l 5952 5953
l 5953 5954
l 5954 5955
l 5955 5956
l 5956 5957
l 5957 5958
l 5958 5959
l 5959 5960
l 5960 5961
l 5961 5962
l 5962 5963
l 5963 5964
l 5964 5965
l 5965 5966
l 5966 5967
l 5967 5968
l 5968 5969
l 5969 5970
l 5970 5971
l 5971 5972
l 5972 5973
l 5973 5974
l 5974 5975
l 5975 5976
l 5976 5977
l 5977 5978
l 5978 5979
l 5979 5980
l 5980 5981
l 5981 5982
l 5982 5983
l 5983 5984
l 5984 5985
l 5985 5986
l 5986 5987
l 5987 5988
l 5988 5989
l 5989 5990
l 5990 5991
l 5991 5992
l 5992 5993
l 5993 5994
l 5994 5995
l 5995 5996
l 5996 5997
l 5997 5998
l 5998 5999
l 5999 6000
l 6000 6001
l 6001 6002
l 6002 6003
l 6003 6004
l 6004 6005
l 6005 6006
l 6006 6007
l 6007 6008
l 6008 6009
l 6009 6010
l 6010 6011
l 6011 6012
l 6012 6013
l 6013 6014
l 6014 6015
l 6015 6016
l 6016 6017
l 6017 6018
l 6018 6019
l 6019 6020
l 6020 6021
l 6021 6022
l 6022 6023
l 6023 6024
l 6024 6025
l 6025 6026
l 6026 6027
l 6027 6028
l 6028 6029
l 6029 6030
l 6030 6031
l 6031 6032
l 6032 6033
l 6033 6034
l 6034 6035
l 6035 6036
l 6036 6037
l 6037 6038
l 6038 6039
l 6039 6040
l 6040 6041
l 6041 6042
l 6042 6043
l 6043 6044
l 6044 6045
l 6045 6046
l 6046 6047
l 6047 6048
l 6048 6049
l 6049 6050
l 6050 6051
l 6051 6052
l 6052 6053
l 6053 6054
l 6054 6055
l 6055 6056
l 6056 6057
l 6057 6058
l 6058 6059
l 6059 6060
l 6060 6061
l 6061 6062
l 6062 6063
l 6063 6064
l 6064 6065
l 6065 6066
l 6066 6067
l 6067 6068
l 6068 6069
l 6069 6070
l 6070 6071
l 6071 6072
l 6072 6073
l 6073 6074
l 6074 6075
l 6075 6076
l 6076 6077
l 6077 6078
l 6078 6079
l 6079 6080
l 6080 6081
l 6081 6082
l 6082 6083
l 6083 6084
l 6084 6085
l 6085 6086
l 6086 6087
l 6087 6088
l 6088 6089
l 6089 6090
l 6090 6091
l 6091 6092
l 6092 6093
l 6093 6094
l 6094 6095
l 6095 6096
l 6096 6097
l 6097 6098
l 6098 6099
l 6099 6100
l 6100 6101
l 6101 6102
l 6102 6103
l 6103 6104
l 6104 6105
l 6105 6106
l 6106 6107
l 6107 6108
l 6108 6109
l 6109 6110
l 6110 6111
l 6111 6112
l 6112 6113
l 6113 6114
l 6114 6115
l 6115 6116
l 6116 6117
l 6117 6118
l 6118 6119
l 6119 6120
l 6120 6121
l 6121 6122
l 6122 6123
l 6123 6124
l 6124 6125
l 6125 6126
l 6126 6127
l 6127 6128
l 6128 6129
l 6129 6130
l 6130 6131
l 6131 6132
l 6132 6133
l 6133 6134
l 6134 6135
l 6135 6136
l 6136 6137
l 6137 6138
l 6138 6139
l 6139 6140
l 6140 6141
l 6141 6142
l 6142 6143
l 6143 6144
l 6144 6145
l 6145 6146
l 6146 6147
l 6147 6148
l 6148 6149
l 6149 6150
l 6150 6151
l 6151 6152
l 6152 6153
l 6153 6154
l 6154 6155
l 6155 6156
l 6156 6157
l 6157 6158
l 6158 6159
l 6159 6160
l 6160 6161
l 6161 6162
l 6162 6163
l 6163 6164
l 6164 6165
l 6165 6166
l 6166 6167
l 6167 6168
l 6168 6169
l 6169 6170
l 6170 6171
l 6171 6172
l 6172 6173
l 6173 6174
l 6174 6175
l 6175 6176
l 6176 6177
l 6177 6178
l 6178 6179
l 6179 6180
l 6180 6181
l 6181 6182
l 6182 6183
l 6183 6184
l 6184 6185
l 6185 6186
l 6186 6187
l 6187 6188
l 6188 6189
l 6189 6190
l 6190 6191
l 6191 6192
l 6192 6193
l 6193 6194
l 6194 6195
l 6195 6196
l 6196 6197
l 6197 6198
l 6198 6199
l 6199 6200
l 6200 6201
l 6201 6202
l 6202 6203
l 6203 6204
l 6204 6205
l 6205 6206
l 6206 6207
l 6207 6208
l 6208 6209
l 6209 6210
l 6210 6211
l 6211 6212
l 6212 6213
l 6213 6214
l 6214 6215
l 6215 6216
l 6216 6217
l 6217 6218
l 6218 6219
l 6219 6220
l 6220 6221
l 6221 6222
l 6222 6223
l 6223 6224
l 6224 6225
l 6225 6226
l 6226 6227
l 6227 6228
l 6228 6229
l 6229 6230
l 6230 6231
l 6231 6232
l 6232 6233
l 6233 6234
l 6234 6235
l 6235 6236
l 6236 6237
l 6237 6238
l 6238 6239
l 6239 6240
l 6240 6241
l 6241 6242
l 6242 6243
l 6243 6244
l 6244 6245
l 6245 6246
l 6246 6247
l 6247 6248
l 6248 6249
l 6249 6250
l 6250 6251
l 6251 6252
l 6252 6253
l 6253 6254
l 6254 6255
l 6255 6256
l 6256 6257
l 6257 6258
l 6258 6259
l 6259 6260
l 6260 6261
l 6261 6262
l 6262 6263
l 6263 6264
l 6264 6265
l 6265 6266
l 6266 6267
l 6267 6268
l 6268 6269
l 6269 6270
l 6270 6271
l 6271 6272
l 6272 6273
l 6273 6274
l 6274 6275
l 6275 6276
l 6276 6277
l 6277 6278
l 6278 6279
l 6279 6280
l 6280 6281
l 6281 6282
l 6282 6283
l 6283 6284
l 6284 6285
l 6285 6286
l 6286 6287
l 6287 6288
l 6288 6289
l 6289 6290
l 6290 6291
l 6291 6292
l 6292 6293
l 6293 6294
l 6294 6295
l 6295 6296
l 6296 6297
l 6297 6298
l 6298 6299
l 6299 6300
l 6300 6301
l 6301 6302
l 6302 6303
l 6303 6304
l 6304 6305
l 6305 6306
l 6306 6307
l 6307 6308
l 6308 6309
l 6309 6310
l 6310 6311
l 6311 6312
l 6312 6313
l 6313 6314
l 6314 6315
l 6315 6316
l 6316 6317
l 6317 6318
l 6318 6319
l 6319 6320
l 6320 6321
l 6321 6322
l 6322 6323
l 6323 6324
l 6324 6325
l 6325 6326
l 6326 6327
l 6327 6328
l 6328 6329
l 6329 6330
l 6330 6331
l 6331 6332
l 6332 6333
l 6333 6334
l 6334 6335
l 6335 6336
l 6336 6337
l 6337 6338
l 6338 6339
l 6339 6340
l 6340 6341
l 6341 6342
l 6342 6343
l 6343 6344
l 6344 6345
l 6345 6346
l 6346 6347
l 6347 6348
l 6348 6349
l 6349 6350
l 6350 6351
l 6351 6352
l 6352 6353
l 6353 6354
l 6354 6355
l 6355 6356
l 6356 6357
l 6357 6358
l 6358 6359
l 6359 6360
l 6360 6361
l 6361 6362
l 6362 6363
l 6363 6364
l 6364 6365
l 6365 6366
l 6366 6367
l 6367 6368
l 6368 6369
l 6369 6370
l 6370 6371
l 6371 6372
l 6372 6373
l 6373 6374
l 6374 6375
l 6375 6376
l 6376 6377
l 6377 6378
l 6378 6379
l 6379 6380
l 6380 6381
l 6381 6382
l 6382 6383
l 6383 6384
l 6384 6385
l 6385 6386
l 6386 6387
l 6387 6388
l 6388 6389
l 6389 6390
l 6390 6391
l 6391 6392
l 6392 6393
l 6393 6394
l 6394 6395
l 6395 6396
l 6396 6397
l 6397 6398
l 6398 6399
l 6399 6400
l 6400 6401
l 6401 6402
l 6402 6403
l 6403 6404
l 6404 6405
l 6405 6406
l 6406 6407
l 6407 6408
l 6408 6409
l 6409 6410
l 6410 6411
l 6411 6412
l 6412 6413
l 6413 6414
l 6414 6415
l 6415 6416
l 6416 6417
l 6417 6418
l 6418 6419
l 6419 6420
l 6420 6421
l 6421 6422
l 6422 6423
l 6423 6424
l 6424 6425
l 6425 6426
l 6426 6427
l 6427 6428
l 6428 6429
l 6429 6430
l 6430 6431
l 6431 6432
l 6432 6433
l 6433 6434
l 6434 6435
l 6435 6436
l 6436 6437
l 6437 6438
l 6438 6439
l 6439 6440
l 6440 6441
l 6441 6442
l 6442 6443
l 6443 6444
l 6444 6445
l 6445 6446
l 6446 6447
l 6447 6448
l 6448 6449
l 6449 6450
l 6450 6451
l 6451 6452
l 6452 6453
l 6453 6454
l 6454 6455
l 6455 6456
l 6456 6457
l 6457 6458
l 6458 6459
l 6459 6460
l 6460 6461
l 6461 6462
l 6462 6463
l 6463 6464
l 6464 6465
l 6465 6466
l 6466 6467
l 6467 6468
l 6468 6469
l 6469 6470
l 6470 6471
l 6471 6472
l 6472 6473
l 6473 6474
l 6474 6475
l 6475 6476
l 6476 6477
l 6477 6478
l 6478 6479
l 6479 6480
l 6480 6481
l 6481 6482
l 6482 6483
l 6483 6484
l 6484 6485
l 6485 6486
l 6486 6487
l 6487 6488
l 6488 6489
l 6489 6490
l 6490 6491
l 6491 6492
l 6492 6493
l 6493 6494
l 6494 6495
l 6495 6496
l 6496 6497
l 6497 6498
l 6498 6499
l 6499 6500
l 6500 6501
l 6501 6502
l 6502 6503
l 6503 6504
l 6504 6505
l 6505 6506
l 6506 6507
l 6507 6508
l 6508 6509
l 6509 6510
l 6510 6511
l 6511 6512
l 6512 6513
l 6513 6514
l 6514 6515
l 6515 6516
l 6516 6517
l 6517 6518
l 6518 6519
l 6519 6520
l 6520 6521
l 6521 6522
l 6522 6523
l 6523 6524
l 6524 6525
l 6525 6526
l 6526 6527
l 6527 6528
l 6528 6529
l 6529 6530
l 6530 6531
l 6531 6532
l 6532 6533
l 6533 6534
l 6534 6535
l 6535 6536
l 6536 6537
l 6537 6538
l 6538 6539
l 6539 6540
l 6540 6541
l 6541 6542
l 6542 6543
l 6543 6544
l 6544 6545
l 6545 6546
l 6546 6547
l 6547 6548
l 6548 6549
l 6549 6550
l 6550 6551
l 6551 6552
l 6552 6553
l 6553 6554
l 6554 6555
l 6555 6556
l 6556 6557
l 6557 6558
l 6558 6559
l 6559 6560
l 6560 6561
l 6561 6562
l 6562 6563
l 6563 6564
l 6564 6565
l 6565 6566
l 6566 6567
l 6567 6568
l 6568 6569
l 6569 6570
l 6570 6571
l 6571 6572
l 6572 6573
l 6573 6574
l 6574 6575
l 6575 6576
l 6576 6577
l 6577 6578
l 6578 6579
l 6579 6580
l 6580 6581
l 6581 6582
l 6582 6583
l 6583 6584
l 6584 6585
l 6585 6586
l 6586 6587
l 6587 6588
l 6588 6589
l 6589 6590
l 6590 6591
l 6591 6592
l 6592 6593
l 6593 6594
l 6594 6595
l 6595 6596
l 6596 6597
l 6597 6598
l 6598 6599
l 6599 6600
l 6600 6601
l 6601 6602
l 6602 6603
l 6603 6604
l 6604 6605
l 6605 6606
l 6606 6607
l 6607 6608
l 6608 6609
l 6609 6610
l 6610 6611
l 6611 6612
l 6612 6613
l 6613 6614
l 6614 6615
l 6615 6616
l 6616 6617
l 6617 6618
l 6618 6619
l 6619 6620
l 6620 6621
l 6621 6622
l 6622 6623
l 6623 6624
l 6624 6625
l 6625 6626
l 6626 6627
l 6627 6628
l 6628 6629
l 6629 6630
l 6630 6631
l 6631 6632
l 6632 6633
l 6633 6634
l 6634 6635
l 6635 6636
l 6636 6637
l 6637 6638
l 6638 6639
l 6639 6640
l 6640 6641
l 6641 6642
l 6642 6643
l 6643 6644
l 6644 6645
l 6645 6646
l 6646 6647
l 6647 6648
l 6648 6649
l 6649 6650
l 6650 6651
l 6651 6652
l 6652 6653
l 6653 6654
l 6654 6655
l 6655 6656
l 6656 6657
l 6657 6658
l 6658 6659
l 6659 6660
l 6660 6661
l 6661 6662
l 6662 6663
l 6663 6664
l 6664 6665
l 6665 6666
l 6666 6667
l 6667 6668
l 6668 6669
l 6669 6670
l 6670 6671
l 6671 6672
l 6672 6673
l 6673 6674
l 6674 6675
l 6675 6676
l 6676 6677
l 6677 6678
l 6678 6679
l 6679 6680
l 6680 6681
l 6681 6682
l 6682 6683
l 6683 6684
l 6684 6685
l 6685 6686
l 6686 6687
l 6687 6688
l 6688 6689
l 6689 6690
l 6690 6691
l 6691 6692
l 6692 6693
l 6693 6694
l 6694 6695
l 6695 6696
l 6696 6697
l 6697 6698
l 6698 6699
l 6699 6700
l 6700 6701
l 6701 6702
l 6702 6703
l 6703 6704
l 6704 6705
l 6705 6706
l 6706 6707
l 6707 6708
l 6708 6709
l 6709 6710
l 6710 6711
l 6711 6712
l 6712 6713
l 6713 6714
l 6714 6715
l 6715 6716
l 6716 6717
l 6717 6718
l 6718 6719
l 6719 6720
l 6720 6721
l 6721 6722
l 6722 6723
l 6723 6724
l 6724 6725
l 6725 6726
l 6726 6727
l 6727 6728
l 6728 6729
l 6729 6730
l 6730 6731
l 6731 6732
l 6732 6733
l 6733 6734
l 6734 6735
l 6735 6736
l 6736 6737
l 6737 6738
l 6738 6739
l 6739 6740
l 6740 6741
l 6741 6742
l 6742 6743
l 6743 6744
l 6744 6745
l 6745 6746
l 6746 6747
l 6747 6748
l 6748 6749
l 6749 6750
l 6750 6751
l 6751 6752
l 6752 6753
l 6753 6754
l 6754 6755
l 6755 6756
l 6756 6757
l 6757 6758
l 6758 6759
l 6759 6760
l 6760 6761
l 6761 6762
l 6762 6763
l 6763 6764
l 6764 6765
l 6765 6766
l 6766 6767
l 6767 6768
l 6768 6769
l 6769 6770
l 6770 6771
l 6771 6772
l 6772 6773
l 6773 6774
l 6774 6775
l 6775 6776
l 6776 6777
l 6777 6778
l 6778 6779
l 6779 6780
l 6780 6781
l 6781 6782
l 6782 6783
l 6783 6784
l 6784 6785
l 6785 6786
l 6786 6787
l 6787 6788
l 6788 6789
l 6789 6790
l 6790 6791
l 6791 6792
l 6792 6793
l 6793 6794
l 6794 6795
l 6795 6796
l 6796 6797
l 6797 6798
l 6798 6799
l 6799 6800
l 6800 6801
l 6801 6802
l 6802 6803
l 6803 6804
l 6804 6805
l 6805 6806
l 6806 6807
l 6807 6808
l 6808 6809
l 6809 6810
l 6810 6811
l 6811 6812
l 6812 6813
l 6813 6814
l 6814 6815
l 6815 6816
l 6816 6817
l 6817 6818
l 6818 6819
l 6819 6820
l 6820 6821
l 6821 6822
l 6822 6823
l 6823 6824
l 6824 6825
l 6825 6826
l 6826 6827
l 6827 6828
l 6828 6829
l 6829 6830
l 6830 6831
l 6831 6832
l 6832 6833
l 6833 6834
l 6834 6835
l 6835 6836
l 6836 6837
l 6837 6838
l 6838 6839
l 6839 6840
l 6840 6841
l 6841 6842
l 6842 6843
l 6843 6844
l 6844 6845
l 6845 6846
l 6846 6847
l 6847 6848
l 6848 6849
l 6849 6850
l 6850 6851
l 6851 6852
l 6852 6853
l 6853 6854
l 6854 6855
l 6855 6856
l 6856 6857
l 6857 6858
l 6858 6859
l 6859 6860
l 6860 6861
l 6861 6862
l 6862 6863
l 6863 6864
l 6864 6865
l 6865 6866
l 6866 6867
l 6867 6868
l 6868 6869
l 6869 6870
l 6870 6871
l 6871 6872
l 6872 6873
l 6873 6874
l 6874 6875
l 6875 6876
l 6876 6877
l 6877 6878
l 6878 6879
l 6879 6880
l 6880 6881
l 6881 6882
l 6882 6883
l 6883 6884
l 6884 6885
l 6885 6886
l 6886 6887
l 6887 6888
l 6888 6889
l 6889 6890
l 6890 6891
l 6891 6892
l 6892 6893
l 6893 6894
l 6894 6895
l 6895 6896
l 6896 6897
l 6897 6898
l 6898 6899
l 6899 6900
l 6900 6901
l 6901 6902
l 6902 6903
l 6903 6904
l 6904 6905
l 6905 6906
l 6906 6907
l 6907 6908
l 6908 6909
l 6909 6910
l 6910 6911
l 6911 6912
l 6912 6913
l 6913 6914
l 6914 6915
l 6915 6916
l 6916 6917
l 6917 6918
l 6918 6919
l 6919 6920
l 6920 6921
l 6921 6922
l 6922 6923
l 6923 6924
l 6924 6925
l 6925 6926
l 6926 6927
l 6927 6928
l 6928 6929
l 6929 6930
l 6930 6931
l 6931 6932
l 6932 6933
l 6933 6934
l 6934 6935
l 6935 6936
l 6936 6937
l 6937 6938
l 6938 6939
l 6939 6940
l 6940 6941
l 6941 6942
l 6942 6943
l 6943 6944
l 6944 6945
l 6945 6946
l 6946 6947
l 6947 6948
l 6948 6949
l 6949 6950
l 6950 6951
l 6951 6952
l 6952 6953
l 6953 6954
l 6954 6955
l 6955 6956
l 6956 6957
l 6957 6958
l 6958 6959
l 6959 6960
l 6960 6961
l 6961 6962
l 6962 6963
l 6963 6964
l 6964 6965
l 6965 6966
l 6966 6967
l 6967 6968
l 6968 6969
l 6969 6970
l 6970 6971
l 6971 6972
l 6972 6973
l 6973 6974
l 6974 6975
l 6975 6976
l 6976 6977
l 6977 6978
l 6978 6979
l 6979 6980
l 6980 6981
l 6981 6982
l 6982 6983
l 6983 6984
l 6984 6985
l 6985 6986
l 6986 6987
l 6987 6988
l 6988 6989
l 6989 6990
l 6990 6991
l 6991 6992
l 6992 6993
l 6993 6994
l 6994 6995
l 6995 6996
l 6996 6997
l 6997 6998
l 6998 6999
l 6999 7000
l 7000 7001
l 7001 7002
l 7002 7003
l 7003 7004
l 7004 7005
l 7005 7006
l 7006 7007
l 7007 7008
l 7008 7009
l 7009 7010
l 7010 7011
l 7011 7012
l 7012 7013
l 7013 7014
l 7014 7015
l 7015 7016
l 7016 7017
l 7017 7018
l 7018 7019
l 7019 7020
l 7020 7021
l 7021 7022
l 7022 7023
l 7023 7024
l 7024 7025
l 7025 7026
l 7026 7027
l 7027 7028
l 7028 7029
l 7029 7030
l 7030 7031
l 7031 7032
l 7032 7033
l 7033 7034
l 7034 7035
l 7035 7036
l 7036 7037
l 7037 7038
l 7038 7039
l 7039 7040
l 7040 7041
l 7041 7042
l 7042 7043
l 7043 7044
l 7044 7045
l 7045 7046
l 7046 7047
l 7047 7048
l 7048 7049
l 7049 7050
l 7050 7051
l 7051 7052
l 7052 7053
l 7053 7054
l 7054 7055
l 7055 7056
l 7056 7057
l 7057 7058
l 7058 7059
l 7059 7060
l 7060 7061
l 7061 7062
l 7062 7063
l 7063 7064
l 7064 7065
l 7065 7066
l 7066 7067
l 7067 7068
l 7068 7069
l 7069 7070
l 7070 7071
l 7071 7072
l 7072 7073
l 7073 7074
l 7074 7075
l 7075 7076
l 7076 7077
l 7077 7078
l 7078 7079
l 7079 7080
l 7080 7081
l 7081 7082
l 7082 7083
l 7083 7084
l 7084 7085
l 7085 7086
l 7086 7087
l 7087 7088
l 7088 7089
l 7089 7090
l 7090 7091
l 7091 7092
l 7092 7093
l 7093 7094
l 7094 7095
l 7095 7096
l 7096 7097
l 7097 7098
l 7098 7099
l 7099 7100
l 7100 7101
l 7101 7102
l 7102 7103
l 7103 7104
l 7104 7105
l 7105 7106
l 7106 7107
l 7107 7108
l 7108 7109
l 7109 7110
l 7110 7111
l 7111 7112
l 7112 7113
l 7113 7114
l 7114 7115
l 7115 7116
l 7116 7117
l 7117 7118
l 7118 7119
l 7119 7120
l 7120 7121
l 7121 7122
l 7122 7123
l 7123 7124
l 7124 7125
l 7125 7126
l 7126 7127
l 7127 7128
l 7128 7129
l 7129 7130
l 7130 7131
l 7131 7132
l 7132 7133
l 7133 7134
l 7134 7135
l 7135 7136
l 7136 7137
l 7137 7138
l 7138 7139
l 7139 7140
l 7140 7141
l 7141 7142
l 7142 7143
l 7143 7144
l 7144 7145
l 7145 7146
l 7146 7147
l 7147 7148
l 7148 7149
l 7149 7150
l 7150 7151
l 7151 7152
l 7152 7153
l 7153 7154
l 7154 7155
l 7155 7156
l 7156 7157
l 7157 7158
l 7158 7159
l 7159 7160
l 7160 7161
l 7161 7162
l 7162 7163
l 7163 7164
l 7164 7165
l 7165 7166
l 7166 7167
l 7167 7168
l 7168 7169
l 7169 7170
l 7170 7171
l 7171 7172
l 7172 7173
l 7173 7174
l 7174 7175
l 7175 7176
l 7176 7177
l 7177 7178
l 7178 7179
l 7179 7180
l 7180 7181
l 7181 7182
l 7182 7183
l 7183 7184
l 7184 7185
l 7185 7186
l 7186 7187
l 7187 7188
l 7188 7189
l 7189 7190
l 7190 7191
l 7191 7192
l 7192 7193
l 7193 7194
l 7194 7195
l 7195 7196
l 7196 7197
l 7197 7198
l 7198 7199
l 7199 7200
l 7200 7201
l 7201 7202
