# Hopf torus + z-mirror image, session-5 scheme (nested): eta 0.7, N 24, revolutions 1, delta_eta 0.025, tau0 pi/2, mirror rotation 0; ccsim.geometry.hopf_mirror_pair(0.7, 24, 1.0, 'nested', 0.025, tau0=np.pi/2, mirror_rotation=0.0)
# strand B, open polyline, 3601 points
x,y,z
0.000000000,0.936702600,-0.000000000
-0.019237213,0.936140394,0.014769575
-0.038441089,0.934626298,0.029514059
-0.057582791,0.932162966,0.044211748
-0.076623288,0.928674804,0.058833266
-0.095526175,0.924157222,0.073351218
-0.114272842,0.918709761,0.087751598
-0.132833370,0.912332463,0.102011895
-0.151139802,0.904885453,0.116080973
-0.169199632,0.896544195,0.129964481
-0.186986871,0.887322972,0.143642871
-0.204421637,0.877094371,0.157056049
-0.221516543,0.865997656,0.170213523
-0.238256746,0.854076412,0.183104143
-0.254544109,0.841202662,0.195654103
-0.270416240,0.827534670,0.207891724
-0.285839327,0.813077146,0.219791601
-0.300731783,0.797764984,0.231292409
-0.315150189,0.781751617,0.242436741
-0.328987731,0.764947859,0.253144324
-0.342283490,0.747465310,0.263444595
-0.354980416,0.729292647,0.273294726
-0.367067626,0.710472176,0.282686598
-0.378523117,0.691036688,0.291603752
-0.389328414,0.671018491,0.300032379
-0.399450687,0.650442542,0.307947909
-0.408914225,0.629373432,0.315368673
-0.417623383,0.607793637,0.322222953
-0.425649044,0.585796511,0.328564085
-0.432929590,0.563388811,0.334345925
-0.439440336,0.540606449,0.339550090
-0.445210510,0.517506949,0.344198650
-0.450221055,0.494123478,0.348277450
-0.454431391,0.470486101,0.351756220
-0.457843762,0.446640991,0.354636823
-0.460466729,0.422632855,0.356925857
-0.462291517,0.398501654,0.358616931
-0.463312192,0.374288483,0.359705799
-0.463525657,0.350035067,0.360190345
-0.462931588,0.325783305,0.360070538
-0.461532324,0.301574857,0.359348344
-0.459321079,0.277452621,0.358018907
-0.456288106,0.253461862,0.356075169
-0.452466518,0.229639561,0.353542096
-0.447859002,0.206026723,0.350421903
-0.442439818,0.182675454,0.346695565
-0.436261449,0.159611915,0.342402454
-0.429294026,0.136892769,0.337520427
-0.421571373,0.114549354,0.332074854
-0.413105616,0.092620881,0.326074856
-0.403904295,0.071150237,0.319526079
-0.393979658,0.050178813,0.312437609
-0.383347928,0.029745939,0.304821406
-0.372028635,0.009888514,0.296691789
-0.360043999,-0.009359221,0.288064959
-0.347418385,-0.027965779,0.278958585
-0.334155224,-0.045875807,0.269374456
-0.320298144,-0.063077854,0.259344288
-0.305856519,-0.079520122,0.248873842
-0.290861529,-0.095176264,0.237984970
-0.275341059,-0.110016086,0.226696754
-0.259322839,-0.124008319,0.215027794
-0.242836883,-0.137124499,0.202998033
-0.225908712,-0.149324489,0.190623401
-0.208578868,-0.160598937,0.177931087
-0.190874981,-0.170907663,0.164937529
-0.172836352,-0.180237870,0.151667925
-0.154497788,-0.188563142,0.138143212
-0.135896690,-0.195861345,0.124385733
-0.117072358,-0.202114227,0.110418737
-0.098065452,-0.207307050,0.096266022
-0.078917589,-0.211428242,0.081951683
-0.059671047,-0.214469094,0.067499940
-0.040368319,-0.216408039,0.052933758
-0.021053770,-0.217255112,0.038279158
-0.001771645,-0.216994667,0.023559861
0.017434256,-0.215638031,0.008801134
0.036518251,-0.213174722,-0.005972486
0.055438073,-0.209624797,-0.020736131
0.074147511,-0.204982114,-0.035464665
0.092606691,-0.199272641,-0.050133942
0.110769902,-0.192496121,-0.064718320
0.128600041,-0.184682335,-0.079194416
0.146054994,-0.175842573,-0.093537082
0.163096383,-0.165998534,-0.107722059
0.179689067,-0.155177427,-0.121726055
0.195797669,-0.143403853,-0.135525370
0.211389026,-0.130705398,-0.149096843
0.226432776,-0.117112846,-0.162418201
0.240895051,-0.102650694,-0.175465094
0.254751447,-0.087356505,-0.188217236
0.267974765,-0.071262018,-0.200652716
0.280544048,-0.054405470,-0.212752452
0.292430411,-0.036815286,-0.224492919
0.303615382,-0.018530772,-0.235855698
0.314080662,0.000410021,-0.246822297
0.323802333,0.019974167,-0.257370783
0.332772623,0.040116191,-0.267488149
0.340978553,0.060796675,-0.277158480
0.348394810,0.081983863,-0.286358229
0.355019137,0.103631563,-0.295077441
0.360843731,0.125698417,-0.303302909
0.365855713,0.148145934,-0.311018180
0.370045413,0.170933731,-0.318208610
0.373406897,0.194019885,-0.324861826
0.375938512,0.217361440,-0.330968241
0.377643441,0.240915109,-0.336521607
0.378521300,0.264639581,-0.341513438
0.378545614,0.288496234,-0.345916946
0.377764634,0.312437388,-0.349757317
0.376124629,0.336425015,-0.352988178
0.373677305,0.360414891,-0.355637848
0.370422854,0.384366980,-0.357698364
0.366327618,0.408235421,-0.359136185
0.361436360,0.431981801,-0.359975773
0.355754668,0.455565117,-0.360212840
0.349290714,0.478944357,-0.359844961
0.342055309,0.502078875,-0.358871689
0.334061912,0.524928810,-0.357294651
0.325326589,0.547455543,-0.355117613
0.315867904,0.569622173,-0.352346494
0.305706736,0.591394016,-0.348989342
0.294837288,0.612718686,-0.345031415
0.283286254,0.633561380,-0.340484950
0.271098363,0.653905193,-0.335378808
0.258301797,0.673726021,-0.329728472
0.244849583,0.692923276,-0.323479858
0.230840756,0.711536115,-0.316712300
0.216277548,0.729514725,-0.309417432
0.201158430,0.746791698,-0.301580657
0.185566794,0.763417084,-0.293272228
0.169450471,0.779244753,-0.284425251
0.152925658,0.794389668,-0.275146674
0.135933523,0.808671444,-0.265357966
0.118582336,0.822218377,-0.255163022
0.100840809,0.834875966,-0.244508415
0.082780075,0.846719198,-0.233460565
0.064417140,0.857692827,-0.222020785
0.045771920,0.867740030,-0.210192186
0.026905503,0.876949654,-0.198036697
0.007815528,0.885160558,-0.185520552
-0.011442386,0.892461542,-0.172701721
-0.030832857,0.898876721,-0.159610646
-0.050342403,0.904226621,-0.146221416
-0.069920827,0.908652932,-0.132598604
-0.089538154,0.912160307,-0.118764878
-0.109162578,0.914599589,-0.104713655
-0.128759007,0.916071593,-0.090490438
-0.148298123,0.916607684,-0.076122739
-0.167740970,0.916128313,-0.061623010
-0.187049693,0.914616211,-0.047015294
-0.206204729,0.912167831,-0.032332966
-0.225177218,0.908786192,-0.017597575
-0.243897862,0.904319313,-0.002829204
-0.262368332,0.898922765,0.011942424
-0.280563119,0.892614377,0.026695249
-0.298431209,0.885340249,0.041402957
-0.315927504,0.877080059,0.056036852
-0.333059983,0.867945466,0.070580526
-0.349803439,0.857951077,0.085012780
-0.366057340,0.846969136,0.099286049
-0.381861112,0.835154877,0.113398091
-0.397197475,0.822537893,0.127330487
-0.411979543,0.809041256,0.141035484
-0.426211867,0.794737756,0.154501926
-0.439907982,0.779701973,0.167724825
-0.452976420,0.763870483,0.180650434
-0.465423958,0.747308864,0.193270660
-0.477277768,0.730096884,0.205589387
-0.488408885,0.712151514,0.217529589
-0.498893319,0.693598649,0.229121423
-0.508690849,0.674447250,0.240333973
-0.517736363,0.654690623,0.251121394
-0.526114819,0.634439140,0.261523417
-0.533665069,0.613624546,0.271436818
-0.540535206,0.592387829,0.280941023
-0.546560384,0.570674655,0.289927403
-0.551881761,0.548603053,0.298474903
-0.556329890,0.526134143,0.306468546
-0.560039569,0.503369578,0.313985914
-0.562910537,0.480310231,0.320954306
-0.564974176,0.457010765,0.327385723
-0.566256039,0.433515559,0.333289975
-0.566670472,0.409847637,0.338600625
-0.566277114,0.386061476,0.343350186
-0.565079716,0.362195983,0.347533799
-0.563071093,0.338289757,0.351138772
-0.560225264,0.314384495,0.354138230
-0.556562498,0.290523249,0.356538485
-0.552098306,0.266746486,0.358342927
-0.546837097,0.243095157,0.359546828
-0.540786208,0.219610200,0.360147590
-0.533955731,0.196332097,0.360144704
-0.526358312,0.173300493,0.359539671
-0.517985362,0.150564169,0.358316880
-0.508866456,0.128157954,0.356491008
-0.499027863,0.106115129,0.354074634
-0.488477022,0.084478356,0.351064906
-0.477214790,0.063297039,0.347452898
-0.465289708,0.042588917,0.343270253
-0.452692035,0.022413023,0.338498478
-0.439460489,0.002792649,0.333160981
-0.425618107,-0.016238567,0.327267795
-0.411182747,-0.034640763,0.320823944
-0.396176147,-0.052376153,0.313837586
-0.380625149,-0.069412107,0.306321479
-0.364556745,-0.085715971,0.298288378
-0.348001596,-0.101260526,0.289754629
-0.330991373,-0.116021257,0.280737704
-0.313549033,-0.129956399,0.271245190
-0.295711383,-0.143049859,0.261299562
-0.277504366,-0.155260479,0.250910203
-0.258966496,-0.166575809,0.240101052
-0.240130197,-0.176967809,0.228888219
-0.221030415,-0.186413006,0.217290191
-0.201703790,-0.194892173,0.205327162
-0.182187638,-0.202387463,0.193019684
-0.162518389,-0.208868657,0.180384508
-0.142737636,-0.214337959,0.167448571
-0.122883960,-0.218768173,0.154229710
-0.102998799,-0.222150579,0.140751245
-0.083123838,-0.224477895,0.127036435
-0.063301364,-0.225741655,0.113108091
-0.043574198,-0.225937278,0.098989695
-0.023986225,-0.225058501,0.084704435
-0.004581503,-0.223104921,0.070276440
0.014597690,-0.220086677,0.055730807
0.033505169,-0.215998969,0.041090994
0.052099872,-0.210859053,0.026382336
0.070336181,-0.204669892,0.011629148
0.088175230,-0.197454404,-0.003143536
0.105570836,-0.189217616,-0.017910892
0.122489076,-0.179992217,-0.032648347
0.138883868,-0.169785660,-0.047330469
0.154726109,-0.158636632,-0.061933558
0.169972412,-0.146558563,-0.076431785
0.184595013,-0.133589048,-0.090801770
0.198562110,-0.119757676,-0.105019405
0.211842905,-0.105094757,-0.119060501
0.224408366,-0.089632296,-0.132900938
0.236234141,-0.073406605,-0.146517611
0.247296287,-0.056453356,-0.159887278
0.257576871,-0.038812614,-0.172988462
0.267059625,-0.020524133,-0.185800231
0.275716689,-0.001618533,-0.198296860
0.283543229,0.017857186,-0.210461173
0.290524921,0.037864298,-0.222272278
0.296647736,0.058364167,-0.233709078
0.301901416,0.079316253,-0.244751813
0.306280216,0.100678369,-0.255382649
0.309783753,0.122407122,-0.265586410
0.312397858,0.144465000,-0.275340948
0.314129382,0.166806949,-0.284634574
0.314965895,0.189394565,-0.293445466
0.314921555,0.212182563,-0.301766115
0.313993543,0.235130685,-0.309579827
0.312182557,0.258197637,-0.316871645
0.309493228,0.281341537,-0.323628802
0.305934522,0.304520530,-0.329841224
0.301520094,0.327693572,-0.335502077
0.296261103,0.350820642,-0.340603252
0.290140763,0.373857561,-0.345117062
0.283220293,0.396770859,-0.349069948
0.275453853,0.419509456,-0.352412853
0.266909909,0.442045560,-0.355178999
0.257583070,0.464335445,-0.357348072
0.247474162,0.486333702,-0.358903087
0.236625989,0.508011256,-0.359860276
0.225054246,0.529329795,-0.360214919
0.212777138,0.550251586,-0.359964133
0.199815349,0.570739849,-0.359106992
0.186191958,0.590759159,-0.357644639
0.171932290,0.610275867,-0.355580348
0.157063709,0.629258536,-0.352919562
0.141615325,0.647678382,-0.349669879
0.125617637,0.665509687,-0.345840977
0.109067827,0.682684509,-0.341404901
0.092022058,0.699203306,-0.336397910
0.074520724,0.715056924,-0.330842440
0.056574672,0.730191385,-0.324724725
0.038209354,0.744564855,-0.318045062
0.019489745,0.758221264,-0.310862123
0.000402265,0.771037622,-0.303119959
-0.018979420,0.783086156,-0.294893717
-0.038646899,0.794283467,-0.286156822
-0.058551312,0.804653066,-0.276949776
-0.078669758,0.814139351,-0.267266021
-0.098955718,0.822777426,-0.257149016
-0.119388475,0.830473794,-0.246576283
-0.139916467,0.837345482,-0.235625960
-0.160521271,0.843188094,-0.224231593
-0.181155542,0.848177024,-0.212490985
-0.201787633,0.852215755,-0.200387589
-0.222380572,0.855279692,-0.187935868
-0.242905818,0.857461572,-0.175189817
-0.263316100,0.858632554,-0.162130614
-0.283582650,0.858852365,-0.148799759
-0.303682479,0.858176628,-0.135233444
-0.323557886,0.856494372,-0.121426458
-0.343183377,0.853853532,-0.107413679
-0.362543890,0.850319819,-0.093230046
-0.381589137,0.845839749,-0.078887606
-0.400266229,0.840371071,-0.064404393
-0.418583384,0.834028373,-0.049819033
-0.436512805,0.826820277,-0.035152831
-0.453956945,0.818622716,-0.020421365
-0.470942712,0.809567287,-0.005657687
-0.487453539,0.799685863,0.009115250
-0.503433074,0.788945774,0.023873484
-0.518820651,0.777318573,0.038588641
-0.533654395,0.764919359,0.053241262
-0.547912512,0.751767327,0.067809874
-0.561479888,0.737774174,0.082253806
-0.574405892,0.723053553,0.096561439
-0.586691102,0.707651283,0.110715580
-0.598255615,0.691532628,0.124677823
-0.609075745,0.674724635,0.138422467
-0.619202154,0.657317321,0.151947808
-0.628567956,0.639296950,0.165215824
-0.637121403,0.620669213,0.178190854
-0.644941734,0.601533537,0.190886091
-0.651938106,0.581869853,0.203250455
-0.658105862,0.561718011,0.215265686
-0.663515504,0.541156115,0.226947505
-0.668005768,0.520142679,0.238207504
-0.671714019,0.498782979,0.249094258
-0.674554866,0.477079195,0.259551740
-0.676544223,0.455076263,0.269573084
-0.677693022,0.432817166,0.279148957
-0.677961286,0.410328498,0.288243390
-0.677390027,0.387660332,0.296863804
-0.675950319,0.364843945,0.304979603
-0.673647701,0.341921426,0.312578353
-0.670527954,0.318933344,0.319674202
-0.666500469,0.295916271,0.326194730
-0.661671576,0.272912016,0.332192747
-0.656014443,0.249957664,0.337636854
-0.649493308,0.227099727,0.342486321
-0.642177821,0.204371050,0.346773702
-0.634070370,0.181810169,0.350485957
-0.625176944,0.159456741,0.353611954
-0.615494536,0.137355701,0.356132772
-0.605047330,0.115544513,0.358049887
-0.593862837,0.094057210,0.359368236
-0.581958224,0.072931371,0.360084738
-0.569353265,0.052203507,0.360198406
-0.556061822,0.031914604,0.359702753
-0.542100975,0.012105474,0.358593437
-0.527508393,-0.007198949,0.356885418
-0.512312366,-0.025969051,0.354585823
-0.496526107,-0.044160115,0.351686328
-0.480173913,-0.061735797,0.348188925
-0.463299485,-0.078682726,0.344116792
-0.445912656,-0.094946471,0.339455701
-0.428054834,-0.110511685,0.334226548
-0.409758064,-0.125353528,0.328440551
-0.391049166,-0.139436946,0.322101644
-0.371957162,-0.152726812,0.315215079
-0.352521414,-0.165209999,0.307801025
-0.332772987,-0.176854569,0.299867074
-0.312747435,-0.187637859,0.291427100
-0.292482968,-0.197547170,0.282500344
-0.272014897,-0.206559807,0.273100210
-0.251378357,-0.214646081,0.263237101
-0.230613143,-0.221797815,0.252932412
-0.209757527,-0.228000274,0.242203804
-0.188850214,-0.233234248,0.231067177
-0.167931217,-0.237485682,0.219540897
-0.147041113,-0.240745149,0.207645104
-0.126220509,-0.243007314,0.195401155
-0.105510880,-0.244262262,0.182828690
-0.084954710,-0.244500820,0.169947742
-0.064593939,-0.243722927,0.156781073
-0.044470512,-0.241929512,0.143351313
-0.024627873,-0.239118642,0.129680256
-0.005109270,-0.235292962,0.115790797
0.014042566,-0.230459059,0.101706511
0.032785623,-0.224626926,0.087451367
0.051078746,-0.217809515,0.073049525
0.068875290,-0.210010788,0.058524000
0.086139843,-0.201257784,0.043900523
0.102828666,-0.191562827,0.029203035
0.118905778,-0.180951828,0.014456528
0.134330130,-0.169443771,-0.000314355
0.149071341,-0.157072059,-0.015084748
0.163087651,-0.143856203,-0.029829603
0.176356751,-0.129837846,-0.044524645
0.188837834,-0.115038599,-0.059144240
0.200513450,-0.099502896,-0.073664847
0.211352988,-0.083261859,-0.088061420
0.221332682,-0.066352524,-0.102309484
0.230435771,-0.048816313,-0.116385709
0.238643105,-0.030691848,-0.130266222
0.245938729,-0.012019226,-0.143927571
0.252310467,0.007160067,-0.157347034
0.257750619,0.026803331,-0.170503041
0.262237096,0.046874796,-0.183369317
0.265783705,0.067323985,-0.195930593
0.268365028,0.088116887,-0.208158687
0.269993532,0.109206127,-0.220038091
0.270665448,0.130551036,-0.231547693
0.270381059,0.152110082,-0.242667663
0.269145339,0.173841303,-0.253380029
0.266968634,0.195702925,-0.263669372
0.263834472,0.217655788,-0.273507376
0.259785621,0.239656527,-0.282894131
0.254796584,0.261665693,-0.291795998
0.248904361,0.283642832,-0.300211151
0.242116256,0.305548489,-0.308122669
0.234443187,0.327343065,-0.315515295
0.225899969,0.348987337,-0.322375882
0.216505549,0.370443129,-0.328693884
0.206283161,0.391674132,-0.334461901
0.195254399,0.412644656,-0.339671947
0.183414012,0.433307611,-0.344295940
0.170828162,0.453645373,-0.348358616
0.157472235,0.473600307,-0.351816102
0.143415969,0.493161549,-0.354698580
0.128655298,0.512278676,-0.356976661
0.113220676,0.530920052,-0.358648951
0.097152293,0.549062985,-0.359723923
0.080474950,0.566674318,-0.360196431
0.063215758,0.583722031,-0.360063136
0.045404013,0.600175590,-0.359322640
0.027071034,0.616006313,-0.357975594
0.008249920,0.631187736,-0.356024781
-0.011024748,0.645695986,-0.353475160
-0.030717280,0.659510133,-0.350333864
-0.050791327,0.672612515,-0.346610149
-0.071213462,0.684981540,-0.342309639
-0.091966961,0.696546799,-0.337402928
-0.112990792,0.707348676,-0.331943472
-0.134248633,0.717382812,-0.325947746
-0.155726237,0.726544726,-0.319366680
-0.177364797,0.734903271,-0.312267997
-0.199134068,0.742426308,-0.304650042
-0.220999667,0.749056847,-0.296499891
-0.242918580,0.754871194,-0.287881125
-0.264856501,0.759739659,-0.278741532
-0.286776536,0.763788778,-0.269168663
-0.308634667,0.766879745,-0.259110455
-0.330403073,0.769121702,-0.248640359
-0.352035344,0.770437593,-0.237740932
-0.373497511,0.770845889,-0.226439864
-0.394766735,0.770405031,-0.214780641
-0.415768496,0.768968874,-0.202723179
-0.436511287,0.766699116,-0.190350423
-0.456937921,0.763526591,-0.177654852
-0.476998352,0.759420925,-0.164646189
-0.496699562,0.754488740,-0.151378420
-0.515975496,0.748664215,-0.137850480
-0.534780921,0.741937513,-0.124080694
-0.553130832,0.734406850,-0.110114330
-0.570975036,0.726047968,-0.095964515
-0.588229145,0.716795294,-0.081639919
-0.604937971,0.706776249,-0.067186022
-0.621075847,0.696004789,-0.052623801
-0.636526664,0.684390226,-0.037964939
-0.651330466,0.672035688,-0.023244277
-0.665485410,0.658984702,-0.008486326
-0.678935802,0.645224374,0.006286746
-0.691601185,0.630726267,0.021048228
-0.703551031,0.615600138,0.035775090
-0.714767747,0.599869009,0.050445670
-0.725131089,0.583481465,0.065024873
-0.734689799,0.566518290,0.079494498
-0.743465797,0.549032455,0.093837360
-0.751395554,0.531020910,0.108021878
-0.758416938,0.512488391,0.122012991
-0.764620414,0.493523933,0.135809874
-0.769974512,0.474145557,0.149386326
-0.774355946,0.454336233,0.162687085
-0.777899516,0.434191837,0.175730824
-0.780566203,0.413730611,0.188487288
-0.782251888,0.392955853,0.200900269
-0.783095390,0.371946455,0.212999731
-0.783001905,0.350712849,0.224730495
-0.781984903,0.329295339,0.236077854
-0.780120246,0.307742356,0.247055328
-0.777257700,0.286070725,0.257575346
-0.773579969,0.264335634,0.267703627
-0.768929337,0.242564864,0.277342803
-0.763459540,0.220797963,0.286551902
-0.757047219,0.199076290,0.295244213
-0.749837829,0.177426638,0.303481324
-0.741691565,0.155904530,0.311160331
-0.732761727,0.134526328,0.318352548
-0.722974712,0.113344354,0.324991408
-0.712374062,0.092391515,0.331082004
-0.701008214,0.071691874,0.336636747
-0.688841350,0.051300542,0.341607354
-0.675912348,0.031248687,0.345997450
-0.662263357,0.011560732,0.349815999
-0.647909655,-0.007726875,0.353051476
-0.632870091,-0.026577957,0.355694382
-0.617166792,-0.044957120,0.357737362
-0.600819757,-0.062825714,0.359170216
-0.583868791,-0.080161603,0.360001957
-0.566337570,-0.096929515,0.360226133
-0.548253720,-0.113096430,0.359839571
-0.529653308,-0.128638936,0.358848662
-0.510570455,-0.143533031,0.357258459
-0.491040028,-0.157757129,0.355075698
-0.471082603,-0.171264485,0.352286174
-0.450739149,-0.184040684,0.348903636
-0.430049542,-0.196072791,0.344942031
-0.409040263,-0.207317516,0.340392044
-0.387753750,-0.217766728,0.335271479
-0.366228152,-0.227407013,0.329593032
-0.344497313,-0.236206573,0.323357261
-0.322599822,-0.244145312,0.316573391
-0.300576458,-0.251217733,0.309259538
-0.278465955,-0.257409152,0.301427735
-0.256307360,-0.262690333,0.293082239
-0.234141768,-0.267065813,0.284246367
-0.212008551,-0.270532786,0.274938458
-0.189950537,-0.273053355,0.265159536
-0.168006276,-0.274649275,0.254940327
-0.146217826,-0.275304162,0.244292571
-0.124628682,-0.275006180,0.233230856
-0.103278449,-0.273763457,0.221778267
-0.082210235,-0.271570705,0.209952030
-0.061466746,-0.268427914,0.197771591
-0.041086440,-0.264347534,0.185260629
-0.021115118,-0.259325162,0.172436777
-0.001589873,-0.253377971,0.159324641
0.017441659,-0.246503533,0.145942659
0.035942127,-0.238721156,0.132315592
0.053871111,-0.230044969,0.118466277
0.071188842,-0.220491439,0.104417927
0.087853871,-0.210076357,0.090193536
0.103828077,-0.198821428,0.075817225
0.119078855,-0.186755184,0.061313929
0.133565573,-0.173898098,0.046707205
0.147257357,-0.160281693,0.032022026
0.160120303,-0.145934953,0.017282953
0.172126501,-0.130892343,0.002514832
0.183243825,-0.115185405,-0.012257512
0.193453414,-0.098855247,-0.027009363
0.202722635,-0.081933750,-0.041715517
0.211041542,-0.064466662,-0.056351888
0.218382369,-0.046489056,-0.070893036
0.224736149,-0.028045661,-0.085315102
0.230091461,-0.009178804,-0.099594124
0.234433581,0.010070888,-0.113705372
0.237755614,0.029660131,-0.127625070
0.240056135,0.049544860,-0.141330473
0.241330279,0.069682815,-0.154797997
0.241575241,0.090031499,-0.168004136
0.240801913,0.110546825,-0.180928982
0.239007584,0.131187812,-0.193548833
0.236207076,0.151912016,-0.205845127
0.232393719,0.172678955,-0.217792021
0.227590238,0.193447295,-0.229373606
0.221807298,0.214177190,-0.240569990
0.215060130,0.234829554,-0.251363065
0.207355937,0.255364623,-0.261731021
0.198715733,0.275744363,-0.271657905
0.189167737,0.295933742,-0.281132035
0.178715868,0.315892300,-0.290129171
0.167389380,0.335585891,-0.298638147
0.155214593,0.354980791,-0.306646828
0.142211849,0.374041571,-0.314139673
0.128405126,0.392734096,-0.321103165
0.113822102,0.411026203,-0.327526307
0.098494107,0.428888516,-0.333401147
0.082451357,0.446292140,-0.338719579
0.065701117,0.463190456,-0.343453612
0.048310275,0.479581902,-0.347626084
0.030274944,0.495409154,-0.351197909
0.011662586,0.510677468,-0.354196555
-0.007525447,0.525328467,-0.356584062
-0.027237985,0.539354667,-0.358373683
-0.047436952,0.552737325,-0.359566595
-0.068090026,0.565450569,-0.360157230
-0.089162911,0.577470164,-0.360141801
-0.110619522,0.588773814,-0.359518435
-0.132422231,0.599341471,-0.358287295
-0.154532177,0.609155638,-0.356450669
-0.176909638,0.618201648,-0.354013024
-0.199514470,0.626467924,-0.350981021
-0.222306610,0.633946186,-0.347363474
-0.245246624,0.640631600,-0.343171253
-0.268299095,0.646488577,-0.338393557
-0.291422356,0.651495865,-0.333031269
-0.314573911,0.655697056,-0.327128263
-0.337717030,0.659060547,-0.320676864
-0.360807313,0.661541736,-0.313663601
-0.383814427,0.663228844,-0.306157405
-0.406683128,0.663999757,-0.298097687
-0.429392597,0.663968607,-0.289567049
-0.451885777,0.663045472,-0.280526764
-0.474143933,0.661311273,-0.271036845
-0.496103572,0.658685444,-0.261067054
-0.517765569,0.655279678,-0.250690639
-0.539034541,0.650957709,-0.239852166
-0.559942561,0.645879874,-0.228645713
-0.580391454,0.639929547,-0.217029807
-0.600384411,0.633188629,-0.205057268
-0.619905493,0.625693936,-0.192758107
-0.638837145,0.617333200,-0.180100733
-0.657240170,0.608255671,-0.167161594
-0.675060190,0.598441199,-0.153947038
-0.692199906,0.587828762,-0.140451964
-0.708720724,0.576541394,-0.126735332
-0.724585551,0.564583192,-0.112813251
-0.739660614,0.551873477,-0.098680846
-0.754035885,0.538543937,-0.084392475
-0.767688843,0.524613390,-0.069968698
-0.780496182,0.510027282,-0.055418105
-0.792496966,0.494859577,-0.040775377
-0.803709904,0.479161368,-0.026067471
-0.814085510,0.462937144,-0.011315248
-0.823521242,0.446166780,0.003457485
-0.832117206,0.428946182,0.018223638
-0.839860639,0.411301322,0.032961450
-0.846633933,0.393213995,0.047640397
-0.852478648,0.374741228,0.062237876
-0.857438596,0.355934437,0.076735799
-0.861471603,0.336811178,0.091107327
-0.864476064,0.317376588,0.105312329
-0.866579411,0.297703385,0.119348907
-0.867780367,0.277821083,0.133197132
-0.867912366,0.257731621,0.146795498
-0.867134182,0.237500089,0.160158487
-0.865458601,0.217157973,0.173269960
-0.862721899,0.196725116,0.186057650
-0.859086959,0.176249444,0.198548854
-0.854544831,0.155761941,0.210719923
-0.848980933,0.135300244,0.222504645
-0.842563799,0.114893167,0.233944970
-0.835183789,0.094584923,0.244972159
-0.826914122,0.074403440,0.255594301
-0.817769129,0.054382949,0.265794060
-0.807715378,0.034567651,0.275530278
-0.796843134,0.014974242,0.284824624
-0.785088112,-0.004340240,0.293616362
-0.772544994,-0.023366112,0.301933388
-0.759184489,-0.042053149,0.309732120
-0.745045505,-0.060373397,0.317008295
-0.730186420,-0.078316181,0.323776047
-0.714544051,-0.095798509,0.329958056
-0.698231188,-0.112841030,0.335608733
-0.681261527,-0.129410261,0.340711101
-0.663606547,-0.145430678,0.345205333
-0.645348425,-0.160914383,0.349129179
-0.626513305,-0.175832487,0.352473216
-0.607127995,-0.190154940,0.355227516
-0.587222360,-0.203853198,0.357384257
-0.566828881,-0.216900573,0.358937790
-0.545982207,-0.229272507,0.359884661
-0.524718711,-0.240946772,0.360223571
-0.503076051,-0.251903600,0.359955308
-0.481092770,-0.262125756,0.359082641
-0.458807915,-0.271598560,0.357610194
-0.436260697,-0.280309857,0.355544301
-0.413481039,-0.288211620,0.352864453
-0.390516780,-0.295317554,0.349597019
-0.367406764,-0.301612087,0.345745936
-0.344189017,-0.307068392,0.341307457
-0.320906065,-0.311684504,0.336295704
-0.297598431,-0.315460165,0.330725151
-0.274307139,-0.318368669,0.324593099
-0.251074494,-0.320406488,0.317912414
-0.227941438,-0.321576098,0.310699323
-0.204949323,-0.321872851,0.302965447
-0.182141238,-0.321287503,0.294719908
-0.159560062,-0.319816960,0.285975635
-0.137243102,-0.317476731,0.276755605
-0.115237113,-0.314252954,0.267066726
-0.093577295,-0.310165267,0.256933555
-0.072314839,-0.305196550,0.246361921
-0.051483499,-0.299370647,0.235378105
-0.031125264,-0.292693228,0.223999043
-0.011280471,-0.285174636,0.212243795
0.008010275,-0.276826080,0.200131676
0.026702402,-0.267655186,0.187680503
0.044768021,-0.257692303,0.174916973
0.062154577,-0.246938168,0.161855967
0.078835162,-0.235425213,0.148524194
0.094770445,-0.223172084,0.134942810
0.109923586,-0.210201598,0.121134276
0.124260223,-0.196539977,0.107121898
0.137748383,-0.182216222,0.092929482
0.150358381,-0.167261620,0.078581102
0.162053021,-0.151703482,0.064099815
0.172812063,-0.135580922,0.049511061
0.182607261,-0.118928274,0.034839025
0.191414619,-0.101782910,0.020108344
0.199213718,-0.084184374,0.005343861
0.205987765,-0.066173750,-0.009429628
0.211716700,-0.047791188,-0.024187192
0.216394808,-0.029081567,-0.038904257
0.220003021,-0.010085624,-0.053555577
0.222542720,0.009150744,-0.068117098
0.224005705,0.028584550,-0.082564054
0.224387451,0.048172124,-0.096871685
0.223694791,0.067868936,-0.111016678
0.221929624,0.087631898,-0.124975022
0.219097188,0.107418158,-0.138723030
0.215206485,0.127185422,-0.152237602
0.210270780,0.146892402,-0.165496599
0.204301640,0.166498521,-0.178477427
0.197309080,0.185963165,-0.191156624
0.189318377,0.205248887,-0.203515394
0.180348359,0.224318372,-0.215533235
0.170411339,0.243132895,-0.227186956
0.159534774,0.261658132,-0.238458931
0.147738919,0.279858303,-0.249328748
0.135048416,0.297699372,-0.259777708
0.121498336,0.315152876,-0.269792678
0.107107829,0.332183821,-0.279352676
0.091911859,0.348765257,-0.288445119
0.075928232,0.364860623,-0.297047232
0.059200610,0.380449687,-0.305152429
0.041757383,0.395503387,-0.312744892
0.023630103,0.409994760,-0.319810755
0.004853392,0.423899606,-0.326338581
-0.014535296,0.437197239,-0.332319884
-0.034499420,0.449867324,-0.337746205
-0.055019352,0.461867503,-0.342590112
-0.076031425,0.473211363,-0.346872361
-0.097521193,0.483847912,-0.350558266
-0.119426657,0.493797132,-0.353672893
-0.141736539,0.502993263,-0.356170212
-0.164390636,0.511459369,-0.358077197
-0.187351678,0.519179064,-0.359388180
-0.210581907,0.526135422,-0.360097180
-0.234042744,0.532310551,-0.360197645
-0.257693420,0.537690217,-0.359686066
-0.281489738,0.542278475,-0.358572850
-0.305391196,0.546065641,-0.356857773
-0.329356917,0.549031358,-0.354532896
-0.353343585,0.551183205,-0.351611073
-0.377309859,0.552523043,-0.348100667
-0.401215768,0.553055915,-0.344012137
-0.425023305,0.552789989,-0.339357898
-0.448681297,0.551668856,-0.334105529
-0.472155313,0.549741201,-0.328296406
-0.495416121,0.547039941,-0.321959528
-0.518397562,0.543486178,-0.315048667
-0.541083116,0.539158795,-0.307624198
-0.563430747,0.534048945,-0.299686880
-0.585384690,0.528133808,-0.291229649
-0.606940923,0.521484801,-0.282305315
-0.628016443,0.514036120,-0.272880157
-0.648625707,0.505879642,-0.263018752
-0.668688606,0.496965586,-0.252698596
-0.688199928,0.487347916,-0.241960001
-0.707130840,0.477047933,-0.230823520
-0.725400212,0.466029296,-0.219276667
-0.743064651,0.454402119,-0.207390086
-0.759987969,0.442084359,-0.195127460
-0.776213721,0.429164445,-0.182545867
-0.791747260,0.415687336,-0.169677246
-0.806417610,0.401567547,-0.156488832
-0.820337858,0.386931681,-0.143053538
-0.833488814,0.371801984,-0.129390978
-0.845705240,0.356119330,-0.115486685
-0.857094559,0.339986778,-0.101397349
-0.867649959,0.323434224,-0.087146032
-0.877253284,0.306442478,-0.072739296
-0.885927515,0.289060765,-0.058209162
-0.893717351,0.271341497,-0.043586201
-0.900584683,0.253303013,-0.028890488
-0.906404014,0.234942150,-0.014141601
-0.911303813,0.216332815,0.000628765
-0.915276612,0.197502961,0.015398841
-0.918213838,0.178463190,0.030141920
-0.920146301,0.159255408,0.044832698
-0.921137985,0.139921742,0.059451498
-0.921169320,0.120489970,0.073974568
-0.920105655,0.100985039,0.088360156
-0.918104098,0.081450544,0.102603762
-0.915169223,0.061915512,0.116684937
-0.911170306,0.042417413,0.130553459
-0.906213066,0.022986939,0.144205314
-0.900347080,0.003650844,0.157629578
-0.893463340,-0.015542580,0.170771911
-0.885637895,-0.034568661,0.183627538
-0.876944031,-0.053409206,0.196195949
-0.867249826,-0.071996271,0.208404450
-0.856692414,-0.090329195,0.220276501
-0.845279625,-0.108375886,0.231790022
-0.832940124,-0.126071802,0.242885406
-0.819832481,-0.143441967,0.253608643
-0.805828354,-0.160388485,0.263865820
-0.791085485,-0.176948325,0.273711520
-0.775529234,-0.193038087,0.283071823
-0.759264859,-0.208678730,0.291980462
-0.742245218,-0.223791941,0.300372064
-0.724583646,-0.238415391,0.308293981
-0.706206628,-0.252438845,0.315652965
-0.687242551,-0.265921324,0.322514593
-0.667667644,-0.278789406,0.328821204
-0.647523472,-0.291024583,0.334566651
-0.626868848,-0.302636250,0.339768149
-0.605719274,-0.313582090,0.344397643
-0.584096068,-0.323816571,0.348425777
-0.562061312,-0.333358789,0.351877441
-0.539647917,-0.342186493,0.354742291
-0.516891462,-0.350279605,0.357012048
-0.493829690,-0.357620460,0.358680583
-0.470501998,-0.364193975,0.359743945
-0.446948949,-0.369987738,0.360200343
-0.423211812,-0.374992040,0.360050083
-0.399332143,-0.379199849,0.359295471
-0.375351403,-0.382606737,0.357940694
-0.351310628,-0.385210781,0.355991680
-0.327251205,-0.386964331,0.353421181
-0.303215952,-0.387911750,0.350269073
-0.279246857,-0.388033297,0.346528475
-0.255386661,-0.387321987,0.342201894
-0.231677782,-0.385781028,0.337299157
-0.208158848,-0.383423861,0.331836821
-0.184877593,-0.380230984,0.325809065
-0.161874310,-0.376215027,0.319232041
-0.139188636,-0.371386619,0.312120262
-0.116861968,-0.365751521,0.304484924
-0.094934276,-0.359319347,0.296339666
-0.073455638,-0.352083569,0.287688008
-0.052455533,-0.344074580,0.278556588
-0.031975222,-0.335301613,0.268958529
-0.012058299,-0.325772582,0.258906169
0.007257207,-0.315504770,0.248417452
0.025936833,-0.304519439,0.237512356
0.043941042,-0.292832705,0.226207641
0.061233131,-0.280464861,0.214522270
0.077779318,-0.267439539,0.202476772
0.093543484,-0.253779095,0.190090675
0.108487587,-0.239505816,0.177383237
0.122586676,-0.224652322,0.164378732
0.135808728,-0.209246327,0.151098417
0.148115375,-0.193313490,0.137562296
0.159485868,-0.176890514,0.123795331
0.169893284,-0.160010918,0.109820457
0.179308473,-0.142708399,0.095660357
0.187710452,-0.125021079,0.081339304
0.195083060,-0.106989032,0.066881930
0.201403375,-0.088650699,0.052311913
0.206655539,-0.070047448,0.037653817
0.210829647,-0.051222333,0.022932514
0.213911638,-0.032217827,0.008172560
0.215896041,-0.013078204,-0.006601108
0.216779227,0.006152282,-0.021363716
0.216555400,0.025429295,-0.036090284
0.215231753,0.044708328,-0.050756332
0.212806533,0.063945126,-0.065336804
0.209289654,0.083096094,-0.079807376
0.204694258,0.102118845,-0.094144234
0.199025119,0.120970255,-0.108322251
0.192299851,0.139609525,-0.122317897
0.184537582,0.157997236,-0.136108041
0.175757761,0.176094981,-0.149669673
0.165977607,0.193864161,-0.162979023
0.155220008,0.211268397,-0.176013442
0.143520458,0.228277802,-0.188754473
0.130886377,0.244850666,-0.201174369
0.117361824,0.260962915,-0.213257852
0.102971420,0.276582298,-0.224983133
0.087743115,0.291678466,-0.236329396
0.071708375,0.306223633,-0.247277296
0.054902295,0.320193397,-0.257809576
0.037363584,0.333567733,-0.267911834
0.019110991,0.346309400,-0.277556957
0.000201755,0.358416778,-0.286743342
-0.019350930,0.369845878,-0.295438538
-0.039494287,0.380593715,-0.303639595
-0.060192924,0.390640237,-0.311331069
-0.081409763,0.399967277,-0.318498756
-0.103105447,0.408560035,-0.325130796
-0.125238743,0.416407729,-0.331218187
-0.147769309,0.423499595,-0.336751887
-0.170666597,0.429801327,-0.341705480
-0.193873540,0.435339785,-0.346097460
-0.217361229,0.440075036,-0.349897166
-0.241077242,0.444034342,-0.353123456
-0.264992120,0.447163661,-0.355735053
-0.289053609,0.449501789,-0.357759410
-0.313222215,0.451039678,-0.359188572
-0.337457335,0.451765089,-0.360012160
-0.361716220,0.451664918,-0.360219085
-0.385955810,0.450759620,-0.359823342
-0.410134570,0.449050711,-0.358824818
-0.434211227,0.446542448,-0.357225461
-0.458145225,0.443241869,-0.355029328
-0.481889932,0.439133870,-0.352223747
-0.505405300,0.434237025,-0.348821439
-0.528654922,0.428573102,-0.344837631
-0.551603369,0.422159569,-0.340284371
-0.574211786,0.415003632,-0.335165943
-0.596412916,0.407067115,-0.329451881
-0.618206219,0.398434591,-0.323205470
-0.639547438,0.389102631,-0.316422916
-0.660366056,0.379043237,-0.309081317
-0.680691774,0.368357986,-0.301257557
-0.700403282,0.356961577,-0.292884457
-0.719558866,0.344977302,-0.284055964
-0.738039306,0.332336545,-0.274717477
-0.755905312,0.319147680,-0.264951845
-0.773016853,0.305339702,-0.254702147
-0.789472947,0.291037263,-0.244064462
-0.805104148,0.276163315,-0.232976587
-0.820004521,0.260825047,-0.221521387
-0.834097530,0.245015703,-0.209691823
-0.847329504,0.228747122,-0.197495407
-0.859772836,0.212094695,-0.184990602
-0.871286186,0.195031580,-0.172153648
-0.881916694,0.177617108,-0.159030313
-0.891695662,0.159896992,-0.145655741
-0.900479477,0.141859675,-0.132017611
-0.908331254,0.123561865,-0.118160143
-0.915282733,0.105044257,-0.104114731
-0.921233134,0.086318131,-0.089887314
-0.926175059,0.067418526,-0.075504056
-0.930183447,0.048390426,-0.061000670
-0.933236181,0.029261052,-0.046397073
-0.935185313,0.010053662,-0.031707037
-0.936184010,-0.009187697,-0.016967546
-0.936230384,-0.028434123,-0.002200293
-0.935230216,-0.047651267,0.012571254
-0.933202014,-0.066804367,0.027320480
-0.930226619,-0.085867126,0.042025571
-0.926305488,-0.104810413,0.056664577
-0.921282580,-0.123574968,0.071196850
-0.915334275,-0.142155682,0.085614114
-0.908470731,-0.160525125,0.099895484
-0.900598401,-0.178624904,0.113999400
-0.891774857,-0.196434154,0.127908728
-0.882078904,-0.213944575,0.141615255
-0.871453302,-0.231100525,0.155078588
-0.859899982,-0.247863858,0.168270008
-0.847531889,-0.264247777,0.181196622
-0.834286306,-0.280184296,0.193808912
-0.820194176,-0.295648739,0.206087575
-0.805358054,-0.310662195,0.218045916
-0.789671938,-0.325114432,0.229603774
-0.773273196,-0.339055102,0.240795059
-0.756151251,-0.352433139,0.251581704
-0.738313036,-0.365207101,0.261932443
-0.719847056,-0.377405995,0.271866905
-0.700703146,-0.388930874,0.281312081
-0.681002134,-0.399851981,0.290317772
-0.660694983,-0.410058248,0.298801870
-0.639884172,-0.419612522,0.306809085
-0.618562549,-0.428444414,0.314286840
-0.596781254,-0.436555225,0.321234938
-0.574596969,-0.443969884,0.327670764
-0.551996274,-0.450576465,0.333510806
-0.529063984,-0.456451240,0.338810289
-0.505831225,-0.461575026,0.343554172
-0.482323626,-0.465899961,0.347706077
-0.458586865,-0.469425231,0.351264419
-0.434667334,-0.472165183,0.354238956
-0.410603998,-0.474109243,0.356620965
-0.386437411,-0.475249700,0.358403842
-0.362209175,-0.475581753,0.359583149
-0.337961436,-0.475103486,0.360156602
-0.313736427,-0.473815790,0.360124022
-0.289576049,-0.471722238,0.359487252
-0.265521519,-0.468828926,0.358250036
-0.241615301,-0.465134877,0.356410801
-0.217905394,-0.460623768,0.353956379
-0.194423615,-0.455340597,0.350919797
-0.171217774,-0.449271387,0.347289622
-0.148327451,-0.442429886,0.343075313
-0.125795401,-0.434823875,0.338281772
-0.103653907,-0.426479687,0.332927960
-0.081956208,-0.417387173,0.327005067
-0.060735554,-0.407572983,0.320532166
-0.040028611,-0.397055809,0.313522239
-0.019874236,-0.385851543,0.305986040
-0.000308933,-0.373979529,0.297936854
0.018624345,-0.361453318,0.289383350
0.036890578,-0.348295875,0.280341267
0.054468231,-0.334541231,0.270834804
0.071298032,-0.320192738,0.260864010
0.087368185,-0.305292600,0.250459025
0.102640512,-0.289862246,0.239633472
0.117080486,-0.273927362,0.228403926
0.130657466,-0.257517024,0.216789246
0.143344549,-0.240662834,0.204809919
0.155118359,-0.223398240,0.192487535
0.165946290,-0.205753506,0.179840438
0.175808980,-0.187764994,0.166891577
0.184676310,-0.169466244,0.153660708
0.192534597,-0.150896589,0.140172159
0.199362109,-0.132093534,0.126447885
0.205141136,-0.113096500,0.112510857
0.209857591,-0.093946270,0.098384678
0.213500653,-0.074684573,0.084093308
0.216052723,-0.055353520,0.069659823
0.217512849,-0.035996903,0.055109391
0.217877025,-0.016658406,0.040466447
0.217137000,0.002617428,0.025755195
0.215300759,0.021786675,0.011000774
0.212366666,0.040804464,-0.003772209
0.208344132,0.059627076,-0.018538820
0.203243077,0.078211235,-0.033274301
0.197073214,0.096513503,-0.047953710
0.189852656,0.114493024,-0.062552547
0.181599165,0.132109419,-0.077046334
0.172327672,0.149321388,-0.091409993
0.162067426,0.166094008,-0.105620261
0.150840977,0.182390489,-0.119653021
0.138673546,0.198175775,-0.133484396
0.125593232,0.213416988,-0.147090976
0.111631218,0.228084005,-0.160450136
0.096821945,0.242150191,-0.173540492
0.081190504,0.255582601,-0.186337369
0.064780130,0.268363332,-0.198822747
0.047615211,0.280459463,-0.210971073
0.029740299,0.291856919,-0.222765713
0.011189882,0.302533545,-0.234185827
-0.007998857,0.312470501,-0.245211984
-0.027786135,0.321653061,-0.255826767
-0.048134357,0.330064715,-0.266011619
-0.069008598,0.337684371,-0.275745017
-0.090359192,0.344515689,-0.285019639
-0.112153535,0.350535062,-0.293812196
-0.134349653,0.355734693,-0.302108451
-0.156903355,0.360113528,-0.309898320
-0.179774415,0.363663255,-0.317167275
-0.202921233,0.366379312,-0.323903046
-0.226301358,0.368261421,-0.330096131
-0.249873177,0.369308672,-0.335736690
-0.273597957,0.369498135,-0.340799759
-0.297427817,0.368867353,-0.345301401
-0.321324217,0.367390604,-0.349214611
-0.345243704,0.365097679,-0.352550848
-0.369144138,0.361957654,-0.355278533
-0.392985086,0.358015012,-0.357420248
-0.416726136,0.353270920,-0.358967669
-0.440320932,0.347706179,-0.359896596
-0.463731288,0.341351619,-0.360220361
-0.486917829,0.334222463,-0.359940896
-0.509840561,0.326330594,-0.359057616
-0.532460352,0.317690490,-0.357571987
-0.554739380,0.308319167,-0.355487589
-0.576641604,0.298236052,-0.352810135
-0.598116170,0.287437457,-0.349525506
-0.619130202,0.275953022,-0.345647440
-0.639659221,0.263818910,-0.341196234
-0.659676205,0.251062615,-0.336185437
-0.679119550,0.237674612,-0.330594385
-0.697960151,0.223687206,-0.324439617
-0.716207140,0.209160547,-0.317766170
-0.733762141,0.194061813,-0.310528509
-0.750649780,0.178463360,-0.302783895
-0.766825886,0.162377541,-0.294531270
-0.782244282,0.145822801,-0.285773496
-0.796917287,0.128848527,-0.276548678
-0.810773424,0.111460764,-0.266845165
-0.823829076,0.093707895,-0.256701269
-0.836048143,0.075614839,-0.246126782
-0.847384156,0.057202896,-0.235126593
-0.857909657,0.038533314,-0.223760800
-0.867437240,0.019589660,-0.211975803
-0.876122448,0.000449908,-0.199862230
-0.883874581,-0.018871921,-0.187409911
-0.890644058,-0.038347583,-0.174628058
-0.896525418,-0.057929432,-0.161571953
-0.901413244,-0.077594488,-0.148234590
-0.905304032,-0.097306763,-0.134641033
-0.908276125,-0.117030711,-0.120834276
-0.910256784,-0.136733839,-0.106821446
-0.911197146,-0.156378285,-0.092618851
-0.911204399,-0.175937763,-0.078269277
-0.910275986,-0.195382825,-0.063793316
-0.908243909,-0.214653059,-0.049196930
-0.905280878,-0.233741963,-0.034523302
-0.901390685,-0.252620764,-0.019793959
-0.896497787,-0.271237193,-0.005029630
-0.890608270,-0.289556025,0.009743009
-0.883815414,-0.307572204,0.024499519
-0.876129680,-0.325258738,0.039218166
-0.867413951,-0.342523585,0.053863362
-0.857826022,-0.359395139,0.068420333
-0.847389742,-0.375852110,0.082868458
-0.836046391,-0.391827489,0.097172671
-0.823816564,-0.407291790,0.111307190
-0.810797494,-0.422264663,0.125264466
-0.796975172,-0.436700043,0.139014524
-0.782300015,-0.450519284,0.152511910
-0.766907876,-0.463780214,0.165767910
-0.750791810,-0.476437289,0.178751364
-0.733907987,-0.488404202,0.191410047
-0.716390662,-0.499757540,0.203769090
-0.698207231,-0.510417223,0.215778257
-0.679386419,-0.520360625,0.227414928
-0.660024333,-0.529648102,0.238701078
-0.640042209,-0.538119729,0.249539444
-0.619583915,-0.545909154,0.259994003
-0.598613857,-0.552898986,0.269988449
-0.577208957,-0.559144734,0.279545565
-0.555379339,-0.564586137,0.288619910
-0.533182660,-0.569257074,0.297223038
-0.510635086,-0.573096312,0.305307497
-0.487804227,-0.576176138,0.312910191
-0.464690922,-0.578374651,0.319943595
-0.441369905,-0.579801061,0.326469520
-0.417864170,-0.580397548,0.332441501
-0.394214120,-0.580146167,0.337837828
-0.370467248,-0.579095268,0.342682730
-0.346660308,-0.577235484,0.346961464
-0.322833647,-0.574523811,0.350634421
-0.299030946,-0.570996124,0.353717765
-0.275292369,-0.566664279,0.356211241
-0.251658700,-0.561530797,0.358107779
-0.228171105,-0.555601297,0.359402458
-0.204870639,-0.548884353,0.360092505
-0.181797806,-0.541391313,0.360177259
-0.158992183,-0.533136071,0.359658092
-0.136492101,-0.524134831,0.358538301
-0.114344440,-0.514386985,0.356807289
-0.092588340,-0.503911384,0.354470074
-0.071249242,-0.492747211,0.351549198
-0.050380067,-0.480889142,0.348029355
-0.030009175,-0.468369730,0.343927676
-0.010180476,-0.455201418,0.339243489
0.009084279,-0.441421200,0.333998488
0.027728318,-0.427030200,0.328181015
0.045729313,-0.412065614,0.321812686
0.063055358,-0.396553713,0.314905139
0.079672586,-0.380519606,0.307468673
0.095550293,-0.363991239,0.299516202
0.110659000,-0.346997575,0.291061522
0.124953574,-0.329560150,0.282109501
0.138429722,-0.311722285,0.272689456
0.151042127,-0.293507075,0.262806937
0.162780504,-0.274953588,0.252486498
0.173608219,-0.256090911,0.241739382
0.183503597,-0.236954778,0.230584624
0.192450444,-0.217582414,0.219043247
0.200422497,-0.198009190,0.207132240
0.207402612,-0.178273349,0.194872303
0.213383655,-0.158414562,0.182287093
0.218334589,-0.138470751,0.169392772
0.222257097,-0.118483329,0.156215325
0.225134602,-0.098492913,0.142775182
0.226953776,-0.078541678,0.129093990
0.227712973,-0.058672044,0.115195915
0.227403617,-0.038927633,0.101103545
0.226027803,-0.019351555,0.086841312
0.223588864,0.000013110,0.072433439
0.220087841,0.019122200,0.057903733
0.215527300,0.037930888,0.043276325
0.209924555,0.056398394,0.028576445
0.203282069,0.074478635,0.013828262
0.195623254,0.092132957,-0.000943067
0.186959890,0.109318023,-0.015712828
0.177315126,0.125995474,-0.030456154
0.166711029,0.142126831,-0.045148274
0.155172725,0.157675478,-0.059764460
0.142726245,0.172605693,-0.074279955
0.129406045,0.186888401,-0.088671080
0.115236179,0.200487216,-0.102912475
0.100253083,0.213376007,-0.116980665
0.084492295,0.225529304,-0.130852271
0.067989257,0.236922635,-0.144503974
0.050781624,0.247534948,-0.157913228
0.032902284,0.257340222,-0.171055489
0.014394483,0.266325870,-0.183910367
-0.004702431,0.274476490,-0.196456508
-0.024348551,0.281778590,-0.208673029
-0.044508010,0.288212536,-0.220536218
-0.065135232,0.293776344,-0.232029363
-0.086189768,0.298461204,-0.243132954
-0.107629731,0.302262853,-0.253829423
-0.129419007,0.305162327,-0.264093866
-0.151509528,0.307173339,-0.273916999
-0.173862170,0.308287939,-0.283279120
-0.196433559,0.308513585,-0.292168337
-0.219185888,0.307832870,-0.300559125
-0.242073863,0.306266448,-0.308446765
-0.265056672,0.303816282,-0.315816419
-0.288093081,0.300488248,-0.322655425
-0.311142052,0.296292511,-0.328953797
-0.334163035,0.291237672,-0.334700684
-0.357112974,0.285314579,-0.339872996
-0.379954831,0.278568456,-0.344484204
-0.402645705,0.270989230,-0.348510605
-0.425149139,0.262608006,-0.351956958
-0.447419873,0.253417988,-0.354800606
-0.469428867,0.243466775,-0.357059640
-0.491133675,0.232757585,-0.358718812
-0.512487831,0.221292325,-0.359760406
-0.533464918,0.209115022,-0.360201317
-0.554028035,0.196244819,-0.360038548
-0.574141304,0.182703283,-0.359271039
-0.593770259,0.168514305,-0.357899775
-0.612882266,0.153703942,-0.355927852
-0.631446945,0.138300192,-0.353360512
-0.649436593,0.122332697,-0.350205126
-0.666793516,0.105806246,-0.346441268
-0.683505281,0.088767427,-0.342093190
-0.699559767,0.071256907,-0.337181559
-0.714941137,0.053308610,-0.331721300
-0.729545226,0.034909047,-0.325661676
-0.743429489,0.016138187,-0.319076350
-0.756559681,-0.002981658,-0.311965504
-0.768851898,-0.022440956,-0.304301153
-0.780395516,-0.042166303,-0.296165791
-0.791024330,-0.062170867,-0.287483805
-0.800882099,-0.082374169,-0.278364196
-0.809791576,-0.102779726,-0.268732993
-0.817908483,-0.123319963,-0.258695912
-0.825029906,-0.143987155,-0.248175712
-0.831319498,-0.164725955,-0.237273610
-0.836648124,-0.185509707,-0.225954208
-0.841056508,-0.206300665,-0.214257862
-0.844586842,-0.227066003,-0.202222420
-0.847075773,-0.247760578,-0.189810353
-0.848686318,-0.268361595,-0.177102066
-0.849362876,-0.288830423,-0.164099524
-0.849022670,-0.309116906,-0.150801002
-0.847793300,-0.329210484,-0.137264835
-0.845637543,-0.349070726,-0.123501582
-0.842459938,-0.368634177,-0.109512825
-0.838398473,-0.387906569,-0.095350793
-0.833457536,-0.406858778,-0.081035729
-0.827497621,-0.425398641,-0.066569598
-0.820660784,-0.443547157,-0.051996602
-0.812970800,-0.461282609,-0.037340144
-0.804373989,-0.478541578,-0.022618716
-0.794865230,-0.495280679,-0.007857765
-0.784544980,-0.511520558,0.006915122
-0.773428740,-0.527236786,0.021678169
-0.761412213,-0.542315028,0.036401080
-0.748623609,-0.556804798,0.051063347
-0.735099288,-0.570696609,0.065644225
-0.720810608,-0.583924377,0.080113395
-0.705755728,-0.596438367,0.094440055
-0.690037976,-0.608291126,0.108615702
-0.673674467,-0.619457906,0.122617713
-0.656592300,-0.629803975,0.136390157
-0.638930962,-0.639438102,0.149945557
-0.620717743,-0.648348158,0.163265184
-0.601883055,-0.656376756,0.176277418
-0.582558594,-0.663652211,0.189010338
-0.562764305,-0.670148844,0.201439609
-0.542469838,-0.675740212,0.213497377
-0.521787200,-0.680560455,0.225223387
-0.500706109,-0.684509291,0.236558267
-0.479273235,-0.687602501,0.247493180
-0.457541754,-0.689879332,0.258031533
-0.435513834,-0.691232202,0.268104332
-0.413268585,-0.691797423,0.277766007
-0.390803366,-0.691412126,0.286914515
-0.368191912,-0.690241251,0.295624594
-0.345447279,-0.688135388,0.303796423
-0.322625290,-0.685221073,0.311487656
-0.299756747,-0.681427096,0.318640855
-0.276884540,-0.676780124,0.325255684
-0.254044133,-0.671328781,0.331348696
-0.231281610,-0.664993508,0.336851070
-0.208632205,-0.657848855,0.341795880
-0.186131760,-0.649910093,0.346178452
-0.163819115,-0.641180711,0.349985463
-0.141746265,-0.631633607,0.353178976
-0.119941145,-0.621324493,0.355783113
-0.098441354,-0.610268754,0.357792609
-0.077285055,-0.598481898,0.359202063
-0.056509638,-0.585982315,0.360008220
-0.036151331,-0.572790990,0.360209932
-0.016244879,-0.558931193,0.359808102
0.003176717,-0.544428164,0.358805578
0.022059529,-0.529284037,0.357182229
0.040388076,-0.513546799,0.354962296
0.058138243,-0.497249790,0.352157288
0.075253104,-0.480397976,0.348747657
0.091722806,-0.463037926,0.344758950
0.107501437,-0.445187686,0.340184252
0.122581269,-0.426891331,0.335048327
0.136904665,-0.408162673,0.329336823
0.150462645,-0.389045140,0.323073500
0.163229869,-0.369571614,0.316268850
0.175179610,-0.349774929,0.308932699
0.186288952,-0.329689943,0.301077579
0.196538716,-0.309352817,0.292718228
0.205894477,-0.288796609,0.283861153
0.214349066,-0.268061454,0.274528116
0.221884828,-0.247184843,0.264734807
0.228483946,-0.226204553,0.254496811
0.234122514,-0.205159201,0.243827480
0.238797967,-0.184089087,0.232749608
0.242496315,-0.163034035,0.221280716
0.245208333,-0.142034497,0.209440287
0.246922161,-0.121131917,0.197246905
0.247629060,-0.100368510,0.184720427
0.247335819,-0.079784376,0.171885410
0.246027989,-0.059424129,0.158759748
0.243710491,-0.039329496,0.145367103
0.240387049,-0.019542648,0.131730356
0.236060784,-0.000106685,0.117872077
0.230738872,0.018935865,0.103815617
0.224431977,0.037543256,0.089584787
0.217146307,0.055670628,0.075202646
0.208900916,0.073278647,0.060694133
0.199716355,0.090328938,0.046083912
0.189602851,0.106775837,0.031395696
0.178593864,0.122588493,0.016654997
0.166704342,0.137722774,0.001886126
0.153969562,0.152149770,-0.012885871
0.140413863,0.165831803,-0.027636164
0.126071970,0.178740394,-0.042340020
0.110975382,0.190844413,-0.056972572
0.095162515,0.202120705,-0.071509619
0.078664513,0.212537925,-0.085925754
0.061525214,0.222081458,-0.100197777
0.043782212,0.230730089,-0.114301495
0.025474532,0.238465283,-0.128212883
0.006642596,0.245271630,-0.141908274
-0.012671859,0.251137408,-0.155364640
-0.032425959,0.256055246,-0.168559985
-0.052576462,0.260021640,-0.181473478
-0.073086969,0.263015840,-0.194078504
-0.093909224,0.265051637,-0.206359344
-0.115003030,0.266123492,-0.218294109
-0.136328076,0.266225293,-0.229860142
-0.157841116,0.265365493,-0.241040183
-0.179501562,0.263541150,-0.251812249
-0.201266864,0.260765170,-0.262160961
-0.223095937,0.257053713,-0.272073041
-0.244948978,0.252395667,-0.281521926
-0.266785706,0.246826612,-0.290504048
-0.288565433,0.240335024,-0.298991743
-0.310249061,0.232946161,-0.306976523
-0.331798122,0.224677721,-0.314446299
-0.353174319,0.215545558,-0.321388031
-0.374340552,0.205569575,-0.327791266
-0.395259341,0.194767042,-0.333643940
-0.415887971,0.183143681,-0.338925242
-0.436200955,0.170749279,-0.343645897
-0.456156198,0.157589199,-0.347785158
-0.475722610,0.143695633,-0.351341767
-0.494860602,0.129083794,-0.354301230
-0.513551777,0.113802316,-0.356677523
-0.531746920,0.097853969,-0.358444549
-0.549417612,0.081272938,-0.359603465
-0.566542106,0.064098726,-0.360161806
-0.583089424,0.046359147,-0.360116122
-0.599030126,0.028084135,-0.359464887
-0.614336668,0.009305560,-0.358208601
-0.628983757,-0.009943014,-0.356349872
-0.642948711,-0.029626641,-0.353893464
-0.656211795,-0.049709380,-0.350846290
-0.668756524,-0.070154741,-0.347217362
-0.680512572,-0.090947726,-0.342974938
-0.691507533,-0.112029926,-0.338163585
-0.701735977,-0.133363049,-0.332799413
-0.711153770,-0.154920033,-0.326871349
-0.719722276,-0.176665968,-0.320375323
-0.727501625,-0.198550163,-0.313370227
-0.734386523,-0.220549231,-0.305809093
-0.740438599,-0.242615297,-0.297750261
-0.745615145,-0.264714901,-0.289186711
-0.749910083,-0.286808000,-0.280135147
-0.753326085,-0.308858384,-0.270615237
-0.755852372,-0.330826757,-0.260640709
-0.757470254,-0.352674326,-0.250220643
-0.758233830,-0.374372666,-0.239399480
-0.758031386,-0.395862365,-0.228144837
-0.757006197,-0.417140241,-0.216538179
-0.755024242,-0.438132159,-0.204542112
-0.752170528,-0.458826765,-0.192209749
-0.748491316,-0.479207171,-0.179575388
-0.743825116,-0.499168175,-0.166601990
-0.738344432,-0.518746188,-0.153367409
-0.732050269,-0.537909192,-0.139888347
-0.724804008,-0.556541401,-0.126145872
-0.716768413,-0.574694970,-0.112204480
-0.707953624,-0.592342080,-0.098083863
-0.698259132,-0.609372263,-0.083783681
-0.687786124,-0.625814540,-0.069345753
-0.676578383,-0.641664137,-0.054796926
-0.664605692,-0.656854259,-0.040154051
-0.651854771,-0.671325232,-0.025439839
-0.638427098,-0.685127092,-0.010685674
-0.624342642,-0.698238879,0.004086716
-0.609531664,-0.710532751,0.018851716
-0.594093906,-0.722069864,0.033584525
-0.578073009,-0.732856007,0.048263707
-0.561464424,-0.742832798,0.062862326
-0.544259236,-0.751925115,0.077347437
-0.526554505,-0.760219052,0.091708330
-0.508377317,-0.767703458,0.105924261
-0.489683512,-0.774225598,0.119942784
-0.470574265,-0.779902556,0.133766545
-0.451086095,-0.784741975,0.147379029
-0.431201527,-0.788614461,0.160724694
-0.410988627,-0.791594793,0.173803319
-0.390495264,-0.793725107,0.186609474
-0.369713791,-0.794858651,0.199073398
-0.348713218,-0.795110530,0.211214700
-0.327527736,-0.794485514,0.223016744
-0.306171900,-0.792862311,0.234410259
-0.284706898,-0.790402987,0.245442915
-0.263153875,-0.786973561,0.256035390
-0.241556930,-0.782676183,0.266214665
-0.219951661,-0.777467248,0.275938967
-0.198374193,-0.771373644,0.285201780
-0.176863307,-0.764398681,0.293983234
-0.155453112,-0.756565598,0.302276113
-0.134187005,-0.747856336,0.310047231
-0.113085996,-0.738354308,0.317327000
-0.092215317,-0.727960973,0.324029563
-0.071582015,-0.716803198,0.330215011
-0.051229549,-0.704863220,0.335850315
-0.031212817,-0.692118899,0.340893921
-0.011542646,-0.678648350,0.345379264
0.007744771,-0.664464169,0.349292691
0.026613071,-0.649582800,0.352622408
0.045008371,-0.634000635,0.355336823
0.062918617,-0.617775602,0.357458550
0.080311320,-0.600932450,0.358982160
0.097155052,-0.583498090,0.359903914
0.113420109,-0.565501714,0.360222186
0.129078755,-0.546974423,0.359937403
0.144096298,-0.527942396,0.359043675
0.158437435,-0.508433607,0.357535681
0.172095182,-0.488494541,0.355433083
0.185051296,-0.468161312,0.352744081
0.197246452,-0.447450876,0.349444513
0.208694854,-0.426416447,0.345569104
0.219348155,-0.405083483,0.341104007
0.229214996,-0.383498430,0.336077405
0.238240082,-0.361688457,0.330472407
0.246428642,-0.339698592,0.324314508
0.253763568,-0.317566836,0.317613260
0.260226989,-0.295331758,0.310377999
0.265805287,-0.273032998,0.302620859
0.270488847,-0.250710565,0.294356263
0.274263408,-0.228404787,0.285596082
0.277111278,-0.206157346,0.276350791
0.279047515,-0.184007149,0.266647478
0.280039405,-0.161998835,0.256489326
0.280100000,-0.140171517,0.245901953
0.279223950,-0.118566972,0.234901789
0.277407655,-0.097227574,0.223506201
0.274652378,-0.076195085,0.211734591
0.270963548,-0.055510225,0.199607791
0.266340369,-0.035216942,0.187144241
0.260791700,-0.015356053,0.174365797
0.254326106,0.004030840,0.161293995
0.246957443,0.022904495,0.147951710
0.238695247,0.041222342,0.134360344
0.229553617,0.058943305,0.120542545
0.219550466,0.076027950,0.106521756
0.208706912,0.092438547,0.092321886
0.197046780,0.108139068,0.077967085
0.184593974,0.123092890,0.063481282
0.171370288,0.137259827,0.048888166
0.157413804,0.150616263,0.034213359
0.142745289,0.163118534,0.019480551
0.127408238,0.174749790,0.004715226
0.111429870,0.185472098,-0.010058084
0.094853214,0.195269404,-0.024814513
0.077712680,0.204113000,-0.039529100
0.060051165,0.211988571,-0.054177378
0.041906505,0.218873065,-0.068734208
0.023324300,0.224760618,-0.083176022
0.004343056,0.229630289,-0.097477356
-0.014992491,0.233477459,-0.111614646
-0.034638853,0.236297217,-0.125564371
-0.054553174,0.238085068,-0.139302959
-0.074692309,0.238840360,-0.152807468
-0.095013155,0.238566875,-0.166055964
-0.115474894,0.237254376,-0.179022385
-0.136033117,0.234927860,-0.191690374
-0.156647624,0.231577692,-0.204033400
-0.177276738,0.227226487,-0.216034873
-0.197880337,0.221881210,-0.227673207
-0.218418474,0.215552772,-0.238927902
-0.238851903,0.208256519,-0.249780061
-0.259142789,0.200012715,-0.260213047
-0.279254617,0.190842646,-0.270211113
-0.299145997,0.180747532,-0.279748194
-0.318786848,0.169771702,-0.288820137
-0.338139334,0.157927107,-0.297406434
-0.357165643,0.145229484,-0.305487716
-0.375836419,0.131715136,-0.313057027
-0.394118668,0.117408816,-0.320100965
-0.411981499,0.102338859,-0.326608624
-0.429392096,0.086530027,-0.332566533
-0.446313098,0.070002424,-0.337956553
-0.462730399,0.052807474,-0.342786511
-0.478607319,0.034964282,-0.347038285
-0.493917133,0.016506566,-0.350705259
-0.508633088,-0.002533155,-0.353780371
-0.522746533,-0.022106843,-0.356273840
-0.536199638,-0.042207434,-0.358149268
-0.548993275,-0.062779608,-0.359425658
-0.561107337,-0.083786864,-0.360101683
-0.572518774,-0.105194481,-0.360173452
-0.583206512,-0.126966027,-0.359638967
-0.593151749,-0.149063616,-0.358498247
-0.602338245,-0.171448224,-0.356753409
-0.610752589,-0.194080066,-0.354408731
-0.618384437,-0.216919043,-0.351470659
-0.625226704,-0.239925240,-0.347947771
-0.631262225,-0.263060920,-0.343841176
-0.636442795,-0.286288312,-0.339131213
-0.640814644,-0.309561348,-0.333864265
-0.644383306,-0.332843476,-0.328056281
-0.647061019,-0.356091967,-0.321662803
-0.648917595,-0.379268653,-0.314743397
-0.649949038,-0.402337586,-0.307307461
-0.650085825,-0.425245750,-0.299326239
-0.649443850,-0.447979345,-0.290882015
-0.647871081,-0.470459671,-0.281899423
-0.645543009,-0.492699416,-0.272491777
-0.642288253,-0.514599992,-0.262577467
-0.638276567,-0.536187198,-0.252261563
-0.633383133,-0.557366709,-0.241492243
-0.627705664,-0.578145051,-0.230332808
-0.621230064,-0.598475137,-0.218789726
-0.613919664,-0.618293004,-0.206860035
-0.605886022,-0.637628695,-0.194608395
-0.597032084,-0.656371910,-0.182007039
-0.587435945,-0.674535597,-0.169103977
-0.577151301,-0.692122532,-0.155934301
-0.566083962,-0.709003386,-0.142478628
-0.554336530,-0.725224181,-0.128790224
-0.541949082,-0.740781724,-0.114897077
-0.528862895,-0.755562520,-0.100798255
-0.515138588,-0.769581543,-0.086529381
-0.500835360,-0.782861273,-0.072122585
-0.485945906,-0.795340132,-0.057593853
-0.470454480,-0.806933688,-0.042961269
-0.454456334,-0.817724274,-0.028260864
-0.437975176,-0.827695191,-0.013514234
-0.420975995,-0.836713989,0.001257182
-0.403532543,-0.844844645,0.016025556
-0.385690267,-0.852110438,0.030768262
-0.367462361,-0.858465056,0.045460716
-0.348847083,-0.863808270,0.060070067
-0.329924018,-0.868256742,0.074582457
-0.310721791,-0.871804884,0.088976764
-0.291237264,-0.874316277,0.103208796
-0.271530660,-0.875881770,0.117268947
-0.251641601,-0.876538218,0.131143120
-0.231587097,-0.876192324,0.144788238
-0.211405584,-0.874857805,0.158183158
-0.191139958,-0.872621880,0.171328686
-0.170817132,-0.869393025,0.184175714
-0.150474207,-0.865191499,0.196706230
-0.130144601,-0.860112243,0.208930033
-0.109869013,-0.854018314,0.220773376
-0.089675443,-0.847032759,0.232259243
-0.069598428,-0.839152219,0.243363349
-0.049684005,-0.830317535,0.254034787
-0.029940704,-0.820673910,0.264317118
-0.010444284,-0.810062472,0.274105710
0.008823045,-0.798687687,0.283481876
0.027772213,-0.786395511,0.292333732
0.046430434,-0.773368402,0.300741444
0.064701745,-0.759476352,0.308596701
0.082610898,-0.744866526,0.315966053
0.100093644,-0.729494402,0.322791453
0.117123344,-0.713398305,0.329068149
0.133695578,-0.696639475,0.334814030
0.149744382,-0.679194620,0.339977155
0.165254131,-0.661113917,0.344564195
0.180212931,-0.642443743,0.348583024
0.194590014,-0.623208543,0.352021470
0.208355816,-0.603436217,0.354869354
0.221468292,-0.583147739,0.357105827
0.233920541,-0.562391876,0.358742949
0.245692468,-0.541204987,0.359779766
0.256762693,-0.519622539,0.360214171
0.267111431,-0.497681087,0.360045497
0.276699142,-0.475409991,0.359257469
0.285527879,-0.452856755,0.357867711
0.293586560,-0.430061224,0.355882477
0.300866588,-0.407063017,0.353309600
0.307308471,-0.383892684,0.350119917
0.312953421,-0.360600726,0.346358113
0.317751048,-0.337222532,0.342002703
0.321727207,-0.313801423,0.337085649
0.324832446,-0.290377664,0.331587685
0.327085571,-0.266993463,0.325535614
0.328479047,-0.243689917,0.318938259
0.329005028,-0.220508976,0.311804452
0.328660132,-0.197492616,0.304145913
0.327445012,-0.174682192,0.295976737
0.325363918,-0.152117959,0.287312916
0.322397314,-0.129848890,0.278157339
0.318575849,-0.107906979,0.268540508
0.313883026,-0.086342211,0.258467258
0.308340884,-0.065188802,0.247962660
0.301951069,-0.044490422,0.237041029
0.294720760,-0.024289325,0.225719566
0.286661766,-0.004625894,0.214017586
0.277789735,0.014461597,0.201955895
0.268123467,0.032937097,0.189556287
0.257670593,0.050754400,0.176835772
0.246461196,0.067885577,0.163820183
0.234503067,0.084281156,0.150526480
0.221828116,0.099913758,0.136980447
0.208459681,0.114747088,0.123204264
0.194424359,0.128747216,0.109220972
0.179751580,0.141882703,0.095054192
0.164469033,0.154117980,0.080726910
0.148612034,0.165427406,0.066263908
0.132218147,0.175789351,0.051690002
0.115317083,0.185165980,0.037028462
0.097954687,0.193550390,0.022305128
0.080163735,0.200906900,0.007543987
0.061991112,0.207232967,-0.007229732
0.043474328,0.212501141,-0.021991232
0.024659631,0.216710315,-0.036715887
0.005588137,0.219842512,-0.051378554
-0.013694185,0.221901369,-0.065955274
-0.033145423,0.222870843,-0.080420317
-0.052719838,0.222761922,-0.094750555
-0.072374249,0.221574372,-0.108921741
-0.092065520,0.219310859,-0.122909735
-0.111750787,0.215977299,-0.136690664
-0.131387770,0.211583264,-0.150241162
-0.150935199,0.206142454,-0.163538719
-0.170353410,0.199673214,-0.176562150
-0.189602593,0.192187005,-0.189288370
-0.208644852,0.183704184,-0.201696672
-0.227441382,0.174238445,-0.213764049
-0.245957903,0.163818688,-0.225472803
-0.264158753,0.152465424,-0.236802392
-0.282010046,0.140203192,-0.247733819
-0.299480463,0.127060846,-0.258250266
-0.316534127,0.113056739,-0.268329647
-0.333143277,0.098225698,-0.277958065
-0.349278301,0.082596634,-0.287119103
-0.364915730,0.066207079,-0.295801916
-0.380016275,0.049071554,-0.303980466
-0.394562047,0.031234712,-0.311648717
-0.408528875,0.012730658,-0.318794327
-0.421893940,-0.006405663,-0.325405957
-0.434630271,-0.026143349,-0.331468541
-0.446710674,-0.046450103,-0.336966985
-0.458131529,-0.067275366,-0.341906082
-0.468865257,-0.088589160,-0.346270004
-0.478889277,-0.110355523,-0.350047425
-0.488194561,-0.132531161,-0.353237998
-0.496776749,-0.155071924,-0.355844909
-0.504583349,-0.177955126,-0.357832882
-0.511637280,-0.201124423,-0.359226872
-0.517922845,-0.224541859,-0.360020813
-0.523426418,-0.248168018,-0.360210372
-0.528136681,-0.271962274,-0.359793090
-0.532044853,-0.295883102,-0.358768499
-0.535144885,-0.319888445,-0.357138226
-0.537433637,-0.343936135,-0.354906057
-0.538911004,-0.367984377,-0.352077962
-0.539579984,-0.391992269,-0.348662069
-0.539446677,-0.415920371,-0.344668586
-0.538483987,-0.439723819,-0.340084138
-0.536692414,-0.463358264,-0.334915556
-0.534118708,-0.486793627,-0.329201570
-0.530749427,-0.509987611,-0.322938496
-0.526545204,-0.532881931,-0.316105955
-0.521601073,-0.555472000,-0.308774448
-0.515832543,-0.577678861,-0.300893503
-0.509325435,-0.599499465,-0.292526644
-0.502044444,-0.620873186,-0.283656870
-0.494032088,-0.641779634,-0.274318458
-0.485274636,-0.662165905,-0.264509142
-0.475828209,-0.682026347,-0.254271040
-0.465644675,-0.701275788,-0.243581388
-0.454841003,-0.719968371,-0.232518207
-0.443300518,-0.737943811,-0.221019479
-0.431165477,-0.755292745,-0.209176421
-0.418408163,-0.771935983,-0.196980434
-0.405024511,-0.787812397,-0.184437648
-0.391105115,-0.802981467,-0.171605905
-0.376610059,-0.817330697,-0.158472612
-0.361580516,-0.830856323,-0.145068669
-0.346080663,-0.843599290,-0.131435242
-0.330090972,-0.855459286,-0.117572955
-0.313640590,-0.866414547,-0.103506551
-0.296795430,-0.876524514,-0.089275718
-0.279567762,-0.885741692,-0.074896621
-0.261948693,-0.893948816,-0.060380272
-0.244018601,-0.901262347,-0.045768493
-0.225804072,-0.907670503,-0.031082655
-0.207303146,-0.913045184,-0.016340517
-0.188567806,-0.917444765,-0.001571666
-0.169639563,-0.920911218,0.013199572
-0.150543160,-0.923412788,0.027950186
-0.131296034,-0.924828396,0.042649165
-0.111950959,-0.925299555,0.057278800
-0.092536998,-0.924826384,0.071817675
-0.073082081,-0.923294334,0.086228022
-0.053623353,-0.920765658,0.100491784
-0.034191768,-0.917303294,0.114595571
-0.014821894,-0.912851972,0.128505615
0.004446688,-0.907368754,0.142186302
0.023593907,-0.900978942,0.155641626
0.042582466,-0.893646114,0.168838643
0.061362859,-0.885303614,0.181730883
0.079931856,-0.876097318,0.194337847
0.098238584,-0.865964152,0.206612609
0.116245646,-0.854906297,0.218527959
0.133957817,-0.843041779,0.230105134
0.151284592,-0.830239003,0.241257764
0.168253597,-0.816654946,0.252029766
0.184803104,-0.802243048,0.262368736
0.200913481,-0.787044129,0.272266380
0.216563853,-0.771097124,0.281713218
0.231709759,-0.754400238,0.290676305
0.246342916,-0.737010233,0.299158120
0.260429720,-0.718942654,0.307136329
0.273934724,-0.700219057,0.314588166
0.286880261,-0.680916187,0.321541641
0.299156334,-0.660983781,0.327908418
0.310822568,-0.640532043,0.333748966
0.321850640,-0.619582794,0.339045830
0.332153500,-0.598125251,0.343733538
0.341775094,-0.576240991,0.347856746
0.350691988,-0.553960755,0.351402973
0.358882653,-0.531318381,0.354361620
0.366327846,-0.508350330,0.356724173
0.373010836,-0.485095167,0.358484293
0.378915115,-0.461592404,0.359635957
0.384036669,-0.437885193,0.360182863
0.388359599,-0.414013487,0.360119522
0.391880476,-0.390019990,0.359450002
0.394596059,-0.365946592,0.358178389
0.396505620,-0.341834674,0.356310527
0.397605247,-0.317725118,0.353849852
0.397854863,-0.293662454,0.350773864
0.397305706,-0.269684890,0.347125956
0.395912486,-0.245840350,0.342880296
0.393717357,-0.222163222,0.338072993
0.390680208,-0.198705574,0.332682579
0.386831522,-0.175503023,0.326736723
0.382174159,-0.152597296,0.320243740
0.376710853,-0.130031145,0.313211940
0.370448758,-0.107846267,0.305652617
0.363398853,-0.086082759,0.297579519
0.355575389,-0.064778750,0.289008375
0.346981273,-0.043980255,0.279947620
0.337636008,-0.023723141,0.270416162
0.327555536,-0.004045779,0.260430466
0.316760232,0.015017303,0.250009462
0.305257416,0.033418514,0.239164096
0.293074533,0.051127890,0.227917227
0.280233608,0.068110582,0.216288107
0.266752468,0.084325422,0.204293359
0.252659119,0.099742182,0.191955138
0.237984497,0.114335114,0.179296742
0.222745277,0.128055572,0.166333377
0.206980378,0.140887485,0.153091910
0.190718447,0.152798093,0.139593198
0.173991316,0.163757834,0.125859404
0.156833538,0.173740598,0.111913656
0.139281768,0.182723477,0.097779675
0.121374289,0.190686501,0.083481503
0.103150264,0.197610969,0.069043177
0.084647667,0.203469925,0.054487958
0.065911513,0.208262711,0.039841705
0.046981719,0.211963719,0.025128043
0.027903794,0.214577227,0.010372371
0.008720061,0.216081517,-0.004400872
-0.010523892,0.216488439,-0.019166744
-0.029784095,0.215783496,-0.033900194
-0.049016182,0.213981670,-0.048576935
-0.068175542,0.211075753,-0.063171507
-0.087219734,0.207086113,-0.077660422
-0.106104782,0.202012908,-0.092018218
-0.124789296,0.195873472,-0.106221132
-0.143232970,0.188685237,-0.120245581
-0.161396048,0.180464880,-0.134067791
-0.179240278,0.171232400,-0.147664490
-0.196729444,0.161011457,-0.161013237
-0.213827722,0.149824577,-0.174091290
-0.230498681,0.137692494,-0.186874950
-0.246714837,0.124652691,-0.199346139
-0.262442134,0.110727430,-0.211481771
-0.277649176,0.095943988,-0.223260131
-0.292311417,0.080339304,-0.234663793
-0.306402418,0.063945423,-0.245673666
-0.319896607,0.046794775,-0.256270927
-0.332763034,0.028913825,-0.266432699
-0.344993520,0.010353421,-0.276151679
-0.356552235,-0.008865787,-0.285401083
-0.367434875,-0.028692599,-0.294175968
-0.377613823,-0.049098202,-0.302454896
-0.387068927,-0.070046270,-0.310221483
-0.395792720,-0.091491940,-0.317468223
-0.403771808,-0.113395880,-0.324183356
-0.410985853,-0.135722444,-0.330350046
-0.417421876,-0.158430950,-0.335956601
-0.423085343,-0.181473613,-0.341004648
-0.427960290,-0.204813247,-0.345480340
-0.432028818,-0.228411048,-0.349368261
-0.435301899,-0.252220425,-0.352674089
-0.437772645,-0.276200576,-0.355390461
-0.439414323,-0.300312904,-0.357495312
-0.440254987,-0.324510530,-0.359007003
-0.440288974,-0.348752807,-0.359919064
-0.439512971,-0.372998150,-0.360226728
-0.437926183,-0.397204325,-0.359927073
-0.435530478,-0.421328799,-0.359019150
-0.432330496,-0.445329135,-0.357504092
-0.428333717,-0.469163436,-0.355385190
-0.423550472,-0.492790831,-0.352667929
-0.417993891,-0.516171997,-0.349359975
-0.411679779,-0.539269701,-0.345471117
-0.404626396,-0.562049352,-0.341013131
-0.396794187,-0.584445726,-0.335952983
-0.388242634,-0.606440988,-0.330334154
-0.379007835,-0.628013874,-0.324182487
-0.369041404,-0.649084773,-0.317457625
-0.358410160,-0.669649839,-0.310209306
-0.347135208,-0.689680498,-0.302451816
-0.335188287,-0.709097320,-0.294159884
-0.322665232,-0.727941270,-0.285407316
-0.309496186,-0.746082746,-0.276135152
-0.295799090,-0.763599362,-0.266435648
-0.281511667,-0.780354272,-0.256255163
-0.266727390,-0.796411250,-0.245666947
-0.251432385,-0.811685818,-0.234656296
-0.235659331,-0.826161326,-0.223246844
-0.219471154,-0.839879505,-0.211487859
-0.202817713,-0.852663862,-0.199332811
-0.185804404,-0.864649819,-0.186867567
-0.168433896,-0.875762986,-0.174090366
-0.150712148,-0.885917985,-0.161001364
-0.132710418,-0.895213873,-0.147659011
-0.114439919,-0.903578811,-0.134068099
-0.095916940,-0.910934225,-0.120236891
-0.077201106,-0.917384096,-0.106215370
-0.058317698,-0.922903221,-0.092021242
-0.039278308,-0.927335234,-0.077655345
-0.020138223,-0.930830885,-0.063166766
-0.000925923,-0.933383805,-0.048576568
0.018331392,-0.934878938,-0.033899393
0.037596903,-0.935361265,-0.019165148
0.056839217,-0.934891684,-0.004400469
0.076027911,-0.933454090,0.010372607
0.095116980,-0.930913399,0.025126321
0.114087609,-0.927428398,0.039838564
0.132911390,-0.923004859,0.054487709
0.151538638,-0.917552796,0.069040975
0.169940527,-0.911108658,0.083474882
0.188103937,-0.903755323,0.097775419
0.205991355,-0.895472476,0.111915442
0.223537641,-0.886174143,0.125850370
0.240759067,-0.876011746,0.139584820
0.257628607,-0.864996556,0.153097946
0.274048648,-0.852996521,0.166323118
0.290064826,-0.840192215,0.179285541
0.305643361,-0.826584157,0.191959849
0.320689234,-0.812080046,0.204279390
0.335261633,-0.796844409,0.216280350
0.349287968,-0.780829346,0.227910693
0.362741023,-0.764059483,0.239148801
0.375653379,-0.746631691,0.250014296
0.387896425,-0.728453387,0.260415395
0.399573140,-0.709690045,0.270421094
0.410545811,-0.690256959,0.279932421
0.420905653,-0.670287582,0.289011149
0.430527168,-0.649726695,0.297566032
0.439508835,-0.628696457,0.305664848
0.447702660,-0.607141254,0.313199557
0.455211213,-0.585174802,0.320241425
0.461961805,-0.562796572,0.326736118
0.467938956,-0.540046648,0.332670159
0.473174906,-0.516981927,0.338064966
0.477627099,-0.493626689,0.342887588
0.481265824,-0.470016893,0.347114144
0.484124559,-0.446205603,0.350767189
0.486190898,-0.422230357,0.353835723
0.487455276,-0.398130766,0.356310782
0.487911077,-0.373947947,0.358185548
0.487554654,-0.349723980,0.359455388
0.486385299,-0.325501401,0.360117849
0.484405136,-0.301322739,0.360172607
0.481618989,-0.277230103,0.359621375
0.478034208,-0.253264830,0.358467793
0.473660471,-0.229467176,0.356717287
0.468495623,-0.205880546,0.354366299
0.462531190,-0.182552533,0.351406357
0.455815879,-0.159510166,0.347872616
0.448315386,-0.136812842,0.343736743
0.440085375,-0.114480443,0.339039372
0.431098244,-0.092574517,0.333757014
0.421393328,-0.071121295,0.327917743
0.410984029,-0.050160360,0.321529597
0.399883561,-0.029732630,0.314600348
0.388109250,-0.009876908,0.307140843
0.375681809,0.009370514,0.299164478
0.362624685,0.027976091,0.290686700
0.348959670,0.045904493,0.281721495
0.334700602,0.063109142,0.272276153
0.319887311,0.079575493,0.262378807
0.304534602,0.095256015,0.252036972
0.288673071,0.110123128,0.241270708
0.272333161,0.124149676,0.230099704
0.255543847,0.137305184,0.218542023
0.238336744,0.149563012,0.206617536
0.220741756,0.160890403,0.194344005
0.202794230,0.171265542,0.181743466
0.184530240,0.180668021,0.168838107
0.165985514,0.189075079,0.155649169
0.147195907,0.196458937,0.142196950
0.128202136,0.202809284,0.128506146
0.109043722,0.208108925,0.114599428
0.089761545,0.212344406,0.100500182
0.070397147,0.215498374,0.086231245
0.050993764,0.217565800,0.071817342
0.031594643,0.218545404,0.057283184
0.012244110,0.218421758,0.042652108
-0.007014301,0.217205925,0.027949661
-0.026135102,0.214889066,0.013199990
-0.045075862,0.211487637,-0.001571784
-0.063789969,0.206995106,-0.016340892
-0.082237652,0.201437324,-0.031082696
-0.100372605,0.194813218,-0.045771874
-0.118158184,0.187153706,-0.060384655
-0.135548440,0.178461390,-0.074895042
-0.152509685,0.168770349,-0.089279939
-0.169004136,0.158101552,-0.103515074
-0.184993876,0.146475703,-0.117575676
-0.200446250,0.133922560,-0.131438419
-0.215330766,0.120473452,-0.145080541
-0.229613849,0.106154046,-0.158477658
-0.243269480,0.091000007,-0.171608063
-0.256276158,0.075050262,-0.184451870
-0.268598610,0.058326911,-0.196982590
-0.280225307,0.040877877,-0.209184286
-0.291131712,0.022735313,-0.221034807
-0.301294769,0.003933103,-0.232512242
-0.310698946,-0.015488704,-0.243598164
-0.319326193,-0.035492792,-0.254272619
-0.327167642,-0.056035986,-0.264520411
-0.334217336,-0.077075200,-0.274328089
-0.340441605,-0.098583191,-0.283666215
-0.345854559,-0.120506237,-0.292532460
-0.350443966,-0.142806488,-0.300909534
-0.354190495,-0.165447943,-0.308775442
-0.357099059,-0.188384798,-0.316122758
-0.359169084,-0.211574753,-0.322940915
-0.360387349,-0.234978747,-0.329211130
-0.360757815,-0.258552883,-0.334925466
-0.360293389,-0.282253382,-0.340082253
-0.358990950,-0.306039909,-0.344669320
-0.356838412,-0.329870669,-0.348667768
-0.353866359,-0.353703296,-0.352088622
-0.350065312,-0.377496011,-0.354914772
-0.345436633,-0.401206033,-0.357136482
-0.340011296,-0.424794792,-0.358765952
-0.333794019,-0.448221569,-0.359796313
-0.326792023,-0.471445276,-0.360222369
-0.319003869,-0.494420583,-0.360031754
-0.310461483,-0.517113062,-0.359238369
-0.301181017,-0.539484551,-0.357844060
-0.291172914,-0.561493809,-0.355845881
-0.280447458,-0.583097616,-0.353240291
-0.269035407,-0.604264773,-0.350041206
-0.256961536,-0.624962665,-0.346257978
-0.244252412,-0.645161762,-0.341902003
-0.230925082,-0.664825593,-0.336976238
-0.216966434,-0.683883054,-0.331453734
-0.202453795,-0.702353229,-0.325393867
-0.187402190,-0.720199327,-0.318798119
-0.171796091,-0.737335261,-0.311634150
-0.155727613,-0.753820204,-0.303981773
-0.139160335,-0.769532210,-0.295785006
-0.122176768,-0.784529085,-0.287116551
-0.104766262,-0.798716693,-0.277945570
-0.086992639,-0.812136083,-0.268327409
-0.068851724,-0.824688385,-0.258234663
-0.050416993,-0.836458973,-0.247740497
-0.031667784,-0.847277181,-0.236788094
-0.012687230,-0.857286970,-0.225471956
0.006526517,-0.866344665,-0.213755289
0.025925366,-0.874497160,-0.201683789
0.045469215,-0.881783691,-0.189295599
0.065148320,-0.888014978,-0.176550907
0.084907226,-0.893356622,-0.163529961
0.104718145,-0.897777532,-0.150244819
0.124550020,-0.901128560,-0.136680726
0.144366393,-0.903561943,-0.122901155
0.164138107,-0.905071897,-0.108925394
0.183817361,-0.905488099,-0.094745373
0.203383326,-0.904965595,-0.080414161
0.222807484,-0.903512954,-0.065954148
0.242039880,-0.901035967,-0.051377586
0.261049288,-0.897559882,-0.036712908
0.279821241,-0.893163547,-0.021989863
0.298325262,-0.887846550,-0.007230019
0.316479782,-0.881468150,0.007543375
0.334304940,-0.874195717,0.022303317
0.351774036,-0.866040426,0.037028064
0.368823915,-0.856937474,0.051688713
0.385423045,-0.846903513,0.066258735
0.401582369,-0.836033410,0.080722492
0.417272675,-0.824335205,0.095057235
0.432387077,-0.811699430,0.109214001
0.446986420,-0.798288620,0.123195934
0.461050283,-0.784124180,0.136983241
0.474466312,-0.769114013,0.150518800
0.487283280,-0.753378003,0.163807705
0.499503473,-0.736965870,0.176839327
0.511002584,-0.719795374,0.189545637
0.521848068,-0.701987161,0.201944828
0.532032501,-0.683577573,0.214022683
0.541428494,-0.664504504,0.225704047
0.550151764,-0.644908819,0.237036422
0.558095124,-0.624753835,0.247952755
0.565286382,-0.604103088,0.258457177
0.571718175,-0.582994929,0.268535057
0.577335862,-0.561440134,0.278144998
0.582192290,-0.539509336,0.287307177
0.586209565,-0.517206400,0.295965420
0.589440256,-0.494596533,0.304141054
0.591845273,-0.471703780,0.311800501
0.593415500,-0.448568734,0.318927396
0.594205520,-0.425243206,0.325547798
0.594103167,-0.401744905,0.331577917
0.593201821,-0.378133109,0.337069506
0.591495597,-0.354443344,0.342009769
0.588936416,-0.330713304,0.346355504
0.585550291,-0.306987365,0.350114392
0.581358633,-0.283305544,0.353291918
0.576361903,-0.259708082,0.355878685
0.570563804,-0.236236043,0.357867404
0.563971183,-0.212930773,0.359252954
0.556593870,-0.189833407,0.360032386
0.548444474,-0.166984434,0.360204888
0.539538150,-0.144423325,0.359771699
0.529892342,-0.122188213,0.358736006
0.519526518,-0.100315646,0.357102815
0.508441380,-0.078853436,0.354861119
0.496658752,-0.057838884,0.352017401
0.484222638,-0.037291712,0.348598082
0.471112418,-0.017280526,0.344572006
0.457392666,0.002194040,0.339984725
0.443050798,0.021064210,0.334810916
0.428131680,0.039314768,0.329078583
0.412658594,0.056911157,0.322795726
0.396654486,0.073816827,0.315969559
0.380145855,0.089998316,0.308610470
0.363161928,0.105425469,0.300731483
0.345733952,0.120071504,0.292347756
0.327894591,0.133912988,0.283476135
0.309666398,0.146902863,0.274120340
0.291092860,0.159040350,0.264310081
0.272198157,0.170275977,0.254049170
0.253023216,0.180604267,0.243363889
0.233601522,0.189997991,0.232269572
0.213969031,0.198434749,0.220784147
0.194163304,0.205896603,0.208927419
0.174222851,0.212369677,0.196720498
0.154185742,0.217828454,0.184180675
0.134092717,0.222269869,0.171332484
0.113984183,0.225671916,0.158194660
0.093901608,0.228033498,0.144791707
0.073887007,0.229343465,0.131145213
0.053983188,0.229595261,0.117277928
0.034233291,0.228786363,0.103213332
0.014680463,0.226917783,0.088975334
-0.004632328,0.223993511,0.074588039
-0.023658273,0.220006770,0.060074318
-0.042357984,0.214979399,0.045460197
-0.060685281,0.208911887,0.030769350
-0.078600468,0.201824360,0.016026913
-0.096058632,0.193724976,0.001257422
-0.113024025,0.184641929,-0.013514209
-0.129450817,0.174583975,-0.028262943
-0.145309501,0.163588799,-0.042964510
-0.160554854,0.151667897,-0.057593228
-0.175161697,0.138862608,-0.072125650
-0.189091770,0.125194710,-0.086536399
-0.202316556,0.110698498,-0.100801432
-0.214809978,0.095409624,-0.114897167
-0.226545240,0.079361886,-0.128799670
-0.237498316,0.062591162,-0.142485396
-0.247648524,0.045135448,-0.155931479
-0.256979231,0.027034838,-0.169116143
-0.265466877,0.008323574,-0.182014997
-0.273103604,-0.010953580,-0.194608730
-0.279869848,-0.030760638,-0.206873675
-0.285761980,-0.051052652,-0.218791969
-0.290767622,-0.071790671,-0.230342256
-0.294878098,-0.092934046,-0.241504377
-0.298089130,-0.114440691,-0.252259923
-0.300401633,-0.136267520,-0.262592926
-0.301808662,-0.158374750,-0.272483625
-0.302308875,-0.180720599,-0.281914637
-0.301906558,-0.203262616,-0.290871529
-0.300611208,-0.225958267,-0.299342838
-0.298420578,-0.248767438,-0.307310713
-0.295334580,-0.271648932,-0.314758040
-0.291370993,-0.294560757,-0.321678243
-0.286526329,-0.317461687,-0.328051880
-0.280820111,-0.340310658,-0.333873648
-0.274271825,-0.363068477,-0.339138944
-0.266891150,-0.385695705,-0.343836977
-0.258673259,-0.408148100,-0.347945951
-0.249665520,-0.430394251,-0.351481585
-0.239857731,-0.452387747,-0.354417797
-0.229277541,-0.474092917,-0.356756325
-0.217957496,-0.495478113,-0.358503626
-0.205912369,-0.516505160,-0.359652441
-0.193143162,-0.537125873,-0.360182770
-0.179690088,-0.557313620,-0.360107911
-0.165579376,-0.577035584,-0.359429935
-0.150835694,-0.596258278,-0.358149669
-0.135485791,-0.614950095,-0.356270033
-0.119557069,-0.633080429,-0.353794783
-0.103057176,-0.650595121,-0.350705480
-0.086035900,-0.667485137,-0.347028877
-0.068526707,-0.683728024,-0.342775969
-0.050563603,-0.699305044,-0.337959682
-0.032155940,-0.714155793,-0.332560006
-0.013343027,-0.728261436,-0.326593112
0.005820924,-0.741644884,-0.320102159
0.025334802,-0.754214348,-0.313048716
0.045143660,-0.765994025,-0.305476966
0.065214295,-0.776970779,-0.297401792
0.085525609,-0.787072647,-0.288805567
0.106023493,-0.796365099,-0.279749565
0.126691737,-0.804733433,-0.270194969
0.147479217,-0.812262536,-0.260209494
0.168359337,-0.818860445,-0.249770437
0.189292675,-0.824561251,-0.238916678
0.210243490,-0.829370012,-0.227672478
0.231175057,-0.833192699,-0.216020540
0.252056758,-0.836155729,-0.204033617
0.272842553,-0.838120190,-0.191681091
0.293503727,-0.839156570,-0.179010747
0.314015715,-0.839314303,-0.166058841
0.334311472,-0.838434326,-0.152799211
0.354383872,-0.836650838,-0.139293399
0.374207533,-0.833985521,-0.125566370
0.393705917,-0.830307243,-0.111609750
0.412876156,-0.825719884,-0.097469548
0.431700562,-0.820263620,-0.083173842
0.450115416,-0.813871088,-0.068733470
0.468082348,-0.806544282,-0.054173084
0.485611277,-0.798377325,-0.039526619
0.502675547,-0.789381771,-0.024815533
0.519157986,-0.779428883,-0.010057698
0.535115676,-0.768676947,0.004714885
0.550526300,-0.757144887,0.019480307
0.565320456,-0.744792289,0.034212717
0.579456476,-0.731623565,0.048884380
0.592972715,-0.717736895,0.063477278
0.605849543,-0.703153750,0.077970088
0.617949564,-0.687782209,0.092316713
0.629362243,-0.671760875,0.106513635
0.640078118,-0.655120962,0.120541694
0.649992954,-0.637818284,0.134355050
0.659128914,-0.619916624,0.147940301
0.667523924,-0.601484113,0.161291974
0.675079753,-0.582494247,0.174360440
0.681806285,-0.562996317,0.187130863
0.687762018,-0.543062820,0.199608681
0.692814231,-0.522662571,0.211724892
0.697042935,-0.501875907,0.223494946
0.700450680,-0.480740404,0.234904466
0.702928024,-0.459251902,0.245887415
0.704617298,-0.437499556,0.256494134
0.705358959,-0.415472060,0.266630598
0.705292632,-0.393245347,0.276351097
0.704305769,-0.370832411,0.285580430
0.702497254,-0.348288348,0.294356500
0.699769628,-0.325639380,0.302607870
0.696247406,-0.302933685,0.310391261
0.691784154,-0.280204347,0.317602032
0.686522972,-0.257493171,0.324311126
0.680415150,-0.234837700,0.330472540
0.673448008,-0.212282206,0.336059759
0.665686630,-0.189857898,0.341099926
0.657131834,-0.167602354,0.345577723
0.647742428,-0.145569710,0.349444858
0.637583432,-0.123786443,0.352730467
0.626669675,-0.102289698,0.355428124
0.615014733,-0.081117942,0.357530080
0.602635336,-0.060309214,0.359030732
0.589551100,-0.039900676,0.359926641
0.575784224,-0.019928233,0.360216504
0.561359167,-0.000426217,0.359901086
0.546302320,0.018572867,0.358983119
0.530641685,0.037038527,0.357467179
0.514383044,0.054917088,0.355334344
0.497572406,0.072193944,0.352607008
0.480248673,0.088852399,0.349302271
0.462407444,0.104817755,0.345386051
0.444115826,0.120111706,0.340908996
0.425377900,0.134664309,0.335844217
0.406240668,0.148471815,0.330219158
0.386735775,0.161507416,0.324042026
0.366894547,0.173741210,0.317319459
0.346751073,0.185147205,0.310061373
0.326341329,0.195703339,0.302280405
0.305702455,0.205391370,0.293991408
0.284872158,0.214196704,0.285210997
0.263886042,0.222091172,0.275948581
0.242783094,0.229062116,0.266222029
0.221602136,0.235092387,0.256046977
0.200382673,0.240174834,0.245443499
0.179164244,0.244291285,0.234426694
0.157987575,0.247428970,0.223014344
0.136893821,0.249579936,0.211226184
0.115924008,0.250740478,0.199083309
0.095118650,0.250910601,0.186607696
0.074523198,0.250070234,0.173814988
0.054176011,0.248236294,0.160732262
0.034121732,0.245400419,0.147378687
0.014403811,0.241564221,0.133776474
-0.004936786,0.236738055,0.119949688
-0.023857745,0.230929651,0.105921430
-0.042314191,0.224143808,0.091714285
-0.060266527,0.216398156,0.077353060
-0.077675831,0.207711452,0.062862240
-0.094497375,0.198094287,0.048265248
-0.110696019,0.187573474,0.033587292
-0.126231187,0.176168362,0.018852748
-0.141069787,0.163908599,0.004086551
-0.155172587,0.150816908,-0.010686530
-0.168513996,0.136931050,-0.025441766
-0.181054024,0.122274064,-0.040153917
-0.192775180,0.106890171,-0.054798970
-0.203640990,0.090806282,-0.069351295
-0.213635857,0.074066201,-0.083787280
-0.222738769,0.056708092,-0.098082822
-0.230924345,0.038767189,-0.112212653
-0.238181378,0.020287205,-0.126153794
-0.244497145,0.001309607,-0.139883018
-0.249861417,-0.018123780,-0.153377543
-0.254257456,-0.037974349,-0.166612485
-0.257686974,-0.058196323,-0.179567722
-0.260146950,-0.078747436,-0.192222029
-0.261628956,-0.099587435,-0.204552090
-0.262133832,-0.120673664,-0.216537351
-0.261667484,-0.141963209,-0.228159113
-0.260231757,-0.163414826,-0.239397166
-0.257833028,-0.184987008,-0.250232981
-0.254482849,-0.206638589,-0.260650384
-0.250171918,-0.228329434,-0.270623351
-0.244935017,-0.250018531,-0.280146488
-0.238763093,-0.271665594,-0.289193310
-0.231688297,-0.293232249,-0.297758163
-0.223719337,-0.314679488,-0.305823510
-0.214868446,-0.335968203,-0.313373322
-0.205151654,-0.357059689,-0.320393507
-0.194589010,-0.377916267,-0.326872387
-0.183204720,-0.398502058,-0.332801220
-0.171027174,-0.418783923,-0.338174772
-0.158077659,-0.438726989,-0.342983347
-0.144360018,-0.458285907,-0.347202820
-0.129933613,-0.477445464,-0.350852970
-0.114790836,-0.496152261,-0.353899496
-0.098980205,-0.514387346,-0.356354778
-0.082535252,-0.532124695,-0.358219939
-0.065470991,-0.549322605,-0.359478204
-0.047813869,-0.565946319,-0.360122263
-0.029608142,-0.581979759,-0.360164083
-0.010884341,-0.597394588,-0.359602008
0.008325148,-0.612164405,-0.358436387
0.027986337,-0.626265094,-0.356669659
0.048063957,-0.639675162,-0.354306390
0.068522295,-0.652375115,-0.351352520
0.089342122,-0.664306178,-0.347783524
0.110468952,-0.675484304,-0.343634733
0.131864613,-0.685899437,-0.338918718
0.153491845,-0.695545364,-0.333649828
0.175332950,-0.704323380,-0.327779928
0.197328516,-0.712304678,-0.321378475
0.219445644,-0.719474294,-0.314452728
0.241653645,-0.725736832,-0.306962744
0.263905451,-0.731204015,-0.298995321
0.286167311,-0.735736927,-0.290487047
0.308401220,-0.739452998,-0.281523641
0.330563802,-0.742231465,-0.272056774
0.352628503,-0.744188791,-0.262166098
0.374537495,-0.745179608,-0.251796172
0.396282332,-0.745362532,-0.241042094
0.417788539,-0.744572867,-0.229845405
0.439053010,-0.742943370,-0.218283796
0.460027781,-0.740433184,-0.206357056
0.480657951,-0.736996078,-0.194065252
0.500951068,-0.732746196,-0.181470254
0.520826514,-0.727584805,-0.168554473
0.540266278,-0.721558283,-0.155353276
0.559270298,-0.714736250,-0.141906676
0.577750674,-0.707033689,-0.128208509
0.595694253,-0.698497869,-0.114292311
0.613109002,-0.689198903,-0.100194493
0.629928668,-0.679099427,-0.085925764
0.646092340,-0.668179138,-0.071504046
0.661642151,-0.656542429,-0.056968858
0.676554142,-0.644205896,-0.042341378
0.690692117,-0.631077516,-0.027634895
0.704131189,-0.617282315,-0.012884767
0.716861074,-0.602851171,0.001886260
0.728812468,-0.587766252,0.016654760
0.739929074,-0.572027747,0.031393266
0.750277525,-0.555728496,0.046080799
0.759842807,-0.538893318,0.060695796
0.768484309,-0.521472067,0.075198758
0.776291130,-0.503561379,0.089577443
0.783274172,-0.485202111,0.103813668
0.789347400,-0.466386518,0.117870091
0.794494925,-0.447146770,0.131720512
0.798793159,-0.427552679,0.145361950
0.802181344,-0.407614456,0.158759034
0.804597708,-0.387348497,0.171872352
0.806154974,-0.366826960,0.184715221
0.806775110,-0.346062354,0.197242578
0.806436844,-0.325086990,0.209425560
0.805245458,-0.303956688,0.221283260
0.803056934,-0.282684733,0.232738156
0.799990061,-0.261322814,0.243818282
0.796015204,-0.239903495,0.254490596
0.791103334,-0.218462134,0.264720762
0.785342058,-0.197035885,0.274530029
0.778631259,-0.175665517,0.283846479
0.771100723,-0.154379256,0.292716958
0.762651983,-0.133226294,0.301065550
0.753387914,-0.112230242,0.308928701
0.743275943,-0.091434832,0.316265618
0.732332781,-0.070878957,0.323062213
0.720627626,-0.050579437,0.329342491
0.708094301,-0.030603388,0.335036030
0.694814067,-0.010963680,0.340174971
0.680813294,0.008310658,0.344755589
0.666099750,0.027179609,0.348758867
0.650668455,0.045589162,0.352151634
0.634582613,0.063530023,0.354959343
0.617864603,0.080968645,0.357173798
0.600539817,0.097872611,0.358788921
0.582636285,0.114211010,0.359800786
0.564184294,0.129954746,0.360207603
0.545215987,0.145076773,0.360009658
0.525764983,0.159552269,0.359209226
0.505864533,0.173356273,0.357808323
0.485533101,0.186436103,0.355786012
0.464825973,0.198802277,0.353175195
0.443777863,0.210434508,0.349981243
0.422408654,0.221271260,0.346178849
0.400774437,0.231342171,0.341812131
0.378898461,0.240584801,0.336856851
0.356826796,0.249006268,0.331339383
0.334597112,0.256589817,0.325268396
0.312247232,0.263314068,0.318649938
0.289816772,0.269162174,0.311493432
0.267346256,0.274121629,0.303811114
0.244876414,0.278183978,0.295617522
0.222447635,0.281344496,0.286929026
0.200100258,0.283596550,0.277760735
0.177878027,0.284915034,0.268118639
0.155819203,0.285317451,0.258030250
0.133966141,0.284792751,0.247508476
0.112363313,0.283329895,0.236566912
0.091049636,0.280939957,0.225228896
0.070066683,0.277624296,0.213513101
0.049460006,0.273377392,0.201435666
0.029267734,0.268213773,0.189020381
0.009529956,0.262143037,0.176288665
-0.009707430,0.255165889,0.163258891
-0.028406041,0.247299015,0.149954694
-0.046526374,0.238557463,0.136398722
-0.064027610,0.228955710,0.122613268
-0.080870658,0.218512148,0.108621524
-0.097018212,0.207248443,0.094447223
-0.112434748,0.195189014,0.080114391
-0.127077032,0.182351799,0.065645867
-0.140919716,0.168773274,0.051067476
-0.153925851,0.154479169,0.036403086
-0.166066165,0.139502671,0.021677487
-0.177310779,0.123876914,0.006915411
-0.187636436,0.107639777,-0.007858302
-0.197013574,0.090825369,-0.022618731
-0.205429101,0.073477429,-0.037341326
-0.212853960,0.055630877,-0.052000749
-0.219282310,0.037331981,-0.066573081
-0.224694404,0.018619946,-0.081033247
-0.229080105,-0.000462131,-0.095356870
-0.232435354,-0.019869900,-0.109520418
-0.234753038,-0.039560797,-0.123499829
-0.236029312,-0.059491800,-0.137271337
-0.236264066,-0.079619643,-0.150811723
-0.235461493,-0.099901144,-0.164098668
-0.233630713,-0.120293669,-0.177111241
-0.230760838,-0.140756386,-0.189822438
-0.226882548,-0.161246735,-0.202217440
-0.221992656,-0.181724371,-0.214271087
-0.216105434,-0.202148903,-0.225963510
-0.209239562,-0.222481239,-0.237276672
-0.201411521,-0.242683079,-0.248191935
-0.192632309,-0.262715431,-0.258688087
-0.182921667,-0.282540777,-0.268747410
-0.172316230,-0.302127438,-0.278361187
-0.160808580,-0.321431074,-0.287497938
-0.148447240,-0.340425029,-0.296155640
-0.135251674,-0.359074358,-0.304317282
-0.121243380,-0.377344451,-0.311966576
-0.106447388,-0.395201992,-0.319089096
-0.090892325,-0.412615596,-0.325672740
-0.074610363,-0.429556574,-0.331708255
-0.057637025,-0.445999822,-0.337189792
-0.040003085,-0.461918045,-0.342108470
-0.021722075,-0.477266884,-0.346438389
-0.002859225,-0.492050591,-0.350202772
0.016586311,-0.506208135,-0.353359834
0.036553362,-0.519744208,-0.355931785
0.057007402,-0.532637460,-0.357914811
0.077931765,-0.544837758,-0.359279945
0.099276079,-0.556342791,-0.360041245
0.121001145,-0.567136741,-0.360200102
0.143070226,-0.577199755,-0.359754396
0.165445218,-0.586514273,-0.358703999
0.188086972,-0.595065307,-0.357050864
0.210955680,-0.602840689,-0.354799077
0.234011322,-0.609831296,-0.351954873
0.257215074,-0.616024340,-0.348521629
0.280530282,-0.621371687,-0.344477997
0.303909928,-0.625909641,-0.339863348
0.327315652,-0.629641259,-0.334691732
0.350708897,-0.632535426,-0.328954012
0.374045052,-0.634561441,-0.322643241
0.397291654,-0.635790065,-0.315817740
0.420399232,-0.636141753,-0.308438856
0.443334177,-0.635663991,-0.300549455
0.466059619,-0.634356331,-0.292160796
0.488524652,-0.632186545,-0.283266925
0.510709486,-0.629211394,-0.273912711
0.532554139,-0.625380879,-0.264082971
0.554040097,-0.620745159,-0.253817696
0.575124794,-0.615300462,-0.243127724
0.595756337,-0.609026279,-0.232015438
0.615954338,-0.602026147,-0.220545207
0.635581286,-0.594150871,-0.208658742
0.654705439,-0.585567535,-0.196448383
0.673259214,-0.576238408,-0.183909756
0.691169049,-0.566129535,-0.171042958
0.708482843,-0.555350399,-0.157907507
0.725121020,-0.543862692,-0.144502442
0.741029105,-0.531662719,-0.130842478
0.756255994,-0.518843292,-0.116975464
0.770745569,-0.505396331,-0.102913647
0.784397654,-0.491286314,-0.088664505
0.797294142,-0.476619942,-0.074274927
0.809414711,-0.461418281,-0.059765728
0.820615747,-0.445628439,-0.045146294
0.830976148,-0.429341253,-0.030453641
0.840503114,-0.412595711,-0.015712104
0.849133139,-0.395393862,-0.000943203
0.856792939,-0.377739671,0.013827140
0.863576306,-0.359712452,0.028574488
0.869473364,-0.341339426,0.043277129
0.874348578,-0.322607613,0.057900986
0.878283166,-0.303581744,0.072427600
0.881309002,-0.284303387,0.086838694
0.883363631,-0.264789221,0.101103100
0.884391276,-0.245063500,0.115186597
0.884504009,-0.225182183,0.129086499
0.883682598,-0.205172703,0.142777995
0.881794169,-0.185056114,0.156204644
0.879001109,-0.164882027,0.169384033
0.875284395,-0.144679866,0.182290075
0.870521106,-0.124485003,0.194859729
0.864879531,-0.104329406,0.207124498
0.858292585,-0.084250261,0.219037798
0.850745773,-0.064285698,0.230569066
0.842362050,-0.044453207,0.241745329
0.832981074,-0.024819354,0.252470482
0.822789739,-0.005381336,0.262805637
0.811688413,0.013797428,0.272676078
0.799771743,0.032707677,0.282105501
0.787003087,0.051295790,0.291045833
0.773456763,0.069552490,0.299514332
0.759092259,0.087415544,0.307455868
0.744023583,0.104902212,0.314918336
0.728152742,0.121910465,0.321801361
0.711616023,0.138476396,0.328172719
0.694407280,0.154553075,0.333998620
0.676518093,0.170079790,0.339235210
0.658029054,0.185070454,0.343917558
0.638961856,0.199493849,0.348031411
0.619334431,0.213310428,0.351555685
0.599171618,0.226482248,0.354472591
0.578527103,0.239008619,0.356798785
0.557433186,0.250864654,0.358527725
0.535924430,0.262027539,0.359655000
0.514037201,0.272476748,0.360178337
0.491809225,0.282194182,0.360097542
0.469279167,0.291164252,0.359414429
0.446481692,0.299358191,0.358120616
0.423456548,0.306757311,0.356216166
0.400249587,0.313370845,0.353721983
0.376898844,0.319181677,0.350638635
0.353441316,0.324149097,0.346950375
0.329922551,0.328306142,0.342694080
0.306381347,0.331603571,0.337848755
0.282860417,0.334057973,0.332439176
0.259400392,0.335664259,0.326474739
0.236043318,0.336410922,0.319960885
0.212831912,0.336291378,0.312906526
0.189808738,0.335303547,0.305323484
0.167015570,0.333449395,0.297225965
0.144492927,0.330734477,0.288630085
0.122279742,0.327167480,0.279553447
0.100426003,0.322731805,0.269999772
0.078961780,0.317458736,0.259998849
0.057940521,0.311330506,0.249554193
0.037394911,0.304372352,0.238691804
0.017366310,0.296592668,0.227428623
-0.002105098,0.288003293,0.215783217
-0.020981271,0.278620037,0.203775812
-0.039217092,0.268451345,0.191423267
-0.056781094,0.257523274,0.178749913
-0.073632488,0.245851841,0.165775470
-0.089739094,0.233462839,0.152523296
-0.105061049,0.220375724,0.139014030
-0.119563655,0.206616210,0.125270475
-0.133216489,0.192214112,0.111316477
-0.145983949,0.177196364,0.097174674
-0.157839949,0.161597355,0.082869695
-0.168758703,0.145451747,0.068425794
-0.178708600,0.128791829,0.053866499
-0.187668264,0.111656141,0.039216637
-0.195616766,0.094083649,0.024500874
-0.202533641,0.076113858,0.009743857
-0.208402496,0.057788251,-0.005029532
-0.213212517,0.039149972,-0.019794511
-0.216946952,0.020240698,-0.034526066
-0.219605772,0.001105938,-0.049199785
-0.221175653,-0.018211789,-0.063790443
-0.221660146,-0.037667355,-0.078273939
-0.221062059,-0.057216796,-0.092626329
-0.219374403,-0.076816925,-0.106822027
-0.216610896,-0.096424012,-0.120838194
-0.212779708,-0.115995608,-0.134651286
-0.207891767,-0.135490045,-0.148238172
-0.201961135,-0.154866704,-0.161576356
-0.194992524,-0.174083848,-0.174640534
-0.187018701,-0.193105199,-0.187413006
-0.178046182,-0.211890377,-0.199868596
-0.168106565,-0.230405447,-0.211989946
-0.157217062,-0.248613647,-0.223755069
-0.145398487,-0.266479325,-0.235142878
-0.132675580,-0.283968523,-0.246133663
-0.119077289,-0.301049730,-0.256709690
-0.104636979,-0.317694825,-0.266855943
-0.089381365,-0.333873209,-0.276554427
-0.073335450,-0.349552727,-0.285785551
-0.056533677,-0.364707609,-0.294535401
-0.039013419,-0.379315393,-0.302792671
-0.020803980,-0.393348107,-0.310540826
-0.001937729,-0.406779861,-0.317765116
0.017549990,-0.419587463,-0.324453035
0.037621079,-0.431751132,-0.330594832
0.058235080,-0.443255285,-0.336184061
0.079354506,-0.454082362,-0.341212392
0.100955842,-0.464191660,-0.345652679
0.122974707,-0.473607941,-0.349530993
0.145400890,-0.482263779,-0.352798782
0.168170488,-0.490191090,-0.355487293
0.191249544,-0.497367339,-0.357583942
0.214608037,-0.503749889,-0.359060817
0.238193560,-0.509359596,-0.359939584
0.261966618,-0.514184081,-0.360215809
0.285886591,-0.518213290,-0.359886915
0.309912048,-0.521439704,-0.358952295
0.334001120,-0.523858526,-0.357413415
0.358111924,-0.525467839,-0.355273876
0.382203041,-0.526268715,-0.352539441
0.406234041,-0.526265263,-0.349218009
0.430162501,-0.525444991,-0.345305463
0.453941163,-0.523788625,-0.340793272
0.477537134,-0.521343042,-0.335720054
0.500916333,-0.518123488,-0.330101214
0.524015307,-0.514064604,-0.323896166
0.546813304,-0.509234489,-0.317157775
0.569280854,-0.503653973,-0.309905039
0.591338053,-0.497251402,-0.302094766
0.613009621,-0.490154516,-0.293818383
0.634182287,-0.482246255,-0.285003237
0.654904851,-0.473673149,-0.275751713
0.675050586,-0.464320493,-0.265994579
0.694689498,-0.454339344,-0.255834972
0.713665835,-0.443602651,-0.245198126
0.732063144,-0.432257615,-0.234182668
0.749773501,-0.420244841,-0.222758011
0.766792313,-0.407610101,-0.210958628
0.783144307,-0.394418358,-0.198829567
0.798658117,-0.380579990,-0.186325762
0.813450120,-0.366227734,-0.173531079
0.827468882,-0.351363360,-0.160453247
0.840588751,-0.335950328,-0.147080860
0.852913317,-0.320090861,-0.133476777
0.864409414,-0.303800788,-0.119656880
0.874921763,-0.287043776,-0.105613635
0.884578211,-0.269917515,-0.091403520
0.893362913,-0.252446783,-0.077046897
0.901137248,-0.234616818,-0.062550161
0.907968816,-0.216488210,-0.047949811
0.913887325,-0.198102256,-0.033272772
0.918840235,-0.179477184,-0.018539151
0.922736445,-0.160628784,-0.003772069
0.925694225,-0.141615265,0.011000079
0.927709187,-0.122465225,0.025755518
0.928657510,-0.103197574,0.040464714
0.928608369,-0.083854609,0.055104937
0.927612839,-0.064470786,0.069657011
0.925633420,-0.045075998,0.084094058
0.922580402,-0.025706778,0.098377743
0.918594152,-0.006392406,0.112503912
0.913682331,0.012838656,0.126452412
0.907690631,0.031933120,0.140164397
0.900783095,0.050877728,0.153650577
0.892984480,0.069646886,0.166895073
0.884155489,0.088173375,0.179830602
0.874445288,0.106457314,0.192475943
0.863881272,0.124474609,0.204816675
0.852333084,0.142142551,0.216775172
0.839985951,0.159491439,0.228397115
0.826771701,0.176455854,0.239625501
0.812723564,0.193011002,0.250446149
0.797915112,0.209154743,0.260866721
0.782273902,0.224803439,0.270816215
0.765948492,0.240005892,0.280349441
0.748834197,0.254645416,0.289366907
0.731087284,0.268790305,0.297938828
0.712630051,0.282329480,0.305973284
0.693574398,0.295308239,0.313517907
0.673912235,0.307668631,0.320528864
0.653675862,0.319383384,0.326990114
0.632932488,0.330473560,0.332925753
0.611675428,0.340866017,0.338280943
0.589959010,0.350562533,0.343063927
0.567830901,0.359565064,0.347282246
0.545322755,0.367850745,0.350923089
0.522465497,0.375389335,0.353968119
0.499296666,0.382157926,0.356405274
0.475864963,0.388165368,0.358247351
0.452209208,0.393398239,0.359489468
0.428369478,0.397845771,0.360128864
0.404386640,0.401499880,0.360164871
0.380301911,0.404355151,0.359598836
0.356155662,0.406378279,0.358411442
0.331992446,0.407591504,0.356624856
0.307853166,0.407998927,0.354247401
0.283779946,0.407586874,0.351274445
0.259817359,0.406340241,0.347700608
0.236002575,0.404291761,0.343554797
0.212384539,0.401409672,0.338819869
0.189001006,0.397718175,0.333518458
0.165892009,0.393224529,0.327660961
0.143101265,0.387927854,0.321252191
0.120673231,0.381829837,0.314298875
0.098646069,0.374946460,0.306817387
0.077063747,0.367282678,0.298816604
0.055963063,0.358856550,0.290314037
0.035379739,0.349686358,0.281327089
0.015358829,0.339778366,0.271865283
-0.004064444,0.329152874,0.261947078
-0.022847306,0.317822385,0.251585852
-0.040959412,0.305813272,0.240803458
-0.058361488,0.293142993,0.229615934
-0.075017345,0.279833257,0.218041732
-0.090893940,0.265909124,0.206101026
-0.105961319,0.251398273,0.193815174
-0.120175333,0.236319875,0.181200268
-0.133521620,0.220713163,0.168283592
-0.145952691,0.204598124,0.155081024
-0.157452637,0.188013680,0.141618706
-0.167992249,0.170991831,0.127918395
-0.177545910,0.153567353,0.114002931
-0.186091314,0.135777149,0.099895825
-0.193609191,0.117659756,0.085620981
-0.200071915,0.099252345,0.071201226
-0.205473122,0.080598442,0.056662162
-0.209796738,0.061739241,0.042027866
-0.213028071,0.042717069,0.027322709
-0.215163593,0.023576219,0.012571709
-0.216194494,0.004360451,-0.002200483
-0.216119011,-0.014885619,-0.016968946
-0.214939909,-0.034117582,-0.031708944
-0.212655588,-0.053290839,-0.046395451
-0.209277732,-0.072361852,-0.061004092
-0.204812523,-0.091287077,-0.075510116
-0.199269339,-0.110023495,-0.089888784
-0.192668049,-0.128530698,-0.104116640
-0.185023076,-0.146767997,-0.118169526
-0.176351780,-0.164695822,-0.132023502
-0.166674738,-0.182276106,-0.145655055
-0.156016061,-0.199472791,-0.159041409
-0.144403716,-0.216252488,-0.172160959
-0.131861540,-0.232580866,-0.184990981
-0.118416031,-0.248425165,-0.197509255
-0.104097462,-0.263755455,-0.209694916
-0.088939964,-0.278545198,-0.221528878
-0.072972506,-0.292765355,-0.232990036
-0.056227356,-0.306389478,-0.244058608
-0.038740164,-0.319394491,-0.254716711
-0.020549928,-0.331761630,-0.264949092
-0.001681787,-0.343459161,-0.274731532
0.017814876,-0.354480159,-0.284056285
0.037915733,-0.364791340,-0.292897581
0.058571185,-0.374389273,-0.301249806
0.079746064,-0.383254321,-0.309096191
0.101402772,-0.391369573,-0.316421677
0.123501510,-0.398721405,-0.323213368
0.146000653,-0.405300098,-0.329461031
0.168857304,-0.411100491,-0.335157642
0.192030384,-0.416115954,-0.340295161
0.215487055,-0.420312392,-0.344845713
0.239171154,-0.423730514,-0.348835193
0.263055283,-0.426309655,-0.352216318
0.287085656,-0.428098784,-0.355021258
0.311225353,-0.429070410,-0.357226618
0.335432116,-0.429213372,-0.358820717
0.359661905,-0.428550675,-0.359817148
0.383873368,-0.427080236,-0.360211049
0.408024590,-0.424802484,-0.359999383
0.432073445,-0.421720494,-0.359181069
0.455977987,-0.417840080,-0.357757083
0.479696900,-0.413169846,-0.355730538
0.503189971,-0.407721183,-0.353106716
0.526418611,-0.401508200,-0.349893060
0.549346387,-0.394547579,-0.346099110
0.571920533,-0.386822496,-0.341708186
0.594103623,-0.378355977,-0.336734496
0.615876124,-0.369194200,-0.331210903
0.637196540,-0.359340902,-0.325136953
0.657993728,-0.348768884,-0.318486853
0.678289640,-0.337571500,-0.311331873
0.697996544,-0.325702855,-0.303631023
0.717114863,-0.313224229,-0.295430026
0.735602677,-0.300144670,-0.286732407
0.753419358,-0.286481193,-0.277547744
0.770549894,-0.272268581,-0.267900842
0.786956862,-0.257526288,-0.257803364
0.802600515,-0.242270986,-0.247264729
0.817507107,-0.226562388,-0.236331525
0.831544956,-0.210365963,-0.224967959
0.844823483,-0.193781540,-0.213256914
0.857203523,-0.176780285,-0.201166301
0.868721529,-0.159418265,-0.188740789
0.879412614,-0.141743887,-0.176019224
0.889096737,-0.123731982,-0.162969186
0.897901325,-0.105461378,-0.149659252
0.905824639,-0.086962400,-0.136111980
0.912693585,-0.068230880,-0.122311197
0.918636093,-0.049329950,-0.108313792
0.923657952,-0.030290795,-0.094143545
0.927637705,-0.011131802,-0.079805064
0.930617399,0.008106934,-0.065331536
0.932653134,0.027389867,-0.050753801
0.933707872,0.046687565,-0.036091106
0.933673184,0.065963871,-0.021362358
0.932687844,0.085188745,-0.006600506
0.930753111,0.104333273,0.008172701
0.927762210,0.123352449,0.022931605
0.923770380,0.142217836,0.037650747
0.918844489,0.160908533,0.052309440
0.912970347,0.179390965,0.066883611
0.906035697,0.197601304,0.081333922
0.898198704,0.215546131,0.095653390
0.889472441,0.233199192,0.109821377
0.879745529,0.250484556,0.123789425
0.869125265,0.267405056,0.137551583
0.857667714,0.283950956,0.151096351
0.845291402,0.300046105,0.164372869
0.832061793,0.315683405,0.177370913
0.818060810,0.330871672,0.190090931
0.803197018,0.345513840,0.202467182
0.787574964,0.359635001,0.214510605
0.771242273,0.373229185,0.226213177
0.754115776,0.386185172,0.237497976
0.736355947,0.398589362,0.248417612
0.717891948,0.410329468,0.258893462
0.698820136,0.421448579,0.268950563
0.679139464,0.431891298,0.278547623
0.658897143,0.441656588,0.287680382
0.638119714,0.450714956,0.296324872
0.616855362,0.459071292,0.304481202
0.595115838,0.466669724,0.312106827
0.572980609,0.473572545,0.319242416
0.550427698,0.479652932,0.325794978
0.527546414,0.484999317,0.331823985
0.504366013,0.489591772,0.337312469
0.480900536,0.493343881,0.342194996
0.457216288,0.496322611,0.346516732
0.433348919,0.498513731,0.350264528
0.409336663,0.499905776,0.353427120
0.385219566,0.500487780,0.355993499
0.361039419,0.500242698,0.357948015
0.336840187,0.499193082,0.359304378
0.312663085,0.497338464,0.360059350
0.288549499,0.494681191,0.360211784
0.264543424,0.491210662,0.359750708
0.240687048,0.486937207,0.358680878
0.217019832,0.481877726,0.357012136
0.193580623,0.476045250,0.354751481
0.170416494,0.469430459,0.351888674
0.147568736,0.462045047,0.348429531
0.125069556,0.453919170,0.344394240
0.102971379,0.445040829,0.339770138
0.081306274,0.435439896,0.334577154
0.060109899,0.425135558,0.328826968
0.039426384,0.414135956,0.322522374
0.019298485,0.402454324,0.315669986
-0.000244612,0.390119956,0.308289270
-0.019162832,0.377149388,0.300389308
-0.037416579,0.363561384,0.291980746
-0.054979807,0.349386947,0.283084205
-0.071820206,0.334650828,0.273715033
-0.087889563,0.319367629,0.263879597
-0.103170542,0.303574673,0.253603312
-0.117630108,0.287297993,0.242901735
-0.131234315,0.270564514,0.231790693
-0.143953361,0.253404553,0.220288511
-0.155761415,0.235850916,0.208415310
-0.166636372,0.217938182,0.196192443
-0.176557297,0.199701471,0.183641342
-0.185486647,0.181171928,0.170778383
-0.193418102,0.162390720,0.157629801
-0.200328981,0.143394608,0.144216451
-0.206199077,0.124222192,0.130560150
-0.211012441,0.104913833,0.116683816
-0.214756937,0.085511090,0.102611059
-0.217423836,0.066056306,0.088365881
-0.219007467,0.046592293,0.073972475
-0.219498250,0.027162582,0.059454477
-0.218892632,0.007811392,0.044836313
-0.217196373,-0.011417606,0.030142982
-0.214404682,-0.030479098,0.015398749
-0.210530420,-0.049330111,0.000628715
-0.205578106,-0.067926208,-0.014142403
-0.199560568,-0.086224592,-0.028889705
-0.192493470,-0.104183656,-0.043588485
-0.184391602,-0.121761591,-0.058213861
-0.175275593,-0.138919041,-0.072741280
-0.165171994,-0.155620035,-0.087146945
-0.154094621,-0.171822728,-0.101405100
-0.142077777,-0.187496167,-0.115492875
-0.129149007,-0.202607047,-0.129386531
-0.115337843,-0.217123981,-0.143062650
-0.100676657,-0.231018411,-0.156498535
-0.085196678,-0.244261755,-0.169671134
-0.068928912,-0.256825459,-0.182556913
-0.051918129,-0.268694759,-0.195138055
-0.034189767,-0.279837454,-0.207388724
-0.015786522,-0.290239035,-0.219290715
0.003253222,-0.299882149,-0.230824402
0.022891835,-0.308749452,-0.241969935
0.043089317,-0.316827640,-0.252709295
0.063805812,-0.324104518,-0.263024926
0.085008095,-0.330556306,-0.272892645
0.106642487,-0.336197228,-0.282309116
0.128682456,-0.340990407,-0.291242311
0.151076854,-0.344949647,-0.299688814
0.173785969,-0.348066837,-0.307632792
0.196769392,-0.350335019,-0.315058890
0.219985396,-0.351750901,-0.321953837
0.243391432,-0.352315349,-0.328306936
0.266944801,-0.352033876,-0.334110599
0.290603998,-0.350911039,-0.339356829
0.314328596,-0.348922184,-0.344017519
0.338074565,-0.346119101,-0.348116794
0.361800222,-0.342457461,-0.351612421
0.385466241,-0.337994644,-0.354533641
0.409028074,-0.332701759,-0.356848152
0.432445197,-0.326599881,-0.358559547
0.455679611,-0.319712545,-0.359673817
0.478690759,-0.312048104,-0.360185672
0.501438119,-0.303617482,-0.360091626
0.523881560,-0.294434215,-0.359390120
0.545981744,-0.284514457,-0.358081645
0.567700558,-0.273876928,-0.356168816
0.589001577,-0.262542797,-0.353656431
0.609850540,-0.250535501,-0.350551467
0.630215831,-0.237880488,-0.346863032
0.650068948,-0.224604869,-0.342602257
0.669335228,-0.210688499,-0.337734752
0.688018065,-0.196197489,-0.332307556
0.706103157,-0.181168854,-0.326342608
0.723507679,-0.165584398,-0.319804693
0.740235266,-0.149500776,-0.312734352
0.756280824,-0.132957748,-0.305157976
0.771537781,-0.115936398,-0.297033431
0.786100805,-0.098533808,-0.288454243
0.799790166,-0.080700844,-0.279337342
0.812756307,-0.062549265,-0.269801653
0.824799139,-0.044036491,-0.259763195
0.836065457,-0.025256579,-0.249327539
0.846401661,-0.006198024,-0.238445057
0.855878404,0.013081279,-0.227175411
0.864466238,0.032552786,-0.215530631
0.872078101,0.052196234,-0.203501363
0.878825946,0.071958453,-0.191155157
0.884579143,0.091820088,-0.178470252
0.889375543,0.111741541,-0.165484655
0.893271696,0.131687921,-0.152238130
0.896132236,0.151625599,-0.138717666
0.898023842,0.171520082,-0.124965498
0.898994675,0.191342656,-0.111014802
0.898951014,0.211050936,-0.096869984
0.897898179,0.230609472,-0.082557373
0.895920438,0.249998795,-0.068113426
0.892999742,0.269184756,-0.053557241
0.889012528,0.288101335,-0.038901761
0.884112789,0.306753333,-0.024185267
0.878307396,0.325112594,-0.009429393
0.871510812,0.343114400,0.005343545
0.863763991,0.360736254,0.020106667
0.855145118,0.377975932,0.034837262
0.845659689,0.394803651,0.049512927
0.835187270,0.411119058,0.064095755
0.823891676,0.426969796,0.078574902
0.811790804,0.442332798,0.092929326
0.798813362,0.457122952,0.107118545
0.785021388,0.471339014,0.121124911
0.770491248,0.484996970,0.134939005
0.755190107,0.498029738,0.148522615
0.739122908,0.510394320,0.161844225
0.722396673,0.522141612,0.174910648
0.704981768,0.533196872,0.187677443
0.686897281,0.543527535,0.200116613
0.668242748,0.553194356,0.212243924
0.648963939,0.562075841,0.223988793
0.629151000,0.570229504,0.235367256
0.608836632,0.577642263,0.246361337
0.588010835,0.584231064,0.256915512
0.566778949,0.590103209,0.267076649
0.545092608,0.595089697,0.276739329
0.523073925,0.599355645,0.285986441
0.500685831,0.602721995,0.294702503
0.478029657,0.605344182,0.302969221
0.455094886,0.607073654,0.310685379
0.431954762,0.608016560,0.317905712
0.408633595,0.608121322,0.324587611
0.385171529,0.607371438,0.330708807
0.361615466,0.605822426,0.336295658
0.338000026,0.603434457,0.341311060
0.314368313,0.600195554,0.345735160
0.290761437,0.596151272,0.349588919
0.267218681,0.591299866,0.352860685
0.243780634,0.585642940,0.355540815
0.220488606,0.579185401,0.357621797
0.197384087,0.571935338,0.359098309
0.174508254,0.563903850,0.359967227
0.151901543,0.555104820,0.360227584
0.129603275,0.545554668,0.359880487
0.107651353,0.535272083,0.358929011
0.086082010,0.524277746,0.357378068
0.064929619,0.512594051,0.355234260
0.044246867,0.500217665,0.352481329
0.024060813,0.487184322,0.349137133
0.004402751,0.473521151,0.345212371
-0.014678643,0.459235837,0.340699510
-0.033156947,0.444362239,0.335615191
-0.051004527,0.428929886,0.329972672
-0.068176999,0.412955007,0.323771409
-0.084641437,0.396465341,0.317021881
-0.100374864,0.379494943,0.309741553
-0.115347448,0.362072645,0.301942324
-0.129518946,0.344222830,0.293630076
-0.142870510,0.325981883,0.284824658
-0.155385337,0.307385659,0.275545961
-0.167014918,0.288458328,0.265796967
-0.177759173,0.269242555,0.255606432
-0.187580473,0.249768387,0.244983881
-0.196458820,0.230072653,0.233948041
-0.204380231,0.210193457,0.222519871
-0.211326975,0.190168262,0.210718489
-0.217270351,0.170034468,0.198559443
-0.222210267,0.149833002,0.186068324
-0.226129453,0.129603535,0.173264520
-0.229017543,0.109386830,0.160169609
-0.230859070,0.089224991,0.146803977
-0.231654856,0.069159879,0.133192051
-0.231398828,0.049234252,0.119356247
-0.230089063,0.029491171,0.105319807
-0.227727274,0.009973661,0.091106473
-0.224308448,-0.009272565,0.076739019
-0.219846926,-0.028206191,0.062242877
-0.214351588,-0.046784436,0.047642302
-0.207825621,-0.064961442,0.032961194
-0.200293137,-0.082699250,0.018224928
-0.191761595,-0.099952455,0.003457861
-0.182257771,-0.116684617,-0.011314971
-0.171799431,-0.132854797,-0.026068767
-0.160412915,-0.148426874,-0.040778714
-0.148124526,-0.163365155,-0.055420062
-0.134964905,-0.177637434,-0.069968366
-0.120960519,-0.191208525,-0.084398521
-0.106150088,-0.204054212,-0.098687156
-0.090566008,-0.216145937,-0.112810047
-0.074242603,-0.227457432,-0.126743116
-0.057216191,-0.237965150,-0.140462612
-0.039525113,-0.247648817,-0.153945376
-0.021209713,-0.256492101,-0.167169224
-0.002312214,-0.264483442,-0.180113465
0.017134358,-0.271597947,-0.192752542
0.037081210,-0.277837579,-0.205070127
0.057494500,-0.283179738,-0.217040714
0.078329943,-0.287621876,-0.228646112
0.099545185,-0.291160295,-0.239867784
0.121098475,-0.293792172,-0.250687581
0.142952019,-0.295502812,-0.261081572
0.165059905,-0.296303887,-0.271037907
0.187380714,-0.296197702,-0.280540742
0.209874532,-0.295178355,-0.289569727
0.232499325,-0.293250642,-0.298109826
0.255212784,-0.290427763,-0.306150751
0.277974267,-0.286713048,-0.313676869
0.300742747,-0.282113647,-0.320674545
0.323477394,-0.276640873,-0.327132633
0.346138324,-0.270310513,-0.333043001
0.368686547,-0.263137692,-0.338397452
0.391076816,-0.255109527,-0.343168129
0.413279169,-0.246285194,-0.347377197
0.435243971,-0.236639009,-0.350987079
0.456947195,-0.226233281,-0.354024406
0.478333940,-0.215041115,-0.356448477
0.499378326,-0.203111741,-0.358277216
0.520046097,-0.190468838,-0.359509472
0.540300101,-0.177130662,-0.360139537
0.560103810,-0.163117951,-0.360163474
0.579421671,-0.148453897,-0.359579255
0.598219489,-0.133164049,-0.358386879
0.616464829,-0.117276172,-0.356588469
0.634127428,-0.100820025,-0.354188327
0.651179618,-0.083827087,-0.351192953
0.667596720,-0.066330188,-0.347611012
0.683357428,-0.048363084,-0.343453239
0.698429257,-0.029951423,-0.338720516
0.712747315,-0.011106911,-0.333390875
0.726345756,0.008104806,-0.327519033
0.739200302,0.027655700,-0.321111000
0.751213824,0.047540675,-0.314126474
0.762470784,0.067686230,-0.306647396
0.772863233,0.088087717,-0.298628385
0.782435937,0.108690880,-0.290122103
0.791136431,0.129470457,-0.281120365
0.798973167,0.150384985,-0.271651941
0.805906720,0.171403091,-0.261718169
0.811974365,0.192483721,-0.251360447
0.817080140,0.213595106,-0.240555153
0.821349196,0.234700207,-0.229380472
0.824595671,0.255756816,-0.217779008
0.826971543,0.276737693,-0.205835005
0.828423660,0.297604279,-0.193548067
0.828883460,0.318309886,-0.180915843
0.828470636,0.338840673,-0.168000097
0.827099057,0.359143815,-0.154794368
0.824761358,0.379180069,-0.141319118
0.821550560,0.398941908,-0.127620407
0.817408099,0.418375929,-0.113704435
0.812297066,0.437430009,-0.099586292
0.806328443,0.456112952,-0.085310179
0.799504960,0.474393927,-0.070895988
0.791692679,0.492166421,-0.056348458
0.783053976,0.509476382,-0.041712234
0.773601111,0.526297471,-0.027008749
0.763272752,0.542552376,-0.012257465
0.752096541,0.558216813,0.002514562
0.740156765,0.573311252,0.017282105
0.727471491,0.587813087,0.032023401
0.713934544,0.601587864,0.046704382
0.699695676,0.614719522,0.061309055
0.684779270,0.627191063,0.075816234
0.669148730,0.638918599,0.090191433
0.652835878,0.649883885,0.104409398
0.635924855,0.660133736,0.118460937
0.618418620,0.669622640,0.132317164
0.600290453,0.678254921,0.145932057
0.581652988,0.686129985,0.159315575
0.562518986,0.693211344,0.172439935
0.542862966,0.699385328,0.185247681
0.522793724,0.704774853,0.197764732
0.502312440,0.709309999,0.209948243
0.481438479,0.712945490,0.221762192
0.460251869,0.715784327,0.233233276
0.438735102,0.717673926,0.244276972
0.416967503,0.718738147,0.254932926
0.394966895,0.718908671,0.265151890
0.372774416,0.718200590,0.274924712
0.350431361,0.716627276,0.284241140
0.327970848,0.714164705,0.293071947
0.305435694,0.710839020,0.301413947
0.282862307,0.706654902,0.309253831
0.260291248,0.701586067,0.316557735
0.237757073,0.695716357,0.323361055
0.215307542,0.688943017,0.329580525
0.192973937,0.681366279,0.335262920
0.170791063,0.672995397,0.340398459
0.148810608,0.663786564,0.344937819
0.127064704,0.653788914,0.348896540
0.105586543,0.643029848,0.352276557
0.084414574,0.631520736,0.355067802
0.063587209,0.619276363,0.357262299
0.043142326,0.606314691,0.358854237
0.023116821,0.592656565,0.359839997
0.003546235,0.578325398,0.360218117
-0.015535556,0.563346834,0.359989223
-0.034096576,0.547748412,0.359155930
-0.052106941,0.531559228,0.357722716
-0.069538973,0.514809616,0.355695783
-0.086334229,0.497504531,0.353052423
-0.102489583,0.479697082,0.349823407
-0.117970724,0.461412925,0.346009158
-0.132739709,0.442676833,0.341607936
-0.146775174,0.423525518,0.336632500
-0.160060664,0.403996110,0.331097984
-0.172553247,0.384113876,0.325000634
-0.184233525,0.363916401,0.318354450
-0.195085651,0.343441506,0.311175069
-0.205087767,0.322724675,0.303473972
-0.214216240,0.301801641,0.295261893
-0.222444134,0.280708722,0.286548310
-0.229772327,0.259486975,0.277357736
-0.236172616,0.238173223,0.267699044
-0.241639605,0.216807096,0.257592726
-0.246144813,0.195428113,0.247048640
-0.249691175,0.174076743,0.236090973
-0.252265929,0.152793503,0.224736602
-0.253861279,0.131619397,0.213004556
-0.254473804,0.110595331,0.200915388
-0.254086179,0.089765829,0.188484977
-0.252713767,0.069169346,0.175740061
-0.250342745,0.048851686,0.162697796
-0.246985341,0.028852357,0.149383087
-0.242641762,0.009214973,0.135817102
-0.237317077,-0.010017357,0.122022329
-0.231020504,-0.028802337,0.108022102
-0.223764805,-0.047098676,0.093840262
-0.215565792,-0.064866202,0.079500915
-0.206437960,-0.082063267,0.065027799
-0.196397202,-0.098647892,0.050444935
-0.185473443,-0.114587477,0.035777684
-0.173679957,-0.129836466,0.021049841
-0.161054112,-0.144368053,0.006286825
-0.147616227,-0.158140817,-0.008486828
-0.133403677,-0.171128828,-0.023246220
-0.118445629,-0.183298362,-0.037966454
-0.102779614,-0.194624851,-0.052622924
-0.086439531,-0.205079911,-0.067190674
-0.069468024,-0.214647522,-0.081646031
-0.051897260,-0.223297202,-0.095963189
-0.033772343,-0.231018807,-0.110119115
-0.015133705,-0.237796807,-0.124089974
0.003977665,-0.243617830,-0.137852112
0.023519702,-0.248472134,-0.151382458
0.043449466,-0.252354244,-0.164658894
0.063727130,-0.255251718,-0.177657102
0.084307951,-0.257167869,-0.190357005
0.105150661,-0.258098365,-0.202736238
0.126211818,-0.258050157,-0.214776049
0.147450720,-0.257021509,-0.226454638
0.168825979,-0.255014506,-0.237751210
0.190295920,-0.252035634,-0.248646480
0.211819142,-0.248096394,-0.259123304
0.233355318,-0.243213939,-0.269167458
0.254864379,-0.237386799,-0.278755914
0.276307560,-0.230643152,-0.287879964
0.297643556,-0.222976224,-0.296512970
0.318835909,-0.214420721,-0.304650193
0.339846309,-0.204989947,-0.312275728
0.360636993,-0.194700944,-0.319375594
0.381171369,-0.183574689,-0.325938210
0.401414797,-0.171636203,-0.331954919
0.421333318,-0.158909866,-0.337417089
0.440880472,-0.145395982,-0.342297581
0.460041171,-0.131157209,-0.346616413
0.478764178,-0.116186775,-0.350340283
0.497040815,-0.100548334,-0.353493383
0.514804969,-0.084221953,-0.356027530
0.532055456,-0.067276365,-0.357973639
0.548760044,-0.049736204,-0.359324004
0.564887371,-0.031628445,-0.360072506
0.580399166,-0.012975880,-0.360207022
0.595275504,0.006181864,-0.359734005
0.609496456,0.025807231,-0.358658957
0.623039079,0.045865848,-0.356984145
0.635868678,0.066329344,-0.354702143
0.647963428,0.087160421,-0.351817242
0.659313322,0.108317341,-0.348342763
0.669905806,0.129761629,-0.344289026
0.679731972,0.151455227,-0.339668327
0.688737050,0.173371708,-0.334460555
0.696916183,0.195467440,-0.328682987
0.704302704,0.217697271,-0.322376135
0.710820186,0.240033012,-0.315507966
0.716488909,0.262430222,-0.308110991
0.721329976,0.284852147,-0.300214658
0.725249099,0.307258309,-0.291782127
0.728362146,0.329616448,-0.282896650
0.730518331,0.351874938,-0.273493268
0.731865965,0.374014820,-0.263668214
0.732263993,0.395974436,-0.253366936
0.731824004,0.417739509,-0.242661862
0.730485339,0.439257660,-0.231541555
0.728251135,0.460491725,-0.220025138
0.725210064,0.481436257,-0.208167443
0.721191948,0.501986278,-0.195916917
0.716371186,0.522175402,-0.183360806
0.710716836,0.541954724,-0.170503620
0.704147539,0.561241224,-0.157336003
0.696796931,0.580069218,-0.143920843
0.688644379,0.598390147,-0.130268585
0.679613402,0.616110184,-0.116377803
0.669835967,0.633279530,-0.102303011
0.659325065,0.649871677,-0.088064234
0.647974277,0.665753128,-0.073660880
0.635916204,0.680991818,-0.059139574
0.623177870,0.695572526,-0.044523375
0.609723563,0.709413279,-0.029829423
0.595570230,0.722480080,-0.015083585
0.580802355,0.734819213,-0.000314173
0.565442052,0.746412018,0.014457045
0.549421987,0.757111625,0.029201333
0.532855954,0.767015553,0.043896967
0.515777285,0.776120468,0.058522702
0.498177399,0.784351059,0.073048481
0.480073789,0.791666045,0.087444719
0.461545913,0.798143710,0.101701005
0.442618151,0.803766868,0.115794929
0.423262230,0.808382418,0.129671793
0.403576913,0.812137650,0.143341974
0.383591810,0.815029261,0.156786457
0.363292130,0.816894152,0.169937940
0.342758137,0.817878782,0.182817339
0.322022054,0.817987805,0.195407823
0.301088196,0.817061319,0.207632324
0.280024408,0.815276142,0.219533252
0.258853981,0.812556466,0.231061557
0.237612083,0.808886195,0.242189024
0.216339387,0.804371069,0.252940972
0.195070855,0.798850347,0.263221927
0.173838989,0.792519631,0.273103902
0.152691094,0.785222098,0.282486005
0.131646743,0.777122306,0.291433407
0.110764829,0.768087506,0.299849639
0.090052621,0.758277148,0.307804743
0.069580258,0.747565158,0.315198776
0.049353052,0.736081825,0.322089358
0.029416135,0.723804459,0.328439438
0.009818765,0.710724659,0.334216217
-0.009430091,0.696919734,0.339450503
-0.028293737,0.682398684,0.344125003
-0.046705907,0.667133140,0.348187674
-0.064665692,0.651202387,0.351675003
-0.082139085,0.634626591,0.354576512
-0.099092875,0.617429279,0.356883773
-0.115495097,0.599636983,0.358590496
-0.131315395,0.581278853,0.359692568
-0.146525320,0.562386256,0.360188034
-0.161098556,0.542992367,0.360077038
-0.175011077,0.523131781,0.359361732
-0.188241253,0.502840134,0.358046155
-0.200767910,0.482152773,0.356134478
-0.212533502,0.461088699,0.353601972
-0.223560030,0.439705348,0.350488351
-0.233809126,0.418031346,0.346784569
-0.243259463,0.396103558,0.342495371
-0.251893942,0.373961138,0.337629013
-0.259709564,0.351645080,0.332202819
-0.266667066,0.329190155,0.326209955
-0.272762475,0.306638471,0.319667588
-0.277987929,0.284030337,0.312589700
-0.282330980,0.261405718,0.304987342
-0.285783292,0.238804940,0.296874036
-0.288321087,0.216270288,0.288255021
-0.289952750,0.193842008,0.279153299
-0.290676342,0.171560414,0.269585687
-0.290472494,0.149469938,0.259560431
-0.289349205,0.127610474,0.249099535
-0.287306895,0.106023178,0.238220862
-0.284343322,0.084750800,0.226941111
-0.280461269,0.063835286,0.215279213
-0.275667802,0.043317345,0.203255683
-0.269973018,0.023236507,0.190891889
-0.263370712,0.003642036,0.178203317
-0.255890148,-0.015435386,0.165217830
-0.247532766,-0.033948689,0.151953385
-0.238315331,-0.051858699,0.138433004
-0.228257646,-0.069128048,0.124680185
-0.217378547,-0.085717984,0.110717845
-0.205700215,-0.101591628,0.096569522
-0.193240970,-0.116706982,0.082257874
-0.180033038,-0.131034727,0.067808243
-0.166106421,-0.144543598,0.053245010
-0.151483477,-0.157191664,0.038591556
-0.136207104,-0.168962144,0.023873683
-0.120302220,-0.179813583,0.009115345
-0.103813858,-0.189733366,-0.005658194
-0.086773820,-0.198688158,-0.020422184
-0.069226148,-0.206665569,-0.035151922
-0.051208363,-0.213641484,-0.049822374
-0.032765163,-0.219607638,-0.064409364
-0.013935374,-0.224542389,-0.078887434
0.005234525,-0.228445816,-0.093233301
0.024702320,-0.231308751,-0.107422694
0.044425825,-0.233121970,-0.121430874
0.064360624,-0.233887790,-0.135234897
0.084463585,-0.233607407,-0.148811638
0.104692378,-0.232278999,-0.162136959
0.125003819,-0.229915109,-0.175190115
0.145356427,-0.226525749,-0.187950043
0.165709065,-0.222108946,-0.200391666
0.186021152,-0.216685618,-0.212496852
0.206253119,-0.210269279,-0.224245343
0.226365709,-0.202872323,-0.235616314
0.246320492,-0.194511392,-0.246590392
0.266080550,-0.185207816,-0.257150264
0.285611381,-0.174988021,-0.267281441
0.304870010,-0.163849397,-0.276954772
0.323831947,-0.151847384,-0.286170652
0.342453103,-0.138978192,-0.294898378
0.360705827,-0.125281945,-0.303131242
0.378558289,-0.110785422,-0.310855583
0.395978325,-0.095514396,-0.318057089
0.412935823,-0.079498121,-0.324723760
0.429403483,-0.062769254,-0.330846427
0.445354308,-0.045359597,-0.336415804
0.460744765,-0.027282861,-0.341405914
0.475574348,-0.008601394,-0.345834457
0.489796000,0.010674226,-0.349672032
0.503409635,0.030487226,-0.352934950
0.516357470,0.050830837,-0.355585256
0.528650874,0.071642730,-0.357648735
0.540264891,0.092891022,-0.359117308
0.551165758,0.114546919,-0.359975923
0.561333374,0.136571892,-0.360221759
0.570763333,0.158920860,-0.359864727
0.579439315,0.181555540,-0.358904558
0.587347573,0.204436699,-0.357343038
0.594477173,0.227524543,-0.355184066
0.600807144,0.250781201,-0.352424063
0.606313588,0.274166856,-0.349057998
0.611011769,0.297636770,-0.345109324
0.614902347,0.321151244,-0.340589963
0.617989390,0.344672402,-0.335513671
0.620187161,0.368155527,-0.329834172
0.621576527,0.391563139,-0.323618177
0.622161583,0.414860648,-0.316878545
0.621844606,0.437989275,-0.309564830
0.620750378,0.460934927,-0.301767331
0.618776702,0.483632771,-0.293434294
0.616008929,0.506067090,-0.284629267
0.612387637,0.528178237,-0.275328564
0.607981280,0.549952284,-0.265583557
0.602723713,0.571319010,-0.255369015
0.596728498,0.592295017,-0.244758599
0.589861008,0.612762687,-0.233693591
0.582281881,0.632776428,-0.222269175
0.573902298,0.652235552,-0.210453376
0.564774422,0.671132616,-0.198284460
0.554965132,0.689478614,-0.185805480
0.544357586,0.707127018,-0.172978520
0.533090773,0.724153861,-0.159877487
0.521186642,0.740539382,-0.146523370
0.508542047,0.756122294,-0.132892078
0.495299011,0.771006651,-0.119051415
0.481475687,0.785168991,-0.105020839
0.467009977,0.798471429,-0.090797827
0.451990260,0.810974888,-0.076425706
0.436458820,0.822687388,-0.061931413
0.420404912,0.833530873,-0.047330432
0.403839783,0.843453519,-0.032645781
0.386841344,0.852529711,-0.017909589
0.369434946,0.860745434,-0.003143539
0.351591571,0.867950728,0.011628412
0.333391991,0.874247192,0.026380149
0.314872991,0.879647279,0.041089842
0.296046992,0.884088946,0.055730655
0.276931826,0.887507579,0.070271250
0.257591102,0.890009834,0.084698890
0.238053949,0.891593222,0.098992666
0.218326024,0.892098480,0.113101876
0.198466890,0.891668665,0.127027285
0.178508718,0.890321538,0.140751835
0.158475516,0.887934737,0.154222963
0.138407891,0.884588140,0.167436018
0.118338581,0.880342134,0.180386077
0.098305204,0.875068210,0.193009367
0.078338805,0.868870306,0.205314937
0.058466951,0.861796774,0.217297924
0.038746654,0.853696279,0.228874452
0.019183276,0.844761689,0.240097473
-0.000168318,0.834898803,0.250901397
-0.019284698,0.824164859,0.261286856
-0.038135885,0.812587907,0.271241390
-0.056674097,0.800140651,0.280723988
-0.074890036,0.786906191,0.289752668
-0.092726809,0.772844967,0.298276541
-0.110174344,0.758028213,0.306309626
-0.127196135,0.742463949,0.313829113
-0.143747243,0.726158091,0.320805774
-0.159838645,0.709194103,0.327271767
-0.175386753,0.691525608,0.333155852
-0.190400591,0.673232270,0.338487742
-0.204861934,0.654349741,0.343265422
-0.218727438,0.634889989,0.347462604
-0.231954844,0.614873558,0.351056292
-0.244548883,0.594359448,0.354067197
-0.256483478,0.573378263,0.356486450
-0.267734446,0.551963290,0.358307291
-0.278279779,0.530150031,0.359525120
-0.288099835,0.507975734,0.360137490
-0.297177472,0.485478945,0.360144062
-0.305498111,0.462699072,0.359546520
-0.313049748,0.439675997,0.358348462
-0.319809693,0.416446976,0.356545361
-0.325750853,0.393050378,0.354129999
-0.330896077,0.369533039,0.351131966
-0.335210801,0.345932286,0.347538580
-0.338694310,0.322290108,0.343361776
-0.341333128,0.298648418,0.338604669
-0.343138806,0.275047618,0.333287097
-0.344078302,0.251531764,0.327399282
-0.344163136,0.228142113,0.320961190
-0.343394107,0.204919869,0.313985331
-0.341769026,0.181907016,0.306482311
-0.339289855,0.159144887,0.298465292
-0.335953774,0.136676979,0.289944655
-0.331760591,0.114547078,0.280932512
-0.326735142,0.092788062,0.271454871
-0.320858406,0.071453472,0.261513317
-0.314160865,0.050573061,0.251136423
-0.306645384,0.030190758,0.240337568
-0.298320547,0.010348847,0.229133261
-0.289199680,-0.008912480,0.217542326
-0.279300011,-0.027555363,0.205585236
-0.268641952,-0.045544369,0.193283580
-0.257243331,-0.062841281,0.180657470
-0.245120481,-0.079404863,0.167726252
-0.232299333,-0.095202267,0.154513100
-0.218805543,-0.110200128,0.141040599
-0.204663914,-0.124362802,0.127330724
-0.189902701,-0.137657498,0.113406475
-0.174552930,-0.150054154,0.099291486
-0.158647871,-0.161525281,0.085009751
-0.142221197,-0.172042960,0.070585084
-0.125306186,-0.181576206,0.056041124
-0.107945765,-0.190113372,0.041403498
-0.090173406,-0.197620192,0.026695746
-0.072035251,-0.204093496,0.011943411
-0.053567712,-0.209501684,-0.002829174
-0.034818019,-0.213847516,-0.017596994
-0.015826463,-0.217108853,-0.032335079
0.003360895,-0.219289080,-0.047019010
0.022701467,-0.220374333,-0.061623496
0.042149748,-0.220374715,-0.076124953
0.061662691,-0.219279120,-0.090497626
0.081196042,-0.217099945,-0.104718214
0.100706856,-0.213844018,-0.118762864
0.120152746,-0.209519348,-0.132607732
0.139492088,-0.204137458,-0.146229439
0.158684454,-0.197713803,-0.159605386
0.177691192,-0.190268245,-0.172714203
0.196470343,-0.181803806,-0.185529429
0.214989951,-0.172362431,-0.198036157
0.233207712,-0.161944387,-0.210206303
0.251092585,-0.150586337,-0.222023883
0.268610289,-0.138311169,-0.233468431
0.285728048,-0.125144480,-0.244520492
0.302415692,-0.111115940,-0.255162594
0.318640076,-0.096248779,-0.265374060
0.334371811,-0.080573351,-0.275137457
0.349588710,-0.064129001,-0.284441328
0.364259922,-0.046941426,-0.293266183
0.378356379,-0.029039742,-0.301594023
0.391860554,-0.010466331,-0.309416552
0.404747846,0.008746004,-0.316719137
0.416996444,0.028561624,-0.323489375
0.428588018,0.048942303,-0.329717603
0.439503832,0.069850932,-0.335393664
0.449707499,0.091261581,-0.340493174
0.459211846,0.113115570,-0.345031349
0.467978758,0.135388044,-0.348982325
0.476014027,0.158028417,-0.352355251
0.483275769,0.181009805,-0.355121605
0.489785349,0.204277650,-0.357302431
0.495526665,0.227794900,-0.358889287
0.500456942,0.251528997,-0.359853498
0.504598354,0.275429686,-0.360216278
0.507943055,0.299456135,-0.359975667
0.510484773,0.323567046,-0.359130920
0.512219948,0.347720774,-0.357683343
0.513147865,0.371875753,-0.355636356
0.513270747,0.395990974,-0.352995514
0.512577223,0.420023932,-0.349756433
0.511054296,0.443928940,-0.345913839
0.508736516,0.467669471,-0.341496891
0.505637261,0.491209128,-0.336519025
0.501739925,0.514502629,-0.330972284
0.497026512,0.537498069,-0.324848327
0.491572077,0.560182883,-0.318204125
0.485326487,0.582493200,-0.311008654
0.478324573,0.604399592,-0.303290668
0.470601515,0.625880765,-0.295078393
0.462110240,0.646859600,-0.286344410
0.452946318,0.667357178,-0.277157694
0.443038112,0.687271268,-0.267475055
0.432484355,0.706634997,-0.257366651
0.421243575,0.725361760,-0.246810204
0.409364880,0.743448089,-0.235842595
0.396884762,0.760881178,-0.224492253
0.383758909,0.777555447,-0.212736693
0.370098778,0.793550578,-0.200650964
0.355854460,0.808743227,-0.188210195
0.341079127,0.823145787,-0.175452753
0.325831522,0.836789522,-0.162419278
0.310065592,0.849528005,-0.149090093
0.293857347,0.861424012,-0.135515563
0.277249450,0.872493279,-0.121725911
0.260221525,0.882609652,-0.107718584
0.242825892,0.891804770,-0.093529417
0.225112020,0.900118983,-0.079191253
0.207090850,0.907486890,-0.064718808
0.188776184,0.913831136,-0.050130133
0.170231467,0.919255455,-0.035462143
0.151484355,0.923751019,-0.020736351
0.132541856,0.927173932,-0.005972421
0.113456228,0.929621032,0.008800383
0.094262115,0.931121606,0.023559155
0.074986188,0.931629462,0.038279367
0.055658827,0.931060577,0.052929931
0.036318699,0.929544082,0.067494957
0.016994740,0.927083237,0.081953194
-0.002273276,0.923545258,0.096261656
-0.021456793,0.919039064,0.110409980
-0.040529522,0.913609350,0.124383044
-0.059446880,0.907176423,0.138139617
-0.078175340,0.899757607,0.151656446
-0.096701832,0.891452220,0.164933760
-0.114975361,0.882192056,0.177926711
-0.132961001,0.871986815,0.190610253
-0.150659250,0.860947028,0.202995863
-0.167995881,0.848972119,0.215018153
-0.184968738,0.836153542,0.226684720
-0.201562181,0.822538030,0.237988627
-0.217691156,0.808038472,0.248857800
-0.233406247,0.792822073,0.259346741
-0.248595915,0.776775398,0.269361033
-0.263313452,0.760046215,0.278955246
-0.277464223,0.742567775,0.288052272
-0.291090419,0.724452623,0.296694879
-0.304094067,0.705647311,0.304804847
-0.316539189,0.686274265,0.312442188
-0.328304733,0.666270584,0.319510600
-0.339451323,0.645745909,0.326066292
-0.349940459,0.624714305,0.332082127
-0.359707183,0.603181369,0.337510482
-0.368791448,0.581223077,0.342388811
-0.377169215,0.558868452,0.346702276
-0.384796548,0.536140713,0.350420696
-0.391662095,0.513082854,0.353540111
-0.397772711,0.489742663,0.356070564
-0.403113340,0.466157974,0.358004835
-0.407671560,0.442368313,0.359337840
-0.411437671,0.418414391,0.360066645
-0.414404711,0.394337629,0.360190428
-0.416568423,0.370179716,0.359710404
-0.417927173,0.345982211,0.358629721
-0.418456445,0.321787513,0.356934661
-0.418165393,0.297638786,0.354636532
-0.417073946,0.273575764,0.351754262
-0.415153102,0.249644517,0.348271171
-0.412424209,0.225883855,0.344207112
-0.408877286,0.202339391,0.339559408
-0.404538104,0.179046117,0.334350737
-0.399382496,0.156056344,0.328568527
-0.393435879,0.133405613,0.322235152
-0.386708067,0.111134135,0.315361847
-0.379207352,0.089283307,0.307958755
-0.370945957,0.067892876,0.300038664
-0.361939449,0.047000540,0.291616515
-0.352185467,0.026658251,0.282695235
-0.341721400,0.006888510,0.273304110
-0.330553000,-0.012261359,0.263451240
-0.318708301,-0.030763048,0.253159164
-0.306194774,-0.048567140,0.242436920
-0.293042172,-0.065645897,0.231307700
-0.279274085,-0.081965370,0.219790393
-0.264914619,-0.097491303,0.207903918
-0.249984753,-0.112182853,0.195664973
-0.234520689,-0.126021059,0.183099255
-0.218546517,-0.138967023,0.170224608
-0.202097391,-0.150999756,0.157065150
-0.185200977,-0.162081844,0.143640054
-0.167894108,-0.172192639,0.129973481
-0.150212896,-0.181309420,0.116088630
-0.132194462,-0.189410454,0.102008789
-0.113875320,-0.196468071,0.087756422
-0.095297858,-0.202472811,0.073356885
-0.076503406,-0.207412069,0.058834480
-0.057532027,-0.211260374,0.044212411
-0.038428943,-0.214022255,0.029516457
-0.019236598,-0.215677314,0.014770581
-0.000000000,-0.216234992,0.000000000
