# Hopf drift continued: η 0.82→0.64 while φ sweeps 720°, 48 circuits; ccsim.geometry.hopf_continued()
o drift
v 0.000000000 1.000000000 0.000000000
v -0.015540267 0.999550304 -0.015980760
v -0.031057246 0.998255861 -0.031937310
v -0.046528521 0.996118778 -0.047846906
v -0.061931758 0.993142292 -0.063686885
v -0.077244725 0.989330777 -0.079434695
v -0.092445322 0.984689745 -0.095067917
v -0.107511605 0.979225854 -0.110564291
v -0.122421818 0.972946920 -0.125901749
v -0.137154418 0.965861925 -0.141058448
v -0.151688122 0.957981025 -0.156012809
v -0.166001940 0.949315560 -0.170743553
v -0.180075223 0.939878059 -0.185229754
v -0.193887709 0.929682235 -0.199450877
v -0.207419572 0.918742987 -0.213386839
v -0.220651471 0.907076380 -0.227018057
v -0.233564612 0.894699633 -0.240325502
v -0.246140797 0.881631086 -0.253290754
v -0.258347126 0.867863252 -0.265880478
v -0.270171429 0.853429827 -0.278082394
v -0.281603180 0.838363806 -0.289885898
v -0.292626927 0.822688228 -0.301275379
v -0.303228120 0.806427017 -0.312236155
v -0.313393153 0.789604905 -0.322754507
v -0.323109396 0.772247335 -0.332817715
v -0.332365230 0.754380373 -0.342414085
v -0.341125213 0.736007174 -0.351507788
v -0.349358846 0.717141068 -0.360068033
v -0.357097943 0.697850445 -0.368127183
v -0.364335362 0.678163424 -0.375678113
v -0.371057449 0.658103229 -0.382707120
v -0.377178930 0.637650647 -0.389128007
v -0.382779403 0.616892873 -0.395021524
v -0.387856353 0.595858058 -0.400385263
v -0.392298181 0.574527568 -0.405106503
v -0.396208846 0.552982340 -0.409290593
v -0.399530310 0.531232137 -0.412879042
v -0.402261266 0.509309638 -0.415870746
v -0.404413258 0.487251607 -0.418277605
v -0.405963970 0.465084784 -0.420077322
v -0.406914832 0.442844017 -0.421271618
v -0.407296840 0.420561948 -0.421892029
v -0.407032460 0.398269531 -0.421860675
v -0.406189767 0.376000778 -0.421246521
v -0.404758380 0.353786060 -0.420039421
v -0.402731687 0.331657774 -0.418233065
v -0.400089719 0.309653824 -0.415807756
v -0.396859943 0.287802246 -0.412791540
v -0.393045187 0.266134830 -0.409187669
v -0.388649919 0.244683104 -0.405001069
v -0.383671553 0.223482298 -0.400229611
v -0.378114083 0.202566046 -0.394877793
v -0.371998492 0.181958472 -0.388967134
v -0.365338269 0.161685669 -0.382511619
v -0.358108279 0.141801085 -0.375486643
v -0.350359289 0.122305658 -0.367943442
v -0.342066231 0.103256633 -0.359857502
v -0.333262177 0.084665772 -0.351262309
v -0.323954890 0.066564883 -0.342166047
v -0.314154406 0.048984962 -0.332579123
v -0.303874264 0.031954062 -0.322515356
v -0.293130678 0.015497176 -0.311991123
v -0.281939731 -0.000360671 -0.301022542
v -0.270308563 -0.015580447 -0.289616690
v -0.258264805 -0.030152564 -0.277800800
v -0.245822111 -0.044046704 -0.265587984
v -0.232996637 -0.057234255 -0.252993533
v -0.219807855 -0.069691049 -0.240035681
v -0.206277567 -0.081396947 -0.226734575
v -0.192429146 -0.092335372 -0.213111504
v -0.178280491 -0.102473846 -0.199181608
v -0.163858182 -0.111800657 -0.184968233
v -0.149185262 -0.120292412 -0.170490373
v -0.134287286 -0.127930301 -0.155768788
v -0.119191538 -0.134699372 -0.140825219
v -0.103925326 -0.140580624 -0.125680395
v -0.088518208 -0.145562074 -0.110356597
v -0.073000009 -0.149626800 -0.094875155
v -0.057402615 -0.152767973 -0.079259028
v -0.041758226 -0.154975359 -0.063530423
v -0.026100041 -0.156242015 -0.047711916
v -0.010461918 -0.156563852 -0.031826245
v 0.005121890 -0.155939223 -0.015896209
v 0.020616236 -0.154363343 0.000055368
v 0.035987031 -0.151844708 0.016005396
v 0.051200143 -0.148388785 0.031931027
v 0.066221882 -0.144003141 0.047809403
v 0.081019220 -0.138697545 0.063617657
v 0.095560059 -0.132484134 0.079332945
v 0.109813574 -0.125377675 0.094932555
v 0.123750658 -0.117395899 0.110394095
v 0.137344527 -0.108559942 0.125695828
v 0.150567225 -0.098886077 0.140814968
v 0.163396577 -0.088401283 0.155731114
v 0.175804850 -0.077119641 0.170420421
v 0.187773932 -0.065071893 0.184863703
v 0.199282733 -0.052281094 0.199039761
v 0.210309397 -0.038768504 0.212926364
v 0.220843925 -0.024570805 0.226508181
v 0.230859521 -0.009700681 0.239759017
v 0.240348807 0.005804524 0.252664643
v 0.249296382 0.021919105 0.265205512
v 0.257690351 0.038614075 0.277364189
v 0.265517445 0.055862488 0.289122076
v 0.272763172 0.073638333 0.300459352
v 0.279426038 0.091905066 0.311365650
v 0.285497400 0.110633462 0.321825433
v 0.290957735 0.129801852 0.331814535
v 0.295810892 0.149371928 0.341326704
v 0.300050680 0.169313499 0.350348072
v 0.303660198 0.189601727 0.358855804
v 0.306648909 0.210197632 0.366848579
v 0.309023119 0.231066607 0.374323158
v 0.310744680 0.252190965 0.381238007
v 0.311852866 0.273523529 0.387618186
v 0.312323287 0.295040348 0.393433677
v 0.312154837 0.316708668 0.398674501
v 0.311361855 0.338493074 0.403344847
v 0.309942744 0.360362197 0.407434637
v 0.307898305 0.382283854 0.410935893
v 0.305231969 0.404225443 0.413843065
v 0.301949986 0.426154443 0.416153353
v 0.298061580 0.448039023 0.417867024
v 0.293579037 0.469848774 0.418987695
v 0.288478572 0.491545927 0.419482237
v 0.282787987 0.513100381 0.419369339
v 0.276542536 0.534489875 0.418677006
v 0.269703223 0.555667495 0.417355027
v 0.262314084 0.576612997 0.415440447
v 0.254382336 0.597296421 0.412932208
v 0.245905687 0.617678401 0.409817578
v 0.236911180 0.637738455 0.406117191
v 0.227417743 0.657451031 0.401842512
v 0.217402884 0.676759828 0.396956837
v 0.206943102 0.695687273 0.391540022
v 0.195994368 0.714152595 0.385528082
v 0.184593441 0.732146657 0.378954126
v 0.172783498 0.749673622 0.371861000
v 0.160568034 0.766695289 0.364241975
v 0.147919296 0.783122400 0.356046601
v 0.134908262 0.799001734 0.347355924
v 0.121550475 0.814308798 0.338178525
v 0.107862440 0.829019682 0.328524073
v 0.093861583 0.843111157 0.318403323
v 0.079536975 0.856490291 0.307781198
v 0.064942000 0.869205117 0.296722084
v 0.050097340 0.881237713 0.285241306
v 0.035023435 0.892569158 0.273353706
v 0.019741348 0.903181621 0.261075019
v 0.004272701 0.913058421 0.248421832
v -0.011360394 0.922184080 0.235411529
v -0.027135393 0.930544362 0.222062241
v -0.043029395 0.938126309 0.208392793
v -0.059019207 0.944918270 0.194422641
v -0.075081402 0.950909911 0.180171815
v -0.091192389 0.956092232 0.165660858
v -0.107328469 0.960457561 0.150910774
v -0.123465896 0.963999554 0.135942964
v -0.139580924 0.966713183 0.120779179
v -0.155649860 0.968594718 0.105441461
v -0.171649102 0.969641712 0.089952097
v -0.187555189 0.969852975 0.074333581
v -0.203344827 0.969228554 0.058608562
v -0.218994927 0.967769711 0.042799816
v -0.234482633 0.965478899 0.026930204
v -0.249785346 0.962359748 0.011022646
v -0.264880753 0.958417039 -0.004899912
v -0.279746849 0.953656699 -0.020814519
v -0.294361964 0.948085782 -0.036698256
v -0.308704781 0.941712468 -0.052528254
v -0.322754367 0.934546055 -0.068281723
v -0.336490205 0.926596956 -0.083935981
v -0.349892216 0.917876697 -0.099468486
v -0.362940799 0.908397919 -0.114856866
v -0.375616862 0.898174376 -0.130078957
v -0.387901868 0.887220929 -0.145112842
v -0.399777871 0.875553547 -0.159936891
v -0.411227565 0.863189291 -0.174529811
v -0.422234325 0.850146305 -0.188870692
v -0.432782257 0.836443794 -0.202939059
v -0.442856249 0.822102000 -0.216714926
v -0.452442010 0.807142165 -0.230178848
v -0.461526125 0.791586492 -0.243311982
v -0.470096091 0.775458099 -0.256096136
v -0.478140359 0.758780960 -0.268513829
v -0.485613440 0.741547963 -0.280522783
v -0.492527988 0.723809537 -0.292122089
v -0.498882779 0.705599468 -0.303301733
v -0.504670523 0.686945114 -0.314047504
v -0.509885068 0.667874302 -0.324346179
v -0.514521404 0.648415235 -0.334185554
v -0.518575663 0.628596386 -0.343554467
v -0.521986549 0.608416324 -0.352393899
v -0.524780116 0.587924362 -0.360716281
v -0.526982769 0.567164454 -0.368535792
v -0.528595492 0.546165593 -0.375845873
v -0.529556331 0.524936811 -0.382584202
v -0.529885317 0.503518494 -0.388759738
v -0.529631377 0.481954224 -0.394408610
v -0.528730801 0.460260762 -0.399464837
v -0.527204258 0.438474369 -0.403939108
v -0.525097242 0.416630936 -0.407866244
v -0.522317923 0.394756346 -0.411150756
v -0.518984112 0.372885221 -0.413897806
v -0.514984508 0.351053149 -0.415990616
v -0.510423953 0.329285338 -0.417524232
v -0.505247534 0.307619892 -0.418435841
v -0.499479055 0.286088098 -0.418740558
v -0.493147261 0.264714616 -0.418459979
v -0.486236831 0.243537235 -0.417569744
v -0.478746369 0.222593790 -0.416058981
v -0.470709972 0.201905929 -0.413955282
v -0.462134303 0.181505669 -0.411257085
v -0.453029106 0.161424365 -0.407965991
v -0.443406763 0.141692215 -0.404086466
v -0.433281872 0.122337880 -0.399625523
v -0.422670842 0.103388212 -0.394592392
v -0.411573900 0.084885797 -0.388976701
v -0.400018637 0.066848467 -0.382800786
v -0.388031999 0.049290978 -0.376087119
v -0.375602793 0.032274078 -0.368809735
v -0.362776120 0.015790243 -0.361014233
v -0.349557665 -0.000118795 -0.352695708
v -0.335964119 -0.015422845 -0.343862757
v -0.322021174 -0.030107138 -0.334536493
v -0.307747926 -0.044146403 -0.324728949
v -0.293165671 -0.057519021 -0.314455107
v -0.278290088 -0.070188123 -0.303720556
v -0.263150569 -0.082149749 -0.292552277
v -0.247766395 -0.093373603 -0.280960652
v -0.232163097 -0.103846835 -0.268966290
v -0.216362902 -0.113543827 -0.256583086
v -0.200390495 -0.122444353 -0.243828321
v -0.184272054 -0.130532916 -0.230721547
v -0.168034563 -0.137798108 -0.217283720
v -0.151704390 -0.144219996 -0.203532428
v -0.135309627 -0.149788619 -0.189488980
v -0.118878553 -0.154484142 -0.175171488
v -0.102440924 -0.158298005 -0.160601779
v -0.086027227 -0.161217282 -0.145800336
v -0.069668362 -0.163238579 -0.130789892
v -0.053396338 -0.164352108 -0.115591477
v -0.037243383 -0.164554953 -0.100227433
v -0.021243875 -0.163837124 -0.084718933
v -0.005430653 -0.162203338 -0.069089374
v 0.010162191 -0.159654137 -0.053361223
v 0.025500581 -0.156193227 -0.037557204
v 0.040549417 -0.151823577 -0.021700041
v 0.055275580 -0.146556008 -0.005812895
v 0.069646503 -0.140402907 0.010081227
v 0.083630068 -0.133377784 0.025959376
v 0.097195062 -0.125496100 0.041798587
v 0.110310315 -0.116773428 0.057575690
v 0.122948811 -0.107232307 0.073267945
v 0.135084505 -0.096895394 0.088852737
v 0.146690732 -0.085783498 0.104306993
v 0.157745576 -0.073923273 0.119608481
v 0.168231401 -0.061344947 0.134736116
v 0.178121764 -0.048066979 0.149665587
v 0.187405585 -0.034124734 0.164377317
v 0.196065263 -0.019544506 0.178849287
v 0.204086383 -0.004355023 0.193060277
v 0.211458678 0.011412321 0.206990549
v 0.218168127 0.027730361 0.220618440
v 0.224209716 0.044565408 0.233926192
v 0.229568469 0.061892100 0.246890986
v 0.234244157 0.079675094 0.259497205
v 0.238231327 0.097883846 0.271726648
v 0.241523049 0.116489050 0.283560090
v 0.244112256 0.135461294 0.294977822
v 0.246009691 0.154763228 0.305971057
v 0.247201644 0.174369428 0.316515905
v 0.247690982 0.194246905 0.326598626
v 0.247483274 0.214362488 0.336207519
v 0.246579874 0.234685065 0.345328210
v 0.244986463 0.255182665 0.353949472
v 0.242695797 0.275826055 0.362050377
v 0.239717667 0.296581891 0.369622366
v 0.236075469 0.317417041 0.376668543
v 0.231741344 0.338302762 0.383150513
v 0.226753952 0.359205544 0.389084148
v 0.221120927 0.380095281 0.394460588
v 0.214825330 0.400939044 0.399248570
v 0.207895131 0.421706293 0.403456346
v 0.200343977 0.442366702 0.407080067
v 0.192183006 0.462889785 0.410113670
v 0.183425999 0.483245766 0.412553720
v 0.174089387 0.503406172 0.414399712
v 0.164168502 0.523333444 0.415628532
v 0.153687162 0.542999706 0.416246317
v 0.142678888 0.562385250 0.416271648
v 0.131166958 0.581468932 0.415713653
v 0.119109997 0.600181985 0.414502088
v 0.106597315 0.618546541 0.412724464
v 0.093603746 0.636503118 0.410329126
v 0.080171535 0.654043572 0.407348056
v 0.066304635 0.671127689 0.403764276
v 0.052047445 0.687756355 0.399616215
v 0.037380280 0.703854407 0.394849022
v 0.022378499 0.719471357 0.389552234
v 0.007015771 0.734511025 0.383654714
v -0.008663613 0.748984326 0.377199927
v -0.024621208 0.762902428 0.370226458
v -0.040855141 0.776201188 0.362703552
v -0.057348408 0.788837952 0.354624282
v -0.074054028 0.800852702 0.346049128
v -0.090950691 0.812225561 0.336986362
v -0.108016288 0.822937431 0.327445345
v -0.125240402 0.832899069 0.317390052
v -0.142584378 0.842149263 0.306873250
v -0.160020855 0.850688945 0.295918932
v -0.177525431 0.858503632 0.284540783
v -0.195073282 0.865579997 0.272753449
v -0.212639229 0.871905930 0.260572494
v -0.230197820 0.877470580 0.248014359
v -0.247723403 0.882264394 0.235096317
v -0.265190206 0.886279146 0.221836417
v -0.282571117 0.889498734 0.208249903
v -0.299837297 0.891904660 0.194352301
v -0.316966516 0.893520009 0.180174397
v -0.333933691 0.894341952 0.165736386
v -0.350713941 0.894368934 0.151058934
v -0.367282633 0.893600662 0.136163131
v -0.383615428 0.892038082 0.121070441
v -0.399688326 0.889683366 0.105802654
v -0.415477701 0.886539883 0.090381847
v -0.430960334 0.882612184 0.074830341
v -0.446113446 0.877905975 0.059170662
v -0.460914725 0.872428099 0.043425509
v -0.475342352 0.866186517 0.027617714
v -0.489375034 0.859190289 0.011770219
v -0.502992020 0.851449562 -0.004093959
v -0.516173136 0.842975554 -0.019951759
v -0.528898808 0.833780548 -0.035780103
v -0.541150097 0.823877878 -0.051555930
v -0.552908727 0.813281924 -0.067256223
v -0.564157123 0.802008103 -0.082858050
v -0.574878444 0.790072861 -0.098338595
v -0.585056628 0.777493663 -0.113675203
v -0.594676429 0.764288976 -0.128845418
v -0.603723466 0.750478259 -0.143827033
v -0.612184259 0.736081937 -0.158598136
v -0.620046283 0.721121376 -0.173137163
v -0.627298003 0.705618851 -0.187422956
v -0.633928923 0.689597505 -0.201434815
v -0.639929622 0.673081307 -0.215152554
v -0.645291794 0.656094997 -0.228556568
v -0.650008275 0.638664026 -0.241627881
v -0.654073074 0.620814491 -0.254348210
v -0.657481396 0.602573063 -0.266700016
v -0.660229652 0.583966911 -0.278666558
v -0.662315471 0.565023616 -0.290231942
v -0.663737700 0.545771088 -0.301381165
v -0.664482971 0.526232399 -0.312091141
v -0.664499662 0.506419322 -0.322311526
v -0.663852488 0.486386457 -0.332070662
v -0.662545497 0.466162599 -0.341357609
v -0.660583878 0.445776373 -0.350162507
v -0.657967012 0.425255035 -0.358471186
v -0.654609004 0.404615743 -0.366201173
v -0.650616852 0.383905502 -0.373421044
v -0.646000353 0.363151556 -0.380125628
v -0.640700440 0.342381744 -0.386250235
v -0.634747475 0.321628430 -0.391804860
v -0.628205396 0.300917645 -0.396831549
v -0.620977951 0.280291354 -0.401226632
v -0.613172446 0.259766438 -0.405074040
v -0.604743013 0.239384360 -0.408313733
v -0.595734721 0.219166034 -0.410974123
v -0.586128623 0.199152861 -0.413018398
v -0.575988097 0.179353813 -0.414496680
v -0.565250411 0.159833674 -0.415322933
v -0.554000367 0.140589026 -0.415571882
v -0.542240940 0.121651844 -0.415230323
v -0.529954047 0.103074603 -0.414256812
v -0.517184183 0.084868573 -0.412684165
v -0.503950671 0.067059388 -0.410516442
v -0.490269455 0.049676044 -0.407753155
v -0.476159086 0.032745970 -0.404396848
v -0.461640189 0.016294700 -0.400452805
v -0.446734973 0.000345650 -0.395928730
v -0.431466798 -0.015080010 -0.390834433
v -0.415842601 -0.029932991 -0.385151757
v -0.399903056 -0.044218987 -0.378918656
v -0.383668003 -0.057910943 -0.372139019
v -0.367155043 -0.070973775 -0.364810863
v -0.350393452 -0.083396687 -0.356954173
v -0.333408771 -0.095163511 -0.348583049
v -0.316223707 -0.106247819 -0.339704069
v -0.298863459 -0.116627699 -0.330328117
v -0.281354723 -0.126285537 -0.320469396
v -0.263724926 -0.135207712 -0.310144599
v -0.246001655 -0.143384226 -0.299372219
v -0.228211501 -0.150794332 -0.288164434
v -0.210382298 -0.157425318 -0.276538255
v -0.192542409 -0.163257866 -0.264507628
v -0.174720625 -0.168287734 -0.252094041
v -0.156945952 -0.172502380 -0.239314714
v -0.139247697 -0.175893368 -0.226188766
v -0.121657555 -0.178440177 -0.212730786
v -0.104203589 -0.180152716 -0.198967034
v -0.086918985 -0.181011725 -0.184912796
v -0.069834411 -0.181017434 -0.170590368
v -0.052981290 -0.180168199 -0.156021015
v -0.036393714 -0.178456816 -0.141224489
v -0.020102854 -0.175888574 -0.126223718
v -0.004141963 -0.172464626 -0.111040300
v 0.011456554 -0.168190527 -0.095696561
v 0.026657065 -0.163067274 -0.080214004
v 0.041428230 -0.157107193 -0.064615890
v 0.055737545 -0.150321280 -0.048924944
v 0.069552077 -0.142721301 -0.033163915
v 0.082840033 -0.134322237 -0.017355840
v 0.095572522 -0.125143966 -0.001523906
v 0.107720930 -0.115206804 0.014308836
v 0.119257924 -0.104532808 0.030119336
v 0.130157262 -0.093145309 0.045884490
v 0.140393965 -0.081068953 0.061581078
v 0.149948554 -0.068333360 0.077186383
v 0.158801533 -0.054967061 0.092677653
v 0.166932411 -0.040997207 0.108031600
v 0.174329915 -0.026457589 0.123226515
v 0.180981573 -0.011379510 0.138240440
v 0.186873146 0.004207697 0.153050592
v 0.191996020 0.020271721 0.167635346
v 0.196345250 0.036779200 0.181974046
v 0.199915969 0.053697929 0.196046001
v 0.202700055 0.070997980 0.209829041
v 0.204698615 0.088645642 0.223304157
v 0.205909476 0.106609644 0.236451061
v 0.206336204 0.124857148 0.249251794
v 0.205977684 0.143357642 0.261686266
v 0.204837326 0.162079489 0.273736302
v 0.202924040 0.180990367 0.285386657
v 0.200235824 0.200060877 0.296616306
v 0.196787564 0.219258488 0.307413373
v 0.192574886 0.238554093 0.317754940
v 0.187618128 0.257915617 0.327632777
v 0.181923647 0.277313164 0.337030441
v 0.175501816 0.296716620 0.345933974
v 0.168367502 0.316096314 0.354332715
v 0.160530676 0.335422737 0.362212688
v 0.151991986 0.354664291 0.369552001
v 0.142798953 0.373797262 0.376366395
v 0.132921145 0.392783726 0.382608142
v 0.122413900 0.411603828 0.388301022
v 0.111288385 0.430229281 0.393432590
v 0.099540078 0.448624189 0.397974250
v 0.087201729 0.466765675 0.401932164
v 0.074295952 0.484628450 0.405303844
v 0.060842230 0.502186168 0.408083920
v 0.046862369 0.519413999 0.410269697
v 0.032377895 0.536287311 0.411858439
v 0.017389769 0.552763253 0.412820422
v 0.001944912 0.568835437 0.413183270
v -0.013927341 0.584488099 0.412955927
v -0.030213918 0.599689281 0.412124734
v -0.046906093 0.614394088 0.410663902
v -0.063938506 0.628635140 0.408641387
v -0.081335130 0.642319382 0.405974915
v -0.099021256 0.655503919 0.402756207
v -0.117013474 0.668091833 0.398905365
v -0.135240024 0.680159141 0.394525476
v -0.153724141 0.691565274 0.389501260
v -0.172396361 0.702404566 0.383947188
v -0.191242290 0.712626715 0.377837672
v -0.210245733 0.722163165 0.371135491
v -0.229360737 0.731080844 0.363919595
v -0.248563247 0.739363527 0.356195146
v -0.267833887 0.746896837 0.347894819
v -0.287135090 0.753754493 0.339096601
v -0.306439815 0.759934491 0.329817777
v -0.325721483 0.765424718 0.320068193
v -0.344952447 0.770208708 0.309855367
v -0.364093883 0.774202069 0.299146634
v -0.383125114 0.777479547 0.288009066
v -0.402018688 0.780034130 0.276456742
v -0.420747067 0.781860045 0.264504680
v -0.439282724 0.782952791 0.252168796
v -0.457598219 0.783309160 0.239465862
v -0.475666287 0.782927249 0.226413458
v -0.493459916 0.781806473 0.213029921
v -0.510952424 0.779947557 0.199334293
v -0.528117531 0.777352534 0.185346258
v -0.544926773 0.774019623 0.171084334
v -0.561347615 0.769941417 0.156565896
v -0.577366183 0.765145183 0.141819847
v -0.592958693 0.759637687 0.126867497
v -0.608101986 0.753426824 0.111730523
v -0.622773564 0.746521590 0.096430922
v -0.636951625 0.738932053 0.080990968
v -0.650615089 0.730669325 0.065433173
v -0.663743624 0.721745535 0.049780244
v -0.676317677 0.712173800 0.034055050
v -0.688318495 0.701968204 0.018280589
v -0.699728147 0.691143769 0.002479948
v -0.710529555 0.679716441 -0.013323727
v -0.720706513 0.667703061 -0.029107263
v -0.730243721 0.655121352 -0.044847493
v -0.739126812 0.641989893 -0.060521296
v -0.747342381 0.628328104 -0.076105625
v -0.754878021 0.614156222 -0.091577554
v -0.761722353 0.599495278 -0.106914313
v -0.767865068 0.584367069 -0.122093331
v -0.773296955 0.568794133 -0.137092286
v -0.778009942 0.552799710 -0.151889149
v -0.781997124 0.536407707 -0.166462241
v -0.785252803 0.519642652 -0.180790281
v -0.787772509 0.502529645 -0.194852444
v -0.789553031 0.485094306 -0.208628415
v -0.790592433 0.467362714 -0.222098448
v -0.790890069 0.449361339 -0.235243423
v -0.790446599 0.431116977 -0.248044898
v -0.789263979 0.412656673 -0.260485166
v -0.787345465 0.394007645 -0.272547303
v -0.784695597 0.375197204 -0.284215222
v -0.781297669 0.356249379 -0.295460396
v -0.777122733 0.337189561 -0.306244846
v -0.772234434 0.318055089 -0.316586488
v -0.766642695 0.298873198 -0.326473057
v -0.760358574 0.279670754 -0.335893340
v -0.753394194 0.260474184 -0.344837181
v -0.745673795 0.241317245 -0.353228266
v -0.737282937 0.222225750 -0.361107883
v -0.728254450 0.203223509 -0.368482118
v -0.718581961 0.184339741 -0.375326058
v -0.708211388 0.165619252 -0.381570738
v -0.697256594 0.147065568 -0.387292777
v -0.685690391 0.128717605 -0.392446046
v -0.673505032 0.110612721 -0.396999027
v -0.660789754 0.092746972 -0.401016500
v -0.647460038 0.075197637 -0.404385709
v -0.633644522 0.057931841 -0.407219074
v -0.619265613 0.041035279 -0.409402813
v -0.604419622 0.024483519 -0.411021001
v -0.589092551 0.008325505 -0.412029779
v -0.573302033 -0.007406678 -0.412419088
v -0.557095056 -0.022712900 -0.412221593
v -0.540486746 -0.037563864 -0.411427461
v -0.523485190 -0.051915689 -0.410011829
v -0.506126903 -0.065758786 -0.407993532
v -0.488440560 -0.079077003 -0.405381391
v -0.470450821 -0.091848387 -0.402177405
v -0.452183961 -0.104053290 -0.398386320
v -0.433667337 -0.115674475 -0.394015328
v -0.414920805 -0.126671660 -0.389050386
v -0.395980569 -0.137048921 -0.383519687
v -0.376876238 -0.146798817 -0.377438816
v -0.357629497 -0.155875189 -0.370790946
v -0.338275184 -0.164295138 -0.363612339
v -0.318838060 -0.172011478 -0.355887582
v -0.299350611 -0.179037492 -0.347648596
v -0.279841369 -0.185352861 -0.338901177
v -0.260340288 -0.190942288 -0.329655546
v -0.240877803 -0.195795062 -0.319925360
v -0.221484131 -0.199904567 -0.309726871
v -0.202188789 -0.203267791 -0.299078224
v -0.183024935 -0.205862078 -0.287986281
v -0.164019611 -0.207700269 -0.276478152
v -0.145208699 -0.208755823 -0.264559424
v -0.126620027 -0.209038532 -0.252255117
v -0.108285014 -0.208543825 -0.239582408
v -0.090235819 -0.207267471 -0.226558810
v -0.072505956 -0.205204509 -0.213201754
v -0.055122654 -0.202366010 -0.199535115
v -0.038121682 -0.198745188 -0.185575426
v -0.021534155 -0.194347699 -0.171344103
v -0.005390565 -0.189181222 -0.156862864
v 0.010274509 -0.183248310 -0.142151669
v 0.025430925 -0.176560444 -0.127233017
v 0.040048167 -0.169129561 -0.112129122
v 0.054093993 -0.160966659 -0.096861725
v 0.067535564 -0.152084002 -0.081452853
v 0.080345524 -0.142501540 -0.065925786
v 0.092494490 -0.132237720 -0.050303218
v 0.103954717 -0.121313670 -0.034608082
v 0.114698702 -0.109751628 -0.018863375
v 0.124700581 -0.097576071 -0.003092302
v 0.133939698 -0.084815931 0.012681852
v 0.142395183 -0.071499796 0.028435944
v 0.150048029 -0.057657491 0.044146826
v 0.156881299 -0.043319980 0.059791351
v 0.162880428 -0.028519279 0.075346403
v 0.168033628 -0.013288386 0.090789003
v 0.172332422 0.002338812 0.106096485
v 0.175772348 0.018327671 0.121246809
v 0.178343549 0.034646471 0.136216643
v 0.180050780 0.051258985 0.150985605
v 0.180883785 0.068134831 0.165529548
v 0.180850772 0.085238745 0.179828791
v 0.179955352 0.102538080 0.193862596
v 0.178193123 0.120002192 0.207607212
v 0.175583229 0.137596997 0.221046858
v 0.172121946 0.155292803 0.234157584
v 0.167826225 0.173057849 0.246923201
v 0.162702696 0.190862154 0.259323498
v 0.156762576 0.208675811 0.271340108
v 0.150022487 0.226469644 0.282957487
v 0.142487295 0.244214330 0.294154032
v 0.134181273 0.261882134 0.304918475
v 0.125107759 0.279443529 0.315227834
v 0.115294845 0.296872617 0.325073788
v 0.104756152 0.314141839 0.334439579
v 0.093509192 0.331224392 0.343310817
v 0.081575653 0.348094973 0.351676270
v 0.068981589 0.364730734 0.359528795
v 0.055719761 0.381094846 0.366833498
v 0.041849544 0.397178742 0.373611093
v 0.027362146 0.412943473 0.379824063
v 0.012309291 0.428381102 0.385489994
v -0.003306737 0.443456011 0.390579418
v -0.019459424 0.458145942 0.395085738
v -0.036114061 0.472435924 0.399012466
v -0.053247076 0.486303382 0.402351351
v -0.070832766 0.499727235 0.405096431
v -0.088843500 0.512688350 0.407244338
v -0.107250025 0.525170051 0.408794581
v -0.126021883 0.537158648 0.409749815
v -0.145148763 0.548607797 0.410075213
v -0.164585008 0.559523095 0.409797163
v -0.184293634 0.569906506 0.408934852
v -0.204260642 0.579711890 0.407455420
v -0.224450999 0.588929809 0.405367405
v -0.244824050 0.597583679 0.402710133
v -0.265368450 0.605587931 0.399415802
v -0.286032938 0.613019643 0.395574706
v -0.306801739 0.619780946 0.391110661
v -0.327634491 0.625929535 0.386092227
v -0.348502451 0.631440293 0.380511632
v -0.369374652 0.636256748 0.374335371
v -0.390220949 0.640453878 0.367641945
v -0.411009242 0.643981440 0.360403741
v -0.431701533 0.646792352 0.352598676
v -0.452277313 0.648957134 0.344296873
v -0.472708162 0.650468725 0.335505907
v -0.492953850 0.651284064 0.326208237
v -0.512973881 0.651376991 0.316400914
v -0.532756249 0.650806002 0.306139740
v -0.552272073 0.649569018 0.295436807
v -0.571492515 0.647665165 0.284305227
v -0.590388874 0.645094798 0.272759101
v -0.608928149 0.641851678 0.260808966
v -0.627054893 0.637896229 0.248447627
v -0.644771742 0.633288156 0.235724930
v -0.662052030 0.628032930 0.222658401
v -0.678869665 0.622137204 0.209266309
v -0.695199203 0.615608792 0.195567610
v -0.711015907 0.608456650 0.181581897
v -0.726295817 0.600690838 0.167329346
v -0.741015793 0.592322493 0.152830660
v -0.755153569 0.583363794 0.138107012
v -0.768687794 0.573827918 0.123179997
v -0.781598069 0.563729001 0.108071577
v -0.793864974 0.553082103 0.092804030
v -0.805470102 0.541903157 0.077399899
v -0.816396077 0.530208940 0.061881952
v -0.826626575 0.518017020 0.046273132
v -0.836146342 0.505345728 0.030596518
v -0.844941210 0.492214115 0.014875284
v -0.852998111 0.478641918 -0.000867341
v -0.860305091 0.464649525 -0.016608107
v -0.866851331 0.450257939 -0.032323780
v -0.872627152 0.435488748 -0.047991182
v -0.877624043 0.420364093 -0.063587222
v -0.881834667 0.404906632 -0.079088937
v -0.885252888 0.389139509 -0.094473525
v -0.887873789 0.373086314 -0.109718393
v -0.889693683 0.356771052 -0.124801189
v -0.890710141 0.340218100 -0.139699851
v -0.890922003 0.323452165 -0.154392652
v -0.890329394 0.306498236 -0.168858244
v -0.888922552 0.289379627 -0.183071944
v -0.886685913 0.272120168 -0.197005836
v -0.883648678 0.254750826 -0.210647495
v -0.879816325 0.237297609 -0.223977304
v -0.875195708 0.219786528 -0.236976304
v -0.869795037 0.202243531 -0.249626257
v -0.863623854 0.184694420 -0.261909695
v -0.856693003 0.167164783 -0.273809969
v -0.849014589 0.149679912 -0.285311296
v -0.840601935 0.132264734 -0.296398800
v -0.831428954 0.114950636 -0.307033077
v -0.821502642 0.097767463 -0.317192014
v -0.810888270 0.080732218 -0.326892596
v -0.799604028 0.063867791 -0.336124066
v -0.787668984 0.047196327 -0.344876737
v -0.775034180 0.030765808 -0.353086053
v -0.761755286 0.014590025 -0.360767146
v -0.747890182 -0.001324099 -0.367942079
v -0.733432940 -0.016942338 -0.374578838
v -0.718356650 -0.032213258 -0.380620628
v -0.702767055 -0.047162745 -0.386140619
v -0.686627122 -0.061729621 -0.391068858
v -0.669981104 -0.075906149 -0.395420195
v -0.652865781 -0.089680733 -0.399202593
v -0.635276193 -0.103005881 -0.402373307
v -0.617268651 -0.115889324 -0.404966222
v -0.598853658 -0.128296471 -0.406957081
v -0.580054670 -0.140199723 -0.408333866
v -0.560921593 -0.151613934 -0.409133452
v -0.541456681 -0.162481784 -0.409308342
v -0.521698730 -0.172798318 -0.408873244
v -0.501683541 -0.182561367 -0.407843786
v -0.481437353 -0.191750032 -0.406215079
v -0.460988815 -0.200345920 -0.403985557
v -0.440368250 -0.208333291 -0.401156730
v -0.419607005 -0.215699109 -0.397732919
v -0.398736894 -0.222433008 -0.393720946
v -0.377789733 -0.228527211 -0.389129836
v -0.356796947 -0.233976392 -0.383970510
v -0.335789812 -0.238753788 -0.378235678
v -0.314800888 -0.242858667 -0.371940706
v -0.293861412 -0.246294598 -0.365103949
v -0.273004828 -0.249038149 -0.357721980
v -0.252263244 -0.251089739 -0.349810872
v -0.231667307 -0.252451056 -0.341387027
v -0.211250193 -0.253112759 -0.332458699
v -0.191044718 -0.253070359 -0.323038004
v -0.171082677 -0.252323566 -0.313140021
v -0.151394407 -0.250875664 -0.302782035
v -0.132013801 -0.248721937 -0.291976145
v -0.112972942 -0.245863393 -0.280738236
v -0.094303397 -0.242303211 -0.269085560
v -0.076034888 -0.238047972 -0.257037104
v -0.058200571 -0.233099248 -0.244608954
v -0.040831423 -0.227463415 -0.231819843
v -0.023956123 -0.221150646 -0.218690214
v -0.007611947 -0.214161112 -0.205235560
v 0.008178579 -0.206514528 -0.191480483
v 0.023379569 -0.198215417 -0.177442276
v 0.037962313 -0.189278082 -0.163142480
v 0.051895905 -0.179715675 -0.148601862
v 0.065152981 -0.169545868 -0.133842615
v 0.077709318 -0.158789647 -0.118887570
v 0.089528050 -0.147459157 -0.103756514
v 0.100590012 -0.135581683 -0.088473655
v 0.110868200 -0.123179217 -0.073061177
v 0.120337862 -0.110276478 -0.057541785
v 0.128976651 -0.096900569 -0.041938500
v 0.136764430 -0.083080488 -0.026274482
v 0.143683149 -0.068846764 -0.010572940
v 0.149716778 -0.054231170 0.005142902
v 0.154848493 -0.039265521 0.020849709
v 0.159068101 -0.023984315 0.036524123
v 0.162368060 -0.008422556 0.052142962
v 0.164741692 0.007384935 0.067683073
v 0.166185138 0.023403058 0.083121422
v 0.166697800 0.039596648 0.098435243
v 0.166278459 0.055931267 0.113601482
v 0.164929851 0.072372437 0.128597417
v 0.162662059 0.088886003 0.143401767
v 0.159480139 0.105439189 0.157992177
v 0.155389562 0.121999662 0.172345996
v 0.150406670 0.138535957 0.186443411
v 0.144537229 0.155017057 0.200261445
v 0.137800393 0.171413443 0.213781227
v 0.130211943 0.187696485 0.226983123
v 0.121789322 0.203838527 0.239848220
v 0.112540984 0.219810510 0.252353580
v 0.102494016 0.235587773 0.264484439
v 0.091658376 0.251141911 0.276217996
v 0.080063851 0.266450588 0.287541523
v 0.067733700 0.281490837 0.298439824
v 0.054680301 0.296235332 0.308890826
v 0.040929842 0.310662332 0.318880737
v 0.026509976 0.324751644 0.328397387
v 0.011443105 0.338480941 0.337425241
v -0.004244780 0.351830060 0.345951521
v -0.020524096 0.364781882 0.353967059
v -0.037382018 0.377306947 0.361447132
v -0.054778720 0.389395488 0.368391743
v -0.072686797 0.401030107 0.374790805
v -0.091079599 0.412191971 0.380632676
v -0.109935237 0.422856665 0.385899345
v -0.129210987 0.433023070 0.390599542
v -0.148880805 0.442672620 0.394721711
v -0.168916604 0.451788135 0.398256072
v -0.189288414 0.460354167 0.401194920
v -0.209964618 0.468357379 0.403532921
v -0.230912297 0.475786933 0.405267415
v -0.252097672 0.482634904 0.406398698
v -0.273486691 0.488896679 0.406930263
v -0.295045735 0.494571339 0.406869005
v -0.316748732 0.499624877 0.406188893
v -0.338559449 0.504052363 0.404893672
v -0.360440340 0.507892314 0.403028366
v -0.382364550 0.511067056 0.400526008
v -0.404294636 0.513639988 0.397455082
v -0.426198318 0.515559359 0.393774350
v -0.448044640 0.516867076 0.389530550
v -0.469793816 0.517502532 0.384675885
v -0.491428964 0.517554333 0.379297839
v -0.512889613 0.516901772 0.373296848
v -0.534168619 0.515645348 0.366769342
v -0.555240341 0.513793504 0.359729336
v -0.576026799 0.511233494 0.352088936
v -0.596539571 0.508076781 0.343950530
v -0.616749843 0.504324800 0.335322301
v -0.636617260 0.499961166 0.326198368
v -0.656075080 0.494935888 0.316547415
v -0.675137289 0.489327957 0.306440666
v -0.693775253 0.483142567 0.295889843
v -0.711960650 0.476386072 0.284907695
v -0.729665569 0.469065986 0.273507975
v -0.746835165 0.461163087 0.261685624
v -0.763441686 0.452691277 0.249460403
v -0.779486774 0.443690921 0.236870059
v -0.794945676 0.434174064 0.223931894
v -0.809794483 0.424153769 0.210663979
v -0.824010199 0.413644085 0.197085102
v -0.837570797 0.402660006 0.183214716
v -0.850455282 0.391217430 0.169072886
v -0.862643731 0.379333111 0.154680234
v -0.874117346 0.367024616 0.140057881
v -0.884858481 0.354310272 0.125227399
v -0.894850676 0.341209117 0.110210748
v -0.904078681 0.327740856 0.095030229
v -0.912528476 0.313925803 0.079708430
v -0.920187285 0.299784842 0.064268177
v -0.927043589 0.285339371 0.048732488
v -0.933087134 0.270611264 0.033124523
v -0.938308940 0.255622823 0.017467546
v -0.942701301 0.240396737 0.001784877
v -0.946248375 0.224953896 -0.013899907
v -0.948950334 0.209319499 -0.029563001
v -0.950806468 0.193518022 -0.045181069
v -0.951813825 0.177573311 -0.060730838
v -0.951970770 0.161509446 -0.076189130
v -0.951277007 0.145350702 -0.091532903
v -0.949733588 0.129121502 -0.106739301
v -0.947342928 0.112846376 -0.121785698
v -0.944108813 0.096549908 -0.136649749
v -0.940036408 0.080256683 -0.151309441
v -0.935132261 0.063991233 -0.165743142
v -0.929404296 0.047777983 -0.179929663
v -0.922861812 0.031641186 -0.193848306
v -0.915515464 0.015604866 -0.207478921
v -0.907377246 -0.000307248 -0.220801964
v -0.898460462 -0.016071784 -0.233798546
v -0.888779690 -0.031665793 -0.246450489
v -0.878350743 -0.047066809 -0.258740376
v -0.867168045 -0.062245380 -0.270639056
v -0.855218539 -0.077166302 -0.282110156
v -0.842574659 -0.091824557 -0.293166365
v -0.829257189 -0.106200115 -0.303793783
v -0.815287838 -0.120273758 -0.313979515
v -0.800689159 -0.134027135 -0.323711683
v -0.785427645 -0.147408067 -0.332933030
v -0.769551848 -0.160408198 -0.341647390
v -0.753122113 -0.173032112 -0.349873646
v -0.736163977 -0.185265453 -0.357604450
v -0.718626858 -0.197027975 -0.364752023
v -0.700603355 -0.208355321 -0.371372326
v -0.682135921 -0.219249505 -0.377477539
v -0.663172516 -0.229609584 -0.382960101
v -0.643818684 -0.239504800 -0.387910754
v -0.624067315 -0.248876677 -0.392272809
v -0.603954817 -0.257720655 -0.396050854
v -0.583514132 -0.266025401 -0.399242285
v -0.562774337 -0.273778432 -0.401842488
v -0.541759953 -0.280949916 -0.403829466
v -0.520520213 -0.287573446 -0.405246833
v -0.499062520 -0.293572169 -0.406024292
v -0.477436386 -0.298981509 -0.406207283
v -0.455672794 -0.303794624 -0.405797042
v -0.433801762 -0.307995929 -0.404786380
v -0.411855166 -0.311567507 -0.403166401
v -0.389867504 -0.314501824 -0.400938619
v -0.367872948 -0.316806197 -0.398118406
v -0.345904330 -0.318475876 -0.394709504
v -0.323996826 -0.319491658 -0.390702698
v -0.302183517 -0.319862111 -0.386114306
v -0.280496214 -0.319592761 -0.380957482
v -0.258965544 -0.318689262 -0.375245209
v -0.237636346 -0.317113030 -0.368952544
v -0.216525874 -0.314914529 -0.362131129
v -0.195684126 -0.312050548 -0.354752954
v -0.175130963 -0.308556282 -0.346855954
v -0.154901983 -0.304427146 -0.338444670
v -0.135031761 -0.299663844 -0.329528288
v -0.115553150 -0.294271506 -0.320119643
v -0.096496865 -0.288258907 -0.310234361
v -0.077891246 -0.281637772 -0.299890131
v -0.059769442 -0.274413764 -0.289100003
v -0.042164284 -0.266594133 -0.277878247
v -0.025104856 -0.258191386 -0.266242911
v -0.008618588 -0.249219658 -0.254212910
v 0.007263148 -0.239689816 -0.241804729
v 0.022512302 -0.229616662 -0.229037361
v 0.037103321 -0.219017466 -0.215931099
v 0.050997549 -0.207900667 -0.202500464
v 0.064180197 -0.196293140 -0.188771178
v 0.076620240 -0.184210568 -0.174761566
v 0.088290039 -0.171672384 -0.160491934
v 0.099165547 -0.158701178 -0.145983959
v 0.109225850 -0.145321870 -0.131260045
v 0.118445173 -0.131557954 -0.116341353
v 0.126805119 -0.117437233 -0.101250730
v 0.134280025 -0.102985691 -0.086009722
v 0.140856766 -0.088234918 -0.070641970
v 0.146517980 -0.073215564 -0.055170206
v 0.151249237 -0.057959944 -0.039617486
v 0.155038751 -0.042501623 -0.024007019
v 0.157876775 -0.026875040 -0.008362074
v 0.159752369 -0.011115005 0.007293974
v 0.160665177 0.004742106 0.022937653
v 0.160613183 0.020660422 0.038545644
v 0.159596759 0.036604090 0.054094642
v 0.157618855 0.052537486 0.069561385
v 0.154685281 0.068425483 0.084922739
v 0.150805095 0.084233784 0.100155860
v 0.145990331 0.099929243 0.115238328
v 0.140245130 0.115478029 0.130145972
v 0.133595521 0.130850863 0.144858833
v 0.126050248 0.146016262 0.159353377
v 0.117627586 0.160945355 0.173607985
v 0.108349987 0.175611556 0.187602397
v 0.098230671 0.189985996 0.201313314
v 0.087298099 0.204045884 0.214722598
v 0.075572397 0.217766413 0.227809469
v 0.063079621 0.231126023 0.240555647
v 0.049839593 0.244100795 0.252940117
v 0.035875912 0.256668853 0.264943352
v 0.021216328 0.268811232 0.276548166
v 0.005893040 0.280513024 0.287740833
v -0.010074977 0.291750837 0.298499419
v -0.026648818 0.302516349 0.308815866
v -0.043817616 0.312779031 0.318661123
v -0.061539220 0.322534584 0.328030562
v -0.079785240 0.331768117 0.336909511
v -0.098524747 0.340467698 0.345285985
v -0.117734478 0.348612206 0.353139252
v -0.137379609 0.356193369 0.360460612
v -0.157417297 0.363217601 0.367255258
v -0.177838749 0.369639508 0.373479289
v -0.198587889 0.375488782 0.379159929
v -0.219646102 0.380732777 0.384265272
v -0.240978828 0.385365439 0.388788619
v -0.262547829 0.389391771 0.392733828
v -0.284321249 0.392803137 0.396091781
v -0.306265987 0.395593132 0.398855482
v -0.328348053 0.397757872 0.401020349
v -0.350533025 0.399296268 0.402584495
v -0.372786616 0.400210291 0.403548991
v -0.395075360 0.400505176 0.403918089
v -0.417365094 0.400150406 0.403661609
v -0.439619699 0.399164419 0.402796479
v -0.461809368 0.397577555 0.401351257
v -0.483895244 0.395349619 0.399286380
v -0.505844761 0.392503323 0.396623025
v -0.527631824 0.389062626 0.393383723
v -0.549206939 0.384985590 0.389527056
v -0.570558194 0.380334190 0.385112496
v -0.591634272 0.375072057 0.380103984
v -0.612411355 0.369224959 0.374525895
v -0.632880076 0.362838974 0.368422468
v -0.652946944 0.355824357 0.361705431
v -0.672645376 0.348290571 0.354480961
v -0.691946848 0.340243432 0.346754155
v -0.710744844 0.331604294 0.338447245
v -0.729080251 0.322469050 0.329653485
v -0.746928131 0.312850554 0.320384858
v -0.764260971 0.302759376 0.310651098
v -0.780983521 0.292153540 0.300410071
v -0.797122430 0.281095359 0.289722410
v -0.812664564 0.269609049 0.278611298
v -0.827585288 0.257709550 0.267090772
v -0.841860784 0.245412767 0.255175821
v -0.855468130 0.232735534 0.242882356
v -0.868362365 0.219684480 0.230216074
v -0.880505649 0.206273123 0.217189447
v -0.891919794 0.192541994 0.203842032
v -0.902586642 0.178510966 0.190192773
v -0.912489226 0.164200562 0.176261266
v -0.921611808 0.149631896 0.162067703
v -0.929939918 0.134826621 0.147632822
v -0.937460379 0.119806872 0.132977850
v -0.944161332 0.104595215 0.118124452
v -0.950032251 0.089214585 0.103094680
v -0.955063958 0.073688240 0.087910914
v -0.959248630 0.058039705 0.072595821
v -0.962579801 0.042292723 0.057172299
v -0.965052371 0.026471207 0.041663435
v -0.966662596 0.010599193 0.026092455
v -0.967408094 -0.005299206 0.010482678
v -0.967287838 -0.021199847 -0.005142517
v -0.966302152 -0.037078593 -0.020759747
v -0.964452708 -0.052911362 -0.036345655
v -0.961742521 -0.068674167 -0.051876959
v -0.958175942 -0.084343159 -0.067330489
v -0.953754428 -0.099893957 -0.082682609
v -0.948465260 -0.115298880 -0.097906701
v -0.942338627 -0.130537587 -0.112982604
v -0.935384043 -0.145586948 -0.127887775
v -0.927612384 -0.160424183 -0.142599991
v -0.919035866 -0.175026911 -0.157097397
v -0.909668037 -0.189373208 -0.171358563
v -0.899523747 -0.203441659 -0.185362539
v -0.888619118 -0.217211419 -0.199088911
v -0.876971514 -0.230662270 -0.212517852
v -0.864599493 -0.243774669 -0.225630182
v -0.851522757 -0.256529808 -0.238407414
v -0.837762101 -0.268909661 -0.250831812
v -0.823337112 -0.280895597 -0.262885075
v -0.808205389 -0.292426099 -0.274508353
v -0.792459120 -0.303526620 -0.285724921
v -0.776123356 -0.314182761 -0.296520511
v -0.759223861 -0.324381144 -0.306881841
v -0.741787017 -0.334109444 -0.316796641
v -0.723799382 -0.343315149 -0.326214397
v -0.705296089 -0.351988071 -0.335124803
v -0.686342499 -0.360155019 -0.343552870
v -0.666966968 -0.367808306 -0.351490818
v -0.647143168 -0.374862216 -0.358856303
v -0.626945112 -0.381363817 -0.365693804
v -0.606417852 -0.387331145 -0.372020171
v -0.585537648 -0.392657860 -0.377733185
v -0.564385265 -0.397427312 -0.382912261
v -0.542973081 -0.401591763 -0.387511274
v -0.521333118 -0.405144113 -0.391523053
v -0.499504605 -0.408094082 -0.394956570
v -0.477515206 -0.410423247 -0.397793827
v -0.455399478 -0.412123077 -0.400026301
v -0.433195526 -0.413231921 -0.401690588
v -0.410928944 -0.413666751 -0.402706564
v -0.388640716 -0.413493115 -0.403137020
v -0.366361973 -0.412703201 -0.402974226
v -0.344125893 -0.411289217 -0.402210473
v -0.321970361 -0.409229123 -0.400824327
v -0.299927389 -0.406548298 -0.398840053
v -0.278030186 -0.403250718 -0.396261323
v -0.256312171 -0.399339920 -0.393091399
v -0.234806625 -0.394820661 -0.389334734
v -0.213555064 -0.389680503 -0.384979202
v -0.192582437 -0.383947111 -0.380051370
v -0.171917554 -0.377633726 -0.374563901
v -0.151603583 -0.370730025 -0.368506719
v -0.131665235 -0.363257724 -0.361900654
v -0.112140039 -0.355219448 -0.354748101
v -0.093049618 -0.346638408 -0.347071307
v -0.074434128 -0.337515121 -0.338870565
v -0.056324376 -0.327863119 -0.330158685
v -0.038744247 -0.317702297 -0.320954563
v -0.021726255 -0.307044158 -0.311268896
v -0.005303605 -0.295900991 -0.301113011
v 0.010506898 -0.284297981 -0.290510612
v 0.025668476 -0.272245526 -0.279470867
v 0.040163281 -0.259767544 -0.268015889
v 0.053953599 -0.246876111 -0.256155958
v 0.067021047 -0.233595624 -0.243913080
v 0.079339977 -0.219946519 -0.231305023
v 0.090882393 -0.205949126 -0.218348966
v 0.101635848 -0.191630895 -0.205068742
v 0.111565901 -0.177011195 -0.191479394
v 0.120660535 -0.162118610 -0.177604697
v 0.128896520 -0.146978413 -0.163464272
v 0.136255128 -0.131618269 -0.149079381
v 0.142721460 -0.116067491 -0.134472211
v 0.148273459 -0.100355020 -0.119663342
v 0.152905293 -0.084513371 -0.104676743
v 0.156594772 -0.068573759 -0.089533227
v 0.159338595 -0.052570386 -0.074256791
v 0.161127029 -0.036537383 -0.058870130
v 0.161953760 -0.020509822 -0.043396327
v 0.161815466 -0.004523368 -0.027858657
v 0.160711509 0.011385999 -0.012280477
v 0.158642607 0.027182030 0.003314815
v 0.155610931 0.042828250 0.018903664
v 0.151626728 0.058289517 0.034462607
v 0.146699291 0.073530898 0.049968258
v 0.140840339 0.088518312 0.065397276
v 0.134064200 0.103218844 0.080726439
v 0.126388076 0.117601145 0.095932786
v 0.117829613 0.131634751 0.110993331
v 0.108405940 0.145289446 0.125884667
v 0.098146033 0.158541473 0.140585922
v 0.087067491 0.171362624 0.155073678
v 0.075195241 0.183729076 0.169326107
v 0.062557614 0.195620205 0.183322646
v 0.049178938 0.207013937 0.197041534
v 0.035084007 0.217888921 0.210460874
v 0.020309050 0.228233681 0.223564271
v 0.004873680 0.238024484 0.236327654
v -0.011189382 0.247248813 0.248733398
v -0.027848615 0.255894475 0.260763977
v -0.045073029 0.263949931 0.272402178
v -0.062841642 0.271392397 0.283622800
v -0.081109325 0.278227691 0.294420138
v -0.099856288 0.284431863 0.304767704
v -0.119041792 0.290008534 0.314658456
v -0.138637244 0.294945759 0.324074177
v -0.158611728 0.299234439 0.332998494
v -0.178932217 0.302868969 0.341417558
v -0.199563965 0.305847976 0.349320828
v -0.220471139 0.308175113 0.356702006
v -0.241625767 0.309834394 0.363538886
v -0.262990561 0.310833146 0.369828046
v -0.284533192 0.311166492 0.375556203
v -0.306216144 0.310852637 0.380729788
v -0.328011617 0.309858309 0.385310712
v -0.349881075 0.308209401 0.389312153
v -0.371790794 0.305910122 0.392728741
v -0.393707137 0.302962393 0.395553033
v -0.415596177 0.299370742 0.397779908
v -0.437424183 0.295142463 0.399406839
v -0.459158202 0.290287723 0.400434157
v -0.480766747 0.284819596 0.400865266
v -0.502208495 0.278717301 0.400669889
v -0.523453902 0.272010779 0.399867447
v -0.544479944 0.264732761 0.398481702
v -0.565243835 0.256865828 0.396485105
v -0.585710118 0.248420996 0.393878176
v -0.605873843 0.239454181 0.390710866
v -0.625655161 0.229903684 0.386905057
v -0.645086260 0.219873630 0.382564958
v -0.664069909 0.209292881 0.377599146
v -0.682637428 0.198249208 0.372096614
v -0.700729204 0.186725147 0.366025341
v -0.718307251 0.174729859 0.359383569
v -0.735396020 0.162325658 0.352235108
v -0.751908351 0.149482621 0.344529148
v -0.767833334 0.136233503 0.336292899
v -0.783186929 0.122624517 0.327573129
v -0.797944533 0.108671971 0.318378279
v -0.811990251 0.094349252 0.308652962
v -0.825381806 0.079721023 0.298472092
v -0.838105867 0.064811036 0.287853991
v -0.850141290 0.049639390 0.276811549
v -0.861467881 0.034226987 0.265358651
v -0.872012340 0.018581273 0.253482661
v -0.881781598 0.002735585 0.241216158
v -0.890789639 -0.013278342 0.228592124
v -0.899021310 -0.029437212 0.215628018
v -0.906462722 -0.045717261 0.202342072
v -0.913101288 -0.062094324 0.188753240
v -0.918925763 -0.078543897 0.174881147
v -0.923926271 -0.095041209 0.160746035
v -0.928094333 -0.111561282 0.146368711
v -0.931422877 -0.128078999 0.131770487
v -0.933904116 -0.144569029 0.116972687
v -0.935498478 -0.161002751 0.101991230
v -0.936243361 -0.177356651 0.086857770
v -0.936137214 -0.193605857 0.071594875
v -0.935179858 -0.209725611 0.056225366
v -0.933372476 -0.225691326 0.040772276
v -0.930717609 -0.241478625 0.025258801
v -0.927219147 -0.257063391 0.009708257
v -0.922882320 -0.272421810 -0.005855961
v -0.917713690 -0.287530416 -0.021410430
v -0.911721137 -0.302366135 -0.036931733
v -0.904913851 -0.316906326 -0.052396513
v -0.897302315 -0.331128830 -0.067781509
v -0.888898295 -0.345012012 -0.083063607
v -0.879714819 -0.358534805 -0.098219886
v -0.869766161 -0.371676758 -0.113227663
v -0.859067816 -0.384418080 -0.128064543
v -0.847636479 -0.396739689 -0.142708468
v -0.835490009 -0.408623254 -0.157137771
v -0.822647398 -0.420051246 -0.171331223
v -0.809128734 -0.431006976 -0.185268089
v -0.794931709 -0.441455967 -0.198917156
v -0.780075767 -0.451377617 -0.212254254
v -0.764610398 -0.460777441 -0.225271355
v -0.748560015 -0.469642495 -0.237950052
v -0.731949866 -0.477960912 -0.250272714
v -0.714805962 -0.485721932 -0.262222532
v -0.697154987 -0.492915917 -0.273783565
v -0.679024219 -0.499534376 -0.284940775
v -0.660387707 -0.505495249 -0.295625377
v -0.641327250 -0.510856322 -0.305869047
v -0.621876316 -0.515618714 -0.315663995
v -0.602064088 -0.519778901 -0.324999293
v -0.581898412 -0.523291286 -0.333830881
v -0.561403957 -0.526132817 -0.342131051
v -0.540643196 -0.528365195 -0.349940221
v -0.519641948 -0.529979645 -0.357243551
v -0.498399302 -0.530875030 -0.363948188
v -0.476985762 -0.531166825 -0.370141987
v -0.455418842 -0.530803946 -0.375773371
v -0.433728461 -0.529768972 -0.380818524
v -0.411957085 -0.528122969 -0.385322585
v -0.390128688 -0.525780940 -0.389201141
v -0.368283005 -0.522836062 -0.392529614
v -0.346451739 -0.519219348 -0.395236348
v -0.324668749 -0.514979178 -0.397357113
v -0.302963007 -0.510131212 -0.398898854
v -0.281380408 -0.504617307 -0.399796287
v -0.259943229 -0.498507448 -0.400108091
v -0.238684753 -0.491800169 -0.399824401
v -0.217639317 -0.484497979 -0.398938755
v -0.196843493 -0.476602903 -0.397443693
v -0.176330559 -0.468127365 -0.395342188
v -0.156127699 -0.459093436 -0.392647660
v -0.136269647 -0.449508770 -0.389358352
v -0.116791735 -0.439382580 -0.385473803
v -0.097718549 -0.428738730 -0.381009785
v -0.079076073 -0.417596838 -0.375977809
v -0.060898024 -0.405968065 -0.370379641
v -0.043225070 -0.393859037 -0.364211104
v -0.026065645 -0.381306260 -0.357503707
v -0.009464388 -0.368313960 -0.350250033
v 0.006555349 -0.354905681 -0.342465822
v 0.021972675 -0.341105273 -0.334167682
v 0.036758118 -0.326931066 -0.325364908
v 0.050885838 -0.312404335 -0.316070351
v 0.064333618 -0.297548416 -0.306299588
v 0.077081062 -0.282387358 -0.296069199
v 0.089087759 -0.266938082 -0.285383926
v 0.100356105 -0.251234028 -0.274274493
v 0.110848779 -0.235294546 -0.262748243
v 0.120549670 -0.219146971 -0.250825031
v 0.129443273 -0.202818610 -0.238524546
v 0.137509777 -0.186336220 -0.225864462
v 0.144725451 -0.169727001 -0.212861343
v 0.151089750 -0.153021646 -0.199540666
v 0.156569519 -0.136248051 -0.185915946
v 0.161164084 -0.119437777 -0.172012224
v 0.164859048 -0.102621847 -0.157849602
v 0.167644723 -0.085832272 -0.143449607
v 0.169507794 -0.069102299 -0.128832959
v 0.170445577 -0.052465363 -0.114022781
v 0.170451132 -0.035956095 -0.099041110
v 0.169524559 -0.019608921 -0.083911084
v 0.167663089 -0.003459560 -0.068655231
v 0.164867876 0.012456108 -0.053296624
v 0.161143419 0.028102313 -0.037858611
v 0.156497122 0.043443602 -0.022364659
v 0.150938959 0.058445015 -0.006838274
v 0.144481255 0.073072245 0.008697036
v 0.137138534 0.087291805 0.024217760
v 0.128927453 0.101071225 0.039700383
v 0.119866789 0.114379280 0.055121396
v 0.109977503 0.127186289 0.070457330
v 0.099282840 0.139464496 0.085684850
v 0.087808496 0.151188561 0.100780923
v 0.075582817 0.162336215 0.115723113
v 0.062629655 0.172882515 0.130487903
v 0.048982418 0.182811577 0.145054183
v 0.034664036 0.192099083 0.159397724
v 0.019710134 0.200733823 0.173498476
v 0.004151339 0.208701362 0.187335134
v -0.011983637 0.215985904 0.200885441
v -0.028662286 0.222576926 0.214128967
v -0.045850385 0.228467878 0.227047016
v -0.063515709 0.233650955 0.239620225
v -0.081628274 0.238115615 0.251827602
v -0.100155884 0.241855070 0.263649696
v -0.119064275 0.244867234 0.275069465
v -0.138317479 0.247155855 0.286073388
v -0.157887007 0.248709408 0.296638997
v -0.177734395 0.249540970 0.306758553
v -0.197833405 0.249631548 0.316404260
v -0.218146075 0.248995906 0.325569625
v -0.238639272 0.247637286 0.334241100
v -0.259279731 0.245561321 0.342406901
v -0.280036348 0.242758689 0.350044169
v -0.300873611 0.239246021 0.357148729
v -0.321758094 0.235047658 0.363723612
v -0.342657952 0.230126965 0.369723409
v -0.363539922 0.224540517 0.375177177
v -0.384370784 0.218272593 0.380055652
v -0.405116690 0.211330596 0.384347905
v -0.425747198 0.203741351 0.388060370
v -0.446229969 0.195513838 0.391184142
v -0.466532741 0.186659589 0.393712416
v -0.486623777 0.177192744 0.395640761
v -0.506472392 0.167130059 0.396967395
v -0.526049557 0.156490832 0.397693423
v -0.545328581 0.145296736 0.397823046
v -0.564267815 0.133545590 0.397333771
v -0.582837910 0.121260455 0.396229628
v -0.601031221 0.108487669 0.394544252
v -0.618803046 0.095224009 0.392252838
v -0.636117740 0.081485129 0.389350351
v -0.652989169 0.067329031 0.385890577
v -0.669321924 0.052718396 0.381796027
v -0.685175032 0.037742794 0.377168444
v -0.700438959 0.022364676 0.371923186
v -0.715161226 0.006654469 0.366140821
v -0.729290727 -0.009381294 0.359801363
v -0.742778256 -0.025730858 0.352890007
v -0.755672764 -0.042337165 0.345477232
v -0.767893368 -0.059200366 0.337522942
v -0.779415414 -0.076294243 0.329036235
v -0.790279281 -0.093574483 0.320073047
v -0.800465947 -0.111018453 0.310642368
v -0.809871385 -0.128616624 0.300700570
v -0.818538929 -0.146328598 0.290301893
v -0.826478132 -0.164124757 0.279475142
v -0.833674443 -0.181979833 0.268233690
v -0.840114468 -0.199868063 0.256591889
v -0.845743904 -0.217762127 0.244545173
v -0.850549395 -0.235631536 0.232111773
v -0.854568971 -0.253449648 0.219332165
v -0.857794803 -0.271189823 0.206224187
v -0.860220418 -0.288825327 0.192806430
v -0.861840720 -0.306329409 0.179098182
v -0.862652010 -0.323675369 0.165119383
v -0.862651993 -0.340836636 0.150890565
v -0.861839784 -0.357786833 0.136432803
v -0.860215906 -0.374499842 0.121767658
v -0.857763735 -0.390943220 0.106913386
v -0.854481996 -0.407088015 0.091892977
v -0.850401468 -0.422918025 0.076734853
v -0.845527995 -0.438408902 0.061461771
v -0.839868728 -0.453536803 0.046096720
v -0.833432101 -0.468278437 0.030662875
v -0.826227816 -0.482611107 0.015183551
v -0.818266819 -0.496512760 -0.000317844
v -0.809561277 -0.509962021 -0.015817855
v -0.800124559 -0.522938242 -0.031293024
v -0.789971210 -0.535421540 -0.046719940
v -0.779116922 -0.547392836 -0.062075280
v -0.767578510 -0.558833899 -0.077335860
v -0.755373880 -0.569727383 -0.092478681
v -0.742521997 -0.580056866 -0.107480977
v -0.729042849 -0.589806890 -0.122320267
v -0.714957410 -0.598963000 -0.136974398
v -0.700287595 -0.607511774 -0.151421606
v -0.685053531 -0.615437704 -0.165639306
v -0.669245620 -0.622687468 -0.179588749
v -0.652925307 -0.629291659 -0.193264565
v -0.636118141 -0.635241312 -0.206646847
v -0.618850363 -0.640528689 -0.219716346
v -0.601148830 -0.645147293 -0.232454529
v -0.583040939 -0.649091887 -0.244843628
v -0.564554545 -0.652358493 -0.256866682
v -0.545717701 -0.654944028 -0.268507369
v -0.526520694 -0.656757949 -0.279696707
v -0.507035705 -0.657885601 -0.290468711
v -0.487291967 -0.658328402 -0.300810165
v -0.467318694 -0.658088996 -0.310708868
v -0.447137781 -0.657142394 -0.320133726
v -0.426768755 -0.655436142 -0.329032452
v -0.406264460 -0.653060852 -0.337452894
v -0.385653359 -0.650024180 -0.345387340
v -0.364955417 -0.646232851 -0.352750096
v -0.344211798 -0.641771394 -0.359589818
v -0.323452434 -0.636673597 -0.365919371
v -0.302711284 -0.630822682 -0.371627134
v -0.282014885 -0.624365587 -0.376819737
v -0.261403968 -0.617214429 -0.381405802
v -0.240899899 -0.609447754 -0.385438849
v -0.220547370 -0.601017806 -0.388858259
v -0.200358363 -0.592006778 -0.391725120
v -0.180394620 -0.582335542 -0.393945018
v -0.160658524 -0.572101354 -0.395596004
v -0.141186327 -0.561296997 -0.396654627
v -0.122030600 -0.549899798 -0.397076958
v -0.103199182 -0.537969439 -0.396907850
v -0.084724282 -0.525516598 -0.396140443
v -0.066637547 -0.512555558 -0.394771107
v -0.048969493 -0.499103678 -0.392799280
v -0.031749064 -0.485180864 -0.390227259
v -0.015003306 -0.470809075 -0.387059942
v 0.001242848 -0.456011864 -0.383304563
v 0.016966722 -0.440813954 -0.378970407
v 0.032143844 -0.425238317 -0.374064472
v 0.046725092 -0.409294083 -0.368570586
v 0.060723763 -0.393027637 -0.362533055
v 0.074083329 -0.376446327 -0.355930675
v 0.086810872 -0.359589370 -0.348798878
v 0.098862242 -0.342473061 -0.341129684
v 0.110222293 -0.325126921 -0.332939836
v 0.120876836 -0.307579720 -0.324245871
v 0.130805887 -0.289858433 -0.315059998
v 0.139993491 -0.271991232 -0.305397255
v 0.148405983 -0.254004286 -0.295262363
v 0.156048630 -0.235929695 -0.284683546
v 0.162894234 -0.217795562 -0.273669885
v 0.168937960 -0.199632183 -0.262242861
v 0.174160218 -0.181469617 -0.250416331
v 0.178547269 -0.163339049 -0.238207567
v 0.182090399 -0.145271976 -0.225636167
v 0.184785154 -0.127299660 -0.212723213
v 0.186621380 -0.109454476 -0.199487380
v 0.187593104 -0.091768909 -0.185948929
v 0.187689993 -0.074277399 -0.172126830
v 0.186914869 -0.057012163 -0.158044164
v 0.185264689 -0.040007414 -0.143721908
v 0.182734485 -0.023299313 -0.129180694
v 0.179335891 -0.006918991 -0.114444922
v 0.175063294 0.009094942 -0.099534980
v 0.169930259 0.024710788 -0.084475028
v 0.163943087 0.039893012 -0.069287549
v 0.157112009 0.054606935 -0.053995622
v 0.149450535 0.068818853 -0.038622632
v 0.140974963 0.082496130 -0.023192107
v 0.131704005 0.095607287 -0.007727624
v 0.121658518 0.108122094 0.007747224
v 0.110861310 0.120011702 0.023208841
v 0.099337019 0.131248806 0.038633626
v 0.087112033 0.141807867 0.053997981
v 0.074214468 0.151665412 0.069278354
v 0.060674165 0.160800425 0.084451322
v 0.046522712 0.169194861 0.099493764
v 0.031793466 0.176834317 0.114383148
v 0.016516384 0.183700999 0.129095957
v 0.000727599 0.189787284 0.143610792
v -0.015543612 0.195076312 0.157903582
v -0.032259943 0.199565906 0.171954060
v -0.049387828 0.203249813 0.185740788
v -0.066894454 0.206121668 0.199242007
v -0.084746811 0.208176379 0.212435994
v -0.102908307 0.209420255 0.225305444
v -0.121346293 0.209852147 0.237830194
v -0.140029537 0.209466620 0.249987764
v -0.158922748 0.208273442 0.261762393
v -0.177994158 0.206270785 0.273132765
v -0.197208937 0.203473868 0.284086205
v -0.216535240 0.199887207 0.294604832
v -0.235940754 0.195518546 0.304672307
v -0.255393624 0.190369277 0.314268309
v -0.274861220 0.184460065 0.323384264
v -0.294312078 0.177800374 0.332005026
v -0.313715018 0.170403868 0.340118250
v -0.333039878 0.162288346 0.347714864
v -0.352251474 0.153442629 0.354763629
v -0.371324820 0.143915782 0.361279040
v -0.390226184 0.133704957 0.367236131
v -0.408930614 0.122844189 0.372639678
v -0.427398765 0.111322774 0.377455765
v -0.445611867 0.099188014 0.381701925
v -0.463540193 0.086454437 0.385367070
v -0.481154279 0.073139024 0.388441874
v -0.498425299 0.059261231 0.390919043
v -0.515325501 0.044842942 0.392793597
v -0.531828697 0.029908363 0.394063129
v -0.547910810 0.014483816 0.394728061
v -0.563550470 -0.001402570 0.394791845
v -0.578729648 -0.017721291 0.394261131
v -0.593415434 -0.034456126 0.393123810
v -0.607566222 -0.051592156 0.391360989
v -0.621204692 -0.069071273 0.389025713
v -0.634274026 -0.086890648 0.386080894
v -0.646763381 -0.105014331 0.382542337
v -0.658672389 -0.123406973 0.378432648
v -0.669945892 -0.142053904 0.373723571
v -0.680603755 -0.160912816 0.368456084
v -0.690614652 -0.179958886 0.362624839
v -0.699940219 -0.199168034 0.356219202
v -0.708639882 -0.218495711 0.349308701
v -0.716588827 -0.237929293 0.341816184
v -0.723853439 -0.257427179 0.333814045
v -0.730444011 -0.276960304 0.325328200
v -0.736274611 -0.296500304 0.316318335
v -0.741354963 -0.316014503 0.306812345
v -0.745724605 -0.335475302 0.296855211
v -0.749373616 -0.354854898 0.286458247
v -0.752258073 -0.374118441 0.275614111
v -0.754338710 -0.393227015 0.264321304
v -0.755679248 -0.412163295 0.252634686
v -0.756275141 -0.430898908 0.240569645
v -0.756123151 -0.449405493 0.228142458
v -0.755221372 -0.467654785 0.215370260
v -0.753569253 -0.485618697 0.202270997
v -0.751106157 -0.503241373 0.188839642
v -0.747892040 -0.520517230 0.175120859
v -0.743938584 -0.537422979 0.161137850
v -0.739250765 -0.553932430 0.146911125
v -0.733834857 -0.570019942 0.132461725
v -0.727698420 -0.585660489 0.117811176
v -0.720850274 -0.600829713 0.102981429
v -0.713300478 -0.615503986 0.087994814
v -0.705060298 -0.629660454 0.072873977
v -0.696142180 -0.643277090 0.057641838
v -0.686559716 -0.656332739 0.042321531
v -0.676327611 -0.668807156 0.026936358
v -0.665461644 -0.680681047 0.011509737
v -0.653963009 -0.691919497 -0.003934690
v -0.641853089 -0.702506432 -0.019371774
v -0.629164241 -0.712439245 -0.034777654
v -0.615916077 -0.721702612 -0.050128885
v -0.602129123 -0.730282310 -0.065402114
v -0.587824783 -0.738165257 -0.080574139
v -0.573025289 -0.745339543 -0.095621952
v -0.557753666 -0.751794459 -0.110522796
v -0.542033677 -0.757520530 -0.125254213
v -0.525889774 -0.762509535 -0.139794098
v -0.509347043 -0.766754539 -0.154120754
v -0.492431148 -0.770249906 -0.168212941
v -0.475168264 -0.772991317 -0.182049933
v -0.457585018 -0.774975783 -0.195611570
v -0.439684761 -0.776134125 -0.208850377
v -0.421519913 -0.776524198 -0.221768307
v -0.403120501 -0.776152730 -0.234349235
v -0.384514611 -0.775022348 -0.246575693
v -0.365730393 -0.773137023 -0.258431048
v -0.346795987 -0.770502046 -0.269899546
v -0.327734465 -0.767084407 -0.280943893
v -0.308574943 -0.762864908 -0.291531700
v -0.289355426 -0.757917598 -0.301685382
v -0.270103392 -0.752253173 -0.311393197
v -0.250846247 -0.745872540 -0.320637064
v -0.231618444 -0.738687986 -0.329336281
v -0.212445603 -0.730825472 -0.337555623
v -0.193352961 -0.722300222 -0.345287860
v -0.174387526 -0.713018249 -0.352439691
v -0.155562524 -0.703088426 -0.359073201
v -0.136905880 -0.692521173 -0.365176231
v -0.118469032 -0.681259280 -0.370676520
v -0.100242704 -0.669429621 -0.375663223
v -0.082306812 -0.656923286 -0.380011027
v -0.064631560 -0.643886252 -0.383835506
v -0.047303971 -0.630224181 -0.387016088
v -0.030301251 -0.616046662 -0.389639856
v -0.013674452 -0.601333110 -0.391658827
v 0.002543298 -0.586101428 -0.393062339
v 0.018348939 -0.570401347 -0.393880890
v 0.033712035 -0.554247693 -0.394103653
v 0.048586298 -0.537645745 -0.393702868
v 0.062961170 -0.520635102 -0.392697392
v 0.076818303 -0.503245212 -0.391094185
v 0.090133859 -0.485501166 -0.388893671
v 0.102886178 -0.467429920 -0.386098978
v 0.115055937 -0.449059763 -0.382715693
v 0.126612733 -0.430414562 -0.378739058
v 0.137536358 -0.411523998 -0.374175002
v 0.147827252 -0.392423981 -0.369047452
v 0.157457384 -0.373140371 -0.363354566
v 0.166402706 -0.353701735 -0.357098958
v 0.174658619 -0.334141344 -0.350299409
v 0.182215584 -0.314489792 -0.342969591
v 0.189035528 -0.294776182 -0.335102962
v 0.195124903 -0.275033990 -0.326725767
v 0.200470955 -0.255294484 -0.317849813
v 0.205063626 -0.235589260 -0.308488857
v 0.208881818 -0.215951597 -0.298650205
v 0.211927207 -0.196413132 -0.288355299
v 0.214195768 -0.177005597 -0.277621645
v 0.215673125 -0.157763072 -0.266461088
v 0.216354530 -0.138718797 -0.254891164
v 0.216241151 -0.119904494 -0.242932140
v 0.215329676 -0.101353368 -0.230601874
v 0.213617110 -0.083099303 -0.217918463
v 0.211099264 -0.065177719 -0.204899680
v 0.207787113 -0.047618110 -0.191569316
v 0.203679504 -0.030455759 -0.177946002
v 0.198777563 -0.013726388 -0.164049470
v 0.193091465 0.002538321 -0.149902383
v 0.186626831 0.018303115 -0.135525699
v 0.179399001 0.033538202 -0.120942915
v 0.171416041 0.048207762 -0.106175306
v 0.162696100 0.062282468 -0.091246382
v 0.153250400 0.075726113 -0.076178009
v 0.143100670 0.088510281 -0.060993992
v 0.132268183 0.100605614 -0.045717688
v 0.120775886 0.111983604 -0.030372522
v 0.108649011 0.122617497 -0.014982053
v 0.095912629 0.132479415 0.000430090
v 0.082597892 0.141548845 0.015840079
v 0.068735487 0.149805015 0.031224243
v 0.054357340 0.157229222 0.046558933
v 0.039496548 0.163805128 0.061820552
v 0.024187261 0.169519098 0.076985624
v 0.008464578 0.174360658 0.092030933
v -0.007636734 0.178320141 0.106933211
v -0.024082261 0.181388078 0.121668841
v -0.040833846 0.183567944 0.136216686
v -0.057858421 0.184851075 0.150552884
v -0.075120246 0.185239207 0.164655629
v -0.092583973 0.184736937 0.178503896
v -0.110215302 0.183349081 0.192076774
v -0.127981772 0.181071165 0.205349877
v -0.145847876 0.177926746 0.218308505
v -0.163782423 0.173907672 0.230926383
v -0.181752132 0.169035515 0.243188491
v -0.199725473 0.163318970 0.255074908
v -0.217671304 0.156771490 0.266567757
v -0.235559290 0.149408894 0.277650508
v -0.253357438 0.141231908 0.288298285
v -0.271039050 0.132279022 0.298507023
v -0.288572281 0.122550049 0.308251096
v -0.305928924 0.112067219 0.317517601
v -0.323082045 0.100854204 0.326295160
v -0.340004225 0.088930583 0.334570073
v -0.356669883 0.076319997 0.342331844
v -0.373045846 0.063028785 0.349556052
v -0.389111855 0.049093938 0.356242317
v -0.404847440 0.034545932 0.362387179
v -0.420214436 0.019386556 0.367959973
v -0.435201110 0.003660944 0.372970823
v -0.449787356 -0.012602467 0.377415606
v -0.463932565 -0.029399155 0.381262801
v -0.477625704 -0.046687419 0.384521580
v -0.490847911 -0.064437110 0.387189595
v -0.503577983 -0.082620765 0.389261393
v -0.515796714 -0.101209104 0.390733977
v -0.527487350 -0.120171350 0.391607039
v -0.538636068 -0.139475649 0.391883171
v -0.549193840 -0.159108095 0.391528077
v -0.559173216 -0.179020070 0.390573480
v -0.568571413 -0.199176456 0.389032547
v -0.577358215 -0.219553421 0.386890890
v -0.585495151 -0.240123982 0.384128730
v -0.593037991 -0.260839080 0.380813637
v -0.599880335 -0.281685859 0.376863699
v -0.606113174 -0.302614282 0.372375943
v -0.611629553 -0.323602824 0.367271861
v -0.616535463 -0.344612395 0.361656009
v -0.620675905 -0.365610372 0.355415281
v -0.624182331 -0.386567590 0.348670812
v -0.626986036 -0.407447964 0.341382082
v -0.629061196 -0.428214467 0.333544295
v -0.630476491 -0.448847619 0.325222651
v -0.631187589 -0.469307636 0.316398369
v -0.631144791 -0.489546887 0.307051751
v -0.630428557 -0.509557519 0.297252549
v -0.629036201 -0.529310069 0.287011697
v -0.626939142 -0.548762194 0.276324555
v -0.624093723 -0.567859054 0.265179657
v -0.620575835 -0.586603987 0.253638031
v -0.616388131 -0.604968201 0.241714737
v -0.611534531 -0.622923218 0.229425743
v -0.606020228 -0.640440965 0.216787891
v -0.599822807 -0.657471812 0.203804921
v -0.592943366 -0.673979308 0.190494062
v -0.585431411 -0.689966585 0.176894730
v -0.577297207 -0.705408461 0.163026672
v -0.568552185 -0.720280548 0.148910246
v -0.559208914 -0.734559316 0.134566370
v -0.549281072 -0.748222156 0.120016462
v -0.538783407 -0.761247432 0.105282392
v -0.527731699 -0.773614531 0.090386427
v -0.516142724 -0.785303915 0.075351171
v -0.504034205 -0.796297156 0.060199519
v -0.491400831 -0.806540677 0.044951124
v -0.478284300 -0.816047424 0.029634590
v -0.464709408 -0.824809079 0.014274113
v -0.450697101 -0.832811913 -0.001106859
v -0.436269064 -0.840043442 -0.016484829
v -0.421447674 -0.846492453 -0.031836296
v -0.406255952 -0.852149029 -0.047137812
v -0.390717523 -0.857004574 -0.062366024
v -0.374856559 -0.861051832 -0.077497730
v -0.358697731 -0.864284908 -0.092509927
v -0.342266157 -0.866699283 -0.107379864
v -0.325587345 -0.868291826 -0.122085093
v -0.308687137 -0.869060809 -0.136603522
v -0.291591649 -0.869005908 -0.150913466
v -0.274315692 -0.868061862 -0.164973440
v -0.256900264 -0.866291477 -0.178777810
v -0.239372818 -0.863701809 -0.192307109
v -0.221760214 -0.860298357 -0.205541668
v -0.204089252 -0.856088030 -0.218462501
v -0.186386604 -0.851079123 -0.231051356
v -0.168678731 -0.845281277 -0.243290763
v -0.150994621 -0.838661155 -0.255141908
v -0.133365402 -0.831218201 -0.266578921
v -0.115814827 -0.823022234 -0.277613565
v -0.098367958 -0.814088366 -0.288232002
v -0.081049262 -0.804432804 -0.298421382
v -0.063903540 -0.793991036 -0.308115945
v -0.046948161 -0.782830093 -0.317331490
v -0.030197691 -0.771004183 -0.326080376
v -0.013683389 -0.758509179 -0.334335086
v 0.002540007 -0.745295043 -0.342028237
v 0.018489274 -0.731483240 -0.349228137
v 0.034118842 -0.717048418 -0.355886029
v 0.049391455 -0.701991746 -0.361971907
v 0.064327139 -0.686407383 -0.367544510
v 0.078829766 -0.670213542 -0.372488331
v 0.092962583 -0.653550822 -0.376918422
v 0.106612577 -0.636335894 -0.380704792
v 0.119839904 -0.618686726 -0.383949805
v 0.132566780 -0.600571981 -0.386575743
v 0.144796463 -0.582044252 -0.388609008
v 0.156524225 -0.563140669 -0.390062517
v 0.167695692 -0.543865557 -0.390893828
v 0.178304638 -0.524259494 -0.391116226
v 0.188346261 -0.504359536 -0.390742585
v 0.197799514 -0.484193436 -0.389768321
v 0.206645764 -0.463791246 -0.388191882
v 0.214868955 -0.443184636 -0.386014567
v 0.222455667 -0.422406295 -0.383240304
v 0.229395109 -0.401489399 -0.379875399
v 0.235679047 -0.380467168 -0.375928270
v 0.241292435 -0.359371934 -0.371401391
v 0.246206709 -0.338236675 -0.366286514
v 0.250449687 -0.317096139 -0.360622150
v 0.253977153 -0.295984571 -0.354387863
v 0.256816279 -0.274933464 -0.347620132
v 0.258927727 -0.253980326 -0.340303948
v 0.260324906 -0.233157217 -0.332464767
v 0.261003680 -0.212497730 -0.324114399
v 0.260959130 -0.192036114 -0.315264246
v 0.260190588 -0.171805796 -0.305928717
v 0.258696887 -0.151840601 -0.296121883
v 0.256467272 -0.132179163 -0.285852022
v 0.253524639 -0.112845725 -0.275148203
v 0.249850499 -0.093883888 -0.264014237
v 0.245460882 -0.075321115 -0.252474588
v 0.240359650 -0.057191026 -0.240546269
v 0.234552968 -0.039526587 -0.228247525
v 0.228048334 -0.022360596 -0.215597207
v 0.220848929 -0.005730313 -0.202612082
v 0.212974938 0.010339647 -0.189316791
v 0.204434611 0.025814617 -0.175729995
v 0.195238620 0.040660163 -0.161871493
v 0.185404051 0.054846720 -0.147763525
v 0.174948289 0.068344102 -0.133428062
v 0.163893385 0.081126562 -0.118888304
v 0.152255445 0.093159610 -0.104165197
v 0.140061401 0.104421252 -0.089282785
v 0.127333261 0.114881565 -0.074263316
v 0.114097141 0.124514634 -0.059130017
v 0.100382983 0.133299720 -0.043906664
v 0.086220754 0.141215319 -0.028616754
v 0.071641415 0.148240471 -0.013283883
v 0.056678431 0.154358517 0.002068111
v 0.041366729 0.159556122 0.017415420
v 0.025741672 0.163821333 0.032734291
v 0.009839304 0.167144630 0.048000999
v -0.006303840 0.169519144 0.063191876
v -0.022650922 0.170940968 0.078283395
v -0.039165049 0.171409578 0.093252318
v -0.055810050 0.170923554 0.108075092
v -0.072549670 0.169485855 0.122728540
v -0.089348093 0.167106362 0.137190798
v -0.106170731 0.163791595 0.151439329
v -0.122983452 0.159545930 0.165450683
v -0.139753162 0.154387018 0.179204756
v -0.156447099 0.148321970 0.192678420
v -0.173034034 0.141369099 0.205851833
v -0.189484252 0.133548139 0.218706108
v -0.205767261 0.124870767 0.231219253
v -0.221853853 0.115354236 0.243371168
v -0.237717429 0.105023273 0.255145253
v -0.253331643 0.093899597 0.266524046
v -0.268665265 0.081991260 0.277482426
v -0.283699840 0.069339574 0.288013577
v -0.298405297 0.055954563 0.298093297
v -0.312763438 0.041872410 0.307713407
v -0.326748705 0.027112525 0.316855383
v -0.340336796 0.011697699 0.325502406
v -0.353505306 -0.004345764 0.333639988
v -0.366234515 -0.020988033 0.341256703
v -0.378508338 -0.038195893 0.348345027
v -0.390315452 -0.055933121 0.354902306
v -0.401610592 -0.074197955 0.360888058
v -0.412412561 -0.092924507 0.366332901
v -0.422668608 -0.112114188 0.371188884
v -0.432387369 -0.131714657 0.375474604
v -0.441553512 -0.151695518 0.379182470
v -0.450149290 -0.172027518 0.382302466
v -0.458158607 -0.192679503 0.384826467
v -0.465567359 -0.213618636 0.386748499
v -0.472363784 -0.234810696 0.388064999
v -0.478538823 -0.256220472 0.388775064
v -0.484086471 -0.277812263 0.388880663
v -0.489004107 -0.299550497 0.388386807
v -0.493292782 -0.321400468 0.387301660
v -0.496921837 -0.343331399 0.385603942
v -0.499881688 -0.365306007 0.383292777
v -0.502217708 -0.387289172 0.380416483
v -0.503858400 -0.409245415 0.376917928
v -0.504857185 -0.431141645 0.372852302
v -0.505182875 -0.452941673 0.368199052
v -0.504853691 -0.474612863 0.362981511
v -0.503845012 -0.496115996 0.357185722
v -0.502215393 -0.517433249 0.350868348
v -0.499866199 -0.538496937 0.343954624
v -0.496911891 -0.559314601 0.336546367
v -0.493298689 -0.579830126 0.328606907
v -0.489014109 -0.600000349 0.320134149
v -0.484128829 -0.619827984 0.311191405
v -0.478634403 -0.639275751 0.301778998
v -0.472457337 -0.658255807 0.291849238
v -0.465696670 -0.676798762 0.281485157
v -0.458359172 -0.694875905 0.270699025
v -0.450452793 -0.712458881 0.259504116
v -0.441930493 -0.729463495 0.247875928
v -0.432844268 -0.745896263 0.235860123
v -0.423225921 -0.761750001 0.223487038
v -0.413088221 -0.776999270 0.210773706
v -0.402445023 -0.791619455 0.197737972
v -0.391311238 -0.805586844 0.184398445
v -0.379689852 -0.818858902 0.170766995
v -0.367582691 -0.831385516 0.156856075
v -0.355040663 -0.843194110 0.142705905
v -0.342082412 -0.854265591 0.128337498
v -0.328727402 -0.864582048 0.113772360
v -0.314995871 -0.874126802 0.099032435
v -0.300908778 -0.882884441 0.084140051
v -0.286487756 -0.890840856 0.069117864
v -0.271755056 -0.897983275 0.053988808
v -0.256733498 -0.904300282 0.038776040
v -0.241446419 -0.909781846 0.023502886
v -0.225915843 -0.914412355 0.008192688
v -0.210157476 -0.918144242 -0.007130039
v -0.194209076 -0.921018375 -0.022439881
v -0.178095497 -0.923030296 -0.037713337
v -0.161841863 -0.924176993 -0.052926977
v -0.145473513 -0.924456913 -0.068057487
v -0.129015949 -0.923869964 -0.083081726
v -0.112494776 -0.922417521 -0.097976778
v -0.095935642 -0.920102427 -0.112720005
v -0.079364183 -0.916928987 -0.127289101
v -0.062805958 -0.912902959 -0.141662142
v -0.046286389 -0.908031544 -0.155817646
v -0.029834795 -0.902285748 -0.169722788
v -0.013480017 -0.895671183 -0.183352654
v 0.002756339 -0.888239865 -0.196698904
v 0.018849831 -0.880004862 -0.209742229
v 0.034776489 -0.870980572 -0.222464034
v 0.050512872 -0.861182670 -0.234846490
v 0.066036139 -0.850628055 -0.246872576
v 0.081297779 -0.839261298 -0.258486424
v 0.096287492 -0.827149606 -0.269693249
v 0.110993144 -0.814340187 -0.280492291
v 0.125394864 -0.800854700 -0.290870274
v 0.139459637 -0.786689970 -0.300796675
v 0.153134091 -0.771814821 -0.310216522
v 0.166443684 -0.756337487 -0.319176276
v 0.179372530 -0.740282994 -0.327667024
v 0.191836624 -0.723588186 -0.335599229
v 0.203871967 -0.706355968 -0.343027750
v 0.215470711 -0.688621792 -0.349953221
v 0.226536884 -0.670331089 -0.356277218
v 0.237147653 -0.651608228 -0.362096435
v 0.247206652 -0.632410077 -0.367314614
v 0.256762298 -0.612819266 -0.371993452
v 0.265740144 -0.592823865 -0.376063296
v 0.274194430 -0.572498933 -0.379589453
v 0.282020733 -0.551824274 -0.382473504
v 0.289288151 -0.530877373 -0.384794697
v 0.295959076 -0.509675240 -0.386522962
v 0.301987029 -0.488240104 -0.387621415
v 0.307404961 -0.466621462 -0.388130665
v 0.312196238 -0.444849450 -0.388042456
v 0.316347084 -0.422956674 -0.387351668
v 0.319846665 -0.400977419 -0.386056217
v 0.322687077 -0.378946953 -0.384156888
v 0.324863263 -0.356900911 -0.381657123
v 0.326372874 -0.334874783 -0.378562780
v 0.327216094 -0.312903483 -0.374881874
v 0.327395431 -0.291021001 -0.370624312
v 0.326901108 -0.269263527 -0.365789456
v 0.325721522 -0.247669377 -0.360375512
v 0.323887436 -0.226265370 -0.354416162
v 0.321364355 -0.205097737 -0.347890799
v 0.318180938 -0.184192554 -0.340831016
v 0.314337174 -0.163584794 -0.333244609
v 0.309832127 -0.143311192 -0.325138894
v 0.304669644 -0.123407156 -0.316525123
v 0.298857571 -0.103906193 -0.307417631
v 0.292407044 -0.084839568 -0.297833109
v 0.285331859 -0.066236127 -0.287789978
v 0.277629209 -0.048138432 -0.277294611
v 0.269324448 -0.030566486 -0.266373516
v 0.260416469 -0.013563895 -0.255034361
v 0.250925738 0.002844590 -0.243299793
v 0.240867528 0.018629463 -0.231188508
v 0.230253459 0.033755832 -0.218716662
v 0.219102841 0.048196715 -0.205905182
v 0.207436355 0.061926629 -0.192775432
v 0.195271612 0.074914889 -0.179346503
v 0.182627851 0.087130879 -0.165638229
v 0.169530813 0.098553312 -0.151673758
v 0.156002197 0.109152274 -0.137473477
v 0.142069206 0.118906197 -0.123060328
v 0.127760558 0.127795763 -0.108457445
v 0.113102177 0.135792414 -0.093686112
v 0.098126206 0.142880387 -0.078770197
v 0.082864690 0.149042404 -0.063732978
v 0.067350642 0.154261737 -0.048597757
v 0.051618624 0.158524684 -0.033388134
v 0.035704351 0.161820319 -0.018127855
v 0.019644372 0.164140306 -0.002840727
v 0.003475812 0.165478804 0.012449416
v -0.012763859 0.165832440 0.027718731
v -0.029037040 0.165200363 0.042943370
v -0.045306231 0.163584368 0.058099509
v -0.061534287 0.160989117 0.073163409
v -0.077684728 0.157422442 0.088111533
v -0.093722145 0.152895748 0.102920761
v -0.109612502 0.147423362 0.117568499
v -0.125320454 0.141009893 0.132029979
v -0.140815655 0.133681192 0.146284586
v -0.156066597 0.125452219 0.160309551
v -0.171042840 0.116340083 0.174082333
v -0.185715828 0.106365764 0.187581346
v -0.200059704 0.095554716 0.200786676
v -0.214047550 0.083927432 0.213676795
v -0.227655992 0.071510913 0.226232719
v -0.240857853 0.058323426 0.238431596
v -0.253634504 0.044398215 0.250257614
v -0.265965069 0.029762286 0.261692584
v -0.277825794 0.014437995 0.272715445
v -0.289198505 -0.001544198 0.283309729
v -0.300070447 -0.018148777 0.293463494
v -0.310419118 -0.035352615 0.303156018
v -0.320226752 -0.053126553 0.312370552
v -0.329483601 -0.071433918 0.321097306
v -0.338174775 -0.090244138 0.329321842
v -0.346288804 -0.109524017 0.337032670
v -0.353810896 -0.129243194 0.344215271
v -0.360720492 -0.149373968 0.350849866
v -0.367031933 -0.169867535 0.356947930
v -0.372706183 -0.190707058 0.362473013
v -0.377769393 -0.211840715 0.367447277
v -0.382177211 -0.233250516 0.371829302
v -0.385945340 -0.254891708 0.375631881
v -0.389070634 -0.276728957 0.378850821
v -0.391545227 -0.298728328 0.381477645
v -0.393363542 -0.320854739 0.383505941
v -0.394522539 -0.343072311 0.384931611
v -0.395021966 -0.365344826 0.385753111
v -0.394864559 -0.387636263 0.385971669
v -0.394056212 -0.409911451 0.385591453
v -0.392606062 -0.432136812 0.384619682
v -0.390470781 -0.454270171 0.383015074
v -0.387696152 -0.476280466 0.380818643
v -0.384309056 -0.498141099 0.378054196
v -0.380240334 -0.519795438 0.374656266
v -0.375571848 -0.541231949 0.370699733
v -0.370268430 -0.562402240 0.366150679
v -0.364361097 -0.583280987 0.361036812
v -0.357839552 -0.603825895 0.355347309
v -0.350751381 -0.624025612 0.349125593
v -0.343041566 -0.643804849 0.342318682
v -0.334808563 -0.663193276 0.335018114
v -0.325988400 -0.682100070 0.327162211
v -0.316629549 -0.700522553 0.318795525
v -0.306776241 -0.718461625 0.309958827
v -0.296390658 -0.735834290 0.300614789
v -0.285499748 -0.752620960 0.290787662
v -0.274155015 -0.768836516 0.280525361
v -0.262370326 -0.784454776 0.269839903
v -0.250123669 -0.799391450 0.258708527
v -0.237448719 -0.813639352 0.247162088
v -0.224388306 -0.827213285 0.235240529
v -0.210960465 -0.840090704 0.222959844
v -0.197184132 -0.852250058 0.210336892
v -0.183075457 -0.863661821 0.197385738
v -0.168630452 -0.874237743 0.184100183
v -0.153904365 -0.884037842 0.170532958
v -0.138919138 -0.893045651 0.156703861
v -0.123697325 -0.901245993 0.142633299
v -0.108262046 -0.908625025 0.128342241
v -0.092636919 -0.915170281 0.113852161
v -0.076846007 -0.920870700 0.099184982
v -0.060913754 -0.925716656 0.084363026
v -0.044862060 -0.929672470 0.069405529
v -0.028717399 -0.932720855 0.054336476
v -0.012510020 -0.934895628 0.039184785
v 0.003734809 -0.936193056 0.023973711
v 0.019991722 -0.936610883 0.008726644
v 0.036235309 -0.936148337 -0.006532946
v 0.052440174 -0.934806135 -0.021781559
v 0.068580991 -0.932586473 -0.036995717
v 0.084632560 -0.929493031 -0.052152020
v 0.100569866 -0.925530959 -0.067227194
v 0.116368130 -0.920706871 -0.082198150
v 0.132002872 -0.915028825 -0.097042030
v 0.147435650 -0.908449971 -0.111724626
v 0.162649923 -0.901024172 -0.126229132
v 0.177625151 -0.892776574 -0.140535861
v 0.192338458 -0.883720993 -0.154623290
v 0.206767551 -0.873872596 -0.168470398
v 0.220890778 -0.863247856 -0.182056725
v 0.234687182 -0.851864504 -0.195362421
v 0.248136553 -0.839741475 -0.208368297
v 0.261181678 -0.826830393 -0.221022879
v 0.273826655 -0.813204373 -0.233327927
v 0.286063081 -0.798904033 -0.245274563
v 0.297874272 -0.783952978 -0.256846751
v 0.309244548 -0.768375669 -0.268029356
v 0.320112976 -0.752140831 -0.278767040
v 0.330478590 -0.735299263 -0.289057539
v 0.340356721 -0.717913897 -0.298913297
v 0.349736199 -0.700012199 -0.308323294
v 0.358526083 -0.681550210 -0.317204905
v 0.366776119 -0.662618494 -0.325601584
v 0.374495863 -0.643261782 -0.333520973
v 0.381584670 -0.623444937 -0.340871322
v 0.388106146 -0.603253289 -0.347709010
v 0.394038294 -0.582709635 -0.354013234
v 0.399326714 -0.561821701 -0.359733760
v 0.404036710 -0.540660103 -0.364928937
v 0.408070628 -0.519218205 -0.369509131
v 0.411507420 -0.497564653 -0.373545319
v 0.414278795 -0.475711290 -0.376974458
v 0.416407738 -0.453703060 -0.379816661
v 0.417913747 -0.431576658 -0.382089037
v 0.418724701 -0.409357586 -0.383724768
v 0.418892368 -0.387089696 -0.384770493
v 0.418413851 -0.364806352 -0.385222866
v 0.417282103 -0.342542084 -0.385074718
v 0.415493430 -0.320332758 -0.384321954
v 0.413047350 -0.298214848 -0.382963434
v 0.409946387 -0.276224799 -0.381000795
v 0.406195822 -0.254398501 -0.378438236
v 0.401803428 -0.232770863 -0.375282274
v 0.396779179 -0.211375477 -0.371541486
v 0.391134977 -0.190244357 -0.367226254
v 0.384867311 -0.169417089 -0.362332666
v 0.377981871 -0.148930331 -0.356865315
v 0.370505406 -0.128808138 -0.350848365
v 0.362432373 -0.109094097 -0.344275942
v 0.353779666 -0.089818708 -0.337162998
v 0.344565696 -0.071009695 -0.329525893
v 0.334800017 -0.052702272 -0.321372665
v 0.324496271 -0.034929102 -0.312715086
v 0.313671315 -0.017719978 -0.303567848
v 0.302344479 -0.001101702 -0.293947867
v 0.290528333 0.014890006 -0.283865533
v 0.278243976 0.030229510 -0.273339100
v 0.265509586 0.044886413 -0.262383833
v 0.252348466 0.058837983 -0.251019634
v 0.238779889 0.072054072 -0.239262231
v 0.224826440 0.084508825 -0.227130143
v 0.210513047 0.096180361 -0.214643756
v 0.195862819 0.107041281 -0.201821142
v 0.180902343 0.117070742 -0.188683248
v 0.165657400 0.126243182 -0.175249482
v 0.150157634 0.134542704 -0.161542530
v 0.134431936 0.141948986 -0.147583490
v 0.118511036 0.148445748 -0.133394571
v 0.102425139 0.154007611 -0.118996068
v 0.086209257 0.158633292 -0.104413384
v 0.069895899 0.162297634 -0.089667100
v 0.053521032 0.164998516 -0.074781833
v 0.037120381 0.166725528 -0.059780567
v 0.020730683 0.167471958 -0.044686774
v 0.004389295 0.167234359 -0.029524184
v -0.011866109 0.166012222 -0.014316645
v -0.027997789 0.163807749 0.000911944
v -0.043968168 0.160625701 0.016137666
v -0.059740048 0.156473344 0.031336601
v -0.075276844 0.151360454 0.046484842
v -0.090542850 0.145299405 0.061558524
v -0.105503571 0.138305323 0.076533912
v -0.120126135 0.130396321 0.091387539
v -0.134379827 0.121593800 0.106096454
v -0.148231768 0.111912886 0.120636367
v -0.161657459 0.101384761 0.134986136
v -0.174625104 0.090024468 0.149120891
v -0.187113316 0.077864684 0.163020135
v -0.199098055 0.064931124 0.176661762
v -0.210558446 0.051252855 0.190024877
v -0.221469596 0.036852665 0.203085919
v -0.231818605 0.021767704 0.215827588
v -0.241582328 0.006021409 0.228226465
v -0.250749772 -0.010349768 0.240265904
v -0.259304544 -0.027316396 0.251925859
v -0.267233927 -0.044846013 0.263188299
v -0.274529946 -0.062903166 0.274038172
v -0.281167523 -0.081465855 0.284448803
v -0.287159049 -0.100484728 0.294418615
v -0.292472055 -0.119942357 0.303915270
v -0.297115223 -0.139794170 0.312934818
v -0.301080207 -0.160007459 0.321461509
v -0.304361296 -0.180548092 0.329481390
v -0.306956903 -0.201380398 0.336983585
v -0.308863061 -0.222470118 0.343955454
v -0.310062888 -0.243786134 0.350373911
v -0.310587712 -0.265283919 0.356254150
v -0.310400592 -0.286937000 0.361556804
v -0.309541881 -0.308702176 0.366305233
v -0.307981568 -0.330548722 0.370464909
v -0.305733650 -0.352438979 0.374037729
v -0.302811137 -0.374337079 0.377025216
v -0.299216019 -0.396207919 0.379419508
v -0.294952825 -0.418015999 0.381214851
v -0.290028764 -0.439725854 0.382407842
v -0.284453821 -0.461302561 0.382997655
v -0.278240796 -0.482712336 0.382986235
v -0.271405262 -0.503923212 0.382378454
v -0.263946678 -0.524897372 0.381163565
v -0.255861898 -0.545591883 0.379327180
v -0.247203921 -0.565992298 0.376911574
v -0.237978143 -0.586064717 0.373912281
v -0.228158468 -0.605748322 0.370290113
v -0.217833519 -0.625063274 0.366127801
v -0.206935655 -0.643913268 0.361340383
v -0.195569791 -0.662342065 0.356031187
v -0.183668643 -0.680239691 0.350111911
v -0.171339169 -0.697668980 0.343692824
v -0.158514037 -0.714501512 0.336680650
v -0.145280549 -0.730792436 0.329166452
v -0.131646689 -0.746501677 0.321146472
v -0.117593460 -0.761538612 0.312579835
v -0.103196907 -0.775966895 0.303550077
v -0.088472322 -0.789757430 0.294062796
v -0.073392530 -0.802777365 0.284058701
v -0.058032955 -0.815115895 0.273627643
v -0.042414252 -0.826751838 0.262782050
v -0.026557919 -0.837664927 0.251535341
v -0.010458819 -0.847727406 0.239848917
v 0.005826534 -0.857026021 0.227795448
v 0.022273630 -0.865547363 0.215392842
v 0.038858245 -0.873276167 0.202658265
v 0.055555631 -0.880198447 0.189609686
v 0.072342977 -0.886268546 0.176254940
v 0.089193044 -0.891448517 0.162607802
v 0.106073923 -0.895789991 0.148710037
v 0.122959666 -0.899284874 0.134582260
v 0.139824156 -0.901926516 0.120245620
v 0.156641172 -0.903709741 0.105721754
v 0.173384457 -0.904630856 0.091032728
v 0.190027786 -0.904687664 0.076200984
v 0.206545026 -0.903879469 0.061249280
v 0.222898208 -0.902149038 0.046195697
v 0.239067994 -0.899546942 0.031070704
v 0.255031027 -0.896088390 0.015898870
v 0.270762229 -0.891778621 0.000703617
v 0.286236901 -0.886624329 -0.014491578
v 0.301430775 -0.880633648 -0.029663235
v 0.316320075 -0.873816131 -0.044787922
v 0.330881570 -0.866182732 -0.059842317
v 0.345092624 -0.857745782 -0.074803256
v 0.358931252 -0.848518956 -0.089647788
v 0.372362506 -0.838492309 -0.104347878
v 0.385353198 -0.827665098 -0.118874587
v 0.397905393 -0.816097671 -0.133213644
v 0.410000141 -0.803808952 -0.147343376
v 0.421619403 -0.790819042 -0.161242595
v 0.432746090 -0.777149158 -0.174890654
v 0.443364107 -0.762821574 -0.188267505
v 0.453458393 -0.747859557 -0.201353741
v 0.462957589 -0.732226410 -0.214096536
v 0.471888967 -0.715997806 -0.226499688
v 0.480252757 -0.699213337 -0.238552878
v 0.488038514 -0.681899950 -0.250239798
v 0.495236980 -0.664085184 -0.261545023
v 0.501768092 -0.645744033 -0.272405026
v 0.507667905 -0.626944662 -0.282833336
v 0.512955458 -0.607735376 -0.292833845
v 0.517626641 -0.588145546 -0.302395185
v 0.521564622 -0.568145684 -0.311422846
v 0.524873994 -0.547829759 -0.319983598
v 0.527558787 -0.527229750 -0.328072538
v 0.529493686 -0.506329318 -0.335584302
v 0.530798245 -0.485209785 -0.342602116
v 0.531420773 -0.463886940 -0.349076616
v 0.531345778 -0.442391240 -0.354986265
v 0.530619896 -0.420767820 -0.360360039
v 0.529179898 -0.399039654 -0.365136637
v 0.527087622 -0.377250477 -0.369358728
v 0.524310277 -0.355430537 -0.372989759
v 0.520852244 -0.333617412 -0.376023793
v 0.516757194 -0.311842624 -0.378490840
v 0.511971583 -0.290146520 -0.380333625
v 0.506534296 -0.268562428 -0.381577539
v 0.500462903 -0.247122029 -0.382229776
v 0.493759087 -0.225860559 -0.382282732
v 0.486428136 -0.204813787 -0.381731837
v 0.478478630 -0.184017333 -0.380575457
v 0.469922092 -0.163506101 -0.378814731
v 0.460772616 -0.143313815 -0.376453370
v 0.451046509 -0.123472668 -0.373497422
v 0.440761922 -0.104013052 -0.369955026
v 0.429938521 -0.084963371 -0.365836159
v 0.418584183 -0.066361985 -0.361137938
v 0.406711597 -0.048245240 -0.355862210
v 0.394356459 -0.030626487 -0.350036828
v 0.381519363 -0.013555270 -0.343649657
v 0.368230539 0.002949938 -0.336722419
v 0.354512099 0.018863334 -0.329267828
v 0.340382195 0.034152663 -0.321293430
v 0.325862399 0.048789168 -0.312810595
v 0.310976758 0.062747696 -0.303833699
v 0.295751026 0.076006647 -0.294379420
v 0.280210967 0.088545079 -0.284464488
v 0.264375116 0.100321715 -0.274093890
v 0.248277408 0.111334176 -0.263295936
v 0.231942161 0.121554696 -0.252083733
v 0.215396008 0.130958354 -0.240472837
v 0.198667772 0.139525312 -0.228481693
v 0.181787575 0.147240268 -0.216130692
v 0.164786200 0.154091884 -0.203441443
v 0.147693346 0.160053778 -0.190430005
v 0.130541662 0.165120965 -0.177120251
v 0.113363369 0.169275500 -0.163531480
v 0.096192089 0.172504769 -0.149684929
v 0.079062197 0.174800640 -0.135602992
v 0.062008380 0.176158729 -0.121308662
v 0.045066982 0.176567242 -0.106823279
v 0.028273223 0.176029848 -0.092171076
v 0.011665859 0.174534612 -0.077373571
v -0.004719360 0.172090198 -0.062455401
v -0.020844955 0.168698763 -0.047439926
v -0.036673625 0.164365933 -0.032350839
v -0.052168477 0.159100380 -0.017212000
v -0.067293217 0.152913510 -0.002047351
v -0.082012333 0.145819241 0.013119128
v -0.096291291 0.137833867 0.028263437
v -0.110096637 0.128975792 0.043361559
v -0.123396859 0.119266521 0.058389570
v -0.136161550 0.108728722 0.073323544
v -0.148363020 0.097388319 0.088139853
v -0.159976278 0.085273640 0.102815298
v -0.170978301 0.072413993 0.117327024
v -0.181341785 0.058833067 0.131650500
v -0.191051577 0.044567051 0.145764477
v -0.200088740 0.029646366 0.159646385
v -0.208435641 0.014101882 0.173273696
v -0.216078339 -0.002033135 0.186624907
v -0.223007600 -0.018722941 0.199680267
v -0.229205434 -0.035939102 0.212415989
v -0.234672575 -0.053640815 0.224816358
v -0.239392081 -0.071799904 0.236857406
v -0.243361816 -0.090379303 0.248521910
v -0.246577892 -0.109344038 0.259791844
v -0.249029867 -0.128662424 0.270645377
v -0.250727863 -0.148294236 0.281072024
v -0.251662218 -0.168208319 0.291050225
v -0.251844734 -0.188366039 0.300571030
v -0.251258250 -0.208737896 0.309607564
v -0.249918335 -0.229285042 0.318153306
v -0.247829943 -0.249972558 0.326195387
v -0.245000272 -0.270765645 0.333722612
v -0.241417289 -0.291630921 0.340709713
v -0.237106709 -0.312531470 0.347158466
v -0.232087724 -0.333433827 0.353067289
v -0.226331254 -0.354301813 0.358396401
v -0.219890302 -0.375103820 0.363170876
v -0.212754696 -0.395803965 0.367365470
v -0.204930837 -0.416366454 0.370967619
v -0.196449435 -0.436761254 0.373986122
v -0.187321168 -0.456954753 0.376412742
v -0.177559251 -0.476913528 0.378241275
v -0.167179476 -0.496604773 0.379467791
v -0.156200179 -0.515996801 0.380090863
v -0.144642150 -0.535059605 0.380111759
v -0.132528432 -0.553765472 0.379534600
v -0.119884028 -0.572089651 0.378366458
v -0.106689959 -0.589969294 0.376562298
v -0.093010254 -0.607408651 0.374173132
v -0.078876310 -0.624393614 0.371216128
v -0.064260221 -0.640841026 0.367629613
v -0.049235891 -0.656780172 0.363484343
v -0.033804161 -0.672158815 0.358755661
v -0.017995334 -0.686956514 0.353456881
v -0.001835487 -0.701152506 0.347597938
v 0.014644587 -0.714731099 0.341194851
v 0.031433996 -0.727638195 0.334229811
v 0.048472490 -0.739932659 0.326777505
v 0.065780700 -0.751463824 0.318749283
v 0.083290747 -0.762328046 0.310243826
v 0.100977361 -0.772513495 0.301274832
v 0.118841013 -0.781869366 0.291769103
v 0.136825183 -0.790509480 0.281825062
v 0.154905006 -0.798417548 0.271453964
v 0.173057642 -0.805529374 0.260642390
v 0.191253153 -0.811804359 0.249393777
v 0.209458573 -0.817305497 0.237763922
v 0.227646967 -0.822021574 0.225768151
v 0.245791056 -0.825942656 0.213422685
v 0.263854640 -0.828990473 0.200717629
v 0.281809220 -0.831192872 0.187688393
v 0.299630704 -0.832581317 0.174368744
v 0.317291492 -0.833151820 0.160778039
v 0.334764044 -0.832901830 0.146936288
v 0.352020956 -0.831830254 0.132864101
v 0.369035037 -0.829937466 0.118582637
v 0.385751893 -0.827149635 0.104098208
v 0.402167315 -0.823544703 0.089451712
v 0.418256737 -0.819131627 0.074666437
v 0.433994706 -0.813916690 0.059765062
v 0.449356306 -0.807907582 0.044770537
v 0.464317221 -0.801113381 0.029706023
v 0.478853786 -0.793544539 0.014594836
v 0.492943049 -0.785212847 -0.000539605
v 0.506562820 -0.776131415 -0.015673838
v 0.519663206 -0.766274562 -0.030781749
v 0.532234331 -0.755678653 -0.045838144
v 0.544270926 -0.744381960 -0.060820467
v 0.555754324 -0.732402578 -0.075705565
v 0.566666853 -0.719759749 -0.090470504
v 0.576991882 -0.706473811 -0.105092623
v 0.586713864 -0.692566152 -0.119549593
v 0.595818365 -0.678059154 -0.133819470
v 0.604292109 -0.662976135 -0.147880750
v 0.612051112 -0.647283357 -0.161684925
v 0.619151594 -0.631066670 -0.175233934
v 0.625584320 -0.614352402 -0.188507953
v 0.631341049 -0.597167311 -0.201487721
v 0.636414830 -0.579538747 -0.214154690
v 0.640800014 -0.561494574 -0.226491075
v 0.644394183 -0.543012558 -0.238428637
v 0.647285725 -0.524176003 -0.249995384
v 0.649476037 -0.505015698 -0.261177571
v 0.650965018 -0.485561030 -0.271960983
v 0.651678240 -0.465816087 -0.282286311
v 0.651645458 -0.445826289 -0.292154648
v 0.650916547 -0.425638084 -0.301582099
v 0.649464855 -0.405274348 -0.310537159
v 0.647223651 -0.384754992 -0.318958890
v 0.644304922 -0.364132870 -0.326908185
v 0.640650772 -0.343431508 -0.334329200
v 0.636259475 -0.322684540 -0.341204510
v 0.631206073 -0.301927132 -0.347575072
v 0.625382889 -0.281194412 -0.353341200
v 0.618932408 -0.260512650 -0.358600055
v 0.611731273 -0.239929203 -0.363234073
v 0.603906528 -0.219460884 -0.367333063
v 0.595392905 -0.199154755 -0.370824360
v 0.586236024 -0.179038088 -0.373730130
v 0.576468550 -0.159134614 -0.376064256
v 0.566054738 -0.139496689 -0.377774345
v 0.555040136 -0.120146442 -0.378885004
v 0.543449205 -0.101110690 -0.379402380
v 0.531294091 -0.082422919 -0.379319991
v 0.518590371 -0.064115996 -0.378634299
v 0.505356571 -0.046221650 -0.377344607
v 0.491613699 -0.028770044 -0.375452880
v 0.477384788 -0.011789467 -0.372963550
v 0.462694459 0.004693884 -0.369883275
v 0.447568534 0.020656053 -0.366220705
v 0.432028571 0.036067862 -0.361978740
v 0.416087533 0.050884787 -0.357146409
v 0.399792986 0.065116373 -0.351764961
v 0.383148742 0.078698899 -0.345807290
v 0.366199615 0.091643242 -0.339313124
v 0.348964328 0.103910000 -0.332278298
v 0.331469342 0.115471141 -0.324709944
v 0.313747479 0.126317338 -0.316628879
v 0.295827019 0.136427424 -0.308046761
v 0.277737254 0.145782274 -0.298976899
v 0.259506133 0.154350259 -0.289425527
v 0.241167729 0.162135337 -0.279420313
v 0.222751337 0.169107878 -0.268969149
v 0.204289269 0.175264290 -0.258094401
v 0.185813105 0.180582298 -0.246808733
v 0.167355713 0.185050565 -0.235130689
v 0.148950579 0.188655989 -0.223078077
v 0.130631025 0.191393859 -0.210672202
v 0.112429824 0.193262751 -0.197935119
v 0.094384306 0.194238495 -0.184880721
v 0.076527000 0.194330182 -0.171534846
v 0.058893878 0.193530538 -0.157917312
v 0.041520770 0.191837502 -0.144049644
v 0.024443013 0.189253292 -0.129954363
v 0.007698578 0.185775591 -0.115652821
v -0.008678044 0.181413724 -0.101168864
v -0.024648562 0.176170127 -0.086524749
v -0.040178928 0.170058292 -0.071744549
v -0.055232622 0.163088040 -0.056851474
v -0.069774162 0.155272857 -0.041869189
v -0.083769221 0.146629342 -0.026821602
v -0.097184739 0.137176790 -0.011732726
v -0.109989030 0.126936874 0.003373379
v -0.122151917 0.115933423 0.018472645
v -0.133644908 0.104192259 0.033541015
v -0.144441416 0.091741095 0.048554463
v -0.154517058 0.078609471 0.063489047
v -0.163850048 0.064828728 0.078321002
v -0.172421701 0.050431979 0.093026917
v -0.180209935 0.035449171 0.107582447
v -0.187204535 0.019918186 0.121965325
v -0.193389488 0.003871678 0.136151918
v -0.198757648 -0.012653008 0.150120520
v -0.203297654 -0.029622040 0.163848123
v -0.207001790 -0.047000188 0.177312384
v -0.209866859 -0.064750915 0.190492202
v -0.211895254 -0.082836635 0.203368525
v -0.213073788 -0.101226182 0.215916176
v -0.213415558 -0.119879734 0.228120039
v -0.212917599 -0.138763811 0.239958663
v -0.211580939 -0.157843829 0.251411907
v -0.209411392 -0.177084475 0.262461687
v -0.206420439 -0.196450307 0.273092933
v -0.202613138 -0.215907576 0.283287467
v -0.197996087 -0.235422206 0.293027602
v -0.192578007 -0.254960197 0.302296780
v -0.186377193 -0.274487917 0.311084321
v -0.179402480 -0.293972208 0.319373973
v -0.171666701 -0.313380014 0.327151862
v -0.163187034 -0.332679094 0.334407194
v -0.153985290 -0.351838944 0.341133054
v -0.144056922 -0.370822638 0.347302260
v -0.133442385 -0.389604249 0.352922119
v -0.122148808 -0.408149734 0.357974351
v -0.110212515 -0.426435425 0.362465212
v -0.097620745 -0.444416261 0.366357034
v -0.084425371 -0.462076820 0.369670934
v -0.070644024 -0.479386781 0.372397414
v -0.056296768 -0.496316387 0.374528823
v -0.041406064 -0.512836834 0.376059600
v -0.025996674 -0.528920707 0.376986507
v -0.010095483 -0.544542460 0.377308842
v 0.006268764 -0.559678931 0.377028623
v 0.023065841 -0.574309889 0.376150724
v 0.040264519 -0.588418585 0.374682951
v 0.057858284 -0.601950381 0.372593006
v 0.075802078 -0.614903493 0.369907035
v 0.094053039 -0.627285991 0.366656395
v 0.112611031 -0.639018357 0.362788471
v 0.131421579 -0.650130874 0.358356422
v 0.150462248 -0.660590866 0.353352241
v 0.169703322 -0.670371188 0.347776025
v 0.189109879 -0.679473490 0.341650123
v 0.208650650 -0.687878905 0.334981083
v 0.228297997 -0.695548878 0.327760222
v 0.248011576 -0.702552382 0.320057799
v 0.267768649 -0.708733759 0.311784645
v 0.287530907 -0.714213491 0.303043893
v 0.307270660 -0.718980532 0.293845140
v 0.326946092 -0.722894699 0.284121147
v 0.346534926 -0.726079696 0.273967413
v 0.366008688 -0.728526975 0.263395696
v 0.385326133 -0.730175838 0.252391046
v 0.404449114 -0.731005141 0.240962812
v 0.423362895 -0.731081082 0.229163847
v 0.442038491 -0.730400639 0.217009907
v 0.460446960 -0.728962140 0.204517618
v 0.478525813 -0.726686896 0.191673160
v 0.496265808 -0.723635109 0.178522077
v 0.513648121 -0.719832618 0.165093032
v 0.530645203 -0.715283602 0.151405691
v 0.547229980 -0.709993621 0.137480350
v 0.563375927 -0.703969607 0.123337876
v 0.579037942 -0.697191889 0.108992916
v 0.594175865 -0.689654279 0.094466021
v 0.608796368 -0.681415531 0.079792037
v 0.622876053 -0.672487941 0.064993482
v 0.636392387 -0.662885052 0.050093168
v 0.649323765 -0.652621616 0.035114145
v 0.661649556 -0.641713565 0.020079642
v 0.673350160 -0.630177968 0.005013012
v 0.684407049 -0.618032989 -0.010062322
v 0.694750019 -0.605253460 -0.025119934
v 0.704403884 -0.591899396 -0.040135272
v 0.713362363 -0.577999817 -0.055085242
v 0.721611654 -0.563576893 -0.069946672
v 0.729139222 -0.548653662 -0.084696591
v 0.735933821 -0.533253969 -0.099312292
v 0.741985527 -0.517402409 -0.113771381
v 0.747285759 -0.501124265 -0.128051836
v 0.751771667 -0.484418283 -0.142115911
v 0.755460602 -0.467327141 -0.155945979
v 0.758377159 -0.449893154 -0.169529113
v 0.760518482 -0.432143946 -0.182845267
v 0.761883131 -0.414107480 -0.195875046
v 0.762471071 -0.395811968 -0.208599756
v 0.762212279 -0.377267229 -0.220969944
v 0.761139670 -0.358515333 -0.232977975
v 0.759296410 -0.339596303 -0.244623860
v 0.756688343 -0.320538792 -0.255892241
v 0.753293036 -0.301368165 -0.266752605
v 0.749049056 -0.282110196 -0.277150258
v 0.744065005 -0.262806290 -0.287124456
v 0.738352124 -0.243483997 -0.296663911
v 0.731814100 -0.224175908 -0.305688077
v 0.724543304 -0.204912296 -0.314233632
v 0.716585435 -0.185718282 -0.322312045
v 0.707819223 -0.166643705 -0.329816132
v 0.698393520 -0.147698066 -0.336830926
v 0.688253590 -0.128926112 -0.343293421
v 0.677434247 -0.110353255 -0.349208267
v 0.665955878 -0.092009692 -0.354568134
v 0.653828909 -0.073926877 -0.359358767
v 0.641068563 -0.056138387 -0.363567477
v 0.627729472 -0.038653370 -0.367221810
v 0.613762286 -0.021542465 -0.370245160
v 0.599257187 -0.004793083 -0.372701185
v 0.584224349 0.011562780 -0.374575198
v 0.568650108 0.027466122 -0.375820194
v 0.552590398 0.042914597 -0.376469056
v 0.536070533 0.057883610 -0.376521297
v 0.519113580 0.072345373 -0.375972978
v 0.501745233 0.086273876 -0.374822951
v 0.483993262 0.099645181 -0.373072718
v 0.465886985 0.112437626 -0.370726235
v 0.447456798 0.124631939 -0.367789695
v 0.428733752 0.136211289 -0.364271294
v 0.409736092 0.147125066 -0.360149302
v 0.390509086 0.157389380 -0.355462186
v 0.371080308 0.166977674 -0.350209660
v 0.351478710 0.175862358 -0.344391607
v 0.331738814 0.184034431 -0.338023453
v 0.311893695 0.191485919 -0.331120375
v 0.291974807 0.198194527 -0.323687174
v 0.272015491 0.204140407 -0.315731352
v 0.252049933 0.209321269 -0.307272320
v 0.232112269 0.213718049 -0.298318419
v 0.212236217 0.217329955 -0.288889554
v 0.192454542 0.220155828 -0.279004675
v 0.172805412 0.222163974 -0.268665896
v 0.153319604 0.223371498 -0.257902521
v 0.134033145 0.223765551 -0.246727220
v 0.114981992 0.223339510 -0.235156385
v 0.096201329 0.222091999 -0.223209018
v 0.077725128 0.220026001 -0.210905862
v 0.059587219 0.217145221 -0.198267619
v 0.041827624 0.213441659 -0.185310403
v 0.024478021 0.208927719 -0.172058245
v 0.007574142 0.203608082 -0.158531850
v -0.008848431 0.197489693 -0.144752615
v -0.024755698 0.190583611 -0.130743007
v -0.040110490 0.182897958 -0.116524521
v -0.054880731 0.174449548 -0.102120763
v -0.069031163 0.165252368 -0.087554397
v -0.082531446 0.155327429 -0.072849328
v -0.095348468 0.144693600 -0.058028786
v -0.107451093 0.133373098 -0.043116486
v -0.118810145 0.121390910 -0.028136400
v -0.129398397 0.108774346 -0.013112619
v -0.139190605 0.095552700 0.001930725
v -0.148163568 0.081756982 0.016969489
v -0.156296258 0.067419719 0.031979551
v -0.163570002 0.052574783 0.046936828
v -0.169968755 0.037257253 0.061817331
v -0.175479457 0.021503276 0.076597261
v -0.180089876 0.005348856 0.091252746
v -0.183788970 -0.011169828 0.105759731
v -0.186579032 -0.028012568 0.120096455
v -0.188445033 -0.045145897 0.134237589
v -0.189394971 -0.062529784 0.148162406
v -0.189426559 -0.080128363 0.161847891
v -0.188541369 -0.097905371 0.175271679
v -0.186745633 -0.115824467 0.188412622
v -0.184050241 -0.133849827 0.201251235
v -0.180448914 -0.151947584 0.213761630
v -0.175966587 -0.170082158 0.225929246
v -0.170609889 -0.188220133 0.237732914
v -0.164388585 -0.206328126 0.249152376
v -0.157317184 -0.224373261 0.260169355
v -0.149415625 -0.242323968 0.270768489
v -0.140697467 -0.260148606 0.280931417
v -0.131178009 -0.277815639 0.290640340
v -0.120875960 -0.295294545 0.299879447
v -0.109817167 -0.312557243 0.308637601
v -0.098018548 -0.329573640 0.316898268
v -0.085500814 -0.346314698 0.324647186
v -0.072288643 -0.362753193 0.331873054
v -0.058410718 -0.378864645 0.338568299
v -0.043883693 -0.394618605 0.344715656
v -0.028731567 -0.409987286 0.350302920
v -0.012994693 -0.424955302 0.355334347
v 0.003313754 -0.439488140 0.359787931
v 0.020163255 -0.453563446 0.363658360
v 0.037514702 -0.467167955 0.366951014
v 0.055343196 -0.480276522 0.369656068
v 0.073621598 -0.492865107 0.371765483
v 0.092322389 -0.504908605 0.373270536
v 0.111409120 -0.516393877 0.374175638
v 0.130854174 -0.527294866 0.374471368
v 0.150621635 -0.537598313 0.374161846
v 0.170676506 -0.547291535 0.373251289
v 0.190983536 -0.556365363 0.371746815
v 0.211507915 -0.564814510 0.369658453
v 0.232228498 -0.572582108 0.366949781
v 0.253100555 -0.579685675 0.363652984
v 0.274086190 -0.586150322 0.359803479
v 0.295163671 -0.591867096 0.355323863
v 0.316286352 -0.596937266 0.350313498
v 0.337425239 -0.601265936 0.344709128
v 0.358545081 -0.604924161 0.338581524
v 0.379607156 -0.607819206 0.331873166
v 0.400588869 -0.610059798 0.324679487
v 0.421433402 -0.611496328 0.316905390
v 0.442129965 -0.612255603 0.308655785
v 0.462638732 -0.612299628 0.299917014
v 0.482906365 -0.611565423 0.290661209
v 0.502930347 -0.610149118 0.280965590
v 0.522675606 -0.608036762 0.270833609
v 0.542063310 -0.605129403 0.260219467
v 0.561110498 -0.601540936 0.249206400
v 0.579787699 -0.597273425 0.237808256
v 0.598057301 -0.592317258 0.226033011
v 0.615837587 -0.586602594 0.213859172
v 0.633155758 -0.580227599 0.201353320
v 0.649984116 -0.573199828 0.188532946
v 0.666295548 -0.565528108 0.175416319
v 0.682063602 -0.557222534 0.162022438
v 0.697193990 -0.548224047 0.148343617
v 0.711722835 -0.538615877 0.134430902
v 0.725630962 -0.528416731 0.120307119
v 0.738895707 -0.517641631 0.105993622
v 0.751495428 -0.506306710 0.091512223
v 0.763409562 -0.494429169 0.076885132
v 0.774618689 -0.482027238 0.062134910
v 0.785032448 -0.469072881 0.047276888
v 0.794701886 -0.455636421 0.032345678
v 0.803613553 -0.441740379 0.017364766
v 0.811753163 -0.427406625 0.002357466
v 0.819107766 -0.412657804 -0.012652841
v 0.825665775 -0.397517287 -0.027642771
v 0.831417000 -0.382009115 -0.042588990
v 0.836352666 -0.366157935 -0.057468270
v 0.840396544 -0.349964697 -0.072248136
v 0.843594025 -0.333477811 -0.086909027
v 0.845956094 -0.316729369 -0.101430034
v 0.847479947 -0.299745983 -0.115788859
v 0.848164275 -0.282554559 -0.129963596
v 0.848009262 -0.265182232 -0.143932783
v 0.847016578 -0.247656289 -0.157675458
v 0.845100805 -0.229993601 -0.171142707
v 0.842336884 -0.212235478 -0.184332923
v 0.838747627 -0.194411849 -0.197231854
v 0.834340859 -0.176550072 -0.209821062
v 0.829125794 -0.158677271 -0.222082875
v 0.823033615 -0.140824660 -0.233963933
v 0.816112527 -0.123022695 -0.245460153
v 0.808419113 -0.105296350 -0.256575284
v 0.799968159 -0.087671160 -0.267295259
v 0.790686283 -0.070190735 -0.277555032
v 0.780638442 -0.052876419 -0.287364737
v 0.769886473 -0.035743956 -0.296737649
v 0.758383951 -0.018838593 -0.305618674
v 0.746149008 -0.002189925 -0.313991967
v 0.733274576 0.014203542 -0.321897400
v 0.719672543 0.030267702 -0.329239759
v 0.705455618 0.046018770 -0.336078797
v 0.690602961 0.061407777 -0.342367193
v 0.675150097 0.076416926 -0.348105727
v 0.659119880 0.091018449 -0.353282044
v 0.642546539 0.105196625 -0.357898044
v 0.625431409 0.118904180 -0.361917055
v 0.607846756 0.132161193 -0.365385092
v 0.589767431 0.144891142 -0.368231416
v 0.571256513 0.157106304 -0.370492094
v 0.552346014 0.168792285 -0.372169224
v 0.533059878 0.179922929 -0.373252289
v 0.513414520 0.190452685 -0.373712384
v 0.493457038 0.200386737 -0.373573373
v 0.473219753 0.209709053 -0.372836261
v 0.452734591 0.218402225 -0.371500820
v 0.432034752 0.226451363 -0.369569350
v 0.411154191 0.233844140 -0.367046493
v 0.390122965 0.240545844 -0.363917691
v 0.368980429 0.246563350 -0.360204953
v 0.347761887 0.251896239 -0.355922860
v 0.326500480 0.256512485 -0.351060274
v 0.305232172 0.260415408 -0.345634983
v 0.283992943 0.263589518 -0.339650006
v 0.262816824 0.266043190 -0.333126248
v 0.241741680 0.267750619 -0.326059372
v 0.220803000 0.268714448 -0.318466324
v 0.200035396 0.268936359 -0.310362865
v 0.179474231 0.268413955 -0.301761794
v 0.159158457 0.267136314 -0.292670621
v 0.139121783 0.265110295 -0.283108490
v 0.119395582 0.262346268 -0.273096185
v 0.100023964 0.258827348 -0.262638199
v 0.081035710 0.254571572 -0.251759844
v 0.062466831 0.249581593 -0.240477093
v 0.044353067 0.243862308 -0.228807243
v 0.026727999 0.237423097 -0.216769863
v 0.009625453 0.230273730 -0.204384501
v -0.006915643 0.222418935 -0.191668280
v -0.022867752 0.213878748 -0.178645264
v -0.038196351 0.204665272 -0.165335466
v -0.052867169 0.194792593 -0.151759655
v -0.066848640 0.184278842 -0.137939995
v -0.080111727 0.173145297 -0.123899433
v -0.092624816 0.161412072 -0.109660158
v -0.104358068 0.149101997 -0.095245014
v -0.115283451 0.136240422 -0.080677347
v -0.125376878 0.122856057 -0.065981043
v -0.134612292 0.108977138 -0.051179578
v -0.142966364 0.094634398 -0.036296825
v -0.150418349 0.079860568 -0.021356858
v -0.156949988 0.064689985 -0.006383847
v -0.162545475 0.049158281 0.008598005
v -0.167191482 0.033302129 0.023564494
v -0.170877257 0.017159019 0.038491437
v -0.173594799 0.000767047 0.053354714
v -0.175339118 -0.015835300 0.068130335
v -0.176108596 -0.032609400 0.082794570
v -0.175899062 -0.049517420 0.097323113
v -0.174716104 -0.066520768 0.111692806
v -0.172566962 -0.083581884 0.125880905
v -0.169456292 -0.100664082 0.139864003
v -0.165391046 -0.117731107 0.153618835
v -0.160386894 -0.134747787 0.167124201
v -0.154457336 -0.151680004 0.180358508
v -0.147611409 -0.168493619 0.193298504
v -0.139870036 -0.185156654 0.205924627
v -0.131250688 -0.201637671 0.218216405
v -0.121775041 -0.217906882 0.230155081
v -0.111459070 -0.233933611 0.241719509
v -0.100322917 -0.249688476 0.252890068
v -0.088391364 -0.265144192 0.263649462
v -0.075694245 -0.280276631 0.273983735
v -0.062247231 -0.295055915 0.283871001
v -0.048087542 -0.309462890 0.293302475
v -0.033223732 -0.323463192 0.302250650
v -0.017697990 -0.337041818 0.310710890
v -0.001536322 -0.350175202 0.318667989
v 0.015231943 -0.362842205 0.326109354
v 0.032574276 -0.375024954 0.333025720
v 0.050473780 -0.386690766 0.339392055
v 0.068885487 -0.397832934 0.345210934
v 0.087775407 -0.408437320 0.350476428
v 0.107122882 -0.418472074 0.355164803
v 0.126885805 -0.427932272 0.359279553
v 0.147025995 -0.436810994 0.362821710
v 0.167520939 -0.445075141 0.365766759
v 0.188332646 -0.452715276 0.368113513
v 0.209421445 -0.459728408 0.369866670
v 0.230752857 -0.466102266 0.371021953
v 0.252291367 -0.471827067 0.371577432
v 0.274000863 -0.476895814 0.371533711
v 0.295845160 -0.481304573 0.370894068
v 0.317791748 -0.485016714 0.369632825
v 0.339799278 -0.488048685 0.367771878
v 0.361831371 -0.490411780 0.365327751
v 0.383854590 -0.492108069 0.362308458
v 0.405826658 -0.493064808 0.358658958
v 0.427718330 -0.493368742 0.354459756
v 0.449488927 -0.492970645 0.349675884
v 0.471102129 -0.491881236 0.344323431
v 0.492527868 -0.490117131 0.338422427
v 0.513722098 -0.487657578 0.331963211
v 0.534656282 -0.484522908 0.324968766
v 0.555302355 -0.480733406 0.317461953
v 0.575598587 -0.476237474 0.309409791
v 0.595559072 -0.471133040 0.300894403
v 0.615099141 -0.465339076 0.291861696
v 0.634211339 -0.458907061 0.282357675
v 0.652891000 -0.451882422 0.272422590
v 0.671058977 -0.444213025 0.262026354
v 0.688691523 -0.435922686 0.251194137
v 0.705798857 -0.427068530 0.239973510
v 0.722353360 -0.417661031 0.228378836
v 0.738259726 -0.407652454 0.216386959
v 0.753529267 -0.397096732 0.204042491
v 0.768163137 -0.386032309 0.191378563
v 0.782137071 -0.374474468 0.178413090
v 0.795427743 -0.362439562 0.165164737
v 0.807937013 -0.349899005 0.151627537
v 0.819699053 -0.336911190 0.137845614
v 0.830712544 -0.323507321 0.123846314
v 0.840959029 -0.309707646 0.109650765
v 0.850421313 -0.295533241 0.095280573
v 0.859083516 -0.281005959 0.080757770
v 0.866896295 -0.266135528 0.066100298
v 0.873825785 -0.250941326 0.051331502
v 0.879915060 -0.235469002 0.036482746
v 0.885154077 -0.219742925 0.021577133
v 0.889534272 -0.203787949 0.006637902
v 0.893048575 -0.187629351 -0.008311627
v 0.895691437 -0.171292772 -0.023248113
v 0.897458833 -0.154804151 -0.038148251
v 0.898270261 -0.138180859 -0.052981459
v 0.898186984 -0.121460921 -0.067726494
v 0.897224524 -0.104672935 -0.082361504
v 0.895385188 -0.087843470 -0.096863858
v 0.892672822 -0.070999071 -0.111211242
v 0.889092801 -0.054166189 -0.125381723
v 0.884652007 -0.037371116 -0.139353797
v 0.879252823 -0.020651189 -0.153076277
v 0.873010505 -0.004026985 -0.166553475
v 0.865936881 0.012476011 -0.179765549
v 0.858044952 0.028832744 -0.192693266
v 0.849349062 0.045018666 -0.205318093
v 0.839781892 0.060986238 -0.217585843
v 0.829409622 0.076719774 -0.229495657
v 0.818285910 0.092205539 -0.241045969
v 0.806430374 0.107421688 -0.252221627
v 0.793788693 0.122313232 -0.262964520
v 0.780412104 0.136866208 -0.273272438
v 0.766372475 0.151081980 -0.283160432
v 0.751654802 0.164918833 -0.292589500
v 0.736240931 0.178326790 -0.301512888
v 0.720242773 0.191339408 -0.309981271
v 0.703619397 0.203888646 -0.317927890
v 0.686417816 0.215968032 -0.325356264
v 0.668694215 0.227582400 -0.332281474
v 0.650414999 0.238653595 -0.338629479
v 0.631684138 0.249238260 -0.344469430
v 0.612460371 0.259238345 -0.349708635
v 0.592834259 0.268707865 -0.354411396
v 0.572803201 0.277586930 -0.358525533
v 0.552408490 0.285868512 -0.362053076
v 0.531698097 0.293568334 -0.365017001
v 0.510681606 0.300625504 -0.367366704
v 0.489405219 0.307047078 -0.369117372
v 0.467908311 0.312835669 -0.370279040
v 0.446222936 0.317974821 -0.370843878
v 0.424383421 0.322450838 -0.370806900
v 0.402425652 0.326252881 -0.370165909
v 0.380386435 0.329372976 -0.368921370
v 0.358302931 0.331805944 -0.367076247
v 0.336212165 0.333549291 -0.364635796
v 0.314150618 0.334603044 -0.361607350
v 0.292153883 0.334969571 -0.358000083
v 0.270262004 0.334624630 -0.353801156
v 0.248509787 0.333583115 -0.349030376
v 0.226932950 0.331848854 -0.343698200
v 0.205570139 0.329414690 -0.337806198
v 0.184459277 0.326281645 -0.331362818
v 0.163632266 0.322464334 -0.324386972
v 0.143127238 0.317961749 -0.316885326
v 0.122981227 0.312777724 -0.308868429
v 0.103229541 0.306920187 -0.300349934
v 0.083905358 0.300400466 -0.291345900
v 0.065039498 0.293232671 -0.281874200
v 0.046681162 0.285408060 -0.271936477
v 0.028846180 0.276961159 -0.261564905
v 0.011577551 0.267892979 -0.250767889
v -0.005091749 0.258218116 -0.239563293
v -0.021133825 0.247956242 -0.227972073
v -0.036512960 0.237120410 -0.216010595
v -0.051198727 0.225729460 -0.203698774
v -0.065168126 0.213808120 -0.191059780
v -0.078380666 0.201369400 -0.178109281
v -0.090814483 0.188440481 -0.164871193
v -0.102441920 0.175045067 -0.151366825
v -0.113236697 0.161208625 -0.137618043
v -0.123172088 0.146957481 -0.123646738
v -0.132222054 0.132319551 -0.109475210
v -0.140370795 0.117327823 -0.095127821
v -0.147592962 0.102012248 -0.080626893
v -0.153869558 0.086406324 -0.065996074
v -0.159187097 0.070545769 -0.051259535
v -0.163530681 0.054466413 -0.036441105
v -0.166888477 0.038205404 -0.021564855
v -0.169251519 0.021800842 -0.006654980
v -0.170613589 0.005291480 0.008264268
v -0.170971171 -0.011283537 0.023168616
v -0.170323481 -0.027884916 0.038033800
v -0.168672581 -0.044473471 0.052835605
v -0.166023560 -0.061010400 0.067549929
v -0.162384816 -0.077457623 0.082152917
v -0.157768424 -0.093778203 0.096621167
v -0.152178364 -0.109934316 0.110929707
v -0.145641332 -0.125893001 0.125057372
v -0.138161949 -0.141617503 0.138978683
v -0.129767285 -0.157077194 0.152672800
v -0.120475463 -0.172240216 0.166116977
v -0.110308395 -0.187076659 0.179289392
v -0.099292311 -0.201559358 0.192169800
v -0.087439547 -0.215655327 0.204732560
v -0.074792251 -0.229346571 0.216963759
v -0.061365531 -0.242602508 0.228838647
v -0.047190085 -0.255401175 0.240339082
v -0.032297616 -0.267722506 0.251448082
v -0.016712042 -0.279541619 0.262144365
v -0.000465131 -0.290839336 0.272411029
v 0.016402527 -0.301605613 0.282238491
v 0.033877030 -0.311806725 0.291597346
v 0.051912642 -0.321438567 0.300482557
v 0.070478492 -0.330484155 0.308878285
v 0.089543140 -0.338926892 0.316768872
v 0.109072512 -0.346753293 0.324141161
v 0.129030212 -0.353953747 0.330985193
v 0.149378061 -0.360523370 0.337294989
v 0.170092844 -0.366429977 0.343041314
v 0.191124688 -0.371690303 0.348236485
v 0.212446261 -0.376278339 0.352856410
v 0.234011319 -0.380213066 0.356915497
v 0.255796955 -0.383446780 0.360370820
v 0.277755730 -0.386006610 0.363243853
v 0.299851815 -0.387886965 0.365527947
v 0.322048936 -0.389082067 0.367216272
v 0.344309935 -0.389588574 0.368304096
v 0.366597168 -0.389405791 0.368788991
v 0.388872976 -0.388535861 0.368671026
v 0.411100241 -0.386983905 0.367952917
v 0.433243028 -0.384758102 0.366640130
v 0.455267303 -0.381869695 0.364740919
v 0.477122907 -0.378270986 0.362211125
v 0.498785529 -0.374023292 0.359103384
v 0.520228123 -0.369148545 0.355435682
v 0.541385235 -0.363581097 0.351147463
v 0.562252125 -0.357404213 0.346311549
v 0.582779540 -0.350593464 0.340904292
v 0.602934443 -0.343166160 0.334939413
v 0.622688325 -0.335139990 0.328431174
v 0.642007525 -0.326528559 0.321390037
v 0.660846307 -0.317328350 0.313810915
v 0.679223300 -0.307611075 0.305757602
v 0.697010839 -0.297291200 0.297149442
v 0.714278515 -0.286485390 0.288091940
v 0.730968496 -0.275181130 0.278571626
v 0.746996434 -0.263352896 0.268562468
v 0.762417695 -0.251084035 0.258140106
v 0.777206740 -0.238389880 0.247316948
v 0.791228150 -0.225223333 0.236045859
v 0.804556791 -0.211667628 0.224403226
v 0.817177708 -0.197746117 0.212408977
v 0.829069183 -0.183478337 0.200079406
v 0.840116344 -0.168847528 0.187394969
v 0.850371449 -0.153910164 0.174407577
v 0.859837262 -0.138697183 0.161144599
v 0.868497183 -0.123231404 0.147625451
v 0.876335927 -0.107536305 0.133870192
v 0.883277035 -0.091622733 0.119885211
v 0.889326522 -0.075524025 0.105700143
v 0.894517542 -0.059275749 0.091347715
v 0.898840863 -0.042903320 0.076849954
v 0.902288757 -0.026432487 0.062229241
v 0.904855027 -0.009889264 0.047508259
v 0.906530407 0.006700227 0.032709660
v 0.907222919 0.023308627 0.017853774
v 0.907024990 0.039905217 0.002971508
v 0.905936844 0.056463619 -0.011913867
v 0.903960272 0.072957513 -0.026779065
v 0.901098629 0.089360712 -0.041600852
v 0.897356823 0.105647217 -0.056356098
v 0.892739421 0.121790917 -0.071021593
v 0.887159049 0.137744767 -0.085559463
v 0.880722989 0.153500209 -0.099957732
v 0.873442431 0.169032625 -0.114194236
v 0.865330020 0.184317916 -0.128247214
v 0.856399811 0.199332561 -0.142095355
v 0.846667225 0.214053678 -0.155717858
v 0.836048381 0.228414862 -0.169059664
v 0.824658978 0.242430650 -0.182128830
v 0.812523511 0.256082432 -0.194907962
v 0.799662746 0.269350493 -0.207378846
v 0.786078037 0.282203278 -0.219513646
v 0.771725896 0.294576355 -0.231257418
v 0.756721061 0.306505860 -0.242637308
v 0.741088564 0.317976191 -0.253638574
v 0.724811200 0.328936214 -0.264216932
v 0.707898678 0.339350446 -0.274340789
v 0.690443899 0.349259433 -0.284042083
v 0.672444730 0.358619729 -0.293282711
v 0.653893610 0.367373882 -0.302012486
v 0.634892275 0.375588691 -0.310286103
v 0.615409413 0.383172351 -0.318024146
v 0.595512221 0.390159209 -0.325254177
v 0.575228188 0.396529710 -0.331957975
v 0.554577525 0.402251685 -0.338106536
v 0.533611805 0.407345204 -0.343715527
v 0.512353143 0.411778964 -0.348756661
v 0.490839600 0.415546144 -0.353222547
v 0.469118307 0.418681920 -0.357142312
v 0.447200187 0.421089543 -0.360430730
v 0.425144082 0.422846065 -0.363153252
v 0.402980716 0.423936643 -0.365295782
v 0.380743090 0.424330719 -0.366830390
v 0.358470703 0.424027532 -0.367755047
v 0.336201560 0.423046131 -0.368085164
v 0.313972163 0.421383461 -0.367816842
v 0.291819593 0.419039515 -0.366948850
v 0.269780927 0.416017170 -0.365482498
v 0.247892745 0.412321977 -0.363421470
v 0.226190724 0.407961920 -0.360771627
v 0.204719306 0.402921741 -0.357518175
v 0.183509223 0.397227496 -0.353682992
v 0.162589505 0.390901053 -0.349284331
v 0.142014039 0.383916216 -0.344297522
v 0.121795399 0.376324462 -0.338767287
v 0.101994825 0.368095538 -0.332665132
v 0.082627251 0.359272478 -0.326028262
v 0.063730801 0.349861956 -0.318861225
v 0.045341597 0.339875477 -0.311172819
v 0.027493214 0.329328458 -0.302975275
v 0.010216383 0.318239398 -0.294283537
v -0.006461143 0.306629181 -0.285114627
v -0.022499441 0.294509312 -0.275476786
v -0.037877233 0.281906503 -0.265392066
v -0.052556150 0.268835595 -0.254871286
v -0.066516023 0.255324086 -0.243936785
v -0.079725908 0.241392860 -0.232604412
v -0.092159092 0.227066117 -0.220892734
v -0.103792815 0.212370408 -0.208822161
v -0.114593836 0.197328619 -0.196408934
v -0.124550311 0.181972913 -0.183677936
v -0.133626817 0.166327577 -0.170645360
v -0.141811655 0.150425786 -0.157335798
v -0.149083780 0.134298174 -0.143770434
v -0.155426190 0.117977262 -0.129971614
v -0.160813340 0.101495272 -0.115959939
v -0.165243823 0.084889049 -0.101761112
v -0.168694150 0.068193261 -0.087396314
v -0.171161924 0.051445534 -0.072890355
v -0.172636733 0.034683403 -0.058266516
v -0.173112081 0.017945417 -0.043548619
v -0.172584957 0.001270719 -0.028760791
v -0.171055511 -0.015301283 -0.013927301
v -0.168526819 -0.031731192 0.000927521
v -0.165004740 -0.047979869 0.015779335
v -0.160497849 -0.064008683 0.030603825
v -0.155017443 -0.079779765 0.045376732
v -0.148577620 -0.095256320 0.060073915
v -0.141192477 -0.110401824 0.074671059
v -0.132880656 -0.125181709 0.089144118
v -0.123666848 -0.139564837 0.103470002
v -0.113570540 -0.153518652 0.117624758
v -0.102618092 -0.167014633 0.131585602
v -0.090831026 -0.180022379 0.145328480
v -0.078241350 -0.192518557 0.158832062
v -0.064876779 -0.204478463 0.172074054
v -0.050768330 -0.215880750 0.185033426
v -0.035939534 -0.226698717 0.197685886
v -0.020431414 -0.236921100 0.210014972
v -0.004266996 -0.246521865 0.221995897
v 0.012514173 -0.255491127 0.233612562
v 0.029880748 -0.263812176 0.244844829
v 0.047798491 -0.271472063 0.255674529
v 0.066230388 -0.278462628 0.266086370
v 0.085151628 -0.284758797 0.276054017
v 0.104512251 -0.290373121 0.285575299
v 0.124291552 -0.295273160 0.294618443
v 0.144443088 -0.299469702 0.303180334
v 0.164932915 -0.302953433 0.311244446
v 0.185725222 -0.305718447 0.318796446
v 0.206782739 -0.307762862 0.325824839
v 0.228067372 -0.309089482 0.332321693
v 0.249545914 -0.309683323 0.338265647
v 0.271178226 -0.309553130 0.343653021
v 0.292926184 -0.308709322 0.348482028
v 0.314754360 -0.307139166 0.352732454
v 0.336624570 -0.304851192 0.356400896
v 0.358499599 -0.301863971 0.359492505
v 0.380343357 -0.298177524 0.361997398
v 0.402116563 -0.293778636 0.363893880
v 0.423783668 -0.288693690 0.365194015
v 0.445308871 -0.282933623 0.365897038
v 0.466656731 -0.276509394 0.366002308
v 0.487791358 -0.269430464 0.365507833
v 0.508668965 -0.261690317 0.364396261
v 0.529261820 -0.253323443 0.362688554
v 0.549539782 -0.244350794 0.360393832
v 0.569476205 -0.234795452 0.357523942
v 0.589005899 -0.224625455 0.354034699
v 0.608123343 -0.213901347 0.349974733
v 0.626810966 -0.202653097 0.345364093
v 0.644979637 -0.190836792 0.340142247
v 0.662681677 -0.178557541 0.334410458
v 0.679792844 -0.165746861 0.328078353
v 0.696393994 -0.152519743 0.321263128
v 0.712330588 -0.138800353 0.313860159
v 0.727700332 -0.124700675 0.305988718
v 0.742387031 -0.110185209 0.297588010
v 0.756407922 -0.095303550 0.288703858
v 0.769782978 -0.080100111 0.279378525
v 0.782355991 -0.064539594 0.269540635
v 0.794228706 -0.048702437 0.259284409
v 0.805385276 -0.032612124 0.248625112
v 0.815703358 -0.016262689 0.237524880
v 0.825231009 0.000297016 0.226037265
v 0.833983738 0.017033176 0.214194569
v 0.841945281 0.033921389 0.202012729
v 0.848991522 0.050950058 0.189468049
v 0.855198742 0.068075713 0.176617211
v 0.860573824 0.085269516 0.163486082
v 0.865106244 0.102505095 0.150093801
v 0.868786918 0.119755758 0.136460160
v 0.871494203 0.136989422 0.122579217
v 0.873336269 0.154177869 0.108503541
v 0.874309941 0.171294046 0.094254829
v 0.874412514 0.188310858 0.079854935
v 0.873642833 0.205201263 0.065326090
v 0.872001295 0.221938341 0.050690845
v 0.869388562 0.238471219 0.035964926
v 0.865910924 0.254792220 0.021183288
v 0.861573974 0.270875379 0.006369081
v 0.856384489 0.286695057 -0.008454494
v 0.850350754 0.302226071 -0.023264213
v 0.843482548 0.317443762 -0.038036892
v 0.835754169 0.332307525 -0.052745581
v 0.827158008 0.346780584 -0.067361666
v 0.817767485 0.360864835 -0.081867001
v 0.807598269 0.374538357 -0.096239107
v 0.796667352 0.387780049 -0.110455837
v 0.784993000 0.400569684 -0.124495427
v 0.772560171 0.412863799 -0.138325692
v 0.759366114 0.424622340 -0.151914003
v 0.745493897 0.435868304 -0.165257230
v 0.730966675 0.446585552 -0.178335724
v 0.715808561 0.456759054 -0.191130498
v 0.700001106 0.466331991 -0.203599187
v 0.683569104 0.475282930 -0.215717307
v 0.666588938 0.483646720 -0.227493419
v 0.649088154 0.491413298 -0.238911781
v 0.631048485 0.498512241 -0.249918678
v 0.612512321 0.504943594 -0.260502827
v 0.593548254 0.510750625 -0.270681907
v 0.574161405 0.515886548 -0.280415646
v 0.554361119 0.520300789 -0.289659509
v 0.534230062 0.524076856 -0.298460912
v 0.513761502 0.527127759 -0.306749344
v 0.493005313 0.529482171 -0.314535392
v 0.472004199 0.531158917 -0.321823371
v 0.450770140 0.532085966 -0.328550270
v 0.429364616 0.532350479 -0.334772224
v 0.407800769 0.531858663 -0.340407871
v 0.386131043 0.530690030 -0.345509405
v 0.364383180 0.528801469 -0.350033727
v 0.342596383 0.526196847 -0.353973743
v 0.320806289 0.522919632 -0.357356190
v 0.299050220 0.518920315 -0.360130185
v 0.277366105 0.514225530 -0.362307923
v 0.255787493 0.508858927 -0.363900281
v 0.234350666 0.502821407 -0.364898551
v 0.213092681 0.496117423 -0.365296790
v 0.192050695 0.488754745 -0.365091794
v 0.171261392 0.480744159 -0.364283011
v 0.150760499 0.472099159 -0.362872396
v 0.130582395 0.462835603 -0.360864233
v 0.110759815 0.452971381 -0.358264929
v 0.091323618 0.442526083 -0.355082801
v 0.072308760 0.431513258 -0.351320087
v 0.053763274 0.419933071 -0.346964525
v 0.035690442 0.407837191 -0.342058221
v 0.018157833 0.395208257 -0.336569283
v 0.001165731 0.382096826 -0.330539637
v -0.015247911 0.368515677 -0.323970050
v -0.031038911 0.354476657 -0.316858858
v -0.046192015 0.340013192 -0.309229762
v -0.060679434 0.325148756 -0.301094880
v -0.074466492 0.309903955 -0.292462066
v -0.087529821 0.294306347 -0.283347769
v -0.099855910 0.278387240 -0.273773991
v -0.111400488 0.262165749 -0.263744394
v -0.122158762 0.245676848 -0.253285938
v -0.132101359 0.228946601 -0.242411496
v -0.141204277 0.212004126 -0.231137570
v -0.149448421 0.194880494 -0.219483230
v -0.156819090 0.177607908 -0.207469275
v -0.163304826 0.160219049 -0.195117363
v -0.168873296 0.142745343 -0.182441829
v -0.173524858 0.125222156 -0.169468695
v -0.177242977 0.107683850 -0.156217859
v -0.180015737 0.090166056 -0.142710837
v -0.181835660 0.072705102 -0.128970251
v -0.182696980 0.055337856 -0.115018915
v -0.182587264 0.038103150 -0.100878361
v -0.181513731 0.021037838 -0.086573736
v -0.179472585 0.004181004 -0.072127855
v -0.176462168 -0.012427323 -0.057564101
v -0.172492162 -0.028749387 -0.042907077
v -0.167569560 -0.044746371 -0.028180824
v -0.161704553 -0.060379983 -0.013409582
v -0.154910221 -0.075612676 0.001382309
v -0.147202325 -0.090407852 0.016170459
v -0.138599170 -0.104730086 0.030930473
v -0.129121537 -0.118545379 0.045637979
v -0.118792675 -0.131821477 0.060268695
v -0.107638345 -0.144528257 0.074798531
v -0.095686896 -0.156638230 0.089203760
v -0.082964340 -0.168122750 0.103460121
v -0.069502254 -0.178958348 0.117544239
v -0.055332388 -0.189122978 0.131432924
v -0.040488932 -0.198598218 0.145103824
v -0.025003143 -0.207363742 0.158533674
v -0.008908530 -0.215402419 0.171699856
v 0.007759052 -0.222701158 0.184580942
v 0.024961419 -0.229251967 0.197157457
v 0.042668442 -0.235036253 0.209405223
v 0.060838218 -0.240054667 0.221308150
v 0.079437722 -0.244295228 0.232844488
v 0.098431891 -0.247749458 0.243993675
v 0.117783790 -0.250413198 0.254737019
v 0.137454975 -0.252287546 0.265058569
v 0.157406123 -0.253379939 0.274946223
v 0.177607463 -0.253668836 0.284371185
v 0.198015504 -0.253178124 0.293330806
v 0.218595835 -0.251904002 0.301806533
v 0.239312972 -0.249843494 0.309779769
v 0.260129171 -0.247007048 0.317240406
v 0.281008064 -0.243394804 0.324171459
v 0.301912296 -0.239021291 0.330565769
v 0.322806063 -0.233903737 0.336418794
v 0.343653618 -0.228043629 0.341714626
v 0.364417966 -0.221447717 0.346440527
v 0.385064942 -0.214137756 0.350595888
v 0.405561903 -0.206135946 0.354181137
v 0.425864544 -0.197421865 0.357160410
v 0.445946766 -0.188043182 0.359555593
v 0.465773932 -0.178012327 0.361359103
v 0.485311688 -0.167344245 0.362565310
v 0.504526375 -0.156056415 0.363170746
v 0.523385494 -0.144168795 0.363174293
v 0.541858214 -0.131703705 0.362577341
v 0.559915929 -0.118685626 0.361383909
v 0.577532838 -0.105140894 0.359600704
v 0.594665976 -0.091077690 0.357213176
v 0.611280548 -0.076517844 0.354220525
v 0.627378258 -0.061512556 0.350660529
v 0.642923261 -0.046076440 0.346526705
v 0.657852929 -0.030212463 0.341791447
v 0.672215297 -0.013994030 0.336530626
v 0.685893905 0.002605565 0.330669654
v 0.698962878 0.019506151 0.324301698
v 0.711306742 0.036723678 0.317360452
v 0.723013530 0.054184869 0.309940710
v 0.733924992 0.071908932 0.301953545
v 0.744162813 0.089822088 0.293510096
v 0.753614596 0.107919944 0.284560290
v 0.762294046 0.126164555 0.275138140
v 0.770243062 0.144517742 0.265291197
v 0.777330516 0.162962582 0.254969636
v 0.783622717 0.181459054 0.244233919
v 0.789139637 0.199977028 0.233115393
v 0.793811675 0.218486716 0.221602739
v 0.797604371 0.236953676 0.209704670
v 0.800590779 0.255351300 0.197475129
v 0.802763441 0.273651459 0.184931042
v 0.804074305 0.291817871 0.172076045
v 0.804478095 0.309809549 0.158918507
v 0.804056583 0.327611890 0.145507796
v 0.802808485 0.345196770 0.131863774
v 0.800734008 0.362536229 0.118006898
v 0.797799592 0.379589547 0.103950914
v 0.793972081 0.396311500 0.089713044
v 0.789330968 0.412700484 0.075332127
v 0.783882709 0.428730177 0.060830400
v 0.777635231 0.444374797 0.046230398
v 0.770597912 0.459609174 0.031554900
v 0.762744868 0.474386779 0.016825538
v 0.754070903 0.488668719 0.002068186
v 0.744647046 0.502464528 -0.012690435
v 0.734488399 0.515752254 -0.027427178
v 0.723611357 0.528510862 -0.042118943
v 0.712033568 0.540720286 -0.056742747
v 0.699755598 0.552345196 -0.071272586
v 0.686752987 0.563323107 -0.085674538
v 0.673113449 0.573693248 -0.099935611
v 0.658859394 0.583440044 -0.114033846
v 0.644014213 0.592549120 -0.127947693
v 0.628602209 0.601007328 -0.141656070
v 0.612593845 0.608731224 -0.155112212
v 0.596054469 0.615752026 -0.168307905
v 0.579031396 0.622085871 -0.181232505
v 0.561552167 0.627725047 -0.193867370
v 0.543629601 0.632636017 -0.206182033
v 0.525261046 0.636748483 -0.218126601
v 0.506528731 0.640147680 -0.229724218
v 0.487462036 0.642831633 -0.240959571
v 0.468062049 0.644725252 -0.251777536
v 0.448370116 0.645841229 -0.262167830
v 0.428440935 0.646241866 -0.272149951
v 0.408286364 0.645859540 -0.281669152
v 0.387941413 0.644693229 -0.290708196
v 0.367456567 0.642825377 -0.299303235
v 0.346844244 0.640128509 -0.307355791
v 0.326155558 0.636725536 -0.314931147
v 0.305418853 0.632553032 -0.321969903
v 0.284669752 0.627650977 -0.328484389
v 0.263944569 0.622005130 -0.334447225
v 0.243274817 0.615653609 -0.339871341
v 0.222702698 0.608556047 -0.344707650
v 0.202250485 0.600796051 -0.349006485
v 0.181968823 0.592307718 -0.352696283
v 0.161882950 0.583151349 -0.355809092
v 0.142021999 0.573349314 -0.358347583
v 0.122423376 0.562903211 -0.360295483
v 0.103135041 0.551802897 -0.361623081
v 0.084175036 0.540099546 -0.362359210
v 0.065577078 0.527808079 -0.362499057
v 0.047374012 0.514946448 -0.362040428
v 0.029597373 0.501535217 -0.360983657
v 0.012277034 0.487597140 -0.359331460
v -0.004559052 0.473156768 -0.357088758
v -0.020866689 0.458224575 -0.354242700
v -0.036626914 0.442835272 -0.350809795
v -0.051825503 0.427023913 -0.346809007
v -0.066410459 0.410799120 -0.342222520
v -0.080379200 0.394202928 -0.337079771
v -0.093682646 0.377249940 -0.331368634
v -0.106319059 0.359980257 -0.325117486
v -0.118257269 0.342418487 -0.318329739
v -0.129470225 0.324592736 -0.311013209
v -0.139935056 0.306533481 -0.303179316
v -0.149632970 0.288272665 -0.294842357
v -0.158549033 0.269842965 -0.286018853
v -0.166671899 0.251277234 -0.276727005
v -0.173968236 0.232605784 -0.266972757
v -0.180441094 0.213863715 -0.256782320
v -0.186057542 0.195083502 -0.246162944
v -0.190814879 0.176300111 -0.235137559
v -0.194702439 0.157548020 -0.223724706
v -0.197705933 0.138862642 -0.211941512
v -0.199814747 0.120280131 -0.199806920
v -0.201032602 0.101834980 -0.187345049
v -0.201339911 0.083566167 -0.174571527
v -0.200740902 0.065509319 -0.161510381
v -0.199233392 0.047701696 -0.148183089
v -0.196817433 0.030180802 -0.134611676
v -0.193493098 0.012985176 -0.120818125
v -0.189262974 -0.003846361 -0.106825030
v -0.184139836 -0.020278536 -0.092656863
v -0.178127182 -0.036271149 -0.078336040
v -0.171237153 -0.051786912 -0.063886550
v -0.163486001 -0.066790283 -0.049332669
v -0.154889424 -0.081244818 -0.034698402
v -0.145466270 -0.095115390 -0.020008005
v -0.135238143 -0.108368323 -0.005285866
v -0.124229105 -0.120971528 0.009443573
v -0.112465459 -0.132894672 0.024155859
v -0.099975591 -0.144109384 0.038826564
v -0.086789859 -0.154589532 0.053431341
v -0.072940519 -0.164311577 0.067946007
v -0.058461404 -0.173254683 0.082346633
v -0.043382745 -0.181393663 0.096608206
v -0.027746209 -0.188720197 0.110708565
v -0.011583798 -0.195213629 0.124623023
v 0.005064255 -0.200867603 0.138329811
v 0.022162749 -0.205669136 0.151805432
v 0.039675115 -0.209608601 0.165026841
v 0.057563498 -0.212680489 0.177971911
v 0.075788980 -0.214884339 0.190620079
v 0.094312819 -0.216223092 0.202952168
v 0.113101625 -0.216684083 0.214942743
v 0.132115201 -0.216278755 0.226575524
v 0.151316977 -0.215009582 0.237830817
v 0.170670454 -0.212880664 0.248689498
v 0.190138897 -0.209901266 0.259134879
v 0.209686748 -0.206074212 0.269147021
v 0.229277712 -0.201409293 0.278709236
v 0.248876169 -0.195920902 0.287807641
v 0.268447359 -0.189625437 0.296429843
v 0.287956268 -0.182528448 0.304556962
v 0.307368038 -0.174643418 0.312174600
v 0.326648677 -0.165988212 0.319271286
v 0.345763378 -0.156575889 0.325832214
v 0.364680953 -0.146433028 0.331852496
v 0.383372959 -0.135588137 0.337330044
v 0.401795213 -0.124028483 0.342229250
v 0.419933682 -0.111817921 0.346577244
v 0.437735712 -0.098932366 0.350326489
v 0.455190080 -0.085432654 0.353504180
v 0.472265214 -0.071336333 0.356099902
v 0.488923775 -0.056655731 0.358096564
v 0.505136553 -0.041417118 0.359490205
v 0.520883593 -0.025656508 0.360288347
v 0.536138535 -0.009400783 0.360489226
v 0.550877115 0.007321322 0.360093481
v 0.565070804 0.024484445 0.359097111
v 0.578681575 0.042067672 0.357487489
v 0.591704793 0.060026850 0.355286664
v 0.604126503 0.078328014 0.352504926
v 0.615935766 0.096937936 0.349154097
v 0.627042987 0.115854344 0.345177862
v 0.637508551 0.135010578 0.340652914
v 0.647294477 0.154385142 0.335567062
v 0.656346460 0.173953317 0.329899477
v 0.664727463 0.193665289 0.323718966
v 0.672314818 0.213506351 0.316955102
v 0.679216379 0.233426435 0.309705698
v 0.685307679 0.253401692 0.301904412
v 0.690667621 0.273393825 0.293623770
v 0.695251751 0.293369889 0.284854025
v 0.699021821 0.313293908 0.275591164
v 0.702059760 0.333140395 0.265902374
v 0.704253743 0.352862039 0.255742875
v 0.705652515 0.372432352 0.245159130
v 0.706297351 0.391829337 0.234190245
v 0.706117268 0.411003243 0.222819095
v 0.705105201 0.429916969 0.211062389
v 0.703331694 0.448561125 0.198970840
v 0.700796523 0.466906489 0.186561048
v 0.697422585 0.484887019 0.173821320
v 0.693250961 0.502485290 0.160788052
v 0.688329364 0.519692146 0.147497172
v 0.682663565 0.536479865 0.133968295
v 0.676259502 0.552820434 0.120221311
v 0.669027673 0.568619021 0.106253094
v 0.661081743 0.583913765 0.092114852
v 0.652433256 0.598679791 0.077828292
v 0.643095079 0.612893053 0.063415493
v 0.633081366 0.626530400 0.048898855
v 0.622362650 0.639526313 0.034297048
v 0.610966484 0.651863636 0.019637652
v 0.598949296 0.663557676 0.004948173
v 0.586330183 0.674589678 -0.009748329
v 0.573129320 0.684942061 -0.024428777
v 0.559367907 0.694598465 -0.039070138
v 0.545022417 0.703479365 -0.053641876
v 0.530145044 0.711603051 -0.068120923
v 0.514781355 0.718985844 -0.082487338
v 0.498956257 0.725616851 -0.096718848
v 0.482695375 0.731486572 -0.110793522
v 0.466011883 0.736560170 -0.124682890
v 0.448908327 0.740771817 -0.138347526
v 0.431455481 0.744199063 -0.151786451
v 0.413681335 0.746838444 -0.164979691
v 0.395614205 0.748687943 -0.177907898
v 0.377258515 0.749665641 -0.190521221
v 0.358659030 0.749804536 -0.202809851
v 0.339860145 0.749154280 -0.214773771
v 0.320890840 0.747718953 -0.226396728
v 0.301763040 0.745387221 -0.237607207
v 0.282526320 0.742256119 -0.248429075
v 0.263213708 0.738360036 -0.258860883
v 0.243850953 0.733613203 -0.268836946
v 0.224474180 0.728066300 -0.278363189
v 0.205113610 0.721788458 -0.287459912
v 0.185809684 0.714650750 -0.296027306
v 0.166584723 0.706798100 -0.304134204
v 0.147479423 0.698174222 -0.311722319
v 0.128522512 0.688812701 -0.318792561
v 0.109746423 0.678732050 -0.325334843
v 0.091183983 0.667940586 -0.331332991
v 0.072869974 0.656452972 -0.336773242
v 0.054820005 0.644321554 -0.341675690
v 0.037098487 0.631495807 -0.345970303
v 0.019700125 0.618070264 -0.349714746
v 0.002663423 0.604044571 -0.352884317
v -0.013955445 0.589405116 -0.355435479
v -0.030156295 0.574218895 -0.357406640
v -0.045907783 0.558504064 -0.358788334
v -0.061179489 0.542282331 -0.359573750
v -0.075942410 0.525578450 -0.359758737
v -0.090169341 0.508419694 -0.359341757
v -0.103835156 0.490835352 -0.358323765
v -0.116917017 0.472856244 -0.356708059
v -0.129394478 0.454514270 -0.354500092
v -0.141249553 0.435842015 -0.351707273
v -0.152454470 0.416867426 -0.348328151
v -0.162974742 0.397617637 -0.344356544
v -0.172827338 0.378138399 -0.339829614
v -0.181947090 0.358448360 -0.334716837
v -0.190359243 0.338592911 -0.329060384
v -0.198028035 0.318600778 -0.322854133
v -0.204931780 0.298506368 -0.316104124
v -0.211069537 0.278346302 -0.308830767
v -0.216426677 0.258155236 -0.301044601
v -0.220992859 0.237968382 -0.292759124
v -0.224747337 0.217822136 -0.283981802
v -0.227688774 0.197752409 -0.274732007
v -0.229816175 0.177794334 -0.265028738
v -0.231111140 0.157986118 -0.254881489
v -0.231572975 0.138364019 -0.244309658
v -0.231201390 0.118963929 -0.233332433
v -0.229992960 0.099822954 -0.221967376
v -0.227949037 0.080977252 -0.210234194
v -0.225061582 0.062467561 -0.198148704
v -0.221345021 0.044326077 -0.185735864
v -0.216793773 0.026594555 -0.173012555
v -0.211421277 0.009306429 -0.160002683
v -0.205233298 -0.007500312 -0.146727075
v -0.198240216 -0.023789261 -0.133207959
v -0.190456138 -0.039525665 -0.119468370
v -0.181887667 -0.054667836 -0.105529299
v -0.172562497 -0.069189449 -0.091416697
v -0.162488676 -0.083047001 -0.077151780
v -0.151694766 -0.096213711 -0.062759901
v -0.140202695 -0.108656332 -0.048264726
v -0.128037596 -0.120343737 -0.033690363
v -0.115227284 -0.131246931 -0.019061155
v -0.101801844 -0.141339074 -0.004401564
v -0.087793310 -0.150595547 0.010263901
v -0.073235414 -0.158994061 0.024910735
v -0.058163373 -0.166514830 0.039514475
v -0.042613715 -0.173140810 0.054050759
v -0.026623662 -0.178857027 0.068495296
v -0.010229890 -0.183647689 0.082823391
v 0.006526550 -0.187508871 0.097011785
v 0.023606938 -0.190433891 0.111036933
v 0.040973834 -0.192413181 0.124874343
v 0.058587109 -0.193448407 0.138501526
v 0.076407891 -0.193540844 0.151895932
v 0.094398152 -0.192691432 0.165034742
v 0.112519793 -0.190905536 0.177896157
v 0.130735139 -0.188193796 0.190460075
v 0.149008077 -0.184551731 0.202700979
v 0.167301555 -0.180006292 0.214604408
v 0.185580239 -0.174558613 0.226146535
v 0.203808896 -0.168222924 0.237308265
v 0.221953666 -0.161019264 0.248073335
v 0.239979195 -0.152952259 0.258418090
v 0.257853900 -0.144050742 0.268330664
v 0.275546492 -0.134335636 0.277796100
v 0.293022470 -0.123815905 0.286792255
v 0.310251699 -0.112516976 0.295306349
v 0.327205367 -0.100465279 0.303326821
v 0.343852947 -0.087681252 0.310838407
v 0.360165468 -0.074189111 0.317828348
v 0.376116328 -0.060016895 0.324287042
v 0.391681574 -0.045195282 0.330207826
v 0.406817590 -0.029726533 0.335558322
v 0.421522598 -0.013673541 0.340360779
v 0.435750726 0.002962436 0.344580653
v 0.449501627 0.020124447 0.348239004
v 0.462723489 0.037811713 0.351296537
v 0.475411316 0.055975007 0.353767850
v 0.487546064 0.074581199 0.355650783
v 0.499104661 0.093600383 0.356938889
v 0.510065733 0.113000717 0.357627750
v 0.520409970 0.132748652 0.357715172
v 0.530120486 0.152809243 0.357201344
v 0.539183193 0.173146548 0.356088976
v 0.547587142 0.193724120 0.354383379
v 0.555324843 0.214505591 0.352092486
v 0.562364934 0.235460521 0.349203787
v 0.568684463 0.256552443 0.345713478
v 0.574317416 0.277738213 0.341663741
v 0.579234301 0.298986467 0.337043882
v 0.583393049 0.320259890 0.331835866
v 0.586871948 0.341523512 0.326112650
v 0.589542077 0.362734848 0.319791882
v 0.591535878 0.383869280 0.312983967
v 0.592717311 0.404873035 0.305605419
v 0.593225133 0.425736447 0.297765819
v 0.592903449 0.446387302 0.289373538
v 0.591890268 0.466827556 0.280533204
v 0.590116896 0.487000977 0.271213716
v 0.587581163 0.506870053 0.261427672
v 0.584357836 0.526431930 0.251233268
v 0.580358071 0.545608579 0.240592327
v 0.575631311 0.564387222 0.229547486
v 0.570226751 0.582761230 0.218138866
v 0.564107892 0.600672457 0.206360734
v 0.557248773 0.618062756 0.194215419
v 0.549735547 0.634955472 0.181759877
v 0.541577435 0.651323105 0.169011656
v 0.532744738 0.667101257 0.155972630
v 0.523235341 0.682243667 0.142658846
v 0.513121991 0.696777853 0.129115437
v 0.502419184 0.710679744 0.115362694
v 0.491142602 0.723926236 0.101421440
v 0.479254111 0.736423894 0.087298212
v 0.466810638 0.748192989 0.073028824
v 0.453852919 0.759240585 0.058641750
v 0.440401087 0.769548425 0.044159379
v 0.426476226 0.779099523 0.029604343
v 0.412078987 0.787838823 0.014998195
v 0.397222256 0.795724586 0.000366765
v 0.381966628 0.802808153 -0.014263205
v 0.366336534 0.809078310 -0.028868727
v 0.350357055 0.814525308 -0.043426874
v 0.334053854 0.819140883 -0.057914842
v 0.317421284 0.822819013 -0.072296413
v 0.300518404 0.825635827 -0.086555502
v 0.283377858 0.827603592 -0.100671820
v 0.266027087 0.828720429 -0.114623653
v 0.248493753 0.828985995 -0.128389707
v 0.230790066 0.828296755 -0.141921069
v 0.212962421 0.826735725 -0.155213989
v 0.195042915 0.824330607 -0.168254514
v 0.177059451 0.821087479 -0.181023639
v 0.159039141 0.816941283 -0.193475779
v 0.141015534 0.811906757 -0.205590934
v 0.123018279 0.806061500 -0.217376111
v 0.105074152 0.799417596 -0.228815485
v 0.087227844 0.791853781 -0.239828592
v 0.069496501 0.783508807 -0.250455381
v 0.051903813 0.774411217 -0.260688691
v 0.034507943 0.764448398 -0.270441115
v 0.017311995 0.753751346 -0.279760377
v 0.000346705 0.742324394 -0.288624711
v -0.016332129 0.730111182 -0.296970057
v -0.032742445 0.717250503 -0.304863187
v -0.048794955 0.703627034 -0.312191995
v -0.064528531 0.689397702 -0.319046154
v -0.079850198 0.674468206 -0.325318833
v -0.094801309 0.658972368 -0.331092762
v -0.109285486 0.642833578 -0.336265334
v -0.123333791 0.626156431 -0.340900282
v -0.136907910 0.608946365 -0.344970609
v -0.149952396 0.591202568 -0.348433931
v -0.162484197 0.572994456 -0.351329804
v -0.174475407 0.554344039 -0.353645539
v -0.185894998 0.535274311 -0.355366482
v -0.196706385 0.515808755 -0.356473967
v -0.206912604 0.495995420 -0.356988840
v -0.216493411 0.475865942 -0.356907994
v -0.225430924 0.455453725 -0.356230806
v -0.233709742 0.434793411 -0.354959027
v -0.241310257 0.413918645 -0.353090845
v -0.248204797 0.392862551 -0.350618159
v -0.254402808 0.371666936 -0.347564323
v -0.259899460 0.350367815 -0.343939650
v -0.264646749 0.328998070 -0.339720567
v -0.268676731 0.307597681 -0.334946827
v -0.271944000 0.286203276 -0.329598255
v -0.274472068 0.264851534 -0.323706826
v -0.276244824 0.243579551 -0.317274662
v -0.277245241 0.222427023 -0.310304150
v -0.277481237 0.201430039 -0.302815105
v -0.276948458 0.180626490 -0.294818676
v -0.275639785 0.160056007 -0.286324487
v -0.273566430 0.139752568 -0.277353748
v -0.270729583 0.119753049 -0.267921060
v -0.267121084 0.100099400 -0.258035691
v -0.262752861 0.080825525 -0.247718837
v -0.257631320 0.061967585 -0.236988126
v -0.251761119 0.043563476 -0.225860215
v -0.245151649 0.025649018 -0.214354215
v -0.237816114 0.008257745 -0.202490892
v -0.229756367 -0.008567044 -0.190285515
v -0.220998575 -0.024800621 -0.177764501
v -0.211547960 -0.040399939 -0.164944452
v -0.201425544 -0.055334573 -0.151848761
v -0.190651048 -0.069572497 -0.138499773
v -0.179242036 -0.083077829 -0.124918778
v -0.167222545 -0.095820619 -0.111129181
v -0.154620230 -0.107774964 -0.097155083
v -0.141455753 -0.118903552 -0.083018192
v -0.127761851 -0.129184961 -0.068743516
v -0.113568545 -0.138593103 -0.054354853
v -0.098907492 -0.147103147 -0.039876218
v -0.083812596 -0.154693100 -0.025331939
v -0.068319557 -0.161343710 -0.010746503
v -0.052465515 -0.167038418 0.003855534
v -0.036288749 -0.171763374 0.018449604
v -0.019828420 -0.175507522 0.033011176
v -0.003124196 -0.178262098 0.047515754
v 0.013784121 -0.180019316 0.061938708
v 0.030855711 -0.180778517 0.076255900
v 0.048050241 -0.180541422 0.090443521
v 0.065328114 -0.179309635 0.104477674
v 0.082650058 -0.177084276 0.118333986
v 0.099977159 -0.173876883 0.131989854
v 0.117271619 -0.169697748 0.145422504
v 0.134496271 -0.164556073 0.158608715
v 0.151614789 -0.158465071 0.171526030
v 0.168592288 -0.151442618 0.184153342
v 0.185395700 -0.143510020 0.196470962
v 0.201988834 -0.134672675 0.208453179
v 0.218342622 -0.124963634 0.220084549
v 0.234425437 -0.114401440 0.231344411
v 0.250206471 -0.103006678 0.242212720
v 0.265656945 -0.090804338 0.252671472
v 0.280751089 -0.077824158 0.262705600
v 0.295457784 -0.064083934 0.272293338
v 0.309755765 -0.049620027 0.281423900
v 0.323613410 -0.034449839 0.290074604
v 0.337013564 -0.018613532 0.298238289
v 0.349930974 -0.002137582 0.305898707
v 0.362342538 0.014948274 0.313041811
v 0.374228053 0.032611137 0.319656363
v 0.385571071 0.050815205 0.325734628
v 0.396348990 0.069531146 0.331262673
v 0.406535540 0.088730761 0.336223300
v 0.416137790 0.108361780 0.340630751
v 0.425107317 0.128411371 0.344446953
v 0.433455375 0.148826809 0.347689646
v 0.441170108 0.169572530 0.350354668
v 0.448216525 0.190622571 0.352417139
v 0.454592396 0.211934638 0.353881946
v 0.460294363 0.233468801 0.354752663
v 0.465311982 0.255188246 0.355026500
v 0.469637410 0.277055373 0.354702956
v 0.473265643 0.299032257 0.353783946
v 0.476194727 0.321081178 0.352273892
v 0.478392711 0.343164859 0.350152291
v 0.479873088 0.365242497 0.347436887
v 0.480651620 0.387277338 0.344146669
v 0.480738444 0.409235654 0.340295483
v 0.480059368 0.431067019 0.335829994
v 0.478692925 0.452746243 0.330819385
v 0.476627369 0.474236433 0.325259916
v 0.473822399 0.495484723 0.319126784
v 0.470363625 0.516485110 0.312491958
v 0.466152043 0.537157023 0.305286503
v 0.461307089 0.557517301 0.297606731
v 0.455737038 0.577478442 0.289390904
v 0.449527171 0.597049628 0.280708273
v 0.442660837 0.616180851 0.271553258
v 0.435121376 0.634818285 0.261920900
v 0.426995173 0.652987053 0.251878771
v 0.418211046 0.670584882 0.241384668
v 0.408826826 0.687617677 0.230485650
v 0.398889795 0.704089578 0.219220304
v 0.388359530 0.719912014 0.207569732
v 0.377262444 0.735063792 0.195559402
v 0.365658920 0.749570070 0.183235329
v 0.353564810 0.763406413 0.170614749
v 0.340933608 0.776449455 0.157679511
v 0.327841352 0.788754734 0.144483612
v 0.314319324 0.800319186 0.131053579
v 0.300387663 0.811122992 0.117409464
v 0.286040379 0.821088518 0.103559219
v 0.271304007 0.830195959 0.089528227
v 0.256230321 0.838488783 0.075352323
v 0.240842826 0.845952804 0.061053434
v 0.225165692 0.852575271 0.046653803
v 0.209206266 0.858281736 0.032171963
v 0.192996600 0.863067976 0.017635293
v 0.176579630 0.866982223 0.003071491
v 0.159981583 0.870018113 -0.011496551
v 0.143229014 0.872170852 -0.026045926
v 0.126344964 0.873403164 -0.040551241
v 0.109354496 0.873657652 -0.054982065
v 0.092297031 0.873023575 -0.069320470
v 0.075199786 0.871502823 -0.083544121
v 0.058089939 0.869098866 -0.097630980
v 0.040996474 0.865778724 -0.111551432
v 0.023953590 0.861494768 -0.125269082
v 0.006985824 0.856347784 -0.138780325
v -0.009880478 0.850347769 -0.152064916
v -0.026619376 0.843506169 -0.165103197
v -0.043177866 0.835709858 -0.177832227
v -0.059548949 0.827090314 -0.190268123
v -0.075710352 0.817674047 -0.202396804
v -0.091628522 0.807449026 -0.214188382
v -0.107247850 0.796353551 -0.225586361
v -0.122581270 0.784520135 -0.236623625
v -0.137604709 0.771963332 -0.247282621
v -0.152232892 0.758579694 -0.257475274
v -0.166507272 0.744528993 -0.267262717
v -0.180382269 0.729791444 -0.276603836
v -0.193805091 0.714346908 -0.285451479
v -0.206816482 0.698315596 -0.293859595
v -0.219303912 0.681603837 -0.301719199
v -0.231339366 0.664356987 -0.309114380
v -0.242819720 0.646511288 -0.315948997
v -0.253806080 0.628179346 -0.322292635
v -0.264187663 0.609307846 -0.328044611
v -0.274034235 0.590004943 -0.333280946
v -0.283266615 0.570253312 -0.337933221
v -0.291890025 0.550105168 -0.342014626
v -0.299909890 0.529605045 -0.345537229
v -0.307282674 0.508770721 -0.348468088
v -0.313987201 0.487637098 -0.350795679
v -0.320037133 0.466251767 -0.352539443
v -0.325416267 0.444648280 -0.353691767
v -0.330111056 0.422862294 -0.354247605
v -0.334110715 0.400930932 -0.354204457
v -0.337407240 0.378892200 -0.353562294
v -0.339995373 0.356784466 -0.352323420
v -0.341872497 0.334645993 -0.350492319
v -0.343038504 0.312514550 -0.348075466
v -0.343468281 0.290430156 -0.345059097
v -0.343174857 0.268430978 -0.341460609
v -0.342174334 0.246552058 -0.337299393
v -0.340426434 0.224840322 -0.332550360
v -0.337972385 0.203325034 -0.327252614
v -0.334798978 0.182047893 -0.321402464
v -0.330900522 0.161051439 -0.315002536
v -0.326296675 0.140367949 -0.308074556
v -0.320991133 0.120035721 -0.300628056
v -0.314991776 0.100091552 -0.292675689
v -0.308307438 0.080572028 -0.284230762
v -0.300936840 0.061521736 -0.275299471
v -0.292911480 0.042962216 -0.265910996
v -0.284225935 0.024942976 -0.256068602
v -0.274907355 0.007487969 -0.245797914
v -0.264965951 -0.009364325 -0.235112763
v -0.254416946 -0.025578558 -0.224030273
v -0.243279464 -0.041122632 -0.212569900
v -0.231575620 -0.055967661 -0.200752664
v -0.219322869 -0.070077810 -0.188596372
v -0.206546806 -0.083427125 -0.176123496
v -0.193266722 -0.095978677 -0.163352365
v -0.179512327 -0.107710538 -0.150307052
v -0.165310071 -0.118594609 -0.137009186
v -0.150688481 -0.128604734 -0.123481107
v -0.135675522 -0.137710520 -0.109744424
v -0.120307704 -0.145900275 -0.095824720
v -0.104614211 -0.153140953 -0.081743304
v -0.088633324 -0.159422934 -0.067525567
v -0.072400612 -0.164727087 -0.053195077
v -0.055953552 -0.169037908 -0.038775937
v -0.039330861 -0.172342123 -0.024292512
v -0.022572681 -0.174632288 -0.009769463
v -0.005719468 -0.175902318 0.004768626
v 0.011187955 -0.176148574 0.019297147
v 0.028108581 -0.175370375 0.033791481
v 0.045001506 -0.173570088 0.048227055
v 0.061826229 -0.170753280 0.062579423
v 0.078543012 -0.166928967 0.076824392
v 0.095113329 -0.162109941 0.090938238
v 0.111497452 -0.156300338 0.104895624
v 0.127661148 -0.149528181 0.118675068
v 0.143565525 -0.141797934 0.132250603
v 0.159178787 -0.133138454 0.145601158
v 0.174467572 -0.123569011 0.158703692
v 0.189400506 -0.113112583 0.171536027
v 0.203948987 -0.101796314 0.184077444
v 0.218079331 -0.089635815 0.196302797
v 0.231772838 -0.076674194 0.208197726
v 0.244993760 -0.062922210 0.219734478
v 0.257724628 -0.048420956 0.230898705
v 0.269941633 -0.033199078 0.241670885
v 0.281624227 -0.017288851 0.252033650
v 0.292746040 -0.000715264 0.261964852
v 0.303292583 0.016482988 0.271451225
v 0.313246484 0.034272185 0.280477107
v 0.322595263 0.052614724 0.289030493
v 0.331308262 0.071488520 0.297084956
v 0.339384009 0.090847115 0.304636836
v 0.346808774 0.110655484 0.311672799
v 0.353572576 0.130876465 0.318182420
v 0.359649877 0.151481160 0.324142722
v 0.365043758 0.172424517 0.329553563
v 0.369760797 0.193663547 0.334417791
v 0.373752084 0.215176258 0.338693214
v 0.377060884 0.236906932 0.342412458
v 0.379641900 0.258829147 0.345536026
v 0.381510944 0.280898513 0.348074306
v 0.382671317 0.303075715 0.350027555
v 0.383117267 0.325323101 0.351388573
v 0.382845397 0.347602037 0.352152070
v 0.381854866 0.369873250 0.352314851
v 0.380147555 0.392097236 0.351875995
v 0.377728209 0.414234741 0.350836990
v 0.374604506 0.436247307 0.349201844
v 0.370787078 0.458097880 0.346977126
v 0.366289443 0.479751476 0.344171957
v 0.361116769 0.501171339 0.340788390
v 0.355235757 0.522301135 0.336795140
v 0.348717174 0.543129444 0.332250651
v 0.341562548 0.563619479 0.327153968
v 0.333734048 0.583703890 0.321469392
v 0.325329766 0.603402907 0.315280162
v 0.316267870 0.622614086 0.308511707
v 0.306661742 0.641379350 0.301261378
v 0.296435981 0.659588094 0.293459514
v 0.285708859 0.677304075 0.285208883
v 0.274381007 0.694374050 0.276417263
v 0.262579965 0.710887650 0.267196722
v 0.250266630 0.726746010 0.257508724
v 0.237470858 0.741931392 0.247377248
v 0.224252842 0.756475930 0.236854611
v 0.210570897 0.770250532 0.225898374
v 0.196489829 0.783298613 0.214565395
v 0.182047944 0.795629601 0.202888343
v 0.167234456 0.807148054 0.190852660
v 0.152080339 0.817840447 0.178483558
v 0.136636200 0.827751085 0.165826059
v 0.120924846 0.836862194 0.152898281
v 0.104942058 0.845051675 0.139689668
v 0.088738419 0.852377744 0.126246037
v 0.072347720 0.858857560 0.112596750
v 0.055795368 0.864479217 0.098762461
v 0.039100413 0.869176556 0.084755380
v 0.022291668 0.872919923 0.070598015
v 0.005407086 0.875778302 0.056326205
v -0.011526509 0.877746280 0.041962178
v -0.028482121 0.878820031 0.027528397
v -0.045429875 0.878923303 0.013045601
v -0.062338055 0.878075729 -0.001458436
v -0.079180205 0.876332854 -0.015958300
v -0.095929392 0.873697615 -0.030431190
v -0.112558877 0.870174543 -0.044854375
v -0.129027090 0.865693831 -0.059196928
v -0.145307368 0.860288836 -0.073434536
v -0.161382826 0.854020626 -0.087549515
v -0.177228239 0.846900290 -0.101520036
v -0.192818924 0.838940390 -0.115324651
v -0.208086377 0.830035905 -0.128911836
v -0.223041684 0.820315118 -0.142283562
v -0.237665243 0.809803833 -0.155421898
v -0.251935278 0.798520447 -0.168307516
v -0.265773712 0.786378732 -0.180879800
v -0.279199759 0.773487696 -0.193148667
v -0.292205492 0.759891280 -0.205104970
v -0.304746085 0.745574021 -0.216711989
v -0.316766974 0.730515930 -0.227925095
v -0.328310614 0.714830726 -0.238773464
v -0.339333206 0.698511209 -0.249220788
v -0.349770923 0.681535967 -0.259214785
v -0.359685938 0.664020905 -0.268801056
v -0.368988561 0.645923638 -0.277906842
v -0.377700852 0.627311067 -0.286546902
v -0.385813139 0.608219175 -0.294711152
v -0.393269392 0.588648710 -0.302352653
v -0.400115273 0.568675236 -0.309505482
v -0.406275634 0.548292262 -0.316107126
v -0.411791257 0.527566397 -0.322188088
v -0.416629817 0.506519151 -0.327720186
v -0.420766081 0.485182404 -0.332680620
v -0.424241927 0.463610254 -0.337101524
v -0.426994711 0.441820793 -0.340929596
v -0.429038282 0.419860004 -0.344174004
v -0.430387690 0.397768998 -0.346845189
v -0.431032138 0.375583010 -0.348932323
v -0.430963951 0.353339386 -0.350427085
v -0.430169749 0.331077161 -0.351316325
v -0.428661433 0.308836186 -0.351607981
v -0.426445843 0.286654683 -0.351305860
v -0.423520113 0.264571882 -0.350405631
v -0.419880826 0.242628611 -0.348902426
v -0.415545192 0.220861316 -0.346808844
v -0.410524670 0.199306152 -0.344132694
v -0.404829267 0.177999084 -0.340880591
v -0.398433403 0.156992857 -0.337028594
v -0.391395256 0.136302882 -0.332624559
v -0.383680864 0.115989833 -0.327637142
v -0.375337438 0.096070572 -0.322104935
v -0.366368346 0.076586037 -0.316028696
v -0.356774481 0.057582750 -0.309406803
v -0.346584872 0.039085861 -0.302262131
v -0.335815960 0.021129429 -0.294606536
v -0.324479163 0.003753769 -0.286447273
v -0.312596569 -0.013010707 -0.277800892
v -0.300195707 -0.029141181 -0.268688754
v -0.287284906 -0.044589555 -0.259114691
v -0.273898003 -0.059341055 -0.249105403
v -0.260053426 -0.073359244 -0.238673329
v -0.245773998 -0.086611828 -0.227834499
v -0.231086286 -0.099071621 -0.216608009
v -0.216018544 -0.110714167 -0.205014157
v -0.200601079 -0.121519552 -0.193074827
v -0.184859433 -0.131453835 -0.180806513
v -0.168827297 -0.140502886 -0.168233281
v -0.152534718 -0.148640050 -0.155374693
v -0.136014527 -0.155843546 -0.142252269
v -0.119301475 -0.162095882 -0.128888749
v -0.102431607 -0.167383309 -0.115307557
v -0.085441720 -0.171694223 -0.101532232
v -0.068368578 -0.175005028 -0.087584254
v -0.051251812 -0.177316310 -0.073489212
v -0.034130632 -0.178618124 -0.059270593
v -0.017045462 -0.178900967 -0.044952172
v -0.000037147 -0.178164702 -0.030558652
v 0.016853391 -0.176410823 -0.016114615
v 0.033585120 -0.173642332 -0.001644630
v 0.050117245 -0.169865289 0.012826660
v 0.066409475 -0.165088716 0.027274588
v 0.082422314 -0.159324567 0.041674523
v 0.098117381 -0.152587780 0.056001938
v 0.113457789 -0.144896385 0.070232519
v 0.128408161 -0.136270668 0.084342189
v 0.142930949 -0.126725662 0.098305720
v 0.156999309 -0.116296802 0.112101348
v 0.170575914 -0.104997694 0.125703034
v 0.183636887 -0.092864739 0.139089573
v 0.196153711 -0.079924240 0.152237587
v 0.208100434 -0.066205443 0.165124334
v 0.219454446 -0.051740790 0.177728224
v 0.230196745 -0.036565347 0.190029152
v 0.240297654 -0.020701971 0.202001128
v 0.249750170 -0.004196509 0.213629545
v 0.258534276 0.012920196 0.224892876
v 0.266632046 0.030615297 0.235770294
v 0.274029144 0.048853152 0.246242664
v 0.280715770 0.067595447 0.256293331
v 0.286687769 0.086801534 0.265909111
v 0.291922751 0.106442329 0.275065402
v 0.296430412 0.126470622 0.283757601
v 0.300184404 0.146858603 0.291957970
v 0.303190755 0.167562443 0.299659601
v 0.305446899 0.188543506 0.306850137
v 0.306950853 0.209763395 0.313517642
v 0.307703918 0.231183241 0.319652536
v 0.307684260 0.252768439 0.325228242
v 0.306920744 0.274474234 0.330255012
v 0.305410914 0.296263714 0.334720706
v 0.303145479 0.318098497 0.338607400
v 0.300141190 0.339939172 0.341917249
v 0.296416243 0.361748332 0.344654086
v 0.291943591 0.383484502 0.346785179
v 0.286754621 0.405110830 0.348324834
v 0.280861715 0.426590125 0.349272379
v 0.274273551 0.447884544 0.349624071
v 0.267001438 0.468956633 0.349378335
v 0.259059319 0.489769795 0.348535913
v 0.250463730 0.510288817 0.347099967
v 0.241233661 0.530480430 0.345076134
v 0.231379862 0.550306943 0.342462382
v 0.220898128 0.569717277 0.339241261
v 0.209842289 0.588700826 0.335452027
v 0.198239259 0.607234616 0.331109429
v 0.186062955 0.625244971 0.326172653
v 0.173371971 0.642732586 0.320687858
v 0.160196078 0.659680385 0.314673696
v 0.146512092 0.676000741 0.308087820
v 0.132411888 0.691755877 0.301019505
v 0.117840754 0.706802810 0.293386435
v 0.102904020 0.721241644 0.285298893
v 0.087559223 0.734927072 0.276683573
v 0.071884995 0.747935132 0.267623187
v 0.055883646 0.760191089 0.258099027
v 0.039580476 0.771665414 0.248122898
v 0.023030427 0.782415530 0.237753793
v 0.006222793 0.792295363 0.226943217
v -0.010785649 0.801380389 0.215756576
v -0.027962171 0.809682490 0.204222910
v -0.045298150 0.817071932 0.192313449
v -0.062749845 0.823607475 0.180078767
v -0.080284462 0.829314843 0.167551767
v -0.097876306 0.834152315 0.154741275
v -0.115496139 0.838023565 0.141643951
v -0.133109891 0.841036320 0.128316186
v -0.150690020 0.843183809 0.114777853
v -0.168206787 0.844441544 0.101045706
v -0.185617690 0.844706927 0.087125167
v -0.202904384 0.844097336 0.073062877
v -0.220039255 0.842612606 0.058880590
v -0.236994841 0.840254155 0.044600370
v -0.253722914 0.836947578 0.030239892
v -0.270198199 0.832725089 0.015827937
v -0.286406871 0.827645017 0.001391411
v -0.302322957 0.821715400 -0.013046984
v -0.317921013 0.814945800 -0.027464541
v -0.333129870 0.807244444 -0.041830232
v -0.347957327 0.798710758 -0.056122962
v -0.362387958 0.789377934 -0.070321460
v -0.376399218 0.779261667 -0.084403634
v -0.389950197 0.768348084 -0.098341000
v -0.402981702 0.756602613 -0.112096311
v -0.415525338 0.744132796 -0.125665058
v -0.427562466 0.730959736 -0.139026759
v -0.439063075 0.717090617 -0.152155774
v -0.449939391 0.702469730 -0.164998115
v -0.460253979 0.687220764 -0.177569293
v -0.469992948 0.671369148 -0.189851403
v -0.479083369 0.654886153 -0.201794806
v -0.487517175 0.637810770 -0.213382492
v -0.495336004 0.620220533 -0.224626114
v -0.502477698 0.602105181 -0.235479499
v -0.508909430 0.583483160 -0.245911757
v -0.514700088 0.564440817 -0.255953627
v -0.519745200 0.544952137 -0.265529931
v -0.524095035 0.525085787 -0.274661570
v -0.527744808 0.504876613 -0.283335313
v -0.530631473 0.484333731 -0.291499078
v -0.532835410 0.463528345 -0.299196808
v -0.534251079 0.442459722 -0.306345674
v -0.534973698 0.421196161 -0.313002110
v -0.534925028 0.399753017 -0.319100437
v -0.534147830 0.378179073 -0.324661126
v -0.532655326 0.356510165 -0.329684929
v -0.530377508 0.334778926 -0.334108025
v -0.527392912 0.313028973 -0.337980453
v -0.523694187 0.291294615 -0.341287240
v -0.519248938 0.269616447 -0.343992048
v -0.514082371 0.248033147 -0.346104362
v -0.508214633 0.226580464 -0.347630488
v -0.501650991 0.205296179 -0.348564498
v -0.494399860 0.184218150 -0.348902944
v -0.486472575 0.163383776 -0.348644802
v -0.477883101 0.142829552 -0.347791374
v -0.468647738 0.122590693 -0.346346151
v -0.458784561 0.102701002 -0.344314402
v -0.448281746 0.083214593 -0.341672499
v -0.437190560 0.064145167 -0.338457163
v -0.425526279 0.045527691 -0.334671166
v -0.413286776 0.027414626 -0.330298944
v -0.400516586 0.009817869 -0.325372384
v -0.387226806 -0.007221085 -0.319889198
v -0.373434282 -0.023662622 -0.313852093
v -0.359172499 -0.039487752 -0.307282292
v -0.344463416 -0.054663813 -0.300188270
v -0.329332120 -0.069161476 -0.292581776
v -0.313805988 -0.082954873 -0.284477194
v -0.297908529 -0.096009490 -0.275883442
v -0.281669663 -0.108302111 -0.266817355
v -0.265121111 -0.119814456 -0.257298339
v -0.248290728 -0.130518504 -0.247339959
v -0.231207660 -0.140385337 -0.236956277
v -0.213906140 -0.149402243 -0.226169464
v -0.196418196 -0.157548641 -0.214997511
v -0.178776078 -0.164799561 -0.203456961
v -0.161014747 -0.171141167 -0.191569118
v -0.143169562 -0.176561580 -0.179355675
v -0.125275952 -0.181044069 -0.166836475
v -0.107370713 -0.184570999 -0.154031499
v -0.089491446 -0.187138359 -0.140964649
v -0.071676395 -0.188735321 -0.127657652
v -0.053965056 -0.189351550 -0.114132548
v -0.036395875 -0.188991128 -0.100414238
v -0.019010175 -0.187643996 -0.086524689
v -0.001846700 -0.185318269 -0.072488889
v 0.015052211 -0.182009612 -0.058329836
v 0.031646656 -0.177726793 -0.044072270
v 0.047896866 -0.172479714 -0.029740729
v 0.063763004 -0.166279278 -0.015359708
v 0.079206074 -0.159139531 -0.000953847
v 0.094188155 -0.151077428 0.013452155
v 0.108672646 -0.142112662 0.027833593
v 0.122624543 -0.132267573 0.042165817
v 0.136010770 -0.121567109 0.056424308
v 0.148799800 -0.110037815 0.070584644
v 0.160958800 -0.097704336 0.084621809
v 0.172465693 -0.084603662 0.098512800
v 0.183291922 -0.070763688 0.112233047
v 0.193418320 -0.056221477 0.125760061
v 0.202816968 -0.041004660 0.139068519
v 0.211475097 -0.025154034 0.152137300
v 0.219375864 -0.008705104 0.164943938
v 0.226505082 0.008305500 0.177466622
v 0.232843043 0.025845244 0.189680945
v 0.238393504 0.043867589 0.201571724
v 0.243130529 0.062344702 0.213111258
v 0.247059571 0.081231425 0.224285025
v 0.250172663 0.100491047 0.235072666
v 0.252466168 0.120085214 0.245455643
v 0.253941655 0.139974340 0.255418041
v 0.254586052 0.160123755 0.264935970
v 0.254416236 0.180490075 0.274001598
v 0.253420307 0.201038274 0.282591200
v 0.251615854 0.221726999 0.290697941
v 0.249002840 0.242519071 0.298304813
v 0.245584871 0.263376388 0.305396726
v 0.241369634 0.284260436 0.311961058
v 0.236369313 0.305132996 0.317988288
v 0.230600943 0.325957055 0.323472675
v 0.224069864 0.346695172 0.328400307
v 0.216780207 0.367308004 0.332755521
v 0.208768272 0.387763506 0.336547832
v 0.200029775 0.408020610 0.339755017
v 0.190585118 0.428043908 0.342374216
v 0.180465741 0.447803330 0.344412538
v 0.169684976 0.467262958 0.345862087
v 0.158256033 0.486385480 0.346714223
v 0.146195447 0.505133853 0.346962691
v 0.133536713 0.523482052 0.346617908
v 0.120303075 0.541399129 0.345681043
v 0.106503315 0.558840707 0.344137167
v 0.092173849 0.575784738 0.342000574
v 0.077344004 0.592205520 0.339279056
v 0.062044328 0.608080726 0.335982827
v 0.046306089 0.623391900 0.332124418
v 0.030117563 0.638053957 0.327655944
v 0.013550303 0.652102154 0.322642495
v -0.003367730 0.665518919 0.317094810
v -0.020643686 0.678203908 0.310960995
v -0.038198893 0.690240104 0.304333385
v -0.056044873 0.701503220 0.297145919
v -0.074114365 0.712073392 0.289481874
v -0.092406081 0.721832881 0.281286981
v -0.110858578 0.730883246 0.272650613
v -0.129469769 0.739056500 0.263495546
v -0.148181461 0.746492867 0.253927059
v -0.166974503 0.753070800 0.243901305
v -0.185811815 0.758820435 0.233457669
v -0.204660959 0.763789206 0.222640471
v -0.223486429 0.767820631 0.211400689
v -0.242258511 0.771032854 0.199813898
v -0.260949337 0.773434013 0.187902931
v -0.279510361 0.774899311 0.175642516
v -0.297919253 0.775506879 0.163084476
v -0.316152244 0.775288298 0.150259837
v -0.334172849 0.774214248 0.137179800
v -0.351922744 0.772197548 0.123843402
v -0.369403287 0.769355220 0.110304512
v -0.386586439 0.765690015 0.096583590
v -0.403436590 0.761188132 0.082698517
v -0.419881779 0.755763965 0.068658408
v -0.435941207 0.749537750 0.054506448
v -0.451588900 0.742518603 0.040264675
v -0.466799541 0.734717105 0.025955359
v -0.481495366 0.726062567 0.011598576
v -0.495679473 0.716621703 -0.002776539
v -0.509349456 0.706443099 -0.017145578
v -0.522483535 0.695543181 -0.031485951
v -0.535044677 0.683920495 -0.045773011
v -0.546952884 0.671529582 -0.059973332
v -0.558260606 0.658479094 -0.074071895
v -0.568950573 0.644790567 -0.088046807
v -0.579006703 0.630486584 -0.101876498
v -0.588320012 0.615510152 -0.115513131
v -0.596951717 0.599959255 -0.128952689
v -0.604904226 0.583872532 -0.142178740
v -0.612166874 0.567276358 -0.155171653
v -0.618607433 0.550118754 -0.167865371
v -0.624333445 0.532511373 -0.180281171
v -0.629341998 0.514484882 -0.192402727
v -0.633549961 0.496029362 -0.204177886
v -0.636967222 0.477188265 -0.215593100
v -0.639653819 0.458023872 -0.226660295
v -0.641521911 0.438534435 -0.237320307
v -0.642592633 0.418764735 -0.247566675
v -0.642934081 0.398770076 -0.257420098
v -0.642395640 0.378544325 -0.266780637
v -0.641128234 0.358160223 -0.275717417
v -0.639041045 0.337634272 -0.284160785
v -0.636184989 0.317009219 -0.292125607
v -0.632538075 0.296319227 -0.299581004
v -0.628128258 0.275600397 -0.306529279
v -0.622928692 0.254890478 -0.312934607
v -0.617013759 0.234221023 -0.318833105
v -0.610287209 0.213638974 -0.324137355
v -0.602859292 0.193169440 -0.328910967
v -0.594718132 0.172848498 -0.333129149
v -0.585824521 0.152727339 -0.336741487
v -0.576250736 0.132826795 -0.339787703
v -0.566004202 0.113182793 -0.342256289
v -0.555096101 0.093831723 -0.344138110
v -0.543541099 0.074809812 -0.345426498
v -0.531357014 0.056152565 -0.346117284
v -0.518564439 0.037894315 -0.346208756
v -0.505186372 0.020067839 -0.345701564
v -0.491247812 0.002704073 -0.344598595
v -0.476775393 -0.014168112 -0.342904807
v -0.461797020 -0.030522053 -0.340627050
v -0.446337148 -0.046327831 -0.337768327
v -0.430404482 -0.061533020 -0.334310533
v -0.414055019 -0.076147644 -0.330296579
v -0.397290452 -0.090104516 -0.325696776
v -0.380161370 -0.103412352 -0.320549707
v -0.362687040 -0.116028136 -0.314848761
v -0.344896961 -0.127922703 -0.308600640
v -0.326827502 -0.139084246 -0.301824674
v -0.308509689 -0.149489025 -0.294530993
v -0.289976265 -0.159117271 -0.286732647
v -0.271258525 -0.167939981 -0.278437337
v -0.252391962 -0.175943770 -0.269662697
v -0.233412352 -0.183121744 -0.260429407
v -0.214352694 -0.189440081 -0.250743620
v -0.195249966 -0.194895129 -0.240627920
v -0.176140095 -0.199473837 -0.230099580
v -0.157059696 -0.203162676 -0.219175803
v -0.138045795 -0.205953091 -0.207876032
v -0.119136000 -0.207835871 -0.196219395
v -0.100369486 -0.208798035 -0.184223798
v -0.081783263 -0.208843771 -0.171913301
v -0.063416359 -0.207967492 -0.159308138
v -0.045308815 -0.206164718 -0.146429077
v -0.027500349 -0.203436057 -0.133298410
v -0.010030011 -0.199786360 -0.119939340
v 0.007064017 -0.195224019 -0.106375541
v 0.023739654 -0.189750753 -0.092629153
v 0.039960764 -0.183382932 -0.078725025
v 0.055683966 -0.176124860 -0.064685832
v 0.070874898 -0.167998628 -0.050536850
v 0.085495616 -0.159020685 -0.036302222
v 0.099509632 -0.149210901 -0.022006429
v 0.112882068 -0.138592136 -0.007674129
v 0.125579813 -0.127189904 0.006669937
v 0.137571702 -0.115032124 0.021001017
v 0.148828745 -0.102148927 0.035294407
v 0.159321856 -0.088570375 0.049525237
v 0.169027493 -0.074331274 0.063668955
v 0.177924866 -0.059467795 0.077701335
v 0.185996501 -0.044017522 0.091598647
v 0.193216401 -0.028011999 0.105335250
v 0.199581343 -0.011496488 0.118889724
v 0.205068646 0.005496365 0.132236351
v 0.209673794 0.022924414 0.145353268
v 0.213389642 0.040748244 0.158217981
v 0.216211590 0.058928278 0.170808575
v 0.218131837 0.077426695 0.183101807
v 0.219151458 0.096203078 0.195077066
v 0.219273464 0.115217637 0.206714550
v 0.218502150 0.134431186 0.217994971
v 0.216836494 0.153806099 0.228896687
v 0.214281894 0.173303690 0.239400435
v 0.210845361 0.192885461 0.249487553
v 0.206541786 0.212513076 0.259143328
v 0.201387213 0.232149626 0.268354239
v 0.195374002 0.251757492 0.277093580
v 0.188532849 0.271300633 0.285355686
v 0.180876676 0.290743204 0.293125445
v 0.172417270 0.310049033 0.300386812
v 0.163170329 0.329182319 0.307125921
v 0.153155701 0.348108333 0.313331665
v 0.142397541 0.366794289 0.318996341
v 0.130924334 0.385210428 0.324116352
v 0.118730598 0.403311971 0.328660809
v 0.105872483 0.421081719 0.332648437
v 0.092346186 0.438473633 0.336048379
v 0.078206154 0.455474670 0.338881027
v 0.063452378 0.472037581 0.341116728
v 0.048119634 0.488137497 0.342758116
v 0.032244018 0.503752905 0.343810626
v 0.015851643 0.518854572 0.344269608
v -0.001029218 0.533414709 0.344132464
v -0.018368309 0.547407383 0.343398799
v -0.036133659 0.560808904 0.342070543
v -0.054291919 0.573598244 0.340152026
v -0.072808785 0.585757433 0.337650006
v -0.091650161 0.597270450 0.334572372
v -0.110802202 0.608068854 0.330883516
v -0.130207474 0.618185357 0.326634163
v -0.149830837 0.627615137 0.321839803
v -0.169653580 0.636285289 0.316464633
v -0.189629029 0.644217616 0.310546922
v -0.209720858 0.651423349 0.304112866
v -0.229902191 0.657806747 0.297116712
v -0.250128407 0.663478530 0.289651349
v -0.270368435 0.668280050 0.281633885
v -0.290587501 0.672360883 0.273176344
v -0.310742325 0.675566816 0.264205090
v -0.330808345 0.678013770 0.254805701
v -0.350741556 0.679629022 0.244955955
v -0.370506919 0.680414203 0.234675442
v -0.390088270 0.680443178 0.224018989
v -0.409411158 0.679571045 0.212935344
v -0.428476639 0.677920565 0.201500828
v -0.447260087 0.675507773 0.189738564
v -0.465672596 0.672200660 0.177613071
v -0.483730413 0.668123209 0.165193389
v -0.501410244 0.663292373 0.152502519
v -0.518643193 0.657644557 0.139537235
v -0.535399018 0.651194945 0.126323127
v -0.551685848 0.644015783 0.112901152
v -0.567477073 0.636116714 0.099291511
v -0.582682855 0.627427524 0.085497979
v -0.597310217 0.618012197 0.071556929
v -0.611360967 0.607919362 0.057497889
v -0.624812084 0.597164332 0.043342714
v -0.637587636 0.585711206 0.029109300
v -0.649668593 0.573587618 0.014825102
v -0.661082313 0.560860861 0.000517758
v -0.671810459 0.547551237 -0.013790237
v -0.681814423 0.533664074 -0.028074997
v -0.691004892 0.519172501 -0.042305843
v -0.699458215 0.504171273 -0.056463987
v -0.707161576 0.488684765 -0.070527325
v -0.714103553 0.472738138 -0.084474004
v -0.720149310 0.456292033 -0.098256961
v -0.725407508 0.439442870 -0.111873568
v -0.729875594 0.422220279 -0.125303892
v -0.733536503 0.404647410 -0.138524356
v -0.736267467 0.386710572 -0.151478242
v -0.738194602 0.368492697 -0.164180675
v -0.739317502 0.350022670 -0.176613349
v -0.739541322 0.331306455 -0.188722108
v -0.738905706 0.312389416 -0.200499639
v -0.737472430 0.293316167 -0.211950866
v -0.735153427 0.274104125 -0.223018088
v -0.731980913 0.254792564 -0.233693878
v -0.728032409 0.235420361 -0.243995142
v -0.723168292 0.216014598 -0.253830755
v -0.717532481 0.196612911 -0.263253711
v -0.711069799 0.177249997 -0.272213032
v -0.703797744 0.157959469 -0.280697048
v -0.695753467 0.138773217 -0.288705626
v -0.686910683 0.119730459 -0.296200360
v -0.677321041 0.100859207 -0.303191256
v -0.666986172 0.082194350 -0.309657468
v -0.655906686 0.063776780 -0.315573886
v -0.644156362 0.045617158 -0.320973119
v -0.631673809 0.027782350 -0.325780961
v -0.618539404 0.010279534 -0.330035730
v -0.604776385 -0.006863716 -0.333732683
v -0.590390684 -0.023607397 -0.336850166
v -0.575389696 -0.039906481 -0.339364204
v -0.559827091 -0.055751085 -0.341297278
v -0.543725713 -0.071110485 -0.342642546
v -0.527111299 -0.085955339 -0.343395570
v -0.510012005 -0.100258034 -0.343554297
v -0.492457964 -0.113992978 -0.343118986
v -0.474480838 -0.127136787 -0.342092093
v -0.456113403 -0.139668419 -0.340478127
v -0.437372642 -0.151536292 -0.338254283
v -0.418309272 -0.162749530 -0.335453321
v -0.398957826 -0.173293627 -0.332084743
v -0.379336357 -0.183105888 -0.328119448
v -0.359497012 -0.192217072 -0.323604320
v -0.339463397 -0.200570586 -0.318516971
v -0.319276863 -0.208168755 -0.312880897
v -0.298973188 -0.214997166 -0.306706226
v -0.278588190 -0.221037044 -0.300000367
v -0.258158986 -0.226274162 -0.292774164
v -0.237723142 -0.230698548 -0.285041256
v -0.217318017 -0.234304139 -0.276817490
v -0.196981928 -0.237075187 -0.268113094
v -0.176753235 -0.239004669 -0.258943566
v -0.156670002 -0.240089799 -0.249326690
v -0.136769851 -0.240328724 -0.239280387
v -0.117092603 -0.239712992 -0.228819366
v -0.097677693 -0.238239834 -0.217961345
v -0.078563562 -0.235911313 -0.206726175
v -0.059787274 -0.232733538 -0.195135129
v -0.041389428 -0.228705557 -0.183206435
v -0.023407087 -0.223836043 -0.170962016
v -0.005882686 -0.218125317 -0.158420696
v 0.011148929 -0.211589216 -0.145606583
v 0.027649346 -0.204238117 -0.132541518
v 0.043580480 -0.196084667 -0.119247896
v 0.058901881 -0.187140404 -0.105747782
v 0.073584280 -0.177431968 -0.092066732
v 0.087583868 -0.166970033 -0.078226338
v 0.100873266 -0.155784806 -0.064252197
v 0.113417793 -0.143899158 -0.050168048
v 0.125182993 -0.131337756 -0.035998018
v 0.136140758 -0.118131639 -0.021766983
v 0.146264262 -0.104313027 -0.007499704
v 0.155527881 -0.089915268 0.006779074
v 0.163908509 -0.074973583 0.021044557
v 0.171385727 -0.059524820 0.035271970
v 0.177942029 -0.043607226 0.049436627
v 0.183563144 -0.027260242 0.063514033
v 0.188235595 -0.010523233 0.077479640
v 0.191946445 0.006564350 0.091308593
v 0.194698575 0.023958557 0.104978449
v 0.196474411 0.041622387 0.118463022
v 0.197283477 0.059511938 0.131741004
v 0.197123376 0.077587552 0.144788744
v 0.195995398 0.095809260 0.157583082
v 0.193905188 0.114137103 0.170101788
v 0.190863515 0.132531637 0.182324169
v 0.186875869 0.150954519 0.194227792
v 0.181956346 0.169367719 0.205792966
v 0.176111750 0.187733627 0.216997193
v 0.169363531 0.206016023 0.227823680
v 0.161726177 0.224179072 0.238253027
v 0.153219021 0.242188172 0.248268056
v 0.143855965 0.260007999 0.257848863
v 0.133656765 0.277604365 0.266978133
v 0.122651275 0.294947086 0.275644706
v 0.110860006 0.312003826 0.283832432
v 0.098295598 0.328738505 0.291519561
v 0.084995567 0.345125741 0.298700559
v 0.070984931 0.361135784 0.305362295
v 0.056292334 0.376741189 0.311494475
v 0.040937818 0.391908775 0.317079587
v 0.024951906 0.406611249 0.322107954
v 0.008381365 0.420836485 0.326586532
v -0.008767716 0.434537862 0.330483036
v -0.026434600 0.447719063 0.333820747
v -0.044620482 0.460320589 0.336555375
v -0.063263809 0.472351932 0.338714733
v -0.082335435 0.483788169 0.340290279
v -0.101804835 0.494604297 0.341273881
v -0.121643909 0.504767284 0.341650661
v -0.141806644 0.514276544 0.341435744
v -0.162257246 0.523115676 0.340629135
v -0.182958997 0.531270913 0.339233107
v -0.203879152 0.538713221 0.337237337
v -0.224977554 0.545433019 0.334648367
v -0.246213423 0.551430845 0.331480432
v -0.267548840 0.556704340 0.327744665
v -0.288947452 0.561254794 0.323454371
v -0.310372749 0.564997153 0.318559270
v -0.331783462 0.568009753 0.313131161
v -0.353145784 0.570281660 0.307173506
v -0.374412188 0.571736271 0.300646048
v -0.395561321 0.572481611 0.293635719
v -0.416532442 0.572394645 0.286072566
v -0.437316959 0.571599192 0.278050831
v -0.457844155 0.569976632 0.269507244
v -0.478123449 0.567665069 0.260540438
v -0.498055179 0.564505586 0.251067369
v -0.517670018 0.560658908 0.241196079
v -0.536887562 0.556034819 0.230887614
v -0.555688904 0.550671819 0.220176887
v -0.574075051 0.544633022 0.209110128
v -0.591927927 0.537799439 0.197640121
v -0.609291880 0.530295928 0.185843789
v -0.626146281 0.522142203 0.173742791
v -0.642368717 0.513242491 0.161308560
v -0.658008091 0.503704921 0.148604116
v -0.673050588 0.493556489 0.135654166
v -0.687417464 0.482763156 0.122460710
v -0.701072750 0.471337786 0.109045659
v -0.714053434 0.459353624 0.095450384
v -0.726337754 0.446828506 0.081695578
v -0.737822106 0.433724982 0.067789310
v -0.748526104 0.420097540 0.053765089
v -0.758471542 0.405995837 0.039652105
v -0.767641922 0.391441989 0.025472403
v -0.775943996 0.376419765 0.011246171
v -0.783387008 0.360971351 -0.002998590
v -0.790010869 0.345149205 -0.017236873
v -0.795805146 0.328978709 -0.031446311
v -0.800699352 0.312464478 -0.045599163
v -0.804668761 0.295632913 -0.059667372
v -0.807784339 0.278539922 -0.073634105
v -0.810042189 0.261212979 -0.087477711
v -0.811373600 0.243666283 -0.101163985
v -0.811761896 0.225930518 -0.114664492
v -0.811289136 0.208052690 -0.127972819
v -0.809958079 0.190061058 -0.141069044
v -0.807650975 0.171975703 -0.153897708
v -0.804461774 0.153838240 -0.166460492
v -0.800432050 0.135679799 -0.178748759
v -0.795489606 0.117531614 -0.190714549
v -0.789646667 0.099427704 -0.202336977
v -0.782996506 0.081393554 -0.213629421
v -0.775454811 0.063470958 -0.224531974
v -0.767069272 0.045688065 -0.235040341
v -0.757922610 0.028061307 -0.245170957
v -0.747870512 0.010660298 -0.254822726
v -0.737099083 -0.006528429 -0.264069822
v -0.725513374 -0.023439226 -0.272831126
v -0.713204625 -0.040068215 -0.281135301
v -0.700143981 -0.056363954 -0.288934543
v -0.686399308 -0.072320065 -0.296247621
v -0.671940142 -0.087877363 -0.303020499
v -0.656867273 -0.103054723 -0.309301924
v -0.641108021 -0.117758701 -0.314998114
v -0.624772537 -0.132019480 -0.320169380
v -0.607877268 -0.145807846 -0.324799993
v -0.590398535 -0.159047862 -0.328826045
v -0.572418558 -0.171762739 -0.332293095
v -0.553961135 -0.183924458 -0.335188884
v -0.535053648 -0.195506332 -0.337503379
v -0.515726534 -0.206483435 -0.339228921
v -0.496012749 -0.216832937 -0.340360278
v -0.475947233 -0.226534354 -0.340894638
v -0.455566390 -0.235569694 -0.340831543
v -0.434907608 -0.243923562 -0.340172782
v -0.414008807 -0.251583159 -0.338922253
v -0.392908049 -0.258538272 -0.337085793
v -0.371643186 -0.264781185 -0.334671004
v -0.350246689 -0.270268168 -0.331657263
v -0.328761996 -0.275018476 -0.328073855
v -0.307226260 -0.279008795 -0.323916716
v -0.285678205 -0.282241791 -0.319201329
v -0.264157936 -0.284686156 -0.313918779
v -0.242703851 -0.286359363 -0.308095211
v -0.221355278 -0.287250205 -0.301736073
v -0.200152084 -0.287352416 -0.294850553
v -0.179133810 -0.286664192 -0.287450921
v -0.158339034 -0.285187699 -0.279551925
v -0.137805088 -0.282928122 -0.271169982
v -0.117579698 -0.279865556 -0.262306581
v -0.097689957 -0.276032963 -0.252994641
v -0.078184921 -0.271412311 -0.243237086
v -0.059098112 -0.266021104 -0.233057293
v -0.040467651 -0.259867082 -0.222472789
v -0.022331434 -0.252959500 -0.211501806
v -0.004727263 -0.245308951 -0.200163149
v 0.012302825 -0.236922256 -0.188473798
v 0.028731696 -0.227825568 -0.176459548
v 0.044515051 -0.218025504 -0.164136924
v 0.059620608 -0.207543897 -0.151529107
v 0.074015172 -0.196401980 -0.138658534
v 0.087665459 -0.184621810 -0.125547606
v 0.100534509 -0.172223931 -0.112217984
v 0.112594826 -0.159237477 -0.098694052
v 0.123817448 -0.145690986 -0.084999517
v 0.134172166 -0.131613169 -0.071157851
v 0.143630825 -0.117035302 -0.057193103
v 0.152172731 -0.101993321 -0.043130140
v 0.159774684 -0.086522256 -0.028993340
v 0.166416497 -0.070659157 -0.014807352
v 0.172080935 -0.054442681 -0.000596961
v 0.176753716 -0.037912745 0.013613003
v 0.180422702 -0.021110022 0.027797683
v 0.183077813 -0.004075811 0.041932148
v 0.184715244 0.013147453 0.055991742
v 0.185333180 0.030517589 0.069952009
v 0.184933789 0.047992598 0.083788926
v 0.183511066 0.065531360 0.097477032
v 0.181081981 0.083092186 0.110994196
v 0.177642599 0.100634564 0.124314597
v 0.173212277 0.118118919 0.137416668
v 0.167801139 0.135506433 0.150277024
v 0.161423242 0.152759223 0.162873001
v 0.154097155 0.169840928 0.175183170
v 0.145839470 0.186715629 0.187185486
v 0.136667840 0.203347954 0.198857930
v 0.126607418 0.219705410 0.210181325
v 0.115682761 0.235756358 0.221136554
v 0.103915131 0.251468503 0.231703062
v 0.091329972 0.266811485 0.241862041
v 0.077957206 0.281757779 0.251597205
v 0.063829112 0.296282432 0.260894308
v 0.048957701 0.310348033 0.269726221
v 0.033393495 0.323941935 0.278090465
v 0.017161554 0.337036289 0.285968856
v 0.000283942 0.349599280 0.293339528
v -0.017195538 0.361617398 0.300197910
v -0.035243306 0.373070007 0.306532302
v -0.053830908 0.383930542 0.312325540
v -0.072922245 0.394179690 0.317567160
v -0.092471798 0.403812484 0.322259265
v -0.112451158 0.412801991 0.326384234
v -0.132821607 0.421134053 0.329935909
v -0.153545817 0.428793827 0.332907385
v -0.174578055 0.435785578 0.335308018
v -0.195894335 0.442062238 0.337103538
v -0.217445760 0.447636312 0.338310246
v -0.239192901 0.452500695 0.338927630
v -0.261097388 0.456644571 0.338952096
v -0.283119879 0.460059581 0.338382134
v -0.305220446 0.462740042 0.337218442
v -0.327359020 0.464683131 0.335464023
v -0.349495905 0.465889046 0.333124233
v -0.371592351 0.466361077 0.330206781
v -0.393608315 0.466088327 0.326708282
v -0.415498409 0.465048492 0.322617006
v -0.437230876 0.463287663 0.317973778
v -0.458773613 0.460820589 0.312794568
v -0.480062256 0.457572359 0.307028410
v -0.501084718 0.453629801 0.300745921
v -0.521798233 0.448977941 0.293940907
v -0.542148729 0.443594801 0.286603134
v -0.562135276 0.437553344 0.278790742
v -0.581671275 0.430780572 0.270457313
v -0.600780292 0.423377937 0.261680369
v -0.619372137 0.415280786 0.252420642
v -0.637457178 0.406559695 0.242732885
v -0.654990971 0.397214987 0.232623368
v -0.671912350 0.387231855 0.222088594
v -0.688264785 0.376700734 0.211194667
v -0.703918547 0.365548232 0.199900754
v -0.718916430 0.353857077 0.188266937
v -0.733259999 0.341666231 0.176324044
v -0.746804311 0.328912227 0.164041233
v -0.759624650 0.315688182 0.151482460
v -0.771715365 0.302024422 0.138672671
v -0.782967732 0.287895508 0.125606415
v -0.793392982 0.273346027 0.112317708
v -0.803025697 0.258426857 0.098842404
v -0.811846328 0.243159657 0.085200448
v -0.819699997 0.227518431 0.071392261
v -0.826712288 0.211585688 0.057466498
v -0.832871078 0.195386428 0.043444765
v -0.838144776 0.178941151 0.029347734
v -0.842418771 0.162255046 0.015195206
v -0.845810609 0.145388371 0.001019192
v -0.848314773 0.128368075 -0.013158047
v -0.849904308 0.111218925 -0.027313070
v -0.850472891 0.093961810 -0.041414681
v -0.850146511 0.076641197 -0.055444622
v -0.848926518 0.059284731 -0.069381022
v -0.846776099 0.041921023 -0.083196031
v -0.843626243 0.024584545 -0.096852722
v -0.839597204 0.007302765 -0.110345623
v -0.834697094 -0.009897279 -0.123654284
v -0.828837534 -0.026973197 -0.136732829
v -0.822070940 -0.043898291 -0.149567143
v -0.814468820 -0.060654623 -0.162152705
v -0.805992269 -0.077202429 -0.174452510
v -0.796607827 -0.093497449 -0.186426723
v -0.786438439 -0.109541963 -0.198093986
v -0.775440678 -0.125288359 -0.209410440
v -0.763604824 -0.140695724 -0.220342188
v -0.751047991 -0.155778428 -0.230916721
v -0.737675164 -0.170453381 -0.241054894
v -0.723596903 -0.184738936 -0.250786488
v -0.708810933 -0.198594650 -0.260079039
v -0.693323480 -0.211983103 -0.268903653
v -0.677205112 -0.224909566 -0.277274243
v -0.660431678 -0.237311518 -0.285137816
v -0.643080296 -0.249204133 -0.292517074
v -0.625152816 -0.260542217 -0.299376397
v -0.606684735 -0.271305363 -0.305704514
v -0.587739475 -0.281512991 -0.311525638
v -0.568286849 -0.291065216 -0.316756349
v -0.548416799 -0.300015053 -0.321451229
v -0.528156002 -0.308340128 -0.325596270
v -0.507521690 -0.315993054 -0.329156337
v -0.486556519 -0.322965077 -0.332130485
v -0.465305960 -0.329260697 -0.334528682
v -0.443805164 -0.334863712 -0.336343062
v -0.422091249 -0.339760514 -0.337568098
v -0.400202737 -0.343940187 -0.338200618
v -0.378179013 -0.347394558 -0.338239750
v -0.356059841 -0.350118169 -0.337686838
v -0.333884922 -0.352108191 -0.336545313
v -0.311693677 -0.353359256 -0.334816559
v -0.289527848 -0.353841068 -0.332482574
v -0.267425926 -0.353590415 -0.329577983
v -0.245428865 -0.352591260 -0.326095957
v -0.223577898 -0.350838460 -0.322038317
v -0.201912475 -0.348339865 -0.317416903
v -0.180469037 -0.345107515 -0.312246417
v -0.159294521 -0.341124690 -0.306520267
v -0.138425160 -0.336408351 -0.300256946
v -0.117898633 -0.330968430 -0.293469536
v -0.097753579 -0.324812847 -0.286169592
v -0.078031271 -0.317946399 -0.278366474
v -0.058771991 -0.310377571 -0.270072200
v -0.040003071 -0.302132931 -0.261311164
v -0.021775200 -0.293208230 -0.252086435
v -0.004112570 -0.283633545 -0.242424396
v 0.012944128 -0.273419133 -0.232337774
v 0.029357234 -0.262580603 -0.221842817
v 0.045092348 -0.251137769 -0.210958328
v 0.060118350 -0.239113697 -0.199704884
v 0.074407300 -0.226533922 -0.188104220
v 0.087916300 -0.213414336 -0.176171794
v 0.100625528 -0.199787689 -0.163933043
v 0.112500863 -0.185677828 -0.151407514
v 0.123512226 -0.171112558 -0.138616729
v 0.133633267 -0.156122665 -0.125583462
v 0.142841019 -0.140741168 -0.112331215
v 0.151115549 -0.125002756 -0.098883844
v 0.158423771 -0.108938650 -0.085262863
v 0.164758795 -0.092589632 -0.071494371
v 0.170096002 -0.075991561 -0.057601390
v 0.174420753 -0.059184119 -0.043608511
v 0.177723855 -0.042208397 -0.029540602
v 0.179995213 -0.025105610 -0.015422291
v 0.181228052 -0.007917797 -0.001278368
v 0.181418826 0.009312519 0.012866308
v 0.180567193 0.026542656 0.026986881
v 0.178676064 0.043730075 0.041058572
v 0.175747167 0.060832156 0.055056332
v 0.171791283 0.077807274 0.068955611
v 0.166822623 0.094615189 0.082732378
v 0.160851697 0.111215646 0.096362060
v 0.153894530 0.127569880 0.109820586
v 0.145969316 0.143640435 0.123084181
v 0.137099533 0.159392384 0.136130172
v 0.127305159 0.174790495 0.148935053
v 0.116609704 0.189801438 0.161475998
v 0.105040614 0.204394485 0.173731372
v 0.092629644 0.218542445 0.185681417
v 0.079391949 0.232209180 0.197299696
v 0.065372420 0.245376857 0.208571926
v 0.050596748 0.258017231 0.219476233
v 0.035093975 0.270104197 0.229991815
v 0.018896663 0.281614532 0.240099529
v 0.002040954 0.292528817 0.249782640
v -0.015433541 0.302832573 0.259027747
v -0.033498833 0.312500127 0.267813191
v -0.052110397 0.321524284 0.276130488
v -0.071244348 0.329873174 0.283952997
v -0.090852505 0.337546259 0.291276879
v -0.110898936 0.344528307 0.298087460
v -0.131345507 0.350807474 0.304372480
v -0.152152315 0.356375980 0.310122671
v -0.173281393 0.361222880 0.315326344
v -0.194697722 0.365326346 0.319963356
v -0.216350689 0.368710640 0.324048835
v -0.238210174 0.371337903 0.327550241
v -0.260226411 0.373244383 0.330492229
v -0.282368568 0.374373746 0.332827493
v -0.304588844 0.374768385 0.334585707
v -0.326848516 0.374423128 0.335759527
v -0.349107849 0.373334762 0.336343073
v -0.371326343 0.371502522 0.336332354
v -0.393462647 0.368925696 0.335723351
v -0.415477114 0.365616614 0.334522557
v -0.437327979 0.361574981 0.332726268
v -0.458976159 0.356813663 0.330341468
v -0.480383670 0.351345756 0.327375429
v -0.501514650 0.345187055 0.323837750
v -0.522335957 0.338355824 0.319740228
v -0.542797105 0.330837990 0.315067554
v -0.562858125 0.322647981 0.309827942
v -0.582510318 0.313841714 0.304065153
v -0.601689537 0.304391655 0.297752097
v -0.620368711 0.294329173 0.290911546
v -0.638542468 0.283700810 0.283580105
v -0.656116182 0.272463021 0.275715530
v -0.673143722 0.260717394 0.267402999
v -0.689493950 0.248397261 0.258578974
v -0.705240877 0.235608669 0.249333806
v -0.720266657 0.222308254 0.239623589
v -0.734607523 0.208563237 0.229504770
v -0.748226388 0.194390141 0.218987585
v -0.761046858 0.179786012 0.208063641
v -0.773145728 0.164828071 0.196800585
v -0.784393159 0.149492694 0.185169344
v -0.794823728 0.133832274 0.173214440
v -0.804467651 0.117890818 0.160973369
v -0.813191428 0.101658776 0.148428023
v -0.821048396 0.085188015 0.135623997
v -0.828067207 0.068516887 0.122594165
v -0.834164015 0.051658828 0.109342676
v -0.839308875 0.034643007 0.095890488
v -0.843579211 0.017513138 0.082278588
v -0.846966760 0.000296088 0.068527794
v -0.849328964 -0.016985829 0.054644759
v -0.850775831 -0.034293393 0.040669450
v -0.851324822 -0.051597772 0.026626274
v -0.850961245 -0.068870431 0.012536883
v -0.849558082 -0.086070579 -0.001576079
v -0.847258563 -0.103176771 -0.015684246
v -0.844066542 -0.120161696 -0.029765490
v -0.839948150 -0.136990330 -0.043794477
v -0.834838194 -0.153616085 -0.057739084
v -0.828859015 -0.170032557 -0.071584609
v -0.822021199 -0.186213964 -0.085309623
v -0.814252319 -0.202105979 -0.098876396
v -0.805587678 -0.217684515 -0.112262920
v -0.796108465 -0.232946499 -0.125460388
v -0.785811894 -0.247859735 -0.138443308
v -0.774609907 -0.262346702 -0.151156661
v -0.762652028 -0.276442968 -0.163617165
v -0.749956727 -0.290126890 -0.175806103
v -0.736410109 -0.303290801 -0.187646436
v -0.722179250 -0.315999222 -0.199176628
v -0.707258899 -0.328212462 -0.210365433
v -0.691601027 -0.339850618 -0.221152858
v -0.675341213 -0.350979597 -0.231580942
v -0.658417855 -0.361499963 -0.241575192
v -0.640916176 -0.371444547 -0.251155199
v -0.622851481 -0.380779053 -0.260292459
v -0.604244443 -0.389474109 -0.268961993
v -0.585150406 -0.397539359 -0.277167252
v -0.565581798 -0.404933076 -0.284874066
v -0.545586157 -0.411656609 -0.292079897
v -0.525204445 -0.417711220 -0.298782655
v -0.504447929 -0.423034210 -0.304931608
v -0.483387185 -0.427685510 -0.310569128
v -0.462036221 -0.431605237 -0.315646551
v -0.440437338 -0.434787722 -0.320156221
v -0.418638314 -0.437257595 -0.324114186
v -0.396673876 -0.439001458 -0.327507242
v -0.374580405 -0.440000821 -0.330318022
v -0.352398108 -0.440241380 -0.332532235
v -0.330170052 -0.439745020 -0.334164146
v -0.307935580 -0.438509412 -0.335209069
v -0.285734516 -0.436535119 -0.335664593
v -0.263606675 -0.433825490 -0.335530532
v -0.241592868 -0.430379622 -0.334803264
v -0.219737058 -0.426189308 -0.333473146
v -0.198074507 -0.421283512 -0.331560704
v -0.176641635 -0.415675831 -0.329074167
v -0.155488828 -0.409345999 -0.325993871
v -0.134644801 -0.402330139 -0.322346489
v -0.114156434 -0.394623269 -0.318124735
v -0.094050532 -0.386257815 -0.313352454
v -0.074381451 -0.377221339 -0.308015859
v -0.055176568 -0.367545527 -0.302138105
v -0.036472065 -0.357246764 -0.295729513
v -0.018304822 -0.346341279 -0.288800171
v -0.000709125 -0.334848732 -0.281362994
v 0.016278619 -0.322787257 -0.273429434
v 0.032617714 -0.310172705 -0.265008678
v 0.048293994 -0.297042375 -0.256128773
v 0.063250898 -0.283401734 -0.246789120
v 0.077476275 -0.269289107 -0.237018349
v 0.090935108 -0.254726779 -0.226830371
v 0.103596650 -0.239740987 -0.216242246
v 0.115434296 -0.224360842 -0.205273299
v 0.126425332 -0.208617478 -0.193944408
v 0.136532895 -0.192537375 -0.182271062
v 0.145748553 -0.176158202 -0.170279638
v 0.154035994 -0.159508898 -0.157986503
v 0.161381718 -0.142626426 -0.145415878
v 0.167767189 -0.125546613 -0.132589996
v 0.173174455 -0.108306269 -0.119531233
v 0.177582541 -0.090943067 -0.106261528
v 0.180988763 -0.073497396 -0.092806367
v 0.183373730 -0.056008961 -0.079187976
v 0.184737493 -0.038519054 -0.065431597
v 0.185066334 -0.021069665 -0.051560515
v 0.184361113 -0.003703228 -0.037599767
v 0.182623339 0.013537773 -0.023574115
v 0.179855591 0.030610634 -0.009508288
v 0.176063830 0.047472867 0.004572854
v 0.171257241 0.064082501 0.018644412
v 0.165448166 0.080398390 0.032681524
v 0.158650438 0.096379917 0.046659297
v 0.150879498 0.111986995 0.060552692
v 0.142159867 0.127183671 0.074337498
v 0.132516436 0.141935387 0.087989856
v 0.121963362 0.156202231 0.101483773
v 0.110539895 0.169958660 0.114797692
v 0.098266059 0.183169105 0.127906268
v 0.085174194 0.195806136 0.140786683
v 0.071297685 0.207844457 0.153416698
v 0.056669737 0.219259925 0.165774265
v 0.041319319 0.230025262 0.177835465
v 0.025285681 0.240123294 0.189580619
v 0.008604287 0.249534885 0.200988963
v -0.008686495 0.258245185 0.212041611
v -0.026554813 0.266232236 0.222715709
v -0.044959503 0.273486321 0.232994523
v -0.063865509 0.279990191 0.242857044
v -0.083231386 0.285736782 0.252287706
v -0.103013646 0.290725773 0.261275041
v -0.123182495 0.294930724 0.269791892
v -0.143688637 0.298365762 0.277835383
v -0.164496796 0.301016419 0.285385287
v -0.185568438 0.302873403 0.292424146
v -0.206859815 0.303945140 0.298945980
v -0.228330755 0.304232437 0.304940095
v -0.249943537 0.303719069 0.310383854
v -0.271654290 0.302423549 0.315278434
v -0.293422713 0.300360608 0.319623189
v -0.315209646 0.297504489 0.323387886
v -0.336974745 0.293897561 0.326592198
v -0.358675603 0.289508055 0.329200475
v -0.380276008 0.284382983 0.331236971
v -0.401736926 0.278524812 0.332692251
v -0.423011031 0.271913767 0.333538070
v -0.444066247 0.264592406 0.333796581
v -0.464864059 0.256572231 0.333465164
v -0.485366549 0.247867308 0.332543273
v -0.505536831 0.238494251 0.331032545
v -0.525339538 0.228472121 0.328936869
v -0.544741312 0.217822257 0.326262408
v -0.563697560 0.206550953 0.323000992
v -0.582169068 0.194676446 0.319154835
v -0.600140142 0.182242123 0.314751489
v -0.617587498 0.169276550 0.309805388
v -0.634446495 0.155771619 0.304292029
v -0.650699381 0.141767073 0.298235714
v -0.666358744 0.127317076 0.291680112
v -0.681306826 0.112386092 0.284565271
v -0.695611020 0.097063922 0.276976911
v -0.709178949 0.081337373 0.268878890
v -0.722034113 0.065261702 0.260318848
v -0.734109946 0.048844592 0.251283486
v -0.745440235 0.032139299 0.241821913
v -0.755923304 0.015146478 0.231905637
v -0.765662314 -0.002065292 0.221614918
v -0.774474318 -0.019508686 0.210888226
v -0.782493784 -0.037116127 0.199814023
v -0.789650579 -0.054868624 0.188386431
v -0.795883785 -0.072739866 0.176607637
v -0.801288416 -0.090686065 0.164537223
v -0.805765884 -0.108682168 0.152165732
v -0.809310563 -0.126693719 0.139517160
v -0.811996283 -0.144688989 0.126636111
v -0.813756395 -0.162634821 0.113528262
v -0.814542131 -0.180493259 0.100207943
v -0.814454565 -0.198242318 0.086720279
v -0.813492200 -0.215853820 0.073085803
v -0.811507133 -0.233266809 0.059307736
v -0.808641829 -0.250476204 0.045430424
v -0.804909064 -0.267456200 0.031476702
v -0.800265998 -0.284163441 0.017466625
v -0.794667208 -0.300547827 0.003424527
v -0.788224606 -0.316614714 -0.010621707
v -0.780948555 -0.332338481 -0.024650063
v -0.772760688 -0.347650159 -0.038631549
v -0.763715246 -0.362537881 -0.052541892
v -0.753880512 -0.377002548 -0.066362322
v -0.743268081 -0.391018631 -0.080070546
v -0.731771342 -0.404481591 -0.093619165
v -0.719543868 -0.417450051 -0.107008064
v -0.706606346 -0.429904689 -0.120216989
v -0.692897085 -0.441758096 -0.133198505
v -0.678483867 -0.453020792 -0.145941152
v -0.663435659 -0.463712201 -0.158439759
v -0.647711644 -0.473749928 -0.170644700
v -0.631357141 -0.483130345 -0.182540399
v -0.614452932 -0.491894371 -0.194134318
v -0.596946499 -0.499928342 -0.205356944
v -0.578927088 -0.507288251 -0.216224536
v -0.560429486 -0.513967144 -0.226722075
v -0.541434649 -0.519873269 -0.236786850
v -0.522050808 -0.525116825 -0.246470010
v -0.502233043 -0.529544050 -0.255670165
v -0.482089956 -0.533290494 -0.264457195
v -0.461599901 -0.536220635 -0.272736687
v -0.440849577 -0.538455850 -0.280574204
v -0.419828610 -0.539851952 -0.287865761
v -0.398614629 -0.540534541 -0.294682634
v -0.377222557 -0.540417784 -0.300956997
v -0.355699815 -0.539530295 -0.306696756
v -0.334086654 -0.537901091 -0.311912130
v -0.312416759 -0.535477527 -0.316554674
v -0.290733405 -0.532284110 -0.320630455
v -0.269075091 -0.528344770 -0.324146453
v -0.247480083 -0.523658688 -0.327091396
v -0.225987824 -0.518228416 -0.329456194
v -0.204638320 -0.512059804 -0.331234052
v -0.183471583 -0.505161819 -0.332420511
v -0.162527127 -0.497546355 -0.333013421
v -0.141843549 -0.489227961 -0.333012878
v -0.121458158 -0.480223575 -0.332421113
v -0.101406688 -0.470552231 -0.331242356
v -0.081723070 -0.460234762 -0.329482679
v -0.062451169 -0.449276899 -0.327134209
v -0.043630290 -0.437694591 -0.324197914
v -0.025278265 -0.425530356 -0.320700399
v -0.007456025 -0.412774793 -0.316617838
v 0.009824358 -0.399474988 -0.311981790
v 0.026527702 -0.385650380 -0.306796893
v 0.042607404 -0.371313735 -0.301059644
v 0.058041221 -0.356498891 -0.294788855
v 0.072801038 -0.341233716 -0.287997228
v 0.086856687 -0.325544909 -0.280695950
v 0.100168242 -0.309455133 -0.272890397
v 0.112723900 -0.293002096 -0.264604803
v 0.124494826 -0.276214378 -0.255851752
v 0.135449694 -0.259120704 -0.246643051
v 0.145566097 -0.241754289 -0.236996104
v 0.154826227 -0.224149613 -0.226930313
v 0.163206509 -0.206339915 -0.216462236
v 0.170688169 -0.188360273 -0.205610814
v 0.177256782 -0.170246813 -0.194396640
v 0.182880172 -0.152034663 -0.182833931
v 0.187564466 -0.133763213 -0.170950758
v 0.191282015 -0.115469877 -0.158763265
v 0.194026552 -0.097194127 -0.146294811
v 0.195790672 -0.078975662 -0.133567986
v 0.196567823 -0.060854766 -0.120605407
v 0.196344669 -0.042873864 -0.107428343
v 0.195129542 -0.025072989 -0.094062474
v 0.192917624 -0.007494927 -0.080530580
v 0.189715208 0.009819185 -0.066857196
v 0.185520287 0.026824867 -0.053065751
v 0.180348251 0.043482364 -0.039181639
v 0.174209080 0.059749967 -0.025229357
v 0.167116339 0.075586804 -0.011233664
v 0.159086857 0.090953098 0.002780547
v 0.150140492 0.105810433 0.016788348
v 0.140296727 0.120119865 0.030764637
v 0.129583331 0.133847642 0.044684558
v 0.118028060 0.146960723 0.058523400
v 0.105661373 0.159428754 0.072256770
v 0.092511096 0.171219628 0.085859709
v 0.078611854 0.182307592 0.099308175
v 0.063998310 0.192668191 0.112578282
v 0.048708135 0.202281385 0.125647076
v 0.032774062 0.211122469 0.138489984
v 0.016235808 0.219175955 0.151084761
v -0.000868702 0.226425584 0.163408727
v -0.018501575 0.232855921 0.175439114
v -0.036619061 0.238462937 0.187157235
v -0.055186382 0.243228575 0.198538829
v -0.074158978 0.247154386 0.209567275
v -0.093499159 0.250230074 0.220220985
v -0.113167516 0.252449101 0.230479594
v -0.133123209 0.253809433 0.240324574
v -0.153324462 0.254314375 0.249740016
v -0.173729334 0.253973483 0.258713580
v -0.194301677 0.252769243 0.267218232
v -0.214997156 0.250729558 0.275251679
v -0.235777992 0.247845384 0.282791113
v -0.256603753 0.244123674 0.289822469
v -0.277434366 0.239581150 0.296337892
v -0.298230857 0.234228582 0.302326172
v -0.318953828 0.228072175 0.307772944
v -0.339562736 0.221118302 0.312663346
v -0.360022581 0.213401118 0.317002583
v -0.380294066 0.204925746 0.320775494
v -0.400338047 0.195705591 0.323972187
v -0.420119257 0.185763756 0.326590676
v -0.439608411 0.175134494 0.328638801
v -0.458751164 0.163799440 0.330079460
v -0.477526880 0.151810866 0.330935896
v -0.495901143 0.139189711 0.331205133
v -0.513839158 0.125957057 0.330884110
v -0.531307262 0.112136370 0.329971808
v -0.548273340 0.097753378 0.328469362
v -0.564707244 0.082835867 0.326380146
v -0.580581237 0.067413428 0.323709804
v -0.595870415 0.051517098 0.320466240
v -0.610553113 0.035178946 0.316659534
v -0.624563053 0.018404100 0.312261862
v -0.637908169 0.001246979 0.307311314
v -0.650583069 -0.016253579 0.301829903
v -0.662531710 -0.034082832 0.295800709
v -0.673727431 -0.052206891 0.289232689
v -0.684215119 -0.070571916 0.282180907
v -0.693861459 -0.089178673 0.274582511
v -0.702770788 -0.107959791 0.266528970
v -0.710829428 -0.126903632 0.257974486
v -0.718109068 -0.145960071 0.248984356
v -0.724506319 -0.165106250 0.239524733
v -0.730123526 -0.184298368 0.229671248
v -0.734799825 -0.203506599 0.219367617
v -0.738687369 -0.222695806 0.208707286
v -0.741650529 -0.241826054 0.197652198
v -0.743753677 -0.260867329 0.186251516
v -0.745030186 -0.279792271 0.174538237
v -0.745327320 -0.298540222 0.162479490
v -0.744801564 -0.317106478 0.150151443
v -0.743423265 -0.335453893 0.137563852
v -0.741084630 -0.353516279 0.124708407
v -0.737923760 -0.371301338 0.111644798
v -0.733943369 -0.388780574 0.098392426
v -0.728996023 -0.405858026 0.084943397
v -0.723243086 -0.422565849 0.071352735
v -0.716692401 -0.438877063 0.057641283
v -0.709267502 -0.454715549 0.043821721
v -0.701012774 -0.470067118 0.029923859
v -0.691997325 -0.484937812 0.015976182
v -0.682225429 -0.499296600 0.002000449
v -0.671603565 -0.513035504 -0.011978350
v -0.660272462 -0.526217943 -0.025934736
v -0.648250470 -0.538823133 -0.039846895
v -0.635493834 -0.550771207 -0.053684452
v -0.622036294 -0.562046930 -0.067421915
v -0.607956364 -0.572684058 -0.081044042
v -0.593264115 -0.582651387 -0.094526263
v -0.577906065 -0.591835693 -0.107821528
v -0.562005134 -0.600332703 -0.120933270
v -0.545587396 -0.608130852 -0.133841944
v -0.528594343 -0.615087503 -0.146484150
v -0.511139966 -0.621312007 -0.158876176
v -0.493259312 -0.626807412 -0.171003590
v -0.474903539 -0.631412929 -0.182786949
v -0.456188055 -0.635276211 -0.194266262
v -0.437120136 -0.638339446 -0.205401374
v -0.417714359 -0.640546262 -0.216149656
v -0.398047251 -0.642006115 -0.226545000
v -0.378104613 -0.642560469 -0.236493262
v -0.357966038 -0.642359293 -0.246052677
v -0.337640829 -0.641289173 -0.255146853
v -0.317182314 -0.639440262 -0.263808255
v -0.296616571 -0.636733428 -0.271974492
v -0.275988837 -0.633265243 -0.279685894
v -0.255331568 -0.628926697 -0.286858146
v -0.234684340 -0.623840445 -0.293550800
v -0.214085603 -0.617934850 -0.299700530
v -0.193573857 -0.611246458 -0.305312712
v -0.173180725 -0.603814014 -0.310397325
v -0.152948817 -0.595614950 -0.314920325
v -0.132920489 -0.586654156 -0.318865241
v -0.113123851 -0.576979035 -0.322249221
v -0.093596079 -0.566600087 -0.325061783
v -0.074374422 -0.555531247 -0.327294613
v -0.055495661 -0.543789642 -0.328941654
v -0.036995638 -0.531395290 -0.329999132
v -0.018908870 -0.518370763 -0.330465528
v -0.001268213 -0.504740841 -0.330341497
v 0.015895380 -0.490532155 -0.329629763
v 0.032553055 -0.475772844 -0.328334978
v 0.048663352 -0.460479153 -0.326448441
v 0.064192832 -0.444677377 -0.323971531
v 0.079137030 -0.428415795 -0.320932941
v 0.093427259 -0.411694524 -0.317301184
v 0.107076808 -0.394571514 -0.313119246
v 0.120028551 -0.377058945 -0.308368597
v 0.132268311 -0.359196081 -0.303067660
v 0.143775347 -0.341016937 -0.297228456
v 0.154523025 -0.322553294 -0.290858827
v 0.164488712 -0.303839167 -0.283969805
v 0.173653714 -0.284909959 -0.276575033
v 0.182001985 -0.265801582 -0.268689600
v 0.189494375 -0.246546802 -0.260315782
v 0.196146099 -0.227187082 -0.251486355
v 0.201910497 -0.207756449 -0.242200544
v 0.206794866 -0.188294588 -0.232485941
v 0.210781513 -0.168839312 -0.222357103
v 0.213858270 -0.149429509 -0.211831519
v 0.216017863 -0.130104332 -0.200928778
v 0.217252833 -0.110903411 -0.189668287
v 0.217549894 -0.091868392 -0.178067476
v 0.216916021 -0.073037849 -0.166150948
v 0.215346612 -0.054452892 -0.153938869
v 0.212838688 -0.036155558 -0.141452103
v 0.209394386 -0.018187458 -0.128713028
v 0.205020144 -0.000589429 -0.115744956
v 0.199726007 0.016598670 -0.102571702
v 0.193520216 0.033335420 -0.089216442
v 0.186412215 0.049578761 -0.075702582
v 0.178419105 0.065289850 -0.062054758
v 0.169560304 0.080430971 -0.048297567
v 0.159853338 0.094962356 -0.034455276
v 0.149319356 0.108845672 -0.020552646
v 0.137986775 0.122047984 -0.006614823
v 0.125883143 0.134535664 0.007333284
v 0.113038553 0.146277259 0.021266722
v 0.099485421 0.157243728 0.035160572
v 0.085258304 0.167408748 0.048990044
v 0.070390837 0.176744986 0.062730048
v 0.054921235 0.185231368 0.076355929
v 0.038891415 0.192854066 0.089844182
v 0.022335003 0.199586851 0.103168939
v 0.005298156 0.205426091 0.116308313
v -0.012181807 0.210354056 0.129237481
v -0.030063606 0.214361588 0.141933099
v -0.048304365 0.217445831 0.154373369
v -0.066863599 0.219600242 0.166535350
v -0.085700629 0.220819610 0.178396055
v -0.104771276 0.221115625 0.189938181
v -0.124038172 0.220474317 0.201135231
v -0.143457777 0.218913186 0.211972048
v -0.162990579 0.216433881 0.222427604
v -0.182596603 0.213042369 0.232482323
v -0.202235978 0.208749581 0.242118746
v -0.221869736 0.203572068 0.251322370
v -0.241458585 0.197509271 0.260069927
v -0.260965463 0.190592157 0.268354538
v -0.280350221 0.182816853 0.276150398
v -0.299578064 0.174217122 0.283452974
v -0.318611902 0.164806925 0.290246630
v -0.337415240 0.154604052 0.296517827
v -0.355952865 0.143630306 0.302255646
v -0.374191692 0.131911579 0.307452360
v -0.392100925 0.119476126 0.312102717
v -0.409632230 0.106320565 0.316175469
v -0.426775103 0.092510243 0.319695539
v -0.443477687 0.078038849 0.322628043
v -0.459732681 0.062967027 0.324997570
v -0.475483237 0.047289346 0.326766556
v -0.490716883 0.031056071 0.327951416
v -0.505408739 0.014299862 0.328552489
v -0.519529509 -0.002950974 0.328565318
v -0.533051354 -0.020665971 0.327987375
v -0.545948233 -0.038812692 0.326818193
v -0.558196269 -0.057356961 0.325059474
v -0.569774098 -0.076263178 0.322715158
v -0.580663215 -0.095494699 0.319791455
v -0.590848284 -0.115014291 0.316296813
v -0.600317392 -0.134784653 0.312241832
v -0.609048022 -0.154772353 0.307628744
v -0.616984322 -0.174948076 0.302437342
v -0.624170836 -0.195261016 0.296719432
v -0.630601860 -0.215677092 0.290487919
v -0.636174168 -0.236165861 0.283694083
v -0.640989039 -0.256681634 0.276422141
v -0.644966768 -0.277190258 0.268639625
v -0.648130450 -0.297652768 0.260379525
v -0.650474006 -0.318033695 0.251655239
v -0.651976936 -0.338292002 0.242474004
v -0.652653938 -0.358394521 0.232860884
v -0.652504207 -0.378303880 0.222833466
v -0.651497570 -0.397976023 0.212394532
v -0.649719196 -0.417400871 0.201601279
v -0.647027449 -0.436491872 0.190408628
v -0.643579284 -0.455271679 0.178902026
v -0.639294655 -0.473670358 0.167066187
v -0.634183556 -0.491653872 0.154923762
v -0.628329361 -0.509229708 0.142522362
v -0.621636387 -0.526304323 0.129848554
v -0.614173851 -0.542879693 0.116943932
v -0.605996674 -0.558956061 0.103842149
v -0.597031468 -0.574439557 0.090543648
v -0.587330973 -0.589327482 0.077082172
v -0.576958806 -0.603632937 0.063490489
v -0.565886950 -0.617289497 0.049783626
v -0.554104100 -0.630238626 0.035983060
v -0.541705955 -0.642531947 0.022122582
v -0.528711889 -0.654149517 0.008223801
v -0.515044149 -0.664946256 -0.005690637
v -0.500825610 -0.675021168 -0.019593244
v -0.486082916 -0.684363108 -0.033462212
v -0.470791866 -0.692880630 -0.047268005
v -0.454990571 -0.700569683 -0.060985219
v -0.438746513 -0.707482525 -0.074597734
v -0.422069417 -0.713575264 -0.088078245
v -0.404950406 -0.718753416 -0.101386331
v -0.387477596 -0.723127201 -0.114521344
v -0.369673524 -0.726676392 -0.127459607
v -0.351523976 -0.729264421 -0.140143548
v -0.333114809 -0.731035732 -0.152590541
v -0.314466613 -0.731955763 -0.164771161
v -0.295589419 -0.731923075 -0.176630012
v -0.276549333 -0.731077331 -0.188194290
v -0.257362616 -0.729324099 -0.199408196
v -0.238068530 -0.726690151 -0.210260628
v -0.218706753 -0.723235259 -0.220756251
v -0.199305798 -0.718841065 -0.230820169
v -0.179904414 -0.713674585 -0.240509666
v -0.160542088 -0.707572531 -0.249721327
v -0.141243486 -0.700717793 -0.258528794
v -0.122061544 -0.692959329 -0.266826386
v -0.103009146 -0.684461343 -0.274685897
v -0.084146061 -0.675108938 -0.282015037
v -0.065486771 -0.665011414 -0.288858006
v -0.047069563 -0.654160131 -0.295187226
v -0.028945478 -0.642534452 -0.300961531
v -0.011124423 -0.630214373 -0.306213728
v 0.006358962 -0.617209779 -0.310927498
v 0.023443617 -0.603494399 -0.315052873
v 0.040121269 -0.589137559 -0.318618514
v 0.056360910 -0.574162612 -0.321616908
v 0.072130021 -0.558592271 -0.324039323
v 0.087397282 -0.542452253 -0.325879228
v 0.102132946 -0.525770874 -0.327132334
v 0.116309160 -0.508578646 -0.327796580
v 0.129900185 -0.490907851 -0.327872070
v 0.142882573 -0.472792143 -0.327360975
v 0.155235260 -0.454266162 -0.326267407
v 0.166913653 -0.435351887 -0.324575016
v 0.177909314 -0.416092805 -0.322299904
v 0.188219363 -0.396531483 -0.319461098
v 0.197776396 -0.376685372 -0.316026189
v 0.206611189 -0.356609142 -0.312040524
v 0.214672743 -0.336329271 -0.307486028
v 0.221954066 -0.315886951 -0.302378494
v 0.228445586 -0.295321090 -0.296731002
v 0.234129109 -0.274669390 -0.290550752
v 0.238990913 -0.253970824 -0.283848218
v 0.243021493 -0.233264798 -0.276636562
v 0.246215235 -0.212590508 -0.268931118
v 0.248547539 -0.191989299 -0.260736568
v 0.250030268 -0.171499457 -0.252078170
v 0.250644096 -0.151163469 -0.242964022
v 0.250396946 -0.131019499 -0.233416542
v 0.249280863 -0.111109221 -0.223449898
v 0.247293646 -0.091473988 -0.213081303
v 0.244438013 -0.072154180 -0.202330176
v 0.240720837 -0.053188789 -0.191217448
v 0.236142252 -0.034620373 -0.179761153
v 0.230712313 -0.016487713 -0.167983158
v 0.224434527 0.001165939 -0.155902816
v 0.217325430 0.018303929 -0.143543889
v 0.209396524 0.034886027 -0.130928062
v 0.200663553 0.050873810 -0.118078161
v 0.191142483 0.066227883 -0.105016883
v 0.180851337 0.080909051 -0.091767378
v 0.169818460 0.094886669 -0.078354888
v 0.158061649 0.108118987 -0.064802133
v 0.145611762 0.120576184 -0.051134330
v 0.132498572 0.132227155 -0.037376081
v 0.118752765 0.143041063 -0.023551992
v 0.104406538 0.152987896 -0.009686881
v 0.089495924 0.162042404 0.004194138
v 0.074059230 0.170183055 0.018066015
v 0.058135291 0.177389547 0.031903782
v 0.041764374 0.183644733 0.045682568
v 0.024987919 0.188934924 0.059377719
v 0.007845645 0.193242213 0.072963871
v -0.009617819 0.196563185 0.086417107
v -0.027359948 0.198891595 0.099713276
v -0.045338377 0.200222302 0.112828127
v -0.063510666 0.200552470 0.125737520
v -0.081833582 0.199888058 0.138419043
v -0.100265388 0.198231853 0.150849540
v -0.118764577 0.195591024 0.163006796
v -0.137290406 0.191977049 0.174869856
v -0.155802350 0.187387426 0.186412892
v -0.174261621 0.181854247 0.197621687
v -0.192628566 0.175376701 0.208470508
v -0.210865636 0.167976761 0.218941796
v -0.228936250 0.159674547 0.229017647
v -0.246804784 0.150490622 0.238680588
v -0.264433249 0.140436361 0.247908361
v -0.281789158 0.129542189 0.256688128
v -0.298840419 0.117834602 0.265005868
v -0.315552780 0.105334217 0.272844055
v -0.331891687 0.092062054 0.280184902
v -0.347830830 0.078054816 0.287021041
v -0.363339397 0.063338780 0.293338652
v -0.378388752 0.047943718 0.299126409
v -0.392953248 0.031902772 0.304376039
v -0.407002387 0.015242694 0.309073844
v -0.420504266 -0.002009114 0.313205265
v -0.433456286 -0.019797572 0.316784838
v -0.445803139 -0.038117371 0.319774669
v -0.457559451 -0.056902535 0.322204770
v -0.468667056 -0.076144808 0.324036045
v -0.479127670 -0.095791732 0.325285253
v -0.488925898 -0.115805069 0.325952721
v -0.498040439 -0.136149913 0.326033562
v -0.506451866 -0.156789595 0.325524760
v -0.514142946 -0.177685922 0.324425314
v -0.521098892 -0.198799485 0.322736347
v -0.527307649 -0.220090025 0.320461188
v -0.532760121 -0.241516864 0.317605415
v -0.537450358 -0.263039402 0.314176845
v -0.541375701 -0.284617660 0.310185465
v -0.544536820 -0.306212874 0.305643295
v -0.546906943 -0.327785525 0.300542991
v -0.548465768 -0.349291711 0.294883148
v -0.549264155 -0.370697682 0.288710169
v -0.549273913 -0.391962468 0.282016160
v -0.548464033 -0.413037248 0.274793577
v -0.546921114 -0.433907128 0.267108745
v -0.544527476 -0.454495749 0.258900475
v -0.541412032 -0.474808121 0.250259367
v -0.537476301 -0.494765832 0.241138600
v -0.532825425 -0.514376156 0.231611121
v -0.527363525 -0.533549951 0.221635203
v -0.521227953 -0.552324585 0.211297799
v -0.514271462 -0.570565764 0.200534055
v -0.506656346 -0.588339640 0.189440101
v -0.498308525 -0.605550305 0.177991868
v -0.489266071 -0.622183101 0.166221009
v -0.479599279 -0.638256887 0.154172122
v -0.469200717 -0.653622851 0.141813254
v -0.458204165 -0.668364606 0.129214906
v -0.446619888 -0.682450389 0.116394010
v -0.434377044 -0.695743895 0.103341038
v -0.421597950 -0.708341792 0.090114353
v -0.408299311 -0.720219605 0.076733312
v -0.394413643 -0.731218050 0.063197740
v -0.380059149 -0.741455991 0.049556354
v -0.365258016 -0.750916344 0.035830212
v -0.349973735 -0.759462634 0.022034431
v -0.334281153 -0.767165858 0.008201148
v -0.318221721 -0.774045086 -0.005645706
v -0.301792440 -0.780012291 -0.019481661
v -0.285023724 -0.785050705 -0.033279867
v -0.267974985 -0.789234285 -0.047020133
v -0.250664666 -0.792522651 -0.060677035
v -0.233100880 -0.794813457 -0.074213824
v -0.215348727 -0.796234941 -0.087622656
v -0.197434898 -0.796776024 -0.100881068
v -0.179370392 -0.796285932 -0.113935607
v -0.161211616 -0.794928753 -0.126795506
v -0.142986154 -0.792689943 -0.139436627
v -0.124722013 -0.789436749 -0.151798799
v -0.106457569 -0.785335276 -0.163904785
v -0.088225152 -0.780326682 -0.175713680
v -0.070061688 -0.774379561 -0.187189584
v -0.051989072 -0.767618744 -0.198354585
v -0.034062112 -0.759900012 -0.209125925
v -0.016290561 -0.751377767 -0.219543317
v 0.001275751 -0.741984818 -0.229550860
v 0.018614306 -0.731775215 -0.239148831
v 0.035688188 -0.720754252 -0.248312488
v 0.052468451 -0.708945569 -0.257028335
v 0.068918259 -0.696361015 -0.265273701
v 0.085023529 -0.683054236 -0.273054790
v 0.100721117 -0.668988685 -0.280315541
v 0.116026875 -0.654268021 -0.287098669
v 0.130869052 -0.638848497 -0.293339826
v 0.145239535 -0.622791648 -0.299051913
v 0.159125511 -0.606140965 -0.304239028
v 0.172484174 -0.588904888 -0.308873297
v 0.185273300 -0.571100953 -0.312930044
v 0.197495156 -0.552788289 -0.316428881
v 0.209123031 -0.533995510 -0.319359552
v 0.220131911 -0.514754107 -0.321713905
v 0.230498812 -0.495097995 -0.323485973
v 0.240203010 -0.475063026 -0.324672006
v 0.249226217 -0.454686530 -0.325270443
v 0.257552674 -0.434006866 -0.325281842
v 0.265169187 -0.413062997 -0.324708781
v 0.272064438 -0.391893942 -0.323555187
v 0.278187989 -0.370530278 -0.321794669
v 0.283571316 -0.349022507 -0.319465028
v 0.288190115 -0.327407236 -0.316560254
v 0.292023355 -0.305723708 -0.313077452
v 0.295073442 -0.284013973 -0.309031202
v 0.297340722 -0.262317727 -0.304433875
v 0.298792779 -0.240677670 -0.299275498
v 0.299443735 -0.219134301 -0.293578390
v 0.299290555 -0.197728412 -0.287352738
v 0.298330973 -0.176501029 -0.280609277
v 0.296566797 -0.155492444 -0.273361325
v 0.293981187 -0.134749960 -0.265610979
v 0.290600093 -0.114306853 -0.257386325
v 0.286417563 -0.094207589 -0.248696034
v 0.281446778 -0.074488947 -0.239559865
v 0.275680010 -0.055199336 -0.229985964
v 0.269139235 -0.036371915 -0.219998769
v 0.261833607 -0.018046771 -0.209615378
v 0.253774818 -0.000263276 -0.198854131
v 0.244970268 0.016934422 -0.187731268
v 0.235448793 0.033518990 -0.176273015
v 0.225215393 0.049441756 -0.164494207
v 0.214298783 0.064674574 -0.152420213
v 0.202717738 0.079179178 -0.140071585
v 0.190495335 0.092920248 -0.127470464
v 0.177658057 0.105865326 -0.114639992
v 0.164235084 0.117984652 -0.101603871
v 0.150250657 0.129239101 -0.088383919
v 0.135743772 0.139611420 -0.075006361
v 0.120741540 0.149062856 -0.061493530
v 0.105284431 0.157577549 -0.047871229
v 0.089408684 0.165131197 -0.034163763
v 0.073152227 0.171701155 -0.020395775
v 0.056555289 0.177268791 -0.006592295
v 0.039660516 0.181822349 0.007221528
v 0.022510388 0.185350019 0.021020697
v 0.005148169 0.187843335 0.034780245
v -0.012382413 0.189297343 0.048475340
v -0.030037891 0.189705919 0.062080872
v -0.047774127 0.189069705 0.075572053
v -0.065547410 0.187399318 0.088925456
v -0.083314789 0.184687837 0.102114912
v -0.101034137 0.180956716 0.115118589
v -0.118664058 0.176212900 0.127912301
v -0.136163316 0.170464997 0.140471635
v -0.153493334 0.163735213 0.152775327
v -0.170614417 0.156034898 0.164799183
v -0.187490353 0.147388756 0.176522700
v -0.204087514 0.137824559 0.187927016
v -0.220365817 0.127349565 0.198985483
v -0.236296242 0.116001324 0.209682806
v -0.251845875 0.103803600 0.219998697
v -0.266983089 0.090782452 0.229913698
v -0.281678930 0.076968111 0.239410467
v -0.295908137 0.062395119 0.248474587
v -0.309632593 0.047078689 0.257079636
v -0.322843180 0.031074529 0.265225092
v -0.335495734 0.014391173 0.272878859
v -0.347581217 -0.002919395 0.280039703
v -0.359074645 -0.020825752 0.286692077
v -0.369953498 -0.039293521 0.292822486
v -0.380198388 -0.058285566 0.298419992
v -0.389793820 -0.077762358 0.303476766
v -0.398727148 -0.097683661 0.307987151
v -0.406956135 -0.118025926 0.311921331
v -0.414503639 -0.138728442 0.315302535
v -0.421325323 -0.159767418 0.318099307
v -0.427445145 -0.181087602 0.320335138
v -0.432802656 -0.202666238 0.321966178
v -0.437427772 -0.224448837 0.323020359
v -0.441309356 -0.246396391 0.323492898
v -0.444436635 -0.268469080 0.323379357
v -0.446801156 -0.290625943 0.322677183
v -0.448397013 -0.312825197 0.321385840
v -0.449221018 -0.335024605 0.319506915
v -0.449272850 -0.357181911 0.317044187
v -0.448555157 -0.379255316 0.314003658
v -0.447073584 -0.401204003 0.310393536
v -0.444836755 -0.422988692 0.306224155
v -0.441856142 -0.444572213 0.301507826
v -0.438117242 -0.465908988 0.296237909
v -0.433611923 -0.486950632 0.290412889
v -0.428399168 -0.507679171 0.284079442
v -0.422464069 -0.528047559 0.277230789
v -0.415788702 -0.547999038 0.269858812
v -0.408461337 -0.567543919 0.262029772
v -0.400392481 -0.586577223 0.253685755
v -0.391700203 -0.605136547 0.244913070
v -0.382318006 -0.623123778 0.235670686
v -0.372337048 -0.640568242 0.226025229
v -0.361700114 -0.657366857 0.215943244
v -0.350517402 -0.673581842 0.205502655
v -0.338697707 -0.689057273 0.194649328
v -0.326373766 -0.703896994 0.183474259
v -0.313489611 -0.717971537 0.171947603
v -0.300107349 -0.731307653 0.160114125
v -0.286269997 -0.743913068 0.148005903
v -0.271929850 -0.755637979 0.135601441
v -0.257191825 -0.766600592 0.122969103
v -0.242055165 -0.776730897 0.110115299
v -0.226520781 -0.785946475 0.097048962
v -0.210664317 -0.794342155 0.083818433
v -0.194492579 -0.801848450 0.070435864
v -0.178017777 -0.808392006 0.056917923
v -0.161304303 -0.814072994 0.043303822
v -0.144371392 -0.818847840 0.029612633
v -0.127229719 -0.822604167 0.015863760
v -0.109938186 -0.825471411 0.002089286
v -0.092524210 -0.827444640 -0.011689324
v -0.075002620 -0.828348243 -0.025443154
v -0.057423077 -0.828353125 -0.039151343
v -0.039813485 -0.827459920 -0.052792619
v -0.022206001 -0.825525913 -0.066328103
v -0.004633300 -0.822671180 -0.079744842
v 0.012877158 -0.818931161 -0.093025394
v 0.030279751 -0.814177764 -0.106122065
v 0.047552431 -0.808517809 -0.119028696
v 0.064673089 -0.802002061 -0.131733483
v 0.081577629 -0.794487468 -0.144173135
v 0.098265700 -0.786127636 -0.156362764
v 0.114704505 -0.776920004 -0.168277076
v 0.130831759 -0.766785102 -0.179860551
v 0.146666572 -0.755879414 -0.191143472
v 0.162128922 -0.744096511 -0.202054089
v 0.177228923 -0.731545982 -0.212611138
v 0.191920227 -0.718213489 -0.222777823
v 0.206175280 -0.704122207 -0.232535469
v 0.219978609 -0.689318247 -0.241876939
v 0.233288556 -0.673802566 -0.250770584
v 0.246091764 -0.657622710 -0.259211034
v 0.258367966 -0.640809351 -0.267185973
v 0.270066848 -0.623365829 -0.274657433
v 0.281219997 -0.605377397 -0.281658126
v 0.291734532 -0.586809343 -0.288113852
v 0.301641193 -0.567743649 -0.294056370
v 0.310927223 -0.548215725 -0.299479610
v 0.319538737 -0.528235874 -0.304343674
v 0.327466344 -0.507848952 -0.308646045
v 0.334713853 -0.487103231 -0.312394610
v 0.341262332 -0.466033214 -0.315578568
v 0.347095205 -0.444675817 -0.318189168
v 0.352198453 -0.423069850 -0.320219817
v 0.356560751 -0.401255497 -0.321666119
v 0.360173505 -0.379273826 -0.322525863
v 0.363030857 -0.357166320 -0.322798966
v 0.365129611 -0.334974464 -0.322487377
v 0.366469134 -0.312739367 -0.321594962
v 0.367031272 -0.290502416 -0.320112318
v 0.366811000 -0.268306650 -0.318040191
v 0.365839383 -0.246190658 -0.315406241
v 0.364069145 -0.224203065 -0.312179730
v 0.361551007 -0.202376723 -0.308402613
v 0.358247969 -0.180762642 -0.304052169
v 0.354185957 -0.159397326 -0.299151878
v 0.349371014 -0.138321374 -0.293710521
v 0.343806714 -0.117577118 -0.287735142
v 0.337501144 -0.097205744 -0.281236021
v 0.330466261 -0.077246702 -0.274226113
v 0.322717289 -0.057737304 -0.266720537
v 0.314258042 -0.038723253 -0.258726485
v 0.305110461 -0.020238166 -0.250263518
v 0.295287720 -0.002322556 -0.241345068
v 0.284812324 0.014990945 -0.231990651
v 0.273698766 0.031661680 -0.222214249
v 0.261966410 0.047652163 -0.212032920
v 0.249638428 0.062928244 -0.201465952
v 0.236740928 0.077459100 -0.190534188
v 0.223300557 0.091214481 -0.179258422
v 0.209337022 0.104151729 -0.167654743
v 0.194884804 0.116249557 -0.155748095
v 0.179972710 0.127477059 -0.143559374
v 0.164631586 0.137804783 -0.131110261
v 0.148895077 0.147207055 -0.118423616
v 0.132798929 0.155661652 -0.105523005
v 0.116378578 0.163143020 -0.092431258
v 0.099672348 0.169631152 -0.079172369
v 0.082720303 0.175109857 -0.065770809
v 0.065563601 0.179566402 -0.052251183
v 0.048242678 0.182978126 -0.038637241
v 0.030801906 0.185343304 -0.024954614
v 0.013284701 0.186653938 -0.011228087
v -0.004264868 0.186905587 0.002517383
v -0.021802451 0.186097288 0.016256781
v -0.039283548 0.184229288 0.029965002
v -0.056663699 0.181305430 0.043616854
v -0.073899718 0.177337849 0.057187649
v -0.090949399 0.172339383 0.070652963
v -0.107769332 0.166316311 0.083987305
v -0.124320810 0.159293185 0.097167431
v -0.140562514 0.151281845 0.110168099
v -0.156458879 0.142310342 0.122966888
v -0.171972743 0.132399072 0.135539912
v -0.187068676 0.121571718 0.147863753
v -0.201713587 0.109855577 0.159915838
v -0.215877508 0.097281883 0.171674982
v -0.229532547 0.083883019 0.183120824
v -0.242644167 0.069680768 0.194228391
v -0.255192011 0.054716685 0.204981121
v -0.267150649 0.039023201 0.215358957
v -0.278495158 0.022632961 0.225341795
v -0.289203971 0.005581932 0.234911372
v -0.299259828 -0.012090676 0.244052005
v -0.308644269 -0.030347959 0.252747045
v -0.317332270 -0.049157874 0.260975172
v -0.325318743 -0.068473654 0.268728325
v -0.332590594 -0.088256102 0.275993018
v -0.339124851 -0.108471687 0.282748786
v -0.344915658 -0.129076537 0.288986827
v -0.349957770 -0.150027927 0.294698804
v -0.354231270 -0.171289330 0.299865930
v -0.357736079 -0.192815801 0.304483364
v -0.360477289 -0.214562853 0.308550147
v -0.362441402 -0.236491799 0.312051927
v -0.363620740 -0.258560649 0.314978332
v -0.364025575 -0.280725641 0.317332287
v -0.363659587 -0.302944888 0.319111943
v -0.362495659 -0.325176569 0.320292266
v -0.360568518 -0.347378033 0.320894678
v -0.357877679 -0.369508151 0.320914264
v -0.354425167 -0.391525216 0.320347931
v -0.350215616 -0.413387287 0.319194534
v -0.345256380 -0.435052576 0.317454993
v -0.339557550 -0.456479876 0.315132368
v -0.333131962 -0.477629034 0.312231903
v -0.325995098 -0.498461441 0.308761023
v -0.318164946 -0.518940548 0.304729272
v -0.309661762 -0.539032374 0.300148193
v -0.300495091 -0.558696840 0.295020612
v -0.290650405 -0.577871789 0.289328814
v -0.280195984 -0.596557692 0.283124318
v -0.269153952 -0.614727509 0.276420879
v -0.257477933 -0.632281149 0.269172697
v -0.245270063 -0.649265519 0.261461880
v -0.232506593 -0.665600980 0.253261934
v -0.219226040 -0.681271044 0.244600149
v -0.205460951 -0.696260631 0.235499481
v -0.191215995 -0.710507425 0.225956775
v -0.176542708 -0.724027471 0.216012674
v -0.161449019 -0.736758895 0.205666549
v -0.145972126 -0.748696718 0.194945987
v -0.130149633 -0.759838083 0.183879101
v -0.113983320 -0.770093789 0.172457720
v -0.097546210 -0.779563872 0.160747744
v -0.080819477 -0.788074862 0.148716438
v -0.063872130 -0.795739606 0.136428036
v -0.046728579 -0.802525709 0.123897566
v -0.029402169 -0.808321249 0.111123211
v -0.011948760 -0.813252379 0.098160681
v 0.005610555 -0.817237027 0.085017214
v 0.023244743 -0.820231370 0.071711648
v 0.040914931 -0.822335961 0.058284118
v 0.058591461 -0.823470926 0.044748583
v 0.076239167 -0.823605995 0.031128460
v 0.093829994 -0.822842878 0.017455825
v 0.111328135 -0.821121183 0.003751368
v 0.128692816 -0.818390854 -0.009959353
v 0.145908331 -0.814771101 -0.023651747
v 0.162936958 -0.810223546 -0.037301333
v 0.179726486 -0.804673612 -0.050876503
v 0.196277577 -0.798259990 -0.064362996
v 0.212550703 -0.790954445 -0.077733881
v 0.228483915 -0.782681767 -0.090950256
v 0.244094788 -0.773587410 -0.104009955
v 0.259333142 -0.763630932 -0.116879287
v 0.274146465 -0.752781665 -0.129521768
v 0.288561161 -0.741167771 -0.141943771
v 0.302496046 -0.728710254 -0.154092245
v 0.315950208 -0.715476693 -0.165959336
v 0.328926660 -0.701531673 -0.177540484
v 0.341318929 -0.686785927 -0.188764619
v 0.353205417 -0.671401464 -0.199673884
v 0.364470992 -0.655293717 -0.210190191
v 0.375170071 -0.638577247 -0.220342581
v 0.385225957 -0.621225147 -0.230075938
v 0.394665006 -0.603311254 -0.239402416
v 0.403423715 -0.584830818 -0.248274559
v 0.411543572 -0.565862095 -0.256715493
v 0.418928514 -0.546383794 -0.264654941
v 0.425656349 -0.526492572 -0.272141548
v 0.431632129 -0.506175075 -0.279105064
v 0.436888298 -0.485496103 -0.285563253
v 0.441432077 -0.464498743 -0.291517107
v 0.445200430 -0.443199772 -0.296917367
v 0.448210338 -0.421650970 -0.301771521
v 0.450471632 -0.399896390 -0.306082468
v 0.451972906 -0.377973399 -0.309837802
v 0.452705586 -0.355921447 -0.313027053
v 0.452664059 -0.333781505 -0.315641831
v 0.451845686 -0.311595524 -0.317675922
v 0.450250803 -0.289405917 -0.319125299
v 0.447882592 -0.267255086 -0.319988110
v 0.444746964 -0.245184998 -0.320264605
v 0.440852368 -0.223236811 -0.319957042
v 0.436209592 -0.201450557 -0.319069558
v 0.430831542 -0.179864882 -0.317608031
v 0.424685937 -0.158534929 -0.315542649
v 0.417832695 -0.137484287 -0.312916214
v 0.410252762 -0.116765973 -0.309709082
v 0.401984887 -0.096406763 -0.305947771
v 0.393008742 -0.076466241 -0.301610986
v 0.383368334 -0.056966980 -0.296729576
v 0.373074383 -0.037950599 -0.291307366
v 0.362142347 -0.019456960 -0.285351879
v 0.350591614 -0.001523562 -0.278873762
v 0.338444744 0.015814826 -0.271886248
v 0.325726800 0.032526384 -0.264404654
v 0.312453061 0.048566898 -0.256435530
v 0.298655430 0.063911670 -0.247999795
v 0.284355496 0.078521913 -0.239108964
v 0.269585207 0.092373690 -0.229783686
v 0.254369861 0.105431901 -0.220038183
v 0.238738526 0.117665763 -0.209889653
v 0.222722991 0.129048687 -0.199357464
v 0.206356952 0.139558036 -0.188462485
v 0.189672578 0.149165802 -0.177223394
v 0.172704398 0.157847950 -0.165660605
v 0.155488134 0.165580968 -0.153794929
v 0.138061967 0.172348952 -0.141649396
v 0.120463778 0.178131861 -0.129245678
v 0.102733131 0.182914016 -0.116606611
v 0.084910690 0.186683605 -0.103755729
v 0.067037658 0.189418993 -0.090714798
v 0.049156989 0.191124315 -0.077510044
v 0.031312047 0.191781967 -0.064164019
v 0.013546215 0.191397350 -0.050702345
v -0.004096105 0.189965112 -0.037149119
v -0.021569843 0.187484201 -0.023529099
v -0.038831456 0.183964575 -0.009867589
v -0.055837054 0.179413962 0.003810445
v -0.072543422 0.173843551 0.017479973
v -0.088908362 0.167267895 0.031115999
v -0.104888774 0.159699637 0.044693205
v -0.120445848 0.151162071 0.058186777
v -0.135542844 0.141680749 0.071572388
v -0.150140479 0.131275319 0.084824836
v -0.164205968 0.119976612 0.097920335
v -0.177704205 0.107810170 0.110834136
v -0.190607519 0.094811500 0.123543573
v -0.202885577 0.081010718 0.136024802
v -0.214510686 0.066440671 0.148254483
v -0.225458466 0.051137082 0.160210188
v -0.235708724 0.035138627 0.171870942
v -0.245240447 0.018481801 0.183215190
v -0.254032055 0.001202278 0.194220689
v -0.262068236 -0.016659774 0.204867777
v -0.269336735 -0.035063062 0.215138113
v -0.275822670 -0.053968961 0.225011881
v -0.281515393 -0.073336601 0.234471187
v -0.286409386 -0.093123235 0.243500806
v -0.290486193 -0.113292679 0.252078222
v -0.293751650 -0.133797846 0.260194257
v -0.296190385 -0.154601177 0.267827679
v -0.297811969 -0.175656481 0.274971753
v -0.298609908 -0.196923636 0.281610298
v -0.298581179 -0.218361092 0.287728990
v -0.297726700 -0.239926319 0.293315827
v -0.296051783 -0.261576430 0.298361651
v -0.293566544 -0.283268999 0.302860692
v -0.290286254 -0.304963110 0.306811141
v -0.286182145 -0.326615093 0.310179904
v -0.281309954 -0.348186749 0.312993869
v -0.275637624 -0.369631528 0.315216740
v -0.269217722 -0.390916002 0.316874627
v -0.262034746 -0.411993489 0.317942595
v -0.254104814 -0.432823250 0.318419349
v -0.245458435 -0.453370944 0.318315473
v -0.236109132 -0.473597025 0.317628242
v -0.226072988 -0.493462489 0.316356868
v -0.215368627 -0.512929261 0.314502603
v -0.204017107 -0.531960616 0.312068807
v -0.192041797 -0.550521623 0.309060980
v -0.179468133 -0.568579580 0.305486751
v -0.166323345 -0.586104453 0.301355799
v -0.152636078 -0.603069283 0.296679731
v -0.138395844 -0.619398734 0.291428427
v -0.123668133 -0.635104560 0.285650737
v -0.108486391 -0.650170093 0.279364749
v -0.092853088 -0.664529422 0.272552195
v -0.076805283 -0.678162065 0.265232520
v -0.060399784 -0.691098495 0.257454297
v -0.043615968 -0.703204162 0.249162510
v -0.026537300 -0.714573326 0.240443519
v -0.009161486 -0.725099279 0.231263460
v 0.008456315 -0.734825774 0.221673816
v 0.026299877 -0.743679361 0.211663630
v 0.044320162 -0.751705715 0.201280744
v 0.062499527 -0.758807936 0.190508116
v 0.080786067 -0.765094245 0.179414488
v 0.099163562 -0.770381042 0.167955645
v 0.117583810 -0.774834931 0.156215423
v 0.136017358 -0.778326502 0.144175175
v 0.154428971 -0.780896888 0.131871825
v 0.172789220 -0.782601783 0.119342663
v 0.191047973 -0.783264014 0.106569004
v 0.209189315 -0.783058507 0.093614776
v 0.227175095 -0.781936252 0.080491707
v 0.244953635 -0.779813532 0.067210444
v 0.262520254 -0.776824654 0.053814830
v 0.279827406 -0.772910982 0.040320225
v 0.296826091 -0.768031001 0.026748180
v 0.313521267 -0.762303273 0.013131075
v 0.329859389 -0.755674203 -0.000510033
v 0.345790879 -0.748115657 -0.014149142
v 0.361332682 -0.739744183 -0.027762819
v 0.376426264 -0.730512682 -0.041324573
v 0.391022145 -0.720403367 -0.054805353
v 0.405149864 -0.709531433 -0.068190891
v 0.418739450 -0.697846601 -0.081447711
v 0.431756475 -0.685360637 -0.094548311
v 0.444236642 -0.672176464 -0.107486425
v 0.456081549 -0.658224757 -0.120214563
v 0.467307610 -0.643578768 -0.132722025
v 0.477936610 -0.628308202 -0.145002912
v 0.487823065 -0.612318108 -0.156984746
v 0.497082732 -0.595765973 -0.168700482
v 0.505619719 -0.578612814 -0.180095241
v 0.513440157 -0.560908904 -0.191158127
v 0.520552574 -0.542704202 -0.201880026
v 0.526880659 -0.523990064 -0.212210544
v 0.532499092 -0.504855899 -0.222174636
v 0.537296344 -0.485279989 -0.231701409
v 0.541363132 -0.465351493 -0.240827057
v 0.544606278 -0.445066945 -0.249487948
v 0.547078090 -0.424490634 -0.257701109
v 0.548759198 -0.403652760 -0.265444058
v 0.549608884 -0.382583933 -0.272679382
v 0.549693408 -0.361339990 -0.279436354
v 0.548952644 -0.339947127 -0.285665455
v 0.547397108 -0.318450240 -0.291360579
v 0.545060139 -0.296892123 -0.296532101
v 0.541936501 -0.275310454 -0.301165173
v 0.538006710 -0.253746193 -0.305234110
v 0.533279747 -0.232242257 -0.308732401
v 0.527782081 -0.210837890 -0.311666755
v 0.521520220 -0.189573348 -0.314029766
v 0.514503685 -0.168488920 -0.315816112
v 0.506744827 -0.147624476 -0.317022572
v 0.498258619 -0.127019056 -0.317648004
v 0.489061490 -0.106710975 -0.317692494
v 0.479144239 -0.086752492 -0.317134250
v 0.468554393 -0.067167960 -0.315999065
v 0.457315856 -0.047990357 -0.314293812
v 0.445421817 -0.029275386 -0.311997343
v 0.432917080 -0.011042614 -0.309134979
v 0.419809260 0.006659312 -0.305697649
v 0.406139790 0.023812549 -0.301708814
v 0.391911384 0.040359652 -0.297153367
v 0.377164099 0.056281322 -0.292053324
v 0.361925235 0.071546003 -0.286418192
v 0.346221825 0.086120993 -0.280256892
v 0.330083671 0.099976944 -0.273581184
v 0.313542583 0.113087970 -0.266405154
v 0.296621636 0.125408120 -0.258730750
v 0.279364295 0.136934406 -0.250586685
v 0.261797676 0.147626249 -0.241978984
v 0.243960304 0.157472100 -0.232930049
v 0.225884872 0.166442016 -0.223452501
v 0.207607208 0.174511931 -0.213562596
v 0.189165209 0.181664364 -0.203279691
v 0.170597111 0.187881931 -0.192623045
v 0.151942224 0.193154922 -0.181614632
v 0.133239521 0.197461173 -0.170271868
v 0.114529443 0.200796449 -0.158618279
v 0.095853433 0.203137775 -0.146671574
v 0.077253171 0.204485698 -0.134456491
v 0.058770896 0.204833920 -0.121995373
v 0.040450195 0.204174584 -0.109310263
v 0.022334516 0.202507264 -0.096424857
v 0.004465704 0.199840161 -0.083364070
v -0.013109175 0.196165258 -0.070150058
v -0.030350073 0.191501127 -0.056808885
v -0.047211122 0.185849904 -0.043364164
v -0.063649613 0.179225165 -0.029840930
v -0.079624837 0.171645291 -0.016264315
v -0.095095684 0.163128095 -0.002659248
v -0.110022528 0.153694692 0.010949238
v -0.124365422 0.143366340 0.024535953
v -0.138088354 0.132170560 0.038075717
v -0.151158735 0.120138718 0.051543717
v -0.163545580 0.107303042 0.064915402
v -0.175212931 0.093690183 0.078165093
v -0.186140063 0.079342328 0.091269554
v -0.196295828 0.064290171 0.104203373
v -0.205663346 0.048576616 0.116944034
v -0.214219858 0.032238192 0.129467496
v -0.221945597 0.015313365 0.141750079
v -0.228824419 -0.002157472 0.153768792
v -0.234844568 -0.020132100 0.165501808
v -0.239999616 -0.038566709 0.176929093
v -0.244274133 -0.057422892 0.188027155
v -0.247670748 -0.076654524 0.198779141
v -0.250170539 -0.096224971 0.209159364
v -0.251781111 -0.116087837 0.219152834
v -0.252502086 -0.136200972 0.228741402
v -0.252330137 -0.156523247 0.237905335
v -0.251264857 -0.177012576 0.246625882
v -0.249327864 -0.197624574 0.254895777
v -0.246499329 -0.218320251 0.262685914
v -0.242811060 -0.239055943 0.269994866
v -0.238265821 -0.259791274 0.276805678
v -0.232869520 -0.280485142 0.283102758
v -0.226633610 -0.301096403 0.288873602
v -0.219571262 -0.321584096 0.294106696
v -0.211701718 -0.341908644 0.298794625
v -0.203048355 -0.362032638 0.302933329
v -0.193633345 -0.381919943 0.306518609
v -0.183445302 -0.401520691 0.309520280
v -0.172550054 -0.420815839 0.311967466
v -0.160924485 -0.439747594 0.313819386
v -0.148623969 -0.458296083 0.315098680
v -0.135672795 -0.476427953 0.315803588
v -0.122077647 -0.494096050 0.315915606
v -0.107869704 -0.511268739 0.315437771
v -0.093085753 -0.527920980 0.314379504
v -0.077752988 -0.544020616 0.312741294
v -0.061900629 -0.559537280 0.310525668
v -0.045559707 -0.574442781 0.307737231
v -0.028762741 -0.588711452 0.304382666
v -0.011543391 -0.602320496 0.300470681
v 0.006083893 -0.615210005 0.295981275
v 0.024066741 -0.627385903 0.290947642
v 0.042367564 -0.638835801 0.285385726
v 0.060950527 -0.649548956 0.279311256
v 0.079803138 -0.659434394 0.272688433
v 0.098866634 -0.668540728 0.265574409
v 0.118105169 -0.676869503 0.257990762
v 0.137500471 -0.684299428 0.249890746
v 0.156995548 -0.690944271 0.241361334
v 0.176565809 -0.696693345 0.232364504
v 0.196168100 -0.701604832 0.222952900
v 0.215767992 -0.705622349 0.213119921
v 0.235328042 -0.708777156 0.202902184
v 0.254809321 -0.711019419 0.192298818
v 0.274181846 -0.712411488 0.181356800
v 0.293394200 -0.712850691 0.170057579
v 0.312437129 -0.712476432 0.158472495
v 0.331233614 -0.711114016 0.146563879
v 0.349788923 -0.708922356 0.134403835
v 0.368048470 -0.705836351 0.121993455
v 0.385968987 -0.701839615 0.109350262
v 0.403555640 -0.697035661 0.096520220
v 0.420714797 -0.691296529 0.083497513
v 0.437459461 -0.684731678 0.070326336
v 0.453777616 -0.677382868 0.057033478
v 0.469546760 -0.669107455 0.043623059
v 0.484830521 -0.660077046 0.030139102
v 0.499589370 -0.650284994 0.016601572
v 0.513715888 -0.639642333 0.003031178
v 0.527278851 -0.628295590 -0.010542932
v 0.540228027 -0.616231226 -0.024097796
v 0.552472475 -0.603399905 -0.037603586
v 0.564086005 -0.589928999 -0.051043166
v 0.575000700 -0.575795668 -0.064387637
v 0.585158446 -0.560994446 -0.077605608
v 0.594630525 -0.545629966 -0.090689237
v 0.603313945 -0.529662973 -0.103596886
v 0.611220249 -0.513145747 -0.116310577
v 0.618400166 -0.496151248 -0.128825453
v 0.624688060 -0.478617790 -0.141073877
v 0.630222386 -0.460667391 -0.153079078
v 0.634920748 -0.442293732 -0.164795907
v 0.638771453 -0.423530546 -0.176201590
v 0.641827627 -0.404438959 -0.187298295
v 0.643972031 -0.385011861 -0.198020914
v 0.645344351 -0.365335442 -0.208410340
v 0.645775708 -0.345397173 -0.218373884
v 0.645436340 -0.325279047 -0.227972283
v 0.644163998 -0.304984012 -0.237109436
v 0.642101233 -0.284575481 -0.245838686
v 0.639150344 -0.264077351 -0.254091773
v 0.635370081 -0.243535218 -0.261881537
v 0.630780791 -0.222984483 -0.269203212
v 0.625307109 -0.202467844 -0.275992771
v 0.619046854 -0.182020414 -0.282290812
v 0.611998721 -0.161678061 -0.288079756
v 0.604114690 -0.141490966 -0.293308057
v 0.595457654 -0.121490161 -0.297997888
v 0.586044981 -0.101711800 -0.302142477
v 0.575888141 -0.082194319 -0.305730540
v 0.565001919 -0.062976176 -0.308752737
v 0.553404222 -0.044095355 -0.311201792
v 0.541115836 -0.025588920 -0.313072541
v 0.528160107 -0.007492648 -0.314361946
v 0.514562655 0.010159304 -0.315069049
v 0.500351016 0.027334638 -0.315194901
v 0.485554334 0.044003122 -0.314742458
v 0.470196256 0.060129444 -0.313709102
v 0.454290035 0.075664351 -0.312079644
v 0.437893221 0.090608760 -0.309888178
v 0.421013712 0.104904422 -0.307112183
v 0.403701854 0.118549901 -0.303780430
v 0.385969851 0.131484186 -0.299871600
v 0.367867894 0.143709196 -0.295415895
v 0.349425657 0.155192801 -0.290415612
v 0.330676399 0.165906703 -0.284876887
v 0.311655917 0.175826618 -0.278809148
v 0.292401651 0.184932274 -0.272224578
v 0.272951945 0.193207291 -0.265137613
v 0.253345452 0.200638982 -0.257564491
v 0.233618130 0.207191647 -0.249508954
v 0.213811780 0.212873004 -0.240998337
v 0.193964624 0.217644019 -0.232035736
v 0.174117934 0.221510414 -0.222646829
v 0.154312182 0.224457391 -0.212846909
v 0.134588559 0.226475486 -0.202653884
v 0.114988245 0.227559956 -0.192087544
v 0.095554986 0.227695988 -0.181163921
v 0.076328994 0.226891441 -0.169907411
v 0.057355009 0.225136250 -0.158335893
v 0.038673803 0.222438435 -0.146473154
v 0.020329154 0.218797777 -0.134340122
v 0.002364231 0.214219102 -0.121959182
v -0.015178741 0.208711503 -0.109353633
v -0.032258672 0.202287675 -0.096547293
v -0.048828974 0.194952370 -0.083562314
v -0.064854162 0.186731281 -0.070424657
v -0.080287723 0.177633465 -0.057157223
v -0.095095492 0.167687598 -0.043785712
v -0.109238039 0.156915156 -0.030334519
v -0.122674257 0.145337495 -0.016828322
v -0.135373582 0.132988486 -0.003292579
v -0.147303023 0.119898964 0.010247687
v -0.158432115 0.106102325 0.023767426
v -0.168732802 0.091633976 0.037241639
v -0.178173843 0.076527239 0.050644787
v -0.186738756 0.060825845 0.063952517
v -0.194408327 0.044570177 0.077140462
v -0.201156053 0.027796439 0.090182727
v -0.206977675 0.010552433 0.103056845
v -0.211855816 -0.007121972 0.115738010
v -0.215779028 -0.025184288 0.128202119
v -0.218744819 -0.043589388 0.140426998
v -0.220749000 -0.062293972 0.152390061
v -0.221787596 -0.081255287 0.164068523
v -0.221857306 -0.100430600 0.175439350
v -0.220974107 -0.119774552 0.186485956
v -0.219124137 -0.139247249 0.197181209
v -0.216327275 -0.158804524 0.207509917
v -0.212590173 -0.178404921 0.217452188
v -0.207922410 -0.198007173 0.226989150
v -0.202338616 -0.217570655 0.236104172
v -0.195850963 -0.237055208 0.244779531
v -0.188467487 -0.256419767 0.252994918
v -0.180221654 -0.275628052 0.260743670
v -0.171121168 -0.294639800 0.268005395
v -0.161183507 -0.313416159 0.274764620
v -0.150439035 -0.331922695 0.281013936
v -0.138908928 -0.350122938 0.286740641
v -0.126618206 -0.367982099 0.291934603
v -0.113595695 -0.385467900 0.296588768
v -0.099852032 -0.402537260 0.300681681
v -0.085429435 -0.419164991 0.304216209
v -0.070367176 -0.435328282 0.307195360
v -0.054665219 -0.450972080 0.309585738
v -0.038386958 -0.466093925 0.311412964
v -0.021548702 -0.480651232 0.312658163
v -0.004178641 -0.494609817 0.313312632
v 0.013675029 -0.507959702 0.313390899
v 0.031981008 -0.520672760 0.312889264
v 0.050705933 -0.532722448 0.311805863
v 0.069814583 -0.544084107 0.310140783
v 0.089270102 -0.554735288 0.307896148
v 0.109034318 -0.564656041 0.305076179
v 0.129068097 -0.573829206 0.301687206
v 0.149331763 -0.582240657 0.297737642
v 0.169785576 -0.589879486 0.293237896
v 0.190390241 -0.596738153 0.288200231
v 0.211109046 -0.602794550 0.282626984
v 0.231903604 -0.608000692 0.276505525
v 0.252729374 -0.612406088 0.269885002
v 0.273550988 -0.616011535 0.262781104
v 0.294322727 -0.618711260 0.255149330
v 0.315012164 -0.620614425 0.247069840
v 0.335576259 -0.621661445 0.238525027
v 0.355972991 -0.621849392 0.229531210
v 0.376175716 -0.621222406 0.220126646
v 0.396123627 -0.619704088 0.210291215
v 0.415809571 -0.617393110 0.200087862
v 0.435159686 -0.614194268 0.189490699
v 0.454174434 -0.610205264 0.178558824
v 0.472787218 -0.605366600 0.167284890
v 0.490979706 -0.599721505 0.155703060
v 0.508726450 -0.593296241 0.143840284
v 0.525951059 -0.586032540 0.131694215
v 0.542694389 -0.578056639 0.119323834
v 0.558832526 -0.569253626 0.106712972
v 0.574407618 -0.559738215 0.093913066
v 0.589387163 -0.549520859 0.080944529
v 0.603668509 -0.538538940 0.067813760
v 0.617325727 -0.526921322 0.054566988
v 0.630268963 -0.514624921 0.041216937
v 0.642467161 -0.501669054 0.027788792
v 0.653971411 -0.488140280 0.014313036
v 0.664659934 -0.473984895 0.000809767
v 0.674565857 -0.459271354 -0.012693764
v 0.683721093 -0.444059131 -0.026175233
v 0.691971196 -0.428291387 -0.039602291
v 0.699417820 -0.412069492 -0.052957370
v 0.706055718 -0.395424928 -0.066219068
v 0.711735459 -0.378323194 -0.079343639
v 0.716601925 -0.360869344 -0.092329999
v 0.720574405 -0.343064537 -0.105142505
v 0.723617479 -0.324933367 -0.117750886
v 0.725832153 -0.306544291 -0.130157296
v 0.727054632 -0.287886839 -0.142297209
v 0.727424075 -0.269033060 -0.154187118
v 0.726873901 -0.250003619 -0.165785672
v 0.725401635 -0.230834167 -0.177070183
v 0.723063355 -0.211568034 -0.188038642
v 0.719769362 -0.192233029 -0.198635377
v 0.715641661 -0.172872405 -0.208886974
v 0.710562308 -0.153521037 -0.218721284
v 0.704660247 -0.134213357 -0.228173238
v 0.697847768 -0.114991695 -0.237179282
v 0.690204224 -0.095887157 -0.245754931
v 0.681725674 -0.076935954 -0.253876581
v 0.672391835 -0.058184542 -0.261507389
v 0.662289081 -0.039649831 -0.268674522
v 0.651372438 -0.021385472 -0.275326116
v 0.639679445 -0.003423638 -0.281459018
v 0.627258317 0.014213537 -0.287080760
v 0.614122567 0.031490438 -0.292175726
v 0.600264474 0.048355071 -0.296709246
v 0.585730977 0.064784795 -0.300688031
v 0.570556518 0.080753192 -0.304111124
v 0.554766314 0.096227812 -0.306969942
v 0.538388320 0.111177551 -0.309257914
v 0.521452868 0.125572990 -0.310970530
v 0.503992305 0.139386663 -0.312105336
v 0.486040603 0.152593255 -0.312661893
v 0.467630484 0.165165837 -0.312638253
v 0.448783743 0.177057546 -0.312015756
v 0.429554656 0.188273662 -0.310821185
v 0.409980527 0.198797577 -0.309060804
v 0.390078913 0.208563023 -0.306702451
v 0.369910861 0.217607086 -0.303794956
v 0.349496145 0.225856053 -0.300302630
v 0.328886424 0.233332059 -0.296261205
v 0.308118032 0.240010963 -0.291671923
v 0.287229893 0.245871692 -0.286538953
v 0.266262740 0.250895524 -0.280868613
v 0.245258652 0.255077342 -0.274675909
v 0.224259286 0.258402443 -0.267969825
v 0.203306275 0.260869158 -0.260767067
v 0.182440264 0.262477011 -0.253084525
v 0.161706525 0.263197991 -0.244924333
v 0.141143196 0.263052859 -0.236314777
v 0.120796444 0.262020865 -0.227262347
v 0.100707630 0.260107874 -0.217787272
v 0.080918202 0.257317991 -0.207908491
v 0.061470121 0.253654634 -0.197644425
v 0.042410187 0.249112905 -0.187010089
v 0.023775400 0.243711211 -0.176030113
v 0.005609823 0.237453885 -0.164723075
v -0.012047562 0.230355895 -0.153111420
v -0.029150982 0.222423139 -0.141214255
v -0.045662640 0.213675438 -0.129055340
v -0.061542691 0.204130372 -0.116657289
v -0.076749271 0.193804816 -0.104042393
v -0.091248742 0.182726086 -0.091235510
v -0.105003915 0.170918179 -0.078260219
v -0.117975388 0.158404606 -0.065139949
v -0.130132890 0.145218157 -0.051899868
v -0.141446097 0.131391575 -0.038564695
v -0.151878878 0.116954494 -0.025158771
v -0.161407632 0.101946018 -0.011707540
v -0.170008223 0.086404623 0.001763923
v -0.177658201 0.070369844 0.015230566
v -0.184338056 0.053882764 0.028667340
v -0.190024800 0.036983363 0.042048743
v -0.194711695 0.019718020 0.055350150
v -0.198390060 0.002131120 0.068547131
v -0.201041718 -0.015735673 0.081613758
v -0.202675234 -0.033834236 0.094527492
v -0.203274456 -0.052122679 0.107261907
v -0.202850930 -0.070554416 0.119795061
v -0.201405507 -0.089085772 0.132103123
v -0.198942841 -0.107673121 0.144162774
v -0.195471940 -0.126273274 0.155951582
v -0.191006790 -0.144844056 0.167448533
v -0.185553428 -0.163343496 0.178630011
v -0.179134445 -0.181731529 0.189477621
v -0.171757631 -0.199967018 0.199967771
v -0.163450186 -0.218012458 0.210084026
v -0.154229784 -0.235829531 0.219806459
v -0.144118557 -0.253381380 0.229116940
v -0.133143430 -0.270633475 0.237999835
v -0.121320482 -0.287547469 0.246433837
v -0.108683758 -0.304092371 0.254407034
v -0.095257551 -0.320233856 0.261902516
v -0.081079060 -0.335944984 0.268911547
v -0.066170334 -0.351190611 0.275415759
v -0.050560856 -0.365939366 0.281401134
v -0.034290587 -0.380168370 0.286862036
v -0.017386343 -0.393844752 0.291782544
v 0.000116203 -0.406942462 0.296153599
v 0.018173773 -0.419444812 0.299974450
v 0.036748178 -0.431332588 0.303241293
v 0.055822216 -0.442556522 0.305924255
v 0.075330824 -0.453134057 0.308051536
v 0.095259130 -0.463008086 0.309587209
v 0.115553563 -0.472183968 0.310548220
v 0.136173205 -0.480649731 0.310936360
v 0.157083588 -0.488377643 0.310740894
v 0.178247082 -0.495340889 0.309952503
v 0.199615804 -0.501545851 0.308587431
v 0.221149177 -0.506979815 0.306646873
v 0.242805914 -0.511632683 0.304134029
v 0.264544404 -0.515497172 0.301054128
v 0.286323160 -0.518568913 0.297414413
v 0.308100585 -0.520834067 0.293215583
v 0.329832192 -0.522271609 0.288454085
v 0.351477318 -0.522907576 0.283158074
v 0.372997201 -0.522749000 0.277342056
v 0.394354929 -0.521803554 0.271020538
v 0.415488181 -0.519995165 0.264156260
v 0.436378956 -0.517414840 0.256816848
v 0.456991192 -0.514064207 0.249012437
v 0.477250312 -0.509867834 0.240709298
v 0.497165527 -0.504942666 0.231986298
v 0.516655420 -0.499207886 0.222807713
v 0.535715962 -0.492738718 0.213226771
v 0.554289847 -0.485509582 0.203240074
v 0.572354876 -0.477557086 0.192878619
v 0.589864063 -0.468877399 0.182151532
v 0.606805050 -0.459514882 0.171092735
v 0.623107717 -0.449443142 0.159701516
v 0.638809424 -0.438753999 0.148032289
v 0.653772633 -0.427362565 0.136060641
v 0.668093530 -0.415405542 0.123857412
v 0.681634389 -0.402811615 0.111407680
v 0.694439657 -0.389661272 0.098756221
v 0.706492514 -0.375982791 0.085926945
v 0.717677321 -0.361741330 0.072924746
v 0.728099434 -0.347043694 0.059797372
v 0.737642394 -0.331861313 0.046554294
v 0.746314093 -0.316238382 0.033224279
v 0.754170394 -0.300237382 0.019836713
v 0.761043680 -0.283822977 0.006409252
v 0.767051310 -0.267080684 -0.007028171
v 0.772181489 -0.250038748 -0.020452934
v 0.776292419 -0.232689243 -0.033834820
v 0.779534389 -0.215111327 -0.047156623
v 0.781822666 -0.197317167 -0.060388526
v 0.783127037 -0.179336618 -0.073502152
v 0.783553611 -0.161221495 -0.086488197
v 0.782950460 -0.142986680 -0.099298020
v 0.781434544 -0.124679610 -0.111928114
v 0.778994337 -0.106332444 -0.124353217
v 0.775551994 -0.087979015 -0.136530190
v 0.771255398 -0.069652016 -0.148473575
v 0.765938448 -0.051395925 -0.160110623
v 0.759771214 -0.033232141 -0.171469314
v 0.752655444 -0.015208998 -0.182491325
v 0.744674244 0.002651205 -0.193182125
v 0.735795711 0.020303645 -0.203502560
v 0.726072835 0.037724974 -0.213449785
v 0.715484292 0.054868352 -0.222985946
v 0.704106596 0.071722503 -0.232122518
v 0.691878294 0.088220444 -0.240797569
v 0.678921731 0.104375369 -0.249051131
v 0.665165194 0.120108907 -0.256810809
v 0.650695340 0.135421094 -0.264098526
v 0.635548275 0.150292579 -0.270910026
v 0.619689818 0.164649850 -0.277185800
v 0.603196983 0.178496971 -0.282948163
v 0.586103060 0.191811591 -0.288190103
v 0.568433499 0.204563735 -0.292897356
v 0.550211935 0.216718314 -0.297051691
v 0.531467875 0.228242640 -0.300638028
v 0.512251323 0.239130904 -0.303665077
v 0.492596954 0.249360166 -0.306125837
v 0.472541372 0.258909668 -0.308015311
v 0.452122687 0.267760993 -0.309330520
v 0.431377367 0.275891155 -0.310064915
v 0.410341358 0.283271253 -0.310207757
v 0.389062815 0.289906033 -0.309774626
v 0.367582908 0.295787629 -0.308770633
v 0.345938055 0.300883528 -0.307182672
v 0.324171477 0.305186822 -0.305017041
v 0.302326854 0.308700392 -0.302286888
v 0.280445055 0.311401411 -0.298986911
v 0.258569871 0.313284740 -0.295124725
v 0.236743372 0.314356972 -0.290715575
v 0.215008506 0.314607160 -0.285762795
v 0.193409067 0.314029367 -0.280273338
v 0.171988770 0.312622264 -0.274257250
v 0.150790538 0.310388690 -0.267727171
v 0.129855975 0.307335173 -0.260697858
v 0.109224986 0.303471462 -0.253185750
v 0.088949649 0.298780594 -0.245191749
v 0.069060157 0.293296415 -0.236746187
v 0.049608046 0.287008239 -0.227853767
v 0.030631041 0.279934412 -0.218535560
v 0.012168949 0.272088816 -0.208809805
v -0.005737940 0.263485336 -0.198694554
v -0.023047189 0.254136562 -0.188207101
v -0.039718644 0.244059571 -0.177366869
v -0.055720757 0.233281236 -0.166197598
v -0.071008157 0.221815006 -0.154716456
v -0.085547196 0.209687545 -0.142946475
v -0.099303976 0.196925550 -0.130910218
v -0.112243877 0.183556016 -0.118630002
v -0.124335262 0.169609093 -0.106129051
v -0.135540885 0.155112662 -0.093429488
v -0.145837748 0.140104284 -0.080556570
v -0.155196955 0.124618550 -0.067534090
v -0.163593572 0.108692903 -0.054386457
v -0.171001005 0.092365118 -0.041138023
v -0.177404709 0.075678202 -0.027814168
v -0.182786131 0.058673726 -0.014439669
v -0.187125584 0.041393809 -0.001039516
v -0.190414363 0.023883855 0.012360953
v -0.192645807 0.006189314 0.025736634
v -0.193815120 -0.011644346 0.039062555
v -0.193916588 -0.029571743 0.052313511
v -0.192950209 -0.047546936 0.065464403
v -0.190928164 -0.065524554 0.078491541
v -0.187843735 -0.083459344 0.091368644
v -0.183720139 -0.101307883 0.104073545
v -0.178563053 -0.119026546 0.116581378
v -0.172385195 -0.136572596 0.128868084
v -0.165208477 -0.153905805 0.140911613
v -0.157052833 -0.170986767 0.152689641
v -0.147931692 -0.187774485 0.164177582
v -0.137876907 -0.204234334 0.175356352
v -0.126912670 -0.220330547 0.186204837
v -0.115066044 -0.236029087 0.196702886
v -0.102358065 -0.251293255 0.206827554
v -0.088826446 -0.266095465 0.216563206
v -0.074501917 -0.280405735 0.225891599
v -0.059415003 -0.294194367 0.234794361
v -0.043592979 -0.307428830 0.243250585
v -0.027086152 -0.320095965 0.251254537
v -0.009911462 -0.332154972 0.258778229
v 0.007878053 -0.343598074 0.265819561
v 0.026250076 -0.354399327 0.272361881
v 0.045171088 -0.364532646 0.278388382
v 0.064598398 -0.373983238 0.283890858
v 0.084495288 -0.382728509 0.288855010
v 0.104818781 -0.390755156 0.293273561
v 0.125524399 -0.398055015 0.297142989
v 0.146567548 -0.404624802 0.300463279
v 0.167922162 -0.410412727 0.303198104
v 0.189525847 -0.415462912 0.305382828
v 0.211353242 -0.419710053 0.306971194
v 0.233348530 -0.423194830 0.307995688
v 0.255472607 -0.425900639 0.308446203
v 0.277685315 -0.427790928 0.308298156
v 0.299939296 -0.428894729 0.307575100
v 0.322192084 -0.429207364 0.306275786
v 0.344400704 -0.428726742 0.304400881
v 0.366522037 -0.427453477 0.301953032
v 0.388513234 -0.425390967 0.298936916
v 0.410332156 -0.422545436 0.295359230
v 0.431937840 -0.418925885 0.291228654
v 0.453290978 -0.414544012 0.286555750
v 0.474341397 -0.409385411 0.281332636
v 0.495047114 -0.403463926 0.275571605
v 0.515381742 -0.396818929 0.269302742
v 0.535314269 -0.389471263 0.262542884
v 0.554766494 -0.381372676 0.255261003
v 0.573734895 -0.372594370 0.247509208
v 0.592200836 -0.363169582 0.239312750
v 0.610055949 -0.353031764 0.230628894
v 0.627354695 -0.342301004 0.221542338
v 0.643992536 -0.330922457 0.212018713
v 0.659989648 -0.318969634 0.202110586
v 0.675279374 -0.306432186 0.191814026
v 0.689860427 -0.293358364 0.181164353
v 0.703674950 -0.279750295 0.170166277
v 0.716740858 -0.265664579 0.158860174
v 0.728964444 -0.251086010 0.147240080
v 0.740431399 -0.236102936 0.135365861
v 0.750961237 -0.220664417 0.123210202
v 0.760700545 -0.204878429 0.110843992
v 0.769507060 -0.188722640 0.098258738
v 0.777426473 -0.172252388 0.085492393
v 0.784471028 -0.155506571 0.072572741
v 0.790504009 -0.138482391 0.059505286
v 0.795668366 -0.121252871 0.046335556
v 0.799843746 -0.103825883 0.033075960
v 0.803052183 -0.086241478 0.019754599
v 0.805367790 -0.068542717 0.006398879
v 0.806606351 -0.050745633 -0.006969288
v 0.806932621 -0.032898574 -0.020323617
v 0.806304968 -0.015031360 -0.033639988
v 0.804639852 0.002820628 -0.046887903
v 0.802080365 0.020627601 -0.060053462
v 0.798502922 0.038347002 -0.073098701
v 0.793980134 0.055950586 -0.086006976
v 0.788559283 0.073412029 -0.098761642
v 0.782112268 0.090671887 -0.111312134
v 0.774818597 0.107732383 -0.123670015
v 0.766556473 0.124526691 -0.135779686
v 0.757426886 0.141047214 -0.147641181
v 0.747420395 0.157253550 -0.159224453
v 0.736533498 0.173106157 -0.170500421
v 0.724841368 0.188597170 -0.181467507
v 0.712290616 0.203661596 -0.192075280
v 0.698987303 0.218312058 -0.202338873
v 0.684879825 0.232477376 -0.212203440
v 0.670056324 0.246166655 -0.221680563
v 0.654511309 0.259332848 -0.230735618
v 0.638274970 0.271947585 -0.239349607
v 0.621421649 0.284026873 -0.247538398
v 0.603895018 0.295463625 -0.255220757
v 0.585810201 0.306313427 -0.262443720
v 0.567188923 0.316548761 -0.269188488
v 0.548014912 0.326082752 -0.275390866
v 0.528374608 0.334958103 -0.281086910
v 0.508298549 0.343151689 -0.286261563
v 0.487820260 0.350641851 -0.290901005
v 0.466975290 0.357407282 -0.294991813
v 0.445797365 0.363416786 -0.298513276
v 0.424337794 0.368680908 -0.301476080
v 0.402636610 0.373187354 -0.303873666
v 0.380735000 0.376926460 -0.305701451
v 0.358674381 0.379887925 -0.306954425
v 0.336495581 0.382047950 -0.307617738
v 0.314244856 0.383420658 -0.307704439
v 0.291964797 0.384007520 -0.307218169
v 0.269697156 0.383811583 -0.306163664
v 0.247488812 0.382785758 -0.304509531
v 0.225378073 0.380988562 -0.302300618
v 0.203414790 0.378378166 -0.299509521
v 0.181634313 0.374995719 -0.296168264
v 0.160088917 0.370811231 -0.292258156
v 0.138817071 0.365849608 -0.287799550
v 0.117860420 0.360120318 -0.282801729
v 0.097262349 0.353629884 -0.277271884
v 0.077064928 0.346389150 -0.271220206
v 0.057308364 0.338412680 -0.264659390
v 0.038032054 0.329716236 -0.257602863
v 0.019287823 0.320300320 -0.250053530
v 0.001096215 0.310206591 -0.242042299
v -0.016483940 0.299430323 -0.233568315
v -0.033429238 0.288008220 -0.224658678
v -0.049698502 0.275957429 -0.215327000
v -0.065253792 0.263299886 -0.205589902
v -0.080060579 0.250061278 -0.195466229
v -0.094087748 0.236270181 -0.184976406
v -0.107296642 0.221950960 -0.174137705
v -0.119660788 0.207136630 -0.162972698
v -0.131144224 0.191855602 -0.151500464
v -0.141724138 0.176143999 -0.139744658
v -0.151371140 0.160035284 -0.127726647
v -0.160059822 0.143565725 -0.115469079
v -0.167768437 0.126773675 -0.102995396
v -0.174474335 0.109698018 -0.090328787
v -0.180155144 0.092378916 -0.077492661
v -0.184802915 0.074860310 -0.064512497
v -0.188395255 0.057183999 -0.051411646
v -0.190925803 0.039395186 -0.038215433
v -0.192388598 0.021539009 -0.024948795
v -0.192775359 0.003660987 -0.011636526
v -0.192081766 -0.014192478 0.001696172
v -0.190314084 -0.031975284 0.015024031
v -0.187477101 -0.049641652 0.028322005
v -0.183578328 -0.067146217 0.041565095
v -0.178621356 -0.084442575 0.054727667
v -0.172629795 -0.101488864 0.067785664
v -0.165615472 -0.118241331 0.080714015
v -0.157598963 -0.134658933 0.093488449
v -0.148599379 -0.150700730 0.106084334
v -0.138645499 -0.166330355 0.118478792
v -0.127761092 -0.181510297 0.130647960
v -0.115973185 -0.196205081 0.142568491
v -0.103312318 -0.210381890 0.154217928
v -0.089812765 -0.224011371 0.165575225
v -0.075505264 -0.237062835 0.176618205
v -0.060423473 -0.249508065 0.187325588
v -0.044602689 -0.261320956 0.197676884
v -0.028082758 -0.272480479 0.207654166
v -0.010899175 -0.282962559 0.217237481
v 0.006909521 -0.292746666 0.226408635
v 0.025301915 -0.301816711 0.235151866
v 0.044239622 -0.310153858 0.243449586
v 0.063685200 -0.317737129 0.251282586
v 0.083590857 -0.324562902 0.258642311
v 0.103915036 -0.330619915 0.265515462
v 0.124623581 -0.335880624 0.271878091
v 0.145666082 -0.340351370 0.277727857
v 0.167000259 -0.344023923 0.283053122
v 0.188582688 -0.346894159 0.287844909
v 0.210372717 -0.348946142 0.292086187
v 0.232324479 -0.350181574 0.295771635
v 0.254391904 -0.350616950 0.298906334
v 0.276534325 -0.350227349 0.301466746
v 0.298705998 -0.349037421 0.303463726
v 0.320863400 -0.347026594 0.304876354
v 0.342964561 -0.344232213 0.305725007
v 0.364963756 -0.340632025 0.305987230
v 0.386817012 -0.336236715 0.305664186
v 0.408484480 -0.331070355 0.304767130
v 0.429923717 -0.325140441 0.303295186
v 0.451092528 -0.318457102 0.301249388
v 0.471949356 -0.311033126 0.298632749
v 0.492453691 -0.302883901 0.295450296
v 0.512566503 -0.294027342 0.291709062
v 0.532250671 -0.284483705 0.287418040
v 0.551471412 -0.274275380 0.282588077
v 0.570191549 -0.263420642 0.277226764
v 0.588345335 -0.251908993 0.271317151
v 0.605931892 -0.239803650 0.264904002
v 0.622926891 -0.227133515 0.258004350
v 0.639265162 -0.213893071 0.250604890
v 0.654917882 -0.200114539 0.242724378
v 0.669904603 -0.185858749 0.234408879
v 0.684113096 -0.171097182 0.225622001
v 0.697588956 -0.155906428 0.216424766
v 0.710277422 -0.140296484 0.206816450
v 0.722143414 -0.124294930 0.196811659
v 0.733202239 -0.107947861 0.186445397
v 0.743376196 -0.091266042 0.175714233
v 0.752708559 -0.074303002 0.164662474
v 0.761125389 -0.057075138 0.153291241
v 0.768648841 -0.039625510 0.141634391
v 0.775259823 -0.021987056 0.129712674
v 0.780907419 -0.004186654 0.117537983
v 0.785678733 0.013727634 0.105157028
v 0.789399723 0.031738371 0.092557408
v 0.792242458 0.049796682 0.079798532
v 0.794070622 0.067873372 0.066881784
v 0.794941090 0.085932702 0.053840779
v 0.794892362 0.103943188 0.040703470
v 0.793781287 0.121858358 0.027482593
v 0.791778437 0.139660770 0.014214940
v 0.788777406 0.157301470 0.000920256
v 0.784809301 0.174749932 -0.012375237
v 0.779964730 0.191992893 -0.025649137
v 0.774066551 0.208947685 -0.038867733
v 0.767309613 0.225633338 -0.052016809
v 0.759628403 0.241993976 -0.065065834
v 0.751015217 0.257988734 -0.077986755
v 0.741589891 0.273631088 -0.090772101
v 0.731199466 0.288811112 -0.103365267
v 0.720028900 0.303580716 -0.115776909
v 0.708005371 0.317861005 -0.127961152
v 0.695183054 0.331642739 -0.139903694
v 0.681602347 0.344909654 -0.151587186
v 0.667235511 0.357598167 -0.162970265
v 0.652187039 0.369742073 -0.174062162
v 0.636395520 0.381243205 -0.184801657
v 0.619983221 0.392160673 -0.195213512
v 0.602897917 0.402392773 -0.205232711
v 0.585240424 0.411989055 -0.214880251
v 0.567001377 0.420884110 -0.224110907
v 0.548231236 0.429075644 -0.232915925
v 0.528985372 0.436580042 -0.241299154
v 0.509247349 0.443296682 -0.249191343
v 0.489109353 0.449300080 -0.256632532
v 0.468594625 0.454558357 -0.263596790
v 0.447718306 0.459002556 -0.270032993
v 0.426549248 0.462687025 -0.275970146
v 0.405122716 0.465596610 -0.281392566
v 0.383476641 0.467718555 -0.286285921
v 0.361648195 0.469024984 -0.290625242
v 0.339683987 0.469524397 -0.294410123
v 0.317628107 0.469225280 -0.297640498
v 0.295522634 0.468125606 -0.300309129
v 0.273410163 0.466226185 -0.302410735
v 0.251333376 0.463530619 -0.303942012
v 0.229335628 0.460038747 -0.304896909
v 0.207463375 0.455741003 -0.305262272
v 0.185756099 0.450668103 -0.305054528
v 0.164253754 0.444834295 -0.304278338
v 0.143004797 0.438229400 -0.302919859
v 0.122050214 0.430870394 -0.300985551
v 0.101427073 0.422781447 -0.298487516
v 0.081182273 0.413964426 -0.295420654
v 0.061356958 0.404436884 -0.291791778
v 0.041984292 0.394226663 -0.287616072
v 0.023107315 0.383346322 -0.282896474
v 0.004767316 0.371813199 -0.277639513
v -0.012996789 0.359648621 -0.271854807
v -0.030148842 0.346877153 -0.265554575
v -0.046655690 0.333525922 -0.258753180
v -0.062487283 0.319624027 -0.251466705
v -0.077593587 0.305186411 -0.243698241
v -0.091962165 0.290255576 -0.235475557
v -0.105537649 0.274846224 -0.226800420
v -0.118306191 0.258999493 -0.217699016
v -0.130235186 0.242745217 -0.208186579
v -0.141296342 0.226116385 -0.198280887
v -0.151465514 0.209148226 -0.188001568
v -0.160706801 0.191872991 -0.177363945
v -0.169011071 0.174332144 -0.166393498
v -0.176345416 0.156560921 -0.155107135
v -0.182698918 0.138600721 -0.143529042
v -0.188050331 0.120491273 -0.131680016
v -0.192383202 0.102274213 -0.119582341
v -0.195685364 0.083992403 -0.107259257
v -0.197948464 0.065689439 -0.094734566
v -0.199159899 0.047409772 -0.082031233
v -0.199315926 0.029198575 -0.069173712
v -0.198414779 0.011101420 -0.056186535
v -0.196459022 -0.006836302 -0.043094473
v -0.193443709 -0.024566942 -0.029921757
v -0.189383578 -0.042046263 -0.016694027
v -0.184287351 -0.059228930 -0.003436196
v -0.178165587 -0.076069654 0.009826654
v -0.171030933 -0.092523234 0.023069165
v -0.162907529 -0.108549154 0.036266302
v -0.153817837 -0.124107037 0.049393244
v -0.143779551 -0.139153929 0.062424442
v -0.132825056 -0.153655130 0.075335685
v -0.120981530 -0.167573920 0.088102257
v -0.108282453 -0.180878417 0.100700401
v -0.094754678 -0.193532330 0.113104743
v -0.080438862 -0.205511022 0.125293064
v -0.065369963 -0.216786603 0.137241958
v -0.049585569 -0.227334498 0.148928800
v -0.033125906 -0.237134229 0.160332219
v -0.016023444 -0.246156669 0.171427029
v 0.001671491 -0.254395974 0.182197125
v 0.019926349 -0.261824181 0.192617021
v 0.038692914 -0.268436569 0.202670933
v 0.057931027 -0.274217974 0.212338395
v 0.077598449 -0.279157168 0.221600457
v 0.097651200 -0.283247642 0.230440306
v 0.118044099 -0.286488464 0.238844006
v 0.138739682 -0.288857310 0.246786136
v 0.159685995 -0.290377038 0.254265335
v 0.180846720 -0.291018324 0.261251667
v 0.202172586 -0.290803467 0.267743892
v 0.223621059 -0.289730154 0.273727054
v 0.245148662 -0.287799776 0.279188148
v 0.266711515 -0.285017824 0.284116562
v 0.288266033 -0.281394225 0.288504535
v 0.309769818 -0.276943630 0.292347647
v 0.331178388 -0.271660412 0.295627789
v 0.352449197 -0.265564548 0.298343805
v 0.373543635 -0.258681931 0.300499571
v 0.394413801 -0.251004445 0.302074178
v 0.415023130 -0.242564275 0.303076150
v 0.435336469 -0.233389734 0.303511999
v 0.455299907 -0.223468344 0.303356019
v 0.474881600 -0.212838051 0.302621949
v 0.494046608 -0.201525719 0.301315433
v 0.512756558 -0.189551678 0.299436825
v 0.530974255 -0.176938682 0.296988411
v 0.548664050 -0.163711760 0.293974453
v 0.565792228 -0.149898054 0.290401200
v 0.582327369 -0.135526563 0.286276853
v 0.598240705 -0.120627841 0.281611488
v 0.613506432 -0.105233641 0.276416923
v 0.628056418 -0.089348842 0.270673934
v 0.641895057 -0.073028976 0.264419467
v 0.655009955 -0.056312218 0.257673883
v 0.667374070 -0.039227166 0.250446626
v 0.678899728 -0.021781486 0.242713877
v 0.689648911 -0.004044569 0.234540379
v 0.699569290 0.013963734 0.225921715
v 0.708606755 0.032215632 0.216857981
v 0.716840140 0.050653935 0.207411644
v 0.724103613 0.069272195 0.197532578
v 0.730545764 0.088006467 0.187310409
v 0.736013654 0.106838630 0.176706747
v 0.740625838 0.125720854 0.165791064
v 0.744243916 0.144622174 0.154537973
v 0.747004187 0.163505821 0.143015675
v 0.748734491 0.182328205 0.131195856
v 0.749612583 0.201066837 0.119151105
v 0.749457564 0.219664081 0.106859297
v 0.748420554 0.238106556 0.094378464
v 0.746415602 0.256342162 0.081713976
v 0.743467291 0.274339898 0.068893815
v 0.739639133 0.292081872 0.055950267
v 0.734800052 0.309489345 0.042891074
v 0.729121417 0.326584570 0.029758000
v 0.722491554 0.343287081 0.016566264
v 0.714980744 0.359588379 0.003344320
v 0.706638239 0.375475440 -0.009883339
v 0.697355595 0.390850951 -0.023089595
v 0.687299571 0.405768555 -0.036254395
v 0.676380200 0.420132831 -0.049345807
v 0.664667612 0.433947545 -0.062343304
v 0.652211022 0.447206751 -0.075226963
v 0.638938145 0.459808622 -0.087954961
v 0.625000355 0.471833531 -0.100529462
v 0.610303497 0.483148795 -0.112895956
v 0.594969718 0.493822431 -0.125058241
v 0.578978568 0.503781771 -0.136976300
v 0.562375117 0.513023669 -0.148633381
v 0.545200968 0.521540762 -0.160011179
v 0.527464121 0.529284176 -0.171075688
v 0.509230317 0.536281692 -0.181823296
v 0.490504618 0.542474570 -0.192214643
v 0.471346430 0.547886507 -0.202245583
v 0.451782687 0.552492170 -0.211891076
v 0.431846309 0.556266108 -0.221124084
v 0.411599320 0.559263588 -0.229959894
v 0.391040038 0.561362550 -0.238320741
v 0.370246680 0.562670454 -0.246250163
v 0.349245831 0.563150285 -0.253715792
v 0.328070171 0.562750469 -0.260673957
v 0.306773566 0.561536954 -0.267149509
v 0.285393091 0.559502178 -0.273125595
v 0.263968090 0.556622477 -0.278574330
v 0.242542846 0.552895794 -0.283480093
v 0.221159335 0.548355947 -0.287851021
v 0.199858730 0.543006761 -0.291676304
v 0.178682722 0.536855143 -0.294946939
v 0.157673063 0.529910984 -0.297655840
v 0.136871131 0.522187040 -0.299797888
v 0.116317538 0.513698750 -0.301369940
v 0.096051791 0.504464017 -0.302370800
v 0.076112519 0.494501954 -0.302800338
v 0.056555686 0.483801372 -0.302633435
v 0.037402071 0.472417878 -0.301899103
v 0.018684381 0.460377653 -0.300603665
v 0.000471542 0.447660979 -0.298712370
v -0.017240001 0.434343399 -0.296274821
v -0.034373164 0.420403483 -0.293252539
v -0.050924139 0.405901565 -0.289682973
v -0.066852297 0.390857093 -0.285565511
v -0.082115723 0.375291930 -0.280900637
v -0.096683710 0.359238198 -0.275698961
v -0.110531573 0.342731259 -0.269975046
v -0.123620766 0.325798398 -0.263733736
v -0.135927151 0.308475850 -0.256990152
v -0.147431747 0.290801330 -0.249761922
v -0.158098623 0.272805807 -0.242056725
v -0.167910168 0.254527895 -0.233892904
v -0.176832846 0.236001985 -0.225280708
v -0.184856331 0.217269266 -0.216242073
v -0.191957389 0.198367753 -0.206792424
v -0.198117768 0.179337291 -0.196949668
v -0.203323792 0.160218729 -0.186733524
v -0.207554369 0.141053224 -0.176161016
v -0.210802200 0.121883315 -0.165254217
v -0.213054439 0.102752072 -0.154033176
v -0.214307175 0.083702697 -0.142520548
v -0.214550799 0.064779577 -0.130737207
v -0.213780823 0.046027629 -0.118705498
v -0.211997213 0.027491787 -0.106448700
v -0.209203813 0.009216652 -0.093990652
v -0.205404672 -0.008752628 -0.081354989
v -0.200600434 -0.026368534 -0.068564868
v -0.194810157 -0.043589516 -0.055646024
v -0.188040296 -0.060368627 -0.042622265
v -0.180307861 -0.076662506 -0.029518683
v -0.171634993 -0.092430420 -0.016360471
v -0.162042200 -0.107630613 -0.003172552
v -0.151548295 -0.122219194 0.010019857
v -0.140186753 -0.136162194 0.023191493
v -0.127987607 -0.149424041 0.036317375
v -0.114980596 -0.161968894 0.049372342
v -0.101198343 -0.173763196 0.062331117
v -0.086683746 -0.184784834 0.075170060
v -0.071464753 -0.194995986 0.087862715
v -0.055589996 -0.204383459 0.100386860
v -0.039096837 -0.212922221 0.112717973
v -0.022024032 -0.220588925 0.124831337
v -0.004417606 -0.227372612 0.136705125
v 0.013679300 -0.233260143 0.148316944
v 0.032227147 -0.238231738 0.159641906
v 0.051177226 -0.242288109 0.170661371
v 0.070486407 -0.245421123 0.181353915
v 0.090110788 -0.247625572 0.191698835
v 0.110007521 -0.248893598 0.201674066
v 0.130130129 -0.249232391 0.211263399
v 0.150434824 -0.248643056 0.220448265
v 0.170877533 -0.247131755 0.229212290
v 0.191415684 -0.244691275 0.237532484
v 0.212004237 -0.241343140 0.245399549
v 0.232600565 -0.237092098 0.252796272
v 0.253162400 -0.231956925 0.259712787
v 0.273645627 -0.225929274 0.266123963
v 0.294009719 -0.219041660 0.272027661
v 0.314213343 -0.211307566 0.277411266
v 0.334215990 -0.202744502 0.282264570
v 0.353978754 -0.193374120 0.286580223
v 0.373457842 -0.183204527 0.290341378
v 0.392615224 -0.172262617 0.293543731
v 0.411423294 -0.160591643 0.296196518
v 0.429825408 -0.148178949 0.298265713
v 0.447812290 -0.135095976 0.299784080
v 0.465314150 -0.121317967 0.300704872
v 0.482325841 -0.106914631 0.301061923
v 0.498811825 -0.091909348 0.300850176
v 0.514726182 -0.076317616 0.300055420
v 0.530037918 -0.060172844 0.298680026
v 0.544727058 -0.043516586 0.296735955
v 0.558764191 -0.026380903 0.294225653
v 0.572122018 -0.008799595 0.291153500
v 0.584775659 0.009192076 0.287525816
v 0.596702922 0.027557732 0.283350829
v 0.607883580 0.046260616 0.278637906
v 0.618259580 0.065276801 0.273371412
v 0.627845841 0.084553785 0.267585997
v 0.636631476 0.104052712 0.261296690
v 0.644609029 0.123735589 0.254519752
v 0.651706157 0.143574066 0.247234960
v 0.657947665 0.163520201 0.239479423
v 0.663358783 0.183534333 0.231286127
v 0.667841274 0.203581756 0.222625669
v 0.671456891 0.223619535 0.213550463
v 0.674196695 0.243611971 0.204074892
v 0.675993676 0.263512615 0.194190862
v 0.676953970 0.283297607 0.183962303
v 0.676927217 0.302902721 0.173350095
v 0.676087274 0.322325608 0.162439681
v 0.674248876 0.341481705 0.151185742
v 0.671604638 0.360387906 0.139672708
v 0.667982341 0.378948369 0.127867507
v 0.663546597 0.397185567 0.115838092
v 0.658181807 0.415011881 0.103574516
v 0.651983952 0.432432042 0.091120799
v 0.644929598 0.449394236 0.078492844
v 0.637015115 0.465855382 0.065711555
v 0.628333635 0.481831781 0.052813496
v 0.618763388 0.497199508 0.039804844
v 0.608473139 0.512034221 0.026727613
v 0.597374598 0.526224785 0.013597471
v 0.585542702 0.539786584 0.000442656
v 0.573015401 0.552708220 -0.012712424
v 0.559737497 0.564887098 -0.025840550
v 0.545844498 0.576411824 -0.038922653
v 0.531256345 0.587141505 -0.051923397
v 0.516078780 0.597145484 -0.064828016
v 0.500316638 0.606374258 -0.077608124
v 0.483978719 0.614778927 -0.090233727
v 0.467154298 0.622429961 -0.102698633
v 0.449789716 0.629171036 -0.114946625
v 0.432011997 0.635152009 -0.126994983
v 0.413774185 0.640203917 -0.138777596
v 0.395178388 0.644457506 -0.150313782
v 0.376210596 0.647785492 -0.161543409
v 0.356946886 0.650286224 -0.172481358
v 0.337391650 0.651852205 -0.183069021
v 0.317613800 0.652591022 -0.193329620
v 0.297621435 0.652371408 -0.203190261
v 0.277481347 0.651331558 -0.212691304
v 0.257211623 0.649343079 -0.221756563
v 0.236865266 0.646502639 -0.230411244
v 0.216476891 0.642800565 -0.238633582
v 0.196087731 0.638178666 -0.246373135
v 0.175736987 0.632726199 -0.253657907
v 0.155461150 0.626441539 -0.260469485
v 0.135311011 0.619264010 -0.266751553
v 0.115318051 0.611274141 -0.272531293
v 0.095520659 0.602481654 -0.277795368
v 0.075958297 0.592897118 -0.282530380
v 0.056670670 0.582534381 -0.286724563
v 0.037697243 0.571410479 -0.290367939
v 0.019076817 0.559545439 -0.293452448
v 0.000847130 0.546962060 -0.295972000
v -0.016955482 0.533685633 -0.297922503
v -0.034296373 0.519743651 -0.299301844
v -0.051142821 0.505165500 -0.300109832
v -0.067464207 0.489982137 -0.300348123
v -0.083232110 0.474225755 -0.300020072
v -0.098380973 0.457896242 -0.299094280
v -0.112920162 0.441061731 -0.297611095
v -0.126797266 0.423736214 -0.295552823
v -0.139996914 0.405962373 -0.292934571
v -0.152472077 0.387763662 -0.289746169
v -0.164218392 0.369188037 -0.286010730
v -0.175203512 0.350267284 -0.281729436
v -0.185398233 0.331036631 -0.276906742
v -0.194780043 0.311534820 -0.271552095
v -0.203326737 0.291801040 -0.265675253
v -0.211022273 0.271876205 -0.259289749
v -0.217854083 0.251801446 -0.252410794
v -0.223808837 0.231617390 -0.245052850
v -0.228850857 0.211363855 -0.237219038
v -0.232989085 0.191084516 -0.228935798
v -0.236206762 0.170821060 -0.220215952
v -0.238487253 0.150616898 -0.211073007
v -0.239826862 0.130515402 -0.201526420
v -0.240215855 0.110561127 -0.191592996
v -0.239656220 0.090797234 -0.181294162
v -0.238151913 0.071266116 -0.170651542
v -0.235686324 0.052016942 -0.159679639
v -0.232277682 0.033089524 -0.148404813
v -0.227925482 0.014529831 -0.136846813
v -0.222634804 -0.003616770 -0.125027222
v -0.216415472 -0.021305934 -0.112968848
v -0.209281331 -0.038494603 -0.100695259
v -0.201249643 -0.055141135 -0.088230461
v -0.192335438 -0.071201634 -0.075597796
v -0.182557804 -0.086633643 -0.062821340
v -0.171942295 -0.101398694 -0.049926040
v -0.160515455 -0.115458932 -0.036936630
v -0.148299818 -0.128771538 -0.023877551
v -0.135332400 -0.141306956 -0.010774409
v -0.121645833 -0.153031702 0.002347840
v -0.107272845 -0.163911525 0.015464028
v -0.092251400 -0.173917992 0.028548820
v -0.076623678 -0.183029305 0.041577317
v -0.060429653 -0.191221367 0.054524552
v -0.043708824 -0.198468648 0.067364990
v -0.026509947 -0.204764203 0.080075316
v -0.008871412 -0.210081131 0.092629220
v 0.009157424 -0.214417867 0.105004162
v 0.027532138 -0.217764279 0.117176214
v 0.046207964 -0.220112328 0.129121539
v 0.065139430 -0.221457846 0.140816849
v 0.084280664 -0.221801141 0.152239793
v 0.103585856 -0.221147696 0.163369463
v 0.123010591 -0.219500225 0.174184106
v 0.142510556 -0.216862316 0.184661871
v 0.162041569 -0.213243602 0.194782822
v 0.181560260 -0.208658727 0.204528951
v 0.201023921 -0.203117777 0.213880494
v 0.220390431 -0.196635490 0.222819446
v 0.239619042 -0.189231714 0.231330214
v 0.258668801 -0.180921343 0.239394935
v 0.277498337 -0.171719602 0.246995396
v 0.296071609 -0.161658426 0.254122576
v 0.314351422 -0.150761414 0.260763468
v 0.332293511 -0.139035795 0.266894613
v 0.349867831 -0.126523416 0.272513780
v 0.367038862 -0.113250144 0.277609420
v 0.383773294 -0.099245442 0.282172551
v 0.400034987 -0.084534410 0.286190809
v 0.415786298 -0.069142332 0.289650933
v 0.431010055 -0.053118887 0.292560922
v 0.445669026 -0.036487478 0.294906987
v 0.459731531 -0.019280536 0.296681972
v 0.473175244 -0.001537917 0.297887074
v 0.485984658 0.016696702 0.298528982
v 0.498100322 0.035410411 0.298576587
v 0.509531075 0.054542724 0.298057416
v 0.520251313 0.074058558 0.296968909
v 0.530237242 0.093920946 0.295310276
v 0.539467119 0.114091255 0.293082593
v 0.547921546 0.134529433 0.290288865
v 0.555583686 0.155194324 0.286934063
v 0.562439505 0.176044014 0.283025131
v 0.568477937 0.197036234 0.278570941
v 0.573691006 0.218128792 0.273582215
v 0.578073901 0.239280037 0.268071386
v 0.581624941 0.260449331 0.262052419
v 0.584312209 0.281594839 0.255521496
v 0.586121610 0.302671236 0.248486841
v 0.587096496 0.323641866 0.240988131
v 0.587233186 0.344468866 0.233037129
v 0.586451858 0.365092254 0.224607884
v 0.584856098 0.385495166 0.215769100
v 0.582397410 0.405625492 0.206510813
v 0.579072867 0.425437822 0.196848080
v 0.574952260 0.444920958 0.186827150
v 0.569932767 0.463985379 0.176419173
v 0.564167653 0.482665285 0.165703948
v 0.557503909 0.500833698 0.154636256
v 0.550129134 0.518558854 0.143303984
v 0.541884595 0.535692980 0.131666201
v 0.532953109 0.552319971 0.119802105
v 0.523200874 0.568290958 0.107686221
v 0.512776425 0.583681484 0.095380171
v 0.501603739 0.598375072 0.082881343
v 0.489766094 0.612401932 0.070228796
v 0.477266279 0.625713682 0.057442209
v 0.464108356 0.638260955 0.044542402
v 0.450381139 0.650096580 0.031563370
v 0.436007859 0.661060771 0.018518170
v 0.421126430 0.671284166 0.005441536
v 0.405685651 0.680626133 -0.007645160
v 0.389760427 0.689140291 -0.020716610
v 0.373377833 0.696804386 -0.033748170
v 0.356538414 0.703540860 -0.046710671
v 0.339333179 0.709462243 -0.059590993
v 0.321718351 0.714371783 -0.072342396
v 0.303800841 0.718445049 -0.084965607
v 0.285570408 0.721543915 -0.097415453
v 0.267086376 0.723740269 -0.109682840
v 0.248376080 0.724994782 -0.121736645
v 0.229475167 0.725302227 -0.133553420
v 0.210426763 0.724690695 -0.145117581
v 0.191260759 0.723114325 -0.156394049
v 0.172021544 0.720628926 -0.167376807
v 0.152742482 0.717190925 -0.178029543
v 0.133464154 0.712839482 -0.188342353
v 0.114222247 0.707578797 -0.198295307
v 0.095059115 0.701386155 -0.207854451
v 0.076000832 0.694356641 -0.217039431
v 0.057107293 0.686366534 -0.225768225
v 0.038394284 0.677555831 -0.234083378
v 0.019901189 0.667910834 -0.241956121
v 0.001685336 0.657389268 -0.249336287
v -0.016240105 0.646083313 -0.256250247
v -0.033839082 0.634004218 -0.262680549
v -0.051063885 0.621146647 -0.268596575
v -0.067876260 0.607533774 -0.273984003
v -0.084255619 0.593215541 -0.278849101
v -0.100167597 0.578215162 -0.283179916
v -0.115578766 0.562558829 -0.286966193
v -0.130457026 0.546275473 -0.290199500
v -0.144771921 0.529396449 -0.292873304
v -0.158494910 0.511955203 -0.294983018
v -0.171599586 0.493986932 -0.296525986
v -0.184061818 0.475528221 -0.297501450
v -0.195852636 0.456612333 -0.297904517
v -0.206927993 0.437265607 -0.297718703
v -0.217296651 0.417544681 -0.296970424
v -0.226927997 0.397482528 -0.295653712
v -0.235783689 0.377111604 -0.293757771
v -0.243870110 0.356482067 -0.291305167
v -0.251153941 0.335629089 -0.288289097
v -0.257615279 0.314594543 -0.284713270
v -0.263253554 0.293423266 -0.280594033
v -0.268049886 0.272156441 -0.275935370
v -0.271989951 0.250836953 -0.270744578
v -0.275063821 0.229508481 -0.265031808
v -0.277265691 0.208214754 -0.258809616
v -0.278593555 0.186998972 -0.252092541
v -0.279028922 0.165907029 -0.244886107
v -0.278580516 0.144981417 -0.237210751
v -0.277238924 0.124268268 -0.229077193
v -0.275013701 0.103809335 -0.220505731
v -0.271901067 0.083650416 -0.211509897
v -0.267902990 0.063836730 -0.202106168
v -0.263026381 0.044412261 -0.192313229
v -0.257282359 0.025419331 -0.182151349
v -0.250685576 0.006898354 -0.171641877
v -0.243232269 -0.011098045 -0.160798869
v -0.234952762 -0.028537304 -0.149649452
v -0.225858134 -0.045374377 -0.138212980
v -0.215964870 -0.061566256 -0.126510765
v -0.205293912 -0.077072180 -0.114565439
v -0.193869865 -0.091853717 -0.102400469
v -0.181720364 -0.105874750 -0.090039814
v -0.168875548 -0.119101408 -0.077507672
v -0.155357639 -0.131488416 -0.064826347
v -0.141209392 -0.143015435 -0.052022383
v -0.126457808 -0.153639951 -0.039118987
v -0.111145238 -0.163340670 -0.026141926
v -0.095310736 -0.172091727 -0.013116063
v -0.078992283 -0.179863498 -0.000066357
v -0.062234283 -0.186638326 0.012981811
v -0.045081660 -0.192401091 0.026003364
v -0.027578852 -0.197136108 0.038973264
v -0.009769922 -0.200824999 0.051865900
v 0.008295814 -0.203469784 0.064657265
v 0.026573698 -0.205056030 0.077321731
v 0.045015291 -0.205590723 0.089836098
v 0.063575439 -0.205062179 0.102174241
v 0.082206625 -0.203483926 0.114313957
v 0.100863336 -0.200860003 0.126231462
v 0.119500410 -0.197198323 0.137903505
v 0.138073487 -0.192511157 0.149307735
v 0.156539627 -0.186815665 0.160423193
v 0.174854581 -0.180116558 0.171224847
v 0.192979663 -0.172448101 0.181697086
v 0.210870657 -0.163813176 0.191813545
v 0.228491280 -0.154246511 0.201559297
v 0.245802747 -0.143768894 0.210914444
v 0.262767998 -0.132405361 0.219860744
v 0.279352544 -0.120185440 0.228382238
v 0.295519557 -0.107132713 0.236459939
v 0.311234750 -0.093276464 0.244077445
v 0.326470917 -0.078655749 0.251224779
v 0.341196088 -0.063300560 0.257886813
v 0.355373057 -0.047234997 0.264043614
v 0.368982001 -0.030505069 0.269691014
v 0.381994891 -0.013144947 0.274816935
v 0.394386627 0.004808272 0.279411737
v 0.406135767 0.023314892 0.283468657
v 0.417207138 0.042345612 0.286969655
v 0.427586321 0.061854271 0.289913815
v 0.437272044 0.081790172 0.292309893
v 0.446204338 0.102135418 0.294120866
v 0.454417361 0.122822337 0.295382520
v 0.461843612 0.143831701 0.296052967
v 0.468505946 0.165105679 0.296158492
v 0.474391890 0.186602903 0.295698462
v 0.479477203 0.208283993 0.294663921
v 0.483740548 0.230106300 0.293048502
v 0.487193869 0.252022253 0.290869192
v 0.489829434 0.273988608 0.288128917
v 0.491642233 0.295961793 0.284832494
v 0.492630060 0.317898293 0.280986638
v 0.492793577 0.339755071 0.276599910
v 0.492134496 0.361489628 0.271681484
v 0.490619770 0.383050612 0.266218788
v 0.488287802 0.404401070 0.260244709
v 0.485150053 0.425501771 0.253774419
v 0.481220409 0.446315936 0.246824262
v 0.476464271 0.466785269 0.239381963
v 0.470908603 0.486873451 0.231472634
v 0.464604246 0.506563092 0.223133889
v 0.457508513 0.525785203 0.214350066
v 0.449657294 0.544511619 0.205150772
v 0.441108889 0.562739151 0.195575977
v 0.431778548 0.580352231 0.185590536
v 0.421803251 0.597412486 0.175275192
v 0.411102130 0.613797953 0.164598650
v 0.399778832 0.629554009 0.153622261
v 0.387789415 0.644581919 0.142335254
v 0.375215672 0.658916228 0.130786285
v 0.362026106 0.672460569 0.118972558
v 0.348308155 0.685269168 0.106942787
v 0.334018972 0.697215785 0.094692231
v 0.319269780 0.708408013 0.082275454
v 0.303992599 0.718656014 0.069682951
v 0.288312290 0.728114897 0.056969373
v 0.272186421 0.736616576 0.044138323
v 0.255696637 0.744255406 0.031226912
v 0.238852236 0.750959509 0.018255240
v 0.221686278 0.756714615 0.005248421
v 0.204252327 0.761573298 -0.007767400
v 0.186549607 0.765397321 -0.020766178
v 0.168653010 0.768345192 -0.033727714
v 0.150562659 0.770235227 -0.046616988
v 0.132339730 0.771214069 -0.059420806
v 0.114007934 0.771187377 -0.072104998
v 0.095606740 0.770192170 -0.084649972
v 0.077173172 0.768241147 -0.097033133
v 0.058742540 0.765284267 -0.109220992
v 0.040349758 0.761413662 -0.121207640
v 0.022037580 0.756524881 -0.132944107
v 0.003830496 0.750753343 -0.144439875
v -0.014218055 0.743979575 -0.155635865
v -0.032093294 0.736341192 -0.166548551
v -0.049737657 0.727745923 -0.177121325
v -0.067135350 0.718291428 -0.187362301
v -0.084241472 0.707953764 -0.197236569
v -0.101018537 0.696751192 -0.206722359
v -0.117460683 0.684764486 -0.215831264
v -0.133479110 0.671899099 -0.224485200
v -0.149094742 0.658289673 -0.232724228
v -0.164270875 0.643942634 -0.240524849
v -0.178932310 0.628820210 -0.247829132
v -0.193094261 0.613020084 -0.254666190
v -0.206725137 0.596563896 -0.261018939
v -0.219793791 0.579476730 -0.266871289
v -0.232241445 0.561761095 -0.272184182
v -0.244073946 0.543484789 -0.276974705
v -0.255265391 0.524680662 -0.281231826
v -0.265791095 0.505383511 -0.284945719
v -0.275628401 0.485630288 -0.288108359
v -0.284756923 0.465459743 -0.290713599
v -0.293158674 0.444912023 -0.292757199
v -0.300818193 0.424028306 -0.294236812
v -0.307712625 0.402847155 -0.295144638
v -0.313813027 0.381407167 -0.295468794
v -0.319133947 0.359759730 -0.295229106
v -0.323668747 0.337947108 -0.294429389
v -0.327358935 0.316005343 -0.293037438
v -0.330258107 0.293986392 -0.291099389
v -0.332299922 0.271930277 -0.288578528
v -0.333525081 0.249883227 -0.285511189
v -0.333916312 0.227888536 -0.281894197
v -0.333450409 0.205993951 -0.277721219
v -0.332147747 0.184242212 -0.273014163
v -0.330006589 0.162678044 -0.267780426
v -0.327029557 0.141345759 -0.262030176
v -0.323215216 0.120291703 -0.255771163
v -0.318566322 0.099562041 -0.249013802
v -0.313106689 0.079193735 -0.241780768
v -0.306826743 0.059239385 -0.234075129
v -0.299754884 0.039732890 -0.225921742
v -0.291889987 0.020725001 -0.217328589
v -0.283250848 0.002255798 -0.208314772
v -0.273856994 -0.015635564 -0.198899446
v -0.263725189 -0.032907353 -0.189100063
v -0.252869782 -0.049513944 -0.178932752
v -0.241322791 -0.065425780 -0.168422267
v -0.229100617 -0.080597008 -0.157585275
v -0.216235053 -0.094997496 -0.146445586
v -0.202749178 -0.108585706 -0.135022548
v -0.188673495 -0.121327581 -0.123338653
v -0.174041645 -0.133192828 -0.111417328
v -0.158884793 -0.144145434 -0.099280590
v -0.143241711 -0.154161139 -0.086953183
v -0.127151258 -0.163215905 -0.074459356
v -0.110648093 -0.171273167 -0.061821607
v -0.093778946 -0.178324404 -0.049066285
v -0.076581996 -0.184336047 -0.036216702
v -0.059104627 -0.189300846 -0.023298706
v -0.041391814 -0.193204630 -0.010337135
v -0.023488519 -0.196028558 0.002643007
v -0.005443009 -0.197770596 0.015616340
v 0.012697216 -0.198428287 0.028557848
v 0.030884852 -0.197996324 0.041442308
v 0.049072069 -0.196475292 0.054244472
v 0.067212098 -0.193879261 0.066940409
v 0.085257143 -0.190201392 0.079503717
v 0.103162892 -0.185468013 0.091911965
v 0.120883576 -0.179685133 0.104139960
v 0.138375054 -0.172868452 0.116163632
v 0.155595813 -0.165041153 0.127960433
v 0.172504873 -0.156224319 0.139507451
v 0.189063432 -0.146443097 0.150782815
v 0.205229346 -0.135713586 0.161761548
v 0.220971209 -0.124075388 0.172426146
v 0.236250724 -0.111550480 0.182753374
v 0.251038540 -0.098176738 0.192726023
v 0.265300551 -0.083981981 0.202322970
v 0.279004801 -0.068997591 0.211524258
v 0.292122210 -0.053258619 0.220311614
v 0.304627462 -0.036803773 0.228669076
v 0.316500059 -0.019675239 0.236583744
v 0.327710596 -0.001905158 0.244036240
v 0.338241339 0.016463019 0.251015129
v 0.348062639 0.035396396 0.257500492
v 0.357166251 0.054845536 0.263487145
v 0.365531515 0.074771470 0.268961135
v 0.373140865 0.095132855 0.273910550
v 0.379980404 0.115886333 0.278325937
v 0.386040518 0.136987064 0.282200732
v 0.391316467 0.158389453 0.285531698
v 0.395774332 0.180057094 0.288295307
v 0.399430873 0.201937119 0.290503144
v 0.402273347 0.223987280 0.292146304
v 0.404296598 0.246162382 0.293221117
v 0.405488433 0.268418078 0.293719023
v 0.405872547 0.290707838 0.293656347
v 0.405430056 0.312987743 0.293019870
v 0.404150608 0.335210982 0.291802274
v 0.402059506 0.357334047 0.290021013
v 0.399158911 0.379312724 0.287677464
v 0.395453654 0.401102862 0.284774874
v 0.390951293 0.422660757 0.281318386
v 0.385662087 0.443943543 0.277315027
v 0.379598935 0.464909599 0.272773672
v 0.372777252 0.485518967 0.267704945
v 0.365214753 0.505733732 0.262121099
v 0.356890058 0.525490503 0.256007183
v 0.347853197 0.544767911 0.249397934
v 0.338132880 0.563536812 0.242313272
v 0.327754356 0.581768456 0.234770715
v 0.316676911 0.599370441 0.226741913
v 0.304984376 0.616361988 0.218285153
v 0.292709940 0.632726851 0.209423513
v 0.279799410 0.648339188 0.200119283
v 0.266364570 0.663271113 0.190450231
v 0.252387551 0.677438053 0.180403935
v 0.237904312 0.690819015 0.170005434
v 0.222961073 0.703420509 0.159286900
v 0.207551575 0.715148930 0.148244015
v 0.191753081 0.726075839 0.136930566
v 0.175546395 0.736066125 0.125333244
v 0.159013792 0.745223025 0.113509321
v 0.142143756 0.753405464 0.101450867
v 0.125006763 0.760712007 0.089206929
v 0.107610139 0.767032055 0.076782697
v 0.090005381 0.772423979 0.064214037
v 0.072220453 0.776841165 0.051520472
v 0.054289786 0.780270980 0.038726026
v 0.036255510 0.782757713 0.025860050
v 0.018144362 0.784195129 0.012941265
v 0.000000000 0.784735689 -0.000000000
l 1 2
l 2 3
l 3 4
l 4 5
l 5 6
l 6 7
l 7 8
l 8 9
l 9 10
l 10 11
l 11 12
l 12 13
l 13 14
l 14 15
l 15 16
l 16 17
l 17 18
l 18 19
l 19 20
l 20 21
l 21 22
l 22 23
l 23 24
l 24 25
l 25 26
l 26 27
l 27 28
l 28 29
l 29 30
l 30 31
l 31 32
l 32 33
l 33 34
l 34 35
l 35 36
l 36 37
l 37 38
l 38 39
l 39 40
l 40 41
l 41 42
l 42 43
l 43 44
l 44 45
l 45 46
l 46 47
l 47 48
l 48 49
l 49 50
l 50 51
l 51 52
l 52 53
l 53 54
l 54 55
l 55 56
l 56 57
l 57 58
l 58 59
l 59 60
l 60 61
l 61 62
l 62 63
l 63 64
l 64 65
l 65 66
l 66 67
l 67 68
l 68 69
l 69 70
l 70 71
l 71 72
l 72 73
l 73 74
l 74 75
l 75 76
l 76 77
l 77 78
l 78 79
l 79 80
l 80 81
l 81 82
l 82 83
l 83 84
l 84 85
l 85 86
l 86 87
l 87 88
l 88 89
l 89 90
l 90 91
l 91 92
l 92 93
l 93 94
l 94 95
l 95 96
l 96 97
l 97 98
l 98 99
l 99 100
l 100 101
l 101 102
l 102 103
l 103 104
l 104 105
l 105 106
l 106 107
l 107 108
l 108 109
l 109 110
l 110 111
l 111 112
l 112 113
l 113 114
l 114 115
l 115 116
l 116 117
l 117 118
l 118 119
l 119 120
l 120 121
l 121 122
l 122 123
l 123 124
l 124 125
l 125 126
l 126 127
l 127 128
l 128 129
l 129 130
l 130 131
l 131 132
l 132 133
l 133 134
l 134 135
l 135 136
l 136 137
l 137 138
l 138 139
l 139 140
l 140 141
l 141 142
l 142 143
l 143 144
l 144 145
l 145 146
l 146 147
l 147 148
l 148 149
l 149 150
l 150 151
l 151 152
l 152 153
l 153 154
l 154 155
l 155 156
l 156 157
l 157 158
l 158 159
l 159 160
l 160 161
l 161 162
l 162 163
l 163 164
l 164 165
l 165 166
l 166 167
l 167 168
l 168 169
l 169 170
l 170 171
l 171 172
l 172 173
l 173 174
l 174 175
l 175 176
l 176 177
l 177 178
l 178 179
l 179 180
l 180 181
l 181 182
l 182 183
l 183 184
l 184 185
l 185 186
l 186 187
l 187 188
l 188 189
l 189 190
l 190 191
l 191 192
l 192 193
l 193 194
l 194 195
l 195 196
l 196 197
l 197 198
l 198 199
l 199 200
l 200 201
l 201 202
l 202 203
l 203 204
l 204 205
l 205 206
l 206 207
l 207 208
l 208 209
l 209 210
l 210 211
l 211 212
l 212 213
l 213 214
l 214 215
l 215 216
l 216 217
l 217 218
l 218 219
l 219 220
l 220 221
l 221 222
l 222 223
l 223 224
l 224 225
l 225 226
l 226 227
l 227 228
l 228 229
l 229 230
l 230 231
l 231 232
l 232 233
l 233 234
l 234 235
l 235 236
l 236 237
l 237 238
l 238 239
l 239 240
l 240 241
l 241 242
l 242 243
l 243 244
l 244 245
l 245 246
l 246 247
l 247 248
l 248 249
l 249 250
l 250 251
l 251 252
l 252 253
l 253 254
l 254 255
l 255 256
l 256 257
l 257 258
l 258 259
l 259 260
l 260 261
l 261 262
l 262 263
l 263 264
l 264 265
l 265 266
l 266 267
l 267 268
l 268 269
l 269 270
l 270 271
l 271 272
l 272 273
l 273 274
l 274 275
l 275 276
l 276 277
l 277 278
l 278 279
l 279 280
l 280 281
l 281 282
l 282 283
l 283 284
l 284 285
l 285 286
l 286 287
l 287 288
l 288 289
l 289 290
l 290 291
l 291 292
l 292 293
l 293 294
l 294 295
l 295 296
l 296 297
l 297 298
l 298 299
l 299 300
l 300 301
l 301 302
l 302 303
l 303 304
l 304 305
l 305 306
l 306 307
l 307 308
l 308 309
l 309 310
l 310 311
l 311 312
l 312 313
l 313 314
l 314 315
l 315 316
l 316 317
l 317 318
l 318 319
l 319 320
l 320 321
l 321 322
l 322 323
l 323 324
l 324 325
l 325 326
l 326 327
l 327 328
l 328 329
l 329 330
l 330 331
l 331 332
l 332 333
l 333 334
l 334 335
l 335 336
l 336 337
l 337 338
l 338 339
l 339 340
l 340 341
l 341 342
l 342 343
l 343 344
l 344 345
l 345 346
l 346 347
l 347 348
l 348 349
l 349 350
l 350 351
l 351 352
l 352 353
l 353 354
l 354 355
l 355 356
l 356 357
l 357 358
l 358 359
l 359 360
l 360 361
l 361 362
l 362 363
l 363 364
l 364 365
l 365 366
l 366 367
l 367 368
l 368 369
l 369 370
l 370 371
l 371 372
l 372 373
l 373 374
l 374 375
l 375 376
l 376 377
l 377 378
l 378 379
l 379 380
l 380 381
l 381 382
l 382 383
l 383 384
l 384 385
l 385 386
l 386 387
l 387 388
l 388 389
l 389 390
l 390 391
l 391 392
l 392 393
l 393 394
l 394 395
l 395 396
l 396 397
l 397 398
l 398 399
l 399 400
l 400 401
l 401 402
l 402 403
l 403 404
l 404 405
l 405 406
l 406 407
l 407 408
l 408 409
l 409 410
l 410 411
l 411 412
l 412 413
l 413 414
l 414 415
l 415 416
l 416 417
l 417 418
l 418 419
l 419 420
l 420 421
l 421 422
l 422 423
l 423 424
l 424 425
l 425 426
l 426 427
l 427 428
l 428 429
l 429 430
l 430 431
l 431 432
l 432 433
l 433 434
l 434 435
l 435 436
l 436 437
l 437 438
l 438 439
l 439 440
l 440 441
l 441 442
l 442 443
l 443 444
l 444 445
l 445 446
l 446 447
l 447 448
l 448 449
l 449 450
l 450 451
l 451 452
l 452 453
l 453 454
l 454 455
l 455 456
l 456 457
l 457 458
l 458 459
l 459 460
l 460 461
l 461 462
l 462 463
l 463 464
l 464 465
l 465 466
l 466 467
l 467 468
l 468 469
l 469 470
l 470 471
l 471 472
l 472 473
l 473 474
l 474 475
l 475 476
l 476 477
l 477 478
l 478 479
l 479 480
l 480 481
l 481 482
l 482 483
l 483 484
l 484 485
l 485 486
l 486 487
l 487 488
l 488 489
l 489 490
l 490 491
l 491 492
l 492 493
l 493 494
l 494 495
l 495 496
l 496 497
l 497 498
l 498 499
l 499 500
l 500 501
l 501 502
l 502 503
l 503 504
l 504 505
l 505 506
l 506 507
l 507 508
l 508 509
l 509 510
l 510 511
l 511 512
l 512 513
l 513 514
l 514 515
l 515 516
l 516 517
l 517 518
l 518 519
l 519 520
l 520 521
l 521 522
l 522 523
l 523 524
l 524 525
l 525 526
l 526 527
l 527 528
l 528 529
l 529 530
l 530 531
l 531 532
l 532 533
l 533 534
l 534 535
l 535 536
l 536 537
l 537 538
l 538 539
l 539 540
l 540 541
l 541 542
l 542 543
l 543 544
l 544 545
l 545 546
l 546 547
l 547 548
l 548 549
l 549 550
l 550 551
l 551 552
l 552 553
l 553 554
l 554 555
l 555 556
l 556 557
l 557 558
l 558 559
l 559 560
l 560 561
l 561 562
l 562 563
l 563 564
l 564 565
l 565 566
l 566 567
l 567 568
l 568 569
l 569 570
l 570 571
l 571 572
l 572 573
l 573 574
l 574 575
l 575 576
l 576 577
l 577 578
l 578 579
l 579 580
l 580 581
l 581 582
l 582 583
l 583 584
l 584 585
l 585 586
l 586 587
l 587 588
l 588 589
l 589 590
l 590 591
l 591 592
l 592 593
l 593 594
l 594 595
l 595 596
l 596 597
l 597 598
l 598 599
l 599 600
l 600 601
l 601 602
l 602 603
l 603 604
l 604 605
l 605 606
l 606 607
l 607 608
l 608 609
l 609 610
l 610 611
l 611 612
l 612 613
l 613 614
l 614 615
l 615 616
l 616 617
l 617 618
l 618 619
l 619 620
l 620 621
l 621 622
l 622 623
l 623 624
l 624 625
l 625 626
l 626 627
l 627 628
l 628 629
l 629 630
l 630 631
l 631 632
l 632 633
l 633 634
l 634 635
l 635 636
l 636 637
l 637 638
l 638 639
l 639 640
l 640 641
l 641 642
l 642 643
l 643 644
l 644 645
l 645 646
l 646 647
l 647 648
l 648 649
l 649 650
l 650 651
l 651 652
l 652 653
l 653 654
l 654 655
l 655 656
l 656 657
l 657 658
l 658 659
l 659 660
l 660 661
l 661 662
l 662 663
l 663 664
l 664 665
l 665 666
l 666 667
l 667 668
l 668 669
l 669 670
l 670 671
l 671 672
l 672 673
l 673 674
l 674 675
l 675 676
l 676 677
l 677 678
l 678 679
l 679 680
l 680 681
l 681 682
l 682 683
l 683 684
l 684 685
l 685 686
l 686 687
l 687 688
l 688 689
l 689 690
l 690 691
l 691 692
l 692 693
l 693 694
l 694 695
l 695 696
l 696 697
l 697 698
l 698 699
l 699 700
l 700 701
l 701 702
l 702 703
l 703 704
l 704 705
l 705 706
l 706 707
l 707 708
l 708 709
l 709 710
l 710 711
l 711 712
l 712 713
l 713 714
l 714 715
l 715 716
l 716 717
l 717 718
l 718 719
l 719 720
l 720 721
l 721 722
l 722 723
l 723 724
l 724 725
l 725 726
l 726 727
l 727 728
l 728 729
l 729 730
l 730 731
l 731 732
l 732 733
l 733 734
l 734 735
l 735 736
l 736 737
l 737 738
l 738 739
l 739 740
l 740 741
l 741 742
l 742 743
l 743 744
l 744 745
l 745 746
l 746 747
l 747 748
l 748 749
l 749 750
l 750 751
l 751 752
l 752 753
l 753 754
l 754 755
l 755 756
l 756 757
l 757 758
l 758 759
l 759 760
l 760 761
l 761 762
l 762 763
l 763 764
l 764 765
l 765 766
l 766 767
l 767 768
l 768 769
l 769 770
l 770 771
l 771 772
l 772 773
l 773 774
l 774 775
l 775 776
l 776 777
l 777 778
l 778 779
l 779 780
l 780 781
l 781 782
l 782 783
l 783 784
l 784 785
l 785 786
l 786 787
l 787 788
l 788 789
l 789 790
l 790 791
l 791 792
l 792 793
l 793 794
l 794 795
l 795 796
l 796 797
l 797 798
l 798 799
l 799 800
l 800 801
l 801 802
l 802 803
l 803 804
l 804 805
l 805 806
l 806 807
l 807 808
l 808 809
l 809 810
l 810 811
l 811 812
l 812 813
l 813 814
l 814 815
l 815 816
l 816 817
l 817 818
l 818 819
l 819 820
l 820 821
l 821 822
l 822 823
l 823 824
l 824 825
l 825 826
l 826 827
l 827 828
l 828 829
l 829 830
l 830 831
l 831 832
l 832 833
l 833 834
l 834 835
l 835 836
l 836 837
l 837 838
l 838 839
l 839 840
l 840 841
l 841 842
l 842 843
l 843 844
l 844 845
l 845 846
l 846 847
l 847 848
l 848 849
l 849 850
l 850 851
l 851 852
l 852 853
l 853 854
l 854 855
l 855 856
l 856 857
l 857 858
l 858 859
l 859 860
l 860 861
l 861 862
l 862 863
l 863 864
l 864 865
l 865 866
l 866 867
l 867 868
l 868 869
l 869 870
l 870 871
l 871 872
l 872 873
l 873 874
l 874 875
l 875 876
l 876 877
l 877 878
l 878 879
l 879 880
l 880 881
l 881 882
l 882 883
l 883 884
l 884 885
l 885 886
l 886 887
l 887 888
l 888 889
l 889 890
l 890 891
l 891 892
l 892 893
l 893 894
l 894 895
l 895 896
l 896 897
l 897 898
l 898 899
l 899 900
l 900 901
l 901 902
l 902 903
l 903 904
l 904 905
l 905 906
l 906 907
l 907 908
l 908 909
l 909 910
l 910 911
l 911 912
l 912 913
l 913 914
l 914 915
l 915 916
l 916 917
l 917 918
l 918 919
l 919 920
l 920 921
l 921 922
l 922 923
l 923 924
l 924 925
l 925 926
l 926 927
l 927 928
l 928 929
l 929 930
l 930 931
l 931 932
l 932 933
l 933 934
l 934 935
l 935 936
l 936 937
l 937 938
l 938 939
l 939 940
l 940 941
l 941 942
l 942 943
l 943 944
l 944 945
l 945 946
l 946 947
l 947 948
l 948 949
l 949 950
l 950 951
l 951 952
l 952 953
l 953 954
l 954 955
l 955 956
l 956 957
l 957 958
l 958 959
l 959 960
l 960 961
l 961 962
l 962 963
l 963 964
l 964 965
l 965 966
l 966 967
l 967 968
l 968 969
l 969 970
l 970 971
l 971 972
l 972 973
l 973 974
l 974 975
l 975 976
l 976 977
l 977 978
l 978 979
l 979 980
l 980 981
l 981 982
l 982 983
l 983 984
l 984 985
l 985 986
l 986 987
l 987 988
l 988 989
l 989 990
l 990 991
l 991 992
l 992 993
l 993 994
l 994 995
l 995 996
l 996 997
l 997 998
l 998 999
l 999 1000
l 1000 1001
l 1001 1002
l 1002 1003
l 1003 1004
l 1004 1005
l 1005 1006
l 1006 1007
l 1007 1008
l 1008 1009
l 1009 1010
l 1010 1011
l 1011 1012
l 1012 1013
l 1013 1014
l 1014 1015
l 1015 1016
l 1016 1017
l 1017 1018
l 1018 1019
l 1019 1020
l 1020 1021
l 1021 1022
l 1022 1023
l 1023 1024
l 1024 1025
l 1025 1026
l 1026 1027
l 1027 1028
l 1028 1029
l 1029 1030
l 1030 1031
l 1031 1032
l 1032 1033
l 1033 1034
l 1034 1035
l 1035 1036
l 1036 1037
l 1037 1038
l 1038 1039
l 1039 1040
l 1040 1041
l 1041 1042
l 1042 1043
l 1043 1044
l 1044 1045
l 1045 1046
l 1046 1047
l 1047 1048
l 1048 1049
l 1049 1050
l 1050 1051
l 1051 1052
l 1052 1053
l 1053 1054
l 1054 1055
l 1055 1056
l 1056 1057
l 1057 1058
l 1058 1059
l 1059 1060
l 1060 1061
l 1061 1062
l 1062 1063
l 1063 1064
l 1064 1065
l 1065 1066
l 1066 1067
l 1067 1068
l 1068 1069
l 1069 1070
l 1070 1071
l 1071 1072
l 1072 1073
l 1073 1074
l 1074 1075
l 1075 1076
l 1076 1077
l 1077 1078
l 1078 1079
l 1079 1080
l 1080 1081
l 1081 1082
l 1082 1083
l 1083 1084
l 1084 1085
l 1085 1086
l 1086 1087
l 1087 1088
l 1088 1089
l 1089 1090
l 1090 1091
l 1091 1092
l 1092 1093
l 1093 1094
l 1094 1095
l 1095 1096
l 1096 1097
l 1097 1098
l 1098 1099
l 1099 1100
l 1100 1101
l 1101 1102
l 1102 1103
l 1103 1104
l 1104 1105
l 1105 1106
l 1106 1107
l 1107 1108
l 1108 1109
l 1109 1110
l 1110 1111
l 1111 1112
l 1112 1113
l 1113 1114
l 1114 1115
l 1115 1116
l 1116 1117
l 1117 1118
l 1118 1119
l 1119 1120
l 1120 1121
l 1121 1122
l 1122 1123
l 1123 1124
l 1124 1125
l 1125 1126
l 1126 1127
l 1127 1128
l 1128 1129
l 1129 1130
l 1130 1131
l 1131 1132
l 1132 1133
l 1133 1134
l 1134 1135
l 1135 1136
l 1136 1137
l 1137 1138
l 1138 1139
l 1139 1140
l 1140 1141
l 1141 1142
l 1142 1143
l 1143 1144
l 1144 1145
l 1145 1146
l 1146 1147
l 1147 1148
l 1148 1149
l 1149 1150
l 1150 1151
l 1151 1152
l 1152 1153
l 1153 1154
l 1154 1155
l 1155 1156
l 1156 1157
l 1157 1158
l 1158 1159
l 1159 1160
l 1160 1161
l 1161 1162
l 1162 1163
l 1163 1164
l 1164 1165
l 1165 1166
l 1166 1167
l 1167 1168
l 1168 1169
l 1169 1170
l 1170 1171
l 1171 1172
l 1172 1173
l 1173 1174
l 1174 1175
l 1175 1176
l 1176 1177
l 1177 1178
l 1178 1179
l 1179 1180
l 1180 1181
l 1181 1182
l 1182 1183
l 1183 1184
l 1184 1185
l 1185 1186
l 1186 1187
l 1187 1188
l 1188 1189
l 1189 1190
l 1190 1191
l 1191 1192
l 1192 1193
l 1193 1194
l 1194 1195
l 1195 1196
l 1196 1197
l 1197 1198
l 1198 1199
l 1199 1200
l 1200 1201
l 1201 1202
l 1202 1203
l 1203 1204
l 1204 1205
l 1205 1206
l 1206 1207
l 1207 1208
l 1208 1209
l 1209 1210
l 1210 1211
l 1211 1212
l 1212 1213
l 1213 1214
l 1214 1215
l 1215 1216
l 1216 1217
l 1217 1218
l 1218 1219
l 1219 1220
l 1220 1221
l 1221 1222
l 1222 1223
l 1223 1224
l 1224 1225
l 1225 1226
l 1226 1227
l 1227 1228
l 1228 1229
l 1229 1230
l 1230 1231
l 1231 1232
l 1232 1233
l 1233 1234
l 1234 1235
l 1235 1236
l 1236 1237
l 1237 1238
l 1238 1239
l 1239 1240
l 1240 1241
l 1241 1242
l 1242 1243
l 1243 1244
l 1244 1245
l 1245 1246
l 1246 1247
l 1247 1248
l 1248 1249
l 1249 1250
l 1250 1251
l 1251 1252
l 1252 1253
l 1253 1254
l 1254 1255
l 1255 1256
l 1256 1257
l 1257 1258
l 1258 1259
l 1259 1260
l 1260 1261
l 1261 1262
l 1262 1263
l 1263 1264
l 1264 1265
l 1265 1266
l 1266 1267
l 1267 1268
l 1268 1269
l 1269 1270
l 1270 1271
l 1271 1272
l 1272 1273
l 1273 1274
l 1274 1275
l 1275 1276
l 1276 1277
l 1277 1278
l 1278 1279
l 1279 1280
l 1280 1281
l 1281 1282
l 1282 1283
l 1283 1284
l 1284 1285
l 1285 1286
l 1286 1287
l 1287 1288
l 1288 1289
l 1289 1290
l 1290 1291
l 1291 1292
l 1292 1293
l 1293 1294
l 1294 1295
l 1295 1296
l 1296 1297
l 1297 1298
l 1298 1299
l 1299 1300
l 1300 1301
l 1301 1302
l 1302 1303
l 1303 1304
l 1304 1305
l 1305 1306
l 1306 1307
l 1307 1308
l 1308 1309
l 1309 1310
l 1310 1311
l 1311 1312
l 1312 1313
l 1313 1314
l 1314 1315
l 1315 1316
l 1316 1317
l 1317 1318
l 1318 1319
l 1319 1320
l 1320 1321
l 1321 1322
l 1322 1323
l 1323 1324
l 1324 1325
l 1325 1326
l 1326 1327
l 1327 1328
l 1328 1329
l 1329 1330
l 1330 1331
l 1331 1332
l 1332 1333
l 1333 1334
l 1334 1335
l 1335 1336
l 1336 1337
l 1337 1338
l 1338 1339
l 1339 1340
l 1340 1341
l 1341 1342
l 1342 1343
l 1343 1344
l 1344 1345
l 1345 1346
l 1346 1347
l 1347 1348
l 1348 1349
l 1349 1350
l 1350 1351
l 1351 1352
l 1352 1353
l 1353 1354
l 1354 1355
l 1355 1356
l 1356 1357
l 1357 1358
l 1358 1359
l 1359 1360
l 1360 1361
l 1361 1362
l 1362 1363
l 1363 1364
l 1364 1365
l 1365 1366
l 1366 1367
l 1367 1368
l 1368 1369
l 1369 1370
l 1370 1371
l 1371 1372
l 1372 1373
l 1373 1374
l 1374 1375
l 1375 1376
l 1376 1377
l 1377 1378
l 1378 1379
l 1379 1380
l 1380 1381
l 1381 1382
l 1382 1383
l 1383 1384
l 1384 1385
l 1385 1386
l 1386 1387
l 1387 1388
l 1388 1389
l 1389 1390
l 1390 1391
l 1391 1392
l 1392 1393
l 1393 1394
l 1394 1395
l 1395 1396
l 1396 1397
l 1397 1398
l 1398 1399
l 1399 1400
l 1400 1401
l 1401 1402
l 1402 1403
l 1403 1404
l 1404 1405
l 1405 1406
l 1406 1407
l 1407 1408
l 1408 1409
l 1409 1410
l 1410 1411
l 1411 1412
l 1412 1413
l 1413 1414
l 1414 1415
l 1415 1416
l 1416 1417
l 1417 1418
l 1418 1419
l 1419 1420
l 1420 1421
l 1421 1422
l 1422 1423
l 1423 1424
l 1424 1425
l 1425 1426
l 1426 1427
l 1427 1428
l 1428 1429
l 1429 1430
l 1430 1431
l 1431 1432
l 1432 1433
l 1433 1434
l 1434 1435
l 1435 1436
l 1436 1437
l 1437 1438
l 1438 1439
l 1439 1440
l 1440 1441
l 1441 1442
l 1442 1443
l 1443 1444
l 1444 1445
l 1445 1446
l 1446 1447
l 1447 1448
l 1448 1449
l 1449 1450
l 1450 1451
l 1451 1452
l 1452 1453
l 1453 1454
l 1454 1455
l 1455 1456
l 1456 1457
l 1457 1458
l 1458 1459
l 1459 1460
l 1460 1461
l 1461 1462
l 1462 1463
l 1463 1464
l 1464 1465
l 1465 1466
l 1466 1467
l 1467 1468
l 1468 1469
l 1469 1470
l 1470 1471
l 1471 1472
l 1472 1473
l 1473 1474
l 1474 1475
l 1475 1476
l 1476 1477
l 1477 1478
l 1478 1479
l 1479 1480
l 1480 1481
l 1481 1482
l 1482 1483
l 1483 1484
l 1484 1485
l 1485 1486
l 1486 1487
l 1487 1488
l 1488 1489
l 1489 1490
l 1490 1491
l 1491 1492
l 1492 1493
l 1493 1494
l 1494 1495
l 1495 1496
l 1496 1497
l 1497 1498
l 1498 1499
l 1499 1500
l 1500 1501
l 1501 1502
l 1502 1503
l 1503 1504
l 1504 1505
l 1505 1506
l 1506 1507
l 1507 1508
l 1508 1509
l 1509 1510
l 1510 1511
l 1511 1512
l 1512 1513
l 1513 1514
l 1514 1515
l 1515 1516
l 1516 1517
l 1517 1518
l 1518 1519
l 1519 1520
l 1520 1521
l 1521 1522
l 1522 1523
l 1523 1524
l 1524 1525
l 1525 1526
l 1526 1527
l 1527 1528
l 1528 1529
l 1529 1530
l 1530 1531
l 1531 1532
l 1532 1533
l 1533 1534
l 1534 1535
l 1535 1536
l 1536 1537
l 1537 1538
l 1538 1539
l 1539 1540
l 1540 1541
l 1541 1542
l 1542 1543
l 1543 1544
l 1544 1545
l 1545 1546
l 1546 1547
l 1547 1548
l 1548 1549
l 1549 1550
l 1550 1551
l 1551 1552
l 1552 1553
l 1553 1554
l 1554 1555
l 1555 1556
l 1556 1557
l 1557 1558
l 1558 1559
l 1559 1560
l 1560 1561
l 1561 1562
l 1562 1563
l 1563 1564
l 1564 1565
l 1565 1566
l 1566 1567
l 1567 1568
l 1568 1569
l 1569 1570
l 1570 1571
l 1571 1572
l 1572 1573
l 1573 1574
l 1574 1575
l 1575 1576
l 1576 1577
l 1577 1578
l 1578 1579
l 1579 1580
l 1580 1581
l 1581 1582
l 1582 1583
l 1583 1584
l 1584 1585
l 1585 1586
l 1586 1587
l 1587 1588
l 1588 1589
l 1589 1590
l 1590 1591
l 1591 1592
l 1592 1593
l 1593 1594
l 1594 1595
l 1595 1596
l 1596 1597
l 1597 1598
l 1598 1599
l 1599 1600
l 1600 1601
l 1601 1602
l 1602 1603
l 1603 1604
l 1604 1605
l 1605 1606
l 1606 1607
l 1607 1608
l 1608 1609
l 1609 1610
l 1610 1611
l 1611 1612
l 1612 1613
l 1613 1614
l 1614 1615
l 1615 1616
l 1616 1617
l 1617 1618
l 1618 1619
l 1619 1620
l 1620 1621
l 1621 1622
l 1622 1623
l 1623 1624
l 1624 1625
l 1625 1626
l 1626 1627
l 1627 1628
l 1628 1629
l 1629 1630
l 1630 1631
l 1631 1632
l 1632 1633
l 1633 1634
l 1634 1635
l 1635 1636
l 1636 1637
l 1637 1638
l 1638 1639
l 1639 1640
l 1640 1641
l 1641 1642
l 1642 1643
l 1643 1644
l 1644 1645
l 1645 1646
l 1646 1647
l 1647 1648
l 1648 1649
l 1649 1650
l 1650 1651
l 1651 1652
l 1652 1653
l 1653 1654
l 1654 1655
l 1655 1656
l 1656 1657
l 1657 1658
l 1658 1659
l 1659 1660
l 1660 1661
l 1661 1662
l 1662 1663
l 1663 1664
l 1664 1665
l 1665 1666
l 1666 1667
l 1667 1668
l 1668 1669
l 1669 1670
l 1670 1671
l 1671 1672
l 1672 1673
l 1673 1674
l 1674 1675
l 1675 1676
l 1676 1677
l 1677 1678
l 1678 1679
l 1679 1680
l 1680 1681
l 1681 1682
l 1682 1683
l 1683 1684
l 1684 1685
l 1685 1686
l 1686 1687
l 1687 1688
l 1688 1689
l 1689 1690
l 1690 1691
l 1691 1692
l 1692 1693
l 1693 1694
l 1694 1695
l 1695 1696
l 1696 1697
l 1697 1698
l 1698 1699
l 1699 1700
l 1700 1701
l 1701 1702
l 1702 1703
l 1703 1704
l 1704 1705
l 1705 1706
l 1706 1707
l 1707 1708
l 1708 1709
l 1709 1710
l 1710 1711
l 1711 1712
l 1712 1713
l 1713 1714
l 1714 1715
l 1715 1716
l 1716 1717
l 1717 1718
l 1718 1719
l 1719 1720
l 1720 1721
l 1721 1722
l 1722 1723
l 1723 1724
l 1724 1725
l 1725 1726
l 1726 1727
l 1727 1728
l 1728 1729
l 1729 1730
l 1730 1731
l 1731 1732
l 1732 1733
l 1733 1734
l 1734 1735
l 1735 1736
l 1736 1737
l 1737 1738
l 1738 1739
l 1739 1740
l 1740 1741
l 1741 1742
l 1742 1743
l 1743 1744
l 1744 1745
l 1745 1746
l 1746 1747
l 1747 1748
l 1748 1749
l 1749 1750
l 1750 1751
l 1751 1752
l 1752 1753
l 1753 1754
l 1754 1755
l 1755 1756
l 1756 1757
l 1757 1758
l 1758 1759
l 1759 1760
l 1760 1761
l 1761 1762
l 1762 1763
l 1763 1764
l 1764 1765
l 1765 1766
l 1766 1767
l 1767 1768
l 1768 1769
l 1769 1770
l 1770 1771
l 1771 1772
l 1772 1773
l 1773 1774
l 1774 1775
l 1775 1776
l 1776 1777
l 1777 1778
l 1778 1779
l 1779 1780
l 1780 1781
l 1781 1782
l 1782 1783
l 1783 1784
l 1784 1785
l 1785 1786
l 1786 1787
l 1787 1788
l 1788 1789
l 1789 1790
l 1790 1791
l 1791 1792
l 1792 1793
l 1793 1794
l 1794 1795
l 1795 1796
l 1796 1797
l 1797 1798
l 1798 1799
l 1799 1800
l 1800 1801
l 1801 1802
l 1802 1803
l 1803 1804
l 1804 1805
l 1805 1806
l 1806 1807
l 1807 1808
l 1808 1809
l 1809 1810
l 1810 1811
l 1811 1812
l 1812 1813
l 1813 1814
l 1814 1815
l 1815 1816
l 1816 1817
l 1817 1818
l 1818 1819
l 1819 1820
l 1820 1821
l 1821 1822
l 1822 1823
l 1823 1824
l 1824 1825
l 1825 1826
l 1826 1827
l 1827 1828
l 1828 1829
l 1829 1830
l 1830 1831
l 1831 1832
l 1832 1833
l 1833 1834
l 1834 1835
l 1835 1836
l 1836 1837
l 1837 1838
l 1838 1839
l 1839 1840
l 1840 1841
l 1841 1842
l 1842 1843
l 1843 1844
l 1844 1845
l 1845 1846
l 1846 1847
l 1847 1848
l 1848 1849
l 1849 1850
l 1850 1851
l 1851 1852
l 1852 1853
l 1853 1854
l 1854 1855
l 1855 1856
l 1856 1857
l 1857 1858
l 1858 1859
l 1859 1860
l 1860 1861
l 1861 1862
l 1862 1863
l 1863 1864
l 1864 1865
l 1865 1866
l 1866 1867
l 1867 1868
l 1868 1869
l 1869 1870
l 1870 1871
l 1871 1872
l 1872 1873
l 1873 1874
l 1874 1875
l 1875 1876
l 1876 1877
l 1877 1878
l 1878 1879
l 1879 1880
l 1880 1881
l 1881 1882
l 1882 1883
l 1883 1884
l 1884 1885
l 1885 1886
l 1886 1887
l 1887 1888
l 1888 1889
l 1889 1890
l 1890 1891
l 1891 1892
l 1892 1893
l 1893 1894
l 1894 1895
l 1895 1896
l 1896 1897
l 1897 1898
l 1898 1899
l 1899 1900
l 1900 1901
l 1901 1902
l 1902 1903
l 1903 1904
l 1904 1905
l 1905 1906
l 1906 1907
l 1907 1908
l 1908 1909
l 1909 1910
l 1910 1911
l 1911 1912
l 1912 1913
l 1913 1914
l 1914 1915
l 1915 1916
l 1916 1917
l 1917 1918
l 1918 1919
l 1919 1920
l 1920 1921
l 1921 1922
l 1922 1923
l 1923 1924
l 1924 1925
l 1925 1926
l 1926 1927
l 1927 1928
l 1928 1929
l 1929 1930
l 1930 1931
l 1931 1932
l 1932 1933
l 1933 1934
l 1934 1935
l 1935 1936
l 1936 1937
l 1937 1938
l 1938 1939
l 1939 1940
l 1940 1941
l 1941 1942
l 1942 1943
l 1943 1944
l 1944 1945
l 1945 1946
l 1946 1947
l 1947 1948
l 1948 1949
l 1949 1950
l 1950 1951
l 1951 1952
l 1952 1953
l 1953 1954
l 1954 1955
l 1955 1956
l 1956 1957
l 1957 1958
l 1958 1959
l 1959 1960
l 1960 1961
l 1961 1962
l 1962 1963
l 1963 1964
l 1964 1965
l 1965 1966
l 1966 1967
l 1967 1968
l 1968 1969
l 1969 1970
l 1970 1971
l 1971 1972
l 1972 1973
l 1973 1974
l 1974 1975
l 1975 1976
l 1976 1977
l 1977 1978
l 1978 1979
l 1979 1980
l 1980 1981
l 1981 1982
l 1982 1983
l 1983 1984
l 1984 1985
l 1985 1986
l 1986 1987
l 1987 1988
l 1988 1989
l 1989 1990
l 1990 1991
l 1991 1992
l 1992 1993
l 1993 1994
l 1994 1995
l 1995 1996
l 1996 1997
l 1997 1998
l 1998 1999
l 1999 2000
l 2000 2001
l 2001 2002
l 2002 2003
l 2003 2004
l 2004 2005
l 2005 2006
l 2006 2007
l 2007 2008
l 2008 2009
l 2009 2010
l 2010 2011
l 2011 2012
l 2012 2013
l 2013 2014
l 2014 2015
l 2015 2016
l 2016 2017
l 2017 2018
l 2018 2019
l 2019 2020
l 2020 2021
l 2021 2022
l 2022 2023
l 2023 2024
l 2024 2025
l 2025 2026
l 2026 2027
l 2027 2028
l 2028 2029
l 2029 2030
l 2030 2031
l 2031 2032
l 2032 2033
l 2033 2034
l 2034 2035
l 2035 2036
l 2036 2037
l 2037 2038
l 2038 2039
l 2039 2040
l 2040 2041
l 2041 2042
l 2042 2043
l 2043 2044
l 2044 2045
l 2045 2046
l 2046 2047
l 2047 2048
l 2048 2049
l 2049 2050
l 2050 2051
l 2051 2052
l 2052 2053
l 2053 2054
l 2054 2055
l 2055 2056
l 2056 2057
l 2057 2058
l 2058 2059
l 2059 2060
l 2060 2061
l 2061 2062
l 2062 2063
l 2063 2064
l 2064 2065
l 2065 2066
l 2066 2067
l 2067 2068
l 2068 2069
l 2069 2070
l 2070 2071
l 2071 2072
l 2072 2073
l 2073 2074
l 2074 2075
l 2075 2076
l 2076 2077
l 2077 2078
l 2078 2079
l 2079 2080
l 2080 2081
l 2081 2082
l 2082 2083
l 2083 2084
l 2084 2085
l 2085 2086
l 2086 2087
l 2087 2088
l 2088 2089
l 2089 2090
l 2090 2091
l 2091 2092
l 2092 2093
l 2093 2094
l 2094 2095
l 2095 2096
l 2096 2097
l 2097 2098
l 2098 2099
l 2099 2100
l 2100 2101
l 2101 2102
l 2102 2103
l 2103 2104
l 2104 2105
l 2105 2106
l 2106 2107
l 2107 2108
l 2108 2109
l 2109 2110
l 2110 2111
l 2111 2112
l 2112 2113
l 2113 2114
l 2114 2115
l 2115 2116
l 2116 2117
l 2117 2118
l 2118 2119
l 2119 2120
l 2120 2121
l 2121 2122
l 2122 2123
l 2123 2124
l 2124 2125
l 2125 2126
l 2126 2127
l 2127 2128
l 2128 2129
l 2129 2130
l 2130 2131
l 2131 2132
l 2132 2133
l 2133 2134
l 2134 2135
l 2135 2136
l 2136 2137
l 2137 2138
l 2138 2139
l 2139 2140
l 2140 2141
l 2141 2142
l 2142 2143
l 2143 2144
l 2144 2145
l 2145 2146
l 2146 2147
l 2147 2148
l 2148 2149
l 2149 2150
l 2150 2151
l 2151 2152
l 2152 2153
l 2153 2154
l 2154 2155
l 2155 2156
l 2156 2157
l 2157 2158
l 2158 2159
l 2159 2160
l 2160 2161
l 2161 2162
l 2162 2163
l 2163 2164
l 2164 2165
l 2165 2166
l 2166 2167
l 2167 2168
l 2168 2169
l 2169 2170
l 2170 2171
l 2171 2172
l 2172 2173
l 2173 2174
l 2174 2175
l 2175 2176
l 2176 2177
l 2177 2178
l 2178 2179
l 2179 2180
l 2180 2181
l 2181 2182
l 2182 2183
l 2183 2184
l 2184 2185
l 2185 2186
l 2186 2187
l 2187 2188
l 2188 2189
l 2189 2190
l 2190 2191
l 2191 2192
l 2192 2193
l 2193 2194
l 2194 2195
l 2195 2196
l 2196 2197
l 2197 2198
l 2198 2199
l 2199 2200
l 2200 2201
l 2201 2202
l 2202 2203
l 2203 2204
l 2204 2205
l 2205 2206
l 2206 2207
l 2207 2208
l 2208 2209
l 2209 2210
l 2210 2211
l 2211 2212
l 2212 2213
l 2213 2214
l 2214 2215
l 2215 2216
l 2216 2217
l 2217 2218
l 2218 2219
l 2219 2220
l 2220 2221
l 2221 2222
l 2222 2223
l 2223 2224
l 2224 2225
l 2225 2226
l 2226 2227
l 2227 2228
l 2228 2229
l 2229 2230
l 2230 2231
l 2231 2232
l 2232 2233
l 2233 2234
l 2234 2235
l 2235 2236
l 2236 2237
l 2237 2238
l 2238 2239
l 2239 2240
l 2240 2241
l 2241 2242
l 2242 2243
l 2243 2244
l 2244 2245
l 2245 2246
l 2246 2247
l 2247 2248
l 2248 2249
l 2249 2250
l 2250 2251
l 2251 2252
l 2252 2253
l 2253 2254
l 2254 2255
l 2255 2256
l 2256 2257
l 2257 2258
l 2258 2259
l 2259 2260
l 2260 2261
l 2261 2262
l 2262 2263
l 2263 2264
l 2264 2265
l 2265 2266
l 2266 2267
l 2267 2268
l 2268 2269
l 2269 2270
l 2270 2271
l 2271 2272
l 2272 2273
l 2273 2274
l 2274 2275
l 2275 2276
l 2276 2277
l 2277 2278
l 2278 2279
l 2279 2280
l 2280 2281
l 2281 2282
l 2282 2283
l 2283 2284
l 2284 2285
l 2285 2286
l 2286 2287
l 2287 2288
l 2288 2289
l 2289 2290
l 2290 2291
l 2291 2292
l 2292 2293
l 2293 2294
l 2294 2295
l 2295 2296
l 2296 2297
l 2297 2298
l 2298 2299
l 2299 2300
l 2300 2301
l 2301 2302
l 2302 2303
l 2303 2304
l 2304 2305
l 2305 2306
l 2306 2307
l 2307 2308
l 2308 2309
l 2309 2310
l 2310 2311
l 2311 2312
l 2312 2313
l 2313 2314
l 2314 2315
l 2315 2316
l 2316 2317
l 2317 2318
l 2318 2319
l 2319 2320
l 2320 2321
l 2321 2322
l 2322 2323
l 2323 2324
l 2324 2325
l 2325 2326
l 2326 2327
l 2327 2328
l 2328 2329
l 2329 2330
l 2330 2331
l 2331 2332
l 2332 2333
l 2333 2334
l 2334 2335
l 2335 2336
l 2336 2337
l 2337 2338
l 2338 2339
l 2339 2340
l 2340 2341
l 2341 2342
l 2342 2343
l 2343 2344
l 2344 2345
l 2345 2346
l 2346 2347
l 2347 2348
l 2348 2349
l 2349 2350
l 2350 2351
l 2351 2352
l 2352 2353
l 2353 2354
l 2354 2355
l 2355 2356
l 2356 2357
l 2357 2358
l 2358 2359
l 2359 2360
l 2360 2361
l 2361 2362
l 2362 2363
l 2363 2364
l 2364 2365
l 2365 2366
l 2366 2367
l 2367 2368
l 2368 2369
l 2369 2370
l 2370 2371
l 2371 2372
l 2372 2373
l 2373 2374
l 2374 2375
l 2375 2376
l 2376 2377
l 2377 2378
l 2378 2379
l 2379 2380
l 2380 2381
l 2381 2382
l 2382 2383
l 2383 2384
l 2384 2385
l 2385 2386
l 2386 2387
l 2387 2388
l 2388 2389
l 2389 2390
l 2390 2391
l 2391 2392
l 2392 2393
l 2393 2394
l 2394 2395
l 2395 2396
l 2396 2397
l 2397 2398
l 2398 2399
l 2399 2400
l 2400 2401
l 2401 2402
l 2402 2403
l 2403 2404
l 2404 2405
l 2405 2406
l 2406 2407
l 2407 2408
l 2408 2409
l 2409 2410
l 2410 2411
l 2411 2412
l 2412 2413
l 2413 2414
l 2414 2415
l 2415 2416
l 2416 2417
l 2417 2418
l 2418 2419
l 2419 2420
l 2420 2421
l 2421 2422
l 2422 2423
l 2423 2424
l 2424 2425
l 2425 2426
l 2426 2427
l 2427 2428
l 2428 2429
l 2429 2430
l 2430 2431
l 2431 2432
l 2432 2433
l 2433 2434
l 2434 2435
l 2435 2436
l 2436 2437
l 2437 2438
l 2438 2439
l 2439 2440
l 2440 2441
l 2441 2442
l 2442 2443
l 2443 2444
l 2444 2445
l 2445 2446
l 2446 2447
l 2447 2448
l 2448 2449
l 2449 2450
l 2450 2451
l 2451 2452
l 2452 2453
l 2453 2454
l 2454 2455
l 2455 2456
l 2456 2457
l 2457 2458
l 2458 2459
l 2459 2460
l 2460 2461
l 2461 2462
l 2462 2463
l 2463 2464
l 2464 2465
l 2465 2466
l 2466 2467
l 2467 2468
l 2468 2469
l 2469 2470
l 2470 2471
l 2471 2472
l 2472 2473
l 2473 2474
l 2474 2475
l 2475 2476
l 2476 2477
l 2477 2478
l 2478 2479
l 2479 2480
l 2480 2481
l 2481 2482
l 2482 2483
l 2483 2484
l 2484 2485
l 2485 2486
l 2486 2487
l 2487 2488
l 2488 2489
l 2489 2490
l 2490 2491
l 2491 2492
l 2492 2493
l 2493 2494
l 2494 2495
l 2495 2496
l 2496 2497
l 2497 2498
l 2498 2499
l 2499 2500
l 2500 2501
l 2501 2502
l 2502 2503
l 2503 2504
l 2504 2505
l 2505 2506
l 2506 2507
l 2507 2508
l 2508 2509
l 2509 2510
l 2510 2511
l 2511 2512
l 2512 2513
l 2513 2514
l 2514 2515
l 2515 2516
l 2516 2517
l 2517 2518
l 2518 2519
l 2519 2520
l 2520 2521
l 2521 2522
l 2522 2523
l 2523 2524
l 2524 2525
l 2525 2526
l 2526 2527
l 2527 2528
l 2528 2529
l 2529 2530
l 2530 2531
l 2531 2532
l 2532 2533
l 2533 2534
l 2534 2535
l 2535 2536
l 2536 2537
l 2537 2538
l 2538 2539
l 2539 2540
l 2540 2541
l 2541 2542
l 2542 2543
l 2543 2544
l 2544 2545
l 2545 2546
l 2546 2547
l 2547 2548
l 2548 2549
l 2549 2550
l 2550 2551
l 2551 2552
l 2552 2553
l 2553 2554
l 2554 2555
l 2555 2556
l 2556 2557
l 2557 2558
l 2558 2559
l 2559 2560
l 2560 2561
l 2561 2562
l 2562 2563
l 2563 2564
l 2564 2565
l 2565 2566
l 2566 2567
l 2567 2568
l 2568 2569
l 2569 2570
l 2570 2571
l 2571 2572
l 2572 2573
l 2573 2574
l 2574 2575
l 2575 2576
l 2576 2577
l 2577 2578
l 2578 2579
l 2579 2580
l 2580 2581
l 2581 2582
l 2582 2583
l 2583 2584
l 2584 2585
l 2585 2586
l 2586 2587
l 2587 2588
l 2588 2589
l 2589 2590
l 2590 2591
l 2591 2592
l 2592 2593
l 2593 2594
l 2594 2595
l 2595 2596
l 2596 2597
l 2597 2598
l 2598 2599
l 2599 2600
l 2600 2601
l 2601 2602
l 2602 2603
l 2603 2604
l 2604 2605
l 2605 2606
l 2606 2607
l 2607 2608
l 2608 2609
l 2609 2610
l 2610 2611
l 2611 2612
l 2612 2613
l 2613 2614
l 2614 2615
l 2615 2616
l 2616 2617
l 2617 2618
l 2618 2619
l 2619 2620
l 2620 2621
l 2621 2622
l 2622 2623
l 2623 2624
l 2624 2625
l 2625 2626
l 2626 2627
l 2627 2628
l 2628 2629
l 2629 2630
l 2630 2631
l 2631 2632
l 2632 2633
l 2633 2634
l 2634 2635
l 2635 2636
l 2636 2637
l 2637 2638
l 2638 2639
l 2639 2640
l 2640 2641
l 2641 2642
l 2642 2643
l 2643 2644
l 2644 2645
l 2645 2646
l 2646 2647
l 2647 2648
l 2648 2649
l 2649 2650
l 2650 2651
l 2651 2652
l 2652 2653
l 2653 2654
l 2654 2655
l 2655 2656
l 2656 2657
l 2657 2658
l 2658 2659
l 2659 2660
l 2660 2661
l 2661 2662
l 2662 2663
l 2663 2664
l 2664 2665
l 2665 2666
l 2666 2667
l 2667 2668
l 2668 2669
l 2669 2670
l 2670 2671
l 2671 2672
l 2672 2673
l 2673 2674
l 2674 2675
l 2675 2676
l 2676 2677
l 2677 2678
l 2678 2679
l 2679 2680
l 2680 2681
l 2681 2682
l 2682 2683
l 2683 2684
l 2684 2685
l 2685 2686
l 2686 2687
l 2687 2688
l 2688 2689
l 2689 2690
l 2690 2691
l 2691 2692
l 2692 2693
l 2693 2694
l 2694 2695
l 2695 2696
l 2696 2697
l 2697 2698
l 2698 2699
l 2699 2700
l 2700 2701
l 2701 2702
l 2702 2703
l 2703 2704
l 2704 2705
l 2705 2706
l 2706 2707
l 2707 2708
l 2708 2709
l 2709 2710
l 2710 2711
l 2711 2712
l 2712 2713
l 2713 2714
l 2714 2715
l 2715 2716
l 2716 2717
l 2717 2718
l 2718 2719
l 2719 2720
l 2720 2721
l 2721 2722
l 2722 2723
l 2723 2724
l 2724 2725
l 2725 2726
l 2726 2727
l 2727 2728
l 2728 2729
l 2729 2730
l 2730 2731
l 2731 2732
l 2732 2733
l 2733 2734
l 2734 2735
l 2735 2736
l 2736 2737
l 2737 2738
l 2738 2739
l 2739 2740
l 2740 2741
l 2741 2742
l 2742 2743
l 2743 2744
l 2744 2745
l 2745 2746
l 2746 2747
l 2747 2748
l 2748 2749
l 2749 2750
l 2750 2751
l 2751 2752
l 2752 2753
l 2753 2754
l 2754 2755
l 2755 2756
l 2756 2757
l 2757 2758
l 2758 2759
l 2759 2760
l 2760 2761
l 2761 2762
l 2762 2763
l 2763 2764
l 2764 2765
l 2765 2766
l 2766 2767
l 2767 2768
l 2768 2769
l 2769 2770
l 2770 2771
l 2771 2772
l 2772 2773
l 2773 2774
l 2774 2775
l 2775 2776
l 2776 2777
l 2777 2778
l 2778 2779
l 2779 2780
l 2780 2781
l 2781 2782
l 2782 2783
l 2783 2784
l 2784 2785
l 2785 2786
l 2786 2787
l 2787 2788
l 2788 2789
l 2789 2790
l 2790 2791
l 2791 2792
l 2792 2793
l 2793 2794
l 2794 2795
l 2795 2796
l 2796 2797
l 2797 2798
l 2798 2799
l 2799 2800
l 2800 2801
l 2801 2802
l 2802 2803
l 2803 2804
l 2804 2805
l 2805 2806
l 2806 2807
l 2807 2808
l 2808 2809
l 2809 2810
l 2810 2811
l 2811 2812
l 2812 2813
l 2813 2814
l 2814 2815
l 2815 2816
l 2816 2817
l 2817 2818
l 2818 2819
l 2819 2820
l 2820 2821
l 2821 2822
l 2822 2823
l 2823 2824
l 2824 2825
l 2825 2826
l 2826 2827
l 2827 2828
l 2828 2829
l 2829 2830
l 2830 2831
l 2831 2832
l 2832 2833
l 2833 2834
l 2834 2835
l 2835 2836
l 2836 2837
l 2837 2838
l 2838 2839
l 2839 2840
l 2840 2841
l 2841 2842
l 2842 2843
l 2843 2844
l 2844 2845
l 2845 2846
l 2846 2847
l 2847 2848
l 2848 2849
l 2849 2850
l 2850 2851
l 2851 2852
l 2852 2853
l 2853 2854
l 2854 2855
l 2855 2856
l 2856 2857
l 2857 2858
l 2858 2859
l 2859 2860
l 2860 2861
l 2861 2862
l 2862 2863
l 2863 2864
l 2864 2865
l 2865 2866
l 2866 2867
l 2867 2868
l 2868 2869
l 2869 2870
l 2870 2871
l 2871 2872
l 2872 2873
l 2873 2874
l 2874 2875
l 2875 2876
l 2876 2877
l 2877 2878
l 2878 2879
l 2879 2880
l 2880 2881
l 2881 2882
l 2882 2883
l 2883 2884
l 2884 2885
l 2885 2886
l 2886 2887
l 2887 2888
l 2888 2889
l 2889 2890
l 2890 2891
l 2891 2892
l 2892 2893
l 2893 2894
l 2894 2895
l 2895 2896
l 2896 2897
l 2897 2898
l 2898 2899
l 2899 2900
l 2900 2901
l 2901 2902
l 2902 2903
l 2903 2904
l 2904 2905
l 2905 2906
l 2906 2907
l 2907 2908
l 2908 2909
l 2909 2910
l 2910 2911
l 2911 2912
l 2912 2913
l 2913 2914
l 2914 2915
l 2915 2916
l 2916 2917
l 2917 2918
l 2918 2919
l 2919 2920
l 2920 2921
l 2921 2922
l 2922 2923
l 2923 2924
l 2924 2925
l 2925 2926
l 2926 2927
l 2927 2928
l 2928 2929
l 2929 2930
l 2930 2931
l 2931 2932
l 2932 2933
l 2933 2934
l 2934 2935
l 2935 2936
l 2936 2937
l 2937 2938
l 2938 2939
l 2939 2940
l 2940 2941
l 2941 2942
l 2942 2943
l 2943 2944
l 2944 2945
l 2945 2946
l 2946 2947
l 2947 2948
l 2948 2949
l 2949 2950
l 2950 2951
l 2951 2952
l 2952 2953
l 2953 2954
l 2954 2955
l 2955 2956
l 2956 2957
l 2957 2958
l 2958 2959
l 2959 2960
l 2960 2961
l 2961 2962
l 2962 2963
l 2963 2964
l 2964 2965
l 2965 2966
l 2966 2967
l 2967 2968
l 2968 2969
l 2969 2970
l 2970 2971
l 2971 2972
l 2972 2973
l 2973 2974
l 2974 2975
l 2975 2976
l 2976 2977
l 2977 2978
l 2978 2979
l 2979 2980
l 2980 2981
l 2981 2982
l 2982 2983
l 2983 2984
l 2984 2985
l 2985 2986
l 2986 2987
l 2987 2988
l 2988 2989
l 2989 2990
l 2990 2991
l 2991 2992
l 2992 2993
l 2993 2994
l 2994 2995
l 2995 2996
l 2996 2997
l 2997 2998
l 2998 2999
l 2999 3000
l 3000 3001
l 3001 3002
l 3002 3003
l 3003 3004
l 3004 3005
l 3005 3006
l 3006 3007
l 3007 3008
l 3008 3009
l 3009 3010
l 3010 3011
l 3011 3012
l 3012 3013
l 3013 3014
l 3014 3015
l 3015 3016
l 3016 3017
l 3017 3018
l 3018 3019
l 3019 3020
l 3020 3021
l 3021 3022
l 3022 3023
l 3023 3024
l 3024 3025
l 3025 3026
l 3026 3027
l 3027 3028
l 3028 3029
l 3029 3030
l 3030 3031
l 3031 3032
l 3032 3033
l 3033 3034
l 3034 3035
l 3035 3036
l 3036 3037
l 3037 3038
l 3038 3039
l 3039 3040
l 3040 3041
l 3041 3042
l 3042 3043
l 3043 3044
l 3044 3045
l 3045 3046
l 3046 3047
l 3047 3048
l 3048 3049
l 3049 3050
l 3050 3051
l 3051 3052
l 3052 3053
l 3053 3054
l 3054 3055
l 3055 3056
l 3056 3057
l 3057 3058
l 3058 3059
l 3059 3060
l 3060 3061
l 3061 3062
l 3062 3063
l 3063 3064
l 3064 3065
l 3065 3066
l 3066 3067
l 3067 3068
l 3068 3069
l 3069 3070
l 3070 3071
l 3071 3072
l 3072 3073
l 3073 3074
l 3074 3075
l 3075 3076
l 3076 3077
l 3077 3078
l 3078 3079
l 3079 3080
l 3080 3081
l 3081 3082
l 3082 3083
l 3083 3084
l 3084 3085
l 3085 3086
l 3086 3087
l 3087 3088
l 3088 3089
l 3089 3090
l 3090 3091
l 3091 3092
l 3092 3093
l 3093 3094
l 3094 3095
l 3095 3096
l 3096 3097
l 3097 3098
l 3098 3099
l 3099 3100
l 3100 3101
l 3101 3102
l 3102 3103
l 3103 3104
l 3104 3105
l 3105 3106
l 3106 3107
l 3107 3108
l 3108 3109
l 3109 3110
l 3110 3111
l 3111 3112
l 3112 3113
l 3113 3114
l 3114 3115
l 3115 3116
l 3116 3117
l 3117 3118
l 3118 3119
l 3119 3120
l 3120 3121
l 3121 3122
l 3122 3123
l 3123 3124
l 3124 3125
l 3125 3126
l 3126 3127
l 3127 3128
l 3128 3129
l 3129 3130
l 3130 3131
l 3131 3132
l 3132 3133
l 3133 3134
l 3134 3135
l 3135 3136
l 3136 3137
l 3137 3138
l 3138 3139
l 3139 3140
l 3140 3141
l 3141 3142
l 3142 3143
l 3143 3144
l 3144 3145
l 3145 3146
l 3146 3147
l 3147 3148
l 3148 3149
l 3149 3150
l 3150 3151
l 3151 3152
l 3152 3153
l 3153 3154
l 3154 3155
l 3155 3156
l 3156 3157
l 3157 3158
l 3158 3159
l 3159 3160
l 3160 3161
l 3161 3162
l 3162 3163
l 3163 3164
l 3164 3165
l 3165 3166
l 3166 3167
l 3167 3168
l 3168 3169
l 3169 3170
l 3170 3171
l 3171 3172
l 3172 3173
l 3173 3174
l 3174 3175
l 3175 3176
l 3176 3177
l 3177 3178
l 3178 3179
l 3179 3180
l 3180 3181
l 3181 3182
l 3182 3183
l 3183 3184
l 3184 3185
l 3185 3186
l 3186 3187
l 3187 3188
l 3188 3189
l 3189 3190
l 3190 3191
l 3191 3192
l 3192 3193
l 3193 3194
l 3194 3195
l 3195 3196
l 3196 3197
l 3197 3198
l 3198 3199
l 3199 3200
l 3200 3201
l 3201 3202
l 3202 3203
l 3203 3204
l 3204 3205
l 3205 3206
l 3206 3207
l 3207 3208
l 3208 3209
l 3209 3210
l 3210 3211
l 3211 3212
l 3212 3213
l 3213 3214
l 3214 3215
l 3215 3216
l 3216 3217
l 3217 3218
l 3218 3219
l 3219 3220
l 3220 3221
l 3221 3222
l 3222 3223
l 3223 3224
l 3224 3225
l 3225 3226
l 3226 3227
l 3227 3228
l 3228 3229
l 3229 3230
l 3230 3231
l 3231 3232
l 3232 3233
l 3233 3234
l 3234 3235
l 3235 3236
l 3236 3237
l 3237 3238
l 3238 3239
l 3239 3240
l 3240 3241
l 3241 3242
l 3242 3243
l 3243 3244
l 3244 3245
l 3245 3246
l 3246 3247
l 3247 3248
l 3248 3249
l 3249 3250
l 3250 3251
l 3251 3252
l 3252 3253
l 3253 3254
l 3254 3255
l 3255 3256
l 3256 3257
l 3257 3258
l 3258 3259
l 3259 3260
l 3260 3261
l 3261 3262
l 3262 3263
l 3263 3264
l 3264 3265
l 3265 3266
l 3266 3267
l 3267 3268
l 3268 3269
l 3269 3270
l 3270 3271
l 3271 3272
l 3272 3273
l 3273 3274
l 3274 3275
l 3275 3276
l 3276 3277
l 3277 3278
l 3278 3279
l 3279 3280
l 3280 3281
l 3281 3282
l 3282 3283
l 3283 3284
l 3284 3285
l 3285 3286
l 3286 3287
l 3287 3288
l 3288 3289
l 3289 3290
l 3290 3291
l 3291 3292
l 3292 3293
l 3293 3294
l 3294 3295
l 3295 3296
l 3296 3297
l 3297 3298
l 3298 3299
l 3299 3300
l 3300 3301
l 3301 3302
l 3302 3303
l 3303 3304
l 3304 3305
l 3305 3306
l 3306 3307
l 3307 3308
l 3308 3309
l 3309 3310
l 3310 3311
l 3311 3312
l 3312 3313
l 3313 3314
l 3314 3315
l 3315 3316
l 3316 3317
l 3317 3318
l 3318 3319
l 3319 3320
l 3320 3321
l 3321 3322
l 3322 3323
l 3323 3324
l 3324 3325
l 3325 3326
l 3326 3327
l 3327 3328
l 3328 3329
l 3329 3330
l 3330 3331
l 3331 3332
l 3332 3333
l 3333 3334
l 3334 3335
l 3335 3336
l 3336 3337
l 3337 3338
l 3338 3339
l 3339 3340
l 3340 3341
l 3341 3342
l 3342 3343
l 3343 3344
l 3344 3345
l 3345 3346
l 3346 3347
l 3347 3348
l 3348 3349
l 3349 3350
l 3350 3351
l 3351 3352
l 3352 3353
l 3353 3354
l 3354 3355
l 3355 3356
l 3356 3357
l 3357 3358
l 3358 3359
l 3359 3360
l 3360 3361
l 3361 3362
l 3362 3363
l 3363 3364
l 3364 3365
l 3365 3366
l 3366 3367
l 3367 3368
l 3368 3369
l 3369 3370
l 3370 3371
l 3371 3372
l 3372 3373
l 3373 3374
l 3374 3375
l 3375 3376
l 3376 3377
l 3377 3378
l 3378 3379
l 3379 3380
l 3380 3381
l 3381 3382
l 3382 3383
l 3383 3384
l 3384 3385
l 3385 3386
l 3386 3387
l 3387 3388
l 3388 3389
l 3389 3390
l 3390 3391
l 3391 3392
l 3392 3393
l 3393 3394
l 3394 3395
l 3395 3396
l 3396 3397
l 3397 3398
l 3398 3399
l 3399 3400
l 3400 3401
l 3401 3402
l 3402 3403
l 3403 3404
l 3404 3405
l 3405 3406
l 3406 3407
l 3407 3408
l 3408 3409
l 3409 3410
l 3410 3411
l 3411 3412
l 3412 3413
l 3413 3414
l 3414 3415
l 3415 3416
l 3416 3417
l 3417 3418
l 3418 3419
l 3419 3420
l 3420 3421
l 3421 3422
l 3422 3423
l 3423 3424
l 3424 3425
l 3425 3426
l 3426 3427
l 3427 3428
l 3428 3429
l 3429 3430
l 3430 3431
l 3431 3432
l 3432 3433
l 3433 3434
l 3434 3435
l 3435 3436
l 3436 3437
l 3437 3438
l 3438 3439
l 3439 3440
l 3440 3441
l 3441 3442
l 3442 3443
l 3443 3444
l 3444 3445
l 3445 3446
l 3446 3447
l 3447 3448
l 3448 3449
l 3449 3450
l 3450 3451
l 3451 3452
l 3452 3453
l 3453 3454
l 3454 3455
l 3455 3456
l 3456 3457
l 3457 3458
l 3458 3459
l 3459 3460
l 3460 3461
l 3461 3462
l 3462 3463
l 3463 3464
l 3464 3465
l 3465 3466
l 3466 3467
l 3467 3468
l 3468 3469
l 3469 3470
l 3470 3471
l 3471 3472
l 3472 3473
l 3473 3474
l 3474 3475
l 3475 3476
l 3476 3477
l 3477 3478
l 3478 3479
l 3479 3480
l 3480 3481
l 3481 3482
l 3482 3483
l 3483 3484
l 3484 3485
l 3485 3486
l 3486 3487
l 3487 3488
l 3488 3489
l 3489 3490
l 3490 3491
l 3491 3492
l 3492 3493
l 3493 3494
l 3494 3495
l 3495 3496
l 3496 3497
l 3497 3498
l 3498 3499
l 3499 3500
l 3500 3501
l 3501 3502
l 3502 3503
l 3503 3504
l 3504 3505
l 3505 3506
l 3506 3507
l 3507 3508
l 3508 3509
l 3509 3510
l 3510 3511
l 3511 3512
l 3512 3513
l 3513 3514
l 3514 3515
l 3515 3516
l 3516 3517
l 3517 3518
l 3518 3519
l 3519 3520
l 3520 3521
l 3521 3522
l 3522 3523
l 3523 3524
l 3524 3525
l 3525 3526
l 3526 3527
l 3527 3528
l 3528 3529
l 3529 3530
l 3530 3531
l 3531 3532
l 3532 3533
l 3533 3534
l 3534 3535
l 3535 3536
l 3536 3537
l 3537 3538
l 3538 3539
l 3539 3540
l 3540 3541
l 3541 3542
l 3542 3543
l 3543 3544
l 3544 3545
l 3545 3546
l 3546 3547
l 3547 3548
l 3548 3549
l 3549 3550
l 3550 3551
l 3551 3552
l 3552 3553
l 3553 3554
l 3554 3555
l 3555 3556
l 3556 3557
l 3557 3558
l 3558 3559
l 3559 3560
l 3560 3561
l 3561 3562
l 3562 3563
l 3563 3564
l 3564 3565
l 3565 3566
l 3566 3567
l 3567 3568
l 3568 3569
l 3569 3570
l 3570 3571
l 3571 3572
l 3572 3573
l 3573 3574
l 3574 3575
l 3575 3576
l 3576 3577
l 3577 3578
l 3578 3579
l 3579 3580
l 3580 3581
l 3581 3582
l 3582 3583
l 3583 3584
l 3584 3585
l 3585 3586
l 3586 3587
l 3587 3588
l 3588 3589
l 3589 3590
l 3590 3591
l 3591 3592
l 3592 3593
l 3593 3594
l 3594 3595
l 3595 3596
l 3596 3597
l 3597 3598
l 3598 3599
l 3599 3600
l 3600 3601
l 3601 3602
l 3602 3603
l 3603 3604
l 3604 3605
l 3605 3606
l 3606 3607
l 3607 3608
l 3608 3609
l 3609 3610
l 3610 3611
l 3611 3612
l 3612 3613
l 3613 3614
l 3614 3615
l 3615 3616
l 3616 3617
l 3617 3618
l 3618 3619
l 3619 3620
l 3620 3621
l 3621 3622
l 3622 3623
l 3623 3624
l 3624 3625
l 3625 3626
l 3626 3627
l 3627 3628
l 3628 3629
l 3629 3630
l 3630 3631
l 3631 3632
l 3632 3633
l 3633 3634
l 3634 3635
l 3635 3636
l 3636 3637
l 3637 3638
l 3638 3639
l 3639 3640
l 3640 3641
l 3641 3642
l 3642 3643
l 3643 3644
l 3644 3645
l 3645 3646
l 3646 3647
l 3647 3648
l 3648 3649
l 3649 3650
l 3650 3651
l 3651 3652
l 3652 3653
l 3653 3654
l 3654 3655
l 3655 3656
l 3656 3657
l 3657 3658
l 3658 3659
l 3659 3660
l 3660 3661
l 3661 3662
l 3662 3663
l 3663 3664
l 3664 3665
l 3665 3666
l 3666 3667
l 3667 3668
l 3668 3669
l 3669 3670
l 3670 3671
l 3671 3672
l 3672 3673
l 3673 3674
l 3674 3675
l 3675 3676
l 3676 3677
l 3677 3678
l 3678 3679
l 3679 3680
l 3680 3681
l 3681 3682
l 3682 3683
l 3683 3684
l 3684 3685
l 3685 3686
l 3686 3687
l 3687 3688
l 3688 3689
l 3689 3690
l 3690 3691
l 3691 3692
l 3692 3693
l 3693 3694
l 3694 3695
l 3695 3696
l 3696 3697
l 3697 3698
l 3698 3699
l 3699 3700
l 3700 3701
l 3701 3702
l 3702 3703
l 3703 3704
l 3704 3705
l 3705 3706
l 3706 3707
l 3707 3708
l 3708 3709
l 3709 3710
l 3710 3711
l 3711 3712
l 3712 3713
l 3713 3714
l 3714 3715
l 3715 3716
l 3716 3717
l 3717 3718
l 3718 3719
l 3719 3720
l 3720 3721
l 3721 3722
l 3722 3723
l 3723 3724
l 3724 3725
l 3725 3726
l 3726 3727
l 3727 3728
l 3728 3729
l 3729 3730
l 3730 3731
l 3731 3732
l 3732 3733
l 3733 3734
l 3734 3735
l 3735 3736
l 3736 3737
l 3737 3738
l 3738 3739
l 3739 3740
l 3740 3741
l 3741 3742
l 3742 3743
l 3743 3744
l 3744 3745
l 3745 3746
l 3746 3747
l 3747 3748
l 3748 3749
l 3749 3750
l 3750 3751
l 3751 3752
l 3752 3753
l 3753 3754
l 3754 3755
l 3755 3756
l 3756 3757
l 3757 3758
l 3758 3759
l 3759 3760
l 3760 3761
l 3761 3762
l 3762 3763
l 3763 3764
l 3764 3765
l 3765 3766
l 3766 3767
l 3767 3768
l 3768 3769
l 3769 3770
l 3770 3771
l 3771 3772
l 3772 3773
l 3773 3774
l 3774 3775
l 3775 3776
l 3776 3777
l 3777 3778
l 3778 3779
l 3779 3780
l 3780 3781
l 3781 3782
l 3782 3783
l 3783 3784
l 3784 3785
l 3785 3786
l 3786 3787
l 3787 3788
l 3788 3789
l 3789 3790
l 3790 3791
l 3791 3792
l 3792 3793
l 3793 3794
l 3794 3795
l 3795 3796
l 3796 3797
l 3797 3798
l 3798 3799
l 3799 3800
l 3800 3801
l 3801 3802
l 3802 3803
l 3803 3804
l 3804 3805
l 3805 3806
l 3806 3807
l 3807 3808
l 3808 3809
l 3809 3810
l 3810 3811
l 3811 3812
l 3812 3813
l 3813 3814
l 3814 3815
l 3815 3816
l 3816 3817
l 3817 3818
l 3818 3819
l 3819 3820
l 3820 3821
l 3821 3822
l 3822 3823
l 3823 3824
l 3824 3825
l 3825 3826
l 3826 3827
l 3827 3828
l 3828 3829
l 3829 3830
l 3830 3831
l 3831 3832
l 3832 3833
l 3833 3834
l 3834 3835
l 3835 3836
l 3836 3837
l 3837 3838
l 3838 3839
l 3839 3840
l 3840 3841
l 3841 3842
l 3842 3843
l 3843 3844
l 3844 3845
l 3845 3846
l 3846 3847
l 3847 3848
l 3848 3849
l 3849 3850
l 3850 3851
l 3851 3852
l 3852 3853
l 3853 3854
l 3854 3855
l 3855 3856
l 3856 3857
l 3857 3858
l 3858 3859
l 3859 3860
l 3860 3861
l 3861 3862
l 3862 3863
l 3863 3864
l 3864 3865
l 3865 3866
l 3866 3867
l 3867 3868
l 3868 3869
l 3869 3870
l 3870 3871
l 3871 3872
l 3872 3873
l 3873 3874
l 3874 3875
l 3875 3876
l 3876 3877
l 3877 3878
l 3878 3879
l 3879 3880
l 3880 3881
l 3881 3882
l 3882 3883
l 3883 3884
l 3884 3885
l 3885 3886
l 3886 3887
l 3887 3888
l 3888 3889
l 3889 3890
l 3890 3891
l 3891 3892
l 3892 3893
l 3893 3894
l 3894 3895
l 3895 3896
l 3896 3897
l 3897 3898
l 3898 3899
l 3899 3900
l 3900 3901
l 3901 3902
l 3902 3903
l 3903 3904
l 3904 3905
l 3905 3906
l 3906 3907
l 3907 3908
l 3908 3909
l 3909 3910
l 3910 3911
l 3911 3912
l 3912 3913
l 3913 3914
l 3914 3915
l 3915 3916
l 3916 3917
l 3917 3918
l 3918 3919
l 3919 3920
l 3920 3921
l 3921 3922
l 3922 3923
l 3923 3924
l 3924 3925
l 3925 3926
l 3926 3927
l 3927 3928
l 3928 3929
l 3929 3930
l 3930 3931
l 3931 3932
l 3932 3933
l 3933 3934
l 3934 3935
l 3935 3936
l 3936 3937
l 3937 3938
l 3938 3939
l 3939 3940
l 3940 3941
l 3941 3942
l 3942 3943
l 3943 3944
l 3944 3945
l 3945 3946
l 3946 3947
l 3947 3948
l 3948 3949
l 3949 3950
l 3950 3951
l 3951 3952
l 3952 3953
l 3953 3954
l 3954 3955
l 3955 3956
l 3956 3957
l 3957 3958
l 3958 3959
l 3959 3960
l 3960 3961
l 3961 3962
l 3962 3963
l 3963 3964
l 3964 3965
l 3965 3966
l 3966 3967
l 3967 3968
l 3968 3969
l 3969 3970
l 3970 3971
l 3971 3972
l 3972 3973
l 3973 3974
l 3974 3975
l 3975 3976
l 3976 3977
l 3977 3978
l 3978 3979
l 3979 3980
l 3980 3981
l 3981 3982
l 3982 3983
l 3983 3984
l 3984 3985
l 3985 3986
l 3986 3987
l 3987 3988
l 3988 3989
l 3989 3990
l 3990 3991
l 3991 3992
l 3992 3993
l 3993 3994
l 3994 3995
l 3995 3996
l 3996 3997
l 3997 3998
l 3998 3999
l 3999 4000
l 4000 4001
l 4001 4002
l 4002 4003
l 4003 4004
l 4004 4005
l 4005 4006
l 4006 4007
l 4007 4008
l 4008 4009
l 4009 4010
l 4010 4011
l 4011 4012
l 4012 4013
l 4013 4014
l 4014 4015
l 4015 4016
l 4016 4017
l 4017 4018
l 4018 4019
l 4019 4020
l 4020 4021
l 4021 4022
l 4022 4023
l 4023 4024
l 4024 4025
l 4025 4026
l 4026 4027
l 4027 4028
l 4028 4029
l 4029 4030
l 4030 4031
l 4031 4032
l 4032 4033
l 4033 4034
l 4034 4035
l 4035 4036
l 4036 4037
l 4037 4038
l 4038 4039
l 4039 4040
l 4040 4041
l 4041 4042
l 4042 4043
l 4043 4044
l 4044 4045
l 4045 4046
l 4046 4047
l 4047 4048
l 4048 4049
l 4049 4050
l 4050 4051
l 4051 4052
l 4052 4053
l 4053 4054
l 4054 4055
l 4055 4056
l 4056 4057
l 4057 4058
l 4058 4059
l 4059 4060
l 4060 4061
l 4061 4062
l 4062 4063
l 4063 4064
l 4064 4065
l 4065 4066
l 4066 4067
l 4067 4068
l 4068 4069
l 4069 4070
l 4070 4071
l 4071 4072
l 4072 4073
l 4073 4074
l 4074 4075
l 4075 4076
l 4076 4077
l 4077 4078
l 4078 4079
l 4079 4080
l 4080 4081
l 4081 4082
l 4082 4083
l 4083 4084
l 4084 4085
l 4085 4086
l 4086 4087
l 4087 4088
l 4088 4089
l 4089 4090
l 4090 4091
l 4091 4092
l 4092 4093
l 4093 4094
l 4094 4095
l 4095 4096
l 4096 4097
l 4097 4098
l 4098 4099
l 4099 4100
l 4100 4101
l 4101 4102
l 4102 4103
l 4103 4104
l 4104 4105
l 4105 4106
l 4106 4107
l 4107 4108
l 4108 4109
l 4109 4110
l 4110 4111
l 4111 4112
l 4112 4113
l 4113 4114
l 4114 4115
l 4115 4116
l 4116 4117
l 4117 4118
l 4118 4119
l 4119 4120
l 4120 4121
l 4121 4122
l 4122 4123
l 4123 4124
l 4124 4125
l 4125 4126
l 4126 4127
l 4127 4128
l 4128 4129
l 4129 4130
l 4130 4131
l 4131 4132
l 4132 4133
l 4133 4134
l 4134 4135
l 4135 4136
l 4136 4137
l 4137 4138
l 4138 4139
l 4139 4140
l 4140 4141
l 4141 4142
l 4142 4143
l 4143 4144
l 4144 4145
l 4145 4146
l 4146 4147
l 4147 4148
l 4148 4149
l 4149 4150
l 4150 4151
l 4151 4152
l 4152 4153
l 4153 4154
l 4154 4155
l 4155 4156
l 4156 4157
l 4157 4158
l 4158 4159
l 4159 4160
l 4160 4161
l 4161 4162
l 4162 4163
l 4163 4164
l 4164 4165
l 4165 4166
l 4166 4167
l 4167 4168
l 4168 4169
l 4169 4170
l 4170 4171
l 4171 4172
l 4172 4173
l 4173 4174
l 4174 4175
l 4175 4176
l 4176 4177
l 4177 4178
l 4178 4179
l 4179 4180
l 4180 4181
l 4181 4182
l 4182 4183
l 4183 4184
l 4184 4185
l 4185 4186
l 4186 4187
l 4187 4188
l 4188 4189
l 4189 4190
l 4190 4191
l 4191 4192
l 4192 4193
l 4193 4194
l 4194 4195
l 4195 4196
l 4196 4197
l 4197 4198
l 4198 4199
l 4199 4200
l 4200 4201
l 4201 4202
l 4202 4203
l 4203 4204
l 4204 4205
l 4205 4206
l 4206 4207
l 4207 4208
l 4208 4209
l 4209 4210
l 4210 4211
l 4211 4212
l 4212 4213
l 4213 4214
l 4214 4215
l 4215 4216
l 4216 4217
l 4217 4218
l 4218 4219
l 4219 4220
l 4220 4221
l 4221 4222
l 4222 4223
l 4223 4224
l 4224 4225
l 4225 4226
l 4226 4227
l 4227 4228
l 4228 4229
l 4229 4230
l 4230 4231
l 4231 4232
l 4232 4233
l 4233 4234
l 4234 4235
l 4235 4236
l 4236 4237
l 4237 4238
l 4238 4239
l 4239 4240
l 4240 4241
l 4241 4242
l 4242 4243
l 4243 4244
l 4244 4245
l 4245 4246
l 4246 4247
l 4247 4248
l 4248 4249
l 4249 4250
l 4250 4251
l 4251 4252
l 4252 4253
l 4253 4254
l 4254 4255
l 4255 4256
l 4256 4257
l 4257 4258
l 4258 4259
l 4259 4260
l 4260 4261
l 4261 4262
l 4262 4263
l 4263 4264
l 4264 4265
l 4265 4266
l 4266 4267
l 4267 4268
l 4268 4269
l 4269 4270
l 4270 4271
l 4271 4272
l 4272 4273
l 4273 4274
l 4274 4275
l 4275 4276
l 4276 4277
l 4277 4278
l 4278 4279
l 4279 4280
l 4280 4281
l 4281 4282
l 4282 4283
l 4283 4284
l 4284 4285
l 4285 4286
l 4286 4287
l 4287 4288
l 4288 4289
l 4289 4290
l 4290 4291
l 4291 4292
l 4292 4293
l 4293 4294
l 4294 4295
l 4295 4296
l 4296 4297
l 4297 4298
l 4298 4299
l 4299 4300
l 4300 4301
l 4301 4302
l 4302 4303
l 4303 4304
l 4304 4305
l 4305 4306
l 4306 4307
l 4307 4308
l 4308 4309
l 4309 4310
l 4310 4311
l 4311 4312
l 4312 4313
l 4313 4314
l 4314 4315
l 4315 4316
l 4316 4317
l 4317 4318
l 4318 4319
l 4319 4320
l 4320 4321
l 4321 4322
l 4322 4323
l 4323 4324
l 4324 4325
l 4325 4326
l 4326 4327
l 4327 4328
l 4328 4329
l 4329 4330
l 4330 4331
l 4331 4332
l 4332 4333
l 4333 4334
l 4334 4335
l 4335 4336
l 4336 4337
l 4337 4338
l 4338 4339
l 4339 4340
l 4340 4341
l 4341 4342
l 4342 4343
l 4343 4344
l 4344 4345
l 4345 4346
l 4346 4347
l 4347 4348
l 4348 4349
l 4349 4350
l 4350 4351
l 4351 4352
l 4352 4353
l 4353 4354
l 4354 4355
l 4355 4356
l 4356 4357
l 4357 4358
l 4358 4359
l 4359 4360
l 4360 4361
l 4361 4362
l 4362 4363
l 4363 4364
l 4364 4365
l 4365 4366
l 4366 4367
l 4367 4368
l 4368 4369
l 4369 4370
l 4370 4371
l 4371 4372
l 4372 4373
l 4373 4374
l 4374 4375
l 4375 4376
l 4376 4377
l 4377 4378
l 4378 4379
l 4379 4380
l 4380 4381
l 4381 4382
l 4382 4383
l 4383 4384
l 4384 4385
l 4385 4386
l 4386 4387
l 4387 4388
l 4388 4389
l 4389 4390
l 4390 4391
l 4391 4392
l 4392 4393
l 4393 4394
l 4394 4395
l 4395 4396
l 4396 4397
l 4397 4398
l 4398 4399
l 4399 4400
l 4400 4401
l 4401 4402
l 4402 4403
l 4403 4404
l 4404 4405
l 4405 4406
l 4406 4407
l 4407 4408
l 4408 4409
l 4409 4410
l 4410 4411
l 4411 4412
l 4412 4413
l 4413 4414
l 4414 4415
l 4415 4416
l 4416 4417
l 4417 4418
l 4418 4419
l 4419 4420
l 4420 4421
l 4421 4422
l 4422 4423
l 4423 4424
l 4424 4425
l 4425 4426
l 4426 4427
l 4427 4428
l 4428 4429
l 4429 4430
l 4430 4431
l 4431 4432
l 4432 4433
l 4433 4434
l 4434 4435
l 4435 4436
l 4436 4437
l 4437 4438
l 4438 4439
l 4439 4440
l 4440 4441
l 4441 4442
l 4442 4443
l 4443 4444
l 4444 4445
l 4445 4446
l 4446 4447
l 4447 4448
l 4448 4449
l 4449 4450
l 4450 4451
l 4451 4452
l 4452 4453
l 4453 4454
l 4454 4455
l 4455 4456
l 4456 4457
l 4457 4458
l 4458 4459
l 4459 4460
l 4460 4461
l 4461 4462
l 4462 4463
l 4463 4464
l 4464 4465
l 4465 4466
l 4466 4467
l 4467 4468
l 4468 4469
l 4469 4470
l 4470 4471
l 4471 4472
l 4472 4473
l 4473 4474
l 4474 4475
l 4475 4476
l 4476 4477
l 4477 4478
l 4478 4479
l 4479 4480
l 4480 4481
l 4481 4482
l 4482 4483
l 4483 4484
l 4484 4485
l 4485 4486
l 4486 4487
l 4487 4488
l 4488 4489
l 4489 4490
l 4490 4491
l 4491 4492
l 4492 4493
l 4493 4494
l 4494 4495
l 4495 4496
l 4496 4497
l 4497 4498
l 4498 4499
l 4499 4500
l 4500 4501
l 4501 4502
l 4502 4503
l 4503 4504
l 4504 4505
l 4505 4506
l 4506 4507
l 4507 4508
l 4508 4509
l 4509 4510
l 4510 4511
l 4511 4512
l 4512 4513
l 4513 4514
l 4514 4515
l 4515 4516
l 4516 4517
l 4517 4518
l 4518 4519
l 4519 4520
l 4520 4521
l 4521 4522
l 4522 4523
l 4523 4524
l 4524 4525
l 4525 4526
l 4526 4527
l 4527 4528
l 4528 4529
l 4529 4530
l 4530 4531
l 4531 4532
l 4532 4533
l 4533 4534
l 4534 4535
l 4535 4536
l 4536 4537
l 4537 4538
l 4538 4539
l 4539 4540
l 4540 4541
l 4541 4542
l 4542 4543
l 4543 4544
l 4544 4545
l 4545 4546
l 4546 4547
l 4547 4548
l 4548 4549
l 4549 4550
l 4550 4551
l 4551 4552
l 4552 4553
l 4553 4554
l 4554 4555
l 4555 4556
l 4556 4557
l 4557 4558
l 4558 4559
l 4559 4560
l 4560 4561
l 4561 4562
l 4562 4563
l 4563 4564
l 4564 4565
l 4565 4566
l 4566 4567
l 4567 4568
l 4568 4569
l 4569 4570
l 4570 4571
l 4571 4572
l 4572 4573
l 4573 4574
l 4574 4575
l 4575 4576
l 4576 4577
l 4577 4578
l 4578 4579
l 4579 4580
l 4580 4581
l 4581 4582
l 4582 4583
l 4583 4584
l 4584 4585
l 4585 4586
l 4586 4587
l 4587 4588
l 4588 4589
l 4589 4590
l 4590 4591
l 4591 4592
l 4592 4593
l 4593 4594
l 4594 4595
l 4595 4596
l 4596 4597
l 4597 4598
l 4598 4599
l 4599 4600
l 4600 4601
l 4601 4602
l 4602 4603
l 4603 4604
l 4604 4605
l 4605 4606
l 4606 4607
l 4607 4608
l 4608 4609
l 4609 4610
l 4610 4611
l 4611 4612
l 4612 4613
l 4613 4614
l 4614 4615
l 4615 4616
l 4616 4617
l 4617 4618
l 4618 4619
l 4619 4620
l 4620 4621
l 4621 4622
l 4622 4623
l 4623 4624
l 4624 4625
l 4625 4626
l 4626 4627
l 4627 4628
l 4628 4629
l 4629 4630
l 4630 4631
l 4631 4632
l 4632 4633
l 4633 4634
l 4634 4635
l 4635 4636
l 4636 4637
l 4637 4638
l 4638 4639
l 4639 4640
l 4640 4641
l 4641 4642
l 4642 4643
l 4643 4644
l 4644 4645
l 4645 4646
l 4646 4647
l 4647 4648
l 4648 4649
l 4649 4650
l 4650 4651
l 4651 4652
l 4652 4653
l 4653 4654
l 4654 4655
l 4655 4656
l 4656 4657
l 4657 4658
l 4658 4659
l 4659 4660
l 4660 4661
l 4661 4662
l 4662 4663
l 4663 4664
l 4664 4665
l 4665 4666
l 4666 4667
l 4667 4668
l 4668 4669
l 4669 4670
l 4670 4671
l 4671 4672
l 4672 4673
l 4673 4674
l 4674 4675
l 4675 4676
l 4676 4677
l 4677 4678
l 4678 4679
l 4679 4680
l 4680 4681
l 4681 4682
l 4682 4683
l 4683 4684
l 4684 4685
l 4685 4686
l 4686 4687
l 4687 4688
l 4688 4689
l 4689 4690
l 4690 4691
l 4691 4692
l 4692 4693
l 4693 4694
l 4694 4695
l 4695 4696
l 4696 4697
l 4697 4698
l 4698 4699
l 4699 4700
l 4700 4701
l 4701 4702
l 4702 4703
l 4703 4704
l 4704 4705
l 4705 4706
l 4706 4707
l 4707 4708
l 4708 4709
l 4709 4710
l 4710 4711
l 4711 4712
l 4712 4713
l 4713 4714
l 4714 4715
l 4715 4716
l 4716 4717
l 4717 4718
l 4718 4719
l 4719 4720
l 4720 4721
l 4721 4722
l 4722 4723
l 4723 4724
l 4724 4725
l 4725 4726
l 4726 4727
l 4727 4728
l 4728 4729
l 4729 4730
l 4730 4731
l 4731 4732
l 4732 4733
l 4733 4734
l 4734 4735
l 4735 4736
l 4736 4737
l 4737 4738
l 4738 4739
l 4739 4740
l 4740 4741
l 4741 4742
l 4742 4743
l 4743 4744
l 4744 4745
l 4745 4746
l 4746 4747
l 4747 4748
l 4748 4749
l 4749 4750
l 4750 4751
l 4751 4752
l 4752 4753
l 4753 4754
l 4754 4755
l 4755 4756
l 4756 4757
l 4757 4758
l 4758 4759
l 4759 4760
l 4760 4761
l 4761 4762
l 4762 4763
l 4763 4764
l 4764 4765
l 4765 4766
l 4766 4767
l 4767 4768
l 4768 4769
l 4769 4770
l 4770 4771
l 4771 4772
l 4772 4773
l 4773 4774
l 4774 4775
l 4775 4776
l 4776 4777
l 4777 4778
l 4778 4779
l 4779 4780
l 4780 4781
l 4781 4782
l 4782 4783
l 4783 4784
l 4784 4785
l 4785 4786
l 4786 4787
l 4787 4788
l 4788 4789
l 4789 4790
l 4790 4791
l 4791 4792
l 4792 4793
l 4793 4794
l 4794 4795
l 4795 4796
l 4796 4797
l 4797 4798
l 4798 4799
l 4799 4800
l 4800 4801
l 4801 4802
l 4802 4803
l 4803 4804
l 4804 4805
l 4805 4806
l 4806 4807
l 4807 4808
l 4808 4809
l 4809 4810
l 4810 4811
l 4811 4812
l 4812 4813
l 4813 4814
l 4814 4815
l 4815 4816
l 4816 4817
l 4817 4818
l 4818 4819
l 4819 4820
l 4820 4821
l 4821 4822
l 4822 4823
l 4823 4824
l 4824 4825
l 4825 4826
l 4826 4827
l 4827 4828
l 4828 4829
l 4829 4830
l 4830 4831
l 4831 4832
l 4832 4833
l 4833 4834
l 4834 4835
l 4835 4836
l 4836 4837
l 4837 4838
l 4838 4839
l 4839 4840
l 4840 4841
l 4841 4842
l 4842 4843
l 4843 4844
l 4844 4845
l 4845 4846
l 4846 4847
l 4847 4848
l 4848 4849
l 4849 4850
l 4850 4851
l 4851 4852
l 4852 4853
l 4853 4854
l 4854 4855
l 4855 4856
l 4856 4857
l 4857 4858
l 4858 4859
l 4859 4860
l 4860 4861
l 4861 4862
l 4862 4863
l 4863 4864
l 4864 4865
l 4865 4866
l 4866 4867
l 4867 4868
l 4868 4869
l 4869 4870
l 4870 4871
l 4871 4872
l 4872 4873
l 4873 4874
l 4874 4875
l 4875 4876
l 4876 4877
l 4877 4878
l 4878 4879
l 4879 4880
l 4880 4881
l 4881 4882
l 4882 4883
l 4883 4884
l 4884 4885
l 4885 4886
l 4886 4887
l 4887 4888
l 4888 4889
l 4889 4890
l 4890 4891
l 4891 4892
l 4892 4893
l 4893 4894
l 4894 4895
l 4895 4896
l 4896 4897
l 4897 4898
l 4898 4899
l 4899 4900
l 4900 4901
l 4901 4902
l 4902 4903
l 4903 4904
l 4904 4905
l 4905 4906
l 4906 4907
l 4907 4908
l 4908 4909
l 4909 4910
l 4910 4911
l 4911 4912
l 4912 4913
l 4913 4914
l 4914 4915
l 4915 4916
l 4916 4917
l 4917 4918
l 4918 4919
l 4919 4920
l 4920 4921
l 4921 4922
l 4922 4923
l 4923 4924
l 4924 4925
l 4925 4926
l 4926 4927
l 4927 4928
l 4928 4929
l 4929 4930
l 4930 4931
l 4931 4932
l 4932 4933
l 4933 4934
l 4934 4935
l 4935 4936
l 4936 4937
l 4937 4938
l 4938 4939
l 4939 4940
l 4940 4941
l 4941 4942
l 4942 4943
l 4943 4944
l 4944 4945
l 4945 4946
l 4946 4947
l 4947 4948
l 4948 4949
l 4949 4950
l 4950 4951
l 4951 4952
l 4952 4953
l 4953 4954
l 4954 4955
l 4955 4956
l 4956 4957
l 4957 4958
l 4958 4959
l 4959 4960
l 4960 4961
l 4961 4962
l 4962 4963
l 4963 4964
l 4964 4965
l 4965 4966
l 4966 4967
l 4967 4968
l 4968 4969
l 4969 4970
l 4970 4971
l 4971 4972
l 4972 4973
l 4973 4974
l 4974 4975
l 4975 4976
l 4976 4977
l 4977 4978
l 4978 4979
l 4979 4980
l 4980 4981
l 4981 4982
l 4982 4983
l 4983 4984
l 4984 4985
l 4985 4986
l 4986 4987
l 4987 4988
l 4988 4989
l 4989 4990
l 4990 4991
l 4991 4992
l 4992 4993
l 4993 4994
l 4994 4995
l 4995 4996
l 4996 4997
l 4997 4998
l 4998 4999
l 4999 5000
l 5000 5001
l 5001 5002
l 5002 5003
l 5003 5004
l 5004 5005
l 5005 5006
l 5006 5007
l 5007 5008
l 5008 5009
l 5009 5010
l 5010 5011
l 5011 5012
l 5012 5013
l 5013 5014
l 5014 5015
l 5015 5016
l 5016 5017
l 5017 5018
l 5018 5019
l 5019 5020
l 5020 5021
l 5021 5022
l 5022 5023
l 5023 5024
l 5024 5025
l 5025 5026
l 5026 5027
l 5027 5028
l 5028 5029
l 5029 5030
l 5030 5031
l 5031 5032
l 5032 5033
l 5033 5034
l 5034 5035
l 5035 5036
l 5036 5037
l 5037 5038
l 5038 5039
l 5039 5040
l 5040 5041
l 5041 5042
l 5042 5043
l 5043 5044
l 5044 5045
l 5045 5046
l 5046 5047
l 5047 5048
l 5048 5049
l 5049 5050
l 5050 5051
l 5051 5052
l 5052 5053
l 5053 5054
l 5054 5055
l 5055 5056
l 5056 5057
l 5057 5058
l 5058 5059
l 5059 5060
l 5060 5061
l 5061 5062
l 5062 5063
l 5063 5064
l 5064 5065
l 5065 5066
l 5066 5067
l 5067 5068
l 5068 5069
l 5069 5070
l 5070 5071
l 5071 5072
l 5072 5073
l 5073 5074
l 5074 5075
l 5075 5076
l 5076 5077
l 5077 5078
l 5078 5079
l 5079 5080
l 5080 5081
l 5081 5082
l 5082 5083
l 5083 5084
l 5084 5085
l 5085 5086
l 5086 5087
l 5087 5088
l 5088 5089
l 5089 5090
l 5090 5091
l 5091 5092
l 5092 5093
l 5093 5094
l 5094 5095
l 5095 5096
l 5096 5097
l 5097 5098
l 5098 5099
l 5099 5100
l 5100 5101
l 5101 5102
l 5102 5103
l 5103 5104
l 5104 5105
l 5105 5106
l 5106 5107
l 5107 5108
l 5108 5109
l 5109 5110
l 5110 5111
l 5111 5112
l 5112 5113
l 5113 5114
l 5114 5115
l 5115 5116
l 5116 5117
l 5117 5118
l 5118 5119
l 5119 5120
l 5120 5121
l 5121 5122
l 5122 5123
l 5123 5124
l 5124 5125
l 5125 5126
l 5126 5127
l 5127 5128
l 5128 5129
l 5129 5130
l 5130 5131
l 5131 5132
l 5132 5133
l 5133 5134
l 5134 5135
l 5135 5136
l 5136 5137
l 5137 5138
l 5138 5139
l 5139 5140
l 5140 5141
l 5141 5142
l 5142 5143
l 5143 5144
l 5144 5145
l 5145 5146
l 5146 5147
l 5147 5148
l 5148 5149
l 5149 5150
l 5150 5151
l 5151 5152
l 5152 5153
l 5153 5154
l 5154 5155
l 5155 5156
l 5156 5157
l 5157 5158
l 5158 5159
l 5159 5160
l 5160 5161
l 5161 5162
l 5162 5163
l 5163 5164
l 5164 5165
l 5165 5166
l 5166 5167
l 5167 5168
l 5168 5169
l 5169 5170
l 5170 5171
l 5171 5172
l 5172 5173
l 5173 5174
l 5174 5175
l 5175 5176
l 5176 5177
l 5177 5178
l 5178 5179
l 5179 5180
l 5180 5181
l 5181 5182
l 5182 5183
l 5183 5184
l 5184 5185
l 5185 5186
l 5186 5187
l 5187 5188
l 5188 5189
l 5189 5190
l 5190 5191
l 5191 5192
l 5192 5193
l 5193 5194
l 5194 5195
l 5195 5196
l 5196 5197
l 5197 5198
l 5198 5199
l 5199 5200
l 5200 5201
l 5201 5202
l 5202 5203
l 5203 5204
l 5204 5205
l 5205 5206
l 5206 5207
l 5207 5208
l 5208 5209
l 5209 5210
l 5210 5211
l 5211 5212
l 5212 5213
l 5213 5214
l 5214 5215
l 5215 5216
l 5216 5217
l 5217 5218
l 5218 5219
l 5219 5220
l 5220 5221
l 5221 5222
l 5222 5223
l 5223 5224
l 5224 5225
l 5225 5226
l 5226 5227
l 5227 5228
l 5228 5229
l 5229 5230
l 5230 5231
l 5231 5232
l 5232 5233
l 5233 5234
l 5234 5235
l 5235 5236
l 5236 5237
l 5237 5238
l 5238 5239
l 5239 5240
l 5240 5241
l 5241 5242
l 5242 5243
l 5243 5244
l 5244 5245
l 5245 5246
l 5246 5247
l 5247 5248
l 5248 5249
l 5249 5250
l 5250 5251
l 5251 5252
l 5252 5253
l 5253 5254
l 5254 5255
l 5255 5256
l 5256 5257
l 5257 5258
l 5258 5259
l 5259 5260
l 5260 5261
l 5261 5262
l 5262 5263
l 5263 5264
l 5264 5265
l 5265 5266
l 5266 5267
l 5267 5268
l 5268 5269
l 5269 5270
l 5270 5271
l 5271 5272
l 5272 5273
l 5273 5274
l 5274 5275
l 5275 5276
l 5276 5277
l 5277 5278
l 5278 5279
l 5279 5280
l 5280 5281
l 5281 5282
l 5282 5283
l 5283 5284
l 5284 5285
l 5285 5286
l 5286 5287
l 5287 5288
l 5288 5289
l 5289 5290
l 5290 5291
l 5291 5292
l 5292 5293
l 5293 5294
l 5294 5295
l 5295 5296
l 5296 5297
l 5297 5298
l 5298 5299
l 5299 5300
l 5300 5301
l 5301 5302
l 5302 5303
l 5303 5304
l 5304 5305
l 5305 5306
l 5306 5307
l 5307 5308
l 5308 5309
l 5309 5310
l 5310 5311
l 5311 5312
l 5312 5313
l 5313 5314
l 5314 5315
l 5315 5316
l 5316 5317
l 5317 5318
l 5318 5319
l 5319 5320
l 5320 5321
l 5321 5322
l 5322 5323
l 5323 5324
l 5324 5325
l 5325 5326
l 5326 5327
l 5327 5328
l 5328 5329
l 5329 5330
l 5330 5331
l 5331 5332
l 5332 5333
l 5333 5334
l 5334 5335
l 5335 5336
l 5336 5337
l 5337 5338
l 5338 5339
l 5339 5340
l 5340 5341
l 5341 5342
l 5342 5343
l 5343 5344
l 5344 5345
l 5345 5346
l 5346 5347
l 5347 5348
l 5348 5349
l 5349 5350
l 5350 5351
l 5351 5352
l 5352 5353
l 5353 5354
l 5354 5355
l 5355 5356
l 5356 5357
l 5357 5358
l 5358 5359
l 5359 5360
l 5360 5361
l 5361 5362
l 5362 5363
l 5363 5364
l 5364 5365
l 5365 5366
l 5366 5367
l 5367 5368
l 5368 5369
l 5369 5370
l 5370 5371
l 5371 5372
l 5372 5373
l 5373 5374
l 5374 5375
l 5375 5376
l 5376 5377
l 5377 5378
l 5378 5379
l 5379 5380
l 5380 5381
l 5381 5382
l 5382 5383
l 5383 5384
l 5384 5385
l 5385 5386
l 5386 5387
l 5387 5388
l 5388 5389
l 5389 5390
l 5390 5391
l 5391 5392
l 5392 5393
l 5393 5394
l 5394 5395
l 5395 5396
l 5396 5397
l 5397 5398
l 5398 5399
l 5399 5400
l 5400 5401
l 5401 5402
l 5402 5403
l 5403 5404
l 5404 5405
l 5405 5406
l 5406 5407
l 5407 5408
l 5408 5409
l 5409 5410
l 5410 5411
l 5411 5412
l 5412 5413
l 5413 5414
l 5414 5415
l 5415 5416
l 5416 5417
l 5417 5418
l 5418 5419
l 5419 5420
l 5420 5421
l 5421 5422
l 5422 5423
l 5423 5424
l 5424 5425
l 5425 5426
l 5426 5427
l 5427 5428
l 5428 5429
l 5429 5430
l 5430 5431
l 5431 5432
l 5432 5433
l 5433 5434
l 5434 5435
l 5435 5436
l 5436 5437
l 5437 5438
l 5438 5439
l 5439 5440
l 5440 5441
l 5441 5442
l 5442 5443
l 5443 5444
l 5444 5445
l 5445 5446
l 5446 5447
l 5447 5448
l 5448 5449
l 5449 5450
l 5450 5451
l 5451 5452
l 5452 5453
l 5453 5454
l 5454 5455
l 5455 5456
l 5456 5457
l 5457 5458
l 5458 5459
l 5459 5460
l 5460 5461
l 5461 5462
l 5462 5463
l 5463 5464
l 5464 5465
l 5465 5466
l 5466 5467
l 5467 5468
l 5468 5469
l 5469 5470
l 5470 5471
l 5471 5472
l 5472 5473
l 5473 5474
l 5474 5475
l 5475 5476
l 5476 5477
l 5477 5478
l 5478 5479
l 5479 5480
l 5480 5481
l 5481 5482
l 5482 5483
l 5483 5484
l 5484 5485
l 5485 5486
l 5486 5487
l 5487 5488
l 5488 5489
l 5489 5490
l 5490 5491
l 5491 5492
l 5492 5493
l 5493 5494
l 5494 5495
l 5495 5496
l 5496 5497
l 5497 5498
l 5498 5499
l 5499 5500
l 5500 5501
l 5501 5502
l 5502 5503
l 5503 5504
l 5504 5505
l 5505 5506
l 5506 5507
l 5507 5508
l 5508 5509
l 5509 5510
l 5510 5511
l 5511 5512
l 5512 5513
l 5513 5514
l 5514 5515
l 5515 5516
l 5516 5517
l 5517 5518
l 5518 5519
l 5519 5520
l 5520 5521
l 5521 5522
l 5522 5523
l 5523 5524
l 5524 5525
l 5525 5526
l 5526 5527
l 5527 5528
l 5528 5529
l 5529 5530
l 5530 5531
l 5531 5532
l 5532 5533
l 5533 5534
l 5534 5535
l 5535 5536
l 5536 5537
l 5537 5538
l 5538 5539
l 5539 5540
l 5540 5541
l 5541 5542
l 5542 5543
l 5543 5544
l 5544 5545
l 5545 5546
l 5546 5547
l 5547 5548
l 5548 5549
l 5549 5550
l 5550 5551
l 5551 5552
l 5552 5553
l 5553 5554
l 5554 5555
l 5555 5556
l 5556 5557
l 5557 5558
l 5558 5559
l 5559 5560
l 5560 5561
l 5561 5562
l 5562 5563
l 5563 5564
l 5564 5565
l 5565 5566
l 5566 5567
l 5567 5568
l 5568 5569
l 5569 5570
l 5570 5571
l 5571 5572
l 5572 5573
l 5573 5574
l 5574 5575
l 5575 5576
l 5576 5577
l 5577 5578
l 5578 5579
l 5579 5580
l 5580 5581
l 5581 5582
l 5582 5583
l 5583 5584
l 5584 5585
l 5585 5586
l 5586 5587
l 5587 5588
l 5588 5589
l 5589 5590
l 5590 5591
l 5591 5592
l 5592 5593
l 5593 5594
l 5594 5595
l 5595 5596
l 5596 5597
l 5597 5598
l 5598 5599
l 5599 5600
l 5600 5601
l 5601 5602
l 5602 5603
l 5603 5604
l 5604 5605
l 5605 5606
l 5606 5607
l 5607 5608
l 5608 5609
l 5609 5610
l 5610 5611
l 5611 5612
l 5612 5613
l 5613 5614
l 5614 5615
l 5615 5616
l 5616 5617
l 5617 5618
l 5618 5619
l 5619 5620
l 5620 5621
l 5621 5622
l 5622 5623
l 5623 5624
l 5624 5625
l 5625 5626
l 5626 5627
l 5627 5628
l 5628 5629
l 5629 5630
l 5630 5631
l 5631 5632
l 5632 5633
l 5633 5634
l 5634 5635
l 5635 5636
l 5636 5637
l 5637 5638
l 5638 5639
l 5639 5640
l 5640 5641
l 5641 5642
l 5642 5643
l 5643 5644
l 5644 5645
l 5645 5646
l 5646 5647
l 5647 5648
l 5648 5649
l 5649 5650
l 5650 5651
l 5651 5652
l 5652 5653
l 5653 5654
l 5654 5655
l 5655 5656
l 5656 5657
l 5657 5658
l 5658 5659
l 5659 5660
l 5660 5661
l 5661 5662
l 5662 5663
l 5663 5664
l 5664 5665
l 5665 5666
l 5666 5667
l 5667 5668
l 5668 5669
l 5669 5670
l 5670 5671
l 5671 5672
l 5672 5673
l 5673 5674
l 5674 5675
l 5675 5676
l 5676 5677
l 5677 5678
l 5678 5679
l 5679 5680
l 5680 5681
l 5681 5682
l 5682 5683
l 5683 5684
l 5684 5685
l 5685 5686
l 5686 5687
l 5687 5688
l 5688 5689
l 5689 5690
l 5690 5691
l 5691 5692
l 5692 5693
l 5693 5694
l 5694 5695
l 5695 5696
l 5696 5697
l 5697 5698
l 5698 5699
l 5699 5700
l 5700 5701
l 5701 5702
l 5702 5703
l 5703 5704
l 5704 5705
l 5705 5706
l 5706 5707
l 5707 5708
l 5708 5709
l 5709 5710
l 5710 5711
l 5711 5712
l 5712 5713
l 5713 5714
l 5714 5715
l 5715 5716
l 5716 5717
l 5717 5718
l 5718 5719
l 5719 5720
l 5720 5721
l 5721 5722
l 5722 5723
l 5723 5724
l 5724 5725
l 5725 5726
l 5726 5727
l 5727 5728
l 5728 5729
l 5729 5730
l 5730 5731
l 5731 5732
l 5732 5733
l 5733 5734
l 5734 5735
l 5735 5736
l 5736 5737
l 5737 5738
l 5738 5739
l 5739 5740
l 5740 5741
l 5741 5742
l 5742 5743
l 5743 5744
l 5744 5745
l 5745 5746
l 5746 5747
l 5747 5748
l 5748 5749
l 5749 5750
l 5750 5751
l 5751 5752
l 5752 5753
l 5753 5754
l 5754 5755
l 5755 5756
l 5756 5757
l 5757 5758
l 5758 5759
l 5759 5760
l 5760 5761
l 5761 5762
l 5762 5763
l 5763 5764
l 5764 5765
l 5765 5766
l 5766 5767
l 5767 5768
l 5768 5769
l 5769 5770
l 5770 5771
l 5771 5772
l 5772 5773
l 5773 5774
l 5774 5775
l 5775 5776
l 5776 5777
l 5777 5778
l 5778 5779
l 5779 5780
l 5780 5781
l 5781 5782
l 5782 5783
l 5783 5784
l 5784 5785
l 5785 5786
l 5786 5787
l 5787 5788
l 5788 5789
l 5789 5790
l 5790 5791
l 5791 5792
l 5792 5793
l 5793 5794
l 5794 5795
l 5795 5796
l 5796 5797
l 5797 5798
l 5798 5799
l 5799 5800
l 5800 5801
l 5801 5802
l 5802 5803
l 5803 5804
l 5804 5805
l 5805 5806
l 5806 5807
l 5807 5808
l 5808 5809
l 5809 5810
l 5810 5811
l 5811 5812
l 5812 5813
l 5813 5814
l 5814 5815
l 5815 5816
l 5816 5817
l 5817 5818
l 5818 5819
l 5819 5820
l 5820 5821
l 5821 5822
l 5822 5823
l 5823 5824
l 5824 5825
l 5825 5826
l 5826 5827
l 5827 5828
l 5828 5829
l 5829 5830
l 5830 5831
l 5831 5832
l 5832 5833
l 5833 5834
l 5834 5835
l 5835 5836
l 5836 5837
l 5837 5838
l 5838 5839
l 5839 5840
l 5840 5841
l 5841 5842
l 5842 5843
l 5843 5844
l 5844 5845
l 5845 5846
l 5846 5847
l 5847 5848
l 5848 5849
l 5849 5850
l 5850 5851
l 5851 5852
l 5852 5853
l 5853 5854
l 5854 5855
l 5855 5856
l 5856 5857
l 5857 5858
l 5858 5859
l 5859 5860
l 5860 5861
l 5861 5862
l 5862 5863
l 5863 5864
l 5864 5865
l 5865 5866
l 5866 5867
l 5867 5868
l 5868 5869
l 5869 5870
l 5870 5871
l 5871 5872
l 5872 5873
l 5873 5874
l 5874 5875
l 5875 5876
l 5876 5877
l 5877 5878
l 5878 5879
l 5879 5880
l 5880 5881
l 5881 5882
l 5882 5883
l 5883 5884
l 5884 5885
l 5885 5886
l 5886 5887
l 5887 5888
l 5888 5889
l 5889 5890
l 5890 5891
l 5891 5892
l 5892 5893
l 5893 5894
l 5894 5895
l 5895 5896
l 5896 5897
l 5897 5898
l 5898 5899
l 5899 5900
l 5900 5901
l 5901 5902
l 5902 5903
l 5903 5904
l 5904 5905
l 5905 5906
l 5906 5907
l 5907 5908
l 5908 5909
l 5909 5910
l 5910 5911
l 5911 5912
l 5912 5913
l 5913 5914
l 5914 5915
l 5915 5916
l 5916 5917
l 5917 5918
l 5918 5919
l 5919 5920
l 5920 5921
l 5921 5922
l 5922 5923
l 5923 5924
l 5924 5925
l 5925 5926
l 5926 5927
l 5927 5928
l 5928 5929
l 5929 5930
l 5930 5931
l 5931 5932
l 5932 5933
l 5933 5934
l 5934 5935
l 5935 5936
l 5936 5937
l 5937 5938
l 5938 5939
l 5939 5940
l 5940 5941
l 5941 5942
l 5942 5943
l 5943 5944
l 5944 5945
l 5945 5946
l 5946 5947
l 5947 5948
l 5948 5949
l 5949 5950
l 5950 5951
l 5951 5952
l 5952 5953
l 5953 5954
l 5954 5955
l 5955 5956
l 5956 5957
l 5957 5958
l 5958 5959
l 5959 5960
l 5960 5961
l 5961 5962
l 5962 5963
l 5963 5964
l 5964 5965
l 5965 5966
l 5966 5967
l 5967 5968
l 5968 5969
l 5969 5970
l 5970 5971
l 5971 5972
l 5972 5973
l 5973 5974
l 5974 5975
l 5975 5976
l 5976 5977
l 5977 5978
l 5978 5979
l 5979 5980
l 5980 5981
l 5981 5982
l 5982 5983
l 5983 5984
l 5984 5985
l 5985 5986
l 5986 5987
l 5987 5988
l 5988 5989
l 5989 5990
l 5990 5991
l 5991 5992
l 5992 5993
l 5993 5994
l 5994 5995
l 5995 5996
l 5996 5997
l 5997 5998
l 5998 5999
l 5999 6000
l 6000 6001
l 6001 6002
l 6002 6003
l 6003 6004
l 6004 6005
l 6005 6006
l 6006 6007
l 6007 6008
l 6008 6009
l 6009 6010
l 6010 6011
l 6011 6012
l 6012 6013
l 6013 6014
l 6014 6015
l 6015 6016
l 6016 6017
l 6017 6018
l 6018 6019
l 6019 6020
l 6020 6021
l 6021 6022
l 6022 6023
l 6023 6024
l 6024 6025
l 6025 6026
l 6026 6027
l 6027 6028
l 6028 6029
l 6029 6030
l 6030 6031
l 6031 6032
l 6032 6033
l 6033 6034
l 6034 6035
l 6035 6036
l 6036 6037
l 6037 6038
l 6038 6039
l 6039 6040
l 6040 6041
l 6041 6042
l 6042 6043
l 6043 6044
l 6044 6045
l 6045 6046
l 6046 6047
l 6047 6048
l 6048 6049
l 6049 6050
l 6050 6051
l 6051 6052
l 6052 6053
l 6053 6054
l 6054 6055
l 6055 6056
l 6056 6057
l 6057 6058
l 6058 6059
l 6059 6060
l 6060 6061
l 6061 6062
l 6062 6063
l 6063 6064
l 6064 6065
l 6065 6066
l 6066 6067
l 6067 6068
l 6068 6069
l 6069 6070
l 6070 6071
l 6071 6072
l 6072 6073
l 6073 6074
l 6074 6075
l 6075 6076
l 6076 6077
l 6077 6078
l 6078 6079
l 6079 6080
l 6080 6081
l 6081 6082
l 6082 6083
l 6083 6084
l 6084 6085
l 6085 6086
l 6086 6087
l 6087 6088
l 6088 6089
l 6089 6090
l 6090 6091
l 6091 6092
l 6092 6093
l 6093 6094
l 6094 6095
l 6095 6096
l 6096 6097
l 6097 6098
l 6098 6099
l 6099 6100
l 6100 6101
l 6101 6102
l 6102 6103
l 6103 6104
l 6104 6105
l 6105 6106
l 6106 6107
l 6107 6108
l 6108 6109
l 6109 6110
l 6110 6111
l 6111 6112
l 6112 6113
l 6113 6114
l 6114 6115
l 6115 6116
l 6116 6117
l 6117 6118
l 6118 6119
l 6119 6120
l 6120 6121
l 6121 6122
l 6122 6123
l 6123 6124
l 6124 6125
l 6125 6126
l 6126 6127
l 6127 6128
l 6128 6129
l 6129 6130
l 6130 6131
l 6131 6132
l 6132 6133
l 6133 6134
l 6134 6135
l 6135 6136
l 6136 6137
l 6137 6138
l 6138 6139
l 6139 6140
l 6140 6141
l 6141 6142
l 6142 6143
l 6143 6144
l 6144 6145
l 6145 6146
l 6146 6147
l 6147 6148
l 6148 6149
l 6149 6150
l 6150 6151
l 6151 6152
l 6152 6153
l 6153 6154
l 6154 6155
l 6155 6156
l 6156 6157
l 6157 6158
l 6158 6159
l 6159 6160
l 6160 6161
l 6161 6162
l 6162 6163
l 6163 6164
l 6164 6165
l 6165 6166
l 6166 6167
l 6167 6168
l 6168 6169
l 6169 6170
l 6170 6171
l 6171 6172
l 6172 6173
l 6173 6174
l 6174 6175
l 6175 6176
l 6176 6177
l 6177 6178
l 6178 6179
l 6179 6180
l 6180 6181
l 6181 6182
l 6182 6183
l 6183 6184
l 6184 6185
l 6185 6186
l 6186 6187
l 6187 6188
l 6188 6189
l 6189 6190
l 6190 6191
l 6191 6192
l 6192 6193
l 6193 6194
l 6194 6195
l 6195 6196
l 6196 6197
l 6197 6198
l 6198 6199
l 6199 6200
l 6200 6201
l 6201 6202
l 6202 6203
l 6203 6204
l 6204 6205
l 6205 6206
l 6206 6207
l 6207 6208
l 6208 6209
l 6209 6210
l 6210 6211
l 6211 6212
l 6212 6213
l 6213 6214
l 6214 6215
l 6215 6216
l 6216 6217
l 6217 6218
l 6218 6219
l 6219 6220
l 6220 6221
l 6221 6222
l 6222 6223
l 6223 6224
l 6224 6225
l 6225 6226
l 6226 6227
l 6227 6228
l 6228 6229
l 6229 6230
l 6230 6231
l 6231 6232
l 6232 6233
l 6233 6234
l 6234 6235
l 6235 6236
l 6236 6237
l 6237 6238
l 6238 6239
l 6239 6240
l 6240 6241
l 6241 6242
l 6242 6243
l 6243 6244
l 6244 6245
l 6245 6246
l 6246 6247
l 6247 6248
l 6248 6249
l 6249 6250
l 6250 6251
l 6251 6252
l 6252 6253
l 6253 6254
l 6254 6255
l 6255 6256
l 6256 6257
l 6257 6258
l 6258 6259
l 6259 6260
l 6260 6261
l 6261 6262
l 6262 6263
l 6263 6264
l 6264 6265
l 6265 6266
l 6266 6267
l 6267 6268
l 6268 6269
l 6269 6270
l 6270 6271
l 6271 6272
l 6272 6273
l 6273 6274
l 6274 6275
l 6275 6276
l 6276 6277
l 6277 6278
l 6278 6279
l 6279 6280
l 6280 6281
l 6281 6282
l 6282 6283
l 6283 6284
l 6284 6285
l 6285 6286
l 6286 6287
l 6287 6288
l 6288 6289
l 6289 6290
l 6290 6291
l 6291 6292
l 6292 6293
l 6293 6294
l 6294 6295
l 6295 6296
l 6296 6297
l 6297 6298
l 6298 6299
l 6299 6300
l 6300 6301
l 6301 6302
l 6302 6303
l 6303 6304
l 6304 6305
l 6305 6306
l 6306 6307
l 6307 6308
l 6308 6309
l 6309 6310
l 6310 6311
l 6311 6312
l 6312 6313
l 6313 6314
l 6314 6315
l 6315 6316
l 6316 6317
l 6317 6318
l 6318 6319
l 6319 6320
l 6320 6321
l 6321 6322
l 6322 6323
l 6323 6324
l 6324 6325
l 6325 6326
l 6326 6327
l 6327 6328
l 6328 6329
l 6329 6330
l 6330 6331
l 6331 6332
l 6332 6333
l 6333 6334
l 6334 6335
l 6335 6336
l 6336 6337
l 6337 6338
l 6338 6339
l 6339 6340
l 6340 6341
l 6341 6342
l 6342 6343
l 6343 6344
l 6344 6345
l 6345 6346
l 6346 6347
l 6347 6348
l 6348 6349
l 6349 6350
l 6350 6351
l 6351 6352
l 6352 6353
l 6353 6354
l 6354 6355
l 6355 6356
l 6356 6357
l 6357 6358
l 6358 6359
l 6359 6360
l 6360 6361
l 6361 6362
l 6362 6363
l 6363 6364
l 6364 6365
l 6365 6366
l 6366 6367
l 6367 6368
l 6368 6369
l 6369 6370
l 6370 6371
l 6371 6372
l 6372 6373
l 6373 6374
l 6374 6375
l 6375 6376
l 6376 6377
l 6377 6378
l 6378 6379
l 6379 6380
l 6380 6381
l 6381 6382
l 6382 6383
l 6383 6384
l 6384 6385
l 6385 6386
l 6386 6387
l 6387 6388
l 6388 6389
l 6389 6390
l 6390 6391
l 6391 6392
l 6392 6393
l 6393 6394
l 6394 6395
l 6395 6396
l 6396 6397
l 6397 6398
l 6398 6399
l 6399 6400
l 6400 6401
l 6401 6402
l 6402 6403
l 6403 6404
l 6404 6405
l 6405 6406
l 6406 6407
l 6407 6408
l 6408 6409
l 6409 6410
l 6410 6411
l 6411 6412
l 6412 6413
l 6413 6414
l 6414 6415
l 6415 6416
l 6416 6417
l 6417 6418
l 6418 6419
l 6419 6420
l 6420 6421
l 6421 6422
l 6422 6423
l 6423 6424
l 6424 6425
l 6425 6426
l 6426 6427
l 6427 6428
l 6428 6429
l 6429 6430
l 6430 6431
l 6431 6432
l 6432 6433
l 6433 6434
l 6434 6435
l 6435 6436
l 6436 6437
l 6437 6438
l 6438 6439
l 6439 6440
l 6440 6441
l 6441 6442
l 6442 6443
l 6443 6444
l 6444 6445
l 6445 6446
l 6446 6447
l 6447 6448
l 6448 6449
l 6449 6450
l 6450 6451
l 6451 6452
l 6452 6453
l 6453 6454
l 6454 6455
l 6455 6456
l 6456 6457
l 6457 6458
l 6458 6459
l 6459 6460
l 6460 6461
l 6461 6462
l 6462 6463
l 6463 6464
l 6464 6465
l 6465 6466
l 6466 6467
l 6467 6468
l 6468 6469
l 6469 6470
l 6470 6471
l 6471 6472
l 6472 6473
l 6473 6474
l 6474 6475
l 6475 6476
l 6476 6477
l 6477 6478
l 6478 6479
l 6479 6480
l 6480 6481
l 6481 6482
l 6482 6483
l 6483 6484
l 6484 6485
l 6485 6486
l 6486 6487
l 6487 6488
l 6488 6489
l 6489 6490
l 6490 6491
l 6491 6492
l 6492 6493
l 6493 6494
l 6494 6495
l 6495 6496
l 6496 6497
l 6497 6498
l 6498 6499
l 6499 6500
l 6500 6501
l 6501 6502
l 6502 6503
l 6503 6504
l 6504 6505
l 6505 6506
l 6506 6507
l 6507 6508
l 6508 6509
l 6509 6510
l 6510 6511
l 6511 6512
l 6512 6513
l 6513 6514
l 6514 6515
l 6515 6516
l 6516 6517
l 6517 6518
l 6518 6519
l 6519 6520
l 6520 6521
l 6521 6522
l 6522 6523
l 6523 6524
l 6524 6525
l 6525 6526
l 6526 6527
l 6527 6528
l 6528 6529
l 6529 6530
l 6530 6531
l 6531 6532
l 6532 6533
l 6533 6534
l 6534 6535
l 6535 6536
l 6536 6537
l 6537 6538
l 6538 6539
l 6539 6540
l 6540 6541
l 6541 6542
l 6542 6543
l 6543 6544
l 6544 6545
l 6545 6546
l 6546 6547
l 6547 6548
l 6548 6549
l 6549 6550
l 6550 6551
l 6551 6552
l 6552 6553
l 6553 6554
l 6554 6555
l 6555 6556
l 6556 6557
l 6557 6558
l 6558 6559
l 6559 6560
l 6560 6561
l 6561 6562
l 6562 6563
l 6563 6564
l 6564 6565
l 6565 6566
l 6566 6567
l 6567 6568
l 6568 6569
l 6569 6570
l 6570 6571
l 6571 6572
l 6572 6573
l 6573 6574
l 6574 6575
l 6575 6576
l 6576 6577
l 6577 6578
l 6578 6579
l 6579 6580
l 6580 6581
l 6581 6582
l 6582 6583
l 6583 6584
l 6584 6585
l 6585 6586
l 6586 6587
l 6587 6588
l 6588 6589
l 6589 6590
l 6590 6591
l 6591 6592
l 6592 6593
l 6593 6594
l 6594 6595
l 6595 6596
l 6596 6597
l 6597 6598
l 6598 6599
l 6599 6600
l 6600 6601
l 6601 6602
l 6602 6603
l 6603 6604
l 6604 6605
l 6605 6606
l 6606 6607
l 6607 6608
l 6608 6609
l 6609 6610
l 6610 6611
l 6611 6612
l 6612 6613
l 6613 6614
l 6614 6615
l 6615 6616
l 6616 6617
l 6617 6618
l 6618 6619
l 6619 6620
l 6620 6621
l 6621 6622
l 6622 6623
l 6623 6624
l 6624 6625
l 6625 6626
l 6626 6627
l 6627 6628
l 6628 6629
l 6629 6630
l 6630 6631
l 6631 6632
l 6632 6633
l 6633 6634
l 6634 6635
l 6635 6636
l 6636 6637
l 6637 6638
l 6638 6639
l 6639 6640
l 6640 6641
l 6641 6642
l 6642 6643
l 6643 6644
l 6644 6645
l 6645 6646
l 6646 6647
l 6647 6648
l 6648 6649
l 6649 6650
l 6650 6651
l 6651 6652
l 6652 6653
l 6653 6654
l 6654 6655
l 6655 6656
l 6656 6657
l 6657 6658
l 6658 6659
l 6659 6660
l 6660 6661
l 6661 6662
l 6662 6663
l 6663 6664
l 6664 6665
l 6665 6666
l 6666 6667
l 6667 6668
l 6668 6669
l 6669 6670
l 6670 6671
l 6671 6672
l 6672 6673
l 6673 6674
l 6674 6675
l 6675 6676
l 6676 6677
l 6677 6678
l 6678 6679
l 6679 6680
l 6680 6681
l 6681 6682
l 6682 6683
l 6683 6684
l 6684 6685
l 6685 6686
l 6686 6687
l 6687 6688
l 6688 6689
l 6689 6690
l 6690 6691
l 6691 6692
l 6692 6693
l 6693 6694
l 6694 6695
l 6695 6696
l 6696 6697
l 6697 6698
l 6698 6699
l 6699 6700
l 6700 6701
l 6701 6702
l 6702 6703
l 6703 6704
l 6704 6705
l 6705 6706
l 6706 6707
l 6707 6708
l 6708 6709
l 6709 6710
l 6710 6711
l 6711 6712
l 6712 6713
l 6713 6714
l 6714 6715
l 6715 6716
l 6716 6717
l 6717 6718
l 6718 6719
l 6719 6720
l 6720 6721
l 6721 6722
l 6722 6723
l 6723 6724
l 6724 6725
l 6725 6726
l 6726 6727
l 6727 6728
l 6728 6729
l 6729 6730
l 6730 6731
l 6731 6732
l 6732 6733
l 6733 6734
l 6734 6735
l 6735 6736
l 6736 6737
l 6737 6738
l 6738 6739
l 6739 6740
l 6740 6741
l 6741 6742
l 6742 6743
l 6743 6744
l 6744 6745
l 6745 6746
l 6746 6747
l 6747 6748
l 6748 6749
l 6749 6750
l 6750 6751
l 6751 6752
l 6752 6753
l 6753 6754
l 6754 6755
l 6755 6756
l 6756 6757
l 6757 6758
l 6758 6759
l 6759 6760
l 6760 6761
l 6761 6762
l 6762 6763
l 6763 6764
l 6764 6765
l 6765 6766
l 6766 6767
l 6767 6768
l 6768 6769
l 6769 6770
l 6770 6771
l 6771 6772
l 6772 6773
l 6773 6774
l 6774 6775
l 6775 6776
l 6776 6777
l 6777 6778
l 6778 6779
l 6779 6780
l 6780 6781
l 6781 6782
l 6782 6783
l 6783 6784
l 6784 6785
l 6785 6786
l 6786 6787
l 6787 6788
l 6788 6789
l 6789 6790
l 6790 6791
l 6791 6792
l 6792 6793
l 6793 6794
l 6794 6795
l 6795 6796
l 6796 6797
l 6797 6798
l 6798 6799
l 6799 6800
l 6800 6801
l 6801 6802
l 6802 6803
l 6803 6804
l 6804 6805
l 6805 6806
l 6806 6807
l 6807 6808
l 6808 6809
l 6809 6810
l 6810 6811
l 6811 6812
l 6812 6813
l 6813 6814
l 6814 6815
l 6815 6816
l 6816 6817
l 6817 6818
l 6818 6819
l 6819 6820
l 6820 6821
l 6821 6822
l 6822 6823
l 6823 6824
l 6824 6825
l 6825 6826
l 6826 6827
l 6827 6828
l 6828 6829
l 6829 6830
l 6830 6831
l 6831 6832
l 6832 6833
l 6833 6834
l 6834 6835
l 6835 6836
l 6836 6837
l 6837 6838
l 6838 6839
l 6839 6840
l 6840 6841
l 6841 6842
l 6842 6843
l 6843 6844
l 6844 6845
l 6845 6846
l 6846 6847
l 6847 6848
l 6848 6849
l 6849 6850
l 6850 6851
l 6851 6852
l 6852 6853
l 6853 6854
l 6854 6855
l 6855 6856
l 6856 6857
l 6857 6858
l 6858 6859
l 6859 6860
l 6860 6861
l 6861 6862
l 6862 6863
l 6863 6864
l 6864 6865
l 6865 6866
l 6866 6867
l 6867 6868
l 6868 6869
l 6869 6870
l 6870 6871
l 6871 6872
l 6872 6873
l 6873 6874
l 6874 6875
l 6875 6876
l 6876 6877
l 6877 6878
l 6878 6879
l 6879 6880
l 6880 6881
l 6881 6882
l 6882 6883
l 6883 6884
l 6884 6885
l 6885 6886
l 6886 6887
l 6887 6888
l 6888 6889
l 6889 6890
l 6890 6891
l 6891 6892
l 6892 6893
l 6893 6894
l 6894 6895
l 6895 6896
l 6896 6897
l 6897 6898
l 6898 6899
l 6899 6900
l 6900 6901
l 6901 6902
l 6902 6903
l 6903 6904
l 6904 6905
l 6905 6906
l 6906 6907
l 6907 6908
l 6908 6909
l 6909 6910
l 6910 6911
l 6911 6912
l 6912 6913
l 6913 6914
l 6914 6915
l 6915 6916
l 6916 6917
l 6917 6918
l 6918 6919
l 6919 6920
l 6920 6921
l 6921 6922
l 6922 6923
l 6923 6924
l 6924 6925
l 6925 6926
l 6926 6927
l 6927 6928
l 6928 6929
l 6929 6930
l 6930 6931
l 6931 6932
l 6932 6933
l 6933 6934
l 6934 6935
l 6935 6936
l 6936 6937
l 6937 6938
l 6938 6939
l 6939 6940
l 6940 6941
l 6941 6942
l 6942 6943
l 6943 6944
l 6944 6945
l 6945 6946
l 6946 6947
l 6947 6948
l 6948 6949
l 6949 6950
l 6950 6951
l 6951 6952
l 6952 6953
l 6953 6954
l 6954 6955
l 6955 6956
l 6956 6957
l 6957 6958
l 6958 6959
l 6959 6960
l 6960 6961
l 6961 6962
l 6962 6963
l 6963 6964
l 6964 6965
l 6965 6966
l 6966 6967
l 6967 6968
l 6968 6969
l 6969 6970
l 6970 6971
l 6971 6972
l 6972 6973
l 6973 6974
l 6974 6975
l 6975 6976
l 6976 6977
l 6977 6978
l 6978 6979
l 6979 6980
l 6980 6981
l 6981 6982
l 6982 6983
l 6983 6984
l 6984 6985
l 6985 6986
l 6986 6987
l 6987 6988
l 6988 6989
l 6989 6990
l 6990 6991
l 6991 6992
l 6992 6993
l 6993 6994
l 6994 6995
l 6995 6996
l 6996 6997
l 6997 6998
l 6998 6999
l 6999 7000
l 7000 7001
l 7001 7002
l 7002 7003
l 7003 7004
l 7004 7005
l 7005 7006
l 7006 7007
l 7007 7008
l 7008 7009
l 7009 7010
l 7010 7011
l 7011 7012
l 7012 7013
l 7013 7014
l 7014 7015
l 7015 7016
l 7016 7017
l 7017 7018
l 7018 7019
l 7019 7020
l 7020 7021
l 7021 7022
l 7022 7023
l 7023 7024
l 7024 7025
l 7025 7026
l 7026 7027
l 7027 7028
l 7028 7029
l 7029 7030
l 7030 7031
l 7031 7032
l 7032 7033
l 7033 7034
l 7034 7035
l 7035 7036
l 7036 7037
l 7037 7038
l 7038 7039
l 7039 7040
l 7040 7041
l 7041 7042
l 7042 7043
l 7043 7044
l 7044 7045
l 7045 7046
l 7046 7047
l 7047 7048
l 7048 7049
l 7049 7050
l 7050 7051
l 7051 7052
l 7052 7053
l 7053 7054
l 7054 7055
l 7055 7056
l 7056 7057
l 7057 7058
l 7058 7059
l 7059 7060
l 7060 7061
l 7061 7062
l 7062 7063
l 7063 7064
l 7064 7065
l 7065 7066
l 7066 7067
l 7067 7068
l 7068 7069
l 7069 7070
l 7070 7071
l 7071 7072
l 7072 7073
l 7073 7074
l 7074 7075
l 7075 7076
l 7076 7077
l 7077 7078
l 7078 7079
l 7079 7080
l 7080 7081
l 7081 7082
l 7082 7083
l 7083 7084
l 7084 7085
l 7085 7086
l 7086 7087
l 7087 7088
l 7088 7089
l 7089 7090
l 7090 7091
l 7091 7092
l 7092 7093
l 7093 7094
l 7094 7095
l 7095 7096
l 7096 7097
l 7097 7098
l 7098 7099
l 7099 7100
l 7100 7101
l 7101 7102
l 7102 7103
l 7103 7104
l 7104 7105
l 7105 7106
l 7106 7107
l 7107 7108
l 7108 7109
l 7109 7110
l 7110 7111
l 7111 7112
l 7112 7113
l 7113 7114
l 7114 7115
l 7115 7116
l 7116 7117
l 7117 7118
l 7118 7119
l 7119 7120
l 7120 7121
l 7121 7122
l 7122 7123
l 7123 7124
l 7124 7125
l 7125 7126
l 7126 7127
l 7127 7128
l 7128 7129
l 7129 7130
l 7130 7131
l 7131 7132
l 7132 7133
l 7133 7134
l 7134 7135
l 7135 7136
l 7136 7137
l 7137 7138
l 7138 7139
l 7139 7140
l 7140 7141
l 7141 7142
l 7142 7143
l 7143 7144
l 7144 7145
l 7145 7146
l 7146 7147
l 7147 7148
l 7148 7149
l 7149 7150
l 7150 7151
l 7151 7152
l 7152 7153
l 7153 7154
l 7154 7155
l 7155 7156
l 7156 7157
l 7157 7158
l 7158 7159
l 7159 7160
l 7160 7161
l 7161 7162
l 7162 7163
l 7163 7164
l 7164 7165
l 7165 7166
l 7166 7167
l 7167 7168
l 7168 7169
l 7169 7170
l 7170 7171
l 7171 7172
l 7172 7173
l 7173 7174
l 7174 7175
l 7175 7176
l 7176 7177
l 7177 7178
l 7178 7179
l 7179 7180
l 7180 7181
l 7181 7182
l 7182 7183
l 7183 7184
l 7184 7185
l 7185 7186
l 7186 7187
l 7187 7188
l 7188 7189
l 7189 7190
l 7190 7191
l 7191 7192
l 7192 7193
l 7193 7194
l 7194 7195
l 7195 7196
l 7196 7197
l 7197 7198
l 7198 7199
l 7199 7200
l 7200 7201
