# Hopf torus strand η 0.70, 24 circuits, 1 revolution; ccsim.geometry.hopf_torus(0.70, 24, 1.0)
# strand torus, open polyline, 3601 points
x,y,z
0.000000000,1.000000000,0.000000000
-0.019883486,0.999410159,-0.016064172
-0.039731962,0.997806495,-0.032100581
-0.059514797,0.995191876,-0.048084938
-0.079201529,0.991570921,-0.063993087
-0.098738996,0.986804773,-0.079782875
-0.118109045,0.981028649,-0.095439913
-0.137284816,0.974272377,-0.110942904
-0.156237363,0.966547824,-0.126268905
-0.174890407,0.957707362,-0.141357446
-0.193254435,0.947926479,-0.156216854
-0.211303509,0.937225830,-0.170826577
-0.228982619,0.925554960,-0.185143026
-0.246249159,0.912910183,-0.199132448
-0.263116459,0.899409908,-0.212805436
-0.279540111,0.885038766,-0.226126819
-0.295445452,0.869739274,-0.239037465
-0.310876958,0.853662553,-0.251572656
-0.325770048,0.836772038,-0.263681266
-0.340080016,0.819071344,-0.275327929
-0.353853209,0.800683177,-0.286549414
-0.366958726,0.781509002,-0.297242110
-0.379475617,0.761697770,-0.307468688
-0.391315623,0.741213260,-0.317159346
-0.402497526,0.720127058,-0.326329037
-0.412973543,0.698451930,-0.334940039
-0.422755909,0.676246920,-0.343002137
-0.431780776,0.653518584,-0.350464932
-0.440110808,0.630354341,-0.357378115
-0.447614915,0.606726568,-0.363638148
-0.454380265,0.582732327,-0.369314114
-0.460385166,0.558402035,-0.374389005
-0.465538346,0.533747458,-0.378790870
-0.469904778,0.508840343,-0.382571239
-0.473467648,0.483718012,-0.385717017
-0.476213127,0.458420653,-0.388217487
-0.478130551,0.432990622,-0.390064449
-0.479212498,0.407471782,-0.391252284
-0.479454788,0.381908874,-0.391777939
-0.478856399,0.356346955,-0.391640870
-0.477419337,0.330830886,-0.390842924
-0.475148460,0.305404892,-0.389388203
-0.472051269,0.280112195,-0.387282885
-0.468137682,0.254994694,-0.384535052
-0.463388787,0.230102684,-0.381130100
-0.457824224,0.205477071,-0.377083754
-0.451462454,0.181157432,-0.372410787
-0.444294439,0.157194391,-0.367104334
-0.436340372,0.133627639,-0.361180479
-0.427620238,0.110494666,-0.354655089
-0.418140320,0.087841122,-0.347533219
-0.407912171,0.065711154,-0.339823996
-0.396952294,0.044146307,-0.331540346
-0.385280262,0.023185928,-0.322697494
-0.372919081,0.002866065,-0.313313234
-0.359894019,-0.016780219,-0.303406987
-0.346213865,-0.035701037,-0.292985018
-0.331916961,-0.053877228,-0.282076644
-0.317010778,-0.071250820,-0.270686559
-0.301533939,-0.087802996,-0.258843757
-0.285511659,-0.103497205,-0.246566297
-0.268972861,-0.118301049,-0.233874780
-0.251947038,-0.132181550,-0.220789794
-0.234463414,-0.145102428,-0.207331131
-0.216561709,-0.157049200,-0.193526643
-0.198270854,-0.167980522,-0.179394617
-0.179629951,-0.177877377,-0.164961096
-0.160676982,-0.186716993,-0.150250516
-0.141450908,-0.194476987,-0.135287369
-0.121992529,-0.201139023,-0.120097003
-0.102342681,-0.206678755,-0.104703730
-0.082545735,-0.211087768,-0.089134644
-0.062645859,-0.214354226,-0.073415884
-0.042687978,-0.216464939,-0.057573422
-0.022718267,-0.217414195,-0.041634096
-0.002782967,-0.217203104,-0.025624938
0.017070888,-0.215824450,-0.009572514
0.036796401,-0.213282586,0.006495967
0.056347686,-0.209587477,0.022553514
0.075679216,-0.204748622,0.038573332
0.094743290,-0.198767644,0.054527829
0.113498667,-0.191671738,0.070390889
0.131901412,-0.183474219,0.086135573
0.149909836,-0.174195153,0.101735277
0.167483943,-0.163857347,0.117163673
0.184587464,-0.152490078,0.132395574
0.201182926,-0.140117845,0.147404888
0.217234871,-0.126768217,0.162165875
0.232710444,-0.112472125,0.176653484
0.247580159,-0.097264145,0.190843844
0.261818872,-0.081182742,0.204714928
0.275392012,-0.064252909,0.218239406
0.288284096,-0.046522513,0.231399544
0.300464497,-0.028020063,0.244169218
0.311913010,-0.008785424,0.256527547
0.322613888,0.011138791,0.268456003
0.332540960,0.031719786,0.279929716
0.341683677,0.052911856,0.290932713
0.350037463,0.074667516,0.301452838
0.357563305,0.096962333,0.311456305
0.364273404,0.119738872,0.320941137
0.370152768,0.142958335,0.329888379
0.375188312,0.166580273,0.338280028
0.379370525,0.190562127,0.346100219
0.382694083,0.214859635,0.353335790
0.385158502,0.239427430,0.359976922
0.386768789,0.264219877,0.366017832
0.387517476,0.289195128,0.371444015
0.387391507,0.314310288,0.376236467
0.386419750,0.339517877,0.380406975
0.384581720,0.364775738,0.383930992
0.381885996,0.390038821,0.386805393
0.378355740,0.415263807,0.389038474
0.373991852,0.440407713,0.390621708
0.368788683,0.465424947,0.391541041
0.362758675,0.490271511,0.391796488
0.355924175,0.514906873,0.391396331
0.348298004,0.539289362,0.390341386
0.339892135,0.563376967,0.388631763
0.330701844,0.587118599,0.386252975
0.320763662,0.610481251,0.383225718
0.310101123,0.633428827,0.379560177
0.298740007,0.655928628,0.375268977
0.286681099,0.677930521,0.370342071
0.273927903,0.699379315,0.364770420
0.260554589,0.720282594,0.358611994
0.246543941,0.740570257,0.351838879
0.231925860,0.760208861,0.344466745
0.216759191,0.779207085,0.336542182
0.201006345,0.797450533,0.328012470
0.184772608,0.815015354,0.318973785
0.168005678,0.831750752,0.309354564
0.150807169,0.847746886,0.299251161
0.133153846,0.862881442,0.288620165
0.115104696,0.877184903,0.277512933
0.096695512,0.890647058,0.265954605
0.077919774,0.903147285,0.253914899
0.058858492,0.914798558,0.241479302
0.039513321,0.925487438,0.228625292
0.019919399,0.935195950,0.215375916
0.000129594,0.943993968,0.201786177
-0.019839370,0.951785387,0.187848709
-0.039954396,0.958534528,0.173581311
-0.060168982,0.964327024,0.159037447
-0.080453181,0.969150306,0.144237366
-0.100777977,0.972822954,0.129165238
-0.121101966,0.975509596,0.113887192
-0.141394239,0.977204257,0.098425606
-0.161620400,0.977868423,0.082798708
-0.181734407,0.977401256,0.067020579
-0.201714733,0.975935815,0.051135553
-0.221530494,0.973473478,0.035167536
-0.241146000,0.969995775,0.019139955
-0.260498836,0.965391177,0.003077178
-0.279587738,0.959806663,-0.012989035
-0.298383240,0.953250955,-0.029034321
-0.316856406,0.945734452,-0.045034371
-0.334917352,0.937117084,-0.060949786
-0.352591429,0.927566544,-0.076764825
-0.369852473,0.917100053,-0.092455875
-0.386674571,0.905734814,-0.107999517
-0.402948894,0.893341815,-0.123339559
-0.418727396,0.880093402,-0.138479637
-0.433987326,0.866011611,-0.153397751
-0.448673759,0.851073443,-0.168056730
-0.462724640,0.835256414,-0.182413857
-0.476187937,0.818685343,-0.196479686
-0.489043203,0.801384369,-0.210233551
-0.501152947,0.783254721,-0.223591067
-0.512618532,0.764462315,-0.236595003
-0.523414631,0.745026656,-0.249221957
-0.533407698,0.724878175,-0.261384479
-0.542713918,0.704167465,-0.273139882
-0.551250143,0.682874294,-0.284428923
-0.558994451,0.661030804,-0.295228196
-0.566002382,0.638719048,-0.305563022
-0.572139071,0.615903580,-0.315337900
-0.577546359,0.592707224,-0.324635532
-0.582045376,0.569086234,-0.333328604
-0.585794094,0.545155276,-0.341513827
-0.588641415,0.520897968,-0.349079427
-0.590690712,0.496394939,-0.356087555
-0.591888098,0.471670219,-0.362492207
-0.592215696,0.446765951,-0.368271100
-0.591726911,0.421733561,-0.373454368
-0.590382446,0.396608608,-0.378004789
-0.588163402,0.371435884,-0.381898807
-0.585115584,0.346260867,-0.385162024
-0.581235415,0.321125277,-0.387783209
-0.576522932,0.296072280,-0.389753603
-0.570981715,0.271145807,-0.391067003
-0.564618733,0.246389938,-0.391719766
-0.557444134,0.221848358,-0.391710767
-0.549470990,0.197563885,-0.391041292
-0.540715022,0.173578075,-0.389714907
-0.531194302,0.149930894,-0.387737298
-0.520928954,0.126660468,-0.385116084
-0.509906334,0.103824876,-0.381829879
-0.498171567,0.081449205,-0.377907984
-0.485741005,0.059574565,-0.373354517
-0.472625441,0.038247352,-0.368168270
-0.458850976,0.017503688,-0.362361746
-0.444448580,-0.002627130,-0.355952508
-0.429435512,-0.022102198,-0.348944858
-0.413829986,-0.040876264,-0.341343274
-0.397668460,-0.058925881,-0.333170484
-0.380973081,-0.076209445,-0.324434512
-0.363774223,-0.092695528,-0.315151594
-0.346106497,-0.108360664,-0.305342682
-0.327997324,-0.123168382,-0.295020399
-0.309477726,-0.137087003,-0.284200874
-0.290580738,-0.150086877,-0.272901918
-0.271342975,-0.162147364,-0.261145673
-0.251798263,-0.173239103,-0.248949986
-0.231983009,-0.183337794,-0.236335341
-0.211935304,-0.192423786,-0.223324067
-0.191692882,-0.200472547,-0.209936664
-0.171295268,-0.207463466,-0.196195281
-0.150783665,-0.213382581,-0.182124225
-0.130199606,-0.218216232,-0.167747519
-0.109585406,-0.221947538,-0.153088323
-0.088984691,-0.224564742,-0.138171229
-0.068441809,-0.226060552,-0.123021703
-0.048001412,-0.226431553,-0.107665689
-0.027709060,-0.225672529,-0.092128624
-0.007611472,-0.223778514,-0.076436096
0.012246531,-0.220758760,-0.060615411
0.031818158,-0.216614637,-0.044692669
0.051056713,-0.211352187,-0.028694607
0.069918773,-0.204988619,-0.012648442
0.088359702,-0.197537143,0.003419063
0.106332488,-0.189007372,0.019480779
0.123798551,-0.179428135,0.035509702
0.140718033,-0.168823283,0.051479141
0.157047550,-0.157210781,0.067361611
0.172754212,-0.144625839,0.083130997
0.187801234,-0.131095802,0.098760465
0.202158306,-0.116656230,0.114224316
0.215789279,-0.101334369,0.129495043
0.228671267,-0.085172475,0.144548351
0.240777201,-0.068206143,0.159358622
0.252083357,-0.050473481,0.173900914
0.262570148,-0.032015184,0.188151434
0.272213475,-0.012867289,0.202084360
0.281000164,0.006926045,0.215677633
0.288913516,0.027324675,0.228907665
0.295945027,0.048283846,0.241754105
0.302079823,0.069763753,0.254193660
0.307307021,0.091722407,0.266204454
0.311620572,0.114115872,0.277766717
0.315020234,0.136898714,0.288863642
0.317499622,0.160028991,0.299475314
0.319051541,0.183464625,0.309580960
0.319679414,0.207160611,0.319165586
0.319390277,0.231072050,0.328216479
0.318181568,0.255156774,0.336715354
0.316054636,0.279371451,0.344645976
0.313015237,0.303672116,0.351994712
0.309074000,0.328014885,0.358751158
0.304246853,0.352356887,0.364908822
0.298539157,0.376655829,0.370454247
0.291946389,0.400866667,0.375366139
0.284514834,0.424951780,0.379660496
0.276223952,0.448862960,0.383303861
0.267109105,0.472562440,0.386304750
0.257196467,0.496012836,0.388665622
0.246492741,0.519170716,0.390373323
0.235000097,0.541987803,0.391409665
0.222761734,0.564434044,0.391791581
0.209797935,0.586470689,0.391516998
0.196131590,0.608060355,0.390586169
0.181788054,0.629167524,0.389001777
0.166794914,0.649759050,0.386768992
0.151150571,0.669773819,0.383861910
0.134909409,0.689199676,0.380312362
0.118105472,0.708011247,0.376133072
0.100773087,0.726186890,0.371338487
0.082903009,0.743643461,0.365888654
0.064558567,0.760391422,0.359830682
0.045788753,0.776438555,0.353200899
0.026563137,0.791641947,0.345920853
0.006984054,0.806107802,0.338102869
-0.012962179,0.819712387,0.329687630
-0.033208788,0.832509559,0.320742206
-0.053747398,0.844405410,0.311234327
-0.074516223,0.855466761,0.301232939
-0.095509416,0.865556754,0.290686724
-0.116659854,0.874808035,0.279694868
-0.137958513,0.883037768,0.268189661
-0.159350967,0.890363434,0.256255555
-0.180804892,0.896755722,0.243902701
-0.202286645,0.902096285,0.231106198
-0.223757212,0.906519120,0.217946712
-0.245181339,0.909964374,0.204424075
-0.266514235,0.912340369,0.190531772
-0.287731479,0.913772977,0.176337269
-0.308801185,0.914257053,0.161860215
-0.329654971,0.913624978,0.147079516
-0.350286521,0.912032991,0.132062585
-0.370665673,0.909489287,0.116833296
-0.390746712,0.905953581,0.101406547
-0.410467347,0.901354882,0.085796142
-0.429833753,0.895818617,0.070048544
-0.448815772,0.889352180,0.054187314
-0.467364778,0.881925834,0.038233607
-0.485412064,0.873481603,0.022210870
-0.502980630,0.864143482,0.006153520
-0.520043241,0.853925723,-0.009914102
-0.536563038,0.842828304,-0.025966857
-0.552440288,0.830765304,-0.041971420
-0.567728451,0.817879589,-0.057906532
-0.582404436,0.804191650,-0.073748161
-0.596440450,0.789716611,-0.089471233
-0.609713266,0.774367183,-0.105026956
-0.622305262,0.758290926,-0.120411911
-0.634198499,0.741513624,-0.135603448
-0.645341739,0.724031676,-0.150568079
-0.655654460,0.705823389,-0.165259657
-0.665217162,0.687004915,-0.179686180
-0.674017809,0.667606060,-0.193827416
-0.681919047,0.647573341,-0.207611320
-0.689010345,0.627014136,-0.221055562
-0.695307892,0.605976772,-0.234151691
-0.700674432,0.584426076,-0.246820367
-0.705199324,0.562453174,-0.259085758
-0.708900623,0.540104127,-0.270941619
-0.711625629,0.517356179,-0.282293113
-0.713538346,0.494314677,-0.293209550
-0.714517458,0.470977911,-0.303609021
-0.714624226,0.447404495,-0.313509688
-0.713835779,0.423629580,-0.322881872
-0.712149538,0.399692138,-0.331708187
-0.709575415,0.375636083,-0.339977776
-0.706125249,0.351501319,-0.347682713
-0.701766626,0.327329292,-0.354784356
-0.696585839,0.303160447,-0.361325249
-0.690474740,0.279040828,-0.367213403
-0.683535446,0.255008055,-0.372503290
-0.675774830,0.231099698,-0.377184601
-0.667151686,0.207367270,-0.381208759
-0.657706767,0.183848912,-0.384588313
-0.647469864,0.160580615,-0.387329221
-0.636451440,0.137603696,-0.389422178
-0.624665633,0.114959437,-0.390860407
-0.612129955,0.092688522,-0.391639679
-0.598864962,0.070830535,-0.391758285
-0.584893888,0.049423558,-0.391216948
-0.570242274,0.028503842,-0.390018696
-0.554937598,0.008105551,-0.388168708
-0.539008915,-0.011739418,-0.385674140
-0.522452611,-0.030964973,-0.382506328
-0.505332371,-0.049572353,-0.378709151
-0.487664426,-0.067514928,-0.374275166
-0.469476812,-0.084757748,-0.369209582
-0.450800753,-0.101268115,-0.363520643
-0.431675464,-0.117028309,-0.357227946
-0.412126447,-0.131997068,-0.350332352
-0.392185546,-0.146140207,-0.342841783
-0.371893110,-0.159442639,-0.334777459
-0.351283767,-0.171877783,-0.326152044
-0.330389459,-0.183406508,-0.316971235
-0.309252432,-0.194021917,-0.307260454
-0.287910976,-0.203708160,-0.297038700
-0.266398641,-0.212417770,-0.286308857
-0.244759123,-0.220156809,-0.275101924
-0.223030985,-0.226901441,-0.263433143
-0.201254657,-0.232631489,-0.251320135
-0.179471809,-0.237332437,-0.238783257
-0.157724560,-0.240994796,-0.225844793
-0.136054912,-0.243613479,-0.212528306
-0.114507002,-0.245169771,-0.198852610
-0.093122606,-0.245669885,-0.184844719
-0.071948934,-0.245092672,-0.170523158
-0.051028186,-0.243448603,-0.155915726
-0.030405327,-0.240736255,-0.141046373
-0.010124989,-0.236958924,-0.125940110
0.009765573,-0.232115989,-0.110621155
0.029223215,-0.226220608,-0.095116326
0.048205122,-0.219287005,-0.079452097
0.066662746,-0.211319712,-0.063653535
0.084556990,-0.202343572,-0.047748273
0.101845422,-0.192377099,-0.031762773
0.118482340,-0.181435752,-0.015723581
0.134433246,-0.169552157,0.000341907
0.149660531,-0.156753702,0.016406870
0.164125113,-0.143066636,0.032444220
0.177793911,-0.128524543,0.048426856
0.190640116,-0.113166442,0.064328352
0.202628990,-0.097023165,0.080121300
0.213739403,-0.080137513,0.095779788
0.223943295,-0.062545448,0.111276726
0.233225758,-0.044292193,0.126587206
0.241565341,-0.025417004,0.141684911
0.248943357,-0.005960691,0.156543637
0.255350918,0.014031105,0.171139436
0.260771899,0.034517568,0.185446118
0.265204063,0.055451889,0.199441371
0.268644890,0.076789217,0.213103037
0.271077958,0.098490265,0.226403672
0.272510621,0.120507724,0.239324089
0.272942981,0.142798028,0.251842571
0.272375067,0.165318122,0.263937179
0.270811982,0.188024317,0.275587997
0.268264700,0.210872941,0.286777961
0.264724708,0.233822733,0.297480350
0.260221698,0.256829307,0.307687349
0.254746031,0.279851183,0.317370990
0.248328267,0.302846341,0.326524787
0.240976397,0.325773566,0.335130191
0.232702431,0.348591472,0.343170612
0.223522735,0.371259112,0.350631962
0.213458306,0.393736756,0.357503274
0.202534956,0.415986874,0.363777369
0.190770080,0.437970368,0.369441529
0.178168893,0.459641865,0.374472788
0.164790715,0.480978952,0.378890663
0.150618362,0.501925176,0.382653618
0.135708812,0.522459947,0.385780890
0.120090717,0.542550852,0.388269555
0.103767936,0.562147096,0.390092707
0.086780101,0.581221122,0.391256156
0.069164585,0.599746202,0.391764958
0.050950774,0.617689769,0.391616499
0.032170284,0.635021156,0.390810468
0.012856705,0.651712039,0.389348976
-0.006954731,0.667736872,0.387236624
-0.027228255,0.683072162,0.384479486
-0.047950907,0.697652057,0.381047078
-0.069061828,0.711491243,0.376980935
-0.090521776,0.724576748,0.372295061
-0.112298311,0.736882807,0.366992474
-0.134373179,0.748327302,0.361036368
-0.156679149,0.758979726,0.354503033
-0.179194759,0.768769690,0.347364122
-0.201877951,0.777681812,0.339633872
-0.224684702,0.785747464,0.331354226
-0.247583804,0.792869546,0.322487002
-0.270529410,0.799136724,0.313107771
-0.293484323,0.804439771,0.303174755
-0.316410267,0.808849090,0.292749006
-0.339266488,0.812324681,0.281830115
-0.362010699,0.814832821,0.270422097
-0.384619766,0.816473790,0.258594728
-0.407022835,0.817071787,0.246286864
-0.429211451,0.816773504,0.233586654
-0.451152970,0.815582237,0.220513919
-0.472760076,0.813342546,0.207028179
-0.494048047,0.810220618,0.193215657
-0.514984412,0.806217899,0.179095044
-0.535470675,0.801198503,0.164643166
-0.555522457,0.795287512,0.149922669
-0.575118451,0.788513890,0.134961784
-0.594202043,0.780843777,0.119772408
-0.612699952,0.772228004,0.104366897
-0.630644412,0.762783997,0.088794400
-0.648007134,0.752524967,0.073078039
-0.664721547,0.741417577,0.057235502
-0.680729690,0.729448793,0.041291309
-0.696070428,0.716719355,0.025281458
-0.710719753,0.703248539,0.009230168
-0.724625030,0.689028811,-0.006837838
-0.737700777,0.674029108,-0.022893141
-0.750014827,0.658360119,-0.038910041
-0.761548545,0.642046345,-0.054864301
-0.772266391,0.625100127,-0.070729294
-0.782050988,0.607480748,-0.086463527
-0.791003104,0.589303602,-0.102056780
-0.799110285,0.570597313,-0.117485877
-0.806324518,0.551371289,-0.132718998
-0.812556521,0.531619052,-0.147710636
-0.817911770,0.511436184,-0.162464464
-0.822384493,0.490854080,-0.176959427
-0.825853230,0.469860506,-0.191135579
-0.828380404,0.448520821,-0.204990101
-0.830014923,0.426887640,-0.218519992
-0.830661898,0.404969200,-0.231668310
-0.830335250,0.382809159,-0.244417891
-0.829122566,0.360463709,-0.256785019
-0.826894240,0.337946724,-0.268690453
-0.823740349,0.315311038,-0.280153770
-0.819682710,0.292595190,-0.291165098
-0.814618707,0.269831639,-0.301649527
-0.808715761,0.247063211,-0.311674920
-0.801798384,0.224332560,-0.321120493
-0.794064325,0.201667954,-0.330079080
-0.785355668,0.179125983,-0.338431695
-0.775846616,0.156721644,-0.346265751
-0.765402540,0.134522513,-0.353468887
-0.754156966,0.112541218,-0.360107488
-0.742084786,0.090824351,-0.366141391
-0.729176736,0.069423164,-0.371536543
-0.715510834,0.048351803,-0.376327940
-0.701096711,0.027648869,-0.380499107
-0.685905207,0.007381327,-0.383996204
-0.670011817,-0.012441886,-0.386855819
-0.653439191,-0.031785270,-0.389070445
-0.636210920,-0.050612673,-0.390632736
-0.618353797,-0.068889287,-0.391537885
-0.599897369,-0.086582057,-0.391783600
-0.580873477,-0.103660003,-0.391370038
-0.561315816,-0.120094457,-0.390299683
-0.541259497,-0.135859226,-0.388577202
-0.520735510,-0.150922037,-0.386201569
-0.499768031,-0.165235454,-0.383159465
-0.478413191,-0.178809004,-0.379487251
-0.456696241,-0.191596168,-0.375172700
-0.434657349,-0.203579604,-0.370228219
-0.412332709,-0.214729714,-0.364657093
-0.389765967,-0.225042876,-0.358481306
-0.366991292,-0.234481100,-0.351698222
-0.344049554,-0.243025170,-0.344319403
-0.320983095,-0.250668328,-0.336364165
-0.297832300,-0.257394236,-0.327845256
-0.274638131,-0.263180154,-0.318772007
-0.251443004,-0.268013530,-0.309160147
-0.228288373,-0.271899209,-0.299034553
-0.205218214,-0.274805194,-0.288400436
-0.182273065,-0.276744582,-0.277286421
-0.159498019,-0.277695469,-0.265703507
-0.136936374,-0.277656032,-0.253672766
-0.114630341,-0.276628659,-0.241216730
-0.092625467,-0.274605753,-0.228353613
-0.070965322,-0.271589824,-0.215105854
-0.049689383,-0.267594296,-0.201499492
-0.028849707,-0.262604581,-0.187550530
-0.008483030,-0.256643720,-0.173287922
0.011365177,-0.249716377,-0.158733986
0.030650808,-0.241832696,-0.143912761
0.049331351,-0.233007363,-0.128849368
0.067365985,-0.223258833,-0.113569557
0.084713739,-0.212606443,-0.098098962
0.101329109,-0.201065800,-0.082462482
0.117181350,-0.188671018,-0.066688104
0.132224680,-0.175440206,-0.050800999
0.146428221,-0.161408259,-0.034828656
0.159759248,-0.146607877,-0.018797838
0.172180154,-0.131068537,-0.002735251
0.183664318,-0.114829252,0.013331862
0.194187352,-0.097930012,0.029376585
0.203724160,-0.080409991,0.045372048
0.212246726,-0.062307078,0.061290776
0.219746621,-0.043669571,0.077106872
0.226199711,-0.024536784,0.092792840
0.231601781,-0.004956848,0.108323487
0.235931402,0.015029956,0.123670801
0.239191066,0.035374881,0.138810579
0.241374102,0.056033719,0.153716994
0.242477737,0.076961698,0.168364739
0.242503775,0.098113765,0.182729436
0.241459380,0.119445019,0.196788215
0.239335085,0.140913270,0.210512797
0.236160035,0.162472755,0.223887067
0.231922531,0.184082035,0.236881218
0.226646528,0.205698036,0.249477729
0.220344607,0.227279324,0.261655245
0.213032519,0.248785205,0.273393712
0.204724858,0.270175389,0.284672527
0.195431155,0.291408504,0.295468103
0.185195382,0.312450595,0.305774731
0.174006266,0.333256076,0.315557497
0.161911303,0.353793756,0.324813448
0.148930041,0.374026365,0.333524674
0.135084276,0.393917030,0.341674248
0.120399860,0.413430328,0.349247648
0.104906779,0.432533089,0.356233360
0.088639100,0.451195358,0.362623541
0.071624529,0.469384322,0.368405917
0.053878688,0.487056779,0.373556438
0.035468183,0.504209018,0.378097479
0.016383427,0.520775841,0.381980233
-0.003305083,0.536761146,0.385233758
-0.023566995,0.552135938,0.387849263
-0.044393480,0.566841869,0.389789539
-0.065722679,0.580882787,0.391080355
-0.087519921,0.594232437,0.391716431
-0.109748534,0.606866548,0.391694613
-0.132370111,0.618763189,0.391014032
-0.155344840,0.629903129,0.389676224
-0.178631931,0.640270180,0.387685213
-0.202190106,0.649851514,0.385047551
-0.225980636,0.658627286,0.381763979
-0.249968880,0.666546639,0.377812206
-0.274101812,0.673644473,0.373236338
-0.298339286,0.679921781,0.368052140
-0.322645174,0.685314387,0.362228685
-0.346973142,0.689836421,0.355793206
-0.371285534,0.693540253,0.348796198
-0.395531691,0.696279276,0.341155085
-0.419683469,0.698208826,0.332988208
-0.443682925,0.699194482,0.324224215
-0.467509806,0.699352809,0.314951608
-0.491095492,0.698560898,0.305111075
-0.514441792,0.696969969,0.294806834
-0.537445859,0.694392266,0.283947567
-0.560133367,0.691012832,0.272651942
-0.582424908,0.686735438,0.260883285
-0.604288271,0.681582981,0.248669710
-0.625725503,0.675636811,0.236066908
-0.646622860,0.668772696,0.223031825
-0.667002111,0.661100632,0.209632571
-0.686849257,0.652658629,0.195900862
-0.706050852,0.643352689,0.181814548
-0.724621760,0.633264638,0.167424819
-0.742561452,0.622445858,0.152767575
-0.759807381,0.610876302,0.137852695
-0.776273295,0.598520825,0.122688590
-0.792018511,0.585488268,0.107328324
-0.807017727,0.571797259,0.091794482
-0.821185553,0.557420244,0.076100438
-0.834484950,0.542375538,0.060273036
-0.846964732,0.526742953,0.044349172
-0.858605022,0.510546117,0.028352849
-0.869332740,0.493777809,0.012306895
-0.879094768,0.476449466,-0.003760492
-0.887962506,0.458641427,-0.019820656
-0.895922423,0.440381287,-0.035849249
-0.902925703,0.421681890,-0.051818736
-0.908880862,0.402543978,-0.067693739
-0.913894338,0.383049182,-0.083458057
-0.917959542,0.363227840,-0.099088085
-0.921028703,0.343099014,-0.114552371
-0.923018698,0.322677898,-0.129808683
-0.924048923,0.302032382,-0.144855321
-0.924119968,0.281194152,-0.159670491
-0.923129162,0.260180953,-0.174202754
-0.921114754,0.239036835,-0.188436078
-0.918152568,0.217804780,-0.202369492
-0.914192718,0.196514966,-0.215963041
-0.909176695,0.175203697,-0.229169240
-0.903241411,0.153908240,-0.242014369
-0.896325922,0.132665495,-0.254449616
-0.888404587,0.111516248,-0.266436929
-0.879608582,0.090482613,-0.278010935
-0.869805586,0.069623669,-0.289080284
-0.859126381,0.048953974,-0.299684711
-0.847544657,0.028518763,-0.309782862
-0.835068869,0.008356013,-0.319351665
-0.821758375,-0.011511246,-0.328397806
-0.807587176,-0.031031760,-0.336875915
-0.792619125,-0.050186772,-0.344797373
-0.776866332,-0.068939694,-0.352141509
-0.760332336,-0.087242352,-0.358876386
-0.743104266,-0.105101553,-0.365039973
-0.725131948,-0.122432404,-0.370554494
-0.706497942,-0.139239488,-0.375454663
-0.687238145,-0.155500929,-0.379739116
-0.667369104,-0.171175889,-0.383386020
-0.646903116,-0.186211021,-0.386363306
-0.625904677,-0.200610676,-0.388698678
-0.604405162,-0.214345934,-0.390384237
-0.582438812,-0.227389914,-0.391414599
-0.560042192,-0.239718074,-0.391786896
-0.537253667,-0.251308420,-0.391500714
-0.514112893,-0.262141640,-0.390557989
-0.490660362,-0.272201164,-0.388962873
-0.466930800,-0.281451748,-0.386704450
-0.442967420,-0.289878848,-0.383789317
-0.418817602,-0.297492072,-0.380242289
-0.394517107,-0.304247834,-0.376047091
-0.370110996,-0.310150676,-0.371224134
-0.345640952,-0.315173932,-0.365771024
-0.321150411,-0.319329411,-0.359712494
-0.296682257,-0.322584682,-0.353042560
-0.272280781,-0.324936797,-0.345776014
-0.247988758,-0.326387847,-0.337930473
-0.223849573,-0.326931937,-0.329518191
-0.199906351,-0.326566861,-0.320553759
-0.176207966,-0.325272735,-0.311041610
-0.152791686,-0.323073183,-0.301011619
-0.129703554,-0.319960890,-0.290475455
-0.106985853,-0.315941372,-0.279451992
-0.084686675,-0.311009545,-0.267954674
-0.062844150,-0.305182861,-0.256008480
-0.041502063,-0.298467222,-0.243632173
-0.020702242,-0.290873544,-0.230846851
-0.000489419,-0.282409881,-0.217672220
0.019094384,-0.273090133,-0.204130518
0.038012560,-0.262936022,-0.190246921
0.056223037,-0.251962965,-0.176043600
0.073681359,-0.240186145,-0.161542668
0.090354185,-0.227633661,-0.146770673
0.106203746,-0.214329579,-0.131752212
0.121188565,-0.200296445,-0.116511267
0.135277510,-0.185566713,-0.101074562
0.148442005,-0.170174762,-0.085468741
0.160637284,-0.154145220,-0.069717985
0.171847663,-0.137522590,-0.053850738
0.182036998,-0.120339111,-0.037892614
0.191182512,-0.102635646,-0.021870775
0.199265434,-0.084454830,-0.005812246
0.206264696,-0.065838329,0.010256142
0.212157681,-0.046827995,0.026307177
0.216938911,-0.027471514,0.042313988
0.220599494,-0.007814427,0.058249976
0.223120197,0.012099943,0.074087300
0.224511410,0.032222290,0.089800695
0.224759939,0.052508493,0.105362320
0.223878408,0.072911275,0.120747557
0.221864697,0.093385964,0.135929541
0.218724677,0.113887559,0.150882337
0.214472870,0.134371923,0.165581793
0.209120668,0.154796025,0.180003131
0.202674723,0.175116721,0.194119837
0.195163704,0.195294120,0.207911686
0.186597561,0.215286965,0.221352932
0.177005337,0.235058061,0.234424133
0.166398126,0.254566938,0.247099283
0.154804307,0.273777789,0.259358803
0.142250924,0.292655638,0.271183014
0.128755249,0.311162019,0.282547360
0.114357426,0.329268325,0.293438730
0.099085545,0.346942406,0.303838742
0.082962288,0.364148806,0.313725257
0.066021325,0.380858182,0.323082603
0.048301146,0.397045303,0.331898938
0.029831859,0.412680065,0.340157011
0.010647099,0.427734714,0.347841882
-0.009216084,0.442184620,0.354941510
-0.029717497,0.456009170,0.361447410
-0.050821510,0.469184171,0.367347466
-0.072502276,0.481671554,0.372617118
-0.094692816,0.493486931,0.377280285
-0.117389220,0.504559991,0.381283680
-0.140518978,0.514920867,0.384663301
-0.164053908,0.524533405,0.387396360
-0.187959834,0.533364804,0.389463700
-0.212183183,0.541424597,0.390882112
-0.236683800,0.548696023,0.391645816
-0.261420034,0.555164701,0.391751128
-0.286349072,0.560818906,0.391196619
-0.311427333,0.565649838,0.389983247
-0.336610955,0.569651853,0.388114459
-0.361856334,0.572822653,0.385596238
-0.387120742,0.575163416,0.382437094
-0.412360597,0.576650362,0.378626529
-0.437528677,0.577269138,0.374161954
-0.462586359,0.577064110,0.369084357
-0.487496276,0.576044155,0.363407256
-0.512192428,0.574116277,0.357071062
-0.536660024,0.571396848,0.350167843
-0.560842080,0.567831615,0.342666183
-0.584696835,0.563434161,0.334584057
-0.608197616,0.558239996,0.325953584
-0.631278978,0.552209413,0.316756088
-0.653930150,0.545405111,0.307041733
-0.676090424,0.537802814,0.296802874
-0.697726777,0.529423014,0.286061278
-0.718834483,0.520324199,0.274862802
-0.739296807,0.510418929,0.263161442
-0.759178130,0.499844876,0.251051404
-0.778376309,0.488542520,0.238505529
-0.796863073,0.476538329,0.225549364
-0.814669598,0.463910808,0.212237657
-0.831686641,0.450611528,0.198553112
-0.847899463,0.436678056,0.184527367
-0.863342359,0.422180289,0.170207991
-0.877955779,0.407116453,0.155604539
-0.891632129,0.391461655,0.140717570
-0.904461082,0.375313671,0.125605992
-0.916421370,0.358695918,0.110291763
-0.927412528,0.341595705,0.094783553
-0.937420477,0.324047878,0.079110819
-0.946501230,0.306114550,0.063311171
-0.954639815,0.287822874,0.047408300
-0.961742012,0.269175669,0.031421702
-0.967797866,0.250208837,0.015380897
-0.972874365,0.230977535,-0.000683881
-0.976963561,0.211511446,-0.016748274
-0.979999932,0.191830473,-0.032784884
-0.981933892,0.171963253,-0.048762505
-0.982866104,0.151961009,-0.064660131
-0.982796002,0.131854645,-0.080453823
-0.981672471,0.111673084,-0.096111876
-0.979434462,0.091450622,-0.111596622
-0.976203060,0.071225787,-0.126900607
-0.971985066,0.051029311,-0.142001387
-0.966695730,0.030900429,-0.156853137
-0.960358960,0.010875199,-0.171432461
-0.953067608,-0.009022131,-0.185737739
-0.944812292,-0.028757678,-0.199741140
-0.935478588,-0.048270562,-0.213374725
-0.925239055,-0.067560497,-0.226670012
-0.914095263,-0.086594989,-0.239602267
-0.901924963,-0.105295785,-0.252088757
-0.888912871,-0.123685675,-0.264181022
-0.875012345,-0.141709043,-0.275827684
-0.860214351,-0.159319492,-0.286991391
-0.844651599,-0.176540571,-0.297714715
-0.828184794,-0.193252097,-0.307879575
-0.811010037,-0.209523638,-0.317575631
-0.793026634,-0.225243174,-0.326698223
-0.774371395,-0.240460313,-0.335310748
-0.754974800,-0.255068108,-0.343318229
-0.734972170,-0.269130434,-0.350794763
-0.714292751,-0.282523598,-0.357632319
-0.693053172,-0.295304576,-0.363896259
-0.671266883,-0.307432187,-0.369557508
-0.648938360,-0.318838908,-0.374565134
-0.626147432,-0.329560745,-0.378961618
-0.602923881,-0.339570628,-0.382731783
-0.579295561,-0.348830901,-0.385851988
-0.555299666,-0.357312785,-0.388307159
-0.530989698,-0.365026503,-0.390115162
-0.506405077,-0.371954610,-0.391270046
-0.481587001,-0.378082483,-0.391768365
-0.456577868,-0.383398405,-0.391609136
-0.431420751,-0.387893577,-0.390793745
-0.406158917,-0.391562073,-0.389325819
-0.380834535,-0.394365558,-0.387183977
-0.355494338,-0.396328693,-0.384395916
-0.330180780,-0.397457519,-0.380974273
-0.304940385,-0.397713492,-0.376898312
-0.279814387,-0.397124690,-0.372197285
-0.254851024,-0.395667759,-0.366862367
-0.230088440,-0.393369794,-0.360921419
-0.205577533,-0.390206425,-0.354365264
-0.181360614,-0.386190448,-0.347211501
-0.157479066,-0.381333047,-0.339476252
-0.133976602,-0.375639233,-0.331171266
-0.110895373,-0.369118349,-0.322311208
-0.088283552,-0.361770557,-0.312904689
-0.066180842,-0.353612364,-0.302971108
-0.044621545,-0.344666879,-0.292533757
-0.023660680,-0.334929291,-0.281598087
-0.003329205,-0.324428662,-0.270190856
0.016332009,-0.313180718,-0.258330115
0.035281688,-0.301202250,-0.246034438
0.053481794,-0.288514492,-0.233324828
0.070897554,-0.275142174,-0.220223971
0.087486155,-0.261104385,-0.206751071
0.103217873,-0.246431633,-0.192931344
0.118052333,-0.231147563,-0.178785872
0.131962379,-0.215285709,-0.164340560
0.144913690,-0.198875718,-0.149618783
0.156875739,-0.181950685,-0.134645238
0.167821497,-0.164546361,-0.119445423
0.177726105,-0.146700149,-0.104045099
0.186554993,-0.128446942,-0.088468556
0.194301660,-0.109832581,-0.072744317
0.200930333,-0.090893878,-0.056896833
0.206437412,-0.071677843,-0.040954167
0.210803881,-0.052227423,-0.024942558
0.214013888,-0.032587426,-0.008888863
0.216066476,-0.012805114,0.007179680
0.216956787,0.007073235,0.023236238
0.216676413,0.027001148,0.039253609
0.215230811,0.046931528,0.055204873
0.212629943,0.066818388,0.071063755
0.208868819,0.086615041,0.086802339
0.203973531,0.106278013,0.102395970
0.197940744,0.125760944,0.117816064
0.190798909,0.145022916,0.133038576
0.182563457,0.164021978,0.148037516
0.173253302,0.182717481,0.162787281
0.162891262,0.201070601,0.177263013
0.151504511,0.219045029,0.191441094
0.139118946,0.236605068,0.205297671
0.125756690,0.253713629,0.218807208
0.111454266,0.270341318,0.231949471
0.096242779,0.286457398,0.244702630
0.080150874,0.302030231,0.257043691
0.063211083,0.317030811,0.268951225
0.045459995,0.331433678,0.280406102
0.026938297,0.345218032,0.291392387
0.007672108,0.358351341,0.301884958
-0.012289216,0.370822125,0.311874418
-0.032922408,0.382594221,0.321332398
-0.054175494,0.393661407,0.330253121
-0.076012037,0.404002159,0.338619027
-0.098392795,0.413598039,0.346414776
-0.121275999,0.422434396,0.353627821
-0.144617823,0.430501141,0.360249053
-0.168377497,0.437784192,0.366266240
-0.192520171,0.444253696,0.371654864
-0.216985820,0.449939650,0.376436694
-0.241750287,0.454782317,0.380563938
-0.266752672,0.458825909,0.384069475
-0.291959101,0.462030277,0.386920591
-0.317323408,0.464394516,0.389115075
-0.342798679,0.465931170,0.390661282
-0.368341836,0.466634058,0.391552940
-0.393908892,0.466499643,0.391785838
-0.419455321,0.465527233,0.391357989
-0.444936504,0.463719134,0.390269779
-0.470308234,0.461080769,0.388524069
-0.495527284,0.457620738,0.386126267
-0.520552020,0.453350793,0.383084327
-0.545343066,0.448285748,0.379408697
-0.569842815,0.442392524,0.375071543
-0.594016403,0.435709293,0.370101885
-0.617837919,0.428277510,0.364531620
-0.641247182,0.420068362,0.358336237
-0.664201925,0.411099191,0.351528163
-0.686704786,0.401445252,0.344166825
-0.708633834,0.391007830,0.336170821
-0.730053616,0.379938561,0.327661648
-0.750824988,0.368133939,0.318553656
-0.771024840,0.355736212,0.308961310
-0.790487056,0.342636521,0.298793994
-0.809314386,0.328982500,0.288171176
-0.827357848,0.314699091,0.277029434
-0.844663830,0.299871553,0.265437419
-0.861205429,0.284524444,0.253413807
-0.876859807,0.268624510,0.240928962
-0.891724802,0.252274576,0.228066852
-0.905715899,0.235467521,0.214819562
-0.918758522,0.218209256,0.201189763
-0.930935604,0.200577690,0.187241332
-0.942202014,0.182589087,0.172985935
-0.952416576,0.164232222,0.158410917
-0.961703623,0.145588037,0.143583682
-0.970046854,0.126683904,0.128525471
-0.977338664,0.107528665,0.113240430
-0.983582297,0.088161588,0.097759751
-0.988841227,0.068629442,0.082122170
-0.993106014,0.048961930,0.066350973
-0.996265161,0.029181584,0.050461057
-0.998353798,0.009328847,0.034485405
-0.999430248,-0.010559545,0.018454673
-0.999492446,-0.030452897,0.002393135
-0.998458265,-0.050315737,-0.013673272
-0.996328751,-0.070110904,-0.029715069
-0.993190409,-0.089810488,-0.045707843
-0.989048655,-0.109384161,-0.061627417
-0.983846707,-0.128789697,-0.077441831
-0.977558347,-0.147984534,-0.093118052
-0.970295270,-0.166956005,-0.108643087
-0.962070104,-0.185675501,-0.123993936
-0.952813323,-0.204087200,-0.139128214
-0.942547046,-0.222158549,-0.154019553
-0.931369582,-0.239887512,-0.168663747
-0.919300099,-0.257248480,-0.183040016
-0.906201081,-0.274139262,-0.197071061
-0.892254885,-0.290603984,-0.210787037
-0.877487512,-0.306621254,-0.224170334
-0.861793366,-0.322086801,-0.237141195
-0.845308340,-0.337039147,-0.249726570
-0.828081195,-0.351471609,-0.261919917
-0.810001290,-0.365253956,-0.273621097
-0.791248595,-0.378478521,-0.284898509
-0.771777688,-0.391058358,-0.295684585
-0.751634918,-0.402983566,-0.305970335
-0.730880948,-0.414260376,-0.315759162
-0.709498609,-0.424811544,-0.324990486
-0.687584356,-0.434689363,-0.333703225
-0.665120721,-0.443806250,-0.341828664
-0.642186545,-0.452201075,-0.349395579
-0.618804767,-0.459838642,-0.356375651
-0.595005333,-0.466681370,-0.362738526
-0.570856782,-0.472776926,-0.368520205
-0.546370634,-0.478048327,-0.373659714
-0.521601539,-0.482509720,-0.378166965
-0.496597806,-0.486175381,-0.382052135
-0.471397621,-0.489029387,-0.385301829
-0.446040472,-0.491047618,-0.387896176
-0.420571227,-0.492219364,-0.389825772
-0.395036862,-0.492563441,-0.391104455
-0.369480558,-0.492075897,-0.391728205
-0.343946040,-0.490755904,-0.391695472
-0.318477040,-0.488605654,-0.391007087
-0.293119166,-0.485617654,-0.389656222
-0.267919032,-0.481789717,-0.387640214
-0.242916465,-0.477148543,-0.384979302
-0.218151729,-0.471707511,-0.381683218
-0.193682020,-0.465435598,-0.377726347
-0.169535434,-0.458382967,-0.373147635
-0.145768116,-0.450530785,-0.367931058
-0.122407850,-0.441919668,-0.362107995
-0.099512003,-0.432535751,-0.355666238
-0.077116247,-0.422405488,-0.348625747
-0.055258536,-0.411548996,-0.341001377
-0.033980202,-0.399981974,-0.332804344
-0.013319979,-0.387724025,-0.324048893
0.006683066,-0.374794874,-0.314749232
0.025979739,-0.361206261,-0.304912866
0.044553654,-0.346999667,-0.294571362
0.062347950,-0.332182433,-0.283728143
0.079344019,-0.316793016,-0.272411899
0.095501373,-0.300853473,-0.260637518
0.110783929,-0.284390593,-0.248423375
0.125159944,-0.267434716,-0.235790370
0.138601812,-0.250018778,-0.222761158
0.151085772,-0.232177564,-0.209359537
0.162569425,-0.213939222,-0.195602746
0.173042114,-0.195345219,-0.181519265
0.182471423,-0.176429512,-0.167130070
0.190832355,-0.157230110,-0.152458915
0.198109755,-0.137788194,-0.137531899
0.204277775,-0.118143533,-0.122372601
0.209326425,-0.098339703,-0.107007874
0.213245613,-0.078420291,-0.091463951
0.216012164,-0.058428951,-0.075765279
0.217632143,-0.038411633,-0.059939992
0.218083734,-0.018414429,-0.044013129
0.217377379,0.001516348,-0.028012604
0.215512410,0.021334318,-0.011965003
0.212484539,0.040991717,0.004102839
0.208306748,0.060442862,0.020163695
0.202991257,0.079642662,0.036190720
0.196548176,0.098545659,0.052156924
0.188990325,0.117106847,0.068035066
0.180346700,0.135287265,0.083799476
0.170624882,0.153040643,0.099421923
0.159862693,0.170333376,0.114878073
0.148078607,0.187124612,0.130140741
0.135300561,0.203378250,0.145184002
0.121562423,0.219062612,0.159983379
0.106896011,0.234146163,0.174514119
0.091332697,0.248597871,0.188751225
0.074903860,0.262387018,0.202669293
0.057657331,0.275497652,0.216249871
0.039612847,0.287890708,0.229462486
0.020821239,0.299555517,0.242290788
0.001318319,0.310469181,0.254711931
-0.018857433,0.320611954,0.266704407
-0.039664570,0.329968460,0.278248913
-0.061059527,0.338527855,0.289328692
-0.083013669,0.346257227,0.299913536
-0.105466612,0.353173423,0.310003024
-0.128392460,0.359238049,0.319562978
-0.151739078,0.364458550,0.328587359
-0.175464186,0.368826621,0.337060424
-0.199525438,0.372334190,0.344966446
-0.223878969,0.374977394,0.352292391
-0.248480017,0.376757204,0.359028548
-0.273285572,0.377670274,0.365162304
-0.298254128,0.377697773,0.370669713
-0.323335583,0.376881389,0.375570192
-0.348490847,0.375176603,0.379820996
-0.373672875,0.372638466,0.383452244
-0.398838137,0.369224843,0.386421879
-0.423942671,0.364967925,0.388743559
-0.448944119,0.359881812,0.390417730
-0.473799241,0.353971296,0.391437636
-0.498464512,0.347243948,0.391798543
-0.522896526,0.339710220,0.391497914
-0.547052448,0.331383494,0.390535559
-0.570890527,0.322280076,0.388913755
-0.594370646,0.312419126,0.386637323
-0.617454912,0.301822500,0.383713655
-0.640108260,0.290514508,0.380152672
-0.662297469,0.278519447,0.375964740
-0.683940796,0.265802636,0.371104356
-0.705048520,0.252449788,0.365638432
-0.725598981,0.238492392,0.359585526
-0.745476335,0.223875523,0.352876864
-0.764735435,0.208710421,0.345609173
-0.783294267,0.192977337,0.337748193
-0.801135203,0.176717409,0.329320752
-0.818234530,0.159960923,0.320344077
-0.834548175,0.142729116,0.310823784
-0.850055968,0.125055076,0.300780071
-0.864753242,0.106980695,0.290243440
-0.878548981,0.088506419,0.279192800
-0.891538193,0.069712736,0.267711264
-0.903538561,0.050573281,0.255736038
-0.914659931,0.031165559,0.243351492
-0.924884961,0.011519325,0.230576030
-0.934053221,-0.008364359,0.217372749
-0.942307130,-0.028416784,0.203827054
-0.949627730,-0.048609652,0.189955887
-0.955827949,-0.068928034,0.175726590
-0.961070306,-0.089317630,0.161218417
-0.965344239,-0.109748146,0.146451806
-0.968545810,-0.130186731,0.131427205
-0.970684449,-0.150595689,0.116175358
-0.971833388,-0.170943670,0.100737198
-0.971989171,-0.191199509,0.085135507
-0.971031153,-0.211313417,0.069379646
-0.969032775,-0.231258138,0.053507503
-0.966043231,-0.251008927,0.037549377
-0.962066442,-0.270535189,0.021529358
-0.957008011,-0.289777258,0.005470458
-0.950919299,-0.308710899,-0.010596900
-0.943868414,-0.327322463,-0.026646377
-0.935866510,-0.345583300,-0.042653655
-0.926851590,-0.363432347,-0.058587051
-0.916838515,-0.380835441,-0.074417202
-0.905921560,-0.397798299,-0.090126292
-0.894118602,-0.414295477,-0.105690855
-0.881372793,-0.430255985,-0.121070491
-0.867715441,-0.445654685,-0.136238817
-0.853239497,-0.460509826,-0.151187828
-0.837968688,-0.474800295,-0.165895976
-0.821807509,-0.488408373,-0.180296579
-0.804891730,-0.501392848,-0.194402279
-0.787265924,-0.513749714,-0.208199596
-0.768880134,-0.525383798,-0.221628247
-0.749797702,-0.536303540,-0.234679779
-0.730100867,-0.546545931,-0.247362916
-0.709738724,-0.555995654,-0.259602383
-0.688797101,-0.564697121,-0.271411691
-0.667333024,-0.572668273,-0.282791080
-0.645301005,-0.579772473,-0.293647922
-0.622833427,-0.586147344,-0.304055323
-0.599893146,-0.591649815,-0.313913871
-0.576574178,-0.596376785,-0.323274868
-0.552877536,-0.600234299,-0.332067138
-0.528874875,-0.603295156,-0.340329008
-0.504576335,-0.605462343,-0.347984898
-0.480055854,-0.606842145,-0.355097904
-0.455323192,-0.607303874,-0.361567148
-0.430444419,-0.606946035,-0.367451701
-0.405455981,-0.605762801,-0.372738763
-0.380394513,-0.603668829,-0.377355510
-0.355310612,-0.600749189,-0.381354489
-0.330244455,-0.596997752,-0.384721852
-0.305238281,-0.592412099,-0.387446088
-0.280336077,-0.586991177,-0.389516333
-0.255584810,-0.580729972,-0.390918062
-0.231023797,-0.573660726,-0.391666623
-0.206695325,-0.565793412,-0.391759897
-0.182642457,-0.557137473,-0.391195192
-0.158913952,-0.547692338,-0.389960973
-0.135545161,-0.537489863,-0.388073234
-0.112573898,-0.526551448,-0.385539521
-0.090035866,-0.514900201,-0.382369145
-0.067998309,-0.502515445,-0.378531181
-0.046467342,-0.489464656,-0.374075150
-0.025508252,-0.475735770,-0.368977037
-0.005133914,-0.461379517,-0.363272137
0.014594207,-0.446394633,-0.356945386
0.033650603,-0.430817978,-0.350018643
0.052002891,-0.414677916,-0.342505720
0.069614699,-0.397999957,-0.334417288
0.086453173,-0.380812835,-0.325767152
0.102489098,-0.363147682,-0.316571641
0.117676261,-0.345027320,-0.306836738
0.132000954,-0.326492207,-0.296589059
0.145428119,-0.307572105,-0.285842005
0.157938507,-0.288303706,-0.274617646
0.169489636,-0.268716321,-0.262926731
0.180068404,-0.248850031,-0.250794700
0.189652550,-0.228741741,-0.238242088
0.198212014,-0.208427762,-0.225286643
0.205732828,-0.187948496,-0.211952588
0.212202996,-0.167344458,-0.198264237
0.217592724,-0.146655316,-0.184240220
0.221895799,-0.125923886,-0.169906768
0.225100249,-0.105192856,-0.155287933
0.227194721,-0.084505860,-0.140407897
0.228172482,-0.063907230,-0.125291841
0.228030799,-0.043441572,-0.109965515
0.226755632,-0.023156385,-0.094452829
0.224362887,-0.003094860,-0.078782292
0.220844126,0.016694494,-0.062978677
0.216216129,0.036168567,-0.047069645
0.210477397,0.055278458,-0.031081038
0.203646648,0.073981047,-0.015040282
0.195740792,0.092232987,0.001025725
0.186775655,0.109990220,0.017090086
0.176768753,0.127208829,0.033125557
0.165750967,0.143852290,0.049105399
0.153748196,0.159882241,0.065002903
0.140782263,0.175257333,0.080790451
0.126895795,0.189951543,0.096443031
0.112109674,0.203923362,0.111932274
0.096467844,0.217150324,0.127233743
0.080005138,0.229604008,0.142321526
0.062757613,0.241257800,0.157169787
0.044763730,0.252088357,0.171753270
0.026064416,0.262076360,0.186047732
0.006703050,0.271207456,0.200030550
-0.013284880,0.279457739,0.213675197
-0.033849753,0.286824954,0.226963323
-0.054959131,0.293281271,0.239865879
-0.076562943,0.298828957,0.252366203
-0.098619296,0.303458648,0.264442713
-0.121084577,0.307165859,0.276075946
-0.143918733,0.309937988,0.287242171
-0.167076072,0.311776956,0.297924631
-0.190511153,0.312689116,0.308109306
-0.214182831,0.312666860,0.317774488
-0.238047809,0.311709254,0.326901794
-0.262060597,0.309829856,0.335481333
-0.286178421,0.307031348,0.343497010
-0.310358051,0.303320793,0.350935323
-0.334556534,0.298710074,0.357785980
-0.358731383,0.293206421,0.364035728
-0.382837820,0.286804117,0.369661710
-0.406837663,0.279553306,0.374680794
-0.430682971,0.271427356,0.379054844
-0.454342094,0.262488678,0.382811576
-0.477758888,0.252696822,0.385900154
-0.500904934,0.242113303,0.388349054
-0.523740351,0.230753514,0.390151329
-0.546224501,0.218632908,0.391299744
-0.568317108,0.205769707,0.391789053
-0.589976959,0.192182374,0.391613772
-0.611170839,0.177902188,0.390780334
-0.631857040,0.162947872,0.389283233
-0.652002845,0.147350651,0.387129099
-0.671576564,0.131141341,0.384324748
-0.690549768,0.114352505,0.380879560
-0.708897786,0.097017982,0.376805381
-0.726572235,0.079152697,0.372091397
-0.743524686,0.060778215,0.366731188
-0.759778737,0.041960886,0.360778831
-0.775272179,0.022709523,0.354213589
-0.789965266,0.003053882,0.347038232
-0.803905141,-0.016941320,0.339315849
-0.816941663,-0.037292475,0.330971464
-0.829214411,-0.057905932,0.322126867
-0.840518784,-0.078803929,0.312679985
-0.851023778,-0.099899182,0.302760946
-0.860540551,-0.121194092,0.292287615
-0.869190069,-0.142626601,0.281352879
-0.876886269,-0.164170959,0.269937184
-0.883608544,-0.185790111,0.258056427
-0.889440264,-0.207443297,0.245773307
-0.894210477,-0.229095121,0.233038536
-0.898034809,-0.250708785,0.219925944
-0.900934341,-0.272252955,0.206465416
-0.902746638,-0.293673844,0.192623580
-0.903594595,-0.314948555,0.178468115
-0.903500103,-0.336048072,0.164027725
-0.902374569,-0.356918386,0.149300689
-0.900220455,-0.377521073,0.134313714
-0.897123497,-0.397843651,0.119111703
-0.893086465,-0.417854674,0.103716845
-0.887990778,-0.437473478,0.088132448
-0.881934654,-0.456697915,0.072401848
-0.874960673,-0.475510834,0.056554671
-0.867078653,-0.493882869,0.040614731
-0.858190318,-0.511723417,0.024600653
-0.848387961,-0.529040569,0.008546407
-0.837721390,-0.545825958,-0.007521161
-0.826207071,-0.562053644,-0.023577685
-0.813781845,-0.577637762,-0.039592724
-0.800499415,-0.592571485,-0.055538801
-0.786432877,-0.606869247,-0.071394375
-0.771604610,-0.620509675,-0.087135614
-0.755969678,-0.633405439,-0.102723327
-0.739574453,-0.645549016,-0.118132709
-0.722498495,-0.656972727,-0.133351422
-0.704769057,-0.667660692,-0.148357238
-0.686327374,-0.677486925,-0.163091048
-0.667275978,-0.686518781,-0.177554139
-0.647666142,-0.694770721,-0.191734321
-0.627488684,-0.702168335,-0.205585818
-0.606765883,-0.708675248,-0.219074856
-0.585587705,-0.714373340,-0.232217797
-0.563954553,-0.719190153,-0.244966105
-0.541889956,-0.723085812,-0.257283161
-0.519478135,-0.726159671,-0.269199457
-0.496707924,-0.728282063,-0.280633220
-0.473648062,-0.729530119,-0.291606716
-0.450336223,-0.729899781,-0.302101243
-0.426794846,-0.729323093,-0.312061960
-0.403087963,-0.727907832,-0.321533595
-0.379232863,-0.725524063,-0.330422176
-0.355289180,-0.722309668,-0.338794397
-0.331286553,-0.718152701,-0.346563075
-0.307272017,-0.713144715,-0.353769367
-0.283283613,-0.707263644,-0.360382493
-0.259367438,-0.700487786,-0.366368521
-0.235556999,-0.692893328,-0.371764120
-0.211898166,-0.684446754,-0.376527607
-0.188438032,-0.675148115,-0.380639184
-0.165207237,-0.665053098,-0.384123097
-0.142246701,-0.654169492,-0.386967335
-0.119597833,-0.642509047,-0.389162336
-0.097301886,-0.630087222,-0.390701092
-0.075399387,-0.616922864,-0.391579173
-0.053929655,-0.603037857,-0.391794694
-0.032930402,-0.588456741,-0.391348227
-0.012437412,-0.573206324,-0.390242676
0.007515695,-0.557315302,-0.388483116
0.026897644,-0.540813890,-0.386076624
0.045675263,-0.523729696,-0.383027737
0.063785652,-0.506066779,-0.379312807
0.081238910,-0.487890662,-0.374979803
0.097964310,-0.469203133,-0.370000247
0.113967386,-0.450060141,-0.364413765
0.129185667,-0.430474478,-0.358202616
0.143605980,-0.410489481,-0.351390077
0.157203587,-0.390140467,-0.343989160
0.169949369,-0.369461262,-0.336009965
0.181818467,-0.348488027,-0.327465841
0.192790198,-0.327258395,-0.318372761
0.202836632,-0.305808609,-0.308742569
0.211933030,-0.284176807,-0.298589533
0.220076682,-0.262404833,-0.287939514
0.227233684,-0.240530164,-0.276802012
0.233392292,-0.218594230,-0.265198254
0.238542261,-0.196638228,-0.253149655
0.242669059,-0.174703653,-0.240675625
0.245763340,-0.152832510,-0.227797721
0.247807804,-0.131068467,-0.214534659
0.248801955,-0.109454224,-0.200911275
0.248738928,-0.088033814,-0.186949938
0.247619246,-0.066850442,-0.172675118
0.245437493,-0.045949585,-0.158109454
0.242193821,-0.025376592,-0.143277217
0.237893100,-0.005176263,-0.128203703
0.232544195,0.014607408,-0.112914789
0.226159370,0.033931388,-0.097436624
0.218742824,0.052747764,-0.081793923
0.210316922,0.071016797,-0.066014112
0.200891695,0.088691248,-0.050122823
0.190495646,0.105734331,-0.034147576
0.179147101,0.122102465,-0.018114760
0.166870933,0.137755560,-0.002051442
0.153700238,0.152660080,0.014015269
0.139666117,0.166781422,0.030058544
0.124795955,0.180080868,0.046051030
0.109130614,0.192533186,0.061966094
0.092708689,0.204112502,0.077777366
0.075562130,0.214784919,0.093457009
0.057739000,0.224537956,0.108980211
0.039276272,0.233345891,0.124319906
0.020215814,0.241190491,0.139449967
0.000602837,0.248060857,0.154345754
-0.019519713,0.253944338,0.168982124
-0.040107590,0.258832741,0.183334923
-0.061119340,0.262712929,0.197378183
-0.082508951,0.265584173,0.211089451
-0.104232120,0.267444945,0.224446123
-0.126244202,0.268297962,0.237427085
-0.148503977,0.268134746,0.250006660
-0.170966100,0.266965444,0.262166300
-0.193587791,0.264792005,0.273884106
-0.216325882,0.261619397,0.285139193
-0.239136758,0.257468306,0.295918399
-0.261979018,0.252336553,0.306197444
-0.284810827,0.246251323,0.315967077
-0.307589532,0.239200403,0.325196566
-0.330275025,0.231219741,0.333881885
-0.352826776,0.222322492,0.342006589
-0.375204863,0.212526098,0.349556723
-0.397370757,0.201852538,0.356521434
-0.419284939,0.190318807,0.362886587
-0.440903530,0.177933295,0.368630905
-0.462201228,0.164751152,0.373768517
-0.483127461,0.150764305,0.378265482
-0.503663840,0.136033878,0.382143058
-0.523749118,0.120541079,0.385355352
-0.543372471,0.104353567,0.387931469
-0.562497835,0.087493820,0.389861956
-0.581087895,0.069984905,0.391136934
-0.599099043,0.051846127,0.391740845
-0.616515080,0.033125864,0.391689518
-0.633306526,0.013856322,0.390982489
-0.649446280,-0.005928415,0.389621690
-0.664898910,-0.026199736,0.387601291
-0.679629413,-0.046926064,0.384917280
-0.693628914,-0.068060609,0.381589017
-0.706881466,-0.089563959,0.377627840
-0.719375334,-0.111396943,0.373047450
-0.731031117,-0.133543734,0.367809518
-0.741874256,-0.155947135,0.361959100
-0.751923859,-0.178562290,0.355531048
-0.761049917,-0.201375217,0.348456380
-0.769356574,-0.224321929,0.340829995
-0.776754994,-0.247376335,0.332613502
-0.783273524,-0.270492874,0.323847601
-0.788874708,-0.293634798,0.314529715
-0.793580393,-0.316761206,0.304694291
-0.797329568,-0.339830866,0.294327320
-0.800217842,-0.362813293,0.283501065
-0.802076266,-0.385647778,0.272148472
-0.803073546,-0.408322091,0.260375079
-0.803106464,-0.430778302,0.248150974
-0.802181518,-0.452978067,0.235500302
-0.800383436,-0.474908829,0.222479485
-0.797598335,-0.496494361,0.209062074
-0.793882159,-0.517714273,0.195291757
-0.789297248,-0.538557360,0.181211107
-0.783780509,-0.558956872,0.166818503
-0.777316494,-0.578862533,0.152131574
-0.770004692,-0.598287712,0.137201688
-0.761854121,-0.617201927,0.122050346
-0.752760673,-0.635495133,0.106674846
-0.742830356,-0.653193912,0.091123376
-0.732103168,-0.670287531,0.075425161
-0.720594531,-0.686748966,0.059603641
-0.708213705,-0.702453598,0.043671733
-0.695077186,-0.717455439,0.027669219
-0.681220252,-0.731744364,0.011622230
-0.666664084,-0.745298081,-0.004444917
-0.651352009,-0.758001418,-0.020504292
-0.635365599,-0.769892038,-0.036527954
-0.618757608,-0.780983322,-0.052491995
-0.601554044,-0.791258706,-0.068372310
-0.583723919,-0.800612259,-0.084130780
-0.565327188,-0.809067232,-0.099744517
-0.546426129,-0.816661289,-0.115196935
-0.527050393,-0.823384300,-0.130465217
-0.507173490,-0.829105671,-0.145495495
-0.486874598,-0.833902856,-0.160282416
-0.466202210,-0.837804984,-0.174812972
-0.445172730,-0.840763164,-0.189051540
-0.423797638,-0.842695517,-0.202947858
-0.402155031,-0.843725541,-0.216521704
-0.380272141,-0.843831010,-0.229745284
-0.358157997,-0.842881636,-0.242544070
-0.335884243,-0.841039540,-0.254962172
-0.313476263,-0.838246078,-0.266953551
-0.290967189,-0.834450907,-0.278472041
-0.268405162,-0.829788876,-0.289561069
-0.245822979,-0.824104089,-0.300118615
-0.223259974,-0.817550906,-0.310203647
-0.200758487,-0.810047790,-0.319748079
-0.178351636,-0.801662688,-0.328768636
-0.156084826,-0.792366780,-0.337223465
-0.133985832,-0.782224278,-0.345130454
-0.112110574,-0.771181852,-0.352428610
-0.090469136,-0.759353176,-0.359172458
-0.069134936,-0.746647697,-0.365271038
-0.048118294,-0.733166161,-0.370771895
-0.027450727,-0.718931493,-0.375668852
-0.007197282,-0.703910863,-0.379906562
0.012622755,-0.688164587,-0.383505889
0.031981443,-0.671727465,-0.386469098
0.050841996,-0.654620717,-0.388786091
0.069168604,-0.636869195,-0.390449287
0.086926928,-0.618500940,-0.391453669
0.104084494,-0.599546711,-0.391796765
0.120610997,-0.580039521,-0.391478573
0.136478527,-0.560014173,-0.390501447
0.151661724,-0.539506823,-0.388869948
0.166137857,-0.518554574,-0.386590670
0.179873274,-0.497188381,-0.383660590
0.192826364,-0.475437631,-0.380071222
0.205013373,-0.453357798,-0.375861571
0.216363493,-0.430967896,-0.371000638
0.226902633,-0.408323024,-0.365532802
0.236570931,-0.385450608,-0.359437839
0.245368307,-0.362396346,-0.352739944
0.253279484,-0.339200586,-0.345451573
0.260284451,-0.315903455,-0.337582241
0.266367976,-0.292546351,-0.329144821
0.271519307,-0.269171108,-0.320154910
0.275731701,-0.245819352,-0.310630205
0.278969054,-0.222535607,-0.300572627
0.281259589,-0.199359403,-0.290018807
0.282563888,-0.176338046,-0.278969736
0.282898614,-0.153511413,-0.267455006
0.282253925,-0.130923843,-0.255490743
0.280626097,-0.108619506,-0.243096194
0.278016656,-0.086641737,-0.230292841
0.274431581,-0.065032595,-0.217103690
0.269863308,-0.043840700,-0.203546577
0.264333360,-0.023102703,-0.189649883
0.257833559,-0.002870303,-0.175431384
0.250385972,0.016819206,-0.160918885
0.242001032,0.035921885,-0.146135952
0.232693852,0.054395478,-0.131107376
0.222483415,0.072199515,-0.115858677
0.211382064,0.089286782,-0.100413815
0.199422306,0.105625539,-0.084800862
0.186624206,0.121172769,-0.069045036
0.173019581,0.135895592,-0.053173395
0.158632264,0.149751634,-0.037211868
0.143501515,0.162714972,-0.021188016
0.127661348,0.174753990,-0.005128513
0.111143697,0.185832690,0.010939673
0.093992266,0.195931547,0.026989387
0.076248127,0.205028571,0.042993848
0.057950539,0.213098531,0.058925894
0.039143380,0.220124732,0.074758666
0.019872879,0.226097757,0.090466207
0.000180084,0.230996963,0.106020881
-0.019887170,0.234820485,0.121397502
-0.040283754,0.237562654,0.136570394
-0.060965273,0.239217472,0.151513546
-0.081886826,0.239782728,0.166201380
-0.103003278,0.239260643,0.180609129
-0.124269686,0.237658623,0.194713373
-0.145642019,0.234988463,0.208492222
-0.167078053,0.231241190,0.221916722
-0.188534154,0.226444516,0.234969913
-0.209968735,0.220606846,0.247628553
-0.231340353,0.213739161,0.259869975
-0.252608162,0.205857253,0.271673243
-0.273732678,0.196982314,0.283019916
-0.294676815,0.187141497,0.293894995
-0.315396775,0.176331393,0.304267593
-0.335862807,0.164604864,0.314136453
-0.356031555,0.151962075,0.323471816
-0.375869349,0.138436080,0.332262215
-0.395342896,0.124057173,0.340495305
-0.414418021,0.108851994,0.348156699
-0.433062945,0.092851183,0.355235001
-0.451243118,0.076080206,0.361714958
-0.468920132,0.058561162,0.367577348
-0.486081529,0.040350867,0.372833387
-0.502679892,0.021458641,0.377452913
-0.518706327,0.001940959,0.381449461
-0.534106698,-0.018194746,0.384787417
-0.548883462,-0.038885074,0.387490718
-0.563007418,-0.060099294,0.389549498
-0.576432205,-0.081816122,0.390938455
-0.589149541,-0.103985853,0.391669137
-0.601142393,-0.126567159,0.391743982
-0.612390133,-0.149521347,0.391161975
-0.622874846,-0.172808425,0.389924477
-0.632581660,-0.196387533,0.388035315
-0.641486626,-0.220220640,0.385490927
-0.649555746,-0.244269627,0.382280701
-0.656805422,-0.268484652,0.378433734
-0.663233695,-0.292824151,0.373963264
-0.668826490,-0.317249254,0.368873047
-0.673510898,-0.341719276,0.363125972
-0.677368918,-0.366188818,0.356795918
-0.680352907,-0.390618226,0.349863269
-0.682437116,-0.414960909,0.342326323
-0.683693640,-0.439186889,0.334246560
-0.684000813,-0.463232613,0.325560621
-0.683501360,-0.487088184,0.316372746
-0.682047939,-0.510673344,0.306607397
-0.679779843,-0.533989414,0.296362440
-0.676600727,-0.556961158,0.285596575
-0.672567727,-0.579569474,0.274356940
-0.667713767,-0.601789217,0.262675730
-0.661935919,-0.623525202,0.250514121
-0.655378650,-0.644812785,0.237961581
-0.647983189,-0.665576066,0.225003630
-0.639734432,-0.685759062,0.211649553
-0.630732946,-0.705388428,0.197960921
-0.620947377,-0.724397878,0.183939224
-0.610339873,-0.742706685,0.169586515
-0.599021516,-0.760363858,0.154963840
-0.587007335,-0.777341129,0.140091926
-0.574219028,-0.793506009,0.124962723
-0.560754087,-0.808908281,0.109627409
-0.546653600,-0.823546076,0.094115717
-0.531938095,-0.837395771,0.078450617
-0.516537058,-0.850300530,0.062638288
-0.500570303,-0.862365395,0.046725956
-0.484064609,-0.873574744,0.030738160
-0.467045121,-0.883910761,0.014699066
-0.449472042,-0.893227648,-0.001367348
-0.431436608,-0.901619145,-0.017430036
-0.412976102,-0.909089689,-0.033464196
-0.394119176,-0.915628085,-0.049445547
-0.374853861,-0.921108214,-0.065337455
-0.355244298,-0.925596310,-0.081118215
-0.335336199,-0.929126248,-0.096767594
-0.315160441,-0.931693929,-0.112262279
-0.294720428,-0.933165579,-0.127552029
-0.274075787,-0.933634784,-0.142628125
-0.253266656,-0.933138438,-0.157475368
-0.232321917,-0.931652079,-0.172064590
-0.211266460,-0.929059127,-0.186336516
-0.190150944,-0.925514822,-0.200310831
-0.169006665,-0.921027616,-0.213968436
-0.147870551,-0.915442063,-0.227227677
-0.126777482,-0.908918593,-0.240121261
-0.105757511,-0.901487012,-0.252638622
-0.084867711,-0.892978166,-0.264678999
-0.064119381,-0.883596721,-0.276307586
-0.043559823,-0.873279167,-0.287468306
-0.023229859,-0.862021232,-0.298130841
-0.003140352,-0.849929347,-0.308325597
0.016630442,-0.836885611,-0.317955248
0.036106189,-0.823073164,-0.327101997
0.055185140,-0.808348782,-0.335642928
0.073903963,-0.792891056,-0.343667794
0.092168717,-0.776603663,-0.351075997
0.109992264,-0.759596458,-0.357915944
0.127332591,-0.741873696,-0.364159623
0.144131201,-0.723431042,-0.369764364
0.160401404,-0.704353846,-0.374770150
0.176106178,-0.684658785,-0.379156968
0.191172871,-0.664336799,-0.382870555
0.205619006,-0.643467077,-0.385951683
0.219414511,-0.622078749,-0.388389732
0.232531094,-0.600204317,-0.390176561
0.244942626,-0.577879108,-0.391306571
0.256625413,-0.555140716,-0.391776703
0.267558401,-0.532028468,-0.391586383
0.277723282,-0.508582908,-0.390737410
0.287104547,-0.484845331,-0.389233822
0.295689471,-0.460857352,-0.387081726
0.303443408,-0.436655450,-0.384270016
0.310354817,-0.412283469,-0.380806430
0.316441676,-0.387788167,-0.376720437
0.321636934,-0.363205949,-0.371978161
0.325986935,-0.338584291,-0.366629175
0.329438266,-0.313964774,-0.360650970
0.332003414,-0.289391622,-0.354068138
0.333677902,-0.264907719,-0.346892842
0.334452130,-0.240557069,-0.339133986
0.334321535,-0.216383776,-0.330803949
0.333286083,-0.192431282,-0.321917942
0.331349750,-0.168741803,-0.312493421
0.328499862,-0.145363724,-0.302538187
0.324751966,-0.122336192,-0.292076377
0.320103310,-0.099705637,-0.281121633
0.314568371,-0.077511075,-0.269696833
0.308148647,-0.055798316,-0.257817814
0.300851637,-0.034611432,-0.245503649
0.292689801,-0.013992302,-0.232775735
0.283679662,0.006019609,-0.219657062
0.273840641,0.025386998,-0.206171471
0.263174418,0.044056485,-0.192335089
0.251714638,0.062000517,-0.178177367
0.239477933,0.079176408,-0.163720163
0.226485711,0.095544071,-0.148987121
0.212763522,0.111066324,-0.134003133
0.198340231,0.125708772,-0.118793844
0.183247362,0.139439647,-0.103385286
0.167513645,0.152221665,-0.087802424
0.151175075,0.164026714,-0.072071967
0.134267076,0.174824588,-0.056220203
0.116830444,0.184594200,-0.040274195
0.098899998,0.193300627,-0.024260006
0.080521723,0.200931742,-0.008205208
0.061738366,0.207469215,0.007863390
0.042592853,0.212894088,0.023918814
0.023130014,0.217191860,0.039933844
0.003397423,0.220360052,0.055881877
-0.016559726,0.222388879,0.071735957
-0.036695332,0.223272718,0.087469059
-0.056962416,0.223017410,0.103055442
-0.077315548,0.221622215,0.118468451
-0.097709307,0.219090084,0.133681597
-0.118098837,0.215434527,0.148670204
-0.138440377,0.210664887,0.163408813
-0.158691090,0.204794769,0.177872762
-0.178809662,0.197842646,0.192038697
-0.198753025,0.189812785,0.205878725
-0.218485004,0.180743958,0.219375667
-0.237962757,0.170638199,0.232500210
-0.257152197,0.159532173,0.245235156
-0.276016256,0.147446811,0.257557811
-0.294519636,0.134407452,0.269447137
-0.312629674,0.120444218,0.280884496
-0.330312732,0.105583381,0.291849523
-0.347533512,0.089848805,0.302319908
-0.364268959,0.073284726,0.312285715
-0.380487600,0.055918883,0.321727688
-0.396153783,0.037774413,0.330622456
-0.411248922,0.018897790,0.338963281
-0.425746656,-0.000676898,0.346735360
-0.439623849,-0.020912308,0.353926773
-0.452852410,-0.041776085,0.360520923
-0.465403897,-0.063234382,0.366501100
-0.477277806,-0.085231655,0.371875433
-0.488434745,-0.107743899,0.376617147
-0.498873017,-0.130719085,0.380732839
-0.508553329,-0.154129624,0.384196298
-0.517489281,-0.177918102,0.387026726
-0.525652566,-0.202050538,0.389207356
-0.533009734,-0.226491468,0.390717657
-0.539573546,-0.251188205,0.391575458
-0.545330948,-0.276099045,0.391776955
-0.550271552,-0.301181217,0.391320580
-0.554387888,-0.326391291,0.390207124
-0.557675616,-0.351685656,0.388439842
-0.560133696,-0.377021072,0.386024498
-0.561744783,-0.402354140,0.382954274
-0.562491303,-0.427638084,0.379222708
-0.562408535,-0.452831447,0.374863427
-0.561508252,-0.477895468,0.369891474
-0.559744291,-0.502778389,0.364279074
-0.557136960,-0.527438034,0.358048426
-0.553747237,-0.551852147,0.351250146
-0.549465807,-0.575937691,0.343812451
-0.544420325,-0.599698938,0.335833495
-0.538533916,-0.623059035,0.327265671
-0.531881541,-0.646008938,0.318168429
-0.524413680,-0.668476257,0.308514675
-0.516219232,-0.690469499,0.298371949
-0.507209095,-0.711880205,0.287688136
-0.497522727,-0.732764215,0.276562583
-0.487052429,-0.752984448,0.264933259
-0.475904101,-0.772581840,0.252875852
-0.464099391,-0.791529639,0.240411341
-0.451564278,-0.809695310,0.227503122
-0.438427129,-0.827163913,0.214237410
-0.424688647,-0.843885920,0.200622536
-0.410294028,-0.859727148,0.186637089
-0.395358827,-0.874783288,0.172355687
-0.379903594,-0.889029502,0.157798198
-0.363883759,-0.902322569,0.142952593
-0.347376904,-0.914721778,0.127869768
-0.330426608,-0.926239715,0.112581582
-0.313054985,-0.936850452,0.097109304
-0.295231994,-0.946392048,0.081455160
-0.277051340,-0.954996036,0.065671182
-0.258540564,-0.962648162,0.049781020
-0.239727376,-0.969333932,0.033808494
-0.220601936,-0.974885552,0.017772460
-0.201241183,-0.979450524,0.001709407
-0.181674998,-0.983021680,-0.014356311
-0.161933624,-0.985593574,-0.030400333
-0.142031585,-0.987020664,-0.046388383
-0.122021093,-0.987419683,-0.062298326
-0.101936165,-0.986813231,-0.078107302
-0.081807726,-0.985203298,-0.093791595
-0.061669298,-0.982453802,-0.109303670
-0.041557684,-0.978681230,-0.124633335
-0.021503632,-0.973922348,-0.139762514
-0.001539182,-0.968171985,-0.154665506
0.018282546,-0.961297164,-0.169280059
0.037948061,-0.953470665,-0.183622994
0.057428616,-0.944707004,-0.197674289
0.076662829,-0.934897895,-0.211369194
0.095634847,-0.924136928,-0.224710205
0.114330460,-0.912494838,-0.237697479
0.132675922,-0.899869206,-0.250257625
0.150666430,-0.886357241,-0.262402302
0.168294753,-0.872029425,-0.274137063
0.185453341,-0.856750436,-0.285357127
0.202199516,-0.840716876,-0.296138069
0.218444884,-0.823849267,-0.306398821
0.234193688,-0.806227494,-0.316155352
0.249405282,-0.787862969,-0.325378016
0.264055371,-0.768787666,-0.334053102
0.278115492,-0.749033200,-0.342163628
0.291578481,-0.728648646,-0.349711882
0.304378754,-0.707629871,-0.356646501
0.316559607,-0.686070674,-0.363015950
0.328024989,-0.663945361,-0.368741899
0.338799157,-0.641329287,-0.373855178
0.348874767,-0.618265257,-0.378356993
0.358208402,-0.594775648,-0.382217428
0.366765647,-0.570894473,-0.385415400
0.374563774,-0.546679296,-0.387973544
0.381583557,-0.522168089,-0.389883169
0.387808528,-0.497401138,-0.391138102
0.393225132,-0.472420425,-0.391734703
0.397822789,-0.447269048,-0.391671819
0.401593889,-0.421990689,-0.390950696
0.404533728,-0.396629134,-0.389574839
0.406640395,-0.371227846,-0.387549864
0.407878873,-0.345831495,-0.384856047
0.408272208,-0.320484699,-0.381518440
0.407835942,-0.295228555,-0.377555721
0.406513423,-0.270115849,-0.372932775
0.404366638,-0.245179969,-0.367702817
0.401353267,-0.220474909,-0.361841927
0.397496801,-0.196040233,-0.355374558
0.392804216,-0.171918405,-0.348312847
0.387276995,-0.148154634,-0.340665069
0.380921628,-0.124793012,-0.332443088
0.373748915,-0.101875872,-0.323661710
0.365773310,-0.079443352,-0.314338078
0.357004552,-0.057538782,-0.304486056
0.347448653,-0.036209610,-0.294117081
0.337134717,-0.015486395,-0.283257544
0.326074561,0.004587324,-0.271922285
0.314279489,0.023964910,-0.260125886
0.301778237,0.042615763,-0.247893601
0.288591955,0.060501982,-0.235245569
0.274737103,0.077578102,-0.222198939
0.260245936,0.093816813,-0.208779922
0.245144480,0.109182661,-0.195010579
0.229459905,0.123640257,-0.180913236
0.213220230,0.137152871,-0.166510350
0.196461051,0.149695448,-0.151828038
0.179215673,0.161237844,-0.136890612
0.161520107,0.171753548,-0.121723302
0.143408621,0.181208473,-0.106350032
0.124924232,0.189589002,-0.090798539
0.106106613,0.196871298,-0.075094414
0.086997624,0.203035406,-0.059263874
0.067640816,0.208064492,-0.043333556
0.048081842,0.211950978,-0.027330572
0.028365243,0.214678278,-0.011281457
0.008537725,0.216240372,0.004786603
-0.011353732,0.216637829,0.020846593
-0.031262616,0.215870569,0.036871714
-0.051141897,0.213930657,0.052834417
-0.070945578,0.210835327,0.068708475
-0.090628034,0.206590005,0.084467083
-0.110144003,0.201203508,0.100083347
-0.129450088,0.194692687,0.115531290
-0.148504570,0.187077410,0.130785519
-0.167265458,0.178373128,0.145819729
-0.185692538,0.168600330,0.160608278
-0.203747700,0.157783592,0.175126365
-0.221393760,0.145947692,0.189349179
-0.238598279,0.133125870,0.203254666
-0.255325829,0.119342375,0.216818016
-0.271546922,0.104631938,0.230018121
-0.287225276,0.089016292,0.242828482
-0.302337607,0.072537727,0.255231466
-0.316856326,0.055229381,0.267205942
-0.330757530,0.037128265,0.278733090
-0.344006162,0.018258098,0.289785632
-0.356592626,-0.001328583,0.300354543
-0.368488005,-0.021602172,0.310416491
-0.379682488,-0.042514714,0.319961964
-0.390141162,-0.064040818,0.328962746
-0.399856419,-0.086131800,0.337410645
-0.408814454,-0.108745664,0.345292819
-0.417002124,-0.131840723,0.352596846
-0.424398797,-0.155379442,0.359304567
-0.430989863,-0.179319714,0.365402220
-0.436785239,-0.203609603,0.370894690
-0.441757177,-0.228214257,0.375758200
-0.445909746,-0.253085420,0.379993172
-0.449223438,-0.278183150,0.383581951
-0.451720928,-0.303457156,0.386539421
-0.453368517,-0.328869213,0.388836846
-0.454169909,-0.354372789,0.390474399
-0.454138137,-0.379922139,0.391459636
-0.453270970,-0.405473548,0.391788233
-0.451569005,-0.430982865,0.391458069
-0.449035808,-0.456405942,0.390469368
-0.445678016,-0.481699139,0.388824809
-0.441505371,-0.506819893,0.386529582
-0.436530686,-0.531727322,0.383591403
-0.430737508,-0.556370448,0.379994409
-0.424140445,-0.580705326,0.375747579
-0.416782990,-0.604703680,0.370883521
-0.408687522,-0.628333473,0.365418030
-0.399780607,-0.651503759,0.359288212
-0.390176919,-0.674231493,0.352585270
-0.379853845,-0.696456343,0.345288046
-0.368813880,-0.718125237,0.337395566
-0.357125945,-0.739244664,0.328962471
-0.344737972,-0.759711573,0.319942086
-0.331750417,-0.779569152,0.310415933
-0.318115323,-0.798707585,0.300340232
-0.303907806,-0.817154068,0.289775681
-0.289135624,-0.834856847,0.278725601
-0.273801027,-0.851752866,0.267188366
-0.257991268,-0.867906641,0.255236293
-0.241649618,-0.883151602,0.242815671
-0.224866537,-0.897569058,0.230002268
-0.207679764,-0.911161415,0.216826011
-0.190046215,-0.923743366,0.203242987
-0.172061823,-0.935442093,0.189335757
-0.153755632,-0.946245739,0.175126639
-0.135119389,-0.956015266,0.160601723
-0.116207820,-0.964800335,0.145806902
-0.097064555,-0.972635420,0.130778499
-0.077715649,-0.979492739,0.115535644
-0.058170429,-0.985218213,0.100077544
-0.038489447,-0.989955302,0.084459693
-0.018702653,-0.993695357,0.068705323
0.001160558,-0.996409883,0.052836178
0.021069782,-0.997970595,0.036869517
0.040984663,-0.998518784,0.020844750
0.060874459,-0.998053189,0.004786137
0.080708434,-0.996574306,-0.011281981
0.100437025,-0.993921520,-0.027328893
0.120040077,-0.990262030,-0.043329798
0.139487499,-0.985602941,-0.059260511
0.158749462,-0.979952180,-0.075097013
0.177759812,-0.973173350,-0.090794192
0.196514168,-0.965409605,-0.106341004
0.214987966,-0.956690825,-0.121716437
0.233150720,-0.947024135,-0.136896007
0.250917121,-0.936281203,-0.151819034
0.268313933,-0.924636486,-0.166497465
0.285316084,-0.912109842,-0.180910433
0.301852950,-0.898634779,-0.195005618
0.317903834,-0.884254666,-0.208764382
0.333482539,-0.869065598,-0.222192581
0.348522966,-0.853026248,-0.235240165
0.362985842,-0.836147207,-0.247875563
0.376910061,-0.818544945,-0.260123401
0.390196535,-0.800152408,-0.271908948
0.402863281,-0.781051567,-0.283242163
0.414911902,-0.761298121,-0.294121428
0.426237068,-0.740841499,-0.304466255
0.436939595,-0.719828403,-0.314348615
0.446858598,-0.698173731,-0.323646002
0.456125626,-0.676031134,-0.332454289
0.464578639,-0.653334324,-0.340649122
0.472339568,-0.630211533,-0.348320105
0.479276000,-0.606631313,-0.355364499
0.485457469,-0.582680119,-0.361832755
0.490860483,-0.558388233,-0.367704866
0.495414512,-0.533775817,-0.372924301
0.499182154,-0.508911367,-0.377536982
0.502145422,-0.483830484,-0.381527013
0.504263487,-0.458568144,-0.384860564
0.505539498,-0.433172022,-0.387537818
0.505989747,-0.407688618,-0.389569375
0.505608248,-0.382160587,-0.390948497
0.504392262,-0.356631609,-0.391670965
0.502342229,-0.331145805,-0.391735052
0.499461634,-0.305747208,-0.391141442
0.495756831,-0.280479298,-0.389893109
0.491233585,-0.255385482,-0.387992570
0.485868210,-0.230518702,-0.385418724
0.479708013,-0.205911981,-0.382207268
0.472763388,-0.181606280,-0.378364468
0.465005051,-0.157662091,-0.373864442
0.456493298,-0.134099662,-0.368753661
0.447204529,-0.110980276,-0.363010632
0.437170995,-0.088336552,-0.356659107
0.426410932,-0.066207319,-0.349711476
0.414936897,-0.044636233,-0.342175362
0.402766129,-0.023664632,-0.334062100
0.389919700,-0.003331068,-0.325386069
0.376421743,0.016328966,-0.316164085
0.362298785,0.035283158,-0.306414869
0.347558373,0.053474621,-0.296140763
0.332247317,0.070895460,-0.285377314
0.316374005,0.087485657,-0.274126860
0.299977125,0.103227064,-0.262417509
0.283084370,0.118085372,-0.250267528
0.265725951,0.132028937,-0.237696928
0.247934803,0.145030357,-0.224727684
0.229739944,0.157050346,-0.211377425
0.211181569,0.168075600,-0.197673722
0.192292220,0.178070288,-0.183636017
0.173112046,0.187019278,-0.169290560
0.153678754,0.194896979,-0.154660241
0.134032465,0.201682628,-0.139769467
0.114214981,0.207359753,-0.124643585
0.094269238,0.211915678,-0.109308465
0.074238667,0.215334373,-0.093789289
0.054168124,0.217604554,-0.078112076
0.034103256,0.218723424,-0.062303772
0.014090091,0.218684469,-0.046390641
-0.005824368,0.217482637,-0.030399281
-0.025594154,0.215126481,-0.014356969
-0.045172918,0.211619893,0.001709548
-0.064512558,0.206962071,0.017773170
-0.083569433,0.201173473,0.033806861
-0.102299583,0.194269143,0.049783909
-0.120657072,0.186258439,0.065676905
-0.138601936,0.177167614,0.081459557
-0.156093273,0.167017696,0.097105240
-0.173092846,0.155834613,0.112587808
-0.189561197,0.143640749,0.127880283
-0.205466476,0.130471200,0.142958054
-0.220774738,0.116355098,0.157795413
-0.235454726,0.101324684,0.172367276
-0.249478613,0.085415533,0.186649634
-0.262819538,0.068662878,0.200618558
-0.275447068,0.051097380,0.214247907
-0.287346258,0.032765568,0.227518672
-0.298494812,0.013704129,0.240408104
-0.308866796,-0.006053610,0.252891092
-0.318450733,-0.026462164,0.264949815
-0.327223614,-0.047486237,0.276559988
-0.335176896,-0.069080032,0.287705075
-0.342307056,-0.091196739,0.298371652
-0.348581558,-0.113807020,0.308528934
-0.354014569,-0.136855225,0.318173855
-0.358586831,-0.160304837,0.327283221
-0.362285844,-0.184114764,0.335837523
-0.365117812,-0.208236957,0.343829192
-0.367080303,-0.232627994,0.351245320
-0.368160713,-0.257246844,0.358065978
-0.368360973,-0.282047960,0.364280775
-0.367699512,-0.306984628,0.369891195
-0.366162396,-0.332015644,0.374876093
-0.363758868,-0.357095821,0.379230447
-0.360491117,-0.382181361,0.382944341
-0.356389004,-0.407229811,0.386028742
-0.351415439,-0.432193770,0.388443578
-0.345611551,-0.457032218,0.390208547
-0.338989461,-0.481703014,0.391321506
-0.331557939,-0.506163223,0.391777618
-0.323328599,-0.530370119,0.391574215
-0.314315933,-0.554281638,0.390710953
-0.304537294,-0.577856882,0.389189929
-0.294012800,-0.601056664,0.387015758
-0.282765165,-0.623844082,0.384195598
-0.270819429,-0.646185123,0.380739107
-0.258157626,-0.668012942,0.376615358
-0.244834257,-0.689310919,0.371860510
-0.230890344,-0.710060823,0.366500296
-0.216320638,-0.730201993,0.360514909
-0.201146315,-0.749690936,0.353908717
-0.185443361,-0.768555236,0.346745512
-0.169156374,-0.786657646,0.338948149
-0.152398868,-0.804081871,0.330623064
-0.135132737,-0.820699987,0.321708460
-0.117445776,-0.836578813,0.312287226
-0.099309798,-0.851583952,0.302303291
-0.080822681,-0.865828329,0.291859109
-0.061938773,-0.879107216,0.280867274
-0.042758276,-0.891568508,0.269441103
-0.023281548,-0.903101952,0.257552163
-0.003541768,-0.913682910,0.245218824
0.016405602,-0.923383681,0.232501341
0.036554577,-0.932054446,0.219365210
0.056855057,-0.939756191,0.205863752
0.077267987,-0.946525769,0.192035757
0.097769283,-0.952244132,0.177868279
0.118319354,-0.956930844,0.163396026
0.138881737,-0.960649588,0.148662844
0.159424723,-0.963377369,0.133686487
0.179904350,-0.964965113,0.118461097
0.200293852,-0.965566305,0.103046627
0.220561975,-0.965178322,0.087465799
0.240670384,-0.963762666,0.071737308
0.260565806,-0.961231974,0.055878331
0.280238126,-0.957716716,0.039930381
0.299656857,-0.953221615,0.023917520
0.318785205,-0.947732777,0.007863698
0.337550819,-0.941143988,-0.008204514
0.355965959,-0.933602900,-0.024257895
0.374002278,-0.925121413,-0.040272112
0.391632121,-0.915713041,-0.056222936
0.408752961,-0.905245502,-0.072067973
0.425406450,-0.893886420,-0.087794827
0.441567898,-0.881654882,-0.103380041
0.457208615,-0.868563661,-0.118798809
0.472217488,-0.854508122,-0.133995129
0.486658235,-0.839649532,-0.148974792
0.500510397,-0.824012177,-0.163716173
0.513704109,-0.807563052,-0.178175549
0.526201502,-0.790316292,-0.192320905
0.538049671,-0.772377260,-0.206160134
0.549206813,-0.753749964,-0.219660919
0.559573927,-0.734393269,-0.232759869
0.569244705,-0.714441284,-0.245492298
0.578159978,-0.693889362,-0.257815164
0.586251496,-0.672734408,-0.269678240
0.593614229,-0.651088702,-0.281123473
0.600115474,-0.628912091,-0.292062060
0.605832211,-0.606295334,-0.302528086
0.610721204,-0.583258752,-0.312484005
0.614762429,-0.559835796,-0.321906233
0.617981509,-0.536081785,-0.330799664
0.620333714,-0.512021138,-0.339124610
0.621841288,-0.487706094,-0.346884258
0.622506964,-0.463176965,-0.354070300
0.622279575,-0.438467295,-0.360635940
0.621238392,-0.413632511,-0.366626159
0.619309799,-0.388704377,-0.371977885
0.616522435,-0.363731268,-0.376700140
0.612905731,-0.338755349,-0.380804136
0.608454637,-0.313817392,-0.384275716
0.603142158,-0.288964116,-0.387082848
0.596996215,-0.264238517,-0.389235446
0.590036703,-0.239681445,-0.390737993
0.582271681,-0.215335537,-0.391585697
0.573712440,-0.191243157,-0.391776257
0.564373241,-0.167445903,-0.391309795
0.554271035,-0.143984192,-0.390188745
0.543409940,-0.120905584,-0.388404162
0.531807135,-0.098252732,-0.385958093
0.519501968,-0.076053277,-0.382872936
0.506509942,-0.054348328,-0.379149869
0.492829404,-0.033195296,-0.374773128
0.478516109,-0.012604727,-0.369781648
0.463566502,0.007361280,-0.364157009
0.448019064,0.026678355,-0.357921688
0.431902138,0.045314510,-0.351088614
0.415238661,0.063230321,-0.343664739
0.398055655,0.080389792,-0.335660847
0.380383243,0.096760608,-0.327090875
0.362253826,0.112314224,-0.317971296
0.343701370,0.127025820,-0.308320572
0.324752617,0.140853690,-0.298147266
0.305446096,0.153781426,-0.287475024
0.285812553,0.165771430,-0.276315974
0.265891392,0.176809852,-0.264694574
0.245717561,0.186868085,-0.252627803
0.225328536,0.195922871,-0.240135530
0.204763376,0.203955843,-0.227239673
0.184062008,0.210953039,-0.213963528
0.163263351,0.216879962,-0.200323504
0.142410472,0.221742858,-0.186349629
0.121544880,0.225514951,-0.172061087
0.100710017,0.228187695,-0.157482817
0.079949574,0.229755602,-0.142640151
0.059307854,0.230212462,-0.127557958
0.038831332,0.229545779,-0.112260002
0.018564159,0.227763841,-0.096773841
-0.001448180,0.224868103,-0.081125314
-0.021157852,0.220855465,-0.065339767
-0.040520979,0.215740232,-0.049444607
-0.059492667,0.209533081,-0.033466400
-0.078024649,0.202238784,-0.017431594
-0.096076649,0.193882610,-0.001367633
-0.113606193,0.184483537,0.014698667
-0.130569777,0.174059473,0.030740246
-0.146927761,0.162635879,0.046729968
-0.162645937,0.150245577,0.062641371
-0.177684519,0.136912388,0.078447153
-0.192012784,0.122672256,0.094121142
-0.205597441,0.107556573,0.109636560
-0.218413868,0.091605594,0.124968319
-0.230430618,0.074851141,0.140089408
-0.241624822,0.057333101,0.154974620
-0.251977329,0.039093157,0.169599696
-0.261465369,0.020168895,0.183938936
-0.270071478,0.000601557,0.197967950
-0.277790104,-0.019561026,0.211666662
-0.284592547,-0.040286728,0.225005867
-0.290482293,-0.061524288,0.237968699
-0.295446152,-0.083233609,0.250531599
-0.299474847,-0.105372632,0.262672268
-0.302563809,-0.127897588,0.274370304
-0.304714089,-0.150763435,0.285608010
-0.305926657,-0.173926381,0.296367841
-0.306186010,-0.197346956,0.306623198
-0.305512842,-0.220976792,0.316366777
-0.303909366,-0.244773479,0.325581707
-0.301366398,-0.268695688,0.334244046
-0.297900141,-0.292698592,0.342344595
-0.293522857,-0.316739213,0.349872296
-0.288230201,-0.340774590,0.356805248
-0.282041740,-0.364761503,0.363136834
-0.274982409,-0.388659314,0.368864995
-0.267052759,-0.412425161,0.373970850
-0.258267285,-0.436016537,0.378444658
-0.248648844,-0.459393991,0.382283436
-0.238227916,-0.482521540,0.385490671
-0.226982670,-0.505344224,0.388027455
-0.214971536,-0.527836355,0.389919973
-0.202211024,-0.549958083,0.391160911
-0.188720369,-0.571669999,0.391744922
-0.174521522,-0.592933537,0.391668797
-0.159639079,-0.613711414,0.390931626
-0.144100149,-0.633968104,0.389534923
-0.127934143,-0.653670335,0.387482722
-0.111172475,-0.672787604,0.384781610
-0.093848178,-0.691292688,0.381440712
-0.075991273,-0.709156555,0.377466400
-0.057599409,-0.726301219,0.372822076
-0.038746493,-0.742753252,0.367567577
-0.019469028,-0.758499888,0.361720832
0.000247703,-0.773425021,0.355220137
0.020320437,-0.787595437,0.348149509
0.040734885,-0.800950327,0.340490924
0.061458322,-0.813453303,0.332249305
0.082441929,-0.825128712,0.323467297
0.103666339,-0.835892615,0.314119830
0.125080358,-0.845791329,0.304260975
0.146655049,-0.854765531,0.293882951
0.168352740,-0.862804442,0.283005445
0.190130376,-0.869959344,0.271679487
0.211959465,-0.876070956,0.259852218
0.233796449,-0.881293095,0.247620989
0.255605215,-0.885529634,0.234966239
0.277345587,-0.888750580,0.221900721
0.298989467,-0.891050726,0.208485266
0.320491234,-0.892344972,0.194711483
0.341807638,-0.892605834,0.180595275
0.362921426,-0.891931137,0.166191774
0.383797864,-0.890310076,0.151518818
0.404356748,-0.887593850,0.136562047
0.424608119,-0.883944460,0.121387571
0.444520612,-0.879365524,0.106017506
0.464042690,-0.873815634,0.090466952
0.483111629,-0.867242913,0.074753626
0.501742315,-0.859765447,0.058920784
0.519905647,-0.851393827,0.042992201
0.537550827,-0.842103305,0.026989980
0.554604769,-0.831843139,0.010939128
0.571101615,-0.820734949,-0.005128095
0.587015862,-0.808795872,-0.021187324
0.602311291,-0.796029850,-0.037213110
0.616880790,-0.782360149,-0.053169866
0.630791084,-0.767925166,-0.069039104
0.644021402,-0.752747833,-0.084796956
0.656541611,-0.736842117,-0.100417460
0.668229233,-0.720140162,-0.115851005
0.679176472,-0.702778427,-0.131096637
0.689368192,-0.684784577,-0.146132060
0.698740085,-0.666150231,-0.160919011
0.707235998,-0.646880653,-0.175418443
0.714934764,-0.627075131,-0.189637352
0.721827481,-0.606764682,-0.203556028
0.727746979,-0.585894766,-0.217089723
0.732843102,-0.564592657,-0.230279293
0.737110484,-0.542890292,-0.243106939
0.740375740,-0.520751838,-0.255475505
0.742807789,-0.498289796,-0.267444936
0.744343258,-0.475517521,-0.278967901
0.744927521,-0.452458313,-0.289998341
0.744684580,-0.429185393,-0.300584471
0.743432572,-0.405696979,-0.310608431
0.741360014,-0.382069836,-0.320158965
0.738316533,-0.358321466,-0.329130180
0.734443768,-0.334505859,-0.337590412
0.729607836,-0.310656710,-0.345437337
0.723956260,-0.286816578,-0.352748243
0.717370304,-0.263030013,-0.359425879
0.709947551,-0.239333943,-0.365517492
0.701701801,-0.215763946,-0.371016292
0.692557887,-0.192379573,-0.375846827
0.682615397,-0.169204542,-0.380063558
0.671879151,-0.146278889,-0.383651899
0.660358184,-0.123643721,-0.386599550
0.648048337,-0.101349094,-0.388881658
0.634985710,-0.079428831,-0.390506838
0.621199587,-0.057917101,-0.391479116
0.606711246,-0.036851885,-0.391795620
0.591544719,-0.016269751,-0.391455908
0.575726026,0.003794153,-0.390461472
0.559261530,0.023285444,-0.388792481
0.542200753,0.042188049,-0.386474207
0.524576162,0.060473865,-0.383515471
0.506409114,0.078101391,-0.379911917
0.487722038,0.095026688,-0.375658808
0.468565082,0.111244868,-0.370786722
0.448953818,0.126699738,-0.365280989
0.428930534,0.141375562,-0.359162208
0.408531537,0.155250083,-0.352444151
0.387788825,0.168290544,-0.345133076
0.366737608,0.180468563,-0.337239195
0.345415273,0.191760150,-0.328775985
0.323860528,0.202145593,-0.319759560
0.302112706,0.211609237,-0.310208112
0.280210072,0.220129709,-0.300136434
0.258190907,0.227676809,-0.289555186
0.236097259,0.234247785,-0.278489471
0.213969371,0.239826336,-0.266956927
0.191848583,0.244393279,-0.254974273
0.169777346,0.247935367,-0.242561229
0.147798405,0.250444592,-0.229739644
0.125954210,0.251917514,-0.216532814
0.104287730,0.252348943,-0.202963074
0.082844824,0.251724884,-0.189049964
0.061668314,0.250050801,-0.174819398
0.040802424,0.247327122,-0.160295238
0.020292407,0.243554340,-0.145501303
0.000182909,0.238737812,-0.130462570
-0.019482301,0.232887014,-0.115204700
-0.038658375,0.226010890,-0.099753028
-0.057299165,0.218118488,-0.084132948
-0.075366230,0.209234255,-0.068372035
-0.092812054,0.199368193,-0.052495633
-0.109598434,0.188546785,-0.036531092
-0.125687039,0.176795907,-0.020505232
-0.141035104,0.164136773,-0.004444726
-0.155608192,0.150601637,0.011623188
-0.169374343,0.136224781,0.027671574
-0.182301242,0.121039667,0.043673586
-0.194352988,0.105077017,0.059601708
-0.205511524,0.088382523,0.075429990
-0.215746126,0.070990461,0.091131088
-0.225040621,0.052945568,0.106679420
-0.233368367,0.034284658,0.122047436
-0.240720502,0.015055075,0.137210662
-0.247081246,-0.004701333,0.152143197
-0.252438451,-0.024941370,0.166819615
-0.256784295,-0.045620621,0.181215357
-0.260116129,-0.066693705,0.195307282
-0.262422796,-0.088119065,0.209069347
-0.263711297,-0.109849759,0.222481203
-0.263971845,-0.131844601,0.235516552
-0.263216531,-0.154057380,0.248156920
-0.261446962,-0.176445370,0.260379965
-0.258669639,-0.198965398,0.272165163
-0.254896698,-0.221574486,0.283494595
-0.250126836,-0.244230799,0.294343829
-0.244381838,-0.266891697,0.304699435
-0.237668808,-0.289515611,0.314540880
-0.230013408,-0.312062339,0.323857664
-0.221424728,-0.334491103,0.332630345
-0.211912540,-0.356760242,0.340839150
-0.201506583,-0.378832084,0.348476692
-0.190216103,-0.400664585,0.355522473
-0.178072137,-0.422221582,0.361970472
-0.165106053,-0.443469171,0.367816136
-0.151332164,-0.464367271,0.373042503
-0.136770661,-0.484876227,0.377635803
-0.121461494,-0.504967963,0.381599212
-0.105430948,-0.524607745,0.384924962
-0.088687804,-0.543747550,0.387588387
-0.071287563,-0.562372663,0.389608558
-0.053256164,-0.580448672,0.390977700
-0.034622096,-0.597942218,0.391689963
-0.015416291,-0.614821376,0.391741602
0.004328038,-0.631056057,0.391131143
0.024575627,-0.646618427,0.389859518
0.045289484,-0.661483333,0.387930173
0.066431279,-0.675628731,0.385349118
0.087961839,-0.689036082,0.382124925
0.109841717,-0.701690711,0.378268658
0.132043188,-0.713548825,0.373767848
0.154529575,-0.724576307,0.368620421
0.177245599,-0.734808391,0.362875683
0.200162977,-0.744197440,0.356519164
0.223244924,-0.752698806,0.349542524
0.246439548,-0.760391834,0.342020059
0.269722204,-0.767115190,0.333866762
0.293040879,-0.773023111,0.325202284
0.316359918,-0.777951906,0.315945812
0.339642939,-0.782054245,0.306208129
0.362837448,-0.785138344,0.295900032
0.385922690,-0.787382832,0.285140063
0.408838064,-0.788639604,0.273869569
0.431559464,-0.788990455,0.262150287
0.454055363,-0.788455093,0.250010209
0.476248765,-0.786902231,0.237409240
0.498148159,-0.784486046,0.224436276
0.519703192,-0.781164772,0.211091771
0.540838673,-0.776855295,0.197363861
0.561572519,-0.771689857,0.183323388
0.581872696,-0.765673232,0.168989612
0.601618698,-0.758661938,0.154337330
0.620858544,-0.750815778,0.139438688
0.639563464,-0.742147224,0.124315949
0.657668648,-0.732620476,0.108980604
0.675108865,-0.722209764,0.093450430
0.691921070,-0.711021007,0.077770637
0.708078653,-0.699070340,0.061964616
0.723511756,-0.686329960,0.046051290
0.738164249,-0.672794923,0.030056400
0.752082962,-0.658561062,0.014014002
0.765246164,-0.643650136,-0.002051601
0.777601888,-0.628060274,-0.018114937
0.789061300,-0.611767454,-0.034145071
0.799703068,-0.594876823,-0.050118607
0.809511319,-0.577414810,-0.066011415
0.818449384,-0.559395523,-0.081796180
0.826402299,-0.540792406,-0.097430132
0.833479048,-0.521710264,-0.112905605
0.839670297,-0.502179002,-0.128199723
0.844917754,-0.482207516,-0.143277267
0.849154946,-0.461807672,-0.158097041
0.852485304,-0.441060471,-0.172662961
0.854906377,-0.419997868,-0.186954444
0.856272121,-0.398612107,-0.200901466
0.856698774,-0.376976650,-0.214519072
0.856216988,-0.355132473,-0.227798174
0.854696343,-0.333090586,-0.240665414
0.852228260,-0.310905975,-0.253134334
0.848869331,-0.288619840,-0.265208993
0.844443004,-0.266255664,-0.276784937
0.839141744,-0.243863505,-0.287930378
0.832883381,-0.221478629,-0.298582027
0.825687169,-0.199139390,-0.308726609
0.817606071,-0.176881367,-0.318369766
0.808578617,-0.154750768,-0.327452231
0.798704331,-0.132773697,-0.336009187
0.787924595,-0.111001606,-0.343979692
0.776307734,-0.089461920,-0.351382203
0.763868228,-0.068189889,-0.358202938
0.750579830,-0.047241982,-0.364394537
0.736536371,-0.026624714,-0.370001115
0.721714112,-0.006393263,-0.374977399
0.706129334,0.013408864,-0.379305626
0.689844103,0.032768296,-0.383009574
0.672876841,0.051647949,-0.386076457
0.655250028,0.070011288,-0.388495911
0.636985365,0.087818602,-0.390255283
0.618114700,0.105037369,-0.391351444
0.598679790,0.121646716,-0.391793332
0.578712815,0.137617351,-0.391579942
0.558237479,0.152906719,-0.390697994
0.537295834,0.167495640,-0.389157615
0.515927311,0.181364156,-0.386967126
0.494170452,0.194493167,-0.384134907
0.472053731,0.206840924,-0.380650611
0.449616534,0.218385687,-0.376521457
0.426904222,0.229124298,-0.371768830
0.403948304,0.239012682,-0.366382503
0.380792865,0.248043388,-0.360380579
0.357479139,0.256206159,-0.353777981
0.334046291,0.263476937,-0.346580252
0.310535621,0.269836772,-0.338797010
0.286989514,0.275271585,-0.330441256
0.263450610,0.279771838,-0.321528729
0.239961169,0.283332148,-0.312077335
0.216562591,0.285950873,-0.302106641
0.193301636,0.287593012,-0.291618685
0.170216777,0.288283640,-0.280647195
0.147354607,0.288000370,-0.269201201
0.124758704,0.286742940,-0.257301196
0.102471022,0.284516390,-0.244969723
0.080534741,0.281322278,-0.232227453
0.058998805,0.277151240,-0.219090807
0.037900165,0.272024238,-0.205588173
0.017285795,0.265940587,-0.191739185
-0.002804432,0.258915475,-0.177569077
-0.022322901,0.250952358,-0.163098992
-0.041229369,0.242069099,-0.148354622
-0.059482846,0.232283064,-0.133361042
-0.077038265,0.221608048,-0.118142255
-0.093859867,0.210070908,-0.102725288
-0.109910602,0.197697038,-0.087136240
-0.125143344,0.184503175,-0.071399579
-0.139532193,0.170528186,-0.055543526
-0.153036216,0.155797151,-0.039593789
-0.165623842,0.140344616,-0.023577439
-0.177268363,0.124208777,-0.007521543
-0.187940743,0.107426154,0.008547085
-0.197609772,0.090032771,0.024601248
-0.206260420,0.072074258,0.040614043
-0.213874501,0.053593318,0.056558845
-0.220425054,0.034628772,0.072407912
-0.225910452,0.015230310,0.088135741
-0.230310806,-0.004560754,0.103714773
-0.233627780,-0.024695965,0.119120229
-0.235847237,-0.045132689,0.134324651
-0.236970422,-0.065824405,0.149302968
-0.237000026,-0.086725535,0.164030490
-0.235939813,-0.107791386,0.178482755
-0.233787975,-0.128978427,0.192633453
-0.230557871,-0.150242109,0.206460242
-0.226262164,-0.171539478,0.219940938
-0.220909259,-0.192828329,0.233051809
-0.214507726,-0.214066582,0.245768751
-0.207080867,-0.235213702,0.258073268
-0.198645668,-0.256229839,0.269944722
-0.189220146,-0.277075811,0.281362904
-0.178813394,-0.297710319,0.292302789
-0.167470686,-0.318101470,0.302757799
-0.155189183,-0.338205066,0.312696313
-0.142016274,-0.357992367,0.322114183
-0.127971094,-0.377426522,0.330991914
-0.113076548,-0.396471506,0.339311696
-0.097359478,-0.415092732,0.347057920
-0.080850743,-0.433257806,0.354217749
-0.063585160,-0.450937419,0.360781766
-0.045601265,-0.468106414,0.366744671
-0.026925205,-0.484731308,0.372091088
-0.007583354,-0.500776130,0.376803886
0.012372768,-0.516229350,0.380891652
0.032918148,-0.531054302,0.384336259
0.054020190,-0.545220244,0.387126289
0.075627187,-0.558721012,0.389274190
0.097705447,-0.571529824,0.390771731
0.120219049,-0.583621513,0.391612568
0.143132519,-0.594967538,0.391787792
0.166400989,-0.605557013,0.391304239
0.189983478,-0.615373426,0.390163446
0.213842354,-0.624389045,0.388357816
0.237932248,-0.632597754,0.385897800
0.262210142,-0.639991084,0.382791410
0.286633593,-0.646564343,0.379049186
0.311161436,-0.652316753,0.374684071
0.335755771,-0.657178518,0.369658458
0.360368717,-0.661190116,0.364017109
0.384962101,-0.664379316,0.357792491
0.409487257,-0.666639552,0.350924216
0.433909197,-0.668065189,0.343491486
0.458182574,-0.668608640,0.335475135
0.482263839,-0.668272047,0.326891083
0.506118136,-0.667075065,0.317764950
0.529696454,-0.664996828,0.308097982
0.552962664,-0.662051553,0.297912341
0.575886901,-0.658270183,0.287240127
0.598397259,-0.653585016,0.276056602
0.620513207,-0.648123029,0.264446440
0.642121600,-0.641753793,0.252353588
0.663242191,-0.634588720,0.239851470
0.683858449,-0.626663152,0.226970961
0.703828960,-0.617842229,0.213662250
0.723224871,-0.608286382,0.200016895
0.742015608,-0.598006879,0.186053171
0.760063084,-0.586903024,0.171744724
0.777423949,-0.575091949,0.157156851
0.794085540,-0.562606263,0.142317210
0.809974262,-0.549423639,0.127234290
0.825021869,-0.535534805,0.111924187
0.839287228,-0.521033849,0.096434912
0.852747268,-0.505941926,0.080789376
0.865312131,-0.490237763,0.065002264
0.876953331,-0.473947314,0.049101749
0.887723759,-0.457143695,0.033122767
0.897606266,-0.439852513,0.017089459
0.906528735,-0.422073754,0.001025889
0.914438423,-0.403823135,-0.015039034
0.921414834,-0.385174859,-0.031078472
0.927447531,-0.366157857,-0.047068131
0.932488283,-0.346789084,-0.062979717
0.936448743,-0.327078413,-0.078776641
0.939441991,-0.307097518,-0.094445097
0.941464750,-0.286877369,-0.109961721
0.942462410,-0.266439719,-0.125292645
0.942371711,-0.245810735,-0.140397948
0.941309927,-0.225045697,-0.155277022
0.939281016,-0.204176181,-0.169908495
0.936163574,-0.183228287,-0.184233104
0.932041626,-0.162244848,-0.198248109
0.926974890,-0.141260418,-0.211948615
0.920883484,-0.120311823,-0.225281524
0.913778781,-0.099437005,-0.238223391
0.905768400,-0.078661867,-0.250791532
0.896750659,-0.058036770,-0.262915882
0.886793127,-0.037589695,-0.274598918
0.875970310,-0.017341154,-0.285850798
0.864144563,0.002633191,-0.296571338
0.851513174,0.022350545,-0.306838736
0.837953712,0.041728347,-0.316552963
0.823600216,0.060776796,-0.325766100
0.808387236,0.079422738,-0.334403911
0.792425478,0.097677707,-0.342511657
0.775645852,0.115455204,-0.350004364
0.758179357,0.132788090,-0.356949356
0.739960655,0.149582493,-0.363257668
0.721080427,0.165850200,-0.368968097
0.701575491,0.181572376,-0.374079531
0.681426923,0.196672078,-0.378530689
0.660704970,0.211154807,-0.382349073
0.639448393,0.225001525,-0.385534119
0.617687465,0.238182699,-0.388074936
0.595455809,0.250670710,-0.389963137
0.572789824,0.262440215,-0.391192906
0.549728117,0.273468415,-0.391760996
0.526310956,0.283735228,-0.391666666
0.502579748,0.293223390,-0.390911579
0.478576568,0.301918487,-0.389499657
0.454343720,0.309808924,-0.387436917
0.429923367,0.316885858,-0.384731285
0.405352709,0.323108082,-0.381365953
0.380678028,0.328481957,-0.377361059
0.355942471,0.333002973,-0.372727926
0.331188227,0.336644113,-0.367461490
0.306459787,0.339405420,-0.361576716
0.281799552,0.341289986,-0.355089998
0.257251527,0.342283962,-0.348006144
0.232861111,0.342376821,-0.340332722
0.208671574,0.341572133,-0.332086548
0.184728362,0.339864488,-0.323278656
0.161073501,0.337261495,-0.313928091
0.137747748,0.333771977,-0.304054201
0.114800109,0.329385827,-0.293665366
0.092267717,0.324121922,-0.282786516
0.070202340,0.317970548,-0.271426708
0.048639350,0.310954657,-0.259612658
0.027622680,0.303081534,-0.247362356
0.007194059,0.294363617,-0.234696363
-0.012607245,0.284817557,-0.221637038
-0.031730294,0.274447356,-0.208200834
-0.050149901,0.263288543,-0.194418180
-0.067812243,0.251345510,-0.180305486
-0.084688580,0.238650571,-0.165890806
-0.100739025,0.225225324,-0.151197260
-0.115926730,0.211095624,-0.136249374
-0.130217756,0.196290718,-0.121072535
-0.143578481,0.180841025,-0.105692154
-0.155971129,0.164775700,-0.090133094
-0.167377967,0.148136896,-0.074423492
-0.177755974,0.130953118,-0.058587711
-0.187092790,0.113270036,-0.042653945
-0.195361247,0.095125841,-0.026648403
-0.202535811,0.076560787,-0.010597878
-0.208606198,0.057621061,0.005470360
-0.213558047,0.038350923,0.021529477
-0.217373915,0.018794219,0.037552303
-0.220048668,-0.001002015,0.053511864
-0.221582762,-0.020990649,0.069381845
-0.221962815,-0.041126847,0.085134474
-0.221203086,-0.061362926,0.100744745
-0.219293641,-0.081653952,0.116184487
-0.216252529,-0.101954152,0.131429415
-0.212086091,-0.122219262,0.146453483
-0.206804283,-0.142405552,0.161230990
-0.200421185,-0.162470237,0.175736923
-0.192955572,-0.182372036,0.189947436
-0.184431550,-0.202071957,0.203840512
-0.174851202,-0.221526517,0.217386740
-0.164257488,-0.240702737,0.230570272
-0.152667701,-0.259562497,0.243366902
-0.140100809,-0.278067826,0.255752328
-0.126588941,-0.296186070,0.267707749
-0.112155571,-0.313881625,0.279210473
-0.096837983,-0.331126073,0.290244878
-0.080671698,-0.347892092,0.300795610
-0.063669667,-0.364138364,0.310833229
-0.045882281,-0.379847319,0.320351412
-0.027341719,-0.394991141,0.329333286
-0.008078950,-0.409540834,0.337760755
0.011871638,-0.423469720,0.345617825
0.032472341,-0.436754160,0.352891178
0.053682401,-0.449374387,0.359570797
0.075458476,-0.461315450,0.365650659
0.097765406,-0.472553391,0.371116645
0.120570473,-0.483057352,0.375948917
0.143817280,-0.492835243,0.380160744
0.167478264,-0.501847127,0.383724514
0.191506523,-0.510086555,0.386641088
0.215854226,-0.517553930,0.388916764
0.240482108,-0.524231803,0.390542869
0.265352947,-0.530088881,0.391499698
0.290418193,-0.535130214,0.391797253
0.315633329,-0.539352951,0.391438891
0.340955110,-0.542750933,0.390425240
0.366340217,-0.545321103,0.388759364
0.391744994,-0.547038516,0.386427343
0.417123606,-0.547909427,0.383439830
0.442432990,-0.547947395,0.379812825
0.467632344,-0.547161785,0.375558790
0.492680102,-0.545550418,0.370681313
0.517517370,-0.543057851,0.365144743
0.542122075,-0.539771106,0.359019645
0.566446769,-0.535667234,0.352294230
0.590432400,-0.530716121,0.344952630
0.614080778,-0.525019840,0.337074108
0.637281785,-0.518448628,0.328571790
0.660083734,-0.511176392,0.319574916
0.682347729,-0.503049597,0.309981841
0.704140884,-0.494242592,0.299919737
0.725325025,-0.484630838,0.289309487
0.745946546,-0.474336869,0.278240588
0.765931671,-0.463331522,0.266699919
0.785228510,-0.451616118,0.254695288
0.803878278,-0.439282733,0.242293142
0.821742326,-0.426255366,0.229452328
0.838858394,-0.412617162,0.216232795
0.855233484,-0.398416054,0.202671044
0.870730770,-0.383598203,0.188743005
0.885387748,-0.368235375,0.174499797
0.899220944,-0.352377305,0.159978096
0.912156496,-0.336020238,0.145184686
0.924115926,-0.319165408,0.130130865
0.935182278,-0.301893798,0.114868981
0.945336975,-0.284230859,0.099421371
0.954473844,-0.266171209,0.083797824
0.962594369,-0.247755337,0.068029795
0.969754190,-0.229037832,0.052152625
0.975941405,-0.210047238,0.036190202
0.981063230,-0.190794985,0.020163700
0.985113470,-0.171317813,0.004102662
0.988164260,-0.151664745,-0.011964091
0.990210947,-0.131866156,-0.028012195
0.991190654,-0.111947810,-0.044013211
0.991056846,-0.091942717,-0.059935188
0.989915293,-0.071892971,-0.075759168
0.987768802,-0.051829426,-0.091461394
0.984563229,-0.031785814,-0.107008359
0.980253417,-0.011801359,-0.122363443
0.974958448,0.008096319,-0.137520767
0.968688403,0.027877272,-0.152458256
0.961345891,0.047491668,-0.167124124
0.952991657,0.066911483,-0.181504493
0.943704795,0.086118494,-0.195595567
0.933451437,0.105069759,-0.209359339
0.922178973,0.123710235,-0.222745886
0.910032404,0.142048008,-0.235780673
0.896978408,0.160034668,-0.248421517
0.882978902,0.177612636,-0.260618457
0.868178079,0.194806631,-0.272409855
0.852488908,0.211530991,-0.283717383
0.835999108,0.227789776,-0.294555834
0.818743859,0.243560449,-0.304912311
0.800691053,0.258774589,-0.314729237
0.781959695,0.273469961,-0.324051853
0.762481632,0.287541727,-0.332789448
0.742384677,0.301046257,-0.341002946
0.721628440,0.313891205,-0.348615084
0.700295010,0.326099317,-0.355654541
0.678414181,0.337647379,-0.362107252
0.655988867,0.348466639,-0.367920148
0.633103023,0.358601585,-0.373139106
0.609779517,0.368016046,-0.377739096
0.586033477,0.376643837,-0.381670732
0.561934879,0.384522756,-0.384972851
0.537519725,0.391631838,-0.387634055
0.512826903,0.397952765,-0.389645402
0.487897540,0.403470084,-0.391000494
0.462774375,0.408171341,-0.391695495
0.437501179,0.412047126,-0.391729085
0.412122212,0.415091046,-0.391102361
0.386681742,0.417299649,-0.389818711
0.361223623,0.418672288,-0.387883653
0.335790933,0.419210967,-0.385304653
0.310431308,0.418876665,-0.382057954
0.285185939,0.417705970,-0.378177603
0.260099659,0.415691458,-0.373663966
0.235218486,0.412826141,-0.368517890
0.210586622,0.409116676,-0.362750534
0.186243431,0.404579689,-0.356380101
0.162235632,0.399211348,-0.349409862
0.138611477,0.393010229,-0.341845091
0.115407661,0.385999342,-0.333708386
0.092669839,0.378183329,-0.325009195
0.070442425,0.369571427,-0.315760228
0.048760147,0.360187265,-0.305983939
0.027665005,0.350043527,-0.295695072
0.007204212,0.339148411,-0.284905348
-0.012587216,0.327525995,-0.273636967
-0.031672132,0.315197320,-0.261909776
-0.050009453,0.302180553,-0.249741548
-0.067561605,0.288498377,-0.237152725
-0.084294537,0.274176992,-0.224165623
-0.100175062,0.259243614,-0.210802780
-0.115157663,0.243718502,-0.197082172
-0.129222673,0.227639720,-0.183032086
-0.142334886,0.211035750,-0.168674513
-0.154460994,0.193937827,-0.154032633
-0.165571810,0.176380548,-0.139131071
-0.175641909,0.158401063,-0.123995332
-0.184649277,0.140038439,-0.108651403
-0.192574972,0.121333192,-0.093125478
-0.199386224,0.102323029,-0.077441819
-0.205081149,0.083054577,-0.061628815
-0.209629223,0.063568458,-0.045711432
-0.213029853,0.043911870,-0.029717499
-0.215273463,0.024130161,-0.013673636
-0.216346187,0.004269195,0.002393353
-0.216250782,-0.015623694,0.018456231
-0.214990117,-0.035501843,0.034488137
-0.212565232,-0.055318712,0.050462115
-0.208978352,-0.075027512,0.066350854
-0.204250083,-0.094584125,0.082128625
-0.198379737,-0.113941919,0.097767401
-0.191396495,-0.133060131,0.113242702
-0.183307471,-0.151894195,0.128526838
-0.174136931,-0.170404186,0.143594633
-0.163909306,-0.188551517,0.158421147
-0.152649030,-0.206298622,0.172981475
-0.140384599,-0.223610580,0.187251851
-0.127132870,-0.240447397,0.201204502
-0.112939409,-0.256784196,0.214821203
-0.097822669,-0.272582903,0.228074339
-0.081824992,-0.287819856,0.240945537
-0.064976034,-0.302464763,0.253411501
-0.047309100,-0.316489999,0.265450334
-0.028861279,-0.329871472,0.277042216
-0.009673456,-0.342589679,0.288170253
0.010222104,-0.354617937,0.298812256
0.030784330,-0.365938099,0.308951778
0.051976516,-0.376528221,0.318569496
0.073752284,-0.386378696,0.327654773
0.096074643,-0.395469301,0.336189236
0.118903890,-0.403782844,0.344156529
0.142197877,-0.411305817,0.351542865
0.165912448,-0.418029126,0.358337650
0.190002100,-0.423948862,0.364534161
0.214426040,-0.429052458,0.370119222
0.239145653,-0.433316012,0.375070912
0.264106706,-0.436767331,0.379406480
0.289275143,-0.439363827,0.383089683
0.314600704,-0.441126486,0.386132712
0.340039016,-0.442060902,0.388536184
0.365548128,-0.442148897,0.390282283
0.391082764,-0.441382569,0.391360963
0.416597746,-0.439783284,0.391785129
0.442049329,-0.437352905,0.391552528
0.467393871,-0.434096233,0.390663224
0.492588334,-0.430021087,0.389119710
0.517590843,-0.425138323,0.386926966
0.542351392,-0.419433984,0.384069854
0.566827471,-0.412926451,0.380559226
0.590984977,-0.405647959,0.376417515
0.614789437,-0.397620395,0.371659022
0.638179914,-0.388817639,0.366258214
0.661119581,-0.379267715,0.360234040
0.683602870,-0.369034610,0.353636251
0.705529732,-0.358050176,0.346403164
0.726921995,-0.346413399,0.338614272
0.747707942,-0.334099310,0.330244128
0.767869168,-0.321150422,0.321324632
0.787360082,-0.307576191,0.311859521
0.806167060,-0.293418756,0.301880813
0.824216305,-0.278668031,0.291374631
0.841565151,-0.263414093,0.280416419
0.858036223,-0.247583403,0.268934095
0.873752920,-0.231300384,0.257035441
0.888612094,-0.214546453,0.244697580
0.902569255,-0.197342058,0.231933053
0.915691276,-0.179759052,0.218803773
0.927862812,-0.161786719,0.205292105
0.939072826,-0.143462016,0.191426283
0.949380007,-0.124842461,0.177256297
0.958721330,-0.105943428,0.162789250
0.966996592,-0.086777487,0.148027084
0.974316549,-0.067408237,0.133028739
0.980667942,-0.047864501,0.117815887
0.985936192,-0.028163829,0.102393270
0.990147114,-0.008347408,0.086795420
0.993358993,0.011545221,0.071058155
0.995565679,0.031483602,0.055205009
0.996657710,0.051435289,0.039252892
0.996676911,0.071363200,0.023234379
0.995683692,0.091236013,0.007178979
0.993679354,0.111023015,-0.008888973
0.990586644,0.130681709,-0.024942079
0.986408895,0.150175027,-0.040950827
0.981236247,0.169483112,-0.056892395
0.975077406,0.188576357,-0.072742735
0.967876492,0.207406689,-0.088468356
0.959618520,0.225931296,-0.104036674
0.950413421,0.244146957,-0.119436431
0.940276882,0.262026485,-0.134644938
0.929132730,0.279502775,-0.149615317
0.917030604,0.296555680,-0.164327749
0.904057445,0.313187533,-0.178777189
0.890215669,0.329363684,-0.192936137
0.875413908,0.344989826,-0.206737487
0.859816161,0.360119391,-0.220210396
0.843442885,0.374728439,-0.233334390
0.826184360,0.388691962,-0.246019647
0.808217429,0.402094802,-0.258319075
0.789530181,0.414883466,-0.270191492
0.770097792,0.426983689,-0.281580388
0.750054261,0.438472154,-0.292535634
0.729323456,0.449213233,-0.302956458
0.708031692,0.459290558,-0.312898817
0.686158585,0.468616765,-0.322295589
0.663775850,0.477223493,-0.331166103
0.640894079,0.485052189,-0.339463513
0.617583471,0.492143934,-0.347214711
0.593842295,0.498406311,-0.354347211
0.569757452,0.503923907,-0.360920834
0.545330420,0.508597634,-0.366857638
0.520624211,0.512465580,-0.372182764
0.495683577,0.515538032,-0.376900916
0.470540022,0.517770616,-0.380974887
0.445238628,0.519152713,-0.384392972
0.419828421,0.519712403,-0.387173562
0.394351042,0.519441536,-0.389307177
0.368849710,0.518335299,-0.390786846
0.343368571,0.516392198,-0.391608149
0.317952109,0.513613960,-0.391769182
0.292644617,0.510005388,-0.391270478
0.267489734,0.505574162,-0.390114886
0.242530060,0.500330615,-0.388307415
0.217807591,0.494285322,-0.385853311
0.193379553,0.487410532,-0.382726629
0.169271731,0.479764332,-0.378971081
0.145534473,0.471338988,-0.374576914
0.122209872,0.462148031,-0.369551649
0.099341752,0.452204106,-0.363901957
0.076962168,0.441536238,-0.357648190
0.055120282,0.430148773,-0.350790028
0.033859338,0.418057696,-0.343336650
0.013210642,0.405292469,-0.335308620
-0.006787631,0.391873769,-0.326719000
-0.026086873,0.377814186,-0.317573596
-0.044660085,0.363146705,-0.307895701
-0.062480265,0.347902222,-0.297706821
-0.079487334,0.332088962,-0.287007880
-0.095671654,0.315751237,-0.275831820
-0.110992923,0.298912320,-0.264192396
-0.125415568,0.281600288,-0.252107149
-0.138908651,0.263846773,-0.239596394
-0.151445623,0.245685957,-0.226682397
-0.163004000,0.227153793,-0.213388722
-0.173554062,0.208284185,-0.199736148
-0.183071871,0.189113978,-0.185747695
-0.191530402,0.169680370,-0.171445687
-0.198915196,0.150024311,-0.156855991
-0.205205864,0.130186004,-0.142002590
-0.210386465,0.110207348,-0.126910529
-0.214443226,0.090131284,-0.111605185
-0.217356252,0.070001632,-0.096111027
-0.219130334,0.049863714,-0.080456221
-0.219746185,0.029763338,-0.064665381
-0.219212690,0.009746073,-0.048766345
-0.217518538,-0.010140598,-0.032784899
-0.214672195,-0.029850532,-0.016748416
-0.210681745,-0.049337897,-0.000683821
-0.205553800,-0.068556380,0.015382008
-0.199295929,-0.087459247,0.031421827
-0.191930987,-0.106004432,0.047408866
-0.183477064,-0.124149300,0.063316462
-0.173945705,-0.141848334,0.079116886
-0.163374816,-0.159067986,0.094785246
-0.151774272,-0.175762262,0.110292880
-0.139184975,-0.191901486,0.125615722
-0.125633871,-0.207449980,0.140727620
-0.111150655,-0.222374161,0.155602662
-0.095768002,-0.236643083,0.170215461
-0.079521788,-0.250229150,0.184541580
-0.062451271,-0.263109016,0.198558109
-0.044591580,-0.275257066,0.212240840
-0.025980164,-0.286650378,0.225566340
-0.006654536,-0.297266887,0.238511220
0.013341605,-0.307092584,0.251055811
0.033969368,-0.316109249,0.263178156
0.055187152,-0.324302958,0.274858290
0.076950898,-0.331665079,0.286079070
0.099228960,-0.338166577,0.296811514
0.121964333,-0.343823162,0.307052113
0.145127330,-0.348601250,0.316768585
0.168665085,-0.352514403,0.325956517
0.192536983,-0.355552340,0.334597274
0.216700549,-0.357708321,0.342674151
0.241111847,-0.358979706,0.350172915
0.265726059,-0.359368538,0.357082413
0.290498288,-0.358882116,0.363395242
0.315385688,-0.357520025,0.369098866
0.340345005,-0.355267276,0.374169892
0.365330761,-0.352169703,0.378628863
0.390299083,-0.348184492,0.382431729
0.415207386,-0.343359225,0.385601101
0.440014166,-0.337703953,0.388132358
0.464670604,-0.331195189,0.389994163
0.489136890,-0.323867071,0.391200040
0.513372108,-0.315737407,0.391751226
0.537334244,-0.306818940,0.391644924
0.560982028,-0.297127244,0.390880639
0.584275439,-0.286680678,0.389460289
0.607176238,-0.275500283,0.387388285
0.629648536,-0.263609587,0.384671550
0.651634190,-0.251001362,0.381288042
0.673105690,-0.237716524,0.377259887
0.694041345,-0.223795495,0.372610537
0.714416872,-0.209269573,0.367356014
0.734127322,-0.194096714,0.361435311
0.753215236,-0.178377332,0.354934437
0.771629118,-0.162117006,0.347842742
0.789298943,-0.145318268,0.340142047
0.806276368,-0.128063578,0.331907802
0.822413998,-0.110310895,0.323066928
0.837823048,-0.092168334,0.313730808
0.852333667,-0.073594994,0.303820813
0.866053117,-0.054683030,0.293435464
0.878862991,-0.035426161,0.282536345
0.890784638,-0.015873370,0.271165666
0.901841389,0.003930356,0.259363261
0.911871803,0.023987488,0.247081283
0.921017941,0.044225954,0.234413416
0.929204467,0.064625314,0.221353283
0.936346365,0.085159027,0.207896256
0.942554680,0.105777575,0.194110555
0.947788804,0.126451520,0.180006359
0.951914733,0.147147351,0.165570255
0.955073996,0.167826953,0.150870740
0.957259298,0.188459217,0.135928734
0.958358520,0.209000741,0.120744388
0.958410288,0.229417497,0.105353873
0.957477728,0.249683795,0.089794177
0.955560756,0.269768392,0.074088389
0.952541463,0.289610323,0.058248013
0.948502309,0.309190700,0.042310524
0.943491576,0.328488672,0.026305110
0.937516489,0.347474304,0.010255981
0.930489793,0.366080263,-0.005811905
0.922463769,0.384286619,-0.021868898
0.913508802,0.402086383,-0.037889767
0.903639124,0.419452268,-0.053850263
0.892797455,0.436317310,-0.069717162
0.881004837,0.452650477,-0.085461504
0.868354102,0.468465634,-0.101067097
0.854865839,0.483739344,-0.116510737
0.840482138,0.498390057,-0.131748595
0.825252620,0.512407127,-0.146758664
0.809261162,0.525812157,-0.161533038
0.792533694,0.538586581,-0.176050609
0.774970301,0.550589435,-0.190235585
0.756732608,0.561921536,-0.204116518
0.737850218,0.572568992,-0.217674726
0.718260568,0.582406364,-0.230835288
0.698069921,0.591499731,-0.243616843
0.677335124,0.599868566,-0.256017636
0.655991118,0.607355022,-0.267939540
0.634170400,0.614087597,-0.279439879
0.611875818,0.620002331,-0.290470620
0.589129084,0.625057984,-0.300995172
0.566012136,0.629333076,-0.311048310
0.542505290,0.632686819,-0.320531699
0.518710663,0.635267861,-0.329526185
0.494612886,0.636910920,-0.337914163
0.470298821,0.637760170,-0.345777510
0.445779602,0.637699892,-0.353027733
0.421113949,0.636798233,-0.359698584
0.396340101,0.635057385,-0.365780936
0.371495883,0.632405068,-0.371210875
0.346629954,0.628927950,-0.376038676
0.321781038,0.624618227,-0.380247744
0.296995295,0.619434711,-0.383794801
0.272315803,0.613412575,-0.386693756
0.247783018,0.606572714,-0.388948734
0.223439543,0.598921012,-0.390552205
0.199328163,0.590466836,-0.391499166
0.175491278,0.581222804,-0.391787136
0.151970417,0.571204513,-0.391416079
0.128805826,0.560430232,-0.390388299
0.106036132,0.548920589,-0.388708290
0.083705979,0.536686602,-0.386371795
0.061863867,0.523737285,-0.383372001
0.040527531,0.510123474,-0.379741493
0.019750948,0.495847156,-0.375466737
-0.000435521,0.480940105,-0.370562717
-0.019988123,0.465420859,-0.365030908
-0.038886045,0.449328352,-0.358894170
-0.057079207,0.432676511,-0.352148732
-0.074534302,0.415495339,-0.344807280
-0.091226653,0.397819863,-0.336888541
-0.107124212,0.379679698,-0.328405099
-0.122191914,0.361103734,-0.319368045
-0.136394634,0.342122270,-0.309789335
-0.149721691,0.322776303,-0.299695519
-0.162129643,0.303093583,-0.289093957
-0.173609535,0.283114875,-0.278011113
-0.184117155,0.262870622,-0.266455552
-0.193642173,0.242401772,-0.254452892
-0.202164035,0.221746340,-0.242023332
-0.209662312,0.200943053,-0.229187216
-0.216109217,0.180031105,-0.215962558
-0.221505783,0.159052823,-0.202377656
-0.225823070,0.138049228,-0.188450380
-0.229060254,0.117063014,-0.174207620
-0.231202229,0.096137438,-0.159671707
-0.232239472,0.075316836,-0.144866708
-0.232167274,0.054646016,-0.129817782
-0.230985079,0.034169837,-0.114550719
-0.228695913,0.013932930,-0.099091620
-0.225292805,-0.006016586,-0.083464992
-0.220792049,-0.025635984,-0.067698621
-0.215191662,-0.044876333,-0.051817836
-0.208512948,-0.063696132,-0.035850281
-0.200765014,-0.082049063,-0.019822307
-0.191963271,-0.099890468,-0.003760937
-0.182133498,-0.117180871,0.012306690
-0.171298937,-0.133879961,0.028353743
-0.159478795,-0.149944440,0.044352910
-0.146707089,-0.165340678,0.060277475
-0.133017286,-0.180036164,0.076101154
-0.118432247,-0.193989932,0.091795922
-0.102998223,-0.207181428,0.107337201
-0.086743625,-0.219575430,0.122697372
-0.069708599,-0.231148363,0.137850959
-0.051933699,-0.241878799,0.152772925
-0.033458251,-0.251745303,0.167438001
-0.014323749,-0.260730451,0.181821841
0.005428585,-0.268817940,0.195900227
0.025760527,-0.275987304,0.209646961
0.046621944,-0.282239570,0.223043652
0.067975450,-0.287555601,0.236064097
0.089777275,-0.291928308,0.248686417
0.111981902,-0.295356782,0.260891368
0.134545918,-0.297837987,0.272658852
0.157428042,-0.299363470,0.283965935
0.180583993,-0.299933531,0.294793541
0.203966862,-0.299564777,0.305131388
0.227538380,-0.298235720,0.314948826
0.251251600,-0.295968611,0.324238660
0.275063810,-0.292769166,0.332985002
0.298932454,-0.288641401,0.341170816
0.322814548,-0.283593598,0.348781438
0.346667375,-0.277638712,0.355805176
0.370449360,-0.270794729,0.362233972
0.394119065,-0.263073105,0.368055634
0.417630712,-0.254469463,0.373245882
0.440953031,-0.245043834,0.377827896
0.464030255,-0.234757012,0.381750624
0.486837327,-0.223678648,0.385046199
0.509332753,-0.211817950,0.387700831
0.531463181,-0.199165639,0.389683451
0.553204417,-0.185775836,0.391016775
0.574517946,-0.171668754,0.391695356
0.595366171,-0.156867267,0.391715862
0.615712850,-0.141396826,0.391077237
0.635523560,-0.125285309,0.389780825
0.654766184,-0.108562796,0.387830459
0.673411411,-0.091261256,0.385232501
0.691433224,-0.073414148,0.381995821
0.708758706,-0.055020686,0.378085548
0.725397044,-0.036145115,0.373546634
0.741335028,-0.016826898,0.368397822
0.756518232,0.002918790,0.362623088
0.770903734,0.023063023,0.356220544
0.784539411,0.043539559,0.349254681
0.797296516,0.064356299,0.341659925
0.809255029,0.085438709,0.333521149
0.820321351,0.106775421,0.324801557
0.830535382,0.128312936,0.315553856
0.839817910,0.150028496,0.305755266
0.848240915,0.171869983,0.295472721
0.855660838,0.193815681,0.284652556
0.862221476,0.215814781,0.273394647
0.867761065,0.237835937,0.261642918
0.872367571,0.259839814,0.249463729
0.876064829,0.281793400,0.236889293
0.878677945,0.303643919,0.223871029
0.880375045,0.325371128,0.210500837
0.881147508,0.346942382,0.196795465
0.880819247,0.368284599,0.182718728
0.879563112,0.389397038,0.168352343
0.877378196,0.410247535,0.153716391
0.874166680,0.430769174,0.138807565
0.869966055,0.450934696,0.123660879
0.864847206,0.470734370,0.108315868
0.858816227,0.490137348,0.092795083
0.851758091,0.509050519,0.077103854
0.843781521,0.527485922,0.061285628
0.834925457,0.545427940,0.045368686
0.825202824,0.562848518,0.029377019
0.814524705,0.579649193,0.013331658
0.802982352,0.595846347,-0.002734930
0.790626712,0.611436521,-0.018796573
0.777476991,0.626395725,-0.034828922
0.763478253,0.640633005,-0.050799751
0.748685184,0.654146847,-0.066682371
0.733169824,0.666958643,-0.082456558
0.716956806,0.679049528,-0.098098684
0.700005056,0.690323550,-0.113566821
0.682370562,0.700787715,-0.128839116
0.664125921,0.710477208,-0.143903895
0.645300034,0.719379091,-0.158739317
0.625836240,0.727347754,-0.173279110
0.605850397,0.734489297,-0.187536529
0.585382891,0.740809071,-0.201496014
0.564418109,0.746205593,-0.215100178
0.543008965,0.750697702,-0.228336195
0.521224072,0.754349791,-0.241212929
0.499056031,0.757050419,-0.253662804
0.476561960,0.758840665,-0.265685227
0.453801319,0.759788856,-0.277295882
0.430762384,0.759713243,-0.288384435
0.407532954,0.758800315,-0.299028615
0.384127580,0.756936270,-0.309149107
0.360595316,0.754179927,-0.318760443
0.336974310,0.750511520,-0.327832202
0.313304422,0.745945885,-0.336355221
0.289627772,0.740476220,-0.344305504
0.265981915,0.734151079,-0.351696464
0.242414615,0.726903407,-0.358463119
0.218955650,0.718841066,-0.364660316
0.195655826,0.709900337,-0.370223807
0.172553994,0.700119550,-0.375159941
0.149681312,0.689542079,-0.379481878
0.127078103,0.678173934,-0.383174714
0.104802582,0.665989252,-0.386194941
0.082878700,0.653049058,-0.388570352
0.061343919,0.639374112,-0.390296819
0.040237034,0.624983860,-0.391368767
0.019595738,0.609900868,-0.391783135
-0.000543793,0.594150438,-0.391539319
-0.020147238,0.577760206,-0.390639074
-0.039182392,0.560759747,-0.389086375
-0.057599396,0.543162735,-0.386866884
-0.075373481,0.525008263,-0.383994098
-0.092489594,0.506339876,-0.380488845
-0.108891556,0.487170559,-0.376333407
-0.124567661,0.467545289,-0.371551049
-0.139473842,0.447489113,-0.366137318
-0.153603694,0.427047120,-0.360117947
-0.166908380,0.406243851,-0.353485870
-0.179367911,0.385118808,-0.346256863
-0.190965453,0.363711377,-0.338448020
-0.201677134,0.342058348,-0.330071430
-0.211483380,0.320198022,-0.321142030
-0.220346485,0.298166361,-0.311664687
-0.228267555,0.276006518,-0.301666743
-0.235227228,0.253757859,-0.291163421
-0.241203883,0.231460506,-0.280169129
-0.246181709,0.209156216,-0.268701741
-0.250155755,0.186886751,-0.256783931
-0.253112698,0.164694365,-0.244434400
-0.255044620,0.142621670,-0.231674216
-0.255945736,0.120711526,-0.218525167
-0.255799053,0.099010101,-0.205005206
-0.254620652,0.077557188,-0.191143603
-0.252394512,0.056400735,-0.176958669
-0.249127812,0.035583804,-0.162476181
-0.244825757,0.015150304,-0.147720833
-0.239494159,-0.004855280,-0.132717254
-0.233141953,-0.024388842,-0.117490645
-0.225773217,-0.043402456,-0.102065261
-0.217413157,-0.061858485,-0.086469120
-0.208070945,-0.079709744,-0.070727147
-0.197772717,-0.096918676,-0.054866641
-0.186531711,-0.113437971,-0.038913326
-0.174381642,-0.129234673,-0.022894850
-0.161349196,-0.144270790,-0.006837864
-0.147458344,-0.158504643,0.009230696
-0.132747440,-0.171907767,0.025283654
-0.117252280,-0.184450291,0.041294211
-0.101006486,-0.196099900,0.057235255
-0.084048794,-0.206830236,0.073079817
-0.066423485,-0.216623895,0.088802068
-0.048165164,-0.225450169,0.104374071
-0.029321857,-0.233299917,0.119771010
-0.009935787,-0.240157090,0.134966990
0.009951066,-0.246006102,0.149935826
0.030294664,-0.250836663,0.164652162
0.051051017,-0.254640047,0.179090741
0.072174448,-0.257414294,0.193228005
0.093618993,-0.259162974,0.207042257
0.115344468,-0.259871695,0.220505639
0.137303128,-0.259557034,0.233600624
0.159452998,-0.258216723,0.246303193
0.181751290,-0.255852010,0.258590125
0.204154514,-0.252471088,0.270440764
0.226619645,-0.248084298,0.281835387
0.249104409,-0.242710402,0.292758493
0.271567559,-0.236357025,0.303189450
0.293967779,-0.229037998,0.313110370
0.316263631,-0.220763620,0.322501345
0.338416300,-0.211561962,0.331352557
0.360385812,-0.201447423,0.339646649
0.382132803,-0.190438576,0.347368545
0.403619261,-0.178558393,0.354506036
0.424809437,-0.165834378,0.361050423
0.445666362,-0.152288678,0.366989585
0.466144627,-0.137928607,0.372298913
0.486229599,-0.122820826,0.377001634
0.505857306,-0.106941305,0.381046343
0.525023737,-0.090367324,0.384467957
0.543681534,-0.073105725,0.387240315
0.561791237,-0.055179606,0.389350028
0.579336610,-0.036638643,0.390811018
0.596285402,-0.017512052,0.391617340
0.612606858,0.002168578,0.391765131
0.628272113,0.022369458,0.391252778
0.643254596,0.043054847,0.390081047
0.657530451,0.064187379,0.388253192
0.671078935,0.085728472,0.385775003
0.683882801,0.107638826,0.382654807
0.695917096,0.129883281,0.378894141
0.707120229,0.152436650,0.374466949
0.717529016,0.175239058,0.369425184
0.727140752,0.198251502,0.363786117
0.735849967,0.221453441,0.357494214
0.743728363,0.244786225,0.350622553
0.750743857,0.268216228,0.343167576
0.756841003,0.291704133,0.335114003
0.762094043,0.315208292,0.326528247
0.766382185,0.338686136,0.317356056
0.769818264,0.362103893,0.307683994
0.772290167,0.385410981,0.297467133
0.773870457,0.408577810,0.286765006
0.774538422,0.431562186,0.275585376
0.774240612,0.454312396,0.263920340
0.773091653,0.476820359,0.251845068
0.770952512,0.499003817,0.239313453
0.767918167,0.520854602,0.226388518
0.764031651,0.542353881,0.213106237
0.759158063,0.563401320,0.199431953
0.753414194,0.584009967,0.185431868
0.746833502,0.604160711,0.171136161
0.739342918,0.623770980,0.156539918
0.730966604,0.642811037,0.141672764
0.721784954,0.661292736,0.126578879
0.711810120,0.679186841,0.111280179
0.700942525,0.696369527,0.095775540
0.689299099,0.712888149,0.080114444
0.676913948,0.728730317,0.064324201
0.663805279,0.743870914,0.048428480
0.649893824,0.758177621,0.032442975
0.635292462,0.771716526,0.016405458
0.620036797,0.784480289,0.000341690
0.604150307,0.796449082,-0.015723973
0.587587599,0.807504154,-0.031761418
0.570426056,0.817689610,-0.047744163
0.552717851,0.827024652,-0.063649179
0.534490693,0.835495622,-0.079452510
0.515721521,0.842990878,-0.095113646
0.496472053,0.849546484,-0.110611909
0.476799465,0.855202892,-0.125931603
0.456734439,0.859953182,-0.141050246
0.436257710,0.863651886,-0.155908359
0.415451149,0.866409706,-0.170509411
0.394355751,0.868248104,-0.184838457
0.372986327,0.869095099,-0.198850943
0.351374514,0.868919947,-0.212512111
0.329580496,0.867829115,-0.225836852
0.307628654,0.865765394,-0.238781936
0.285550484,0.862675224,-0.251301515
0.263396825,0.858689944,-0.263428513
0.241197651,0.853703899,-0.275092469
0.218993210,0.847769607,-0.286294204
0.196819320,0.840944637,-0.297039770
0.174721935,0.833113116,-0.307243813
0.152722376,0.824456197,-0.316982057
0.130885261,0.814801511,-0.326129870
0.109212955,0.804355173,-0.334786992
0.087785210,0.792951736,-0.342822848
0.066595518,0.780770792,-0.350329668
0.045716844,0.767715541,-0.357214812
0.025163737,0.753872672,-0.363511887
0.004961798,0.739276435,-0.369221923
-0.014808195,0.723865802,-0.374265075
-0.034153986,0.707747541,-0.378698622
-0.053038600,0.690936858,-0.382507254
-0.071424719,0.673452954,-0.385677423
-0.089253203,0.655295035,-0.388172313
-0.106519494,0.636527723,-0.390020943
-0.123191109,0.617179134,-0.391217175
-0.139237339,0.597280223,-0.391757372
-0.154629581,0.576864296,-0.391640360
-0.169341568,0.555966539,-0.390867343
-0.183347778,0.534622571,-0.389440197
-0.196596880,0.512855245,-0.387338640
-0.209094569,0.490718840,-0.384592955
-0.220825451,0.468252816,-0.381213147
-0.231733007,0.445482406,-0.377176901
-0.241829265,0.422458305,-0.372516604
-0.251069785,0.399213424,-0.367221117
-0.259464558,0.375794220,-0.361319432
-0.266968652,0.352236260,-0.354801342
-0.273577066,0.328583500,-0.347685282
-0.279281864,0.304878091,-0.339986929
-0.284068911,0.281161780,-0.331717854
-0.287928685,0.257476755,-0.322892586
-0.290844396,0.233866368,-0.313521604
-0.292807253,0.210374345,-0.303620338
-0.293831130,0.187040464,-0.293216115
-0.293879898,0.163914281,-0.282309896
-0.292975639,0.141034103,-0.270932894
-0.291110823,0.118444649,-0.259100839
-0.288283078,0.096190539,-0.246832239
-0.284495463,0.074315346,-0.234148064
-0.279755619,0.052861150,-0.221070992
-0.274068130,0.031872010,-0.207622238
-0.267437200,0.011393467,-0.193822905
-0.259878004,-0.008533945,-0.179697996
-0.251403958,-0.027868391,-0.165271417
-0.242027384,-0.046566124,-0.150566565
-0.231765362,-0.064585394,-0.135608172
-0.220638868,-0.081886520,-0.120421775
-0.208672089,-0.098431862,-0.105033343
-0.195884472,-0.114177988,-0.089467606
-0.182307531,-0.129092128,-0.073751678
-0.167968033,-0.143135668,-0.057911507
-0.152902320,-0.156280464,-0.041974291
-0.137137371,-0.168485343,-0.025966037
-0.120715174,-0.179728316,-0.009914292
-0.103674009,-0.189982960,0.006154116
-0.086052098,-0.199222100,0.022212235
-0.067890051,-0.207421784,0.038232832
-0.049233997,-0.214569923,0.054189270
-0.030126469,-0.220648376,0.070054663
-0.010610848,-0.225640593,0.085801817
0.009264981,-0.229544625,0.101405197
0.029457562,-0.232347381,0.116837674
0.049920832,-0.234046004,0.132073322
0.070608602,-0.234642699,0.147087125
0.091476103,-0.234137397,0.161853520
0.112478580,-0.232534313,0.176347684
0.133571721,-0.229842646,0.190546023
0.154712318,-0.226064470,0.204422705
0.175857185,-0.221216599,0.217956083
0.196964131,-0.215307368,0.231121838
0.217992221,-0.208358076,0.243900144
0.238900740,-0.200381196,0.256267999
0.259649712,-0.191393806,0.268203948
0.280200637,-0.181418126,0.279688802
0.300517480,-0.170482027,0.290706528
0.320558389,-0.158591353,0.301229770
0.340294643,-0.145793941,0.311253365
0.359681002,-0.132088113,0.320744719
0.378691176,-0.117522027,0.329700076
0.397290254,-0.102119445,0.338101777
0.415444902,-0.085907964,0.345934352
0.433124111,-0.068919067,0.353185088
0.450300094,-0.051188028,0.359844675
0.466942812,-0.032745814,0.365900781
0.483010653,-0.013611568,0.371329022
0.498504758,0.006148232,0.376150405
0.513362534,0.026535342,0.380318869
0.527597473,0.047476734,0.383866334
0.541155618,0.068961198,0.386756907
0.554022344,0.090942906,0.388993785
0.566186473,0.113376171,0.390582629
0.577624091,0.136224640,0.391517006
0.588313273,0.159449992,0.391792527
0.598234424,0.183012194,0.391407025
0.607370602,0.206869830,0.390360691
0.615707847,0.230980503,0.388656193
0.623235469,0.255301319,0.386298742
0.629946303,0.279789450,0.383296109
0.635836897,0.304402762,0.379658566
0.640870324,0.329102177,0.375371115
0.645033060,0.353842253,0.370437733
0.648367136,0.378579985,0.364902097
0.650843162,0.403275147,0.358755080
0.652416371,0.427878802,0.351979038
0.653180119,0.452362579,0.344650571
0.653008537,0.476662402,0.336697671
0.652025837,0.500762392,0.328215598
0.650130681,0.524595058,0.319151269
0.647426205,0.548150424,0.309582820
0.643804408,0.571347149,0.299456588
0.639412230,0.594204625,0.288873610
0.634084809,0.616602189,0.277750919
0.627985991,0.638579671,0.266195603
0.621057561,0.660062875,0.254188097
0.613288469,0.680999182,0.241736562
0.604777841,0.701411893,0.228906051
0.595446219,0.721197280,0.215670647
0.585341570,0.740344162,0.202068767
0.574532496,0.758865803,0.188146334
0.562977369,0.776676618,0.173899429
0.550680814,0.793727529,0.159346591
0.537731393,0.810060459,0.144539463
0.524146955,0.825648987,0.129499236
0.509854926,0.840345415,0.114218637
0.494962800,0.854227527,0.098752047
0.479504238,0.867287839,0.083126346
0.463502116,0.879505153,0.067364792
0.446899377,0.890715365,0.051476526
0.429808963,0.901039150,0.035506644
0.412257633,0.910461216,0.019479411
0.394272288,0.918966622,0.003419094
0.375826935,0.926408035,-0.012647674
0.357003584,0.932885860,-0.028692102
0.337839543,0.938409230,-0.044689782
0.318364550,0.942970138,-0.060616525
0.298577626,0.946440375,-0.076433358
0.278537900,0.948895854,-0.092120617
0.258287581,0.950373456,-0.107658911
0.237857910,0.950872433,-0.123025208
0.217263132,0.950249639,-0.138164811
0.196557084,0.948624745,-0.153075473
0.175775058,0.946028884,-0.167741085
0.154947831,0.942418952,-0.182125860
0.134111840,0.937724236,-0.196181345
0.113302722,0.932083665,-0.209924549
0.092552447,0.925492796,-0.223330795
0.071911503,0.917814229,-0.236320771
0.051397019,0.909231687,-0.248938857
0.031047584,0.899714938,-0.261147590
0.010917406,0.889191094,-0.272884941
-0.008992795,0.877820427,-0.284200005
-0.028611972,0.865490312,-0.295006209
-0.047934148,0.852308657,-0.305332631
-0.066915218,0.838267768,-0.315144815
-0.085518082,0.823379526,-0.324419477
-0.103722857,0.807697794,-0.333158868
-0.121484832,0.791220541,-0.341329884
-0.138778317,0.773988821,-0.348926612
-0.155589453,0.756051046,-0.355954023
-0.171843904,0.737379471,-0.362349564
-0.187569913,0.718076940,-0.368165691
-0.202705761,0.698133118,-0.373354438
-0.217215075,0.677576548,-0.377898330
-0.231103693,0.656471344,-0.381821570
-0.244341057,0.634845041,-0.385110610
-0.256898213,0.612729056,-0.387754284
-0.268727021,0.590146119,-0.389724840
-0.279833688,0.567153347,-0.391044623
-0.290196965,0.543788444,-0.391710048
-0.299797519,0.520090535,-0.391719373
-0.308618736,0.496100064,-0.391073245
-0.316629122,0.471853705,-0.389760373
-0.323818223,0.447395909,-0.387787130
-0.330187196,0.422772179,-0.385168613
-0.335731030,0.398024682,-0.381914416
-0.340395237,0.373191988,-0.377997203
-0.344218011,0.348321202,-0.373459345
-0.347155194,0.323455042,-0.368282244
-0.349233637,0.298635889,-0.362498539
-0.350415275,0.273909935,-0.356095051
-0.350710065,0.249320587,-0.349092424
-0.350119733,0.224910795,-0.341505140
-0.348640843,0.200724714,-0.333344236
-0.346274625,0.176805814,-0.324623811
-0.343025602,0.153196615,-0.315359934
-0.338877185,0.129949149,-0.305556151
-0.333862949,0.107094872,-0.295245831
-0.327969503,0.084686294,-0.284434571
-0.321220072,0.062758278,-0.273148855
-0.313617375,0.041356996,-0.261403463
-0.305170326,0.020526631,-0.249216700
-0.295892929,0.000308920,-0.236609429
-0.285803323,-0.019257060,-0.223604293
-0.274922970,-0.038134953,-0.210225099
-0.263263870,-0.056278792,-0.196491017
-0.250854530,-0.073657347,-0.182428402
-0.237707796,-0.090221716,-0.168056556
-0.223856069,-0.105942872,-0.153402747
-0.209325954,-0.120784813,-0.138491300
-0.194146296,-0.134712892,-0.123347068
-0.178344794,-0.147688418,-0.107994318
-0.161960602,-0.159689262,-0.092460715
-0.145026604,-0.170682118,-0.076771514
-0.127580731,-0.180640942,-0.060953201
-0.109661308,-0.189538623,-0.045032190
-0.091311803,-0.197359177,-0.029035686
-0.072572423,-0.204077365,-0.012990185
-0.053487415,-0.209677066,0.003077147
-0.034102957,-0.214149431,0.019139276
-0.014464532,-0.217484720,0.035169391
0.005383353,-0.219666002,0.051139999
0.025392317,-0.220699586,0.067024757
0.045516404,-0.220582854,0.082796986
0.065709627,-0.219312939,0.098429525
0.085925923,-0.216900105,0.113896723
0.106120446,-0.213353926,0.129172997
0.126248567,-0.208677471,0.144231278
0.146267077,-0.202888213,0.159047008
0.166134136,-0.196003786,0.173595891
0.185807032,-0.188033196,0.187851104
0.205247242,-0.179004419,0.201790857
0.224417216,-0.168941702,0.215392885
0.243276574,-0.157858150,0.228630777
0.261790499,-0.145783788,0.241483929
0.279924912,-0.132747073,0.253931566
0.297645675,-0.118774382,0.265952154
0.314921329,-0.103896599,0.277526336
0.331721252,-0.088144528,0.288635023
0.348008182,-0.071538255,0.299252503
0.363767179,-0.054131998,0.309373810
0.378956977,-0.035939435,0.318968926
0.393557885,-0.017005049,0.328027698
0.407546681,0.002633448,0.336536330
0.420898073,0.022941248,0.344478973
0.433589908,0.043880383,0.351842434
0.445603992,0.065410022,0.358616806
0.456918958,0.087492694,0.364789291
0.467500615,0.110098468,0.370336249
0.477364685,0.133164806,0.375276269
0.486456237,0.156674074,0.379568191
0.494804389,0.180560906,0.383241293
0.502348987,0.204805216,0.386250531
0.509106851,0.229350902,0.388614617
0.515069882,0.254154933,0.390331475
0.520224032,0.279176143,0.391394189
0.524557635,0.304371909,0.391797855
0.528061667,0.329698472,0.391539752
0.530729989,0.355111316,0.390619497
0.532559560,0.380565633,0.389039174
0.533550607,0.406016844,0.386803406
0.533706740,0.431421198,0.383919395
0.533034991,0.456736419,0.380396884
0.531545763,0.481922404,0.376248046
0.529183510,0.506923037,0.371435102
0.526002887,0.531704190,0.366004264
0.522037259,0.556235479,0.359984720
0.517209901,0.580444855,0.353323788
0.511602215,0.604317136,0.346086718
0.505206131,0.627807002,0.338271841
0.498004851,0.650856841,0.329871935
0.490064244,0.673460027,0.320939252
0.481334585,0.695535622,0.311443223
0.471889286,0.717087455,0.301440949
0.461710906,0.738052410,0.290925323
0.450816065,0.758393719,0.279913193
0.439279747,0.778129792,0.268461410
0.427004947,0.797109623,0.256509700
0.414132537,0.815425791,0.244158836
0.400636383,0.832995799,0.231396965
0.386506117,0.849744919,0.218223795
0.371835882,0.865738083,0.204706369
0.356616438,0.880902440,0.190845097
0.340836146,0.895148078,0.176640305
0.324585761,0.908556840,0.162154619
0.307888226,0.921106258,0.147408423
0.290706203,0.932636389,0.132389262
0.273124765,0.943242185,0.117153938
0.255179464,0.952926018,0.101730123
0.236893151,0.961659312,0.086138788
0.218254352,0.969289959,0.070386988
0.199342640,0.975951920,0.054523092
0.180186870,0.981634045,0.038570953
0.160816120,0.986325278,0.022554592
0.141235636,0.989857891,0.006495859
0.121508949,0.992386303,-0.009571639
0.101666541,0.993906659,-0.025623536
0.081739083,0.994416855,-0.041635506
0.061754102,0.993773312,-0.057570741
0.041753226,0.992098239,-0.073409444
0.021768315,0.989417656,-0.089129328
0.001829983,0.985736908,-0.104706904
-0.018015353,0.980916430,-0.120090953
-0.037742870,0.975090513,-0.135276168
-0.057324750,0.968292345,-0.150244209
-0.076724871,0.960502731,-0.164964676
-0.095885335,0.951628516,-0.179382255
-0.114805256,0.941827036,-0.193512892
-0.133457444,0.931115786,-0.207337099
-0.151760413,0.919363911,-0.220777070
-0.169727203,0.906723924,-0.233859193
-0.187340698,0.893239519,-0.246574674
-0.204499056,0.878777365,-0.258829499
-0.221243627,0.863511752,-0.270674595
-0.237527951,0.847429732,-0.282072167
-0.253287312,0.830498576,-0.292968019
-0.268570465,0.812862695,-0.303415730
-0.283243165,0.794401436,-0.313297291
-0.297394013,0.775294638,-0.322701287
-0.310897135,0.755454444,-0.331519788
-0.323828123,0.735020644,-0.339826935
-0.336055531,0.713921394,-0.347512177
-0.347664498,0.692289868,-0.354656440
-0.358549898,0.670090794,-0.361173720
-0.368737433,0.647399485,-0.367092253
-0.378226983,0.624261783,-0.372416917
-0.386933632,0.600677574,-0.377081353
-0.394889207,0.576716378,-0.381117999
-0.402084712,0.552419445,-0.384524337
-0.408500001,0.527823734,-0.387288687
-0.414117700,0.502969028,-0.389401854
-0.418916110,0.477895741,-0.390851350
-0.422894065,0.452650123,-0.391641372
-0.426051139,0.427276867,-0.391776534
-0.428370902,0.401818557,-0.391248734
-0.429846274,0.376320042,-0.390057429
-0.430483447,0.350826088,-0.388212428
-0.430285712,0.325380034,-0.385721121
-0.429258810,0.300024049,-0.382592676
-0.427353236,0.274810768,-0.378794302
-0.424632494,0.249773460,-0.374379242
-0.421054420,0.224966907,-0.369320640
-0.416661453,0.200423761,-0.363655185
-0.411425361,0.176199518,-0.357366902
-0.405369549,0.152332594,-0.350478177
-0.398505709,0.128864446,-0.343002529
-0.390841408,0.105838922,-0.334950439
-0.382388660,0.083298063,-0.326335563
-0.373163223,0.061281639,-0.317174113
-0.363169148,0.039838885,-0.307474027
-0.352431434,0.019003998,-0.297257805
-0.340968311,-0.001183821,-0.286542999
-0.328799777,-0.020686914,-0.275348146
-0.315936765,-0.039456446,-0.263685537
-0.302411004,-0.057464808,-0.251581217
-0.288245041,-0.074674535,-0.239054698
-0.273462392,-0.091047792,-0.226125847
-0.258087018,-0.106545151,-0.212814505
-0.242156316,-0.121147236,-0.199148689
-0.225689681,-0.134803551,-0.185144491
-0.208727013,-0.147497342,-0.170830485
-0.191299635,-0.159195493,-0.156229279
-0.173442326,-0.169869178,-0.141365084
-0.155192455,-0.179493480,-0.126263121
-0.136589340,-0.188047019,-0.110949181
-0.117671779,-0.195503619,-0.095448171
-0.098482165,-0.201846196,-0.079786573
-0.079063928,-0.207059981,-0.063990948
-0.059461094,-0.211130938,-0.048087731
-0.039718400,-0.214043052,-0.032103376
-0.019882657,-0.215795913,-0.016065222
-0.000000000,-0.216383947,-0.000000000
