# Meshed torus II (chiral_e070_n4_de010): eta 0.6, N 24, eps 0.7, periods 4, delta_eta 0.01, closed (N+1, N-1) knots, B = R_z(pi)*M*A (= -A when eps = 0); ccsim.geometry.hopf_helical_pair(0.6, 24, eps=0.7, periods=4, delta_eta=0.01)
o A
v 0.427132656 0.000000000 0.298531070
v 0.445768977 0.021000906 0.304696096
v 0.463689533 0.043105520 0.309313938
v 0.476016240 0.065573510 0.322806191
v 0.487809049 0.088308003 0.336216347
v 0.502767711 0.112897368 0.340877494
v 0.518090433 0.137438048 0.336805586
v 0.530470047 0.163722924 0.341486825
v 0.539575465 0.188011238 0.354933034
v 0.549983204 0.214398585 0.361361928
v 0.560298959 0.241701447 0.360817384
v 0.568890387 0.267522917 0.349736137
v 0.576579596 0.295863804 0.348282511
v 0.583469488 0.323964501 0.351357314
v 0.590117964 0.351090842 0.360078996
v 0.595255102 0.379904110 0.357346624
v 0.598482034 0.407995385 0.350086827
v 0.598101976 0.432779821 0.334249775
v 0.598081061 0.460446666 0.324716005
v 0.597972946 0.489137337 0.318298792
v 0.599639170 0.518469309 0.318932626
v 0.600287460 0.547743737 0.317826805
v 0.596984479 0.575473979 0.308607184
v 0.591908208 0.602232069 0.297567886
v 0.582290173 0.623528250 0.279849857
v 0.570837566 0.643430190 0.261501144
v 0.561069487 0.667823008 0.248340680
v 0.551111606 0.692817189 0.236482110
v 0.543890218 0.720443174 0.229509187
v 0.536431827 0.748068750 0.222765689
v 0.524172911 0.771741205 0.210623268
v 0.509345656 0.792905357 0.196536642
v 0.492248432 0.811108747 0.181157241
v 0.471967670 0.823329318 0.163746741
v 0.450324976 0.833702510 0.146714953
v 0.429080069 0.847693672 0.132027551
v 0.407944160 0.863585025 0.119109231
v 0.385616473 0.878354025 0.106884106
v 0.362294994 0.892441514 0.095756456
v 0.338321361 0.906672993 0.086333664
v 0.313652451 0.920915310 0.078952970
v 0.288150764 0.934780120 0.074155060
v 0.261717528 0.947592470 0.072750325
v 0.234548827 0.958391547 0.075705055
v 0.207378514 0.966035102 0.083824482
v 0.181415558 0.969542262 0.097099915
v 0.157436462 0.968942765 0.114079113
v 0.135397513 0.965290398 0.133216158
v 0.114461146 0.958217952 0.152513482
v 0.094349048 0.940977091 0.164979352
v 0.073160176 0.924967273 0.177121435
v 0.049376286 0.916876841 0.192406256
v 0.023128145 0.910087133 0.203749027
v -0.005103081 0.906850206 0.211124045
v -0.033714697 0.910209611 0.216913229
v -0.062229494 0.916721951 0.219993622
v -0.091030691 0.922200027 0.218272083
v -0.119505901 0.924702797 0.211355847
v -0.147434475 0.926961440 0.202352350
v -0.174867934 0.929023911 0.191893512
v -0.201055432 0.927864771 0.178724045
v -0.224952146 0.921620300 0.162753307
v -0.248335782 0.914453248 0.146381956
v -0.273119299 0.910397712 0.131108686
v -0.298501583 0.908274245 0.116361503
v -0.323752874 0.906339535 0.101418102
v -0.349777368 0.909313064 0.088049895
v -0.375577134 0.912883115 0.074371233
v -0.400043953 0.911162036 0.058326844
v -0.422421369 0.903865867 0.040670434
v -0.443239797 0.893759714 0.022630989
v -0.459477768 0.876825146 0.004986508
v -0.474030099 0.857712225 -0.012015496
v -0.491354171 0.841883394 -0.029654262
v -0.510115310 0.828270225 -0.047789706
v -0.529570020 0.816542234 -0.066349153
v -0.550846727 0.810129118 -0.085640495
v -0.570456401 0.800800763 -0.105368796
v -0.585523844 0.783690556 -0.123871252
v -0.598904929 0.764591266 -0.141825041
v -0.608015854 0.741324810 -0.156865929
v -0.611918913 0.714113324 -0.167342056
v -0.618615713 0.688777838 -0.180389239
v -0.628074485 0.666024337 -0.196482554
v -0.638546006 0.645340136 -0.214358263
v -0.651082414 0.629153156 -0.235492097
v -0.659541346 0.608027624 -0.253749005
v -0.663517278 0.582363872 -0.267596498
v -0.665148486 0.555442108 -0.278878859
v -0.661015052 0.526427172 -0.280730495
v -0.658956439 0.497978575 -0.286713321
v -0.658794874 0.470561637 -0.297412712
v -0.659405888 0.445005383 -0.311434376
v -0.661075058 0.422468585 -0.330182830
v -0.657362488 0.395094074 -0.339772219
v -0.651560177 0.366943375 -0.345915132
v -0.642806062 0.339473617 -0.341002756
v -0.634405023 0.311646156 -0.339692090
v -0.626276125 0.283725174 -0.344168479
v -0.618577133 0.258170513 -0.356385026
v -0.608600751 0.231897019 -0.363880765
v -0.596789032 0.204941459 -0.364183653
v -0.585685469 0.180675833 -0.352754280
v -0.573204325 0.155020447 -0.347314430
v -0.559158552 0.129377328 -0.347557351
v -0.543440242 0.105734300 -0.354494484
v -0.527686603 0.081370130 -0.349681221
v -0.515059937 0.059308363 -0.335663101
v -0.500075542 0.036552169 -0.325473007
v -0.481056368 0.014606153 -0.323651048
v -0.461381150 -0.006357215 -0.319771204
v -0.445999617 -0.026758957 -0.305947815
v -0.431429634 -0.046609268 -0.290543321
v -0.410687882 -0.065367367 -0.282787081
v -0.388704017 -0.082490183 -0.275336191
v -0.374864268 -0.100646531 -0.257387336
v -0.357025317 -0.118194609 -0.242305014
v -0.332234559 -0.131387357 -0.234656956
v -0.314270787 -0.147482164 -0.218212226
v -0.299163679 -0.164150080 -0.200007904
v -0.274961266 -0.175354960 -0.188475601
v -0.254049423 -0.188601107 -0.173036395
v -0.238359132 -0.205148302 -0.154886845
v -0.214244831 -0.215050243 -0.141955882
v -0.190337858 -0.225489587 -0.128765766
v -0.166789254 -0.238040426 -0.116384563
v -0.141553793 -0.251259133 -0.109432387
v -0.117880149 -0.266581511 -0.115663834
v -0.103235705 -0.285849811 -0.131420627
v -0.083596515 -0.292830473 -0.151420105
v -0.056881404 -0.302024277 -0.157411980
v -0.028315046 -0.303056004 -0.151082562
v -0.001654879 -0.299249852 -0.139303612
v 0.023132654 -0.293257296 -0.124674817
v 0.046494290 -0.291433297 -0.107258749
v 0.066882948 -0.276903608 -0.092502030
v 0.087577345 -0.266472607 -0.074731730
v 0.108933005 -0.260903891 -0.055908110
v 0.124619051 -0.243589274 -0.038620080
v 0.145321277 -0.236785418 -0.019483921
v 0.161612404 -0.222390640 -0.000532792
v 0.176793495 -0.207179099 0.018998558
v 0.197429709 -0.198879919 0.037412356
v 0.208547707 -0.180916816 0.057216279
v 0.229053026 -0.170718853 0.075059685
v 0.242297169 -0.154337163 0.094657020
v 0.255607502 -0.137790511 0.114410976
v 0.276363111 -0.125129135 0.130061327
v 0.285071102 -0.106521831 0.150460416
v 0.303050351 -0.090426472 0.166563508
v 0.320823270 -0.073161501 0.181669916
v 0.328263485 -0.053690564 0.201869943
v 0.345786654 -0.034777014 0.215161976
v 0.362422511 -0.014478523 0.227639950
v 0.368742439 0.006225980 0.247287863
v 0.382629943 0.028503200 0.260083579
v 0.399137532 0.051426449 0.266928162
v 0.408198680 0.075111403 0.281257830
v 0.414331733 0.098261078 0.297610965
v 0.426071590 0.124056091 0.304170197
v 0.437176194 0.150756789 0.307596896
v 0.443339887 0.177604768 0.317531761
v 0.445366560 0.202364920 0.333121702
v 0.449934401 0.230579132 0.340080360
v 0.454758454 0.259416373 0.338934847
v 0.456886549 0.288562684 0.337957178
v 0.455445700 0.317671113 0.341928632
v 0.450841382 0.344948991 0.351799532
v 0.444101813 0.372318827 0.359803128
v 0.434687268 0.400133250 0.361431490
v 0.420988517 0.426119504 0.362357384
v 0.401890920 0.448398279 0.362662113
v 0.376855996 0.463560211 0.362192466
v 0.348060306 0.468537190 0.360468463
v 0.319073603 0.465200185 0.357090285
v 0.290865956 0.458398375 0.352173388
v 0.262506050 0.453163013 0.346423210
v 0.233863482 0.455146534 0.340585384
v 0.207098288 0.466354524 0.336341396
v 0.182914913 0.482972299 0.334425999
v 0.160137944 0.501595214 0.334865700
v 0.137920218 0.520711409 0.337513487
v 0.115965750 0.540038081 0.340811783
v 0.094578557 0.557537892 0.350482101
v 0.073291001 0.575300848 0.359859326
v 0.051264222 0.594688353 0.362135947
v 0.029613403 0.613505129 0.356538275
v 0.007465015 0.631221114 0.349094289
v -0.016104764 0.648824215 0.348227788
v -0.039489997 0.665920504 0.351961604
v -0.062300297 0.682765467 0.359597429
v -0.086667672 0.699017441 0.357694393
v -0.111238286 0.713820748 0.351817353
v -0.134045410 0.724016417 0.336367050
v -0.158810073 0.735263187 0.325726490
v -0.184692128 0.747236496 0.318446552
v -0.210531886 0.760800998 0.316812044
v -0.236106707 0.775181650 0.317792580
v -0.262230839 0.785427979 0.309334990
v -0.287889789 0.793006250 0.297325434
v -0.310035533 0.793790135 0.278100353
v -0.332760159 0.793962911 0.259588797
v -0.358509552 0.797831547 0.245881475
v -0.384773643 0.802539685 0.233712855
v -0.411894631 0.811762071 0.227002784
v -0.438506646 0.817970177 0.216663678
v -0.463027646 0.817896017 0.200428487
v -0.486696766 0.815888360 0.183115685
v -0.504466513 0.806088991 0.162168546
v -0.519823319 0.793076437 0.140747267
v -0.541109562 0.785763114 0.121888648
v -0.562910047 0.778815509 0.103386631
v -0.587411546 0.777012992 0.087355556
v -0.612338946 0.776696981 0.071751528
v -0.633195852 0.768988523 0.052771595
v -0.651056873 0.757063174 0.032648967
v -0.664414001 0.740629674 0.012631575
v -0.670385718 0.718337334 -0.005620485
v -0.680466604 0.698515882 -0.024576964
v -0.694492277 0.681792049 -0.044319526
v -0.708094111 0.664778127 -0.064081315
v -0.726687446 0.654717174 -0.084485628
v -0.743771266 0.643291664 -0.105325662
v -0.753339837 0.623547860 -0.124854638
v -0.760905492 0.602272981 -0.143731226
v -0.762483232 0.577435962 -0.158796055
v -0.758468562 0.550189697 -0.169158523
v -0.759866712 0.525015278 -0.183990606
v -0.762948096 0.500872841 -0.200539401
v -0.768941072 0.479711078 -0.219901266
v -0.776374996 0.460963832 -0.241310206
v -0.777669782 0.437466132 -0.258565971
v -0.774965459 0.411642087 -0.272421959
v -0.767116921 0.384495548 -0.279299212
v -0.756372231 0.357201881 -0.281188822
v -0.749894616 0.330357186 -0.291137397
v -0.743273725 0.303812814 -0.301955099
v -0.740154196 0.280794620 -0.319783367
v -0.734316039 0.256911127 -0.335316241
v -0.723422646 0.230566394 -0.342630903
v -0.710544649 0.204584707 -0.344681744
v -0.695945612 0.179906943 -0.338201533
v -0.682452732 0.154030250 -0.341297824
v -0.668702357 0.128682680 -0.346687462
v -0.655801440 0.105664527 -0.359667614
v -0.639955625 0.081594021 -0.364093732
v -0.623097899 0.057867805 -0.361473697
v -0.607284521 0.035948507 -0.349898823
v -0.589530393 0.012774075 -0.346896005
v -0.570712279 -0.009414760 -0.348751018
v -0.550711069 -0.029931144 -0.354259302
v -0.530836376 -0.051087267 -0.349435201
v -0.514099257 -0.071094608 -0.336239019
v -0.495499327 -0.091278706 -0.326402270
v -0.474001387 -0.110728290 -0.322356638
v -0.450347787 -0.128050136 -0.323125422
v -0.429078702 -0.146736305 -0.315114418
v -0.412217835 -0.166071379 -0.300844580
v -0.392749590 -0.185448204 -0.290804752
v -0.371681284 -0.204968921 -0.284416199
v -0.350114862 -0.224865298 -0.282807142
v -0.331506570 -0.247153170 -0.286785480
v -0.322582615 -0.273544937 -0.295562862
v -0.322388855 -0.301066164 -0.304760593
v -0.324265706 -0.329519817 -0.307528529
v -0.316115661 -0.356623281 -0.314915593
v -0.296664171 -0.377527733 -0.320802451
v -0.270322756 -0.389900444 -0.324317228
v -0.242018622 -0.397235810 -0.321779858
v -0.213495861 -0.400730285 -0.315530772
v -0.187440239 -0.404041506 -0.302461778
v -0.160560860 -0.403763134 -0.290927375
v -0.132791533 -0.397645568 -0.284375120
v -0.105906207 -0.387682633 -0.279193397
v -0.080941312 -0.381920011 -0.265222056
v -0.057611974 -0.377747390 -0.248405775
v -0.033540669 -0.365029211 -0.238134636
v -0.010792944 -0.350785600 -0.226995703
v 0.010434749 -0.345925098 -0.207645163
v 0.031740283 -0.332799816 -0.192605489
v 0.050607935 -0.315066694 -0.179920653
v 0.070625299 -0.308346581 -0.159925356
v 0.088452923 -0.292376059 -0.143783217
v 0.104841145 -0.275268099 -0.127159515
v 0.124097719 -0.267571391 -0.106730399
v 0.137139615 -0.247733434 -0.090214830
v 0.154579185 -0.236127318 -0.070246300
v 0.171151775 -0.223012157 -0.050624661
v 0.181793134 -0.203656240 -0.032237207
v 0.200507873 -0.193212153 -0.012561392
v 0.209221411 -0.173296629 0.006532186
v 0.226385297 -0.160117396 0.025672469
v 0.239819848 -0.143348472 0.044921390
v 0.248125436 -0.123896804 0.064604992
v 0.266452425 -0.109044854 0.081611562
v 0.272260268 -0.088545232 0.101293416
v 0.286640366 -0.069922142 0.118353530
v 0.300757747 -0.050124627 0.134238213
v 0.304155941 -0.028275469 0.153453463
v 0.317113245 -0.006210549 0.167348634
v 0.327943790 0.017521479 0.180289195
v 0.327969241 0.041275809 0.197361003
v 0.331448072 0.067530645 0.210084992
v 0.332027559 0.095235929 0.219873305
v 0.326759214 0.123592946 0.224974405
v 0.314410033 0.148936433 0.219098998
v 0.299328386 0.166032932 0.201504439
v 0.274781060 0.174014095 0.188737047
v 0.254012129 0.190899050 0.177512727
v 0.236178624 0.213996005 0.179222413
v 0.220707109 0.237269835 0.188361216
v 0.206118477 0.259817929 0.200396235
v 0.192460375 0.282690570 0.212656064
v 0.181106364 0.308094952 0.221299424
v 0.164757578 0.326651293 0.236718028
v 0.147900720 0.343630629 0.253341711
v 0.133811401 0.367719440 0.261443872
v 0.117630996 0.390029780 0.271014139
v 0.099547427 0.405179315 0.287926234
v 0.081236277 0.423498013 0.301344871
v 0.063998544 0.446905094 0.303714944
v 0.044242126 0.467196147 0.311165986
v 0.024197457 0.482572919 0.325551879
v 0.003515695 0.499053836 0.337585511
v -0.017643249 0.518689135 0.339098142
v -0.039518597 0.537657308 0.337625475
v -0.063010952 0.554468922 0.342994262
v -0.085208308 0.568088909 0.356624351
v -0.109369351 0.583728411 0.361794784
v -0.133685649 0.599026518 0.358136526
v -0.157807384 0.612639578 0.348873429
v -0.184049366 0.625936165 0.347991858
v -0.209663025 0.638572340 0.353448796
v -0.235233136 0.650929025 0.359831145
v -0.262226651 0.662059023 0.356130082
v -0.287569682 0.670077994 0.345025728
v -0.311464647 0.675006811 0.329038142
v -0.339051894 0.682292321 0.321833619
v -0.366914998 0.689881426 0.317509641
v -0.394535984 0.699589815 0.320181233
v -0.422230883 0.705310937 0.312974862
v -0.449378542 0.708708912 0.302128366
v -0.472553711 0.706882664 0.284642140
v -0.492824894 0.701321054 0.264098749
v -0.518415078 0.699648814 0.249754316
v -0.544211518 0.697536305 0.235757742
v -0.572210627 0.699655730 0.227573869
v -0.600482648 0.702574540 0.220290234
v -0.624981261 0.698090589 0.204762220
v -0.648145047 0.691572592 0.187816854
v -0.665444294 0.679692709 0.167683442
v -0.677129853 0.663471479 0.146104793
v -0.695117843 0.650715523 0.126871021
v -0.714869889 0.638936118 0.108505422
v -0.737756036 0.630594966 0.092216060
v -0.762517939 0.625057423 0.077329152
v -0.782898609 0.614240293 0.059454167
v -0.798296278 0.598629709 0.039821651
v -0.811903474 0.581600491 0.020101545
v -0.817146425 0.559846480 0.001246197
v -0.818909241 0.536376131 -0.016414045
v -0.826902687 0.515231468 -0.035092394
v -0.836461533 0.494791922 -0.053988719
v -0.849780610 0.477294589 -0.073330361
v -0.865979799 0.462773131 -0.093134421
v -0.876183537 0.443678969 -0.112683548
v -0.880281694 0.420830507 -0.130776806
v -0.882385667 0.397149672 -0.148058990
v -0.876901853 0.371247926 -0.160700145
v -0.868958504 0.344911744 -0.171152521
v -0.865918567 0.319288366 -0.185098111
v -0.864315126 0.294089727 -0.200220845
v -0.865600713 0.270497653 -0.217629480
v -0.869002656 0.248650305 -0.237049799
v -0.867887786 0.224806386 -0.253990201
v -0.861301624 0.199022939 -0.266540579
v -0.852847372 0.173006541 -0.277216005
v -0.839377716 0.147171904 -0.280722993
v -0.825284001 0.121444950 -0.282699335
v -0.814867436 0.095099946 -0.290503662
v -0.804644104 0.068730155 -0.298654701
v -0.795848048 0.042695811 -0.309068753
v -0.788814180 0.017395764 -0.322363662
v -0.780447518 -0.008503503 -0.333424101
v -0.769722726 -0.035431564 -0.338369457
v -0.759812045 -0.062964130 -0.341492070
v -0.752065525 -0.091289212 -0.343245898
v -0.748084263 -0.120412800 -0.343200844
v -0.749606794 -0.149641938 -0.340753725
v -0.757038772 -0.177570490 -0.335472973
v -0.768415757 -0.203526589 -0.327608808
v -0.781232335 -0.228101419 -0.317714550
v -0.793371450 -0.252439762 -0.306472572
v -0.802999717 -0.277662411 -0.294798795
v -0.808335408 -0.304472235 -0.284021127
v -0.807757789 -0.332662420 -0.275869881
v -0.800855642 -0.360873795 -0.271635256
v -0.788596047 -0.387570674 -0.271386007
v -0.772415933 -0.411946758 -0.274289629
v -0.752291498 -0.433060160 -0.277542372
v -0.728279933 -0.450008990 -0.278431779
v -0.702852835 -0.464777417 -0.279568852
v -0.677677924 -0.479296050 -0.284018681
v -0.653047319 -0.493420940 -0.291756690
v -0.627571198 -0.505844530 -0.299672092
v -0.604073418 -0.518063797 -0.312286190
v -0.581631510 -0.529177719 -0.327718415
v -0.555223180 -0.537048046 -0.337594485
v -0.526945095 -0.542440076 -0.343712174
v -0.497837158 -0.545112730 -0.343905251
v -0.468816465 -0.545788051 -0.339103201
v -0.439561935 -0.547001101 -0.340844836
v -0.410396959 -0.547379247 -0.344723061
v -0.383378148 -0.547178459 -0.356240761
v -0.355349913 -0.544799918 -0.363917677
v -0.326246032 -0.540585368 -0.363743715
v -0.299331792 -0.535982636 -0.353133158
v -0.271293118 -0.530306124 -0.347490430
v -0.242868093 -0.523031868 -0.346602469
v -0.216056888 -0.513416582 -0.353828319
v -0.188690917 -0.503442889 -0.350744610
v -0.163378318 -0.494921731 -0.339656990
v -0.138738266 -0.486349013 -0.327116529
v -0.112909727 -0.473617314 -0.322142323
v -0.088674924 -0.457662750 -0.322314815
v -0.064757064 -0.444690320 -0.311425081
v -0.043288318 -0.436383245 -0.293540458
v -0.020447447 -0.420594038 -0.284228135
v 0.000620559 -0.401137412 -0.278562846
v 0.021065994 -0.388732682 -0.262409415
v 0.040965653 -0.376847910 -0.245361652
v 0.058550858 -0.355752444 -0.236790537
v 0.076856142 -0.338950017 -0.221442718
v 0.095359582 -0.328816908 -0.201607798
v 0.110147025 -0.307161917 -0.189169879
v 0.125939134 -0.289291655 -0.172277954
v 0.143547303 -0.278306224 -0.152151489
v 0.154681681 -0.255827616 -0.137746405
v 0.170490682 -0.241238558 -0.118304990
v 0.185829127 -0.225750138 -0.099142250
v 0.194124650 -0.203322423 -0.082857184
v 0.211027590 -0.189930032 -0.063356407
v 0.219481292 -0.168408297 -0.045879559
v 0.229743858 -0.148149525 -0.027617130
v 0.245440088 -0.131326514 -0.009971908
v 0.249528786 -0.107725531 0.006633961
v 0.260915400 -0.085931825 0.022532093
v 0.272899723 -0.062819083 0.035521107
v 0.276785871 -0.035280527 0.044454767
v 0.273870157 -0.006671334 0.041580502
v 0.275833498 0.015001121 0.023005979
v 0.275773083 0.036533452 0.003872876
v 0.267178668 0.063611412 -0.001184989
v 0.256446275 0.089572846 0.007191067
v 0.248625285 0.114341468 0.020831564
v 0.243286182 0.138737865 0.035798190
v 0.227477689 0.156081596 0.053019475
v 0.217991928 0.177580486 0.070233909
v 0.209076893 0.199549298 0.086895064
v 0.192383466 0.213539611 0.106302935
v 0.183416230 0.236365133 0.121972484
v 0.169071807 0.253860834 0.140124355
v 0.152788438 0.267878327 0.159589103
v 0.141590292 0.291391977 0.172716294
v 0.124808211 0.305937590 0.191264753
v 0.107794725 0.320496708 0.209608072
v 0.093332349 0.343738499 0.219829905
v 0.075003992 0.357560690 0.237445767
v 0.056305448 0.371269026 0.254785646
v 0.038547137 0.392973873 0.262016206
v 0.018133753 0.410352192 0.273866772
v -0.001846323 0.419851973 0.292950244
v -0.023577785 0.436329529 0.303658868
v -0.045482972 0.455720947 0.305391540
v -0.069058067 0.469972057 0.315422193
v -0.090944510 0.479042379 0.332552303
v -0.115758393 0.492831839 0.340243294
v -0.140368289 0.508065060 0.336413557
v -0.166720638 0.520438495 0.339464018
v -0.192711214 0.530355616 0.348125872
v -0.218000100 0.538855415 0.360013811
v -0.245674380 0.548545162 0.362283194
v -0.272398049 0.557081217 0.354113032
v -0.300187672 0.564081773 0.348712668
v -0.328949421 0.570107727 0.348694028
v -0.356770798 0.575749531 0.356326186
v -0.385425705 0.580527605 0.359057724
v -0.414392936 0.583597425 0.354991545
v -0.440368703 0.583385700 0.341651548
v -0.466331827 0.581547652 0.328308206
v -0.494938204 0.580238928 0.321518812
v -0.523873626 0.578788226 0.317231972
v -0.553241271 0.578965907 0.319105208
v -0.581988787 0.576211766 0.314776142
v -0.609202388 0.570407037 0.305188940
v -0.634198438 0.562055823 0.292470672
v -0.654081809 0.549914431 0.274538489
v -0.674756722 0.536954830 0.258216201
v -0.698934118 0.525042395 0.246400993
v -0.722961388 0.512308075 0.235190736
v -0.749579719 0.501728548 0.228605303
v -0.776510748 0.491214965 0.223160486
v -0.799801551 0.476381366 0.213393098
v -0.819790441 0.458433693 0.201374014
v -0.838644695 0.439047565 0.189765459
v -0.855764569 0.417962782 0.178451405
v -0.870567883 0.394952208 0.167635936
v -0.883044318 0.370152251 0.157904237
v -0.893206831 0.343698254 0.150018992
v -0.901100964 0.315819262 0.144981949
v -0.906723661 0.286983236 0.144001622
v -0.909891905 0.258083885 0.148213562
v -0.910284738 0.230380972 0.157962029
v -0.907742710 0.204834478 0.172270340
v -0.902279618 0.181361368 0.189128051
v -0.894765395 0.159215788 0.206957320
v -0.893977422 0.140189048 0.229161381
v -0.891904351 0.120254921 0.250260206
v -0.882256261 0.095755642 0.263290222
v -0.874878009 0.068799497 0.272372657
v -0.870894014 0.040030917 0.276680207
v -0.864315883 0.012368713 0.269673591
v -0.860229642 -0.015042853 0.260141805
v -0.864020943 -0.043784572 0.255148955
v -0.868950304 -0.072056147 0.248626995
v -0.874138159 -0.099892261 0.240598275
v -0.881345975 -0.127432799 0.233359486
v -0.892183190 -0.154404585 0.228760581
v -0.902543151 -0.181254863 0.222721394
v -0.908453515 -0.207916979 0.211976639
v -0.911468010 -0.234003256 0.198684229
v -0.912876751 -0.259556505 0.184228494
v -0.907046553 -0.281968791 0.166217429
v -0.898132400 -0.302811660 0.147450122
v -0.893106683 -0.326108439 0.130337941
v -0.890341486 -0.350509241 0.114115385
v -0.888286775 -0.375039200 0.098103681
v -0.892329924 -0.400753480 0.084418634
v -0.895062045 -0.425976491 0.069661346
v -0.889572750 -0.448579470 0.051827994
v -0.881055308 -0.469757096 0.033249436
v -0.868655328 -0.488495573 0.014484431
v -0.849424590 -0.501888448 -0.003267632
v -0.829964643 -0.515334773 -0.020725051
v -0.815166733 -0.532772238 -0.039187185
v -0.800775727 -0.550380211 -0.057861187
v -0.792216363 -0.570634613 -0.077249218
v -0.785534309 -0.591169552 -0.097211985
v -0.770424362 -0.607002107 -0.116596224
v -0.751361517 -0.619860991 -0.134965799
v -0.729856218 -0.630177866 -0.151931648
v -0.703203672 -0.633972678 -0.163636868
v -0.676489444 -0.637798449 -0.175212430
v -0.653327845 -0.646237118 -0.191274881
v -0.630653640 -0.654667984 -0.207960487
v -0.613319124 -0.666316526 -0.228643354
v -0.594652787 -0.676168556 -0.249001000
v -0.569506366 -0.679983819 -0.263733714
v -0.543317719 -0.681986258 -0.276974688
v -0.514809676 -0.678528657 -0.281943452
v -0.486015995 -0.673575771 -0.284319906
v -0.458520572 -0.672454757 -0.294709814
v -0.432078741 -0.671691298 -0.307328102
v -0.409077509 -0.672691212 -0.325647732
v -0.382914153 -0.669521240 -0.338061610
v -0.354997798 -0.663196848 -0.344824542
v -0.327583605 -0.653924172 -0.341283086
v -0.300122540 -0.644563345 -0.338677071
v -0.272358243 -0.635757596 -0.342894939
v -0.246392498 -0.627169148 -0.352841985
v -0.221235785 -0.617358761 -0.363666620
v -0.194535478 -0.604988822 -0.364212833
v -0.169461618 -0.592648112 -0.356556983
v -0.144802796 -0.580107143 -0.347684867
v -0.119252009 -0.565655766 -0.346585888
v -0.095657494 -0.549557944 -0.353531622
v -0.071678590 -0.533027952 -0.350796314
v -0.049502825 -0.519170591 -0.338430626
v -0.027350231 -0.504441405 -0.326907708
v -0.005324229 -0.485858266 -0.322626955
v 0.014814912 -0.465089174 -0.321868238
v 0.035235678 -0.447518272 -0.310479203
v 0.054488204 -0.434436983 -0.293099830
v 0.073555902 -0.414317259 -0.283652642
v 0.089996854 -0.390859162 -0.278518968
v 0.107813895 -0.374121702 -0.262803469
v 0.125407636 -0.358377549 -0.245985505
v 0.139388349 -0.334676273 -0.236899256
v 0.153874214 -0.313027205 -0.223833459
v 0.171165796 -0.299106570 -0.204754561
v 0.184401453 -0.276712401 -0.191437773
v 0.195049983 -0.252329552 -0.179608608
v 0.211656916 -0.235680181 -0.162261748
v 0.225673983 -0.214144642 -0.148165249
v 0.234211296 -0.187518951 -0.139197753
v 0.247811800 -0.162520239 -0.132067924
v 0.263919497 -0.138881577 -0.136803569
v 0.280429812 -0.122393922 -0.154541337
v 0.296713507 -0.106096580 -0.172703134
v 0.308771320 -0.080886188 -0.180072341
v 0.312140656 -0.052259555 -0.175105146
v 0.315648705 -0.026311154 -0.161823554
v 0.311232450 -0.000631025 -0.148349683
v 0.297451147 0.022470858 -0.136752282
v 0.291388778 0.045253846 -0.119536662
v 0.285436690 0.067274874 -0.101544935
v 0.268627516 0.085418189 -0.086079994
v 0.262755271 0.106368011 -0.066923858
v 0.249975948 0.124648633 -0.048564164
v 0.234142547 0.140299338 -0.030170843
v 0.227189087 0.160899738 -0.010924566
v 0.209161048 0.173337112 0.007997345
v 0.199843136 0.193130628 0.027038931
v 0.184795728 0.207939387 0.046505128
v 0.168480398 0.221122343 0.066446570
v 0.157669458 0.241532712 0.083814479
v 0.139204139 0.250721974 0.104159291
v 0.125748753 0.270112829 0.120995812
v 0.109048898 0.285385963 0.139123280
v 0.090271613 0.294678619 0.159193334
v 0.074500514 0.315123361 0.172434000
v 0.054991311 0.325689959 0.191013322
v 0.035074783 0.335942594 0.209388400
v 0.015782197 0.355340208 0.219220271
v -0.005916799 0.366139116 0.235471471
v -0.027442196 0.373286434 0.253533388
v -0.050399852 0.389052169 0.261522344
v -0.074900239 0.401255545 0.271664221
v -0.098124896 0.406088219 0.288617977
v -0.123355307 0.413366808 0.301454345
v -0.150236948 0.424302022 0.304752226
v -0.177958750 0.431839062 0.310031582
v -0.204622761 0.434306300 0.321706327
v -0.230859343 0.434591197 0.334681375
v -0.259685478 0.435701155 0.340433734
v -0.288956267 0.436257814 0.338436680
v -0.318025008 0.433065296 0.337150405
v -0.346186563 0.425035640 0.339864766
v -0.372636800 0.412442447 0.341974200
v -0.393458720 0.393813106 0.350673164
v -0.408215618 0.369037974 0.354045045
v -0.413564030 0.340523754 0.350201461
v -0.413645497 0.315473914 0.335869736
v -0.410455231 0.288444851 0.325574414
v -0.409532548 0.259817259 0.319076529
v -0.416003119 0.231296679 0.317774232
v -0.428998908 0.205337742 0.322176623
v -0.445828696 0.182124961 0.328745008
v -0.465083991 0.160677704 0.334662026
v -0.485359938 0.140012228 0.339972217
v -0.507210122 0.120546601 0.338908263
v -0.528577308 0.100541484 0.337377006
v -0.548467406 0.079222846 0.341382106
v -0.565790667 0.058381923 0.352551872
v -0.583975697 0.037051704 0.360679305
v -0.603214827 0.014885338 0.361698476
v -0.621303144 -0.006794885 0.353600796
v -0.638667673 -0.029843375 0.348698470
v -0.655675955 -0.053826844 0.348377814
v -0.672193629 -0.076918715 0.355950103
v -0.688525052 -0.100879397 0.359218835
v -0.703716733 -0.125763306 0.355291965
v -0.715086270 -0.149326559 0.342354369
v -0.724856914 -0.173212313 0.328532841
v -0.736614909 -0.199211170 0.321335123
v -0.748505759 -0.225474129 0.316113613
v -0.762628040 -0.251222015 0.317963355
v -0.773973524 -0.277573767 0.312854101
v -0.782173181 -0.303753800 0.302196363
v -0.784164436 -0.326726191 0.284421350
v -0.782575882 -0.347967350 0.264209814
v -0.785928263 -0.373652692 0.250279984
v -0.788892942 -0.399523186 0.236590045
v -0.796861414 -0.426698690 0.229173170
v -0.804688601 -0.453802905 0.221406710
v -0.804817058 -0.478600435 0.205656699
v -0.802992743 -0.502569554 0.188677490
v -0.795185857 -0.522251799 0.168549224
v -0.782420182 -0.537693334 0.146999285
v -0.772397859 -0.556652671 0.127051250
v -0.764845293 -0.578143809 0.108416517
v -0.759675572 -0.601094168 0.091041001
v -0.760237602 -0.626602624 0.076379937
v -0.754674571 -0.648849616 0.058461225
v -0.742647503 -0.666650005 0.038344148
v -0.728635901 -0.682620077 0.018101666
v -0.706950946 -0.688735478 -0.000445093
v -0.685016247 -0.695132450 -0.018619616
v -0.667982937 -0.708741783 -0.038367023
v -0.650489667 -0.721796512 -0.058094193
v -0.638695848 -0.739327865 -0.078363073
v -0.628087052 -0.757160641 -0.099112741
v -0.609315824 -0.767545389 -0.118971556
v -0.588094519 -0.774964024 -0.137966050
v -0.564561184 -0.778630855 -0.154943767
v -0.537795159 -0.775315421 -0.166649967
v -0.511369556 -0.773279125 -0.179203631
v -0.487090214 -0.775787465 -0.195638328
v -0.463702914 -0.778947527 -0.213021951
v -0.445497567 -0.786949251 -0.234679523
v -0.423947420 -0.790344608 -0.253932256
v -0.398264727 -0.787410784 -0.268003223
v -0.371951338 -0.782139718 -0.279682923
v -0.344953131 -0.770798548 -0.281773124
v -0.317944954 -0.761331591 -0.287337152
v -0.291439450 -0.754267995 -0.298002977
v -0.266998757 -0.749309821 -0.313309470
v -0.243998843 -0.744599728 -0.330931361
v -0.218194289 -0.734241424 -0.340152112
v -0.192199423 -0.721905382 -0.346148683
v -0.167617448 -0.706948134 -0.340922935
v -0.142470223 -0.692400764 -0.339676132
v -0.117056418 -0.678078266 -0.343577034
v -0.093445127 -0.664612103 -0.354372102
v -0.070308723 -0.649616002 -0.363789561
v -0.046484860 -0.632352973 -0.363990100
v -0.024131328 -0.615576208 -0.355347987
v -0.001767549 -0.598392719 -0.347726078
v 0.020868610 -0.579662518 -0.346456117
v 0.041720402 -0.559779874 -0.352252095
v 0.062509384 -0.539294636 -0.352174865
v 0.083132279 -0.519934788 -0.344684816
v 0.103035190 -0.503379412 -0.330769822
v 0.123283717 -0.483052707 -0.324350499
v 0.142191801 -0.460850067 -0.322766736
v 0.160191825 -0.437846327 -0.322347206
v 0.179997754 -0.417090456 -0.315769170
v 0.201063510 -0.397758914 -0.308854872
v 0.224727238 -0.381633358 -0.302224773
v 0.251631285 -0.370197882 -0.300469124
v 0.279932771 -0.365931093 -0.306673521
v 0.306998045 -0.366487855 -0.317696163
v 0.330454666 -0.364443664 -0.334614632
v 0.358540540 -0.359057430 -0.340849220
v 0.383381852 -0.343872791 -0.339911987
v 0.401710433 -0.322151760 -0.332717504
v 0.413148486 -0.295583592 -0.327945263
v 0.419385556 -0.267140390 -0.323834807
v 0.420087846 -0.237885156 -0.323588162
v 0.417359192 -0.208741252 -0.322520915
v 0.414853159 -0.180685484 -0.314100722
v 0.414593192 -0.155813282 -0.298444253
v 0.409547621 -0.129085517 -0.287480484
v 0.397968091 -0.102521421 -0.283394292
v 0.387655622 -0.077012601 -0.273478779
v 0.383671372 -0.054408568 -0.255346801
v 0.373738865 -0.030615305 -0.241366050
v 0.356286122 -0.008525637 -0.233527671
v 0.346918991 0.012989436 -0.216364232
v 0.338298377 0.033867170 -0.198209418
v 0.319055419 0.052258513 -0.186719658
v 0.307799599 0.071711805 -0.168302551
v 0.298013374 0.090877872 -0.149095432
v 0.277730711 0.105926457 -0.134344849
v 0.268631882 0.124536359 -0.114215102
v 0.252973285 0.140353622 -0.095865512
v 0.234518834 0.153386652 -0.078112975
v 0.224957197 0.171836303 -0.058001063
v 0.204583281 0.181884974 -0.039815486
v 0.192870190 0.199423727 -0.020075490
v 0.176053715 0.212558644 -0.000639818
v 0.157342733 0.222649312 0.018779309
v 0.143873521 0.240463903 0.037255929
v 0.123371095 0.246921814 0.056850981
v 0.107566144 0.263885414 0.074409723
v 0.088034476 0.274437962 0.092912248
v 0.067215116 0.281263950 0.111916580
v 0.048136412 0.298022833 0.126302157
v 0.025854028 0.303075913 0.144247002
v 0.002668224 0.309162991 0.160955799
v -0.021353791 0.322348302 0.171352731
v -0.047630321 0.327045286 0.183698210
v -0.075343380 0.328195845 0.193409970
v -0.103885916 0.323591586 0.198022751
v -0.128501126 0.309450050 0.192884587
v -0.141264955 0.286667929 0.180760833
v -0.157517966 0.274739102 0.160030008
v -0.178412824 0.256714928 0.151071126
v -0.202608479 0.240696324 0.155155697
v -0.226124012 0.226209645 0.165272005
v -0.248740678 0.212161721 0.177814079
v -0.266178895 0.195555789 0.194178823
v -0.285853473 0.180477487 0.209767888
v -0.311638783 0.169756481 0.218504841
v -0.331508522 0.154001234 0.233161028
v -0.346253530 0.136687570 0.251415499
v -0.369312752 0.121934367 0.260917526
v -0.391826544 0.105880202 0.269789314
v -0.407128539 0.087627282 0.286341416
v -0.424447396 0.069033063 0.300530334
v -0.447118941 0.051171398 0.303959766
v -0.467326630 0.031195394 0.310696646
v -0.482244744 0.010948220 0.324989014
v -0.498092710 -0.009967636 0.337227489
v -0.516932656 -0.031796291 0.340501951
v -0.535694852 -0.053812090 0.337436644
v -0.551853241 -0.077629101 0.343220839
v -0.564906306 -0.100094183 0.356974522
v -0.580073967 -0.124690482 0.361730647
v -0.594789842 -0.149490916 0.359294976
v -0.607608347 -0.173443850 0.348880365
v -0.620257211 -0.200005314 0.348042925
v -0.632239212 -0.225815907 0.354100639
v -0.643909854 -0.251779791 0.359941974
v -0.654331851 -0.279046383 0.356219816
v -0.661476018 -0.304593531 0.344080397
v -0.666386202 -0.329573958 0.329495273
v -0.672774435 -0.357273674 0.321900694
v -0.679594527 -0.385394693 0.317643366
v -0.688148769 -0.413500784 0.319216966
v -0.693448858 -0.441505332 0.312970258
v -0.695899117 -0.468662627 0.301945924
v -0.692662987 -0.491019151 0.283551755
v -0.686962253 -0.511830775 0.263710165
v -0.684801977 -0.537686566 0.249851313
v -0.682049985 -0.563572535 0.236135261
v -0.683134894 -0.591677330 0.227803130
v -0.684505970 -0.619890557 0.219801144
v -0.679738164 -0.644675649 0.204962481
v -0.672270685 -0.667511940 0.187998558
v -0.659506098 -0.684265688 0.167757514
v -0.643300509 -0.696549417 0.146482610
v -0.629690862 -0.713995733 0.127277268
v -0.617164603 -0.733436367 0.109074912
v -0.607264811 -0.755495447 0.092563101
v -0.600890996 -0.780227619 0.077950270
v -0.589975281 -0.801055420 0.060618441
v -0.573765670 -0.816137123 0.041233417
v -0.556281348 -0.829552125 0.021773998
v -0.534461509 -0.834820226 0.003057264
v -0.510736020 -0.835771860 -0.014330311
v -0.489018397 -0.842935393 -0.032657007
v -0.468130866 -0.852143460 -0.051234549
v -0.449270849 -0.864248210 -0.070151228
v -0.433332173 -0.879615886 -0.089538874
v -0.414632298 -0.891040789 -0.108946435
v -0.391654899 -0.895276587 -0.126803427
v -0.367887417 -0.897663187 -0.143978289
v -0.342267884 -0.893551232 -0.157463907
v -0.315973727 -0.884698072 -0.167281345
v -0.289870441 -0.879724427 -0.179633637
v -0.264389289 -0.878015525 -0.194263183
v -0.239047721 -0.876398991 -0.209085323
v -0.215748991 -0.878747541 -0.226885638
v -0.192532355 -0.880457766 -0.244844033
v -0.167036747 -0.876383892 -0.258687597
v -0.140689199 -0.869243263 -0.269692251
v -0.114089909 -0.859996722 -0.278010907
v -0.087671287 -0.847453971 -0.281113975
v -0.061214212 -0.834657958 -0.282656998
v -0.033963686 -0.824648148 -0.287146424
v -0.006232518 -0.816668114 -0.292935605
v 0.021993600 -0.809550028 -0.297252491
v 0.050812224 -0.804170947 -0.299719326
v 0.080117949 -0.801807594 -0.299702572
v 0.109250512 -0.803776538 -0.296440635
v 0.136971912 -0.810529295 -0.289417690
v 0.162534510 -0.820684830 -0.279015621
v 0.186416764 -0.832104114 -0.266165784
v 0.209701385 -0.842957671 -0.251806993
v 0.233580463 -0.851728538 -0.237026575
v 0.259001850 -0.857008062 -0.223237275
v 0.286232382 -0.857567075 -0.212242554
v 0.314450062 -0.852937724 -0.205582249
v 0.342267231 -0.843696079 -0.203620293
v 0.368835922 -0.831335515 -0.205959265
v 0.394569103 -0.819208383 -0.213398490
v 0.418952838 -0.806832702 -0.224255622
v 0.441504706 -0.792414540 -0.236450516
v 0.461670659 -0.774518030 -0.248162471
v 0.479057159 -0.753075928 -0.258322115
v 0.494616184 -0.730220363 -0.268403165
v 0.507763957 -0.705422026 -0.276893028
v 0.516429679 -0.677450054 -0.279446210
v 0.524316311 -0.649258605 -0.282177153
v 0.533990916 -0.622781394 -0.290527590
v 0.542801441 -0.596283008 -0.299813302
v 0.552190281 -0.572715464 -0.314587952
v 0.560264266 -0.549323869 -0.330437557
v 0.564605636 -0.521634903 -0.339096158
v 0.566968363 -0.492923845 -0.345034050
v 0.566295215 -0.463783675 -0.342367703
v 0.564828503 -0.434722851 -0.338647812
v 0.563958789 -0.405539686 -0.342319787
v 0.562538522 -0.377568395 -0.350727251
v 0.559860396 -0.350680741 -0.362196326
v 0.554805112 -0.321836030 -0.364171621
v 0.548720886 -0.293624165 -0.360490372
v 0.542715682 -0.267542276 -0.348612325
v 0.534887150 -0.239266090 -0.346475110
v 0.525254836 -0.212037510 -0.350307897
v 0.514047271 -0.185386186 -0.353090939
v 0.503304242 -0.159016645 -0.346171637
v 0.495260914 -0.135388585 -0.330668577
v 0.483035478 -0.109760628 -0.323066708
v 0.466929467 -0.085571702 -0.323419094
v 0.451667443 -0.061715524 -0.316675500
v 0.441752347 -0.039964001 -0.300038796
v 0.428307977 -0.017577086 -0.286967892
v 0.408065896 0.003022018 -0.283106056
v 0.391537277 0.023734514 -0.270533259
v 0.382265977 0.043252432 -0.250933453
v 0.363380841 0.062079003 -0.239200469
v 0.342758729 0.079090892 -0.228012744
v 0.331847626 0.097503887 -0.208315251
v 0.313929099 0.114194716 -0.192635626
v 0.292132660 0.127743009 -0.179455109
v 0.281113358 0.145350223 -0.159224844
v 0.260899573 0.158554129 -0.143217474
v 0.240173426 0.170340694 -0.126831705
v 0.227772675 0.187444608 -0.106843152
v 0.205034771 0.195783981 -0.090885188
v 0.187695472 0.209576578 -0.071944136
v 0.171084272 0.224379162 -0.053378233
v 0.147792410 0.230042783 -0.036802041
v 0.130214435 0.245463918 -0.019410801
v 0.107802571 0.255046749 -0.003351400
v 0.082537639 0.258886072 0.010916137
v 0.056575670 0.267563983 0.021524220
v 0.029047065 0.276822796 0.021497166
v 0.005004040 0.277925771 0.005280417
v -0.014637553 0.271456592 -0.014506232
v -0.041971822 0.271685416 -0.023531980
v -0.070373976 0.269588439 -0.017130805
v -0.095382703 0.260685941 -0.004636950
v -0.115584806 0.245902619 0.010490911
v -0.139167618 0.240361211 0.026773265
v -0.159458561 0.229123770 0.044160598
v -0.175923300 0.213959874 0.062690260
v -0.199056032 0.207191411 0.079142499
v -0.213399545 0.191079044 0.098406674
v -0.231824127 0.178081249 0.116839179
v -0.253919374 0.167782059 0.132461313
v -0.265424808 0.150438960 0.152646104
v -0.286623084 0.137772337 0.167834215
v -0.306122301 0.122935089 0.183481557
v -0.316924327 0.104914127 0.203679675
v -0.338435339 0.089834941 0.215606696
v -0.356959193 0.072123754 0.229561781
v -0.366584024 0.053180993 0.249477023
v -0.385481588 0.034278121 0.260924225
v -0.405077203 0.014574282 0.269344650
v -0.416623188 -0.006142924 0.286088131
v -0.429541831 -0.027647203 0.300808628
v -0.448063140 -0.049646531 0.303980813
v -0.463420762 -0.073431954 0.311122459
v -0.473175474 -0.096149478 0.326204381
v -0.484504185 -0.120293841 0.337642892
v -0.498495719 -0.145693538 0.338595174
v -0.511255803 -0.171845483 0.337694986
v -0.521487243 -0.198941312 0.342755862
v -0.528736360 -0.223975178 0.356331393
v -0.537211933 -0.251409559 0.361707134
v -0.545244185 -0.279219943 0.358873867
v -0.551545975 -0.306223473 0.349314845
v -0.556685514 -0.335170771 0.348175202
v -0.560993872 -0.363833499 0.351431506
v -0.565041878 -0.391697982 0.359719824
v -0.567310939 -0.420893114 0.357307850
v -0.567498690 -0.449145523 0.349731706
v -0.564688683 -0.474718656 0.335456003
v -0.561302104 -0.502033732 0.325394646
v -0.557574614 -0.530466350 0.318779172
v -0.554831063 -0.559659549 0.317892063
v -0.552116202 -0.588922023 0.318793808
v -0.545589501 -0.616710543 0.312160004
v -0.536839354 -0.643253784 0.302947039
v -0.525062767 -0.666624344 0.289742360
v -0.510337814 -0.686019464 0.273233962
v -0.494604371 -0.706047884 0.258564055
v -0.479196053 -0.728899429 0.248253543
v -0.462352846 -0.750944213 0.238436472
v -0.443863432 -0.771820851 0.229040529
v -0.423657509 -0.791380840 0.220379425
v -0.401651576 -0.809414282 0.212878874
v -0.377769286 -0.825599968 0.207130174
v -0.352010268 -0.839421975 0.203947736
v -0.324624952 -0.850070458 0.204355811
v -0.298074260 -0.859733777 0.211795073
v -0.274671182 -0.868818474 0.227032737
v -0.250770605 -0.870285636 0.243883896
v -0.226526751 -0.862852276 0.258761112
v -0.203358816 -0.852325328 0.273540743
v -0.180378020 -0.835743644 0.279881649
v -0.156898592 -0.818468661 0.282068299
v -0.130814884 -0.808634456 0.291327825
v -0.102669639 -0.802916472 0.297492769
v -0.073406523 -0.801992947 0.299975748
v -0.044179794 -0.805187830 0.299345838
v -0.015499486 -0.811060587 0.296411376
v 0.012602477 -0.818440200 0.291731805
v 0.040241377 -0.826524668 0.285651284
v 0.067533633 -0.834788912 0.278361755
v 0.094568028 -0.842870950 0.269986887
v 0.121400133 -0.850513959 0.260609805
v 0.148058482 -0.857531864 0.250296279
v 0.174556752 -0.863822885 0.239136264
v 0.201177035 -0.872875493 0.230708440
v 0.227534261 -0.884490050 0.224653481
v 0.253918434 -0.893466929 0.215445036
v 0.279469517 -0.896796013 0.201256659
v 0.304271187 -0.897706768 0.185555429
v 0.325792363 -0.891622136 0.166559740
v 0.345849829 -0.882637148 0.146987225
v 0.368385619 -0.877086637 0.129019851
v 0.392127009 -0.873612447 0.111976530
v 0.416622402 -0.872501610 0.095903157
v 0.442136433 -0.876206007 0.081713947
v 0.466714910 -0.876807813 0.065710303
v 0.488078272 -0.869303907 0.046953643
v 0.508366436 -0.859882033 0.027827217
v 0.524576932 -0.844813927 0.008825376
v 0.535627921 -0.823996999 -0.008778104
v 0.549421341 -0.805542493 -0.026876873
v 0.566618754 -0.791023247 -0.045840586
v 0.584348121 -0.777748099 -0.065070862
v 0.604848257 -0.770708566 -0.084957004
v 0.623479775 -0.760783252 -0.105254882
v 0.636641677 -0.742609244 -0.124238928
v 0.648188539 -0.722799493 -0.142690278
v 0.653916944 -0.698154924 -0.157046105
v 0.654988883 -0.670573941 -0.167215732
v 0.661394335 -0.646255138 -0.182172146
v 0.668869346 -0.622968217 -0.198543472
v 0.677954984 -0.602300370 -0.217062053
v 0.689527665 -0.586362007 -0.238919796
v 0.695013578 -0.563482433 -0.256116779
v 0.696916769 -0.537619267 -0.270034114
v 0.695726521 -0.510257003 -0.280185645
v 0.689904561 -0.481534652 -0.282734473
v 0.686042355 -0.453276391 -0.289241731
v 0.683772538 -0.425910672 -0.299831606
v 0.683562682 -0.401573680 -0.315942076
v 0.682743045 -0.378232476 -0.333505956
v 0.676475866 -0.350698747 -0.341649548
v 0.668375150 -0.322967531 -0.346260234
v 0.657707190 -0.296324419 -0.339969242
v 0.647893531 -0.268850795 -0.340900456
v 0.638186142 -0.241830611 -0.346711887
v 0.629089039 -0.217609760 -0.360639857
v 0.616764048 -0.191351091 -0.364073807
v 0.603363940 -0.165349480 -0.362389357
v 0.590690449 -0.141409658 -0.350967641
v 0.576387362 -0.116219396 -0.346707599
v 0.560621853 -0.091959394 -0.349361155
v 0.543490601 -0.068979124 -0.353440524
v 0.526551707 -0.045665974 -0.347593923
v 0.513729455 -0.024750641 -0.331563948
v 0.496387419 -0.002501609 -0.323531154
v 0.475292277 0.017764425 -0.324130059
v 0.455377502 0.037972334 -0.317294830
v 0.440628739 0.057259454 -0.301651931
v 0.423547892 0.076488122 -0.288157340
v 0.400609004 0.093425159 -0.282668321
v 0.378879997 0.110156900 -0.272894281
v 0.365293831 0.128016690 -0.254199228
v 0.345023286 0.144500820 -0.240835234
v 0.319604809 0.156829853 -0.233119573
v 0.301001777 0.172646612 -0.217093379
v 0.284109459 0.189115912 -0.200090379
v 0.259602209 0.200464907 -0.189193349
v 0.235892454 0.212534551 -0.177078450
v 0.217333755 0.229838797 -0.162322084
v 0.194660124 0.245722850 -0.152851649
v 0.170804365 0.262553918 -0.152313985
v 0.152603437 0.281169235 -0.165389185
v 0.138950890 0.299809618 -0.183613013
v 0.119237218 0.317015028 -0.196325574
v 0.091720171 0.326488065 -0.196955684
v 0.063084647 0.325364639 -0.191685918
v 0.035949634 0.318772647 -0.182862160
v 0.011099468 0.316300735 -0.167745491
v -0.012661985 0.312515795 -0.151378644
v -0.034302724 0.297610527 -0.138702442
v -0.056014081 0.288940965 -0.121185639
v -0.077342386 0.283217640 -0.102401246
v -0.094422466 0.265741350 -0.086641320
v -0.114884684 0.259211327 -0.067162254
v -0.132589542 0.245967780 -0.048520510
v -0.147511562 0.229634505 -0.029961768
v -0.167706391 0.222202610 -0.010663164
v -0.179657690 0.203880821 0.008472405
v -0.199223960 0.194328223 0.027435280
v -0.213202108 0.178629390 0.046955117
v -0.226274393 0.162372463 0.066744226
v -0.246054476 0.150716465 0.084237817
v -0.254811779 0.131911405 0.104684810
v -0.273982674 0.118095641 0.121263949
v -0.288742931 0.100845687 0.139382794
v -0.297227726 0.081789275 0.159358757
v -0.317238589 0.065233596 0.172621925
v -0.327038652 0.045258564 0.191219926
v -0.336956272 0.024842083 0.209353572
v -0.355637970 0.004658990 0.219193023
v -0.365662241 -0.017585743 0.235209129
v -0.371804765 -0.039530896 0.253127093
v -0.386115695 -0.063373690 0.261552623
v -0.397496214 -0.088544605 0.270897983
v -0.401511432 -0.112484819 0.286906307
v -0.406577789 -0.137991367 0.300072728
v -0.414758435 -0.165530050 0.304771784
v -0.420785646 -0.193844163 0.308050397
v -0.421582028 -0.221865053 0.316708705
v -0.417849493 -0.247793686 0.330093998
v -0.413664813 -0.276030280 0.336867023
v -0.406047535 -0.304155757 0.340761664
v -0.394401483 -0.330940850 0.338539063
v -0.376554192 -0.353169739 0.331960199
v -0.350540836 -0.365546452 0.327381705
v -0.321955718 -0.367536355 0.321779917
v -0.293734083 -0.362371246 0.322471409
v -0.265951367 -0.362289210 0.312890440
v -0.239079073 -0.371125328 0.305522610
v -0.215814653 -0.388704002 0.302242225
v -0.194824994 -0.409269284 0.303318788
v -0.174427011 -0.429858486 0.308375815
v -0.154336315 -0.449940173 0.315804192
v -0.134416820 -0.466457436 0.329797608
v -0.114660003 -0.486571316 0.337920654
v -0.095356134 -0.508356070 0.339615196
v -0.075951671 -0.530135037 0.336817779
v -0.054670872 -0.550044557 0.340926126
v -0.033840872 -0.567138104 0.352306994
v -0.012419356 -0.585006243 0.360680290
v 0.009980157 -0.603931973 0.361362767
v 0.031745279 -0.621455439 0.352254973
v 0.055289945 -0.638460292 0.348641938
v 0.079625675 -0.654961593 0.348151943
v 0.102783554 -0.670919408 0.356654023
v 0.127186138 -0.686645411 0.358808119
v 0.152383910 -0.701107051 0.354294397
v 0.175820333 -0.711236214 0.339896503
v 0.200341697 -0.720878217 0.327235067
v 0.226631302 -0.731950441 0.319990471
v 0.252986606 -0.744562149 0.318595051
v 0.279179600 -0.757791923 0.319392353
v 0.305674679 -0.766961037 0.310823792
v 0.331923411 -0.774143645 0.299670615
v 0.354406490 -0.774798325 0.281155785
v 0.375861404 -0.772869299 0.261279232
v 0.401597869 -0.775464049 0.247272754
v 0.427891283 -0.778689347 0.234652430
v 0.455383205 -0.786340895 0.227539725
v 0.482367997 -0.791740906 0.217636299
v 0.506875448 -0.790689089 0.201431073
v 0.530488775 -0.787781166 0.184146285
v 0.546836057 -0.776571592 0.162904994
v 0.561190326 -0.762814288 0.141442925
v 0.582564136 -0.755114943 0.122780670
v 0.603780040 -0.746918640 0.104111068
v 0.628202185 -0.744171187 0.088230235
v 0.653297219 -0.743324348 0.073015194
v 0.673221791 -0.734002827 0.053816625
v 0.690435753 -0.721226538 0.033651186
v 0.702149317 -0.703492450 0.013617610
v 0.708134854 -0.681566068 -0.005058808
v 0.717082937 -0.661131142 -0.024076258
v 0.730097140 -0.643601580 -0.043811121
v 0.743551887 -0.626677108 -0.063671205
v 0.761185032 -0.614997023 -0.084099032
v 0.777146912 -0.601904420 -0.104940041
v 0.786029104 -0.581967428 -0.124531594
v 0.792222339 -0.560114195 -0.143198680
v 0.790694857 -0.534399539 -0.156877624
v 0.785906382 -0.507479466 -0.167673205
v 0.787555590 -0.482906516 -0.183606619
v 0.789442120 -0.458587807 -0.200074970
v 0.793774174 -0.436565667 -0.218874483
v 0.800413411 -0.417425026 -0.240203790
v 0.801204252 -0.394251372 -0.257885042
v 0.797300091 -0.368538479 -0.271661157
v 0.788598128 -0.341848296 -0.279127038
v 0.776423506 -0.315134631 -0.280706995
v 0.768509873 -0.288544580 -0.290174605
v 0.760651011 -0.262237305 -0.300763297
v 0.755636228 -0.238455361 -0.317115931
v 0.749569184 -0.215146711 -0.333800510
v 0.737885086 -0.189356317 -0.341714365
v 0.724065375 -0.163816539 -0.344409638
v 0.708449822 -0.139556115 -0.338642511
v 0.693750415 -0.114292438 -0.340544558
v 0.678862709 -0.089286072 -0.344825257
v 0.665302776 -0.066581570 -0.357626347
v 0.649078220 -0.043286216 -0.363916046
v 0.631308449 -0.019841443 -0.363873908
v 0.614266243 0.002068486 -0.354544906
v 0.596610779 0.024248244 -0.347619436
v 0.577593203 0.046646061 -0.345968618
v 0.557520218 0.067294911 -0.351699432
v 0.536873754 0.087879127 -0.352467500
v 0.516852844 0.108684267 -0.346977791
v 0.499882503 0.129107356 -0.334344356
v 0.480988999 0.150006992 -0.326403456
v 0.461064145 0.171158456 -0.321719839
v 0.441231810 0.192769789 -0.319465829
v 0.422708465 0.215576239 -0.320592180
v 0.409177227 0.241182499 -0.325114630
v 0.405269304 0.269307526 -0.332238603
v 0.408631600 0.297451186 -0.340089060
v 0.415104860 0.325566402 -0.336845102
v 0.415037659 0.354569875 -0.339318910
v 0.404909295 0.381871933 -0.341895580
v 0.385110535 0.401743832 -0.349986405
v 0.360043719 0.416069817 -0.354027044
v 0.332580601 0.426266162 -0.351577813
v 0.304319896 0.432643245 -0.346850143
v 0.277919744 0.437678086 -0.334906610
v 0.249770509 0.439263748 -0.326955369
v 0.220867212 0.437329820 -0.322215845
v 0.192370426 0.430349688 -0.323914891
v 0.164587638 0.424534102 -0.316368378
v 0.140079347 0.421898056 -0.300765486
v 0.114292376 0.415601976 -0.288588497
v 0.088525350 0.403244626 -0.283092928
v 0.063765069 0.390819326 -0.274141641
v 0.041667423 0.385654523 -0.255927973
v 0.018503179 0.374794278 -0.241635243
v -0.002809645 0.356472095 -0.233599661
v -0.023844424 0.346087579 -0.216394067
v -0.044266886 0.336937510 -0.197982484
v -0.061953371 0.317172444 -0.186301549
v -0.081004541 0.305634382 -0.167646872
v -0.099820442 0.294833919 -0.148428972
v -0.114033284 0.274256897 -0.133773737
v -0.132539676 0.265202235 -0.113474149
v -0.147083224 0.247723459 -0.095602470
v -0.160505672 0.229820257 -0.077187473
v -0.178623127 0.219402702 -0.057054757
v -0.188036287 0.198820240 -0.038984537
v -0.205777577 0.187141739 -0.019370489
v -0.216471883 0.168429652 -0.000196679
v -0.227608351 0.150100004 0.019413967
v -0.245081437 0.135957873 0.037702338
v -0.250932244 0.115083160 0.057081834
v -0.267565819 0.098562745 0.074295294
v -0.277309256 0.078245241 0.092509249
v -0.283299501 0.056699629 0.111091604
v -0.299039672 0.036348902 0.124996758
v -0.304657139 0.012940827 0.141478405
v -0.307164473 -0.011361493 0.157495772
v -0.311372570 -0.037667529 0.169946272
v -0.311451797 -0.065734632 0.178520827
v -0.304131718 -0.093867253 0.178476632
v -0.295236593 -0.115928055 0.162648414
v -0.278898249 -0.131055410 0.143781137
v -0.257735779 -0.147055820 0.133062194
v -0.242361215 -0.171810155 0.133934888
v -0.228662049 -0.195910970 0.143704325
v -0.215507897 -0.218725919 0.156834279
v -0.206012003 -0.243862182 0.168208521
v -0.193382631 -0.266432301 0.181880809
v -0.176246071 -0.281209840 0.200514934
v -0.163281533 -0.303737455 0.213668610
v -0.150304442 -0.327294986 0.224639261
v -0.133165183 -0.342129941 0.242682715
v -0.116519848 -0.360662573 0.257887137
v -0.101940922 -0.385345403 0.263785521
v -0.083703858 -0.404098498 0.276975747
v -0.065184008 -0.417198020 0.295064800
v -0.046165257 -0.437291723 0.304550062
v -0.027299318 -0.459545072 0.306471789
v -0.006161115 -0.477010185 0.316861674
v 0.014262321 -0.489883796 0.333487752
v 0.036556250 -0.507547507 0.340859653
v 0.058322600 -0.526646676 0.336305329
v 0.082335657 -0.543089804 0.340119236
v 0.105677740 -0.556674792 0.350686363
v 0.129362453 -0.570043819 0.360594351
v 0.154788201 -0.584602721 0.361355540
v 0.179278144 -0.597651795 0.351699534
v 0.205697442 -0.609858222 0.348525924
v 0.232571147 -0.621359399 0.350018484
v 0.258375839 -0.632508537 0.358695898
v 0.285759711 -0.642790797 0.357874282
v 0.312904846 -0.651170190 0.351132991
v 0.336809374 -0.655175538 0.334513825
v 0.363965504 -0.660435892 0.324995276
v 0.391983160 -0.665578413 0.317634837
v 0.420246659 -0.673064475 0.318546704
v 0.448605043 -0.679631979 0.317363697
v 0.476072888 -0.681899876 0.307056997
v 0.502175017 -0.681775400 0.293931074
v 0.522167742 -0.675498339 0.273362749
v 0.545140595 -0.670365374 0.256142940
v 0.570986543 -0.667007450 0.242472368
v 0.597691432 -0.664574522 0.230799783
v 0.626497379 -0.666687666 0.225192860
v 0.652856419 -0.663694595 0.213311994
v 0.676104618 -0.656150506 0.196917731
v 0.697096171 -0.646231559 0.179074116
v 0.710387752 -0.630646986 0.158061587
v 0.723229772 -0.614096469 0.137453366
v 0.742283603 -0.600890484 0.119337752
v 0.761533218 -0.587566675 0.101517857
v 0.785518727 -0.579240393 0.086733385
v 0.809283484 -0.570878498 0.071662856
v 0.826465977 -0.555972820 0.053256231
v 0.840633343 -0.538619447 0.034168194
v 0.851217455 -0.519063667 0.015094665
v 0.853721405 -0.495878788 -0.002786326
v 0.855684121 -0.472158720 -0.020050849
v 0.863572669 -0.450359724 -0.038098971
v 0.872081175 -0.428717329 -0.056138199
v 0.884193428 -0.409368212 -0.074604160
v 0.898437185 -0.391852293 -0.093483233
v 0.908675367 -0.371751971 -0.112202709
v 0.912130114 -0.348043309 -0.129262995
v 0.913191582 -0.323423850 -0.145272345
v 0.907880372 -0.297299811 -0.157552681
v 0.899635835 -0.270809229 -0.167377576
v 0.894191003 -0.244281906 -0.178726276
v 0.892112202 -0.218154521 -0.192116754
v 0.889807965 -0.191895910 -0.205195998
v 0.890493281 -0.166618159 -0.220220495
v 0.892323058 -0.141875917 -0.236056370
v 0.891765377 -0.116043565 -0.250049959
v 0.886829445 -0.088679840 -0.259593660
v 0.881270095 -0.060777031 -0.267125980
v 0.876250768 -0.032385082 -0.273021507
v 0.871007370 -0.003661051 -0.275074963
v 0.861825846 0.023144654 -0.267304492
v 0.858413244 0.051146541 -0.259898608
v 0.863303590 0.079385438 -0.253439589
v 0.871419692 0.105529672 -0.242733360
v 0.883261860 0.129344696 -0.230726528
v 0.903369943 0.150322657 -0.226277645
v 0.915960882 0.172063844 -0.211906176
v 0.923631113 0.194338195 -0.194276654
v 0.928224097 0.218140559 -0.177629234
v 0.928231754 0.243820565 -0.163362759
v 0.923172825 0.270839437 -0.153037459
v 0.913376576 0.297995338 -0.147594221
v 0.900163594 0.324234869 -0.146594976
v 0.884767823 0.349163299 -0.149163588
v 0.868087965 0.372806942 -0.154491939
v 0.850692467 0.395322123 -0.162003718
v 0.832901064 0.416827432 -0.171336016
v 0.814785544 0.437367303 -0.182110044
v 0.795712800 0.456606983 -0.193606934
v 0.776215467 0.474802399 -0.206013303
v 0.760348948 0.493687462 -0.222015243
v 0.744890049 0.511665416 -0.239429417
v 0.724862080 0.526823202 -0.254550164
v 0.700816464 0.538853690 -0.266505575
v 0.675295098 0.548892453 -0.276971391
v 0.646705668 0.554380523 -0.280755593
v 0.617778216 0.558821487 -0.283597349
v 0.590523722 0.565504827 -0.292326337
v 0.563904084 0.571950575 -0.302951275
v 0.541012611 0.579482620 -0.319786058
v 0.516110692 0.584541309 -0.334244231
v 0.487642282 0.585981935 -0.341512523
v 0.458623436 0.585413426 -0.345024081
v 0.430010035 0.582049260 -0.339065224
v 0.400902133 0.579596172 -0.340170408
v 0.371916194 0.576717840 -0.344319086
v 0.345381906 0.573741144 -0.356447287
v 0.317773989 0.568527895 -0.363881691
v 0.289199594 0.561500738 -0.364134640
v 0.262934770 0.554417529 -0.353671300
v 0.235727398 0.546348409 -0.347432429
v 0.208082952 0.536637910 -0.346814244
v 0.182392548 0.524799714 -0.354622659
v 0.155882055 0.512863743 -0.350291523
v 0.131427841 0.502685799 -0.338344402
v 0.107221081 0.491974692 -0.326281580
v 0.082608872 0.476933074 -0.322669736
v 0.059399161 0.459819463 -0.320969027
v 0.036692003 0.446012113 -0.308933017
v 0.015666886 0.435654573 -0.291861998
v -0.005761800 0.417631270 -0.283863588
v -0.025649432 0.397870927 -0.276487885
v -0.045306280 0.385357446 -0.259205111
v -0.064681602 0.371044636 -0.242882495
v -0.080805924 0.348215539 -0.234713055
v -0.098512000 0.332282856 -0.217870663
v -0.116289941 0.319918605 -0.198800761
v -0.129287381 0.296874465 -0.187028953
v -0.145304480 0.280977199 -0.168723277
v -0.161746725 0.266711922 -0.149605658
v -0.171491621 0.243350557 -0.135500405
v -0.187375626 0.228815566 -0.116092709
v -0.200692759 0.210527482 -0.098045153
v -0.208805191 0.187838954 -0.081776472
v -0.225267855 0.172681688 -0.063091250
v -0.233476210 0.150179731 -0.046575008
v -0.241435374 0.127260724 -0.030289771
v -0.256944962 0.107569606 -0.015166897
v -0.265268258 0.082065190 -0.003210354
v -0.268195449 0.053383284 0.001479550
v -0.270349274 0.027139143 -0.010290535
v -0.279367175 0.008116865 -0.030048398
v -0.279801768 -0.017093080 -0.044244100
v -0.270858499 -0.044763316 -0.042644730
v -0.263557810 -0.070859398 -0.031303567
v -0.261457512 -0.096082462 -0.016543756
v -0.249258880 -0.117059284 -0.000477283
v -0.235584607 -0.135976718 0.016954325
v -0.230351285 -0.158979287 0.034022214
v -0.213987885 -0.174082932 0.052703996
v -0.203688680 -0.194258724 0.070908288
v -0.193481835 -0.214842744 0.088403451
v -0.176562183 -0.227573343 0.108293695
v -0.167077327 -0.250111116 0.123801327
v -0.151003063 -0.264599575 0.142975406
v -0.134734765 -0.278969506 0.162185653
v -0.122292301 -0.301624836 0.175327480
v -0.104559570 -0.313516509 0.194729446
v -0.087317838 -0.329453809 0.211746985
v -0.071325859 -0.351097158 0.222374979
v -0.052181585 -0.363356501 0.240392312
v -0.032597151 -0.376614753 0.257322975
v -0.013586752 -0.397763581 0.263588928
v 0.008011408 -0.413055119 0.276339939
v 0.028616766 -0.421470439 0.295195043
v 0.051454885 -0.436735490 0.305381342
v 0.074487310 -0.454576405 0.306624798
v 0.098894677 -0.466753460 0.317278645
v 0.121810694 -0.474784836 0.333632260
v 0.147641500 -0.486865362 0.340707171
v 0.173499606 -0.500189440 0.336728111
v 0.200811655 -0.510384769 0.339928184
v 0.227522875 -0.518137805 0.348548714
v 0.253489634 -0.524504121 0.360266315
v 0.281922698 -0.531747603 0.362250650
v 0.309140644 -0.537795851 0.353390173
v 0.337604623 -0.542127549 0.348720795
v 0.366855600 -0.545248067 0.348119993
v 0.395127062 -0.547927028 0.355617075
v 0.423995124 -0.549642078 0.359501327
v 0.453197529 -0.549411563 0.355917236
v 0.480189398 -0.546477564 0.345027410
v 0.505671701 -0.541212775 0.331338029
v 0.533646170 -0.535777168 0.324163671
v 0.561724986 -0.529291590 0.318249269
v 0.590522729 -0.523437795 0.317690956
v 0.619237541 -0.517082219 0.318370154
v 0.646361249 -0.507201063 0.313244653
v 0.671792062 -0.494648958 0.305384034
v 0.696246117 -0.480279374 0.297541012
v 0.719548434 -0.463986623 0.289961972
v 0.741461702 -0.445636698 0.282975332
v 0.761638260 -0.425069135 0.277032368
v 0.779535487 -0.402125397 0.272762270
v 0.794235341 -0.376729821 0.271056809
v 0.804445652 -0.349259565 0.272890133
v 0.807836138 -0.320610615 0.277606987
v 0.800043838 -0.292342292 0.277973961
v 0.789254732 -0.265469369 0.282447509
v 0.779017827 -0.240353214 0.293841591
v 0.767551530 -0.215950781 0.305569722
v 0.761997243 -0.194715631 0.324961028
v 0.754414484 -0.169787779 0.337258265
v 0.748554047 -0.141358632 0.341726745
v 0.748729613 -0.112035098 0.343430105
v 0.753975851 -0.083109635 0.342904430
v 0.762477383 -0.055027446 0.340726798
v 0.772790991 -0.027682340 0.337264123
v 0.784011900 -0.000860780 0.332684526
v 0.795550839 0.025633742 0.327097801
v 0.807034744 0.051930380 0.320545397
v 0.818199752 0.078113108 0.313053604
v 0.828853062 0.104230032 0.304644276
v 0.836416105 0.129636271 0.292215563
v 0.839191763 0.153387208 0.275075076
v 0.842555085 0.177959185 0.259318221
v 0.849102317 0.204014010 0.247297270
v 0.855393568 0.230121472 0.235283983
v 0.866529906 0.256467749 0.228563637
v 0.877749203 0.282700277 0.221604885
v 0.882372931 0.308288035 0.208094696
v 0.884222983 0.333207824 0.192545033
v 0.881419438 0.356072429 0.174563741
v 0.871997013 0.375104849 0.154222533
v 0.863372235 0.395257029 0.134693740
v 0.859303416 0.418505017 0.117115177
v 0.855752089 0.441994524 0.099837883
v 0.858833680 0.467426953 0.085429589
v 0.860728664 0.492315009 0.070016402
v 0.853736312 0.513681020 0.051195309
v 0.844082086 0.533577149 0.031776027
v 0.829923281 0.550144584 0.012332149
v 0.809213580 0.560655203 -0.005712730
v 0.789748396 0.572897952 -0.023899902
v 0.774668797 0.589345983 -0.043082483
v 0.760078900 0.605958040 -0.062430063
v 0.751789551 0.625830582 -0.082441101
v 0.742385939 0.644592081 -0.102945388
v 0.724842728 0.657774328 -0.122356422
v 0.704858410 0.668686389 -0.141003662
v 0.681407107 0.675374036 -0.156953538
v 0.653808375 0.675351549 -0.167160035
v 0.628385726 0.679419360 -0.180923474
v 0.604985574 0.686182043 -0.197441777
v 0.584141586 0.694693755 -0.216154567
v 0.566790311 0.705050209 -0.237536095
v 0.544556167 0.710575097 -0.255582474
v 0.518695518 0.711697389 -0.269587331
v 0.491619940 0.709889216 -0.280063950
v 0.463290888 0.702092220 -0.280396426
v 0.435584713 0.698410030 -0.288666545
v 0.408322808 0.695396766 -0.299339003
v 0.384368657 0.694839842 -0.316071214
v 0.360848537 0.693180567 -0.333257746
v 0.333471346 0.686135087 -0.341322631
v 0.305970170 0.676765208 -0.343747755
v 0.279291765 0.665526236 -0.338483535
v 0.251940419 0.655221680 -0.340789059
v 0.225133083 0.644789710 -0.346533890
v 0.200714346 0.634804887 -0.359534353
v 0.174926160 0.621963110 -0.364065564
v 0.149195905 0.607852744 -0.363115200
v 0.126443530 0.595171295 -0.349564981
v 0.101403517 0.580084514 -0.346807137
v 0.077608788 0.563751284 -0.350001394
v 0.054956155 0.546148961 -0.353703294
v 0.032022145 0.528718814 -0.347828284
v 0.011400688 0.515498856 -0.331672871
v -0.010532556 0.497543780 -0.323998119
v -0.030606657 0.476449272 -0.323414397
v -0.050206218 0.455650860 -0.318107797
v -0.069388081 0.440013785 -0.302963222
v -0.088363144 0.422807761 -0.289205946
v -0.105201368 0.399989961 -0.283057390
v -0.121317727 0.377414117 -0.274531251
v -0.138971548 0.362293028 -0.256933280
v -0.155656255 0.342862154 -0.242781295
v -0.167787754 0.317228912 -0.235635843
v -0.182683370 0.295982112 -0.221913981
v -0.200230059 0.280177894 -0.204531472
v -0.214117560 0.257100090 -0.192922740
v -0.224893567 0.230851661 -0.185395921
v -0.240838813 0.207410465 -0.177676203
v -0.259557988 0.185169180 -0.179453025
v -0.279920011 0.170188279 -0.194105349
v -0.300255863 0.158582446 -0.211916883
v -0.319062498 0.139808982 -0.223691773
v -0.329733962 0.112718779 -0.223779478
v -0.336530834 0.086118240 -0.213473300
v -0.336991807 0.059462429 -0.201372957
v -0.329087517 0.033349584 -0.191106689
v -0.318575607 0.008847437 -0.179202573
v -0.316563173 -0.013926311 -0.160987740
v -0.306174106 -0.036288697 -0.145327204
v -0.290549706 -0.056135958 -0.130963718
v -0.286028544 -0.077238920 -0.111487127
v -0.271139223 -0.095406756 -0.094691084
v -0.256542327 -0.112775382 -0.076723119
v -0.249747198 -0.132909123 -0.056997277
v -0.231226929 -0.146374592 -0.039061071
v -0.222818265 -0.165993561 -0.019406000
v -0.206948333 -0.180235965 -0.000166963
v -0.191463290 -0.194563098 0.019605008
v -0.181117206 -0.213927617 0.038305430
v -0.162337669 -0.223542096 0.058363804
v -0.150756327 -0.243440774 0.076116071
v -0.132845374 -0.254227439 0.095930900
v -0.115679363 -0.267296600 0.115302680
v -0.100936008 -0.286497655 0.131021882
v -0.081438711 -0.293397857 0.151332737
v -0.063812209 -0.310308574 0.166824050
v -0.044682316 -0.326169102 0.181750427
v -0.024127343 -0.331653841 0.201727479
v -0.003280493 -0.347288030 0.214411350
v 0.019044397 -0.361330644 0.226614670
v 0.041118841 -0.365823649 0.245150747
v 0.065208113 -0.375026214 0.258988262
v 0.090464086 -0.388860561 0.264334355
v 0.116552963 -0.395356235 0.276135585
v 0.140572659 -0.395664122 0.293037711
v 0.168079903 -0.399470944 0.302749153
v 0.196876822 -0.404379027 0.304746971
v 0.225889341 -0.404602054 0.308104595
v 0.254355684 -0.399409633 0.313326708
v 0.280682919 -0.388088921 0.319564314
v 0.302419062 -0.369283440 0.325154286
v 0.316576004 -0.343929544 0.322984488
v 0.321305564 -0.316626091 0.313492222
v 0.325649767 -0.295082577 0.294279734
v 0.329038367 -0.267833800 0.283901060
v 0.339349346 -0.240655022 0.281184712
v 0.354599672 -0.216274310 0.287084500
v 0.373786473 -0.195342615 0.294698678
v 0.394955478 -0.176323476 0.302208216
v 0.419000077 -0.159685828 0.304019812
v 0.441663012 -0.141714309 0.308344408
v 0.461368284 -0.122407335 0.318144162
v 0.478026572 -0.103071011 0.332703961
v 0.498616287 -0.083383285 0.339948963
v 0.520813064 -0.064522694 0.337166774
v 0.541342236 -0.043781987 0.338644297
v 0.560052000 -0.022185477 0.345049547
v 0.576232964 -0.001324158 0.357979274
v 0.594692215 0.021138979 0.361934271
v 0.612592069 0.043518321 0.357263632
v 0.629056094 0.066205753 0.348925046
v 0.645345353 0.090701890 0.348045823
v 0.661019828 0.114862611 0.352635625
v 0.676434323 0.138739345 0.359630890
v 0.690900512 0.164155926 0.356540621
v 0.702226342 0.188507696 0.345649956
v 0.710458237 0.211948714 0.330160430
v 0.721178086 0.238340980 0.322811937
v 0.731806498 0.265063152 0.317050052
v 0.744695192 0.291454742 0.318686913
v 0.755262414 0.318297719 0.314416620
v 0.762375991 0.344792061 0.303756638
v 0.764311704 0.368422073 0.286981130
v 0.761645698 0.389219937 0.266376682
v 0.763363919 0.414612636 0.251776373
v 0.764900740 0.440428239 0.237730249
v 0.770616751 0.467783088 0.229129648
v 0.777733542 0.495373200 0.222101682
v 0.777340295 0.520425621 0.206950665
v 0.774404118 0.544256806 0.189932626
v 0.766090039 0.563745828 0.170017083
v 0.751915908 0.577446665 0.148171733
v 0.741508458 0.596332596 0.128418168
v 0.732929752 0.617412729 0.109758099
v 0.727158736 0.640450008 0.092611794
v 0.725349579 0.665542930 0.077343107
v 0.718855530 0.687727739 0.059457204
v 0.706107524 0.705046999 0.039390253
v 0.690890178 0.719800783 0.019165598
v 0.669088191 0.725405455 0.000353487
v 0.647016349 0.731195724 -0.018050343
v 0.629032504 0.743634714 -0.037726275
v 0.610544944 0.755452640 -0.057341008
v 0.596735838 0.771513751 -0.077515514
v 0.585611751 0.789228419 -0.098148968
v 0.567107675 0.799611145 -0.118158059
v 0.545469069 0.805976638 -0.137064753
v 0.521862696 0.808647115 -0.154015495
v 0.495138449 0.803144505 -0.164886524
v 0.468977775 0.800176741 -0.177581867
v 0.444744111 0.801952239 -0.194188722
v 0.420690346 0.803425623 -0.210984003
v 0.401830382 0.810539164 -0.232375390
v 0.380630141 0.813805333 -0.252092136
v 0.355115078 0.809916553 -0.266208346
v 0.329094047 0.803907278 -0.278361286
v 0.302629925 0.791420703 -0.280564800
v 0.276051773 0.780433381 -0.285419207
v 0.249823907 0.772363543 -0.296057906
v 0.224479706 0.764853034 -0.308644678
v 0.201868535 0.759966077 -0.326820013
v 0.177055429 0.749968824 -0.338351959
v 0.151515795 0.736961231 -0.345043225
v 0.126774322 0.721640687 -0.343907150
v 0.102763403 0.705569695 -0.338762626
v 0.077781817 0.690433456 -0.342287678
v 0.053680386 0.675518192 -0.349681064
v 0.031019794 0.660590126 -0.361014563
v 0.007696195 0.643154003 -0.364142485
v -0.015176942 0.625073913 -0.361526313
v -0.036724225 0.607971265 -0.351100165
v -0.059157566 0.589531896 -0.347189694
v -0.081329371 0.570269057 -0.346745058
v -0.102007324 0.550143132 -0.352480774
v -0.123169133 0.529933732 -0.352479038
v -0.144877292 0.510435426 -0.348615199
v -0.167256140 0.492012333 -0.343543541
v -0.191026540 0.475673996 -0.337750916
v -0.217085454 0.462879692 -0.333213796
v -0.245639844 0.456326428 -0.332545331
v -0.274727944 0.457625512 -0.336200051
v -0.303126276 0.463552430 -0.341130076
v -0.327992601 0.467257248 -0.355174964
v -0.356243426 0.468158470 -0.361106580
v -0.384381263 0.460267295 -0.362423282
v -0.407821528 0.442708447 -0.362641599
v -0.425306137 0.419127544 -0.362160905
v -0.437701831 0.392494262 -0.361057904
v -0.446079763 0.364355732 -0.359273131
v -0.451228083 0.335500756 -0.356725912
v -0.453684559 0.306374119 -0.353343053
v -0.453880806 0.277292535 -0.348887010
v -0.454271686 0.250627048 -0.336695147
v -0.452519301 0.223221457 -0.326682127
v -0.446831031 0.194787387 -0.322732256
v -0.437293817 0.167047602 -0.323041396
v -0.429704691 0.140265506 -0.313666735
v -0.426007743 0.116722411 -0.296495541
v -0.416488955 0.091068306 -0.285859978
v -0.400906188 0.066472711 -0.282089450
v -0.389532682 0.042785105 -0.269146943
v -0.383544616 0.021271154 -0.250380175
v -0.368526934 -0.000808356 -0.238885978
v -0.351203640 -0.021192010 -0.228108864
v -0.343251175 -0.041361245 -0.208782209
v -0.329014117 -0.060994836 -0.192723469
v -0.309421700 -0.077816316 -0.179834781
v -0.301291168 -0.096843016 -0.159549534
v -0.284132371 -0.113321514 -0.142880553
v -0.265268656 -0.127731766 -0.126464417
v -0.255917547 -0.146150045 -0.105983372
v -0.234990585 -0.157389951 -0.089439538
v -0.222554192 -0.174163601 -0.069440003
v -0.207455947 -0.189261666 -0.049975656
v -0.187286036 -0.198632192 -0.031565188
v -0.175093682 -0.216491686 -0.012149223
v -0.154320736 -0.223670619 0.006615831
v -0.138789592 -0.239218689 0.025542387
v -0.120834545 -0.251897782 0.044117879
v -0.099958106 -0.258418627 0.063142997
v -0.082513063 -0.275263571 0.079344908
v -0.060502668 -0.280441338 0.097580635
v -0.038037190 -0.288089936 0.114653031
v -0.015532275 -0.301834648 0.127194318
v 0.009790276 -0.305184097 0.141388210
v 0.036276847 -0.303392751 0.153642564
v 0.065068353 -0.300325917 0.157328699
v 0.089538280 -0.288978832 0.146971381
v 0.106203213 -0.274748870 0.127371814
v 0.125816920 -0.260209771 0.111444751
v 0.151263792 -0.246127795 0.111019305
v 0.177975588 -0.237024458 0.118876637
v 0.202460725 -0.226328238 0.130804051
v 0.219730363 -0.209799964 0.147492094
v 0.240939598 -0.196921960 0.163061660
v 0.265815547 -0.187481185 0.174995187
v 0.282511673 -0.171599024 0.192635112
v 0.300128827 -0.156054151 0.209850643
v 0.325152016 -0.144422862 0.219335408
v 0.342781925 -0.127797381 0.235531340
v 0.357534885 -0.110420834 0.253434043
v 0.380836683 -0.095156372 0.261503528
v 0.401438980 -0.077403235 0.272183914
v 0.413928561 -0.058714365 0.290618168
v 0.431981963 -0.039234042 0.303055101
v 0.450436788 -0.018961747 0.313766451
v 0.468537606 0.002105207 0.323492927
v 0.489180441 0.022714315 0.322362960
v 0.506584210 0.045573433 0.328173144
v 0.522891655 0.069277492 0.334371944
v 0.538542931 0.093670280 0.339496081
v 0.552217087 0.117845789 0.348313996
v 0.564551778 0.141550819 0.360115634
v 0.578444541 0.167364709 0.362658226
v 0.591529975 0.193694685 0.363969496
v 0.603733614 0.220476326 0.364149440
v 0.615000983 0.247648858 0.363194131
v 0.625291684 0.275144121 0.361117175
v 0.634561531 0.302894725 0.357927530
v 0.642555121 0.330674135 0.352728722
v 0.646058791 0.354927821 0.336585407
v 0.649855266 0.381479183 0.325208530
v 0.654191423 0.409687728 0.318052008
v 0.660573265 0.438318353 0.318341809
v 0.666253380 0.466993248 0.317276144
v 0.667799000 0.494657809 0.307434573
v 0.666604653 0.520614637 0.294019868
v 0.660015838 0.541140817 0.274029802
v 0.653915491 0.563912891 0.256671676
v 0.649638877 0.589697664 0.243142517
v 0.646875597 0.616782582 0.232429442
v 0.647245374 0.645501578 0.226039530
v 0.643289223 0.671931916 0.214354049
v 0.634859706 0.695034237 0.198186014
v 0.624445485 0.716273924 0.180846759
v 0.608451416 0.729490033 0.160112759
v 0.591141778 0.741521559 0.139634240
v 0.576922687 0.759957790 0.121694583
v 0.562644072 0.778781071 0.104150287
v 0.552108148 0.801656235 0.089038044
v 0.542570096 0.825289755 0.074360811
v 0.528130221 0.843852206 0.056995356
v 0.510065379 0.857760342 0.038382937
v 0.490660304 0.869619059 0.019783385
v 0.467556752 0.873021212 0.002029642
v 0.443265709 0.873344218 -0.014577347
v 0.420293031 0.879308202 -0.031795233
v 0.397935860 0.887437228 -0.049124234
v 0.375861832 0.896250704 -0.066399621
v 0.356930818 0.910030850 -0.084210362
v 0.337512608 0.922830986 -0.102185635
v 0.314051170 0.928387055 -0.118836343
v 0.289049709 0.930495366 -0.134222894
v 0.263381689 0.930814507 -0.148536046
v 0.236589443 0.925136366 -0.159104270
v 0.209559697 0.916587606 -0.167010368
v 0.182149468 0.910753658 -0.175810498
v 0.154724964 0.909048119 -0.186355707
v 0.126864432 0.907201680 -0.195661134
v 0.098511296 0.905342648 -0.203324744
v 0.070034902 0.906146073 -0.210541838
v 0.042085227 0.911612867 -0.217891504
v 0.014006662 0.919151151 -0.222220279
v -0.014353230 0.926082636 -0.219609973
v -0.041217760 0.932657101 -0.209700799
v -0.065551100 0.940858456 -0.195379245
v -0.087321828 0.947233271 -0.177010056
v -0.105103478 0.942950057 -0.154028293
v -0.124320614 0.941897273 -0.132095109
v -0.146181247 0.946075244 -0.112850167
v -0.169862905 0.947707981 -0.095489957
v -0.195989045 0.947432987 -0.082040127
v -0.224167753 0.945782682 -0.073900485
v -0.253318760 0.942972825 -0.071402042
v -0.282349717 0.938914973 -0.073727720
v -0.310592762 0.933271450 -0.079691888
v -0.337675477 0.925649195 -0.088284965
v -0.363305243 0.915676485 -0.098733248
v -0.387336949 0.903281410 -0.110325235
v -0.409767049 0.888788559 -0.122690300
v -0.430996172 0.873161977 -0.135777496
v -0.450113352 0.854909565 -0.148528489
v -0.464923417 0.831544320 -0.158457198
v -0.478132040 0.806895104 -0.167631911
v -0.493009802 0.784414365 -0.179306702
v -0.508778971 0.763768334 -0.193136878
v -0.524014177 0.743316748 -0.207742092
v -0.540697006 0.727569074 -0.226135078
v -0.556082822 0.710952914 -0.244863646
v -0.567275905 0.687932413 -0.259178405
v -0.576307896 0.662858702 -0.271664996
v -0.581796775 0.635249755 -0.279480871
v -0.583592359 0.605944230 -0.281473183
v -0.587415621 0.577687112 -0.288145080
v -0.592098660 0.550433179 -0.298216517
v -0.597689371 0.525785033 -0.313049449
v -0.602670850 0.502328501 -0.330049622
v -0.603502492 0.474591377 -0.339455173
v -0.602319412 0.445876585 -0.345683380
v -0.597930998 0.417400904 -0.341163237
v -0.593632153 0.388723695 -0.339029523
v -0.589672374 0.359839372 -0.343054624
v -0.585536723 0.332726273 -0.353106392
v -0.579867597 0.306034811 -0.363468780
v -0.571936776 0.277714594 -0.364217187
v -0.563582266 0.250869545 -0.357285077
v -0.555040824 0.224770702 -0.347760163
v -0.544702119 0.197298167 -0.345622032
v -0.533412815 0.170311736 -0.342382258
v -0.521227230 0.143875178 -0.338042011
v -0.506880720 0.118911020 -0.339413113
v -0.491559857 0.094622551 -0.338193510
v -0.476805782 0.070458842 -0.330151687
v -0.461446241 0.047050723 -0.321074909
v -0.448052699 0.025020500 -0.307633766
v -0.435916435 0.003844697 -0.291858697
v -0.419274619 -0.017616780 -0.280513244
v -0.402218374 -0.038238848 -0.268262168
v -0.384804866 -0.058019903 -0.255156346
v -0.367084232 -0.076962854 -0.241248092
v -0.343865946 -0.092196208 -0.233202827
v -0.328664443 -0.109694585 -0.215609798
v -0.314576643 -0.127062355 -0.197161277
v -0.290837398 -0.139205123 -0.185659312
v -0.275412368 -0.155264253 -0.166968748
v -0.259862656 -0.171090937 -0.148339800
v -0.236186974 -0.180395608 -0.134227617
v -0.221195330 -0.196235357 -0.115008803
v -0.201948609 -0.208965241 -0.097450877
v -0.178752135 -0.216613548 -0.081704923
v -0.162399634 -0.232876484 -0.063767642
v -0.139387951 -0.241811414 -0.048199257
v -0.114465508 -0.248041910 -0.034296080
v -0.089551443 -0.258834654 -0.023076391
v -0.063016989 -0.270679879 -0.021368996
v -0.039149692 -0.277383402 -0.036445910
v -0.019183069 -0.275414069 -0.057197034
v 0.007275288 -0.279803644 -0.067570032
v 0.035618603 -0.281506153 -0.061864788
v 0.061327543 -0.273686213 -0.050321194
v 0.083185448 -0.260405182 -0.036233450
v 0.106780609 -0.256574758 -0.019554931
v 0.127120174 -0.245118012 -0.002278011
v 0.144461670 -0.230353386 0.015773903
v 0.166953517 -0.224565039 0.033404473
v 0.181173400 -0.207951600 0.052403936
v 0.200870685 -0.197249557 0.070886154
v 0.221015745 -0.186535520 0.088624330
v 0.233133754 -0.169365918 0.108695908
v 0.250539240 -0.155135201 0.127693515
v 0.271593507 -0.143219188 0.143437655
v 0.290152317 -0.128268164 0.160325796
v 0.307177956 -0.111654236 0.177659160
v 0.316990420 -0.093345580 0.197843405
v 0.334987990 -0.076228031 0.213060527
v 0.355255299 -0.058980266 0.224591754
v 0.371248969 -0.039204221 0.239403995
v 0.386185718 -0.018606255 0.254044045
v 0.394796229 0.001542792 0.273098191
v 0.409636023 0.023422835 0.286033024
v 0.423955535 0.046151512 0.298058436
v 0.439925364 0.069375194 0.304425909
v 0.455163588 0.093595879 0.308788709
v 0.465427142 0.118123342 0.320706798
v 0.473266753 0.141903976 0.335521610
v 0.484572240 0.168373277 0.340827890
v 0.496465583 0.194874720 0.336526740
v 0.504960447 0.222730209 0.340704143
v 0.510757152 0.249115044 0.351562952
v 0.516213913 0.276126508 0.360720411
v 0.521831261 0.304905296 0.361379816
v 0.526077934 0.332481708 0.352155209
v 0.528517094 0.361430267 0.348666435
v 0.529594314 0.390811892 0.348392858
v 0.530149317 0.419329075 0.355457333
v 0.529569227 0.448287528 0.359525304
v 0.526834054 0.477418204 0.356368084
v 0.521825978 0.505201934 0.348718121
v 0.513971897 0.530117740 0.335190719
v 0.504885853 0.556436363 0.326052701
v 0.494733963 0.583499362 0.320523635
v 0.482588983 0.609689842 0.314819929
v 0.468324401 0.634798719 0.309171233
v 0.451770686 0.658539565 0.303878087
v 0.432661392 0.680444908 0.299373270
v 0.410784894 0.699841426 0.296236682
v 0.385957858 0.715527219 0.295301943
v 0.358572121 0.725881728 0.297397587
v 0.330382345 0.729845953 0.304117973
v 0.306759109 0.731535195 0.321437587
v 0.281923625 0.725250264 0.335239892
v 0.256256848 0.713214763 0.343134393
v 0.230740621 0.699616839 0.345591870
v 0.205621418 0.686769182 0.337849011
v 0.177071034 0.680589761 0.340515058
v 0.147740492 0.681162932 0.341850891
v 0.119034214 0.687499073 0.341701288
v 0.091391422 0.697496919 0.340467460
v 0.064607341 0.709504616 0.338328924
v 0.038368003 0.722499375 0.335339243
v 0.012425697 0.735865212 0.331505993
v -0.013383904 0.749214823 0.326815935
v -0.039164607 0.762283853 0.321257890
v -0.064784417 0.776177294 0.317963411
v -0.089561288 0.791972348 0.319655225
v -0.114973513 0.806333729 0.317120242
v -0.140718473 0.817571366 0.308362704
v -0.166238300 0.826907255 0.297289115
v -0.189704652 0.830376000 0.279979698
v -0.213141813 0.832441297 0.262346365
v -0.238756321 0.838117598 0.249086254
v -0.264729197 0.844211287 0.236706595
v -0.291164391 0.854828242 0.229490340
v -0.317516845 0.865392296 0.221965849
v -0.342963926 0.869527774 0.208035434
v -0.367634415 0.870816045 0.192038265
v -0.389952524 0.867307882 0.173585773
v -0.407616043 0.856585231 0.152654673
v -0.427622120 0.848048154 0.133030152
v -0.450645582 0.843661583 0.115229456
v -0.473069297 0.837973357 0.097035011
v -0.494806669 0.830938675 0.078482223
v -0.515799183 0.822566340 0.059629908
v -0.535990058 0.812870156 0.040538327
v -0.555324479 0.801868692 0.021268906
v -0.573749791 0.789585056 0.001883989
v -0.591215666 0.776046697 -0.017553377
v -0.607674255 0.761285245 -0.036979629
v -0.623145443 0.745419688 -0.056346206
v -0.641271966 0.733928470 -0.076306290
v -0.660619366 0.725538756 -0.096813948
v -0.675608728 0.710802890 -0.117060879
v -0.686156633 0.690829074 -0.135928593
v -0.695483073 0.669899431 -0.154399643
v -0.703584567 0.648085837 -0.172419406
v -0.710445977 0.625448961 -0.189930898
v -0.716050920 0.602048488 -0.206876632
v -0.718991829 0.577024581 -0.221716469
v -0.714859618 0.548785526 -0.228589523
v -0.712466406 0.521078616 -0.237566233
v -0.713771193 0.495287387 -0.251683624
v -0.713773584 0.469041013 -0.264998989
v -0.712485660 0.442414003 -0.277469508
v -0.709919702 0.415480115 -0.289052750
v -0.706212689 0.388403672 -0.299964761
v -0.704775744 0.364240052 -0.316481553
v -0.702232999 0.340452918 -0.333449093
v -0.694454155 0.313330105 -0.341683920
v -0.685300138 0.286125249 -0.348187649
v -0.675060108 0.259068242 -0.353598213
v -0.663784393 0.232226353 -0.357907896
v -0.651367285 0.205775544 -0.359121028
v -0.638279605 0.181278254 -0.349525937
v -0.624727868 0.155359130 -0.348513542
v -0.610387928 0.129660237 -0.348898580
v -0.595201211 0.104460194 -0.348162772
v -0.579231265 0.079805464 -0.346341083
v -0.561922609 0.056887849 -0.351874230
v -0.543671621 0.034306940 -0.352655435
v -0.525408655 0.011897194 -0.347131174
v -0.506642135 -0.009812366 -0.340590782
v -0.487423994 -0.030794815 -0.333062609
v -0.467811973 -0.051044074 -0.324599958
v -0.447915498 -0.070559016 -0.315150125
v -0.433043218 -0.089394490 -0.298363752
v -0.413891275 -0.107986815 -0.286329704
v -0.389366253 -0.123433086 -0.282310488
v -0.367614939 -0.139798930 -0.271538676
v -0.352616258 -0.157608040 -0.253666874
v -0.331430293 -0.173651752 -0.241271957
v -0.305439843 -0.185586323 -0.234566634
v -0.283678375 -0.200851803 -0.221970831
v -0.266819000 -0.219428229 -0.206662685
v -0.244281840 -0.236085033 -0.197821243
v -0.221870055 -0.254762431 -0.195048796
v -0.204461442 -0.276438780 -0.203669770
v -0.194033210 -0.298685875 -0.219820879
v -0.181781239 -0.320806685 -0.234663266
v -0.159295611 -0.337304209 -0.242696930
v -0.130752840 -0.343690720 -0.242645061
v -0.102065702 -0.344101427 -0.236358552
v -0.074763396 -0.341822318 -0.225665657
v -0.050409874 -0.342624950 -0.209344142
v -0.025408218 -0.336766893 -0.195194254
v -0.002137921 -0.322150168 -0.185041041
v 0.020366208 -0.315645024 -0.167660317
v 0.042189093 -0.309046802 -0.149581864
v 0.061012208 -0.291556669 -0.135914484
v 0.081455743 -0.284453848 -0.116626104
v 0.100861520 -0.273465515 -0.098040300
v 0.116211064 -0.255582905 -0.081345027
v 0.136153651 -0.248867884 -0.061450319
v 0.153457357 -0.235114007 -0.042013753
v 0.167531179 -0.218371979 -0.023079646
v 0.181415981 -0.202096386 -0.003393539
v 0.197073720 -0.187616488 0.016886741
v 0.216735513 -0.177354218 0.035663812
v 0.231905267 -0.161573209 0.055341715
v 0.241246064 -0.142968054 0.075303631
v 0.256634367 -0.127307404 0.094194837
v 0.274375776 -0.112244717 0.111285596
v 0.288294665 -0.093995475 0.129712914
v 0.294961865 -0.074286523 0.149769472
v 0.310508134 -0.055757289 0.165782691
v 0.326359357 -0.036207483 0.180205709
v 0.331163135 -0.015311557 0.199948199
v 0.344764673 0.006474400 0.213688510
v 0.358979197 0.029309077 0.224658594
v 0.363585951 0.052187420 0.241930362
v 0.369795095 0.076500481 0.256816280
v 0.381456861 0.102706696 0.262836615
v 0.387506077 0.129860989 0.272067894
v 0.386667764 0.155342320 0.286376955
v 0.385018623 0.182228987 0.297712871
v 0.381884638 0.210706313 0.304311660
v 0.375049777 0.239218423 0.305526009
v 0.361345719 0.264748125 0.301542950
v 0.338320927 0.281069177 0.294384165
v 0.311400246 0.286687527 0.284409956
v 0.282945233 0.285538903 0.279273037
v 0.256960372 0.293254191 0.268221398
v 0.235155466 0.311770556 0.262251865
v 0.216237902 0.334173542 0.263342067
v 0.197412945 0.355625278 0.270497017
v 0.178441319 0.374179040 0.282615423
v 0.159876351 0.392311913 0.296057954
v 0.142439169 0.414403529 0.304361941
v 0.126437474 0.439032391 0.305103379
v 0.107546317 0.460184252 0.312893772
v 0.088407153 0.476252238 0.328127585
v 0.068736582 0.495440675 0.338036042
v 0.049214185 0.516995079 0.338794782
v 0.028861985 0.537879145 0.337506478
v 0.006893850 0.556874332 0.342219993
v -0.014058589 0.572473685 0.355607073
v -0.036538467 0.590111746 0.361480414
v -0.059488787 0.607845333 0.359114715
v -0.082096869 0.623891529 0.349434288
v -0.106840448 0.639765194 0.348247410
v -0.131414896 0.654943634 0.351648091
v -0.155182492 0.669758625 0.360030193
v -0.180859174 0.683777821 0.357119930
v -0.206868381 0.696803290 0.352639743
v -0.233145561 0.708835128 0.347074918
v -0.259629443 0.719820313 0.340431469
v -0.286056547 0.729346354 0.331857481
v -0.308696504 0.732543720 0.313473915
v -0.333230792 0.736380378 0.298203386
v -0.360012221 0.742180499 0.287465253
v -0.386642349 0.746705129 0.275779517
v -0.413050143 0.749951174 0.263199128
v -0.439163744 0.751902166 0.249766156
v -0.465156597 0.752988922 0.236021884
v -0.492840586 0.758406014 0.227863747
v -0.520446401 0.763667610 0.219398543
v -0.545404302 0.762412105 0.204104579
v -0.569032186 0.758627556 0.186971087
v -0.591979579 0.753545873 0.169257756
v -0.614185234 0.747177960 0.151021458
v -0.635570168 0.739509280 0.132310926
v -0.656089488 0.730580516 0.113195464
v -0.671334633 0.716577455 0.092751410
v -0.679867038 0.697320910 0.072203975
v -0.693623302 0.681095035 0.052160852
v -0.710434464 0.667057322 0.032501992
v -0.727494478 0.653334214 0.012960664
v -0.749489398 0.646219703 -0.005198770
v -0.769218696 0.636536595 -0.024423230
v -0.781741496 0.619186476 -0.044559272
v -0.792467805 0.600403858 -0.064518305
v -0.801907602 0.580718555 -0.084255483
v -0.810061147 0.560198438 -0.103713111
v -0.816909943 0.538896777 -0.122831348
v -0.822436565 0.516867783 -0.141550195
v -0.821683095 0.491844549 -0.156607705
v -0.815889715 0.465194922 -0.167654793
v -0.813948281 0.439536592 -0.181614828
v -0.814813347 0.415074399 -0.197955626
v -0.817782570 0.392412092 -0.216241732
v -0.823866945 0.372931156 -0.237434124
v -0.824259904 0.349935395 -0.255357908
v -0.819388049 0.324344081 -0.269052499
v -0.811706158 0.298252213 -0.279644471
v -0.798185966 0.272194947 -0.280884272
v -0.787562441 0.245847129 -0.287357493
v -0.778714108 0.219745694 -0.297684047
v -0.771605521 0.195121458 -0.311723456
v -0.765956540 0.172492898 -0.329597561
v -0.754373665 0.147372397 -0.339118636
v -0.740694221 0.122062383 -0.345244850
v -0.724642516 0.097721492 -0.342722516
v -0.708291903 0.073676044 -0.338819874
v -0.692786682 0.048914724 -0.342343883
v -0.677388104 0.024881740 -0.348776343
v -0.662649172 0.002638297 -0.361141786
v -0.645098892 -0.020621105 -0.364086054
v -0.626923855 -0.043649773 -0.362785794
v -0.609557359 -0.065675175 -0.353968747
v -0.591870625 -0.088192361 -0.347729868
v -0.573525885 -0.111164389 -0.346263440
v -0.555472268 -0.134340890 -0.344449011
v -0.538229364 -0.158119754 -0.342585826
v -0.522810118 -0.183134775 -0.341156263
v -0.511256940 -0.210148613 -0.340897273
v -0.506196061 -0.238299545 -0.345969851
v -0.508064286 -0.264908287 -0.358021132
v -0.516283305 -0.292867006 -0.361760092
v -0.524840163 -0.320380074 -0.359127797
v -0.529110445 -0.347178921 -0.348866275
v -0.525720102 -0.376273846 -0.348378017
v -0.512872403 -0.402596016 -0.348029122
v -0.492844517 -0.424055691 -0.348156035
v -0.468617013 -0.440692212 -0.348542304
v -0.442052504 -0.453310693 -0.348864795
v -0.414124498 -0.462559902 -0.348858293
v -0.385418459 -0.468997773 -0.348336568
v -0.356285878 -0.472973350 -0.347156429
v -0.326987194 -0.474536294 -0.347078259
v -0.298277550 -0.472850725 -0.353242714
v -0.269178699 -0.470048098 -0.351847096
v -0.241137622 -0.466887766 -0.344271125
v -0.215652570 -0.464788537 -0.329857725
v -0.187672121 -0.458637417 -0.323150706
v -0.160339551 -0.448224206 -0.323404448
v -0.133655643 -0.437913753 -0.317799881
v -0.109757320 -0.431843761 -0.302509918
v -0.085316237 -0.423385187 -0.289174574
v -0.061005238 -0.408672334 -0.283262110
v -0.037643847 -0.394073141 -0.274035997
v -0.016327006 -0.387155225 -0.255422427
v 0.005742132 -0.374563289 -0.240768360
v 0.027075063 -0.360461202 -0.226197503
v 0.046496748 -0.342874409 -0.213898144
v 0.064771398 -0.325105742 -0.200162440
v 0.083817517 -0.317320766 -0.179943465
v 0.101850455 -0.301738618 -0.162671064
v 0.118784026 -0.285257931 -0.145234454
v 0.131980661 -0.264413283 -0.129918828
v 0.147482022 -0.248317930 -0.110761263
v 0.165033495 -0.237633539 -0.090666059
v 0.180138407 -0.221606955 -0.071299430
v 0.193964079 -0.204245933 -0.052020826
v 0.202447306 -0.183365474 -0.033908905
v 0.220099537 -0.170686917 -0.014573532
v 0.227470906 -0.149826191 0.004094358
v 0.240847941 -0.132431660 0.023108821
v 0.255400956 -0.115191722 0.041081528
v 0.260252742 -0.093383909 0.059769343
v 0.276142405 -0.074894929 0.075671902
v 0.283663085 -0.052359028 0.092583092
v 0.286891569 -0.028591452 0.109184876
v 0.297417482 -0.003970511 0.120956141
v 0.302366534 0.023374840 0.129809847
v 0.299367207 0.052309667 0.131382975
v 0.289071422 0.076079841 0.118368073
v 0.276884825 0.093981716 0.098445216
v 0.264260907 0.116854555 0.085832962
v 0.251361579 0.142838174 0.088860487
v 0.234719549 0.163685459 0.101156136
v 0.223492251 0.186976316 0.115079604
v 0.215781465 0.212038398 0.127939795
v 0.200375026 0.229441278 0.145354972
v 0.186283511 0.248320154 0.162542741
v 0.176730937 0.272961706 0.174821775
v 0.160609832 0.288634795 0.193033238
v 0.145059508 0.306193995 0.210234647
v 0.132754835 0.330723112 0.220062586
v 0.115719809 0.347353654 0.236778604
v 0.098137255 0.362142241 0.254468311
v 0.082350622 0.385226479 0.262274418
v 0.063974785 0.405163909 0.273261218
v 0.044329129 0.423630243 0.285064923
v 0.023927499 0.440995515 0.296995543
v 0.004118604 0.452721465 0.314880791
v -0.017471825 0.470217216 0.324576914
v -0.039846133 0.487246760 0.333274065
v -0.062977344 0.503786383 0.340842553
v -0.086028695 0.521554211 0.338376264
v -0.110631924 0.537205032 0.339930600
v -0.136124501 0.551381045 0.343853693
v -0.162194037 0.564748663 0.346666607
v -0.188735418 0.577189923 0.348958688
v -0.212852706 0.587421957 0.362050487
v -0.239761700 0.598576259 0.364103722
v -0.267291547 0.608930003 0.363042068
v -0.295115235 0.618273831 0.360861609
v -0.323161627 0.626571594 0.357580086
v -0.350710261 0.633089005 0.350516573
v -0.374794172 0.635415700 0.333826182
v -0.402348502 0.638936558 0.324617405
v -0.430590898 0.642020261 0.316933025
v -0.458661456 0.643874333 0.308285212
v -0.486480113 0.644463439 0.298695534
v -0.513972454 0.643787400 0.288212470
v -0.541058133 0.641823205 0.276868337
v -0.567671504 0.638591963 0.264724467
v -0.593728290 0.634065559 0.251811451
v -0.619337453 0.628458599 0.238446023
v -0.647405851 0.626256734 0.230343313
v -0.675892464 0.624826309 0.223354434
v -0.700513553 0.617439310 0.209371792
v -0.723098977 0.607540021 0.193307055
v -0.741899781 0.594489118 0.175119155
v -0.754007335 0.577200620 0.154649687
v -0.767048964 0.559633894 0.135051637
v -0.785331142 0.544429894 0.117714699
v -0.803918958 0.529163674 0.100808194
v -0.827001870 0.517862690 0.086548995
v -0.850145483 0.506714136 0.072249839
v -0.866919541 0.489982288 0.055050764
v -0.880128025 0.470697521 0.037166157
v -0.890306134 0.449716784 0.019376266
v -0.892604116 0.425755589 0.002548360
v -0.893061207 0.400982735 -0.013323556
v -0.898862862 0.377194616 -0.029503220
v -0.906498573 0.353734313 -0.045551649
v -0.913646161 0.329848497 -0.061177230
v -0.924925890 0.307826018 -0.077058601
v -0.937720842 0.286639110 -0.092983420
v -0.947011926 0.263315518 -0.108194734
v -0.950078472 0.237132673 -0.121225881
v -0.951946052 0.210184924 -0.132910383
v -0.953312235 0.182623126 -0.143135056
v -0.952739778 0.154227632 -0.150739863
v -0.949661333 0.125235475 -0.154595362
v -0.945838753 0.096072545 -0.154706557
v -0.943494246 0.066981975 -0.151144529
v -0.944734749 0.038563231 -0.143795052
v -0.949895791 0.011992845 -0.132352624
v -0.955931677 -0.012072135 -0.116572290
v -0.962763252 -0.033866279 -0.098090130
v -0.978476766 -0.053025818 -0.082343207
v -0.991009285 -0.072337459 -0.064509477
v -0.992978342 -0.093096291 -0.043823881
v -0.992420708 -0.115591344 -0.024887756
v -0.989151009 -0.140397541 -0.009488513
v -0.982698763 -0.167117138 0.000851265
v -0.973624694 -0.194682142 0.005429407
v -0.962941488 -0.222069586 0.004989286
v -0.951561033 -0.248853534 0.000682956
v -0.940177004 -0.275020912 -0.006496048
v -0.929228676 -0.300707828 -0.015788543
v -0.918925663 -0.325995223 -0.026768187
v -0.908541264 -0.350636970 -0.039059955
v -0.897146615 -0.374316552 -0.052311417
v -0.888022889 -0.398189299 -0.066793899
v -0.882955608 -0.422459215 -0.082650006
v -0.876254586 -0.445723978 -0.099322768
v -0.863234073 -0.466336270 -0.115622147
v -0.846504343 -0.484740334 -0.131357319
v -0.827594738 -0.501330188 -0.146497078
v -0.803524600 -0.513358296 -0.158267077
v -0.777907637 -0.523519874 -0.168601638
v -0.754397863 -0.535686179 -0.181327500
v -0.732792081 -0.549080772 -0.196159323
v -0.713099685 -0.563016694 -0.212795738
v -0.697770350 -0.578294066 -0.232732980
v -0.678395863 -0.590707863 -0.250764642
v -0.653551020 -0.598854321 -0.264242884
v -0.627457126 -0.605168367 -0.276159525
v -0.598319205 -0.605960153 -0.279477084
v -0.569244773 -0.606650921 -0.283040676
v -0.541902725 -0.610245795 -0.293301321
v -0.514947734 -0.613336611 -0.304517382
v -0.492094443 -0.618138881 -0.322375566
v -0.466526425 -0.619806088 -0.336235719
v -0.438018320 -0.617917173 -0.343301199
v -0.409329109 -0.613690749 -0.344340326
v -0.381318280 -0.607534287 -0.337948055
v -0.352541581 -0.602690481 -0.341598278
v -0.324344501 -0.597223086 -0.347444742
v -0.298583688 -0.591593328 -0.360482430
v -0.270820822 -0.583257945 -0.364145026
v -0.243010349 -0.573626457 -0.363987084
v -0.215582240 -0.563028372 -0.362726533
v -0.188606468 -0.551501894 -0.360347784
v -0.163946522 -0.541256770 -0.349064024
v -0.138891061 -0.529925356 -0.339778493
v -0.113236270 -0.516411730 -0.334734961
v -0.088238770 -0.502137579 -0.328602803
v -0.063984021 -0.486700909 -0.322713710
v -0.041582703 -0.467770741 -0.323654085
v -0.019155255 -0.451231676 -0.314239006
v 0.002462670 -0.434400542 -0.303485142
v 0.023213321 -0.417904066 -0.290946200
v 0.042678745 -0.406844475 -0.272378974
v 0.062298894 -0.389027458 -0.259577099
v 0.081086985 -0.370911858 -0.245970876
v 0.096768539 -0.348049154 -0.237159840
v 0.113225147 -0.328779631 -0.222483776
v 0.130902662 -0.317140293 -0.202633265
v 0.144098206 -0.294841592 -0.189926950
v 0.157609030 -0.274261615 -0.174457242
v 0.174634337 -0.261417893 -0.154678735
v 0.184839026 -0.238469975 -0.140322382
v 0.197303897 -0.218589878 -0.123167828
v 0.213199726 -0.202828782 -0.104590434
v 0.219950867 -0.178482654 -0.090029684
v 0.232508326 -0.157958655 -0.073359308
v 0.247160950 -0.138021199 -0.058060606
v 0.256624289 -0.112739582 -0.046496055
v 0.262752322 -0.084437619 -0.042525577
v 0.269290688 -0.059050575 -0.054658036
v 0.281822296 -0.041568288 -0.073464323
v 0.288829742 -0.017362231 -0.087418705
v 0.282119338 0.010601966 -0.087861787
v 0.277849027 0.037609457 -0.077181590
v 0.276757428 0.062764489 -0.062170655
v 0.264670981 0.084450742 -0.047006955
v 0.252311761 0.104737516 -0.030099748
v 0.247648891 0.127268514 -0.012205623
v 0.231108227 0.143118502 0.005720853
v 0.222199936 0.163545043 0.024332753
v 0.211638056 0.182937730 0.042835063
v 0.195098369 0.196556078 0.062375038
v 0.186801250 0.218403536 0.079464737
v 0.172677306 0.235953560 0.098409080
v 0.156707225 0.250481742 0.117812921
v 0.140109050 0.263620436 0.137563092
v 0.124496254 0.280311821 0.156110200
v 0.110984653 0.301915110 0.170086383
v 0.093784983 0.318914522 0.186766141
v 0.075531293 0.335109436 0.203223534
v 0.056425902 0.343693047 0.223368359
v 0.037312141 0.360528438 0.237613629
v 0.018088904 0.380061503 0.246792894
v -0.003479521 0.394815444 0.260335067
v -0.025899920 0.408947993 0.273123592
v -0.047201063 0.416349874 0.291823981
v -0.070780079 0.429174499 0.303757831
v -0.094689940 0.445945719 0.304643024
v -0.120270596 0.457682690 0.313163896
v -0.143848488 0.464099238 0.329231017
v -0.169853670 0.473099323 0.339019212
v -0.196747335 0.483982292 0.338162745
v -0.224477192 0.492785408 0.338242202
v -0.252619955 0.498903149 0.343894634
v -0.278696696 0.502404237 0.357049463
v -0.307324259 0.506565993 0.361634918
v -0.336214703 0.509863502 0.359091728
v -0.364205224 0.511403849 0.350207665
v -0.393531481 0.511012143 0.348458840
v -0.422806920 0.509147229 0.349327743
v -0.451153678 0.506649059 0.356797468
v -0.479960282 0.502305960 0.359408777
v -0.508456139 0.495522981 0.356580554
v -0.535767308 0.486277553 0.351103722
v -0.560338536 0.474028103 0.340585190
v -0.583609758 0.459076601 0.330614505
v -0.607080036 0.441952205 0.326224655
v -0.628381488 0.421817781 0.323918340
v -0.645739404 0.398126088 0.323202594
v -0.657041164 0.371095542 0.324803759
v -0.660390296 0.342243347 0.328828759
v -0.656145056 0.313694338 0.334228595
v -0.646829578 0.286310428 0.339558134
v -0.635481481 0.259494881 0.343843416
v -0.625257566 0.232052839 0.346638846
v -0.619697714 0.203243963 0.348017592
v -0.621391569 0.173940961 0.348444944
v -0.629437569 0.145671813 0.348402469
v -0.641377525 0.118785439 0.348009723
v -0.655545869 0.093188177 0.350299059
v -0.670968550 0.069008194 0.356902520
v -0.687107291 0.044695238 0.360200784
v -0.703024994 0.020048351 0.357899521
v -0.718369892 -0.004566262 0.353306194
v -0.730857497 -0.028414253 0.341508555
v -0.742507916 -0.052625370 0.329569647
v -0.755769996 -0.077970610 0.322713050
v -0.769541319 -0.103470039 0.318128138
v -0.785325660 -0.128259978 0.319573901
v -0.799732735 -0.153636184 0.317146743
v -0.810705547 -0.179327922 0.307920253
v -0.819643029 -0.204759727 0.296361578
v -0.822166782 -0.227626910 0.278142154
v -0.823580424 -0.250687197 0.259982939
v -0.829019824 -0.276367456 0.246692603
v -0.834878560 -0.302371582 0.234339974
v -0.845057656 -0.328950411 0.226959990
v -0.854311656 -0.355428839 0.218322010
v -0.857122473 -0.380584604 0.203504512
v -0.857470719 -0.404966465 0.187024654
v -0.856503895 -0.428914360 0.169944225
v -0.854212723 -0.452367779 0.152312889
v -0.850593058 -0.475267096 0.134182684
v -0.845645610 -0.497553890 0.115607621
v -0.839352870 -0.519158533 0.096637631
v -0.831734935 -0.540028583 0.077334932
v -0.822814970 -0.560114687 0.057760887
v -0.812611502 -0.579365227 0.037975116
v -0.801138374 -0.597724367 0.018037248
v -0.788396656 -0.615122994 -0.001991038
v -0.774449461 -0.631539465 -0.022044248
v -0.759329899 -0.646931224 -0.042060747
v -0.743063256 -0.661246978 -0.061977081
v -0.721086601 -0.669128598 -0.079388305
v -0.695635380 -0.672070613 -0.093849762
v -0.673823883 -0.680719637 -0.111328135
v -0.653388508 -0.690980267 -0.129857138
v -0.634557796 -0.702255683 -0.149217118
v -0.621732614 -0.717357920 -0.170959286
v -0.603760934 -0.727928072 -0.191251500
v -0.580186209 -0.732729851 -0.208203705
v -0.555943786 -0.736244577 -0.224518527
v -0.531099781 -0.738465755 -0.240141067
v -0.505726586 -0.739402511 -0.255025292
v -0.479893139 -0.739058500 -0.269122666
v -0.453667183 -0.737431887 -0.282380405
v -0.427123319 -0.734544223 -0.294760944
v -0.400334010 -0.730415855 -0.306226931
v -0.373371253 -0.725072154 -0.316745472
v -0.345924212 -0.715749376 -0.319137989
v -0.318761344 -0.704850411 -0.317444612
v -0.291462520 -0.696562655 -0.324607703
v -0.264831231 -0.688107647 -0.333419650
v -0.241484707 -0.681658431 -0.350096103
v -0.215561498 -0.670700741 -0.357670897
v -0.189292147 -0.657836548 -0.360932949
v -0.163380338 -0.644046233 -0.363081560
v -0.137883293 -0.629381470 -0.364115274
v -0.113232059 -0.614214136 -0.360813487
v -0.090532250 -0.600012229 -0.348852528
v -0.066213081 -0.583613094 -0.346640283
v -0.043194814 -0.566033247 -0.349789886
v -0.021300735 -0.547223464 -0.353387802
v 0.000731162 -0.528957637 -0.346944374
v 0.021025532 -0.514375372 -0.331499591
v 0.042149724 -0.495469173 -0.323840634
v 0.061261591 -0.473537070 -0.323322900
v 0.079967852 -0.451868345 -0.318376178
v 0.098745439 -0.434948303 -0.303970481
v 0.117275001 -0.417233173 -0.290185523
v 0.133897201 -0.394326461 -0.283337357
v 0.149022676 -0.370374675 -0.276945584
v 0.166234559 -0.351823303 -0.262478499
v 0.183725038 -0.334038645 -0.247530659
v 0.198752835 -0.310618201 -0.238469803
v 0.211987358 -0.285204048 -0.232420347
v 0.229292674 -0.262857093 -0.224285995
v 0.252481094 -0.246460858 -0.217532389
v 0.276209601 -0.231381012 -0.224830507
v 0.294142237 -0.219892961 -0.244174456
v 0.317004550 -0.210673173 -0.259884030
v 0.339396430 -0.193553068 -0.266912307
v 0.354680974 -0.168932682 -0.263264093
v 0.361843230 -0.141651086 -0.255161043
v 0.362466042 -0.113669528 -0.246173727
v 0.356289619 -0.086131973 -0.238869335
v 0.347765935 -0.059862469 -0.229396377
v 0.345095094 -0.036130633 -0.212732297
v 0.338859533 -0.012422563 -0.196896682
v 0.322913431 0.009650334 -0.186299413
v 0.314233750 0.031424521 -0.168936728
v 0.307763808 0.052475003 -0.150195503
v 0.289643080 0.070441804 -0.136218597
v 0.281632212 0.090367093 -0.116753202
v 0.270336711 0.109339512 -0.097872921
v 0.251872310 0.123914116 -0.081086839
v 0.238197958 0.140927556 -0.061340465
v 0.230291621 0.160299176 -0.041558076
v 0.215831636 0.176651752 -0.021827287
v 0.199891547 0.191305267 -0.002140625
v 0.181661641 0.202419926 0.017495112
v 0.166241510 0.217206995 0.037742314
v 0.154824655 0.236543749 0.055758580
v 0.138047191 0.250956111 0.075179441
v 0.119563481 0.261378745 0.094844067
v 0.100965458 0.271894205 0.114519604
v 0.082548612 0.285118260 0.133288545
v 0.063317722 0.297923313 0.151523417
v 0.044320029 0.313826144 0.166587326
v 0.023681494 0.328108690 0.181260147
v 0.002212907 0.332034263 0.200753027
v -0.020474305 0.344545671 0.214046329
v -0.044296860 0.357364108 0.224569612
v -0.067967342 0.360565447 0.241169841
v -0.093083351 0.364543535 0.255525999
v -0.120403293 0.372631161 0.262003907
v -0.148594170 0.376247032 0.268675247
v -0.176847073 0.373947539 0.276454876
v -0.203744185 0.364951483 0.283975648
v -0.227144859 0.347860325 0.287754204
v -0.242645658 0.324026084 0.281614063
v -0.249803651 0.299312068 0.267601633
v -0.259005037 0.280506057 0.248089078
v -0.270980298 0.255390889 0.239322147
v -0.286222700 0.230870257 0.244105648
v -0.306820853 0.211413058 0.251782444
v -0.329553322 0.194730872 0.259967863
v -0.355112636 0.180823561 0.264110253
v -0.376817661 0.163752745 0.274202838
v -0.392276261 0.145346444 0.291083652
v -0.413076788 0.127754696 0.302088570
v -0.437504397 0.111774466 0.303906034
v -0.459085249 0.093198738 0.310740147
v -0.476242302 0.073855145 0.324144077
v -0.493710809 0.054191985 0.336605348
v -0.514498917 0.034099565 0.339996123
v -0.535436047 0.013958661 0.336708542
v -0.554140072 -0.008291356 0.341311646
v -0.569677701 -0.029709111 0.353776420
v -0.586490112 -0.052273796 0.361172440
v -0.603867244 -0.075750187 0.360568278
v -0.619523811 -0.098512067 0.350506071
v -0.634859108 -0.123443855 0.348359856
v -0.649417509 -0.148969787 0.346714050
v -0.663053311 -0.174906148 0.343957553
v -0.675723749 -0.201189911 0.340105129
v -0.688587637 -0.227248670 0.341525988
v -0.701776625 -0.252867391 0.346516043
v -0.712286870 -0.279635716 0.340441750
v -0.721527935 -0.306488796 0.332714074
v -0.729649783 -0.333389798 0.323963613
v -0.736594570 -0.360269942 0.314195027
v -0.742339250 -0.387058337 0.303444845
v -0.744059413 -0.411634200 0.287862837
v -0.740720929 -0.432638896 0.267535218
v -0.739635865 -0.456858453 0.251127377
v -0.739721353 -0.482648771 0.236948555
v -0.738482503 -0.507971628 0.222001145
v -0.735907200 -0.532751323 0.206331318
v -0.732007596 -0.556921948 0.189998155
v -0.726889223 -0.580485247 0.173132921
v -0.727933692 -0.607289199 0.161667774
v -0.729404202 -0.634101527 0.150292967
v -0.721782200 -0.655787962 0.132039130
v -0.712266811 -0.676074476 0.112957155
v -0.701507684 -0.695389890 0.093531511
v -0.689565630 -0.713708145 0.073834201
v -0.676472226 -0.730983138 0.053927008
v -0.662255213 -0.747164873 0.033871307
v -0.643405319 -0.757271599 0.013975743
v -0.620946387 -0.761479786 -0.004554979
v -0.599854951 -0.769026407 -0.023456156
v -0.581260601 -0.780774543 -0.043011522
v -0.561770162 -0.791272645 -0.062404390
v -0.541411305 -0.800460734 -0.081568239
v -0.520240320 -0.808319071 -0.100441234
v -0.498315711 -0.814832384 -0.118962721
v -0.475698012 -0.819990101 -0.137073511
v -0.452449551 -0.823786579 -0.154716198
v -0.428634155 -0.826221313 -0.171835520
v -0.404316792 -0.827299122 -0.188378739
v -0.379722716 -0.827340957 -0.204534912
v -0.358478963 -0.831767223 -0.224239185
v -0.338174229 -0.836345777 -0.244946806
v -0.313541095 -0.833323404 -0.260448653
v -0.287912606 -0.827435447 -0.273666568
v -0.261715444 -0.817072761 -0.281151394
v -0.235817875 -0.803180891 -0.282650690
v -0.209604780 -0.792867049 -0.290687371
v -0.183709453 -0.783447344 -0.301013602
v -0.160049907 -0.777195206 -0.317265247
v -0.136556480 -0.769484097 -0.333035218
v -0.111314201 -0.756488408 -0.340655116
v -0.086235518 -0.742030339 -0.345575644
v -0.062250990 -0.725469434 -0.342023421
v -0.038163251 -0.708986049 -0.339165276
v -0.013507394 -0.693278793 -0.342562118
v 0.010598949 -0.677734451 -0.348616585
v 0.033365698 -0.662785419 -0.359755875
v 0.056821390 -0.645829075 -0.363999118
v 0.080488684 -0.628330679 -0.364208658
v 0.104304814 -0.611037568 -0.363870117
v 0.128576779 -0.594404287 -0.363168325
v 0.153777692 -0.579231633 -0.362386661
v 0.180546142 -0.567074076 -0.361942457
v 0.209180898 -0.560643940 -0.362294794
v 0.237727921 -0.562475599 -0.358177995
v 0.264510203 -0.569864442 -0.349127599
v 0.292160000 -0.579893600 -0.348201374
v 0.319260435 -0.589183314 -0.352411792
v 0.346399620 -0.595149981 -0.360360248
v 0.375555887 -0.593120643 -0.358143342
v 0.402640101 -0.581979665 -0.357049357
v 0.425609434 -0.563705140 -0.357318890
v 0.444210607 -0.540979939 -0.358513656
v 0.458980468 -0.515597060 -0.360115466
v 0.470507599 -0.488577586 -0.361727632
v 0.479254892 -0.460515967 -0.363070797
v 0.485564899 -0.431787554 -0.363946807
v 0.489694450 -0.402658178 -0.364002949
v 0.492054593 -0.374463847 -0.356363190
v 0.493164212 -0.346300034 -0.348245625
v 0.492456359 -0.316936677 -0.346435303
v 0.489341422 -0.288061956 -0.349808479
v 0.484008659 -0.259558176 -0.353646155
v 0.478470419 -0.231132204 -0.348529892
v 0.474771036 -0.205798677 -0.334155913
v 0.468071605 -0.178726068 -0.325328852
v 0.457335921 -0.151675136 -0.323641807
v 0.445210343 -0.125443196 -0.320379838
v 0.436113543 -0.100718147 -0.307855508
v 0.428775090 -0.077524088 -0.291723696
v 0.414484040 -0.053456010 -0.283998837
v 0.398083944 -0.030803771 -0.276981367
v 0.384312889 -0.008519912 -0.263563389
v 0.370021874 0.012888650 -0.249290762
v 0.362659344 0.032888795 -0.229432979
v 0.347629867 0.053031188 -0.214122394
v 0.332165329 0.072316626 -0.198146750
v 0.310719068 0.088151797 -0.186271035
v 0.294670531 0.105385171 -0.168623718
v 0.278796308 0.122001712 -0.150254239
v 0.269016216 0.140083234 -0.129894184
v 0.247522970 0.151579515 -0.114313916
v 0.230631383 0.166038974 -0.095045723
v 0.214296683 0.180485208 -0.075368370
v 0.202127026 0.197624235 -0.055615190
v 0.180643287 0.205397834 -0.037836850
v 0.166921412 0.222196183 -0.018573554
v 0.147154575 0.231795663 0.000063077
v 0.127104550 0.241086927 0.018905285
v 0.110506151 0.257398058 0.036300182
v 0.088025627 0.261440532 0.054457478
v 0.067333853 0.273908864 0.070799943
v 0.044909211 0.285329760 0.085427734
v 0.019787512 0.285666000 0.100387958
v -0.007564089 0.288652811 0.110575570
v -0.036513416 0.286519251 0.110840553
v -0.059446562 0.277942383 0.095213735
v -0.078097978 0.268160861 0.074686545
v -0.103033371 0.257517516 0.064758558
v -0.130754039 0.249717107 0.069752844
v -0.156488294 0.241472026 0.080960004
v -0.176271129 0.226827512 0.096382069
v -0.196072590 0.213313890 0.113111262
v -0.220864542 0.206073841 0.126782217
v -0.237300489 0.190523846 0.145033866
v -0.255598112 0.176278345 0.162753080
v -0.279880499 0.166218421 0.175402976
v -0.299458521 0.151365173 0.191603024
v -0.318827838 0.135810347 0.207389898
v -0.337999006 0.119514367 0.222662260
v -0.356966126 0.102445360 0.237332675
v -0.375688679 0.084578558 0.251349148
v -0.386900499 0.066023163 0.270880326
v -0.405754336 0.047174420 0.283033816
v -0.427917752 0.028786613 0.287117762
v -0.445432750 0.007737550 0.297908097
v -0.462503145 -0.014127539 0.307745868
v -0.479072540 -0.036784851 0.316597822
v -0.495075872 -0.060213658 0.324422763
v -0.509510100 -0.083963387 0.333484165
v -0.520404272 -0.106293675 0.348805202
v -0.534822430 -0.131385310 0.354146174
v -0.549322710 -0.155972335 0.348447199
v -0.562122250 -0.182088398 0.347024543
v -0.573666961 -0.209119804 0.348519640
v -0.584252064 -0.236579144 0.348897010
v -0.593825681 -0.264399947 0.348157884
v -0.602742337 -0.291703750 0.353349921
v -0.611310138 -0.318885652 0.359888852
v -0.618456762 -0.347239212 0.356717679
v -0.624448054 -0.375689021 0.352145528
v -0.629291709 -0.404170505 0.346528292
v -0.632943910 -0.432607099 0.339878431
v -0.635408661 -0.460925011 0.332248965
v -0.636643755 -0.489046209 0.323654419
v -0.636656313 -0.516899923 0.314148439
v -0.635405947 -0.544404416 0.303749740
v -0.630599293 -0.568741480 0.288480598
v -0.621619235 -0.588367076 0.268485573
v -0.614321638 -0.612194713 0.253130871
v -0.607545925 -0.637620933 0.239950419
v -0.603226138 -0.665199971 0.230976992
v -0.600300332 -0.693653422 0.224115631
v -0.592851671 -0.719130815 0.211888685
v -0.581860420 -0.741529906 0.196279414
v -0.568781197 -0.761623401 0.179415746
v -0.551131926 -0.774129592 0.159582667
v -0.532244933 -0.785347788 0.140040274
v -0.515455255 -0.802350801 0.122956090
v -0.498627559 -0.820030371 0.106509587
v -0.483898118 -0.840805352 0.091853851
v -0.470660990 -0.863310985 0.078268726
v -0.454985576 -0.883158071 0.063368415
v -0.435059343 -0.897030266 0.046818688
v -0.413794282 -0.908970610 0.030343018
v -0.390474438 -0.916496461 0.014214159
v -0.365186213 -0.917814965 -0.000743698
v -0.339256088 -0.918168780 -0.014651666
v -0.313691717 -0.923051144 -0.028271191
v -0.288200514 -0.929977732 -0.041248864
v -0.261929465 -0.936033037 -0.053052576
v -0.235028461 -0.941806005 -0.063499784
v -0.208003730 -0.949187961 -0.072504630
v -0.180860433 -0.958102353 -0.079541602
v -0.153410969 -0.967828955 -0.083681727
v -0.125606851 -0.977376057 -0.083563162
v -0.098023871 -0.985547951 -0.077643844
v -0.071862930 -0.991428409 -0.065666107
v -0.048138843 -0.995546155 -0.048789399
v -0.026681350 -0.998482441 -0.028877927
v -0.007061302 -0.995428004 -0.007825141
v 0.010136234 -0.980616172 0.010858777
v 0.030144543 -0.974202854 0.030928063
v 0.052464823 -0.971058224 0.049825284
v 0.077218671 -0.967033786 0.065160093
v 0.104427569 -0.964329167 0.075922025
v 0.133262986 -0.963770579 0.081596622
v 0.162635746 -0.964593263 0.082703389
v 0.191902052 -0.965466859 0.079901175
v 0.220662200 -0.965060540 0.073742564
v 0.248534187 -0.962350053 0.064748713
v 0.275285510 -0.957230284 0.053616410
v 0.301192241 -0.951116958 0.041060968
v 0.326253948 -0.943943006 0.027415880
v 0.348685710 -0.931752243 0.012939608
v 0.368287162 -0.915279057 -0.001553954
v 0.387504890 -0.898490569 -0.016213383
v 0.408476456 -0.884872127 -0.031675863
v 0.429875455 -0.872621162 -0.047744452
v 0.451076230 -0.860808463 -0.064317631
v 0.473765951 -0.854662866 -0.081985319
v 0.495765878 -0.848120807 -0.100349376
v 0.514537208 -0.834398194 -0.118134114
v 0.530811578 -0.816661403 -0.135067504
v 0.544911048 -0.796442530 -0.150917679
v 0.553338973 -0.770663453 -0.162159545
v 0.561091660 -0.744384266 -0.172814662
v 0.572653927 -0.721756025 -0.187562470
v 0.584249760 -0.699635482 -0.203124593
v 0.598041162 -0.682157103 -0.222273503
v 0.611281996 -0.665360374 -0.242443095
v 0.619864739 -0.642277168 -0.258251279
v 0.625745309 -0.616666187 -0.271506721
v 0.628354511 -0.589054827 -0.280517037
v 0.626658675 -0.559742905 -0.282383456
v 0.627359237 -0.531354316 -0.289327968
v 0.629118435 -0.503898372 -0.299772762
v 0.632474167 -0.479656029 -0.315846704
v 0.634802944 -0.455884460 -0.332864059
v 0.632404940 -0.427775341 -0.341079083
v 0.628232457 -0.399219721 -0.346272664
v 0.621083685 -0.371417893 -0.340080518
v 0.614754786 -0.342979966 -0.340345704
v 0.608214737 -0.314534426 -0.344122120
v 0.600546878 -0.286248025 -0.346818448
v 0.591792865 -0.258194563 -0.348421206
v 0.582020282 -0.230557289 -0.350117001
v 0.571470761 -0.205369301 -0.360949777
v 0.559240874 -0.178828627 -0.360952262
v 0.546211037 -0.152641343 -0.357686246
v 0.532389752 -0.127027869 -0.353311384
v 0.517831732 -0.102041684 -0.347836140
v 0.502596387 -0.077729035 -0.341277864
v 0.486778855 -0.054138310 -0.333583939
v 0.475799782 -0.033046896 -0.316603856
v 0.459894241 -0.010694945 -0.306287145
v 0.439192763 0.009617213 -0.304329803
v 0.420584904 0.029966996 -0.294622523
v 0.402563445 0.049692157 -0.282276323
v 0.385276611 0.068651463 -0.268139966
v 0.373118130 0.087113102 -0.249423639
v 0.354341680 0.104866584 -0.235332128
v 0.335344765 0.121824464 -0.220571639
v 0.316146139 0.138015723 -0.205222629
v 0.294915979 0.152093666 -0.191218380
v 0.272326703 0.164011950 -0.177786614
v 0.259121036 0.181022459 -0.158162164
v 0.237084121 0.192543146 -0.143035292
v 0.214263720 0.202473450 -0.128001470
v 0.198713533 0.219102852 -0.109633629
v 0.175265480 0.228380357 -0.095022982
v 0.150843024 0.236800251 -0.081346081
v 0.126381058 0.247867905 -0.069363415
v 0.099676513 0.258873690 -0.064958405
v 0.078144535 0.275325905 -0.074821042
v 0.059027939 0.281886652 -0.095482381
v 0.035585099 0.286718702 -0.111097356
v 0.006608021 0.288604142 -0.110348330
v -0.020655863 0.284846832 -0.100127801
v -0.045578811 0.278155713 -0.086015961
v -0.069235424 0.274270610 -0.069391322
v -0.091507150 0.266475374 -0.052278011
v -0.109300585 0.250507064 -0.035678329
v -0.131273849 0.245406762 -0.017235075
v -0.147839962 0.230461160 0.001059740
v -0.165307704 0.217392241 0.020248334
v -0.186324204 0.209479387 0.038496421
v -0.198655682 0.191946273 0.058172993
v -0.215807057 0.178378675 0.077874104
v -0.235264419 0.166761772 0.095922310
v -0.254323115 0.153814269 0.113553215
v -0.271000346 0.138177788 0.132093259
v -0.280614627 0.119896868 0.152651910
v -0.296671672 0.103267627 0.170869043
v -0.313043070 0.086071582 0.188180810
v -0.333913935 0.070199418 0.199970541
v -0.349340334 0.050819209 0.215868204
v -0.363524813 0.030601512 0.231690442
v -0.371646263 0.010533832 0.250930628
v -0.385883432 -0.010971837 0.265110782
v -0.399591552 -0.033353321 0.278430459
v -0.412692907 -0.056598153 0.290851234
v -0.425130154 -0.080683911 0.302309951
v -0.440777675 -0.105294232 0.304199881
v -0.451976305 -0.131294041 0.311858515
v -0.458004167 -0.155558126 0.326717119
v -0.465235489 -0.181504823 0.337713144
v -0.474452268 -0.209057676 0.339166117
v -0.482460712 -0.237073147 0.337218871
v -0.487308802 -0.265745421 0.341710644
v -0.489261512 -0.292234719 0.354155694
v -0.491209865 -0.320531285 0.360872355
v -0.492316831 -0.349871390 0.361754600
v -0.491897672 -0.378177508 0.353904918
v -0.489046287 -0.406859938 0.348796771
v -0.484025574 -0.435846684 0.348073356
v -0.477170077 -0.464274300 0.350529587
v -0.468836039 -0.491680116 0.357261051
v -0.457475844 -0.518569609 0.359927160
v -0.442303502 -0.543713175 0.358349297
v -0.423230795 -0.566043349 0.357231591
v -0.399758151 -0.583659882 0.357099794
v -0.372301550 -0.593826824 0.358352207
v -0.343089784 -0.594838378 0.360637334
v -0.314479249 -0.588525457 0.362846212
v -0.286882839 -0.578388959 0.364074734
v -0.259358815 -0.567975628 0.364034051
v -0.230804775 -0.561118888 0.363056228
v -0.201497636 -0.561603062 0.362111330
v -0.173314018 -0.569849268 0.361998252
v -0.147022659 -0.583022866 0.362472639
v -0.122606269 -0.598732210 0.358092962
v -0.099127322 -0.615100450 0.351242055
v -0.075205376 -0.631984220 0.348791644
v -0.051218358 -0.649028681 0.348094840
v -0.027632529 -0.666085838 0.351265033
v -0.004872399 -0.683177916 0.358688203
v 0.019095627 -0.700034229 0.358453917
v 0.043468456 -0.716040167 0.354554898
v 0.066994643 -0.728660087 0.342436562
v 0.090730637 -0.739729346 0.329110818
v 0.116100511 -0.752768092 0.321930928
v 0.141653606 -0.766440008 0.317683767
v 0.166518210 -0.782070572 0.319536763
v 0.192176299 -0.795336946 0.315214677
v 0.217937018 -0.805499663 0.305247803
v 0.242781089 -0.812387274 0.291577922
v 0.264467736 -0.812669468 0.271709277
v 0.288562460 -0.815331789 0.255357352
v 0.314342525 -0.820268690 0.242045029
v 0.340815375 -0.827519469 0.231735268
v 0.367550146 -0.837574797 0.224641038
v 0.393730210 -0.843637641 0.213068907
v 0.418259549 -0.844290173 0.196833466
v 0.441090079 -0.841539880 0.178747795
v 0.458551117 -0.831107431 0.157569542
v 0.476523803 -0.820447047 0.136955426
v 0.498782843 -0.814719716 0.118584717
v 0.520695747 -0.808183471 0.100056266
v 0.541853787 -0.800301547 0.081176879
v 0.562189503 -0.791075979 0.062005046
v 0.581653717 -0.780539685 0.042606263
v 0.600192696 -0.768717324 0.023043618
v 0.617755295 -0.755637633 0.003380855
v 0.634293063 -0.741333258 -0.016317803
v 0.649760343 -0.725840610 -0.035987811
v 0.664134302 -0.709222873 -0.055568592
v 0.682064881 -0.697882345 -0.075707033
v 0.701197614 -0.689372787 -0.096315346
v 0.714048448 -0.672542769 -0.116372055
v 0.723343951 -0.652092390 -0.135387397
v 0.729729917 -0.629501922 -0.152871049
v 0.729200312 -0.602833032 -0.165137079
v 0.728556398 -0.575992216 -0.177078064
v 0.732934061 -0.551943699 -0.193454650
v 0.736553585 -0.527638218 -0.209651987
v 0.738843942 -0.502736856 -0.225172137
v 0.739807067 -0.477311156 -0.239963648
v 0.739450266 -0.451433953 -0.253978370
v 0.739791790 -0.426821493 -0.269644512
v 0.744215575 -0.407430666 -0.291272568
v 0.741392037 -0.382233638 -0.305455775
v 0.735432057 -0.355423669 -0.316033937
v 0.728267033 -0.328534290 -0.325616309
v 0.719942976 -0.301636959 -0.334186021
v 0.710495272 -0.274800485 -0.341718564
v 0.698993550 -0.248059790 -0.344286787
v 0.685790581 -0.222144824 -0.339827948
v 0.673184373 -0.195728380 -0.340990987
v 0.660546892 -0.169665418 -0.345834592
v 0.649093129 -0.146455853 -0.359771402
v 0.634362523 -0.121686185 -0.364075221
v 0.618484928 -0.097123933 -0.362545922
v 0.603853977 -0.074862320 -0.350165010
v 0.587137417 -0.051017948 -0.346861317
v 0.569220322 -0.028035901 -0.348344236
v 0.549970308 -0.006745004 -0.353781757
v 0.530959932 0.015040368 -0.348455757
v 0.515863017 0.035126696 -0.333325039
v 0.496994191 0.055904493 -0.324975608
v 0.475310587 0.075243896 -0.322650554
v 0.452663222 0.093324418 -0.320185112
v 0.433787446 0.112002265 -0.308136183
v 0.417372910 0.130514612 -0.292753057
v 0.395348718 0.147941327 -0.284251982
v 0.370083574 0.162513208 -0.280760122
v 0.348499432 0.179319538 -0.269964100
v 0.331916833 0.198162518 -0.254658470
v 0.310899442 0.216187030 -0.244967341
v 0.288238248 0.234191166 -0.240388333
v 0.265997974 0.252697080 -0.244830684
v 0.254157838 0.277201618 -0.255363882
v 0.252953295 0.305201173 -0.262512935
v 0.245531186 0.330812024 -0.274705122
v 0.227687599 0.352241747 -0.283016220
v 0.201157581 0.364146780 -0.286013033
v 0.172351753 0.369051800 -0.283235485
v 0.144049579 0.370389962 -0.275384888
v 0.118030518 0.371557354 -0.262170101
v 0.092506316 0.370411791 -0.248082697
v 0.066340139 0.361931747 -0.238395208
v 0.041510555 0.350060748 -0.228942037
v 0.018681445 0.345825321 -0.211316434
v -0.004175508 0.337581166 -0.195136877
v -0.024907900 0.320474760 -0.183971190
v -0.045822494 0.308692659 -0.166941097
v -0.065814688 0.296319558 -0.149234935
v -0.084937450 0.283456544 -0.130927158
v -0.103254204 0.270183335 -0.112095023
v -0.122405578 0.261851647 -0.092145323
v -0.139193353 0.247745299 -0.073276948
v -0.152558006 0.229709033 -0.055094934
v -0.168387125 0.215194196 -0.034966827
v -0.183746282 0.200361869 -0.014706380
v -0.202566171 0.190230880 0.004539453
v -0.214306713 0.172590450 0.024100140
v -0.226160245 0.155116671 0.044113540
v -0.240111243 0.138607292 0.064093142
v -0.259160958 0.125227191 0.081309892
v -0.272633375 0.107107210 0.100191231
v -0.285692063 0.088243306 0.118628966
v -0.297712428 0.068474956 0.136742477
v -0.303116148 0.047793840 0.156418455
v -0.319996557 0.028097514 0.169644984
v -0.330526298 0.005855615 0.185495746
v -0.333745578 -0.016320735 0.204133838
v -0.346240147 -0.040188410 0.215129791
v -0.355424077 -0.065584053 0.226137384
v -0.355632397 -0.090135366 0.241990845
v -0.356494989 -0.116656557 0.254360707
v -0.356114557 -0.144908801 0.262459706
v -0.351866820 -0.173810914 0.265144147
v -0.339522106 -0.199962735 0.261406045
v -0.317942463 -0.216412046 0.250837304
v -0.292638529 -0.223022930 0.238511339
v -0.266849815 -0.229224180 0.228039005
v -0.246092765 -0.247754147 0.219997223
v -0.230238599 -0.272105670 0.220150444
v -0.212993308 -0.294423848 0.228511034
v -0.194323877 -0.311522339 0.243294767
v -0.177794642 -0.332149594 0.256035087
v -0.164280072 -0.357343841 0.262222249
v -0.148279708 -0.380043296 0.271470766
v -0.130218703 -0.396039090 0.288004845
v -0.112411007 -0.415428694 0.300765906
v -0.095907038 -0.439251118 0.303928324
v -0.077274817 -0.460875992 0.310155971
v -0.057722188 -0.477986650 0.323129133
v -0.037933546 -0.494587980 0.336341680
v -0.017439918 -0.514960651 0.339897650
v 0.003154159 -0.535482332 0.336704672
v 0.025792853 -0.553715812 0.341295958
v 0.047176634 -0.568325569 0.354811551
v 0.070224660 -0.584883139 0.361207087
v 0.094303741 -0.601685864 0.363234030
v 0.118943666 -0.617756595 0.364150488
v 0.144089092 -0.633050142 0.363962627
v 0.168844747 -0.646620804 0.357423501
v 0.192736272 -0.657541717 0.344479340
v 0.219266132 -0.669521402 0.340220159
v 0.246105686 -0.680543535 0.335286371
v 0.273144826 -0.690488659 0.329271524
v 0.300315462 -0.699305063 0.322184018
v 0.327545090 -0.706957567 0.314049437
v 0.354761717 -0.713427121 0.304906414
v 0.381889838 -0.718654064 0.294760860
v 0.409022058 -0.722995328 0.284261254
v 0.437026084 -0.731247658 0.281624423
v 0.464899388 -0.738124499 0.276556147
v 0.491048689 -0.739354279 0.263155743
v 0.516272005 -0.738603879 0.248115961
v 0.534879941 -0.730518684 0.227025207
v 0.553419709 -0.721397945 0.206270536
v 0.577169872 -0.716433658 0.189634124
v 0.600508442 -0.710512043 0.172710883
v 0.623068534 -0.703293722 0.155244143
v 0.644786811 -0.694795150 0.137293116
v 0.665602897 -0.685037215 0.118918531
v 0.686366140 -0.675059925 0.100667205
v 0.710943055 -0.670331676 0.085252464
v 0.734906890 -0.665002097 0.069166491
v 0.753110335 -0.652643262 0.049848410
v 0.768703028 -0.637685668 0.029864783
v 0.783098819 -0.621652092 0.009817559
v 0.796301013 -0.604620697 -0.010227213
v 0.808278826 -0.586635677 -0.030208091
v 0.819002212 -0.567741752 -0.050063567
v 0.828412832 -0.547966863 -0.069725820
v 0.836529003 -0.527389459 -0.089138890
v 0.843334912 -0.506062405 -0.108243879
v 0.848818685 -0.484040466 -0.126982795
v 0.852943229 -0.461366043 -0.145282589
v 0.849228403 -0.435814771 -0.158778641
v 0.841271625 -0.409309049 -0.168709312
v 0.840037428 -0.384203999 -0.183752620
v 0.839580009 -0.359430821 -0.199635490
v 0.842084435 -0.336757434 -0.217958418
v 0.847340169 -0.316724209 -0.238846680
v 0.845862180 -0.292966281 -0.255670549
v 0.839868475 -0.267381579 -0.268926706
v 0.830963053 -0.241385920 -0.278986629
v 0.817238217 -0.215518113 -0.281678763
v 0.804717143 -0.189444646 -0.286394403
v 0.794924627 -0.163475264 -0.296184740
v 0.786262872 -0.138328294 -0.308538076
v 0.779548406 -0.114949051 -0.325101483
v 0.768921164 -0.090395998 -0.336876407
v 0.755059091 -0.065199156 -0.343141542
v 0.739632284 -0.040391754 -0.345024405
v 0.722936641 -0.016636785 -0.340243418
v 0.707004958 0.007944427 -0.339638164
v 0.691707424 0.032898716 -0.342739916
v 0.676305432 0.057872603 -0.345074661
v 0.661118678 0.083032945 -0.346710586
v 0.646649258 0.108642048 -0.347743869
v 0.633732199 0.135075975 -0.348294574
v 0.623894395 0.162787778 -0.348470474
v 0.619485376 0.191818908 -0.348261382
v 0.622478090 0.220895262 -0.348918735
v 0.631856936 0.247115136 -0.358248569
v 0.643933689 0.273671554 -0.358558017
v 0.655221056 0.300299848 -0.353377099
v 0.659929046 0.324489357 -0.337652048
v 0.660214297 0.351535149 -0.327322435
v 0.654212765 0.380043172 -0.324014351
v 0.640722177 0.406097985 -0.323213481
v 0.621918057 0.428644526 -0.324517331
v 0.599676998 0.447698575 -0.327180439
v 0.575196029 0.463654064 -0.330564155
v 0.549173202 0.476887375 -0.334219621
v 0.522036134 0.487677100 -0.337829993
v 0.494082492 0.496247280 -0.341162382
v 0.465592551 0.502834816 -0.344423949
v 0.438409838 0.507967817 -0.354295824
v 0.410653563 0.510880409 -0.363311731
v 0.381260041 0.511595548 -0.364207007
v 0.352693559 0.510944828 -0.358152397
v 0.324936707 0.509483009 -0.348659488
v 0.295759759 0.506380259 -0.346531065
v 0.267159462 0.501213616 -0.349157015
v 0.239222063 0.493869890 -0.353550001
v 0.211263319 0.486557409 -0.348140820
v 0.186701239 0.481740598 -0.332774185
v 0.159838748 0.473192905 -0.324713529
v 0.133524251 0.460915645 -0.323321637
v 0.108005120 0.447735046 -0.319309702
v 0.084386312 0.438699942 -0.305074876
v 0.061210576 0.429279327 -0.290332014
v 0.037510184 0.415976595 -0.279037305
v 0.014648841 0.402038572 -0.266816870
v -0.007354721 0.387539505 -0.253706575
v -0.028455097 0.372283417 -0.240022639
v -0.046745347 0.351437406 -0.231417746
v -0.065774232 0.335701330 -0.215399579
v -0.084031010 0.319977484 -0.198524030
v -0.102609694 0.310719842 -0.178305359
v -0.116929391 0.289783608 -0.164535888
v -0.132302476 0.272079588 -0.146990742
v -0.147582273 0.255300903 -0.128245996
v -0.165390440 0.244636077 -0.107810995
v -0.179806099 0.227218595 -0.088964386
v -0.193648317 0.209524060 -0.069946633
v -0.206142104 0.190860352 -0.051079410
v -0.214053692 0.169549878 -0.033080811
v -0.231105805 0.155436201 -0.014244106
v -0.237443517 0.133662531 0.003861858
v -0.249344662 0.114369201 0.022145816
v -0.263618565 0.095547691 0.038908568
v -0.266329342 0.072002109 0.055987658
v -0.277075469 0.049092118 0.070693436
v -0.286973284 0.024189159 0.081984157
v -0.287020607 -0.003756874 0.089099829
v -0.279553002 -0.030562911 0.083308773
v -0.279342439 -0.051153241 0.063154994
v -0.271134951 -0.072809562 0.045344657
v -0.258746561 -0.098926004 0.043296133
v -0.246243679 -0.123644168 0.053018200
v -0.236166139 -0.147512279 0.066897725
v -0.230314181 -0.172432507 0.080809940
v -0.214724116 -0.189542335 0.098357821
v -0.202599325 -0.209747491 0.115623203
v -0.194052887 -0.233301364 0.130275935
v -0.177408394 -0.247071213 0.149638026
v -0.165057743 -0.267998213 0.165665400
v -0.152879246 -0.290297893 0.179759181
v -0.135467831 -0.302447028 0.199745680
v -0.119707341 -0.321077882 0.216192403
v -0.103239619 -0.339664589 0.231993583
v -0.085988532 -0.358074568 0.247152415
v -0.068102853 -0.376860287 0.260875443
v -0.050957747 -0.399460224 0.267147736
v -0.031131188 -0.414145996 0.282544555
v -0.011077060 -0.427388820 0.298808907
v 0.010205670 -0.444393161 0.309951917
v 0.032301790 -0.460957140 0.320133261
v 0.054615776 -0.478976211 0.323493883
v 0.077997675 -0.495966025 0.325726951
v 0.102710952 -0.510535113 0.332301809
v 0.128096733 -0.524374265 0.337802685
v 0.153898888 -0.537082099 0.343638721
v 0.177984116 -0.546898766 0.357338177
v 0.204521050 -0.558436744 0.361891984
v 0.230891856 -0.569349572 0.357162588
v 0.257209227 -0.578617434 0.348857367
v 0.285376933 -0.587101715 0.347967181
v 0.312948367 -0.594988870 0.353464494
v 0.340511924 -0.602492472 0.359591239
v 0.369122429 -0.608441157 0.356217983
v 0.395991540 -0.611652204 0.345513347
v 0.421057494 -0.612061155 0.330178177
v 0.449374244 -0.613532738 0.322414118
v 0.478210733 -0.614999263 0.317305379
v 0.507443312 -0.618177682 0.318436347
v 0.536417086 -0.619142050 0.314664537
v 0.563916708 -0.616667848 0.304473971
v 0.588702691 -0.611088911 0.290064392
v 0.608764513 -0.601495839 0.270806785
v 0.631380900 -0.592315236 0.254586854
v 0.656534583 -0.584175463 0.241655534
v 0.683187773 -0.577325233 0.231605669
v 0.711668185 -0.573067187 0.225533952
v 0.737890200 -0.565249677 0.215224055
v 0.760096122 -0.552985469 0.200309913
v 0.780693159 -0.539094170 0.184614906
v 0.794444347 -0.521109062 0.165957494
v 0.804879165 -0.501190780 0.146971955
v 0.819547703 -0.482198082 0.130096762
v 0.836668025 -0.463840841 0.114731392
v 0.853910644 -0.445147215 0.099960209
v 0.874808258 -0.428730171 0.087344613
v 0.896126622 -0.412445830 0.075255476
v 0.913507222 -0.392933324 0.061935996
v 0.925588888 -0.370047313 0.047940260
v 0.936430616 -0.346090192 0.034723797
v 0.946104457 -0.321082396 0.022603183
v 0.953461893 -0.294704908 0.011856360
v 0.958314434 -0.267038216 0.003116683
v 0.961221693 -0.238412942 -0.002999102
v 0.962902602 -0.209170361 -0.005665547
v 0.964224739 -0.179853513 -0.003920245
v 0.965840460 -0.151360997 0.003068742
v 0.967809197 -0.124811678 0.015505728
v 0.969314141 -0.100812931 0.032425601
v 0.968903837 -0.078991677 0.052151737
v 0.970884731 -0.059207613 0.073396524
v 0.981654254 -0.042479368 0.095044215
v 0.980804463 -0.022450515 0.115867529
v 0.974561405 0.000085212 0.133708032
v 0.968292189 0.025139671 0.147735923
v 0.961167422 0.052405191 0.155951202
v 0.952843603 0.080545451 0.157396340
v 0.944599387 0.108535559 0.153726167
v 0.937754923 0.136343233 0.146984327
v 0.933397486 0.164229522 0.138683974
v 0.931532203 0.192124818 0.129493125
v 0.929635940 0.219484781 0.118815068
v 0.927194371 0.246271470 0.106867894
v 0.927748898 0.273194666 0.095106647
v 0.931654295 0.300061798 0.083744165
v 0.934321116 0.326463151 0.071063521
v 0.931532465 0.351537836 0.056058102
v 0.924640529 0.375059593 0.039764716
v 0.915689361 0.397436925 0.022973878
v 0.899530085 0.415399257 0.006323703
v 0.880599371 0.431238805 -0.009707420
v 0.865130295 0.449736145 -0.026439386
v 0.852389113 0.469803400 -0.043793879
v 0.839676404 0.489583065 -0.061432944
v 0.833155762 0.511437277 -0.079976408
v 0.826548655 0.532720508 -0.099144775
v 0.811715440 0.549991385 -0.117574256
v 0.793431475 0.564881507 -0.135186893
v 0.772461109 0.577304866 -0.151444420
v 0.746334713 0.584049060 -0.163065452
v 0.719944964 0.590449180 -0.174326380
v 0.696958259 0.600651514 -0.189533700
v 0.674445166 0.610887139 -0.205472867
v 0.657434658 0.623993515 -0.225482057
v 0.640116579 0.636010153 -0.245882067
v 0.615776428 0.642456597 -0.260899356
v 0.589912479 0.646884798 -0.274228069
v 0.561327460 0.646054718 -0.279750425
v 0.532182136 0.643060468 -0.281576459
v 0.504655883 0.644155968 -0.291875186
v 0.477047398 0.644413627 -0.302068183
v 0.449131662 0.643380635 -0.311333036
v 0.420994985 0.641112150 -0.319661542
v 0.392710256 0.637600695 -0.326999293
v 0.364356859 0.632874407 -0.333318525
v 0.336012274 0.626966722 -0.338597023
v 0.307752928 0.619905771 -0.342808222
v 0.281449764 0.613017797 -0.353195663
v 0.255653859 0.604685735 -0.363623290
v 0.228268481 0.593919951 -0.364210925
v 0.202224052 0.582891099 -0.357381916
v 0.176916926 0.571801489 -0.347792243
v 0.150553165 0.558914097 -0.345551676
v 0.124732065 0.545182338 -0.342246942
v 0.099513054 0.530665346 -0.337833755
v 0.076052531 0.514032080 -0.339895397
v 0.053058701 0.496806620 -0.337810660
v 0.030690297 0.481594901 -0.327164914
v 0.009997382 0.469409462 -0.311280710
v -0.011508655 0.451005934 -0.303857475
v -0.030911838 0.429443810 -0.300892464
v -0.050646933 0.411091489 -0.289060297
v -0.069564835 0.392449549 -0.276376362
v -0.087671986 0.373561311 -0.262897939
v -0.104982003 0.354462329 -0.248688517
v -0.121514592 0.335178221 -0.233818250
v -0.137999699 0.318174195 -0.216840480
v -0.154705053 0.303082324 -0.198634237
v -0.165775177 0.278766545 -0.187277034
v -0.180222231 0.260039869 -0.170301057
v -0.196142299 0.244059290 -0.152075002
v -0.204781843 0.219469815 -0.139057100
v -0.217252768 0.198381504 -0.123033086
v -0.233317748 0.180425030 -0.106710415
v -0.245315474 0.156758961 -0.094001859
v -0.257426052 0.131271304 -0.085905095
v -0.269349997 0.105238707 -0.089828405
v -0.275518268 0.084559240 -0.108829169
v -0.293346950 0.068543712 -0.124648824
v -0.301373065 0.041847671 -0.132269499
v -0.301821994 0.013091920 -0.126871185
v -0.297597028 -0.013700110 -0.115548532
v -0.290614527 -0.038537841 -0.101426707
v -0.275872498 -0.059779797 -0.087687165
v -0.270292787 -0.082122976 -0.069829061
v -0.261701968 -0.103249884 -0.051880291
v -0.245428225 -0.120029283 -0.034566246
v -0.239938375 -0.141526117 -0.015770428
v -0.223431108 -0.156367629 0.002771077
v -0.211533909 -0.174446807 0.022178370
v -0.202192847 -0.194579468 0.040755774
v -0.188341035 -0.211830234 0.060170200
v -0.170504531 -0.222736239 0.080212682
v -0.155942232 -0.239159868 0.099823451
v -0.140794564 -0.255368533 0.119167653
v -0.125034881 -0.271428554 0.138136374
v -0.111873636 -0.292651094 0.152480949
v -0.093260295 -0.301586301 0.172738126
v -0.075241153 -0.316544752 0.190515723
v -0.056508353 -0.331647370 0.207465732
v -0.038683749 -0.352019689 0.217857525
v -0.017893721 -0.366664371 0.232641108
v 0.003822732 -0.380538946 0.246859314
v 0.026418148 -0.393834296 0.260235824
v 0.049882482 -0.406466099 0.272729788
v 0.071952406 -0.412620609 0.290800929
v 0.096422294 -0.423194501 0.302944313
v 0.121766397 -0.437830550 0.304171984
v 0.148344660 -0.447414792 0.312212418
v 0.173062628 -0.452035138 0.327102531
v 0.199589835 -0.457812718 0.337729886
v 0.227761574 -0.465051568 0.339840976
v 0.256268764 -0.471294167 0.337089447
v 0.285305994 -0.473989322 0.341023457
v 0.312620212 -0.473831480 0.351513109
v 0.340415183 -0.472590350 0.360287314
v 0.369684877 -0.470288184 0.362273233
v 0.398491170 -0.465964682 0.359013941
v 0.426024449 -0.459012935 0.351346888
v 0.453290549 -0.448508833 0.348756761
v 0.479041239 -0.434318540 0.348372250
v 0.501826003 -0.415772197 0.348052483
v 0.519266188 -0.392191184 0.348118125
v 0.528302249 -0.364343410 0.348608991
v 0.528001408 -0.335013746 0.348909862
v 0.521424800 -0.306360436 0.348189939
v 0.513024857 -0.278223841 0.346186857
v 0.507295754 -0.249527033 0.343399692
v 0.508695783 -0.220314228 0.341240838
v 0.518095049 -0.192502557 0.340884542
v 0.532025224 -0.166839607 0.343845434
v 0.547170739 -0.143044574 0.352211344
v 0.564156892 -0.120068360 0.359101550
v 0.582737917 -0.097368588 0.361432329
v 0.601547706 -0.074852596 0.361395024
v 0.619541938 -0.053186269 0.352940445
v 0.637261253 -0.030250163 0.348747901
v 0.654794583 -0.006621979 0.348119969
v 0.671999056 0.016257106 0.354574751
v 0.689161128 0.039399281 0.359840149
v 0.705497222 0.063691961 0.356904604
v 0.719553428 0.087730974 0.348047212
v 0.730472389 0.111051539 0.333807735
v 0.742653105 0.136105685 0.324631583
v 0.755196243 0.161848766 0.317857347
v 0.769869766 0.187294485 0.317980309
v 0.784238008 0.212869090 0.317373307
v 0.794609401 0.238807235 0.308278454
v 0.802257127 0.264173867 0.295827421
v 0.803019190 0.286126490 0.276349009
v 0.804179736 0.309344892 0.258544027
v 0.808743946 0.335139737 0.245131050
v 0.813371253 0.361146475 0.232366524
v 0.823778139 0.388003011 0.226500040
v 0.830919153 0.414472793 0.216632746
v 0.831182447 0.438954852 0.200300926
v 0.830108363 0.462973053 0.183324868
v 0.827700073 0.486467600 0.165763623
v 0.823957343 0.509376523 0.147671021
v 0.818884642 0.531639611 0.129102725
v 0.812490821 0.553198617 0.110115854
v 0.804781862 0.573992995 0.090767059
v 0.795746831 0.593948510 0.071111442
v 0.785438991 0.613031877 0.051218500
v 0.773883152 0.631193792 0.031149328
v 0.758143390 0.645425630 0.011157023
v 0.736029778 0.652073122 -0.007045509
v 0.715914760 0.662025072 -0.025782789
v 0.699486731 0.676457888 -0.045481007
v 0.681944470 0.689715714 -0.065043492
v 0.663349550 0.701776576 -0.084406497
v 0.643752778 0.712608328 -0.103505886
v 0.623208128 0.722182511 -0.122278130
v 0.602096372 0.730821447 -0.140844802
v 0.587893387 0.744886525 -0.162141294
v 0.572809933 0.757435233 -0.183621009
v 0.549628043 0.761837723 -0.201120269
v 0.525303999 0.764252420 -0.217450379
v 0.498028398 0.759743929 -0.226756038
v 0.470175806 0.753171100 -0.233416133
v 0.444155836 0.752130704 -0.247085416
v 0.418106688 0.750429510 -0.260676882
v 0.391749388 0.747428837 -0.273422872
v 0.365156913 0.743151915 -0.285286161
v 0.338398725 0.737594396 -0.296208878
v 0.313137783 0.733147375 -0.310263765
v 0.290260007 0.730074522 -0.328492176
v 0.264382538 0.721674044 -0.339133515
v 0.237868285 0.710880887 -0.345968503
v 0.211550953 0.699026171 -0.351720221
v 0.185488956 0.686176997 -0.356397303
v 0.159742608 0.672376263 -0.359985475
v 0.134369004 0.657673096 -0.362478220
v 0.109420675 0.642121654 -0.363876959
v 0.084944491 0.625779845 -0.364191001
v 0.062470988 0.610264126 -0.354162653
v 0.039494946 0.593834640 -0.347441830
v 0.016337539 0.575809776 -0.346381419
v -0.004582939 0.556483827 -0.353627455
v -0.026089920 0.536826563 -0.350693861
v -0.046610510 0.519577944 -0.339294986
v -0.066855182 0.502255940 -0.327464611
v -0.086883229 0.481533445 -0.321813188
v -0.104302371 0.457927128 -0.323270011
v -0.122833623 0.436645220 -0.315122425
v -0.141606102 0.420212720 -0.299631529
v -0.160029914 0.400297957 -0.288637034
v -0.176385619 0.376601493 -0.283717301
v -0.192347605 0.352599809 -0.278996696
v -0.210868285 0.331161576 -0.271035578
v -0.232609421 0.313010200 -0.263261856
v -0.258151442 0.298957675 -0.261105477
v -0.284551138 0.290445401 -0.270382273
v -0.305362485 0.284047898 -0.288951103
v -0.330724711 0.278497511 -0.302120652
v -0.355869732 0.264826392 -0.307456756
v -0.374830980 0.242935803 -0.303528226
v -0.385887553 0.216679128 -0.296529089
v -0.390136530 0.188323206 -0.290059760
v -0.389318779 0.159716351 -0.283856618
v -0.382255167 0.131386014 -0.280842870
v -0.377576624 0.104670108 -0.269546376
v -0.376910708 0.081121543 -0.252032326
v -0.368363725 0.055726339 -0.240068564
v -0.353639902 0.031841403 -0.232070328
v -0.347042022 0.009327850 -0.214875160
v -0.339309547 -0.012728146 -0.197568758
v -0.321487205 -0.032781054 -0.186277528
v -0.311793794 -0.053246047 -0.168064795
v -0.302950262 -0.073315562 -0.149121612
v -0.289455579 -0.092415781 -0.131250097
v -0.275567232 -0.110728299 -0.112862617
v -0.259190590 -0.126872908 -0.095079631
v -0.242070598 -0.141408982 -0.077023677
v -0.233102711 -0.160290216 -0.056905267
v -0.217958526 -0.176112094 -0.037240519
v -0.198482387 -0.186475337 -0.018588304
v -0.182748004 -0.200877201 0.001676460
v -0.166825444 -0.215116072 0.021927725
v -0.150440898 -0.229004162 0.042053547
v -0.133521843 -0.242550615 0.061968633
v -0.119508802 -0.261310039 0.079245524
v -0.099646127 -0.268646059 0.098977265
v -0.081343737 -0.282105891 0.116914331
v -0.062914097 -0.297879969 0.132720805
v -0.041723249 -0.302195128 0.152354265
v -0.020811589 -0.316027413 0.167053334
v 0.001587326 -0.328625112 0.180648691
v 0.024341171 -0.330430199 0.198929829
v 0.049221765 -0.337755138 0.212609831
v 0.075496082 -0.348247528 0.220019663
v 0.102909694 -0.350230683 0.230480714
v 0.130555044 -0.346637197 0.239704920
v 0.157006483 -0.335432687 0.245293021
v 0.178087444 -0.316046184 0.240723576
v 0.190066898 -0.293871922 0.225770533
v 0.203242303 -0.278583896 0.205062998
v 0.219860067 -0.256741029 0.195320926
v 0.242074435 -0.237755840 0.197216063
v 0.264930182 -0.221177160 0.205445312
v 0.287390719 -0.205528407 0.216252679
v 0.309326089 -0.190000936 0.228243917
v 0.324963666 -0.172182424 0.245569908
v 0.346027331 -0.156390264 0.258628792
v 0.371724083 -0.143207472 0.263737092
v 0.392355822 -0.126028199 0.275666639
v 0.406763685 -0.107832898 0.293648368
v 0.427650500 -0.089954667 0.303823597
v 0.451499104 -0.072997053 0.304999342
v 0.471238622 -0.053122919 0.313982481
v 0.485398830 -0.033597471 0.330681848
v 0.503999271 -0.012768206 0.339602482
v 0.524547795 0.007800298 0.337768367
v 0.543394917 0.030025029 0.338920337
v 0.559671283 0.052797236 0.347113507
v 0.574158127 0.074958824 0.359529707
v 0.590699614 0.099122857 0.362348273
v 0.606168325 0.122819330 0.356302608
v 0.620249335 0.147112024 0.348757986
v 0.634026221 0.173102561 0.348204517
v 0.647269195 0.198051194 0.356272470
v 0.660121579 0.224034426 0.359010678
v 0.671702391 0.250798077 0.355037087
v 0.682264145 0.277796049 0.349962342
v 0.691764375 0.304961996 0.343800660
v 0.700149476 0.332227713 0.336557190
v 0.704582349 0.357265943 0.322578029
v 0.705053849 0.379876494 0.303806983
v 0.708813085 0.406780987 0.292564410
v 0.711798836 0.433799796 0.281284097
v 0.713514444 0.460537629 0.269104633
v 0.713914632 0.486910672 0.256047188
v 0.713017910 0.512851925 0.242175799
v 0.713814855 0.539915419 0.231057014
v 0.717802549 0.568208722 0.224029281
v 0.717516612 0.594772741 0.211928306
v 0.712303691 0.618397921 0.195168851
v 0.703323598 0.638562098 0.176128745
v 0.688028834 0.651061216 0.154344068
v 0.674752106 0.667569637 0.134240551
v 0.664129884 0.687975799 0.115885272
v 0.652302234 0.707386465 0.097190247
v 0.639300562 0.725749876 0.078218342
v 0.625156519 0.743014443 0.059032545
v 0.609899944 0.759125433 0.039696553
v 0.593584814 0.774054176 0.020276722
v 0.576256020 0.787764505 0.000836995
v 0.557961097 0.800224291 -0.018559015
v 0.538750072 0.811405563 -0.037848199
v 0.518830334 0.821512017 -0.057007532
v 0.502621280 0.835953893 -0.076696617
v 0.488541082 0.852100471 -0.096847896
v 0.469053674 0.861429466 -0.116466075
v 0.446440806 0.865790742 -0.134791240
v 0.422689115 0.867459989 -0.151884317
v 0.396562699 0.860902063 -0.163512255
v 0.370194313 0.853735979 -0.174320613
v 0.345180416 0.852728258 -0.189755952
v 0.320475716 0.852040534 -0.205689625
v 0.298830061 0.855963967 -0.225181765
v 0.277269861 0.858942690 -0.244892590
v 0.252301294 0.854723003 -0.259641377
v 0.226615965 0.847901392 -0.272288998
v 0.200595658 0.836800503 -0.279587657
v 0.175050889 0.822275293 -0.281184814
v 0.148974669 0.810759362 -0.287846425
v 0.122969411 0.800597572 -0.297159630
v 0.097698227 0.791780746 -0.309173978
v 0.073803123 0.784714976 -0.324834106
v 0.048937254 0.774259542 -0.336224399
v 0.023421515 0.760759166 -0.341970309
v -0.002058079 0.746600739 -0.345736251
v -0.027045090 0.731270257 -0.343555515
v -0.052047097 0.716299810 -0.339457279
v -0.078308155 0.703149718 -0.339536683
v -0.105494314 0.692013973 -0.341221998
v -0.133681393 0.683647405 -0.341933484
v -0.162833206 0.680024355 -0.341384613
v -0.191961897 0.682935036 -0.339080341
v -0.219680383 0.691677409 -0.334693595
v -0.245916524 0.703393303 -0.328349543
v -0.271707090 0.715189736 -0.320487282
v -0.298223585 0.724570364 -0.311888669
v -0.326106733 0.729069665 -0.303829716
v -0.354756107 0.726745127 -0.297950447
v -0.382412567 0.717268852 -0.295390576
v -0.407629621 0.702204117 -0.295957826
v -0.429889063 0.683213118 -0.298858024
v -0.449750903 0.662329551 -0.304594263
v -0.467945034 0.641926120 -0.315446325
v -0.483813248 0.620244566 -0.327412332
v -0.496727640 0.595418211 -0.336296015
v -0.506812233 0.568334624 -0.341832792
v -0.514685617 0.540305447 -0.345630732
v -0.519209394 0.511533383 -0.341697206
v -0.522955272 0.482552806 -0.338851720
v -0.526690259 0.453559210 -0.342234705
v -0.529232889 0.424994646 -0.348260302
v -0.530495399 0.398031486 -0.359960626
v -0.529394308 0.369101222 -0.364086724
v -0.526764820 0.339975615 -0.362221226
v -0.523624095 0.312850213 -0.351283991
v -0.519155356 0.284216454 -0.347125346
v -0.512846291 0.255704856 -0.348498459
v -0.504264832 0.228245444 -0.354272692
v -0.495566936 0.200511489 -0.349843591
v -0.489137005 0.175720694 -0.335809849
v -0.480249315 0.149695479 -0.326097666
v -0.467872329 0.123560341 -0.322478236
v -0.453066127 0.098616134 -0.320987691
v -0.440129666 0.074113034 -0.311064019
v -0.426518012 0.050404183 -0.300161801
v -0.415561459 0.028368655 -0.284933346
v -0.404722182 0.006895181 -0.268883940
v -0.389631291 -0.014759267 -0.255860208
v -0.374090382 -0.035551902 -0.241988444
v -0.358160476 -0.055482089 -0.227314801
v -0.339449555 -0.073539401 -0.214433626
v -0.319751135 -0.090029342 -0.201205226
v -0.310446158 -0.108353220 -0.180949436
v -0.293460881 -0.125113197 -0.163717454
v -0.275881860 -0.140902092 -0.146234403
v -0.253881016 -0.152312890 -0.131333007
v -0.236515007 -0.166662011 -0.112388444
v -0.218929123 -0.180417947 -0.093208011
v -0.202325141 -0.194608293 -0.073706221
v -0.188079857 -0.210687866 -0.054353871
v -0.165813444 -0.217426938 -0.036915260
v -0.150555231 -0.233703433 -0.018230961
v -0.129681171 -0.242873610 -0.000286456
v -0.107658670 -0.250011568 0.017381401
v -0.088569757 -0.265424102 0.033244555
v -0.064293931 -0.270061709 0.048670169
v -0.038406348 -0.274147685 0.061695505
v -0.010842540 -0.281820092 0.067212097
v 0.016447157 -0.282689854 0.058533971
v 0.035485438 -0.271467616 0.040100289
v 0.058369680 -0.266647802 0.022751654
v 0.087160582 -0.262892490 0.021981872
v 0.113759887 -0.255496677 0.031836012
v 0.136136538 -0.243273390 0.046015837
v 0.155624127 -0.229116476 0.062534727
v 0.179952159 -0.223407264 0.077691564
v 0.197511517 -0.208885399 0.095722038
v 0.215210007 -0.194891882 0.114166466
v 0.238796878 -0.186427023 0.129011127
v 0.252143100 -0.169733231 0.148610111
v 0.271896085 -0.156523343 0.165370702
v 0.294172990 -0.144419815 0.179122725
v 0.312777894 -0.128636535 0.195587542
v 0.331191220 -0.112101141 0.211520588
v 0.349400683 -0.094782460 0.226843714
v 0.360726303 -0.076323202 0.246359753
v 0.378586280 -0.057993048 0.260408991
v 0.400530160 -0.040211410 0.267017627
v 0.414361813 -0.020213867 0.282564966
v 0.427132656 0.000000000 0.298531070
l 1 2
l 2 3
l 3 4
l 4 5
l 5 6
l 6 7
l 7 8
l 8 9
l 9 10
l 10 11
l 11 12
l 12 13
l 13 14
l 14 15
l 15 16
l 16 17
l 17 18
l 18 19
l 19 20
l 20 21
l 21 22
l 22 23
l 23 24
l 24 25
l 25 26
l 26 27
l 27 28
l 28 29
l 29 30
l 30 31
l 31 32
l 32 33
l 33 34
l 34 35
l 35 36
l 36 37
l 37 38
l 38 39
l 39 40
l 40 41
l 41 42
l 42 43
l 43 44
l 44 45
l 45 46
l 46 47
l 47 48
l 48 49
l 49 50
l 50 51
l 51 52
l 52 53
l 53 54
l 54 55
l 55 56
l 56 57
l 57 58
l 58 59
l 59 60
l 60 61
l 61 62
l 62 63
l 63 64
l 64 65
l 65 66
l 66 67
l 67 68
l 68 69
l 69 70
l 70 71
l 71 72
l 72 73
l 73 74
l 74 75
l 75 76
l 76 77
l 77 78
l 78 79
l 79 80
l 80 81
l 81 82
l 82 83
l 83 84
l 84 85
l 85 86
l 86 87
l 87 88
l 88 89
l 89 90
l 90 91
l 91 92
l 92 93
l 93 94
l 94 95
l 95 96
l 96 97
l 97 98
l 98 99
l 99 100
l 100 101
l 101 102
l 102 103
l 103 104
l 104 105
l 105 106
l 106 107
l 107 108
l 108 109
l 109 110
l 110 111
l 111 112
l 112 113
l 113 114
l 114 115
l 115 116
l 116 117
l 117 118
l 118 119
l 119 120
l 120 121
l 121 122
l 122 123
l 123 124
l 124 125
l 125 126
l 126 127
l 127 128
l 128 129
l 129 130
l 130 131
l 131 132
l 132 133
l 133 134
l 134 135
l 135 136
l 136 137
l 137 138
l 138 139
l 139 140
l 140 141
l 141 142
l 142 143
l 143 144
l 144 145
l 145 146
l 146 147
l 147 148
l 148 149
l 149 150
l 150 151
l 151 152
l 152 153
l 153 154
l 154 155
l 155 156
l 156 157
l 157 158
l 158 159
l 159 160
l 160 161
l 161 162
l 162 163
l 163 164
l 164 165
l 165 166
l 166 167
l 167 168
l 168 169
l 169 170
l 170 171
l 171 172
l 172 173
l 173 174
l 174 175
l 175 176
l 176 177
l 177 178
l 178 179
l 179 180
l 180 181
l 181 182
l 182 183
l 183 184
l 184 185
l 185 186
l 186 187
l 187 188
l 188 189
l 189 190
l 190 191
l 191 192
l 192 193
l 193 194
l 194 195
l 195 196
l 196 197
l 197 198
l 198 199
l 199 200
l 200 201
l 201 202
l 202 203
l 203 204
l 204 205
l 205 206
l 206 207
l 207 208
l 208 209
l 209 210
l 210 211
l 211 212
l 212 213
l 213 214
l 214 215
l 215 216
l 216 217
l 217 218
l 218 219
l 219 220
l 220 221
l 221 222
l 222 223
l 223 224
l 224 225
l 225 226
l 226 227
l 227 228
l 228 229
l 229 230
l 230 231
l 231 232
l 232 233
l 233 234
l 234 235
l 235 236
l 236 237
l 237 238
l 238 239
l 239 240
l 240 241
l 241 242
l 242 243
l 243 244
l 244 245
l 245 246
l 246 247
l 247 248
l 248 249
l 249 250
l 250 251
l 251 252
l 252 253
l 253 254
l 254 255
l 255 256
l 256 257
l 257 258
l 258 259
l 259 260
l 260 261
l 261 262
l 262 263
l 263 264
l 264 265
l 265 266
l 266 267
l 267 268
l 268 269
l 269 270
l 270 271
l 271 272
l 272 273
l 273 274
l 274 275
l 275 276
l 276 277
l 277 278
l 278 279
l 279 280
l 280 281
l 281 282
l 282 283
l 283 284
l 284 285
l 285 286
l 286 287
l 287 288
l 288 289
l 289 290
l 290 291
l 291 292
l 292 293
l 293 294
l 294 295
l 295 296
l 296 297
l 297 298
l 298 299
l 299 300
l 300 301
l 301 302
l 302 303
l 303 304
l 304 305
l 305 306
l 306 307
l 307 308
l 308 309
l 309 310
l 310 311
l 311 312
l 312 313
l 313 314
l 314 315
l 315 316
l 316 317
l 317 318
l 318 319
l 319 320
l 320 321
l 321 322
l 322 323
l 323 324
l 324 325
l 325 326
l 326 327
l 327 328
l 328 329
l 329 330
l 330 331
l 331 332
l 332 333
l 333 334
l 334 335
l 335 336
l 336 337
l 337 338
l 338 339
l 339 340
l 340 341
l 341 342
l 342 343
l 343 344
l 344 345
l 345 346
l 346 347
l 347 348
l 348 349
l 349 350
l 350 351
l 351 352
l 352 353
l 353 354
l 354 355
l 355 356
l 356 357
l 357 358
l 358 359
l 359 360
l 360 361
l 361 362
l 362 363
l 363 364
l 364 365
l 365 366
l 366 367
l 367 368
l 368 369
l 369 370
l 370 371
l 371 372
l 372 373
l 373 374
l 374 375
l 375 376
l 376 377
l 377 378
l 378 379
l 379 380
l 380 381
l 381 382
l 382 383
l 383 384
l 384 385
l 385 386
l 386 387
l 387 388
l 388 389
l 389 390
l 390 391
l 391 392
l 392 393
l 393 394
l 394 395
l 395 396
l 396 397
l 397 398
l 398 399
l 399 400
l 400 401
l 401 402
l 402 403
l 403 404
l 404 405
l 405 406
l 406 407
l 407 408
l 408 409
l 409 410
l 410 411
l 411 412
l 412 413
l 413 414
l 414 415
l 415 416
l 416 417
l 417 418
l 418 419
l 419 420
l 420 421
l 421 422
l 422 423
l 423 424
l 424 425
l 425 426
l 426 427
l 427 428
l 428 429
l 429 430
l 430 431
l 431 432
l 432 433
l 433 434
l 434 435
l 435 436
l 436 437
l 437 438
l 438 439
l 439 440
l 440 441
l 441 442
l 442 443
l 443 444
l 444 445
l 445 446
l 446 447
l 447 448
l 448 449
l 449 450
l 450 451
l 451 452
l 452 453
l 453 454
l 454 455
l 455 456
l 456 457
l 457 458
l 458 459
l 459 460
l 460 461
l 461 462
l 462 463
l 463 464
l 464 465
l 465 466
l 466 467
l 467 468
l 468 469
l 469 470
l 470 471
l 471 472
l 472 473
l 473 474
l 474 475
l 475 476
l 476 477
l 477 478
l 478 479
l 479 480
l 480 481
l 481 482
l 482 483
l 483 484
l 484 485
l 485 486
l 486 487
l 487 488
l 488 489
l 489 490
l 490 491
l 491 492
l 492 493
l 493 494
l 494 495
l 495 496
l 496 497
l 497 498
l 498 499
l 499 500
l 500 501
l 501 502
l 502 503
l 503 504
l 504 505
l 505 506
l 506 507
l 507 508
l 508 509
l 509 510
l 510 511
l 511 512
l 512 513
l 513 514
l 514 515
l 515 516
l 516 517
l 517 518
l 518 519
l 519 520
l 520 521
l 521 522
l 522 523
l 523 524
l 524 525
l 525 526
l 526 527
l 527 528
l 528 529
l 529 530
l 530 531
l 531 532
l 532 533
l 533 534
l 534 535
l 535 536
l 536 537
l 537 538
l 538 539
l 539 540
l 540 541
l 541 542
l 542 543
l 543 544
l 544 545
l 545 546
l 546 547
l 547 548
l 548 549
l 549 550
l 550 551
l 551 552
l 552 553
l 553 554
l 554 555
l 555 556
l 556 557
l 557 558
l 558 559
l 559 560
l 560 561
l 561 562
l 562 563
l 563 564
l 564 565
l 565 566
l 566 567
l 567 568
l 568 569
l 569 570
l 570 571
l 571 572
l 572 573
l 573 574
l 574 575
l 575 576
l 576 577
l 577 578
l 578 579
l 579 580
l 580 581
l 581 582
l 582 583
l 583 584
l 584 585
l 585 586
l 586 587
l 587 588
l 588 589
l 589 590
l 590 591
l 591 592
l 592 593
l 593 594
l 594 595
l 595 596
l 596 597
l 597 598
l 598 599
l 599 600
l 600 601
l 601 602
l 602 603
l 603 604
l 604 605
l 605 606
l 606 607
l 607 608
l 608 609
l 609 610
l 610 611
l 611 612
l 612 613
l 613 614
l 614 615
l 615 616
l 616 617
l 617 618
l 618 619
l 619 620
l 620 621
l 621 622
l 622 623
l 623 624
l 624 625
l 625 626
l 626 627
l 627 628
l 628 629
l 629 630
l 630 631
l 631 632
l 632 633
l 633 634
l 634 635
l 635 636
l 636 637
l 637 638
l 638 639
l 639 640
l 640 641
l 641 642
l 642 643
l 643 644
l 644 645
l 645 646
l 646 647
l 647 648
l 648 649
l 649 650
l 650 651
l 651 652
l 652 653
l 653 654
l 654 655
l 655 656
l 656 657
l 657 658
l 658 659
l 659 660
l 660 661
l 661 662
l 662 663
l 663 664
l 664 665
l 665 666
l 666 667
l 667 668
l 668 669
l 669 670
l 670 671
l 671 672
l 672 673
l 673 674
l 674 675
l 675 676
l 676 677
l 677 678
l 678 679
l 679 680
l 680 681
l 681 682
l 682 683
l 683 684
l 684 685
l 685 686
l 686 687
l 687 688
l 688 689
l 689 690
l 690 691
l 691 692
l 692 693
l 693 694
l 694 695
l 695 696
l 696 697
l 697 698
l 698 699
l 699 700
l 700 701
l 701 702
l 702 703
l 703 704
l 704 705
l 705 706
l 706 707
l 707 708
l 708 709
l 709 710
l 710 711
l 711 712
l 712 713
l 713 714
l 714 715
l 715 716
l 716 717
l 717 718
l 718 719
l 719 720
l 720 721
l 721 722
l 722 723
l 723 724
l 724 725
l 725 726
l 726 727
l 727 728
l 728 729
l 729 730
l 730 731
l 731 732
l 732 733
l 733 734
l 734 735
l 735 736
l 736 737
l 737 738
l 738 739
l 739 740
l 740 741
l 741 742
l 742 743
l 743 744
l 744 745
l 745 746
l 746 747
l 747 748
l 748 749
l 749 750
l 750 751
l 751 752
l 752 753
l 753 754
l 754 755
l 755 756
l 756 757
l 757 758
l 758 759
l 759 760
l 760 761
l 761 762
l 762 763
l 763 764
l 764 765
l 765 766
l 766 767
l 767 768
l 768 769
l 769 770
l 770 771
l 771 772
l 772 773
l 773 774
l 774 775
l 775 776
l 776 777
l 777 778
l 778 779
l 779 780
l 780 781
l 781 782
l 782 783
l 783 784
l 784 785
l 785 786
l 786 787
l 787 788
l 788 789
l 789 790
l 790 791
l 791 792
l 792 793
l 793 794
l 794 795
l 795 796
l 796 797
l 797 798
l 798 799
l 799 800
l 800 801
l 801 802
l 802 803
l 803 804
l 804 805
l 805 806
l 806 807
l 807 808
l 808 809
l 809 810
l 810 811
l 811 812
l 812 813
l 813 814
l 814 815
l 815 816
l 816 817
l 817 818
l 818 819
l 819 820
l 820 821
l 821 822
l 822 823
l 823 824
l 824 825
l 825 826
l 826 827
l 827 828
l 828 829
l 829 830
l 830 831
l 831 832
l 832 833
l 833 834
l 834 835
l 835 836
l 836 837
l 837 838
l 838 839
l 839 840
l 840 841
l 841 842
l 842 843
l 843 844
l 844 845
l 845 846
l 846 847
l 847 848
l 848 849
l 849 850
l 850 851
l 851 852
l 852 853
l 853 854
l 854 855
l 855 856
l 856 857
l 857 858
l 858 859
l 859 860
l 860 861
l 861 862
l 862 863
l 863 864
l 864 865
l 865 866
l 866 867
l 867 868
l 868 869
l 869 870
l 870 871
l 871 872
l 872 873
l 873 874
l 874 875
l 875 876
l 876 877
l 877 878
l 878 879
l 879 880
l 880 881
l 881 882
l 882 883
l 883 884
l 884 885
l 885 886
l 886 887
l 887 888
l 888 889
l 889 890
l 890 891
l 891 892
l 892 893
l 893 894
l 894 895
l 895 896
l 896 897
l 897 898
l 898 899
l 899 900
l 900 901
l 901 902
l 902 903
l 903 904
l 904 905
l 905 906
l 906 907
l 907 908
l 908 909
l 909 910
l 910 911
l 911 912
l 912 913
l 913 914
l 914 915
l 915 916
l 916 917
l 917 918
l 918 919
l 919 920
l 920 921
l 921 922
l 922 923
l 923 924
l 924 925
l 925 926
l 926 927
l 927 928
l 928 929
l 929 930
l 930 931
l 931 932
l 932 933
l 933 934
l 934 935
l 935 936
l 936 937
l 937 938
l 938 939
l 939 940
l 940 941
l 941 942
l 942 943
l 943 944
l 944 945
l 945 946
l 946 947
l 947 948
l 948 949
l 949 950
l 950 951
l 951 952
l 952 953
l 953 954
l 954 955
l 955 956
l 956 957
l 957 958
l 958 959
l 959 960
l 960 961
l 961 962
l 962 963
l 963 964
l 964 965
l 965 966
l 966 967
l 967 968
l 968 969
l 969 970
l 970 971
l 971 972
l 972 973
l 973 974
l 974 975
l 975 976
l 976 977
l 977 978
l 978 979
l 979 980
l 980 981
l 981 982
l 982 983
l 983 984
l 984 985
l 985 986
l 986 987
l 987 988
l 988 989
l 989 990
l 990 991
l 991 992
l 992 993
l 993 994
l 994 995
l 995 996
l 996 997
l 997 998
l 998 999
l 999 1000
l 1000 1001
l 1001 1002
l 1002 1003
l 1003 1004
l 1004 1005
l 1005 1006
l 1006 1007
l 1007 1008
l 1008 1009
l 1009 1010
l 1010 1011
l 1011 1012
l 1012 1013
l 1013 1014
l 1014 1015
l 1015 1016
l 1016 1017
l 1017 1018
l 1018 1019
l 1019 1020
l 1020 1021
l 1021 1022
l 1022 1023
l 1023 1024
l 1024 1025
l 1025 1026
l 1026 1027
l 1027 1028
l 1028 1029
l 1029 1030
l 1030 1031
l 1031 1032
l 1032 1033
l 1033 1034
l 1034 1035
l 1035 1036
l 1036 1037
l 1037 1038
l 1038 1039
l 1039 1040
l 1040 1041
l 1041 1042
l 1042 1043
l 1043 1044
l 1044 1045
l 1045 1046
l 1046 1047
l 1047 1048
l 1048 1049
l 1049 1050
l 1050 1051
l 1051 1052
l 1052 1053
l 1053 1054
l 1054 1055
l 1055 1056
l 1056 1057
l 1057 1058
l 1058 1059
l 1059 1060
l 1060 1061
l 1061 1062
l 1062 1063
l 1063 1064
l 1064 1065
l 1065 1066
l 1066 1067
l 1067 1068
l 1068 1069
l 1069 1070
l 1070 1071
l 1071 1072
l 1072 1073
l 1073 1074
l 1074 1075
l 1075 1076
l 1076 1077
l 1077 1078
l 1078 1079
l 1079 1080
l 1080 1081
l 1081 1082
l 1082 1083
l 1083 1084
l 1084 1085
l 1085 1086
l 1086 1087
l 1087 1088
l 1088 1089
l 1089 1090
l 1090 1091
l 1091 1092
l 1092 1093
l 1093 1094
l 1094 1095
l 1095 1096
l 1096 1097
l 1097 1098
l 1098 1099
l 1099 1100
l 1100 1101
l 1101 1102
l 1102 1103
l 1103 1104
l 1104 1105
l 1105 1106
l 1106 1107
l 1107 1108
l 1108 1109
l 1109 1110
l 1110 1111
l 1111 1112
l 1112 1113
l 1113 1114
l 1114 1115
l 1115 1116
l 1116 1117
l 1117 1118
l 1118 1119
l 1119 1120
l 1120 1121
l 1121 1122
l 1122 1123
l 1123 1124
l 1124 1125
l 1125 1126
l 1126 1127
l 1127 1128
l 1128 1129
l 1129 1130
l 1130 1131
l 1131 1132
l 1132 1133
l 1133 1134
l 1134 1135
l 1135 1136
l 1136 1137
l 1137 1138
l 1138 1139
l 1139 1140
l 1140 1141
l 1141 1142
l 1142 1143
l 1143 1144
l 1144 1145
l 1145 1146
l 1146 1147
l 1147 1148
l 1148 1149
l 1149 1150
l 1150 1151
l 1151 1152
l 1152 1153
l 1153 1154
l 1154 1155
l 1155 1156
l 1156 1157
l 1157 1158
l 1158 1159
l 1159 1160
l 1160 1161
l 1161 1162
l 1162 1163
l 1163 1164
l 1164 1165
l 1165 1166
l 1166 1167
l 1167 1168
l 1168 1169
l 1169 1170
l 1170 1171
l 1171 1172
l 1172 1173
l 1173 1174
l 1174 1175
l 1175 1176
l 1176 1177
l 1177 1178
l 1178 1179
l 1179 1180
l 1180 1181
l 1181 1182
l 1182 1183
l 1183 1184
l 1184 1185
l 1185 1186
l 1186 1187
l 1187 1188
l 1188 1189
l 1189 1190
l 1190 1191
l 1191 1192
l 1192 1193
l 1193 1194
l 1194 1195
l 1195 1196
l 1196 1197
l 1197 1198
l 1198 1199
l 1199 1200
l 1200 1201
l 1201 1202
l 1202 1203
l 1203 1204
l 1204 1205
l 1205 1206
l 1206 1207
l 1207 1208
l 1208 1209
l 1209 1210
l 1210 1211
l 1211 1212
l 1212 1213
l 1213 1214
l 1214 1215
l 1215 1216
l 1216 1217
l 1217 1218
l 1218 1219
l 1219 1220
l 1220 1221
l 1221 1222
l 1222 1223
l 1223 1224
l 1224 1225
l 1225 1226
l 1226 1227
l 1227 1228
l 1228 1229
l 1229 1230
l 1230 1231
l 1231 1232
l 1232 1233
l 1233 1234
l 1234 1235
l 1235 1236
l 1236 1237
l 1237 1238
l 1238 1239
l 1239 1240
l 1240 1241
l 1241 1242
l 1242 1243
l 1243 1244
l 1244 1245
l 1245 1246
l 1246 1247
l 1247 1248
l 1248 1249
l 1249 1250
l 1250 1251
l 1251 1252
l 1252 1253
l 1253 1254
l 1254 1255
l 1255 1256
l 1256 1257
l 1257 1258
l 1258 1259
l 1259 1260
l 1260 1261
l 1261 1262
l 1262 1263
l 1263 1264
l 1264 1265
l 1265 1266
l 1266 1267
l 1267 1268
l 1268 1269
l 1269 1270
l 1270 1271
l 1271 1272
l 1272 1273
l 1273 1274
l 1274 1275
l 1275 1276
l 1276 1277
l 1277 1278
l 1278 1279
l 1279 1280
l 1280 1281
l 1281 1282
l 1282 1283
l 1283 1284
l 1284 1285
l 1285 1286
l 1286 1287
l 1287 1288
l 1288 1289
l 1289 1290
l 1290 1291
l 1291 1292
l 1292 1293
l 1293 1294
l 1294 1295
l 1295 1296
l 1296 1297
l 1297 1298
l 1298 1299
l 1299 1300
l 1300 1301
l 1301 1302
l 1302 1303
l 1303 1304
l 1304 1305
l 1305 1306
l 1306 1307
l 1307 1308
l 1308 1309
l 1309 1310
l 1310 1311
l 1311 1312
l 1312 1313
l 1313 1314
l 1314 1315
l 1315 1316
l 1316 1317
l 1317 1318
l 1318 1319
l 1319 1320
l 1320 1321
l 1321 1322
l 1322 1323
l 1323 1324
l 1324 1325
l 1325 1326
l 1326 1327
l 1327 1328
l 1328 1329
l 1329 1330
l 1330 1331
l 1331 1332
l 1332 1333
l 1333 1334
l 1334 1335
l 1335 1336
l 1336 1337
l 1337 1338
l 1338 1339
l 1339 1340
l 1340 1341
l 1341 1342
l 1342 1343
l 1343 1344
l 1344 1345
l 1345 1346
l 1346 1347
l 1347 1348
l 1348 1349
l 1349 1350
l 1350 1351
l 1351 1352
l 1352 1353
l 1353 1354
l 1354 1355
l 1355 1356
l 1356 1357
l 1357 1358
l 1358 1359
l 1359 1360
l 1360 1361
l 1361 1362
l 1362 1363
l 1363 1364
l 1364 1365
l 1365 1366
l 1366 1367
l 1367 1368
l 1368 1369
l 1369 1370
l 1370 1371
l 1371 1372
l 1372 1373
l 1373 1374
l 1374 1375
l 1375 1376
l 1376 1377
l 1377 1378
l 1378 1379
l 1379 1380
l 1380 1381
l 1381 1382
l 1382 1383
l 1383 1384
l 1384 1385
l 1385 1386
l 1386 1387
l 1387 1388
l 1388 1389
l 1389 1390
l 1390 1391
l 1391 1392
l 1392 1393
l 1393 1394
l 1394 1395
l 1395 1396
l 1396 1397
l 1397 1398
l 1398 1399
l 1399 1400
l 1400 1401
l 1401 1402
l 1402 1403
l 1403 1404
l 1404 1405
l 1405 1406
l 1406 1407
l 1407 1408
l 1408 1409
l 1409 1410
l 1410 1411
l 1411 1412
l 1412 1413
l 1413 1414
l 1414 1415
l 1415 1416
l 1416 1417
l 1417 1418
l 1418 1419
l 1419 1420
l 1420 1421
l 1421 1422
l 1422 1423
l 1423 1424
l 1424 1425
l 1425 1426
l 1426 1427
l 1427 1428
l 1428 1429
l 1429 1430
l 1430 1431
l 1431 1432
l 1432 1433
l 1433 1434
l 1434 1435
l 1435 1436
l 1436 1437
l 1437 1438
l 1438 1439
l 1439 1440
l 1440 1441
l 1441 1442
l 1442 1443
l 1443 1444
l 1444 1445
l 1445 1446
l 1446 1447
l 1447 1448
l 1448 1449
l 1449 1450
l 1450 1451
l 1451 1452
l 1452 1453
l 1453 1454
l 1454 1455
l 1455 1456
l 1456 1457
l 1457 1458
l 1458 1459
l 1459 1460
l 1460 1461
l 1461 1462
l 1462 1463
l 1463 1464
l 1464 1465
l 1465 1466
l 1466 1467
l 1467 1468
l 1468 1469
l 1469 1470
l 1470 1471
l 1471 1472
l 1472 1473
l 1473 1474
l 1474 1475
l 1475 1476
l 1476 1477
l 1477 1478
l 1478 1479
l 1479 1480
l 1480 1481
l 1481 1482
l 1482 1483
l 1483 1484
l 1484 1485
l 1485 1486
l 1486 1487
l 1487 1488
l 1488 1489
l 1489 1490
l 1490 1491
l 1491 1492
l 1492 1493
l 1493 1494
l 1494 1495
l 1495 1496
l 1496 1497
l 1497 1498
l 1498 1499
l 1499 1500
l 1500 1501
l 1501 1502
l 1502 1503
l 1503 1504
l 1504 1505
l 1505 1506
l 1506 1507
l 1507 1508
l 1508 1509
l 1509 1510
l 1510 1511
l 1511 1512
l 1512 1513
l 1513 1514
l 1514 1515
l 1515 1516
l 1516 1517
l 1517 1518
l 1518 1519
l 1519 1520
l 1520 1521
l 1521 1522
l 1522 1523
l 1523 1524
l 1524 1525
l 1525 1526
l 1526 1527
l 1527 1528
l 1528 1529
l 1529 1530
l 1530 1531
l 1531 1532
l 1532 1533
l 1533 1534
l 1534 1535
l 1535 1536
l 1536 1537
l 1537 1538
l 1538 1539
l 1539 1540
l 1540 1541
l 1541 1542
l 1542 1543
l 1543 1544
l 1544 1545
l 1545 1546
l 1546 1547
l 1547 1548
l 1548 1549
l 1549 1550
l 1550 1551
l 1551 1552
l 1552 1553
l 1553 1554
l 1554 1555
l 1555 1556
l 1556 1557
l 1557 1558
l 1558 1559
l 1559 1560
l 1560 1561
l 1561 1562
l 1562 1563
l 1563 1564
l 1564 1565
l 1565 1566
l 1566 1567
l 1567 1568
l 1568 1569
l 1569 1570
l 1570 1571
l 1571 1572
l 1572 1573
l 1573 1574
l 1574 1575
l 1575 1576
l 1576 1577
l 1577 1578
l 1578 1579
l 1579 1580
l 1580 1581
l 1581 1582
l 1582 1583
l 1583 1584
l 1584 1585
l 1585 1586
l 1586 1587
l 1587 1588
l 1588 1589
l 1589 1590
l 1590 1591
l 1591 1592
l 1592 1593
l 1593 1594
l 1594 1595
l 1595 1596
l 1596 1597
l 1597 1598
l 1598 1599
l 1599 1600
l 1600 1601
l 1601 1602
l 1602 1603
l 1603 1604
l 1604 1605
l 1605 1606
l 1606 1607
l 1607 1608
l 1608 1609
l 1609 1610
l 1610 1611
l 1611 1612
l 1612 1613
l 1613 1614
l 1614 1615
l 1615 1616
l 1616 1617
l 1617 1618
l 1618 1619
l 1619 1620
l 1620 1621
l 1621 1622
l 1622 1623
l 1623 1624
l 1624 1625
l 1625 1626
l 1626 1627
l 1627 1628
l 1628 1629
l 1629 1630
l 1630 1631
l 1631 1632
l 1632 1633
l 1633 1634
l 1634 1635
l 1635 1636
l 1636 1637
l 1637 1638
l 1638 1639
l 1639 1640
l 1640 1641
l 1641 1642
l 1642 1643
l 1643 1644
l 1644 1645
l 1645 1646
l 1646 1647
l 1647 1648
l 1648 1649
l 1649 1650
l 1650 1651
l 1651 1652
l 1652 1653
l 1653 1654
l 1654 1655
l 1655 1656
l 1656 1657
l 1657 1658
l 1658 1659
l 1659 1660
l 1660 1661
l 1661 1662
l 1662 1663
l 1663 1664
l 1664 1665
l 1665 1666
l 1666 1667
l 1667 1668
l 1668 1669
l 1669 1670
l 1670 1671
l 1671 1672
l 1672 1673
l 1673 1674
l 1674 1675
l 1675 1676
l 1676 1677
l 1677 1678
l 1678 1679
l 1679 1680
l 1680 1681
l 1681 1682
l 1682 1683
l 1683 1684
l 1684 1685
l 1685 1686
l 1686 1687
l 1687 1688
l 1688 1689
l 1689 1690
l 1690 1691
l 1691 1692
l 1692 1693
l 1693 1694
l 1694 1695
l 1695 1696
l 1696 1697
l 1697 1698
l 1698 1699
l 1699 1700
l 1700 1701
l 1701 1702
l 1702 1703
l 1703 1704
l 1704 1705
l 1705 1706
l 1706 1707
l 1707 1708
l 1708 1709
l 1709 1710
l 1710 1711
l 1711 1712
l 1712 1713
l 1713 1714
l 1714 1715
l 1715 1716
l 1716 1717
l 1717 1718
l 1718 1719
l 1719 1720
l 1720 1721
l 1721 1722
l 1722 1723
l 1723 1724
l 1724 1725
l 1725 1726
l 1726 1727
l 1727 1728
l 1728 1729
l 1729 1730
l 1730 1731
l 1731 1732
l 1732 1733
l 1733 1734
l 1734 1735
l 1735 1736
l 1736 1737
l 1737 1738
l 1738 1739
l 1739 1740
l 1740 1741
l 1741 1742
l 1742 1743
l 1743 1744
l 1744 1745
l 1745 1746
l 1746 1747
l 1747 1748
l 1748 1749
l 1749 1750
l 1750 1751
l 1751 1752
l 1752 1753
l 1753 1754
l 1754 1755
l 1755 1756
l 1756 1757
l 1757 1758
l 1758 1759
l 1759 1760
l 1760 1761
l 1761 1762
l 1762 1763
l 1763 1764
l 1764 1765
l 1765 1766
l 1766 1767
l 1767 1768
l 1768 1769
l 1769 1770
l 1770 1771
l 1771 1772
l 1772 1773
l 1773 1774
l 1774 1775
l 1775 1776
l 1776 1777
l 1777 1778
l 1778 1779
l 1779 1780
l 1780 1781
l 1781 1782
l 1782 1783
l 1783 1784
l 1784 1785
l 1785 1786
l 1786 1787
l 1787 1788
l 1788 1789
l 1789 1790
l 1790 1791
l 1791 1792
l 1792 1793
l 1793 1794
l 1794 1795
l 1795 1796
l 1796 1797
l 1797 1798
l 1798 1799
l 1799 1800
l 1800 1801
l 1801 1802
l 1802 1803
l 1803 1804
l 1804 1805
l 1805 1806
l 1806 1807
l 1807 1808
l 1808 1809
l 1809 1810
l 1810 1811
l 1811 1812
l 1812 1813
l 1813 1814
l 1814 1815
l 1815 1816
l 1816 1817
l 1817 1818
l 1818 1819
l 1819 1820
l 1820 1821
l 1821 1822
l 1822 1823
l 1823 1824
l 1824 1825
l 1825 1826
l 1826 1827
l 1827 1828
l 1828 1829
l 1829 1830
l 1830 1831
l 1831 1832
l 1832 1833
l 1833 1834
l 1834 1835
l 1835 1836
l 1836 1837
l 1837 1838
l 1838 1839
l 1839 1840
l 1840 1841
l 1841 1842
l 1842 1843
l 1843 1844
l 1844 1845
l 1845 1846
l 1846 1847
l 1847 1848
l 1848 1849
l 1849 1850
l 1850 1851
l 1851 1852
l 1852 1853
l 1853 1854
l 1854 1855
l 1855 1856
l 1856 1857
l 1857 1858
l 1858 1859
l 1859 1860
l 1860 1861
l 1861 1862
l 1862 1863
l 1863 1864
l 1864 1865
l 1865 1866
l 1866 1867
l 1867 1868
l 1868 1869
l 1869 1870
l 1870 1871
l 1871 1872
l 1872 1873
l 1873 1874
l 1874 1875
l 1875 1876
l 1876 1877
l 1877 1878
l 1878 1879
l 1879 1880
l 1880 1881
l 1881 1882
l 1882 1883
l 1883 1884
l 1884 1885
l 1885 1886
l 1886 1887
l 1887 1888
l 1888 1889
l 1889 1890
l 1890 1891
l 1891 1892
l 1892 1893
l 1893 1894
l 1894 1895
l 1895 1896
l 1896 1897
l 1897 1898
l 1898 1899
l 1899 1900
l 1900 1901
l 1901 1902
l 1902 1903
l 1903 1904
l 1904 1905
l 1905 1906
l 1906 1907
l 1907 1908
l 1908 1909
l 1909 1910
l 1910 1911
l 1911 1912
l 1912 1913
l 1913 1914
l 1914 1915
l 1915 1916
l 1916 1917
l 1917 1918
l 1918 1919
l 1919 1920
l 1920 1921
l 1921 1922
l 1922 1923
l 1923 1924
l 1924 1925
l 1925 1926
l 1926 1927
l 1927 1928
l 1928 1929
l 1929 1930
l 1930 1931
l 1931 1932
l 1932 1933
l 1933 1934
l 1934 1935
l 1935 1936
l 1936 1937
l 1937 1938
l 1938 1939
l 1939 1940
l 1940 1941
l 1941 1942
l 1942 1943
l 1943 1944
l 1944 1945
l 1945 1946
l 1946 1947
l 1947 1948
l 1948 1949
l 1949 1950
l 1950 1951
l 1951 1952
l 1952 1953
l 1953 1954
l 1954 1955
l 1955 1956
l 1956 1957
l 1957 1958
l 1958 1959
l 1959 1960
l 1960 1961
l 1961 1962
l 1962 1963
l 1963 1964
l 1964 1965
l 1965 1966
l 1966 1967
l 1967 1968
l 1968 1969
l 1969 1970
l 1970 1971
l 1971 1972
l 1972 1973
l 1973 1974
l 1974 1975
l 1975 1976
l 1976 1977
l 1977 1978
l 1978 1979
l 1979 1980
l 1980 1981
l 1981 1982
l 1982 1983
l 1983 1984
l 1984 1985
l 1985 1986
l 1986 1987
l 1987 1988
l 1988 1989
l 1989 1990
l 1990 1991
l 1991 1992
l 1992 1993
l 1993 1994
l 1994 1995
l 1995 1996
l 1996 1997
l 1997 1998
l 1998 1999
l 1999 2000
l 2000 2001
l 2001 2002
l 2002 2003
l 2003 2004
l 2004 2005
l 2005 2006
l 2006 2007
l 2007 2008
l 2008 2009
l 2009 2010
l 2010 2011
l 2011 2012
l 2012 2013
l 2013 2014
l 2014 2015
l 2015 2016
l 2016 2017
l 2017 2018
l 2018 2019
l 2019 2020
l 2020 2021
l 2021 2022
l 2022 2023
l 2023 2024
l 2024 2025
l 2025 2026
l 2026 2027
l 2027 2028
l 2028 2029
l 2029 2030
l 2030 2031
l 2031 2032
l 2032 2033
l 2033 2034
l 2034 2035
l 2035 2036
l 2036 2037
l 2037 2038
l 2038 2039
l 2039 2040
l 2040 2041
l 2041 2042
l 2042 2043
l 2043 2044
l 2044 2045
l 2045 2046
l 2046 2047
l 2047 2048
l 2048 2049
l 2049 2050
l 2050 2051
l 2051 2052
l 2052 2053
l 2053 2054
l 2054 2055
l 2055 2056
l 2056 2057
l 2057 2058
l 2058 2059
l 2059 2060
l 2060 2061
l 2061 2062
l 2062 2063
l 2063 2064
l 2064 2065
l 2065 2066
l 2066 2067
l 2067 2068
l 2068 2069
l 2069 2070
l 2070 2071
l 2071 2072
l 2072 2073
l 2073 2074
l 2074 2075
l 2075 2076
l 2076 2077
l 2077 2078
l 2078 2079
l 2079 2080
l 2080 2081
l 2081 2082
l 2082 2083
l 2083 2084
l 2084 2085
l 2085 2086
l 2086 2087
l 2087 2088
l 2088 2089
l 2089 2090
l 2090 2091
l 2091 2092
l 2092 2093
l 2093 2094
l 2094 2095
l 2095 2096
l 2096 2097
l 2097 2098
l 2098 2099
l 2099 2100
l 2100 2101
l 2101 2102
l 2102 2103
l 2103 2104
l 2104 2105
l 2105 2106
l 2106 2107
l 2107 2108
l 2108 2109
l 2109 2110
l 2110 2111
l 2111 2112
l 2112 2113
l 2113 2114
l 2114 2115
l 2115 2116
l 2116 2117
l 2117 2118
l 2118 2119
l 2119 2120
l 2120 2121
l 2121 2122
l 2122 2123
l 2123 2124
l 2124 2125
l 2125 2126
l 2126 2127
l 2127 2128
l 2128 2129
l 2129 2130
l 2130 2131
l 2131 2132
l 2132 2133
l 2133 2134
l 2134 2135
l 2135 2136
l 2136 2137
l 2137 2138
l 2138 2139
l 2139 2140
l 2140 2141
l 2141 2142
l 2142 2143
l 2143 2144
l 2144 2145
l 2145 2146
l 2146 2147
l 2147 2148
l 2148 2149
l 2149 2150
l 2150 2151
l 2151 2152
l 2152 2153
l 2153 2154
l 2154 2155
l 2155 2156
l 2156 2157
l 2157 2158
l 2158 2159
l 2159 2160
l 2160 2161
l 2161 2162
l 2162 2163
l 2163 2164
l 2164 2165
l 2165 2166
l 2166 2167
l 2167 2168
l 2168 2169
l 2169 2170
l 2170 2171
l 2171 2172
l 2172 2173
l 2173 2174
l 2174 2175
l 2175 2176
l 2176 2177
l 2177 2178
l 2178 2179
l 2179 2180
l 2180 2181
l 2181 2182
l 2182 2183
l 2183 2184
l 2184 2185
l 2185 2186
l 2186 2187
l 2187 2188
l 2188 2189
l 2189 2190
l 2190 2191
l 2191 2192
l 2192 2193
l 2193 2194
l 2194 2195
l 2195 2196
l 2196 2197
l 2197 2198
l 2198 2199
l 2199 2200
l 2200 2201
l 2201 2202
l 2202 2203
l 2203 2204
l 2204 2205
l 2205 2206
l 2206 2207
l 2207 2208
l 2208 2209
l 2209 2210
l 2210 2211
l 2211 2212
l 2212 2213
l 2213 2214
l 2214 2215
l 2215 2216
l 2216 2217
l 2217 2218
l 2218 2219
l 2219 2220
l 2220 2221
l 2221 2222
l 2222 2223
l 2223 2224
l 2224 2225
l 2225 2226
l 2226 2227
l 2227 2228
l 2228 2229
l 2229 2230
l 2230 2231
l 2231 2232
l 2232 2233
l 2233 2234
l 2234 2235
l 2235 2236
l 2236 2237
l 2237 2238
l 2238 2239
l 2239 2240
l 2240 2241
l 2241 2242
l 2242 2243
l 2243 2244
l 2244 2245
l 2245 2246
l 2246 2247
l 2247 2248
l 2248 2249
l 2249 2250
l 2250 2251
l 2251 2252
l 2252 2253
l 2253 2254
l 2254 2255
l 2255 2256
l 2256 2257
l 2257 2258
l 2258 2259
l 2259 2260
l 2260 2261
l 2261 2262
l 2262 2263
l 2263 2264
l 2264 2265
l 2265 2266
l 2266 2267
l 2267 2268
l 2268 2269
l 2269 2270
l 2270 2271
l 2271 2272
l 2272 2273
l 2273 2274
l 2274 2275
l 2275 2276
l 2276 2277
l 2277 2278
l 2278 2279
l 2279 2280
l 2280 2281
l 2281 2282
l 2282 2283
l 2283 2284
l 2284 2285
l 2285 2286
l 2286 2287
l 2287 2288
l 2288 2289
l 2289 2290
l 2290 2291
l 2291 2292
l 2292 2293
l 2293 2294
l 2294 2295
l 2295 2296
l 2296 2297
l 2297 2298
l 2298 2299
l 2299 2300
l 2300 2301
l 2301 2302
l 2302 2303
l 2303 2304
l 2304 2305
l 2305 2306
l 2306 2307
l 2307 2308
l 2308 2309
l 2309 2310
l 2310 2311
l 2311 2312
l 2312 2313
l 2313 2314
l 2314 2315
l 2315 2316
l 2316 2317
l 2317 2318
l 2318 2319
l 2319 2320
l 2320 2321
l 2321 2322
l 2322 2323
l 2323 2324
l 2324 2325
l 2325 2326
l 2326 2327
l 2327 2328
l 2328 2329
l 2329 2330
l 2330 2331
l 2331 2332
l 2332 2333
l 2333 2334
l 2334 2335
l 2335 2336
l 2336 2337
l 2337 2338
l 2338 2339
l 2339 2340
l 2340 2341
l 2341 2342
l 2342 2343
l 2343 2344
l 2344 2345
l 2345 2346
l 2346 2347
l 2347 2348
l 2348 2349
l 2349 2350
l 2350 2351
l 2351 2352
l 2352 2353
l 2353 2354
l 2354 2355
l 2355 2356
l 2356 2357
l 2357 2358
l 2358 2359
l 2359 2360
l 2360 2361
l 2361 2362
l 2362 2363
l 2363 2364
l 2364 2365
l 2365 2366
l 2366 2367
l 2367 2368
l 2368 2369
l 2369 2370
l 2370 2371
l 2371 2372
l 2372 2373
l 2373 2374
l 2374 2375
l 2375 2376
l 2376 2377
l 2377 2378
l 2378 2379
l 2379 2380
l 2380 2381
l 2381 2382
l 2382 2383
l 2383 2384
l 2384 2385
l 2385 2386
l 2386 2387
l 2387 2388
l 2388 2389
l 2389 2390
l 2390 2391
l 2391 2392
l 2392 2393
l 2393 2394
l 2394 2395
l 2395 2396
l 2396 2397
l 2397 2398
l 2398 2399
l 2399 2400
l 2400 2401
l 2401 2402
l 2402 2403
l 2403 2404
l 2404 2405
l 2405 2406
l 2406 2407
l 2407 2408
l 2408 2409
l 2409 2410
l 2410 2411
l 2411 2412
l 2412 2413
l 2413 2414
l 2414 2415
l 2415 2416
l 2416 2417
l 2417 2418
l 2418 2419
l 2419 2420
l 2420 2421
l 2421 2422
l 2422 2423
l 2423 2424
l 2424 2425
l 2425 2426
l 2426 2427
l 2427 2428
l 2428 2429
l 2429 2430
l 2430 2431
l 2431 2432
l 2432 2433
l 2433 2434
l 2434 2435
l 2435 2436
l 2436 2437
l 2437 2438
l 2438 2439
l 2439 2440
l 2440 2441
l 2441 2442
l 2442 2443
l 2443 2444
l 2444 2445
l 2445 2446
l 2446 2447
l 2447 2448
l 2448 2449
l 2449 2450
l 2450 2451
l 2451 2452
l 2452 2453
l 2453 2454
l 2454 2455
l 2455 2456
l 2456 2457
l 2457 2458
l 2458 2459
l 2459 2460
l 2460 2461
l 2461 2462
l 2462 2463
l 2463 2464
l 2464 2465
l 2465 2466
l 2466 2467
l 2467 2468
l 2468 2469
l 2469 2470
l 2470 2471
l 2471 2472
l 2472 2473
l 2473 2474
l 2474 2475
l 2475 2476
l 2476 2477
l 2477 2478
l 2478 2479
l 2479 2480
l 2480 2481
l 2481 2482
l 2482 2483
l 2483 2484
l 2484 2485
l 2485 2486
l 2486 2487
l 2487 2488
l 2488 2489
l 2489 2490
l 2490 2491
l 2491 2492
l 2492 2493
l 2493 2494
l 2494 2495
l 2495 2496
l 2496 2497
l 2497 2498
l 2498 2499
l 2499 2500
l 2500 2501
l 2501 2502
l 2502 2503
l 2503 2504
l 2504 2505
l 2505 2506
l 2506 2507
l 2507 2508
l 2508 2509
l 2509 2510
l 2510 2511
l 2511 2512
l 2512 2513
l 2513 2514
l 2514 2515
l 2515 2516
l 2516 2517
l 2517 2518
l 2518 2519
l 2519 2520
l 2520 2521
l 2521 2522
l 2522 2523
l 2523 2524
l 2524 2525
l 2525 2526
l 2526 2527
l 2527 2528
l 2528 2529
l 2529 2530
l 2530 2531
l 2531 2532
l 2532 2533
l 2533 2534
l 2534 2535
l 2535 2536
l 2536 2537
l 2537 2538
l 2538 2539
l 2539 2540
l 2540 2541
l 2541 2542
l 2542 2543
l 2543 2544
l 2544 2545
l 2545 2546
l 2546 2547
l 2547 2548
l 2548 2549
l 2549 2550
l 2550 2551
l 2551 2552
l 2552 2553
l 2553 2554
l 2554 2555
l 2555 2556
l 2556 2557
l 2557 2558
l 2558 2559
l 2559 2560
l 2560 2561
l 2561 2562
l 2562 2563
l 2563 2564
l 2564 2565
l 2565 2566
l 2566 2567
l 2567 2568
l 2568 2569
l 2569 2570
l 2570 2571
l 2571 2572
l 2572 2573
l 2573 2574
l 2574 2575
l 2575 2576
l 2576 2577
l 2577 2578
l 2578 2579
l 2579 2580
l 2580 2581
l 2581 2582
l 2582 2583
l 2583 2584
l 2584 2585
l 2585 2586
l 2586 2587
l 2587 2588
l 2588 2589
l 2589 2590
l 2590 2591
l 2591 2592
l 2592 2593
l 2593 2594
l 2594 2595
l 2595 2596
l 2596 2597
l 2597 2598
l 2598 2599
l 2599 2600
l 2600 2601
l 2601 2602
l 2602 2603
l 2603 2604
l 2604 2605
l 2605 2606
l 2606 2607
l 2607 2608
l 2608 2609
l 2609 2610
l 2610 2611
l 2611 2612
l 2612 2613
l 2613 2614
l 2614 2615
l 2615 2616
l 2616 2617
l 2617 2618
l 2618 2619
l 2619 2620
l 2620 2621
l 2621 2622
l 2622 2623
l 2623 2624
l 2624 2625
l 2625 2626
l 2626 2627
l 2627 2628
l 2628 2629
l 2629 2630
l 2630 2631
l 2631 2632
l 2632 2633
l 2633 2634
l 2634 2635
l 2635 2636
l 2636 2637
l 2637 2638
l 2638 2639
l 2639 2640
l 2640 2641
l 2641 2642
l 2642 2643
l 2643 2644
l 2644 2645
l 2645 2646
l 2646 2647
l 2647 2648
l 2648 2649
l 2649 2650
l 2650 2651
l 2651 2652
l 2652 2653
l 2653 2654
l 2654 2655
l 2655 2656
l 2656 2657
l 2657 2658
l 2658 2659
l 2659 2660
l 2660 2661
l 2661 2662
l 2662 2663
l 2663 2664
l 2664 2665
l 2665 2666
l 2666 2667
l 2667 2668
l 2668 2669
l 2669 2670
l 2670 2671
l 2671 2672
l 2672 2673
l 2673 2674
l 2674 2675
l 2675 2676
l 2676 2677
l 2677 2678
l 2678 2679
l 2679 2680
l 2680 2681
l 2681 2682
l 2682 2683
l 2683 2684
l 2684 2685
l 2685 2686
l 2686 2687
l 2687 2688
l 2688 2689
l 2689 2690
l 2690 2691
l 2691 2692
l 2692 2693
l 2693 2694
l 2694 2695
l 2695 2696
l 2696 2697
l 2697 2698
l 2698 2699
l 2699 2700
l 2700 2701
l 2701 2702
l 2702 2703
l 2703 2704
l 2704 2705
l 2705 2706
l 2706 2707
l 2707 2708
l 2708 2709
l 2709 2710
l 2710 2711
l 2711 2712
l 2712 2713
l 2713 2714
l 2714 2715
l 2715 2716
l 2716 2717
l 2717 2718
l 2718 2719
l 2719 2720
l 2720 2721
l 2721 2722
l 2722 2723
l 2723 2724
l 2724 2725
l 2725 2726
l 2726 2727
l 2727 2728
l 2728 2729
l 2729 2730
l 2730 2731
l 2731 2732
l 2732 2733
l 2733 2734
l 2734 2735
l 2735 2736
l 2736 2737
l 2737 2738
l 2738 2739
l 2739 2740
l 2740 2741
l 2741 2742
l 2742 2743
l 2743 2744
l 2744 2745
l 2745 2746
l 2746 2747
l 2747 2748
l 2748 2749
l 2749 2750
l 2750 2751
l 2751 2752
l 2752 2753
l 2753 2754
l 2754 2755
l 2755 2756
l 2756 2757
l 2757 2758
l 2758 2759
l 2759 2760
l 2760 2761
l 2761 2762
l 2762 2763
l 2763 2764
l 2764 2765
l 2765 2766
l 2766 2767
l 2767 2768
l 2768 2769
l 2769 2770
l 2770 2771
l 2771 2772
l 2772 2773
l 2773 2774
l 2774 2775
l 2775 2776
l 2776 2777
l 2777 2778
l 2778 2779
l 2779 2780
l 2780 2781
l 2781 2782
l 2782 2783
l 2783 2784
l 2784 2785
l 2785 2786
l 2786 2787
l 2787 2788
l 2788 2789
l 2789 2790
l 2790 2791
l 2791 2792
l 2792 2793
l 2793 2794
l 2794 2795
l 2795 2796
l 2796 2797
l 2797 2798
l 2798 2799
l 2799 2800
l 2800 2801
l 2801 2802
l 2802 2803
l 2803 2804
l 2804 2805
l 2805 2806
l 2806 2807
l 2807 2808
l 2808 2809
l 2809 2810
l 2810 2811
l 2811 2812
l 2812 2813
l 2813 2814
l 2814 2815
l 2815 2816
l 2816 2817
l 2817 2818
l 2818 2819
l 2819 2820
l 2820 2821
l 2821 2822
l 2822 2823
l 2823 2824
l 2824 2825
l 2825 2826
l 2826 2827
l 2827 2828
l 2828 2829
l 2829 2830
l 2830 2831
l 2831 2832
l 2832 2833
l 2833 2834
l 2834 2835
l 2835 2836
l 2836 2837
l 2837 2838
l 2838 2839
l 2839 2840
l 2840 2841
l 2841 2842
l 2842 2843
l 2843 2844
l 2844 2845
l 2845 2846
l 2846 2847
l 2847 2848
l 2848 2849
l 2849 2850
l 2850 2851
l 2851 2852
l 2852 2853
l 2853 2854
l 2854 2855
l 2855 2856
l 2856 2857
l 2857 2858
l 2858 2859
l 2859 2860
l 2860 2861
l 2861 2862
l 2862 2863
l 2863 2864
l 2864 2865
l 2865 2866
l 2866 2867
l 2867 2868
l 2868 2869
l 2869 2870
l 2870 2871
l 2871 2872
l 2872 2873
l 2873 2874
l 2874 2875
l 2875 2876
l 2876 2877
l 2877 2878
l 2878 2879
l 2879 2880
l 2880 2881
l 2881 2882
l 2882 2883
l 2883 2884
l 2884 2885
l 2885 2886
l 2886 2887
l 2887 2888
l 2888 2889
l 2889 2890
l 2890 2891
l 2891 2892
l 2892 2893
l 2893 2894
l 2894 2895
l 2895 2896
l 2896 2897
l 2897 2898
l 2898 2899
l 2899 2900
l 2900 2901
l 2901 2902
l 2902 2903
l 2903 2904
l 2904 2905
l 2905 2906
l 2906 2907
l 2907 2908
l 2908 2909
l 2909 2910
l 2910 2911
l 2911 2912
l 2912 2913
l 2913 2914
l 2914 2915
l 2915 2916
l 2916 2917
l 2917 2918
l 2918 2919
l 2919 2920
l 2920 2921
l 2921 2922
l 2922 2923
l 2923 2924
l 2924 2925
l 2925 2926
l 2926 2927
l 2927 2928
l 2928 2929
l 2929 2930
l 2930 2931
l 2931 2932
l 2932 2933
l 2933 2934
l 2934 2935
l 2935 2936
l 2936 2937
l 2937 2938
l 2938 2939
l 2939 2940
l 2940 2941
l 2941 2942
l 2942 2943
l 2943 2944
l 2944 2945
l 2945 2946
l 2946 2947
l 2947 2948
l 2948 2949
l 2949 2950
l 2950 2951
l 2951 2952
l 2952 2953
l 2953 2954
l 2954 2955
l 2955 2956
l 2956 2957
l 2957 2958
l 2958 2959
l 2959 2960
l 2960 2961
l 2961 2962
l 2962 2963
l 2963 2964
l 2964 2965
l 2965 2966
l 2966 2967
l 2967 2968
l 2968 2969
l 2969 2970
l 2970 2971
l 2971 2972
l 2972 2973
l 2973 2974
l 2974 2975
l 2975 2976
l 2976 2977
l 2977 2978
l 2978 2979
l 2979 2980
l 2980 2981
l 2981 2982
l 2982 2983
l 2983 2984
l 2984 2985
l 2985 2986
l 2986 2987
l 2987 2988
l 2988 2989
l 2989 2990
l 2990 2991
l 2991 2992
l 2992 2993
l 2993 2994
l 2994 2995
l 2995 2996
l 2996 2997
l 2997 2998
l 2998 2999
l 2999 3000
l 3000 3001
l 3001 3002
l 3002 3003
l 3003 3004
l 3004 3005
l 3005 3006
l 3006 3007
l 3007 3008
l 3008 3009
l 3009 3010
l 3010 3011
l 3011 3012
l 3012 3013
l 3013 3014
l 3014 3015
l 3015 3016
l 3016 3017
l 3017 3018
l 3018 3019
l 3019 3020
l 3020 3021
l 3021 3022
l 3022 3023
l 3023 3024
l 3024 3025
l 3025 3026
l 3026 3027
l 3027 3028
l 3028 3029
l 3029 3030
l 3030 3031
l 3031 3032
l 3032 3033
l 3033 3034
l 3034 3035
l 3035 3036
l 3036 3037
l 3037 3038
l 3038 3039
l 3039 3040
l 3040 3041
l 3041 3042
l 3042 3043
l 3043 3044
l 3044 3045
l 3045 3046
l 3046 3047
l 3047 3048
l 3048 3049
l 3049 3050
l 3050 3051
l 3051 3052
l 3052 3053
l 3053 3054
l 3054 3055
l 3055 3056
l 3056 3057
l 3057 3058
l 3058 3059
l 3059 3060
l 3060 3061
l 3061 3062
l 3062 3063
l 3063 3064
l 3064 3065
l 3065 3066
l 3066 3067
l 3067 3068
l 3068 3069
l 3069 3070
l 3070 3071
l 3071 3072
l 3072 3073
l 3073 3074
l 3074 3075
l 3075 3076
l 3076 3077
l 3077 3078
l 3078 3079
l 3079 3080
l 3080 3081
l 3081 3082
l 3082 3083
l 3083 3084
l 3084 3085
l 3085 3086
l 3086 3087
l 3087 3088
l 3088 3089
l 3089 3090
l 3090 3091
l 3091 3092
l 3092 3093
l 3093 3094
l 3094 3095
l 3095 3096
l 3096 3097
l 3097 3098
l 3098 3099
l 3099 3100
l 3100 3101
l 3101 3102
l 3102 3103
l 3103 3104
l 3104 3105
l 3105 3106
l 3106 3107
l 3107 3108
l 3108 3109
l 3109 3110
l 3110 3111
l 3111 3112
l 3112 3113
l 3113 3114
l 3114 3115
l 3115 3116
l 3116 3117
l 3117 3118
l 3118 3119
l 3119 3120
l 3120 3121
l 3121 3122
l 3122 3123
l 3123 3124
l 3124 3125
l 3125 3126
l 3126 3127
l 3127 3128
l 3128 3129
l 3129 3130
l 3130 3131
l 3131 3132
l 3132 3133
l 3133 3134
l 3134 3135
l 3135 3136
l 3136 3137
l 3137 3138
l 3138 3139
l 3139 3140
l 3140 3141
l 3141 3142
l 3142 3143
l 3143 3144
l 3144 3145
l 3145 3146
l 3146 3147
l 3147 3148
l 3148 3149
l 3149 3150
l 3150 3151
l 3151 3152
l 3152 3153
l 3153 3154
l 3154 3155
l 3155 3156
l 3156 3157
l 3157 3158
l 3158 3159
l 3159 3160
l 3160 3161
l 3161 3162
l 3162 3163
l 3163 3164
l 3164 3165
l 3165 3166
l 3166 3167
l 3167 3168
l 3168 3169
l 3169 3170
l 3170 3171
l 3171 3172
l 3172 3173
l 3173 3174
l 3174 3175
l 3175 3176
l 3176 3177
l 3177 3178
l 3178 3179
l 3179 3180
l 3180 3181
l 3181 3182
l 3182 3183
l 3183 3184
l 3184 3185
l 3185 3186
l 3186 3187
l 3187 3188
l 3188 3189
l 3189 3190
l 3190 3191
l 3191 3192
l 3192 3193
l 3193 3194
l 3194 3195
l 3195 3196
l 3196 3197
l 3197 3198
l 3198 3199
l 3199 3200
l 3200 3201
l 3201 3202
l 3202 3203
l 3203 3204
l 3204 3205
l 3205 3206
l 3206 3207
l 3207 3208
l 3208 3209
l 3209 3210
l 3210 3211
l 3211 3212
l 3212 3213
l 3213 3214
l 3214 3215
l 3215 3216
l 3216 3217
l 3217 3218
l 3218 3219
l 3219 3220
l 3220 3221
l 3221 3222
l 3222 3223
l 3223 3224
l 3224 3225
l 3225 3226
l 3226 3227
l 3227 3228
l 3228 3229
l 3229 3230
l 3230 3231
l 3231 3232
l 3232 3233
l 3233 3234
l 3234 3235
l 3235 3236
l 3236 3237
l 3237 3238
l 3238 3239
l 3239 3240
l 3240 3241
l 3241 3242
l 3242 3243
l 3243 3244
l 3244 3245
l 3245 3246
l 3246 3247
l 3247 3248
l 3248 3249
l 3249 3250
l 3250 3251
l 3251 3252
l 3252 3253
l 3253 3254
l 3254 3255
l 3255 3256
l 3256 3257
l 3257 3258
l 3258 3259
l 3259 3260
l 3260 3261
l 3261 3262
l 3262 3263
l 3263 3264
l 3264 3265
l 3265 3266
l 3266 3267
l 3267 3268
l 3268 3269
l 3269 3270
l 3270 3271
l 3271 3272
l 3272 3273
l 3273 3274
l 3274 3275
l 3275 3276
l 3276 3277
l 3277 3278
l 3278 3279
l 3279 3280
l 3280 3281
l 3281 3282
l 3282 3283
l 3283 3284
l 3284 3285
l 3285 3286
l 3286 3287
l 3287 3288
l 3288 3289
l 3289 3290
l 3290 3291
l 3291 3292
l 3292 3293
l 3293 3294
l 3294 3295
l 3295 3296
l 3296 3297
l 3297 3298
l 3298 3299
l 3299 3300
l 3300 3301
l 3301 3302
l 3302 3303
l 3303 3304
l 3304 3305
l 3305 3306
l 3306 3307
l 3307 3308
l 3308 3309
l 3309 3310
l 3310 3311
l 3311 3312
l 3312 3313
l 3313 3314
l 3314 3315
l 3315 3316
l 3316 3317
l 3317 3318
l 3318 3319
l 3319 3320
l 3320 3321
l 3321 3322
l 3322 3323
l 3323 3324
l 3324 3325
l 3325 3326
l 3326 3327
l 3327 3328
l 3328 3329
l 3329 3330
l 3330 3331
l 3331 3332
l 3332 3333
l 3333 3334
l 3334 3335
l 3335 3336
l 3336 3337
l 3337 3338
l 3338 3339
l 3339 3340
l 3340 3341
l 3341 3342
l 3342 3343
l 3343 3344
l 3344 3345
l 3345 3346
l 3346 3347
l 3347 3348
l 3348 3349
l 3349 3350
l 3350 3351
l 3351 3352
l 3352 3353
l 3353 3354
l 3354 3355
l 3355 3356
l 3356 3357
l 3357 3358
l 3358 3359
l 3359 3360
l 3360 3361
l 3361 3362
l 3362 3363
l 3363 3364
l 3364 3365
l 3365 3366
l 3366 3367
l 3367 3368
l 3368 3369
l 3369 3370
l 3370 3371
l 3371 3372
l 3372 3373
l 3373 3374
l 3374 3375
l 3375 3376
l 3376 3377
l 3377 3378
l 3378 3379
l 3379 3380
l 3380 3381
l 3381 3382
l 3382 3383
l 3383 3384
l 3384 3385
l 3385 3386
l 3386 3387
l 3387 3388
l 3388 3389
l 3389 3390
l 3390 3391
l 3391 3392
l 3392 3393
l 3393 3394
l 3394 3395
l 3395 3396
l 3396 3397
l 3397 3398
l 3398 3399
l 3399 3400
l 3400 3401
l 3401 3402
l 3402 3403
l 3403 3404
l 3404 3405
l 3405 3406
l 3406 3407
l 3407 3408
l 3408 3409
l 3409 3410
l 3410 3411
l 3411 3412
l 3412 3413
l 3413 3414
l 3414 3415
l 3415 3416
l 3416 3417
l 3417 3418
l 3418 3419
l 3419 3420
l 3420 3421
l 3421 3422
l 3422 3423
l 3423 3424
l 3424 3425
l 3425 3426
l 3426 3427
l 3427 3428
l 3428 3429
l 3429 3430
l 3430 3431
l 3431 3432
l 3432 3433
l 3433 3434
l 3434 3435
l 3435 3436
l 3436 3437
l 3437 3438
l 3438 3439
l 3439 3440
l 3440 3441
l 3441 3442
l 3442 3443
l 3443 3444
l 3444 3445
l 3445 3446
l 3446 3447
l 3447 3448
l 3448 3449
l 3449 3450
l 3450 3451
l 3451 3452
l 3452 3453
l 3453 3454
l 3454 3455
l 3455 3456
l 3456 3457
l 3457 3458
l 3458 3459
l 3459 3460
l 3460 3461
l 3461 3462
l 3462 3463
l 3463 3464
l 3464 3465
l 3465 3466
l 3466 3467
l 3467 3468
l 3468 3469
l 3469 3470
l 3470 3471
l 3471 3472
l 3472 3473
l 3473 3474
l 3474 3475
l 3475 3476
l 3476 3477
l 3477 3478
l 3478 3479
l 3479 3480
l 3480 3481
l 3481 3482
l 3482 3483
l 3483 3484
l 3484 3485
l 3485 3486
l 3486 3487
l 3487 3488
l 3488 3489
l 3489 3490
l 3490 3491
l 3491 3492
l 3492 3493
l 3493 3494
l 3494 3495
l 3495 3496
l 3496 3497
l 3497 3498
l 3498 3499
l 3499 3500
l 3500 3501
l 3501 3502
l 3502 3503
l 3503 3504
l 3504 3505
l 3505 3506
l 3506 3507
l 3507 3508
l 3508 3509
l 3509 3510
l 3510 3511
l 3511 3512
l 3512 3513
l 3513 3514
l 3514 3515
l 3515 3516
l 3516 3517
l 3517 3518
l 3518 3519
l 3519 3520
l 3520 3521
l 3521 3522
l 3522 3523
l 3523 3524
l 3524 3525
l 3525 3526
l 3526 3527
l 3527 3528
l 3528 3529
l 3529 3530
l 3530 3531
l 3531 3532
l 3532 3533
l 3533 3534
l 3534 3535
l 3535 3536
l 3536 3537
l 3537 3538
l 3538 3539
l 3539 3540
l 3540 3541
l 3541 3542
l 3542 3543
l 3543 3544
l 3544 3545
l 3545 3546
l 3546 3547
l 3547 3548
l 3548 3549
l 3549 3550
l 3550 3551
l 3551 3552
l 3552 3553
l 3553 3554
l 3554 3555
l 3555 3556
l 3556 3557
l 3557 3558
l 3558 3559
l 3559 3560
l 3560 3561
l 3561 3562
l 3562 3563
l 3563 3564
l 3564 3565
l 3565 3566
l 3566 3567
l 3567 3568
l 3568 3569
l 3569 3570
l 3570 3571
l 3571 3572
l 3572 3573
l 3573 3574
l 3574 3575
l 3575 3576
l 3576 3577
l 3577 3578
l 3578 3579
l 3579 3580
l 3580 3581
l 3581 3582
l 3582 3583
l 3583 3584
l 3584 3585
l 3585 3586
l 3586 3587
l 3587 3588
l 3588 3589
l 3589 3590
l 3590 3591
l 3591 3592
l 3592 3593
l 3593 3594
l 3594 3595
l 3595 3596
l 3596 3597
l 3597 3598
l 3598 3599
l 3599 3600
l 3600 3601
o B
v -0.427132656 0.000000000 -0.298531070
v -0.458688289 -0.006376436 -0.306956374
v -0.488013893 -0.014763275 -0.320035228
v -0.517027235 -0.026529385 -0.331274581
v -0.544535674 -0.043307990 -0.339406570
v -0.565455831 -0.065454677 -0.351586632
v -0.579766162 -0.093187488 -0.360963701
v -0.586223938 -0.125700925 -0.362309176
v -0.584013801 -0.158816560 -0.360851608
v -0.575392033 -0.190717060 -0.357059142
v -0.562184448 -0.220933037 -0.352559302
v -0.545536485 -0.249531388 -0.348952093
v -0.526190722 -0.276575165 -0.347382232
v -0.504873914 -0.302150118 -0.346757598
v -0.482115547 -0.326457599 -0.346763928
v -0.458304055 -0.349695129 -0.348186482
v -0.433968385 -0.372295833 -0.350670465
v -0.409811125 -0.395022264 -0.353689573
v -0.386920421 -0.419009846 -0.356722603
v -0.367125126 -0.445616354 -0.359375556
v -0.352871148 -0.475556704 -0.361596510
v -0.346121160 -0.507073872 -0.357071979
v -0.344975791 -0.538862964 -0.348659932
v -0.348472315 -0.571256709 -0.352447359
v -0.355239816 -0.602673345 -0.358514544
v -0.362315948 -0.631762619 -0.345745872
v -0.368712729 -0.657584632 -0.325715805
v -0.377094166 -0.686640189 -0.311910275
v -0.385099086 -0.714713688 -0.295895718
v -0.392106991 -0.741452030 -0.277329518
v -0.397612802 -0.766725901 -0.256364041
v -0.401789826 -0.791534130 -0.234847083
v -0.407419341 -0.820797887 -0.219983981
v -0.409285302 -0.846208314 -0.199992460
v -0.402794996 -0.858988397 -0.170647050
v -0.390401993 -0.863041808 -0.140160762
v -0.378066018 -0.879081060 -0.113829712
v -0.362395527 -0.896771462 -0.090495253
v -0.346329672 -0.920049201 -0.072985866
v -0.325297883 -0.940416876 -0.057661865
v -0.297150326 -0.951990073 -0.044281487
v -0.266725665 -0.961989667 -0.035249941
v -0.234838629 -0.969863445 -0.029976650
v -0.201817499 -0.973151503 -0.027569318
v -0.168525641 -0.972936314 -0.027408439
v -0.135300022 -0.971342672 -0.029001186
v -0.102155597 -0.970455788 -0.032081468
v -0.069174373 -0.971684092 -0.036488660
v -0.036313675 -0.972865849 -0.041767344
v -0.003514313 -0.972837727 -0.047541604
v 0.029215050 -0.972090555 -0.053661179
v 0.061891154 -0.970749638 -0.059961765
v 0.094536065 -0.968773628 -0.066256373
v 0.127171314 -0.966112949 -0.072344156
v 0.159814696 -0.962702190 -0.077996694
v 0.192477232 -0.958464409 -0.082928960
v 0.225155240 -0.953348826 -0.086804470
v 0.257818033 -0.947324404 -0.089205311
v 0.290382781 -0.940388316 -0.089588020
v 0.322668015 -0.932597293 -0.087280975
v 0.354329585 -0.924088857 -0.081541249
v 0.384768451 -0.915062864 -0.071586576
v 0.413105147 -0.905760447 -0.056860390
v 0.438485714 -0.896584868 -0.037417659
v 0.456110729 -0.881698259 -0.014456935
v 0.465217166 -0.860164142 0.009122676
v 0.478275252 -0.848459533 0.037347277
v 0.489195329 -0.839379995 0.067049894
v 0.502517768 -0.841829287 0.097404434
v 0.508560716 -0.833705005 0.127957232
v 0.504739464 -0.812188261 0.152345967
v 0.498078289 -0.788103186 0.174353335
v 0.493227431 -0.767779702 0.200055867
v 0.487797421 -0.747448485 0.225821813
v 0.480877615 -0.725316842 0.249671108
v 0.472831447 -0.701404743 0.271355612
v 0.464078058 -0.675729259 0.290626278
v 0.457771562 -0.652940103 0.313622721
v 0.452314010 -0.629865286 0.336276946
v 0.444353017 -0.599258828 0.346018715
v 0.437249656 -0.567844517 0.339275943
v 0.435827117 -0.535099873 0.343188181
v 0.440799396 -0.503617658 0.352283804
v 0.451242619 -0.474094536 0.363261941
v 0.466892475 -0.444770587 0.364106017
v 0.486187914 -0.417640903 0.364182021
v 0.507416039 -0.391981949 0.364178432
v 0.529444581 -0.367002498 0.364121012
v 0.551530473 -0.342073821 0.363978338
v 0.573147811 -0.316739928 0.363718870
v 0.593871994 -0.290673699 0.363331047
v 0.613294653 -0.263627893 0.362829388
v 0.630999733 -0.235432134 0.362260513
v 0.646489590 -0.205964963 0.361703419
v 0.659129252 -0.175170969 0.361272834
v 0.668044385 -0.143106803 0.361118347
v 0.672028133 -0.110084039 0.361401933
v 0.669504857 -0.076957022 0.362215540
v 0.658887288 -0.045526662 0.363379284
v 0.639759636 -0.018427634 0.364186019
v 0.616319009 0.001293732 0.352954675
v 0.587821147 0.016576587 0.346685163
v 0.557577656 0.026076818 0.355356721
v 0.526106399 0.033064829 0.347628631
v 0.495114512 0.037800530 0.336434408
v 0.465075768 0.041523183 0.322585035
v 0.440035859 0.045447490 0.301730427
v 0.414954231 0.050624193 0.282021226
v 0.387098938 0.057909635 0.268388347
v 0.371039743 0.072732582 0.244378930
v 0.352441159 0.096460812 0.230729782
v 0.338179156 0.125991974 0.225505832
v 0.325551907 0.156779657 0.226124488
v 0.311990897 0.186931084 0.230052866
v 0.296332807 0.215793893 0.235554918
v 0.277966593 0.242963374 0.241271499
v 0.256316164 0.267819060 0.245810967
v 0.230721611 0.288962195 0.247197736
v 0.201271045 0.303160115 0.242112244
v 0.172067339 0.305981414 0.227109880
v 0.153287053 0.305389609 0.200652822
v 0.134544070 0.289212268 0.179628087
v 0.124898505 0.284267449 0.148802866
v 0.113380467 0.272979962 0.121268238
v 0.102154217 0.266699233 0.092227473
v 0.088375827 0.269725104 0.064206837
v 0.062361607 0.274088711 0.044669455
v 0.029998015 0.278858891 0.039520184
v -0.003087030 0.280785590 0.042354717
v -0.035845571 0.279257870 0.048063247
v -0.068214130 0.274033060 0.053792817
v -0.099967441 0.264618890 0.056763186
v -0.127821739 0.247690089 0.052688576
v -0.147755682 0.229739154 0.033976780
v -0.161794894 0.225013953 0.005909366
v -0.167582807 0.219228692 -0.024332658
v -0.172626986 0.215806801 -0.056014368
v -0.182127675 0.215722604 -0.087827667
v -0.197741224 0.214491982 -0.116976531
v -0.223009930 0.209111694 -0.135761886
v -0.245813865 0.187278405 -0.145289805
v -0.262915115 0.158835184 -0.146037827
v -0.274773487 0.127933179 -0.142672269
v -0.283172022 0.096121288 -0.137567853
v -0.289621644 0.063826082 -0.132638002
v -0.294349702 0.030937608 -0.131093205
v -0.298830540 -0.001062241 -0.138280844
v -0.306658755 -0.026067880 -0.158300560
v -0.325253876 -0.041949871 -0.179488774
v -0.333910858 -0.051674921 -0.209470738
v -0.352559383 -0.061266868 -0.235329094
v -0.373410939 -0.071544537 -0.259072699
v -0.400358771 -0.085091607 -0.272516092
v -0.414326154 -0.099548082 -0.297817290
v -0.435740804 -0.122761948 -0.305576051
v -0.446878993 -0.152749508 -0.312668253
v -0.445185207 -0.185366180 -0.318207946
v -0.433778991 -0.216394711 -0.321408612
v -0.415979775 -0.244430346 -0.323250951
v -0.394146584 -0.269539552 -0.323945900
v -0.369776229 -0.292215441 -0.323404816
v -0.343890751 -0.313082357 -0.321572651
v -0.317162901 -0.332759302 -0.318824934
v -0.290351921 -0.352158095 -0.315327090
v -0.265562109 -0.373410108 -0.308797652
v -0.240520825 -0.395163371 -0.307688348
v -0.218180683 -0.419104438 -0.313179688
v -0.202047860 -0.441405760 -0.331393891
v -0.195513847 -0.472536458 -0.338989133
v -0.195011917 -0.504968437 -0.338190679
v -0.196710810 -0.537602271 -0.344516545
v -0.200249066 -0.570503820 -0.348172614
v -0.204599442 -0.603504190 -0.348559046
v -0.208842836 -0.636419050 -0.346045135
v -0.212344585 -0.669075136 -0.340653436
v -0.214342243 -0.701224932 -0.332287998
v -0.214085627 -0.732596214 -0.321171125
v -0.212271389 -0.765243700 -0.317103880
v -0.207546489 -0.797059258 -0.311965997
v -0.196744270 -0.823343145 -0.294944809
v -0.180305950 -0.837500456 -0.269900479
v -0.158438909 -0.854080163 -0.251807513
v -0.131883783 -0.870318844 -0.240151632
v -0.101894810 -0.882296220 -0.232205313
v -0.069999501 -0.890859926 -0.228146561
v -0.037204124 -0.896501642 -0.227419353
v -0.004109782 -0.899624544 -0.229238388
v 0.028974029 -0.900419239 -0.232903667
v 0.061875370 -0.898926986 -0.237804596
v 0.094489606 -0.895184486 -0.243379051
v 0.126732565 -0.889198147 -0.249155560
v 0.158516428 -0.880973031 -0.254718730
v 0.189773418 -0.870643182 -0.259728897
v 0.220511810 -0.858629423 -0.264193749
v 0.250829486 -0.845475884 -0.268297874
v 0.280491178 -0.830571400 -0.270872447
v 0.309450232 -0.814150378 -0.271601413
v 0.337906280 -0.796874489 -0.270687049
v 0.366234725 -0.779507778 -0.268443812
v 0.394913945 -0.762902138 -0.265161448
v 0.424383594 -0.748005617 -0.260887204
v 0.454836582 -0.735817726 -0.255225933
v 0.485633659 -0.726621007 -0.246615523
v 0.516906656 -0.723084579 -0.236665514
v 0.548949255 -0.729296261 -0.230408170
v 0.576436400 -0.731938911 -0.212346098
v 0.598851124 -0.733155424 -0.188021036
v 0.608635064 -0.725301132 -0.157506182
v 0.620698699 -0.721774695 -0.126968083
v 0.639078814 -0.728278801 -0.100576063
v 0.657663690 -0.737353344 -0.074549880
v 0.668957865 -0.739111916 -0.044062920
v 0.671743871 -0.732421292 -0.012213001
v 0.669689823 -0.721118375 0.019010489
v 0.666368121 -0.708693105 0.049610809
v 0.672908448 -0.706726965 0.082208574
v 0.677914388 -0.702832068 0.114878209
v 0.673857869 -0.689022080 0.142515987
v 0.662753619 -0.667042053 0.164835224
v 0.654935082 -0.646334517 0.189188671
v 0.652007056 -0.628104908 0.216193066
v 0.657249091 -0.617497720 0.247323784
v 0.653370664 -0.592435146 0.268380853
v 0.649214818 -0.562928995 0.282588886
v 0.644177513 -0.530125463 0.284524219
v 0.648452388 -0.498270324 0.292223896
v 0.658286754 -0.467188059 0.298864668
v 0.671797093 -0.437112082 0.303433116
v 0.688100521 -0.408340044 0.307312799
v 0.706063264 -0.380500796 0.310687595
v 0.724753346 -0.353059556 0.313300208
v 0.743392497 -0.325498100 0.314713286
v 0.761309871 -0.297431146 0.314498823
v 0.777910232 -0.268644414 0.312401702
v 0.793117816 -0.239199262 0.309110739
v 0.807066918 -0.209175946 0.305510927
v 0.819033992 -0.178426029 0.301044194
v 0.828720648 -0.146983164 0.295924486
v 0.835975325 -0.114924494 0.290606705
v 0.840688917 -0.082339776 0.285646147
v 0.842738665 -0.049347157 0.281685332
v 0.841911230 -0.016145849 0.279445565
v 0.837812798 0.016876733 0.279701967
v 0.829805268 0.048970370 0.283186135
v 0.817032468 0.078842592 0.290215842
v 0.798939748 0.104693472 0.300510090
v 0.783866294 0.124226407 0.322579416
v 0.758859710 0.138845911 0.338002014
v 0.728396270 0.147706042 0.344037299
v 0.696435789 0.152034573 0.338144696
v 0.664152132 0.154824641 0.345351741
v 0.634130327 0.155184840 0.359628394
v 0.602672138 0.153935453 0.357918940
v 0.571301773 0.152040239 0.347414665
v 0.538398406 0.149492720 0.351815739
v 0.506175183 0.147645309 0.347154549
v 0.480615741 0.148971656 0.326122746
v 0.448143089 0.151071702 0.323627113
v 0.419054010 0.159977137 0.311409798
v 0.399311743 0.178588642 0.292835503
v 0.377736218 0.203200227 0.287185445
v 0.357598743 0.229545765 0.289154711
v 0.337963963 0.255760120 0.295163828
v 0.320048451 0.283579854 0.298864302
v 0.301370032 0.310962250 0.302080655
v 0.281185923 0.337373261 0.303994347
v 0.258675657 0.361889187 0.304373991
v 0.233029570 0.383039781 0.303202217
v 0.203777875 0.398487502 0.300210888
v 0.171786364 0.404606064 0.294223808
v 0.141222866 0.397553115 0.284849183
v 0.117096192 0.378829857 0.274590646
v 0.102242810 0.367416112 0.247629240
v 0.087814274 0.342940852 0.230769400
v 0.077092375 0.325476048 0.204530309
v 0.066713980 0.310264257 0.176794358
v 0.055752945 0.305367781 0.146377168
v 0.036491787 0.291512769 0.124767100
v 0.009162706 0.294975351 0.107254271
v -0.023819303 0.293130289 0.104044913
v -0.056753514 0.289613643 0.107274136
v -0.088971306 0.283324597 0.112820848
v -0.120328470 0.273590514 0.118281312
v -0.150342012 0.259598388 0.121310500
v -0.177219839 0.240525095 0.117947390
v -0.195804612 0.218601899 0.102021561
v -0.198734468 0.197978510 0.077628141
v -0.202647543 0.189473201 0.047732069
v -0.202905396 0.181047956 0.015951632
v -0.208389742 0.176688655 -0.016312268
v -0.219963958 0.172005846 -0.045889973
v -0.231410628 0.154969157 -0.070787236
v -0.249195893 0.129537523 -0.081741432
v -0.262690374 0.099206852 -0.081390665
v -0.272221339 0.067748878 -0.076167419
v -0.278716100 0.035746559 -0.069675468
v -0.282119319 0.003017795 -0.064698614
v -0.282198502 -0.030188655 -0.065043434
v -0.280380673 -0.060744732 -0.077260678
v -0.275553557 -0.079429215 -0.103321098
v -0.281955054 -0.092656102 -0.133117651
v -0.292282194 -0.103454367 -0.162865971
v -0.305074231 -0.114825152 -0.191422224
v -0.321163111 -0.129739901 -0.215541095
v -0.335463512 -0.149499345 -0.236149803
v -0.337489479 -0.172641249 -0.258381510
v -0.333130126 -0.203613527 -0.268911042
v -0.318233290 -0.233104151 -0.271673561
v -0.297131124 -0.258729965 -0.269837923
v -0.272547816 -0.280764657 -0.265629957
v -0.245819773 -0.299912264 -0.260393825
v -0.217638042 -0.316858204 -0.255155502
v -0.188452075 -0.332344987 -0.251008769
v -0.158827311 -0.347451184 -0.249502349
v -0.130259301 -0.364050147 -0.253073190
v -0.106705849 -0.384576212 -0.264088682
v -0.091583622 -0.403988377 -0.285098354
v -0.083952583 -0.429336503 -0.303403517
v -0.081076710 -0.461214747 -0.310597405
v -0.078457648 -0.486496261 -0.331920850
v -0.077215585 -0.517579002 -0.339335825
v -0.075407881 -0.549280295 -0.344803638
v -0.072162789 -0.578417444 -0.360319392
v -0.067139305 -0.610140650 -0.356394598
v -0.058612226 -0.640499171 -0.348514902
v -0.045443287 -0.670270959 -0.353144523
v -0.027591682 -0.696897766 -0.358954935
v -0.002649088 -0.718391490 -0.354696922
v 0.027141114 -0.732463099 -0.350576806
v 0.059559139 -0.738923057 -0.347140713
v 0.092717736 -0.738853781 -0.344522665
v 0.125532638 -0.733666737 -0.342593875
v 0.157520058 -0.724559060 -0.341185383
v 0.188501855 -0.712407502 -0.340175568
v 0.218457427 -0.697882311 -0.339495221
v 0.247447965 -0.681501153 -0.339118583
v 0.275572200 -0.663666386 -0.339050123
v 0.302960219 -0.644719949 -0.339308185
v 0.329789020 -0.624995422 -0.339903158
v 0.356282060 -0.604832100 -0.340797912
v 0.382701101 -0.584564382 -0.341500114
v 0.409454807 -0.564731859 -0.341738485
v 0.437090014 -0.546159413 -0.341325192
v 0.466191168 -0.530062884 -0.339909296
v 0.497054881 -0.518024354 -0.336896294
v 0.529195471 -0.511408803 -0.331521560
v 0.561369331 -0.510414092 -0.323151670
v 0.593416632 -0.515958947 -0.319399267
v 0.624718618 -0.525391899 -0.315881524
v 0.648941230 -0.531431214 -0.295572776
v 0.666064870 -0.534001779 -0.267126347
v 0.689096023 -0.541852911 -0.244758738
v 0.715752095 -0.554014800 -0.228941510
v 0.740590916 -0.565329379 -0.209855672
v 0.752917250 -0.567228361 -0.179887686
v 0.761445808 -0.566065236 -0.147775356
v 0.770893037 -0.564990281 -0.115994127
v 0.782795397 -0.564715725 -0.084927325
v 0.792786874 -0.561837346 -0.053319421
v 0.801082453 -0.556113371 -0.021605858
v 0.807959786 -0.547301103 0.009738934
v 0.813684895 -0.534808414 0.040056187
v 0.820707104 -0.519883927 0.068909152
v 0.837451745 -0.509696575 0.095789476
v 0.847946072 -0.490596165 0.120035645
v 0.854414252 -0.464158363 0.139157987
v 0.862208477 -0.435201121 0.153549415
v 0.870969104 -0.404560611 0.163115369
v 0.880293083 -0.373054711 0.168437262
v 0.889756666 -0.341188365 0.170286451
v 0.899014463 -0.309212932 0.169484718
v 0.907829705 -0.277220017 0.166705504
v 0.916053067 -0.245224793 0.162489265
v 0.923613885 -0.213210112 0.157288053
v 0.930464526 -0.181146488 0.151441209
v 0.936611580 -0.149004516 0.145251408
v 0.942051313 -0.116754758 0.138960655
v 0.946786919 -0.084371764 0.132786411
v 0.950816055 -0.051835646 0.126924550
v 0.954004576 -0.019124427 0.121545617
v 0.955861089 0.013769794 0.116692164
v 0.956855591 0.046826785 0.112817047
v 0.960279904 0.079908760 0.111378163
v 0.964642010 0.112911875 0.112173856
v 0.966808488 0.146031926 0.114659922
v 0.963575021 0.178888084 0.118570855
v 0.955077679 0.210480914 0.124653926
v 0.944125111 0.240291448 0.134554700
v 0.927209932 0.265823260 0.146754627
v 0.901848556 0.284210691 0.157928929
v 0.878927245 0.300890986 0.175111284
v 0.858755113 0.314590611 0.197730327
v 0.848123176 0.326169626 0.226482712
v 0.832463173 0.333115998 0.254011920
v 0.807212553 0.334438455 0.275657254
v 0.775686763 0.330258339 0.284851596
v 0.744756531 0.325093356 0.295241731
v 0.715986546 0.320035621 0.311177469
v 0.686165897 0.313672329 0.324495759
v 0.655423480 0.306519256 0.335033418
v 0.623894439 0.299127274 0.342716399
v 0.594444328 0.292971955 0.356670345
v 0.563318683 0.287274101 0.364182437
v 0.534587257 0.284233008 0.348227703
v 0.501423002 0.284637352 0.345816068
v 0.469560207 0.289152070 0.353552613
v 0.439413351 0.302358558 0.349520825
v 0.413162206 0.322403875 0.345740920
v 0.390337801 0.346431589 0.342618059
v 0.369284837 0.372111108 0.340084690
v 0.348500376 0.398072504 0.338300345
v 0.326969446 0.423466348 0.337575634
v 0.304093142 0.447653470 0.338177382
v 0.279614144 0.470181853 0.339599286
v 0.253277806 0.490364591 0.342162069
v 0.224919044 0.507162674 0.346768275
v 0.194517420 0.519828905 0.351483742
v 0.162157547 0.527022714 0.353814644
v 0.129046490 0.526346474 0.351920264
v 0.099116485 0.517020899 0.342802668
v 0.075128500 0.500946430 0.327412407
v 0.056655852 0.474509430 0.323425355
v 0.043287038 0.446801608 0.312555220
v 0.033287814 0.420541666 0.294718131
v 0.025199725 0.395496698 0.274330642
v 0.017490034 0.372236271 0.251792758
v 0.008339668 0.351323867 0.227566900
v -0.004547541 0.340857461 0.199496499
v -0.025140056 0.320636122 0.184163899
v -0.055056601 0.311299915 0.173604055
v -0.087847855 0.306299582 0.171177889
v -0.120519511 0.300329078 0.173152203
v -0.151689176 0.289759745 0.178037592
v -0.180811458 0.274738036 0.183715730
v -0.206769583 0.254531014 0.188588538
v -0.229034552 0.229934946 0.188393347
v -0.244135048 0.202964178 0.177038718
v -0.252977281 0.184372992 0.151913093
v -0.244595933 0.164656878 0.128094329
v -0.240222081 0.153020093 0.097222108
v -0.241511317 0.146512198 0.065068423
v -0.237640214 0.134942810 0.035283950
v -0.248848670 0.124581158 0.006819789
v -0.253283921 0.098495613 -0.012062510
v -0.265674813 0.068185969 -0.016815806
v -0.276013821 0.036842561 -0.013502009
v -0.278069204 0.004147330 -0.007674385
v -0.274485599 -0.028430375 -0.001987203
v -0.266253730 -0.060546465 0.000573230
v -0.255843650 -0.091235757 -0.005954522
v -0.252986712 -0.116146414 -0.026386332
v -0.245241690 -0.127159644 -0.055833954
v -0.251990737 -0.139425453 -0.085104255
v -0.254080025 -0.147618149 -0.115889897
v -0.260321244 -0.159955477 -0.144890541
v -0.266432585 -0.177687912 -0.169712052
v -0.263846074 -0.201686464 -0.191368082
v -0.246972770 -0.226030070 -0.205087859
v -0.224383308 -0.250236295 -0.207001555
v -0.197451480 -0.269528617 -0.204092585
v -0.168301462 -0.284812750 -0.199137417
v -0.137784840 -0.297035507 -0.193855697
v -0.106301889 -0.307135029 -0.189942640
v -0.074368065 -0.316436771 -0.190020200
v -0.044313066 -0.327436407 -0.198522128
v -0.022653781 -0.345821522 -0.214228275
v -0.009225966 -0.365559150 -0.235394528
v -0.000657213 -0.384137549 -0.259030681
v 0.006311754 -0.412256879 -0.274865579
v 0.013346479 -0.438768271 -0.293731878
v 0.021679700 -0.466593315 -0.309985277
v 0.031441866 -0.487885090 -0.333276870
v 0.046204692 -0.516038559 -0.341592068
v 0.066085188 -0.541757678 -0.339289756
v 0.093678815 -0.559575302 -0.343757844
v 0.125786321 -0.567592603 -0.345900702
v 0.158965409 -0.566299468 -0.346736068
v 0.191144897 -0.557905255 -0.346906898
v 0.221582730 -0.544453325 -0.346701683
v 0.250131626 -0.527334009 -0.346616767
v 0.276866389 -0.507492196 -0.346878455
v 0.301962502 -0.485613837 -0.347432833
v 0.325673525 -0.462243558 -0.348214624
v 0.348352161 -0.437873422 -0.349178248
v 0.370522159 -0.413045658 -0.350326650
v 0.392945545 -0.388462958 -0.351753727
v 0.416715809 -0.365228754 -0.353660814
v 0.443163923 -0.345224442 -0.356282502
v 0.473036700 -0.331034898 -0.359496009
v 0.505410571 -0.324322110 -0.362018724
v 0.535965035 -0.323969271 -0.349689450
v 0.568477280 -0.327318373 -0.350416636
v 0.599069141 -0.333662661 -0.360707065
v 0.628867484 -0.340735008 -0.349542675
v 0.655610266 -0.347211114 -0.330790827
v 0.685000972 -0.355169454 -0.317550675
v 0.713788928 -0.362819228 -0.302661615
v 0.741321350 -0.369397973 -0.285117582
v 0.767455281 -0.374354199 -0.265088403
v 0.792126217 -0.377208238 -0.242926244
v 0.818764862 -0.379669669 -0.224086717
v 0.849235794 -0.382917029 -0.211049299
v 0.870253316 -0.378027579 -0.186030948
v 0.877158319 -0.365602597 -0.157141524
v 0.884349111 -0.349563511 -0.129988381
v 0.900194187 -0.331012144 -0.107379700
v 0.914351355 -0.307684181 -0.088370591
v 0.926913229 -0.280596364 -0.073725189
v 0.937914350 -0.250879021 -0.063587936
v 0.947441164 -0.219581907 -0.057466566
v 0.955563493 -0.187417681 -0.054674062
v 0.962347960 -0.154820648 -0.054493724
v 0.967843091 -0.122028749 -0.056318592
v 0.972055109 -0.089167887 -0.059692817
v 0.975002776 -0.056307487 -0.064223943
v 0.976699352 -0.023485123 -0.069598262
v 0.977146372 0.009277173 -0.075559468
v 0.976345723 0.041965553 -0.081879871
v 0.974327905 0.074573026 -0.088345378
v 0.971119018 0.107096152 -0.094754653
v 0.966750370 0.139535104 -0.100899774
v 0.961272743 0.171894573 -0.106555060
v 0.954767891 0.204183569 -0.111474921
v 0.947330804 0.236410869 -0.115368413
v 0.939074160 0.268576945 -0.117850177
v 0.930177064 0.300658986 -0.118489866
v 0.920850032 0.332572765 -0.116723413
v 0.911358414 0.364098067 -0.111800348
v 0.902014991 0.394797627 -0.102985890
v 0.893108042 0.423930101 -0.089618921
v 0.884788856 0.450521329 -0.071450339
v 0.876958987 0.473654181 -0.048863615
v 0.867808800 0.491753581 -0.022787850
v 0.848103310 0.498306841 0.002907103
v 0.832998315 0.505830773 0.031224259
v 0.823057019 0.514264875 0.061850394
v 0.811522330 0.519002577 0.092707415
v 0.798351265 0.520850796 0.123207472
v 0.783379275 0.520104498 0.152906240
v 0.766528237 0.517100540 0.181426959
v 0.750261019 0.513753579 0.210160021
v 0.736432023 0.511540426 0.240346644
v 0.720122979 0.507541653 0.268875829
v 0.691687193 0.495348349 0.281204064
v 0.662252444 0.483347825 0.290747027
v 0.637704726 0.476539529 0.311325544
v 0.616096066 0.472760054 0.335850820
v 0.585075438 0.466003174 0.345557581
v 0.552849065 0.460793273 0.341151746
v 0.520043289 0.461862014 0.342141530
v 0.487931094 0.469834672 0.345383741
v 0.457713623 0.483583524 0.347484172
v 0.429661126 0.501413109 0.349279551
v 0.403230973 0.521584974 0.351131276
v 0.377703244 0.542886527 0.353072901
v 0.352452268 0.564519360 0.354986713
v 0.327007522 0.585939337 0.356710010
v 0.301010592 0.606709826 0.358083000
v 0.274194640 0.626435983 0.358981055
v 0.246357386 0.644707367 0.359327463
v 0.217354837 0.661062476 0.359108150
v 0.187108422 0.674960533 0.358436806
v 0.155639281 0.685800563 0.357916026
v 0.123086571 0.692707182 0.357855917
v 0.089879445 0.694455115 0.358466831
v 0.057051356 0.689508434 0.359872783
v 0.026561317 0.676530126 0.361870641
v 0.000927151 0.655526444 0.363673583
v -0.018238246 0.628924636 0.362062981
v -0.030888104 0.602326721 0.348049287
v -0.040168094 0.571076685 0.350102526
v -0.045850900 0.539144438 0.351592684
v -0.050067933 0.511229378 0.334561712
v -0.053070797 0.481127833 0.323513649
v -0.055839154 0.451313264 0.312606491
v -0.060475920 0.428206145 0.289502957
v -0.066312289 0.397269805 0.279624874
v -0.079265223 0.378444286 0.256806736
v -0.101058522 0.360402189 0.240478244
v -0.129282313 0.344006958 0.234528175
v -0.159021174 0.329132423 0.235661523
v -0.188335018 0.314067568 0.240406924
v -0.216943323 0.298057279 0.246265300
v -0.244776790 0.280536834 0.251468301
v -0.271093920 0.260475184 0.254994938
v -0.297340772 0.240498705 0.251061665
v -0.315294374 0.213076066 0.246844906
v -0.318818994 0.181511104 0.240036875
v -0.311686513 0.154498505 0.223074574
v -0.300885464 0.135654034 0.197938113
v -0.292104619 0.123425865 0.168768372
v -0.280629545 0.112143316 0.140904803
v -0.270977516 0.100693973 0.111527205
v -0.267110859 0.086709564 0.081639039
v -0.275017003 0.066837605 0.057673313
v -0.278397093 0.035429705 0.048177173
v -0.277815890 0.002234735 0.049439888
v -0.274415882 -0.030407312 0.055054477
v -0.269557227 -0.062744372 0.061329535
v -0.263844318 -0.095310616 0.065102476
v -0.253944668 -0.126830608 0.062890197
v -0.234922750 -0.149408171 0.049641304
v -0.221832183 -0.162313541 0.023528881
v -0.214479572 -0.168575063 -0.006506078
v -0.211073956 -0.174214630 -0.038900104
v -0.212378283 -0.184075381 -0.070203858
v -0.210058322 -0.195323383 -0.099444074
v -0.205661450 -0.216701769 -0.122558399
v -0.187801789 -0.240808222 -0.135346876
v -0.159788113 -0.258184653 -0.138580598
v -0.128664702 -0.269738204 -0.136469626
v -0.097299006 -0.279489317 -0.131014326
v -0.065661672 -0.287924936 -0.124918651
v -0.033559349 -0.295713094 -0.120893242
v -0.001014554 -0.301045585 -0.124201169
v 0.026191798 -0.302524902 -0.141663859
v 0.043990674 -0.313051504 -0.165589550
v 0.056672757 -0.330142612 -0.190664875
v 0.066973233 -0.347599844 -0.217074060
v 0.076438284 -0.362706224 -0.244899613
v 0.088989518 -0.385346012 -0.262635096
v 0.105123621 -0.404256230 -0.283599495
v 0.125850351 -0.417522645 -0.304087748
v 0.155506946 -0.431759912 -0.306232802
v 0.188151771 -0.430459249 -0.311430701
v 0.218779740 -0.418380148 -0.315484702
v 0.245617094 -0.399180200 -0.319624128
v 0.269991042 -0.376559181 -0.320667857
v 0.292732643 -0.352396649 -0.317949702
v 0.313663666 -0.326787902 -0.314082004
v 0.333564036 -0.300528937 -0.309223152
v 0.353015702 -0.273906950 -0.304523770
v 0.372758565 -0.247261063 -0.301555632
v 0.394003540 -0.221675257 -0.302278990
v 0.418439132 -0.200024255 -0.308316853
v 0.442994544 -0.185460329 -0.323979491
v 0.471048477 -0.178821823 -0.339460276
v 0.503436757 -0.179058665 -0.336295260
v 0.535933080 -0.180598445 -0.343320857
v 0.568794901 -0.183708743 -0.347640285
v 0.601862965 -0.187389458 -0.348679074
v 0.634619135 -0.190855024 -0.351904209
v 0.667247535 -0.193765072 -0.357883056
v 0.699008266 -0.194885960 -0.351007565
v 0.724284706 -0.192771117 -0.329528974
v 0.754357908 -0.188574902 -0.318024372
v 0.786870205 -0.183082135 -0.319346736
v 0.814728391 -0.170979871 -0.306504937
v 0.837925924 -0.153017822 -0.291098184
v 0.850400039 -0.129749291 -0.271077229
v 0.859213146 -0.102091952 -0.255195183
v 0.869239711 -0.071117576 -0.248420663
v 0.875027725 -0.038565535 -0.244685820
v 0.877781027 -0.005438580 -0.243978581
v 0.887687327 0.024310753 -0.254890236
v 0.888433890 0.056528599 -0.260595142
v 0.882834002 0.089233477 -0.263389715
v 0.875232745 0.121465354 -0.266884493
v 0.865723439 0.153156326 -0.270642657
v 0.854291771 0.184234226 -0.274167643
v 0.841197077 0.214694489 -0.277282340
v 0.826716141 0.244572401 -0.279864709
v 0.811130908 0.273938647 -0.281824117
v 0.794745365 0.302905526 -0.283088313
v 0.777897568 0.331630034 -0.283583773
v 0.760979941 0.360315053 -0.283207238
v 0.744471477 0.389203375 -0.281784172
v 0.728982403 0.418550489 -0.279011106
v 0.715294853 0.448545210 -0.274391059
v 0.704345397 0.479139725 -0.267200464
v 0.696992972 0.509808935 -0.256616267
v 0.693384567 0.539457846 -0.241974895
v 0.698842486 0.569602860 -0.231261916
v 0.707960784 0.598295181 -0.218796700
v 0.711332877 0.620405781 -0.194149620
v 0.709643178 0.634038045 -0.165144039
v 0.702507553 0.640304590 -0.133224244
v 0.704583413 0.654295131 -0.103369994
v 0.713226910 0.672409029 -0.076818318
v 0.719837122 0.687694537 -0.047975394
v 0.712184672 0.688788905 -0.016384262
v 0.701289920 0.686599621 0.014962588
v 0.692872011 0.686888138 0.046390867
v 0.691460954 0.694306041 0.078818785
v 0.687959282 0.700155901 0.111418990
v 0.675188376 0.697998355 0.141890449
v 0.653112333 0.686835939 0.163830285
v 0.629327053 0.676011464 0.183750851
v 0.608722684 0.672462939 0.209551414
v 0.596070901 0.678376124 0.239454223
v 0.572972026 0.678831450 0.262404594
v 0.544118787 0.678768741 0.278955813
v 0.513556266 0.682379997 0.291568790
v 0.482370133 0.690001344 0.300285912
v 0.451470790 0.701170916 0.305590683
v 0.421263829 0.714917804 0.308239034
v 0.391717830 0.730261938 0.308935106
v 0.362607197 0.746422161 0.308213825
v 0.333671313 0.762814867 0.306434519
v 0.304618454 0.778845611 0.303594519
v 0.275259847 0.794106568 0.299815241
v 0.245482865 0.808325017 0.295315145
v 0.215212976 0.821276700 0.290310818
v 0.184406601 0.832769066 0.285026997
v 0.153044295 0.842621623 0.279705446
v 0.121131862 0.850658943 0.274615016
v 0.088703632 0.856696323 0.270058490
v 0.055830260 0.860505056 0.266388303
v 0.022646789 0.861785745 0.264023874
v -0.010593128 0.860129306 0.263466890
v -0.043417103 0.854981310 0.265295135
v -0.074984540 0.845657928 0.270080050
v -0.103919145 0.831442306 0.278187421
v -0.128586591 0.812128349 0.289259885
v -0.147652097 0.788702465 0.302893335
v -0.160865997 0.771275399 0.327762711
v -0.169221530 0.742562135 0.341724926
v -0.172673238 0.710418713 0.340686118
v -0.173914140 0.677787066 0.341185709
v -0.173792678 0.647954434 0.355621247
v -0.171795168 0.616344567 0.363964132
v -0.168784310 0.583213985 0.362892465
v -0.165616976 0.550300155 0.359039069
v -0.163156192 0.517833907 0.352085489
v -0.163480558 0.491142623 0.333088725
v -0.166157537 0.460251214 0.322268542
v -0.172233026 0.428504622 0.319984725
v -0.188216843 0.401506785 0.309225474
v -0.211798056 0.379023519 0.302823691
v -0.239153707 0.360201076 0.300650442
v -0.267597474 0.342887230 0.301013736
v -0.295926872 0.325448955 0.302592856
v -0.323469362 0.306837102 0.304581886
v -0.349625479 0.286321691 0.306468908
v -0.373658579 0.263332658 0.307855839
v -0.394476857 0.237383388 0.308301273
v -0.410283472 0.208169954 0.307101377
v -0.418099190 0.176212784 0.302940361
v -0.414583957 0.144601402 0.293896007
v -0.398287208 0.118410765 0.283756249
v -0.376943764 0.099175949 0.268571632
v -0.357003036 0.085299008 0.245827704
v -0.338070252 0.074323386 0.220740125
v -0.321153331 0.064242050 0.193896142
v -0.310705814 0.053732951 0.164929415
v -0.299400670 0.038140347 0.140433584
v -0.292155899 0.012750522 0.121236837
v -0.290507786 -0.019524960 0.114049390
v -0.288960794 -0.052736432 0.115231542
v -0.285017680 -0.085488245 0.119687471
v -0.277179515 -0.117410132 0.124884319
v -0.264365054 -0.147840108 0.128875271
v -0.246409471 -0.175748982 0.128291336
v -0.224047953 -0.197318670 0.117352255
v -0.201768114 -0.204517598 0.095321482
v -0.187036654 -0.205208980 0.066250128
v -0.178845359 -0.206482748 0.034011751
v -0.175662374 -0.212346356 0.002403457
v -0.170756870 -0.220229943 -0.027120511
v -0.156120565 -0.227793938 -0.054740204
v -0.133544563 -0.244873876 -0.071279361
v -0.104758025 -0.261125314 -0.073634418
v -0.074089905 -0.273248743 -0.069303415
v -0.042236751 -0.280562035 -0.063070634
v -0.009488953 -0.282854670 -0.057626439
v 0.022637535 -0.275639026 -0.056656741
v 0.054646654 -0.271985154 -0.064032460
v 0.080316532 -0.276983774 -0.083618164
v 0.093427182 -0.275490403 -0.112399328
v 0.105350368 -0.285969301 -0.140280022
v 0.115826611 -0.296348356 -0.168377260
v 0.126603235 -0.304999729 -0.197341034
v 0.144967438 -0.322216152 -0.217557061
v 0.166195009 -0.327652152 -0.241426868
v 0.194197793 -0.324997863 -0.257874673
v 0.224720692 -0.313271735 -0.262944066
v 0.252062922 -0.294478481 -0.261165910
v 0.275613805 -0.271486109 -0.256310232
v 0.295536809 -0.245387341 -0.250884820
v 0.312084703 -0.216863111 -0.246338837
v 0.325617421 -0.186597491 -0.243784483
v 0.336129687 -0.155051548 -0.245366779
v 0.349107149 -0.124770457 -0.249810273
v 0.368541849 -0.099670144 -0.258812673
v 0.395750786 -0.084230895 -0.268744618
v 0.413902878 -0.074043410 -0.293739028
v 0.443554678 -0.069520101 -0.306389537
v 0.474909060 -0.066948718 -0.316166836
v 0.505755017 -0.064574624 -0.328462855
v 0.537508266 -0.061769810 -0.338038516
v 0.567628628 -0.057588393 -0.350595621
v 0.597327177 -0.051315240 -0.362376210
v 0.626890226 -0.042177840 -0.351818620
v 0.655954317 -0.027161936 -0.348060467
v 0.681153219 -0.007383511 -0.356207227
v 0.701020716 0.018525645 -0.358281328
v 0.712890029 0.049415704 -0.355512969
v 0.716936178 0.082267894 -0.352557625
v 0.714413646 0.115266161 -0.349221492
v 0.706908230 0.147512974 -0.345832699
v 0.695737614 0.178732841 -0.342856080
v 0.681893994 0.208943813 -0.340793120
v 0.666069576 0.238232134 -0.340079308
v 0.648749640 0.266660529 -0.340918307
v 0.630076556 0.294206019 -0.342187132
v 0.610455269 0.321036897 -0.344217007
v 0.590315770 0.347357612 -0.347496138
v 0.569959075 0.373408610 -0.351519658
v 0.549784524 0.399597119 -0.355564319
v 0.530442364 0.426513283 -0.358771218
v 0.513043897 0.454853554 -0.360232368
v 0.499196565 0.485083223 -0.359194985
v 0.490677742 0.517047980 -0.355882908
v 0.486104389 0.545571112 -0.339954949
v 0.486388715 0.575195393 -0.325283714
v 0.492629975 0.606688668 -0.317806811
v 0.503446069 0.637742025 -0.316593570
v 0.511977952 0.664406062 -0.300020528
v 0.515913186 0.682392948 -0.272276650
v 0.521349176 0.701625882 -0.245956133
v 0.528847084 0.723213105 -0.221779436
v 0.535157073 0.742840995 -0.195672228
v 0.539958369 0.760522687 -0.167892198
v 0.542875817 0.776206040 -0.138667930
v 0.543712488 0.790155392 -0.108480977
v 0.548401267 0.810526294 -0.082553605
v 0.550790550 0.829400702 -0.055624906
v 0.542241630 0.835560155 -0.024453393
v 0.525595181 0.830416931 0.003401466
v 0.508599343 0.831362523 0.031549937
v 0.490811725 0.838194762 0.058825114
v 0.473357478 0.851210728 0.083823779
v 0.455990285 0.868754720 0.106086260
v 0.429632888 0.879235331 0.123020888
v 0.399801061 0.888418844 0.134553098
v 0.368797497 0.898166388 0.141710301
v 0.336705868 0.906518446 0.144510461
v 0.304104313 0.913220064 0.143811917
v 0.271420683 0.918774830 0.140679040
v 0.238844511 0.923993569 0.136126588
v 0.206442700 0.929707285 0.130963710
v 0.174271953 0.936569129 0.125762867
v 0.142215557 0.943922954 0.120520602
v 0.110008103 0.950254219 0.114887164
v 0.077670807 0.955818786 0.109180069
v 0.045216810 0.960896743 0.103687080
v 0.012613921 0.965363430 0.098559075
v -0.020164030 0.969052693 0.093960324
v -0.053127005 0.971776669 0.090073293
v -0.086263541 0.973305853 0.087134657
v -0.119521448 0.973358997 0.085473088
v -0.152774262 0.971671507 0.085477000
v -0.185783422 0.967943125 0.087662385
v -0.218115222 0.961847482 0.092690011
v -0.249069321 0.953132898 0.101227719
v -0.277646185 0.941661317 0.113793344
v -0.302737598 0.927652035 0.130531775
v -0.322218400 0.909124746 0.149505524
v -0.331627880 0.880049051 0.162624953
v -0.342149973 0.857578986 0.184409693
v -0.349948152 0.837820911 0.209629438
v -0.357776086 0.829379286 0.240810848
v -0.359364074 0.808703812 0.265634216
v -0.356836583 0.782874102 0.286477606
v -0.352318562 0.755790245 0.305278673
v -0.346221202 0.727537049 0.321765125
v -0.338967544 0.698220008 0.335736575
v -0.330725573 0.667553611 0.343993391
v -0.321847491 0.635508396 0.342944479
v -0.314693343 0.605602044 0.350933508
v -0.308888999 0.576047375 0.363694939
v -0.304214034 0.543582860 0.361185712
v -0.303703103 0.513993024 0.347598460
v -0.308481936 0.481185889 0.346334728
v -0.318609754 0.450301368 0.353206521
v -0.336744183 0.422572586 0.351491256
v -0.359423983 0.398358212 0.349445887
v -0.384516707 0.378748451 0.339810406
v -0.409682457 0.357155243 0.338746102
v -0.434396868 0.334862939 0.339948553
v -0.458221007 0.311676162 0.341879602
v -0.480630639 0.287200684 0.344631732
v -0.501148372 0.261179599 0.347878536
v -0.519185150 0.233399061 0.351223717
v -0.533839314 0.203667065 0.354194553
v -0.543748923 0.171984369 0.356216101
v -0.546810626 0.138912169 0.356535624
v -0.540581183 0.106430075 0.354194543
v -0.524722636 0.078229788 0.347491671
v -0.506788267 0.058134612 0.328691957
v -0.478651866 0.042209549 0.323374129
v -0.449666926 0.030800317 0.313681367
v -0.422884795 0.022168741 0.295891505
v -0.397462136 0.014874094 0.275664464
v -0.381208044 0.007823586 0.247553495
v -0.354367885 -0.001245215 0.231202392
v -0.343562611 -0.015079277 0.203744601
v -0.329313002 -0.038599289 0.185418742
v -0.319383830 -0.069228333 0.177591809
v -0.310772944 -0.101361705 0.177735635
v -0.300860269 -0.132877603 0.181787341
v -0.287947679 -0.162984698 0.187693469
v -0.271563700 -0.191333457 0.193664896
v -0.251231993 -0.217352986 0.197629345
v -0.226429239 -0.239317069 0.196211687
v -0.198857488 -0.252712509 0.184193141
v -0.179989682 -0.259921553 0.158783008
v -0.160353996 -0.250527102 0.134810025
v -0.151883759 -0.250298220 0.103361420
v -0.141466866 -0.244724927 0.073790908
v -0.130933971 -0.242240639 0.043846294
v -0.119805006 -0.251491237 0.015515970
v -0.095170926 -0.261354227 -0.003837866
v -0.063625107 -0.270170459 -0.008614603
v -0.030812080 -0.274589805 -0.005536699
v 0.001941654 -0.274812236 0.000375124
v 0.034518634 -0.271242505 0.006199855
v 0.066868994 -0.263988834 0.008711121
v 0.097449453 -0.253545855 0.001843881
v 0.120260649 -0.245484445 -0.020077829
v 0.132696642 -0.242660033 -0.048014628
v 0.144205789 -0.247627430 -0.077476028
v 0.154426021 -0.252125810 -0.108803345
v 0.166126867 -0.255585131 -0.139598437
v 0.182182806 -0.256449530 -0.167041757
v 0.209405059 -0.255918733 -0.183983800
v 0.236505863 -0.239484497 -0.193181251
v 0.259329080 -0.215390209 -0.193978307
v 0.277431311 -0.187674581 -0.190698692
v 0.291722743 -0.158021462 -0.185746433
v 0.303089541 -0.127132250 -0.180722245
v 0.312415600 -0.095353564 -0.177324926
v 0.321045716 -0.063253080 -0.178294555
v 0.326261028 -0.033528409 -0.190995899
v 0.339832958 -0.012091482 -0.211838974
v 0.364119666 0.000439991 -0.229254187
v 0.386181889 0.009584267 -0.252437596
v 0.410563309 0.017108809 -0.273825208
v 0.436747693 0.024917056 -0.292851653
v 0.464099556 0.034671691 -0.309118037
v 0.484897248 0.046214446 -0.331416784
v 0.510813574 0.063608625 -0.340538809
v 0.533647274 0.086771809 -0.338025221
v 0.546364901 0.117078193 -0.342215762
v 0.548786132 0.150060567 -0.344882307
v 0.542630580 0.182641934 -0.347151685
v 0.530307301 0.213465551 -0.349328976
v 0.513663718 0.242220691 -0.351299245
v 0.493912864 0.268978704 -0.352799627
v 0.471937712 0.293982373 -0.353568247
v 0.448426993 0.317565087 -0.353427130
v 0.423970289 0.340144058 -0.352348220
v 0.399005292 0.362152656 -0.351084408
v 0.375872925 0.384803912 -0.344482116
v 0.353784932 0.408463174 -0.337957290
v 0.332141463 0.433696740 -0.339415868
v 0.315126026 0.460638906 -0.347497214
v 0.305224321 0.489759220 -0.359373217
v 0.302972472 0.522688134 -0.360995146
v 0.305328283 0.553754689 -0.349776768
v 0.310522817 0.585770212 -0.352368672
v 0.317797874 0.617076413 -0.359400590
v 0.325256668 0.647217697 -0.349006674
v 0.331626057 0.674071255 -0.330406280
v 0.339049340 0.703209047 -0.318470100
v 0.347371827 0.734840822 -0.312298161
v 0.352496574 0.760996072 -0.295882142
v 0.353195026 0.779873617 -0.268547400
v 0.353400792 0.801964070 -0.244065002
v 0.354648387 0.830876749 -0.228030115
v 0.354461881 0.860578363 -0.213547157
v 0.346281619 0.881422139 -0.188963153
v 0.331399089 0.892819475 -0.161940502
v 0.311152265 0.897287151 -0.136036167
v 0.288236196 0.911483230 -0.116640658
v 0.261524079 0.924646410 -0.101838020
v 0.232066816 0.936218853 -0.091580368
v 0.200995691 0.946476598 -0.085489516
v 0.169061969 0.955512756 -0.082868730
v 0.136701912 0.963349772 -0.082952660
v 0.104129222 0.969911114 -0.085138716
v 0.071449573 0.975071662 -0.088922130
v 0.038719440 0.978707658 -0.093867171
v 0.005978749 0.980680564 -0.099621803
v -0.026729186 0.980849124 -0.105876378
v -0.059352323 0.979141730 -0.112337319
v -0.091830907 0.975523586 -0.118737677
v -0.124104995 0.970030140 -0.124834052
v -0.156193096 0.963204139 -0.130570432
v -0.188056580 0.954995279 -0.135664985
v -0.219301868 0.944076561 -0.139245678
v -0.249819359 0.930888763 -0.141096401
v -0.279789592 0.916372905 -0.141233379
v -0.309599275 0.901603555 -0.139731669
v -0.339666553 0.887665696 -0.136495954
v -0.370209827 0.875538228 -0.131174462
v -0.400802714 0.865401170 -0.122861533
v -0.430153099 0.856244405 -0.110139662
v -0.460091335 0.856546123 -0.096111278
v -0.487925358 0.860172402 -0.078495551
v -0.509214508 0.856035262 -0.053486964
v -0.525397935 0.849765247 -0.025094271
v -0.537924682 0.842922100 0.004973757
v -0.546724965 0.834953466 0.036068844
v -0.552587245 0.825700919 0.067497665
v -0.555588363 0.814856357 0.098828712
v -0.555917018 0.802185362 0.129617303
v -0.549512806 0.781691735 0.154725786
v -0.541158899 0.759199593 0.177789574
v -0.535946304 0.741481465 0.204437251
v -0.533861365 0.728270840 0.234901402
v -0.529635913 0.711865056 0.263167111
v -0.520758893 0.687954211 0.284557135
v -0.511609730 0.662166352 0.303508776
v -0.502748655 0.634656864 0.320023633
v -0.495074947 0.605245789 0.333603637
v -0.489779767 0.574157549 0.344233412
v -0.486705676 0.541603895 0.343430757
v -0.489098708 0.509212730 0.339872368
v -0.499216974 0.477693889 0.343042473
v -0.514366396 0.448165997 0.345457169
v -0.532848454 0.420625345 0.348347650
v -0.553148212 0.394436311 0.351677259
v -0.574261825 0.368888759 0.354957050
v -0.595512333 0.343376634 0.357547911
v -0.616360271 0.317442249 0.358878371
v -0.636300553 0.290775135 0.358584702
v -0.654994865 0.263240313 0.357402403
v -0.672045953 0.234704258 0.355524061
v -0.686772357 0.205044214 0.352079651
v -0.698729499 0.174287911 0.347671605
v -0.707494105 0.142489089 0.343184890
v -0.712530040 0.109783464 0.339643856
v -0.713003188 0.076559891 0.338063585
v -0.707638907 0.043775852 0.339183344
v -0.694896646 0.013266262 0.342245492
v -0.676626883 -0.011440625 0.353092022
v -0.652222909 -0.030124300 0.363794293
v -0.622423637 -0.043813133 0.361454467
v -0.593765584 -0.052672871 0.347584219
v -0.561529879 -0.058509380 0.349745578
v -0.529005998 -0.061850828 0.349149208
v -0.497537401 -0.064321388 0.338578699
v -0.467154083 -0.066487950 0.325138044
v -0.440603337 -0.069755193 0.306348706
v -0.416898568 -0.075533015 0.285127569
v -0.387545284 -0.084025049 0.274629847
v -0.371235748 -0.102525342 0.253194821
v -0.354150162 -0.128930825 0.243191960
v -0.337551823 -0.157698389 0.243130667
v -0.320897280 -0.186071542 0.248268698
v -0.305621127 -0.215270448 0.253051394
v -0.289435327 -0.244061425 0.257296197
v -0.271461698 -0.271973196 0.259773221
v -0.250395126 -0.297719098 0.259975963
v -0.224887856 -0.318833719 0.257445729
v -0.194965669 -0.331098161 0.250480976
v -0.164596851 -0.327497870 0.240020118
v -0.142269990 -0.318068387 0.219228335
v -0.127176074 -0.307601796 0.193336469
v -0.113453055 -0.291590455 0.168379218
v -0.102695639 -0.280854861 0.138756547
v -0.093712092 -0.279912984 0.107412663
v -0.076072049 -0.270428474 0.082042224
v -0.052472113 -0.278761092 0.061330645
v -0.020017809 -0.280657760 0.055814742
v 0.012644148 -0.276116568 0.059209677
v 0.045380340 -0.274094610 0.064951819
v 0.077939071 -0.269907663 0.070503873
v 0.110103480 -0.261930909 0.073212063
v 0.139909220 -0.248207027 0.068886190
v 0.160755496 -0.230283078 0.051298489
v 0.170031950 -0.217671852 0.024733826
v 0.178155602 -0.213815109 -0.006805460
v 0.184236317 -0.210909499 -0.039371669
v 0.189605317 -0.206019419 -0.070762633
v 0.202971034 -0.203203268 -0.098752517
v 0.223633116 -0.192335015 -0.121093053
v 0.248629328 -0.172901038 -0.128733317
v 0.266013262 -0.144609977 -0.128582337
v 0.278605324 -0.114127161 -0.124195584
v 0.287345372 -0.082516449 -0.118489613
v 0.292983586 -0.050074374 -0.113594180
v 0.296305857 -0.017004395 -0.112315496
v 0.299048064 0.015127648 -0.119788128
v 0.301913114 0.039550396 -0.141012827
v 0.310971251 0.054542138 -0.167260340
v 0.325348234 0.065543343 -0.193445801
v 0.342818042 0.075545432 -0.217977377
v 0.358360252 0.085622220 -0.244379153
v 0.379961287 0.099481314 -0.262917706
v 0.399046800 0.118002377 -0.281080367
v 0.408438277 0.140745771 -0.301879646
v 0.413251747 0.171951735 -0.311666256
v 0.406737387 0.204222394 -0.315484403
v 0.392055664 0.234033774 -0.315291390
v 0.372350080 0.260722374 -0.312773289
v 0.349481664 0.284607838 -0.308952858
v 0.324512458 0.306184048 -0.304520025
v 0.298102894 0.325975144 -0.300071104
v 0.270763464 0.344606498 -0.296263179
v 0.243057088 0.362937598 -0.293981730
v 0.216021839 0.382338426 -0.294523385
v 0.192051854 0.404786699 -0.299529235
v 0.175006423 0.431515148 -0.309292792
v 0.165277555 0.454848956 -0.329743527
v 0.162755916 0.485642358 -0.339127449
v 0.164006284 0.518395379 -0.338716815
v 0.165610528 0.547893715 -0.353689632
v 0.168446008 0.579100612 -0.357761923
v 0.171367577 0.611231659 -0.349595129
v 0.173407603 0.644261647 -0.346483766
v 0.173896978 0.677131992 -0.341275265
v 0.172008849 0.709385739 -0.333329621
v 0.166762236 0.740548446 -0.322935989
v 0.158129800 0.771835238 -0.316850164
v 0.146155006 0.802576994 -0.316078336
v 0.126727483 0.826630419 -0.304045334
v 0.101794283 0.845732211 -0.293205403
v 0.072680933 0.859511463 -0.284986517
v 0.040980673 0.868085428 -0.279708749
v 0.008067118 0.872178072 -0.277039813
v -0.025211392 0.872517367 -0.276470393
v -0.058371574 0.869735940 -0.277486978
v -0.091155221 0.864331323 -0.279652179
v -0.123428306 0.856681735 -0.282614326
v -0.155130924 0.847098985 -0.286086198
v -0.186248671 0.835845372 -0.289834444
v -0.216796282 0.823147431 -0.293664887
v -0.246814945 0.809219371 -0.297407343
v -0.276373154 0.794278006 -0.300903979
v -0.305570867 0.778558126 -0.303997243
v -0.334545789 0.762331082 -0.306515155
v -0.363479832 0.745930156 -0.308250957
v -0.392600717 0.729787113 -0.308933183
v -0.422165364 0.714482875 -0.308182828
v -0.452394326 0.700801986 -0.305463227
v -0.481383074 0.687638261 -0.296261210
v -0.507964437 0.675537397 -0.280313534
v -0.535718341 0.668417343 -0.263464085
v -0.564342975 0.667417709 -0.246543253
v -0.593204365 0.673732793 -0.232377562
v -0.621337787 0.684601950 -0.219239798
v -0.643076844 0.690176662 -0.194902180
v -0.656998631 0.690653558 -0.165701418
v -0.663547396 0.685570180 -0.133451681
v -0.677623253 0.689359242 -0.105167547
v -0.694842249 0.697299945 -0.077876450
v -0.707701038 0.701322302 -0.048084538
v -0.714302792 0.699217574 -0.015519642
v -0.718329380 0.694602646 0.017217874
v -0.720485678 0.687813392 0.049715176
v -0.720985531 0.678826613 0.081735425
v -0.719931498 0.667398675 0.112962148
v -0.717594283 0.653380804 0.143051009
v -0.707721315 0.631738907 0.164999205
v -0.696736572 0.606917371 0.183158333
v -0.694841819 0.585221635 0.208290109
v -0.700949692 0.568362169 0.236119906
v -0.705650865 0.545540041 0.258904668
v -0.708810263 0.515698960 0.273252283
v -0.715479204 0.484695095 0.283287584
v -0.725292593 0.453437947 0.289115304
v -0.737374673 0.422510273 0.291480275
v -0.750830340 0.392054702 0.291181901
v -0.764928959 0.361968417 0.288936518
v -0.779146605 0.332070316 0.285316905
v -0.793122281 0.302183173 0.280774453
v -0.806606993 0.272160828 0.275672616
v -0.819423318 0.241891658 0.270313627
v -0.831435028 0.211294031 0.264957660
v -0.842517383 0.180307863 0.259839952
v -0.852555050 0.148897597 0.255176897
v -0.861403697 0.117042740 0.251176197
v -0.868640961 0.084713470 0.247811469
v -0.873855187 0.051931965 0.245174748
v -0.882257995 0.020410898 0.249151546
v -0.891874384 -0.009988440 0.258098032
v -0.889653939 -0.043106522 0.260136721
v -0.883194327 -0.075481988 0.264262151
v -0.872262520 -0.106082330 0.271321493
v -0.851953227 -0.131856535 0.275055225
v -0.826384636 -0.152770341 0.278731391
v -0.801206067 -0.170380560 0.291319705
v -0.777686816 -0.182950203 0.310256298
v -0.757025115 -0.190910471 0.334091144
v -0.725901455 -0.194470325 0.345343463
v -0.693770785 -0.194900634 0.354024513
v -0.661110398 -0.193399555 0.360272098
v -0.628118399 -0.190372809 0.363507177
v -0.595049057 -0.186580778 0.363796844
v -0.562085745 -0.182683662 0.361296973
v -0.529396616 -0.179421479 0.355942521
v -0.497664134 -0.177962306 0.346657012
v -0.471543772 -0.180771322 0.326825754
v -0.439703380 -0.186563061 0.322720883
v -0.410601048 -0.199828852 0.317120429
v -0.386979898 -0.222136120 0.310283474
v -0.367727760 -0.249022515 0.306592400
v -0.350497697 -0.277473307 0.304980587
v -0.333209026 -0.305935542 0.304843987
v -0.314521715 -0.333468065 0.306030697
v -0.293678362 -0.359313070 0.308462301
v -0.270467054 -0.383013686 0.311199314
v -0.244003796 -0.402483721 0.316316309
v -0.214544678 -0.417035038 0.321457294
v -0.182702314 -0.426330873 0.321073519
v -0.150547908 -0.426772552 0.313603101
v -0.124671267 -0.421246310 0.294042671
v -0.102383556 -0.400173351 0.283605718
v -0.087291692 -0.381496177 0.263389356
v -0.075666143 -0.362792292 0.239637644
v -0.065203575 -0.341508031 0.218217419
v -0.055653791 -0.325773596 0.192132901
v -0.044235902 -0.313989912 0.165397587
v -0.026043556 -0.303332316 0.141062523
v 0.001513732 -0.294306458 0.126549030
v 0.034336972 -0.292993032 0.121855730
v 0.067538345 -0.291647206 0.123572929
v 0.099902252 -0.285764722 0.128444827
v 0.130744192 -0.274738890 0.134201705
v 0.158746460 -0.257485391 0.139039870
v 0.183786421 -0.235764011 0.138049649
v 0.203435662 -0.214022314 0.123612942
v 0.213102042 -0.197864586 0.097764278
v 0.212443883 -0.184007845 0.069895170
v 0.211650976 -0.174821536 0.039285608
v 0.218665045 -0.172195509 0.007423328
v 0.221054623 -0.162188358 -0.022753206
v 0.234758328 -0.150493804 -0.048652222
v 0.247564980 -0.124873296 -0.063835298
v 0.264138875 -0.096164197 -0.065042901
v 0.275815927 -0.065438308 -0.060378193
v 0.280259925 -0.032997607 -0.054471568
v 0.279064242 -0.000121229 -0.049551459
v 0.273977977 0.032722421 -0.048639986
v 0.268699582 0.063945564 -0.057965281
v 0.273459784 0.088127101 -0.079090538
v 0.270536211 0.099849151 -0.109322374
v 0.284296086 0.112974704 -0.136166778
v 0.294939246 0.124341950 -0.165592210
v 0.302097367 0.135762344 -0.195497889
v 0.315356097 0.154674784 -0.216996923
v 0.320863229 0.180128715 -0.236541283
v 0.310977026 0.206718236 -0.252626977
v 0.295428125 0.235809508 -0.255434501
v 0.277321436 0.262942584 -0.249189801
v 0.251617131 0.283707108 -0.245509038
v 0.223267965 0.300713740 -0.241663779
v 0.193106152 0.314487367 -0.238683322
v 0.161969897 0.326202077 -0.237250439
v 0.130816136 0.337833046 -0.238652055
v 0.101808132 0.352428295 -0.245517786
v 0.079832674 0.372756696 -0.259496651
v 0.068145646 0.401172238 -0.270624398
v 0.060230118 0.419471682 -0.296101976
v 0.056648683 0.450989528 -0.304795845
v 0.053503358 0.481194339 -0.318129431
v 0.050268027 0.512062932 -0.330156163
v 0.045948543 0.543794439 -0.339249596
v 0.039827508 0.571118816 -0.357113784
v 0.030513922 0.602131789 -0.361956771
v 0.017941286 0.629595361 -0.348904661
v -0.002294018 0.655912721 -0.347750828
v -0.028165617 0.676233449 -0.351371034
v -0.057604694 0.689527021 -0.358942169
v -0.090415383 0.694488380 -0.358449187
v -0.123619851 0.692642228 -0.357850868
v -0.156157821 0.685660193 -0.357920623
v -0.187607849 0.674762885 -0.358447484
v -0.217840378 0.660838394 -0.359235852
v -0.246863146 0.644539946 -0.360129843
v -0.274757608 0.626372918 -0.361013927
v -0.301658615 0.606757840 -0.361808049
v -0.327755644 0.586077853 -0.362462258
v -0.353307498 0.564721724 -0.362951193
v -0.378669243 0.543136190 -0.363265653
v -0.404333090 0.521910639 -0.363398212
v -0.430944636 0.501894221 -0.363307890
v -0.459264252 0.484410153 -0.362832606
v -0.489772381 0.471217945 -0.361565821
v -0.522095838 0.463950210 -0.358781619
v -0.553875920 0.462270786 -0.350758051
v -0.579502638 0.462390197 -0.329961944
v -0.610493005 0.468566574 -0.319938462
v -0.641916628 0.479273554 -0.318886219
v -0.671029231 0.489780765 -0.307374851
v -0.696983577 0.499088428 -0.288741014
v -0.721189131 0.507951623 -0.267704306
v -0.743626949 0.515950945 -0.244486704
v -0.764333173 0.522792629 -0.219365481
v -0.782375731 0.527620829 -0.192125940
v -0.791554935 0.526158844 -0.160143746
v -0.797559461 0.521679951 -0.127710813
v -0.810047370 0.519718237 -0.097037507
v -0.831989476 0.523000493 -0.072200704
v -0.849684841 0.521642056 -0.045245351
v -0.857568690 0.510999589 -0.015022726
v -0.850506586 0.491030948 0.009971269
v -0.852884232 0.470811590 0.035558156
v -0.860977728 0.448895272 0.059227814
v -0.869608949 0.423299345 0.078635953
v -0.879065523 0.394923380 0.093205865
v -0.889271431 0.364864276 0.103196402
v -0.899969609 0.333924389 0.109230700
v -0.910839431 0.302588679 0.112144096
v -0.921590957 0.271076277 0.112619104
v -0.931979674 0.239466820 0.111233250
v -0.941813526 0.207771586 0.108441014
v -0.950918093 0.175972080 0.104564505
v -0.959173478 0.144046906 0.099898685
v -0.966469253 0.111975302 0.094670792
v -0.972696601 0.079739968 0.089080882
v -0.977783948 0.047334237 0.083326327
v -0.981662582 0.014757297 0.077598299
v -0.984269233 -0.017984818 0.072097552
v -0.985530818 -0.050879181 0.067053971
v -0.985405837 -0.083897954 0.062723449
v -0.983844395 -0.116996626 0.059411337
v -0.980791519 -0.150099963 0.057491523
v -0.976163337 -0.183072985 0.057459032
v -0.969903669 -0.215680757 0.059872782
v -0.961927629 -0.247516564 0.065406925
v -0.952142761 -0.277908687 0.074770695
v -0.940480544 -0.305871236 0.088496637
v -0.926955206 -0.330289936 0.106567375
v -0.911648733 -0.350217008 0.128349676
v -0.892113663 -0.364094278 0.150945469
v -0.862658376 -0.368116660 0.165912231
v -0.840409231 -0.374100760 0.189784216
v -0.824124638 -0.379157349 0.217618496
v -0.812787871 -0.383728068 0.248527030
v -0.790219064 -0.381996292 0.272222127
v -0.759914127 -0.374850963 0.283857342
v -0.729165786 -0.366656687 0.293685842
v -0.705869366 -0.361632106 0.316736409
v -0.681040772 -0.355512237 0.338054117
v -0.649911094 -0.346215923 0.341049237
v -0.618007281 -0.337335879 0.340209179
v -0.588423373 -0.330980420 0.352749133
v -0.558582959 -0.326083060 0.364033894
v -0.526851501 -0.323664008 0.357436045
v -0.496142075 -0.326516848 0.347327664
v -0.464510181 -0.336345200 0.344766631
v -0.435884695 -0.353105202 0.342583688
v -0.410386903 -0.374466073 0.341495113
v -0.386921448 -0.398092917 0.341409141
v -0.364299205 -0.422529107 0.341976336
v -0.341642920 -0.446923611 0.342886590
v -0.318348149 -0.470702415 0.343911000
v -0.293982103 -0.493380559 0.344896698
v -0.268228775 -0.514470998 0.345744728
v -0.240845228 -0.533396395 0.346393505
v -0.211656313 -0.549390303 0.346798848
v -0.180609297 -0.561356182 0.346901762
v -0.147964070 -0.567642745 0.346555017
v -0.115188013 -0.565457952 0.350232292
v -0.084893454 -0.553000058 0.354973592
v -0.059498510 -0.532309760 0.350165283
v -0.042089471 -0.511840873 0.331462713
v -0.028675070 -0.483225094 0.325174030
v -0.019134869 -0.454722592 0.314423550
v -0.011870004 -0.432919054 0.290792445
v -0.005233687 -0.402341492 0.279423332
v 0.001915811 -0.378306573 0.257563539
v 0.011536295 -0.356666029 0.234190674
v 0.026694616 -0.344040169 0.208527461
v 0.051515039 -0.331296629 0.191374084
v 0.082230887 -0.320001758 0.185999602
v 0.113506079 -0.308860991 0.188166175
v 0.143956504 -0.296568858 0.193680449
v 0.173576272 -0.282666670 0.199869765
v 0.202271030 -0.266529091 0.204794517
v 0.228664448 -0.246445201 0.207122783
v 0.250109236 -0.221386921 0.203946348
v 0.261543762 -0.193580640 0.190557933
v 0.265238832 -0.173670693 0.165625609
v 0.261863229 -0.158526043 0.136617748
v 0.255790659 -0.146576961 0.106151885
v 0.251632260 -0.136624767 0.074656006
v 0.246968826 -0.123878658 0.045050241
v 0.255233599 -0.109831603 0.018232960
v 0.265232916 -0.083148785 0.002146469
v 0.271131484 -0.050632143 -0.000359955
v 0.272442529 -0.017637634 0.003708171
v 0.271291845 0.015048871 0.009974175
v 0.268517503 0.047777025 0.015396540
v 0.266024758 0.080882195 0.016237070
v 0.255213007 0.110536488 0.006841447
v 0.240325060 0.127269007 -0.016593163
v 0.242810745 0.141870778 -0.045591113
v 0.243949835 0.151155339 -0.077536451
v 0.247759111 0.161405773 -0.108981265
v 0.250500865 0.174307003 -0.139369362
v 0.248366265 0.191539706 -0.165993135
v 0.243423363 0.220204603 -0.180014361
v 0.222475563 0.244863945 -0.186734353
v 0.194743132 0.263133417 -0.187524271
v 0.164676216 0.277113620 -0.184660299
v 0.134108372 0.289218495 -0.179382619
v 0.103299653 0.300483925 -0.173632464
v 0.072286796 0.311924888 -0.169783826
v 0.040864100 0.321817274 -0.173473050
v 0.014494540 0.328909613 -0.190876769
v -0.002244878 0.344879371 -0.212589363
v -0.012842209 0.363268737 -0.235931580
v -0.020834793 0.383337233 -0.259598299
v -0.028770837 0.411582314 -0.275032423
v -0.037783446 0.437513530 -0.293851738
v -0.049443853 0.464224738 -0.309902350
v -0.063841810 0.484516251 -0.330877033
v -0.085091357 0.506837782 -0.341585934
v -0.112338616 0.524977951 -0.337314202
v -0.144818343 0.530791199 -0.340326518
v -0.177655378 0.526720321 -0.343036038
v -0.208575423 0.515206070 -0.347167135
v -0.237230208 0.498760437 -0.351144564
v -0.264008377 0.479074802 -0.352898726
v -0.289224350 0.457367635 -0.351709183
v -0.312881022 0.434013233 -0.349759124
v -0.335504273 0.409801172 -0.346442037
v -0.357587748 0.385226637 -0.342241778
v -0.379707366 0.360660993 -0.338187016
v -0.402654235 0.336679168 -0.335548418
v -0.427555034 0.314610802 -0.335610005
v -0.455586301 0.297052660 -0.338835439
v -0.484880994 0.286506588 -0.348718322
v -0.514947867 0.283015734 -0.360994927
v -0.547057989 0.285154680 -0.356746798
v -0.578528413 0.289770189 -0.348243776
v -0.610356655 0.296365624 -0.353755525
v -0.641379113 0.303869050 -0.354043840
v -0.669141447 0.310087501 -0.336776947
v -0.697933209 0.316605584 -0.323391087
v -0.730007578 0.324194758 -0.318707423
v -0.760487635 0.330193814 -0.308361843
v -0.783679686 0.331847512 -0.285732646
v -0.799928610 0.329316468 -0.256849733
v -0.825250609 0.327279189 -0.236052904
v -0.856463687 0.326352690 -0.225275230
v -0.880937934 0.318310726 -0.205129417
v -0.900117262 0.303986471 -0.182121788
v -0.909296088 0.283049529 -0.158170548
v -0.913821798 0.257543282 -0.137375715
v -0.925281069 0.229443106 -0.123913355
v -0.935565156 0.199035493 -0.115162061
v -0.943770126 0.167159713 -0.110223718
v -0.953397534 0.135316054 -0.109455942
v -0.964159724 0.103907027 -0.111969141
v -0.973325312 0.072197783 -0.116304213
v -0.978051118 0.039626839 -0.121109392
v -0.977593445 0.006657501 -0.125698397
v -0.975324457 -0.026162482 -0.130870930
v -0.971580718 -0.058775871 -0.136470828
v -0.966034791 -0.091128227 -0.142084700
v -0.958749518 -0.123172884 -0.147474912
v -0.949873189 -0.154882628 -0.152448263
v -0.939607091 -0.186258626 -0.156831736
v -0.928187089 -0.217330597 -0.160465991
v -0.915856595 -0.248149104 -0.163165438
v -0.902913240 -0.278793933 -0.164734071
v -0.889682948 -0.309354831 -0.164904784
v -0.876542631 -0.339910986 -0.163307165
v -0.863926538 -0.370480396 -0.159439774
v -0.852330130 -0.400925173 -0.152602793
v -0.842230746 -0.430820390 -0.142035217
v -0.833969446 -0.459335894 -0.127026040
v -0.827549984 -0.485423613 -0.107451085
v -0.833635463 -0.512497821 -0.089530975
v -0.837365754 -0.535402878 -0.066333691
v -0.832545380 -0.550524808 -0.037072241
v -0.821972219 -0.557905725 -0.007698746
v -0.803500301 -0.557178034 0.020000975
v -0.793818110 -0.561925385 0.051093225
v -0.794103495 -0.571529570 0.082972880
v -0.791290044 -0.577837534 0.115554316
v -0.778761524 -0.576594557 0.146077565
v -0.763370939 -0.572824384 0.175324486
v -0.746126436 -0.567475974 0.203253838
v -0.726958301 -0.560736832 0.229600338
v -0.705749716 -0.552849860 0.254009061
v -0.681367534 -0.543170707 0.273489626
v -0.651957000 -0.530200748 0.282010767
v -0.623651509 -0.520749195 0.295562847
v -0.598628691 -0.516697903 0.316281647
v -0.574646851 -0.515747789 0.337698754
v -0.542509795 -0.514450166 0.346071346
v -0.509503607 -0.517076823 0.344850728
v -0.477705526 -0.525080681 0.339611590
v -0.447872322 -0.539719510 0.340933473
v -0.419746820 -0.557522843 0.341672452
v -0.392729281 -0.576993490 0.341651846
v -0.366240521 -0.597174473 0.341109217
v -0.339806078 -0.617412762 0.340175764
v -0.313070563 -0.637233887 0.338937509
v -0.285775331 -0.656258689 0.337468368
v -0.257734199 -0.674150676 0.335848141
v -0.228811294 -0.690570796 0.334174123
v -0.198919899 -0.705156684 0.332571744
v -0.168022992 -0.717490003 0.331201760
v -0.136143310 -0.727037850 0.330271232
v -0.103408910 -0.733058983 0.330050547
v -0.070184799 -0.734608417 0.330850810
v -0.037265177 -0.730454050 0.332973861
v -0.006201672 -0.719236329 0.336531206
v 0.020795899 -0.700459381 0.341050840
v 0.041362637 -0.676594077 0.349735996
v 0.055071794 -0.650797283 0.363771157
v 0.064656252 -0.620682608 0.357883154
v 0.070890721 -0.590491416 0.347351548
v 0.074366950 -0.558003895 0.352938335
v 0.076441381 -0.525572358 0.348838031
v 0.077861220 -0.494158082 0.337906127
v 0.079547327 -0.463737416 0.324494762
v 0.083160274 -0.438007110 0.304510726
v 0.090042175 -0.413178443 0.284541640
v 0.100722886 -0.384126337 0.275120035
v 0.121937930 -0.362574297 0.261625986
v 0.149934334 -0.345859419 0.255381195
v 0.180115829 -0.331850662 0.254628298
v 0.210395855 -0.318136255 0.256626419
v 0.240003272 -0.303205971 0.259690115
v 0.268376448 -0.286068364 0.262808688
v 0.294766462 -0.265931014 0.265200224
v 0.317902949 -0.242053626 0.265938092
v 0.335420761 -0.213972670 0.263454945
v 0.343248537 -0.182993833 0.255018392
v 0.338016828 -0.154422790 0.239612913
v 0.321601287 -0.132335831 0.222926661
v 0.307710409 -0.117266835 0.196720832
v 0.297153858 -0.106508357 0.167451242
v 0.286082658 -0.095953191 0.139302369
v 0.283237960 -0.085734730 0.109719678
v 0.273744189 -0.066538846 0.085393180
v 0.275325183 -0.038540892 0.068227688
v 0.277351816 -0.005605777 0.064991558
v 0.276760814 0.027442785 0.068795181
v 0.272840050 0.059932693 0.074891170
v 0.265112526 0.091818679 0.080465728
v 0.252828037 0.122632567 0.082373081
v 0.239672543 0.151675079 0.074141550
v 0.224304908 0.170378128 0.052306942
v 0.211886190 0.176485707 0.024858648
v 0.205262370 0.180641336 -0.006244956
v 0.205523960 0.189105984 -0.037235451
v 0.200328540 0.195025747 -0.068571033
v 0.196794170 0.210625255 -0.095767149
v 0.180123864 0.228382721 -0.116833643
v 0.155805360 0.249779172 -0.123281475
v 0.127518571 0.267039093 -0.120741308
v 0.097365261 0.279823964 -0.114866226
v 0.065731689 0.288118670 -0.108715075
v 0.032992063 0.292390305 -0.104521768
v -0.000158945 0.294511322 -0.105364889
v -0.030871447 0.296899446 -0.117211805
v -0.052650662 0.303527217 -0.141159186
v -0.066541326 0.314998965 -0.169101020
v -0.077402398 0.330050830 -0.196737373
v -0.088365309 0.347626073 -0.222800152
v -0.101564487 0.366623777 -0.246728640
v -0.119432878 0.385252006 -0.267677209
v -0.141109863 0.394669457 -0.290271637
v -0.170822536 0.399310310 -0.303412319
v -0.203152535 0.393800020 -0.307995886
v -0.233367141 0.380021827 -0.307105798
v -0.260460917 0.361102680 -0.303269987
v -0.284582668 0.338699195 -0.298366002
v -0.306010540 0.313651768 -0.293712535
v -0.325043225 0.286567320 -0.290139610
v -0.342195921 0.258129596 -0.288190437
v -0.356667087 0.228304411 -0.291168709
v -0.373046344 0.199704907 -0.295650092
v -0.394898400 0.175490217 -0.301844995
v -0.424582977 0.161059533 -0.304020272
v -0.451329435 0.151573664 -0.319679184
v -0.477621486 0.147625159 -0.337877408
v -0.509174373 0.147749896 -0.348473143
v -0.541434982 0.149545414 -0.356471541
v -0.574235757 0.151956369 -0.361610210
v -0.607362167 0.154183847 -0.364026358
v -0.640617279 0.155423482 -0.363333078
v -0.673717760 0.155037470 -0.359852311
v -0.705445370 0.152039317 -0.351446063
v -0.730242471 0.145455693 -0.330746743
v -0.758798152 0.134374145 -0.318368100
v -0.788404607 0.119803285 -0.317428276
v -0.813952621 0.099816916 -0.314164889
v -0.831584651 0.073173050 -0.305029522
v -0.843269399 0.042844794 -0.298067201
v -0.848928888 0.010486291 -0.292851958
v -0.849437739 -0.022577615 -0.289124680
v -0.845842088 -0.055575693 -0.286621980
v -0.839078362 -0.088144035 -0.285184151
v -0.829922341 -0.120156027 -0.284755009
v -0.818989646 -0.151605519 -0.285346425
v -0.806755819 -0.182535519 -0.286991123
v -0.793575933 -0.212999891 -0.289694479
v -0.779496903 -0.242991888 -0.293067694
v -0.764329115 -0.272461537 -0.296330633
v -0.748900366 -0.301700746 -0.300351669
v -0.733602679 -0.330873204 -0.305267546
v -0.718463586 -0.360081143 -0.310459277
v -0.703530058 -0.389490815 -0.315063878
v -0.689015069 -0.419313374 -0.318015477
v -0.675448211 -0.449710549 -0.318164868
v -0.663753792 -0.480642340 -0.314480541
v -0.655400954 -0.511978043 -0.307056125
v -0.649211615 -0.540479814 -0.292220596
v -0.641908401 -0.561627612 -0.267676501
v -0.643323439 -0.588749401 -0.248490817
v -0.650696098 -0.616185503 -0.231974806
v -0.663164728 -0.643704956 -0.219054581
v -0.669813183 -0.664702144 -0.194488106
v -0.674809124 -0.682024108 -0.166508063
v -0.678799796 -0.696954117 -0.137037266
v -0.681505612 -0.709606034 -0.106373317
v -0.682624063 -0.719958140 -0.074737279
v -0.681545345 -0.727710966 -0.042378794
v -0.674564313 -0.729049430 -0.010456678
v -0.663298964 -0.725989337 0.020663078
v -0.652090837 -0.723680757 0.051133501
v -0.650237396 -0.732699962 0.083135495
v -0.645086015 -0.739417881 0.114839344
v -0.629930495 -0.737578949 0.144415372
v -0.607092599 -0.727480749 0.164612422
v -0.582024577 -0.718293772 0.182473086
v -0.558301650 -0.717829226 0.205795816
v -0.537359350 -0.724810017 0.230462669
v -0.515283489 -0.734763131 0.252849437
v -0.484968349 -0.741282434 0.264815310
v -0.453999339 -0.750741644 0.272471356
v -0.422818441 -0.761896237 0.275767810
v -0.391690703 -0.773689165 0.275190634
v -0.360787730 -0.785648283 0.271897516
v -0.330107110 -0.797655362 0.267031057
v -0.299580876 -0.809810375 0.261585759
v -0.269145680 -0.822279761 0.256348404
v -0.238763175 -0.835158974 0.251853987
v -0.208204479 -0.847719392 0.247664572
v -0.177262508 -0.859274690 0.243392741
v -0.146010683 -0.870181354 0.239714839
v -0.114417472 -0.880304134 0.236796834
v -0.082435433 -0.889352651 0.234718093
v -0.050038514 -0.896968312 0.233553255
v -0.017240218 -0.902711819 0.233414695
v 0.015871219 -0.906013184 0.234504516
v 0.049053799 -0.906228060 0.237112555
v 0.081827004 -0.902649248 0.241628803
v 0.113316050 -0.894473340 0.248549164
v 0.142267795 -0.881269199 0.258180577
v 0.167188400 -0.863266251 0.270826698
v 0.184247150 -0.835649976 0.275881905
v 0.197343627 -0.806421114 0.283712074
v 0.207283805 -0.778896239 0.299520815
v 0.213854187 -0.759374514 0.325045324
v 0.216294157 -0.731622406 0.341219333
v 0.215495944 -0.699822546 0.351012930
v 0.212902703 -0.667447832 0.358297061
v 0.208999412 -0.634683600 0.362718337
v 0.204464646 -0.602018697 0.362235725
v 0.200292884 -0.570775638 0.351558610
v 0.196730849 -0.538651897 0.345654358
v 0.193926426 -0.506243612 0.351946594
v 0.195745803 -0.478968576 0.334862024
v 0.202566086 -0.449440106 0.322265671
v 0.214117753 -0.418446814 0.322421197
v 0.234937444 -0.393152078 0.317882725
v 0.261126464 -0.373073120 0.313980798
v 0.289750202 -0.356886408 0.308748213
v 0.317656940 -0.338857900 0.308677089
v 0.344333572 -0.319107563 0.311369969
v 0.369505418 -0.297642138 0.315131714
v 0.392563120 -0.274046153 0.319593843
v 0.412872503 -0.248039136 0.323953742
v 0.429417573 -0.219357107 0.327143867
v 0.440312482 -0.187980145 0.327705562
v 0.442487477 -0.155165735 0.323718464
v 0.434023816 -0.125039504 0.313251048
v 0.422722869 -0.103642864 0.291403497
v 0.397320802 -0.085538951 0.281432769
v 0.379217448 -0.073409175 0.257554737
v 0.357246005 -0.062901494 0.236607904
v 0.342006964 -0.054092181 0.209945452
v 0.322255835 -0.043204688 0.186862661
v 0.314383540 -0.029827068 0.159609698
v 0.303509327 -0.006593499 0.139591377
v 0.295189644 0.024188631 0.131626569
v 0.290725981 0.057133133 0.131907160
v 0.284389225 0.089479617 0.136567130
v 0.275168415 0.120925060 0.142434168
v 0.262222936 0.151186887 0.147318211
v 0.244527472 0.179274306 0.148486068
v 0.221755916 0.201925548 0.140892249
v 0.202275588 0.216043279 0.119282941
v 0.185322498 0.216912170 0.092665816
v 0.178294858 0.220694885 0.061653313
v 0.170578488 0.221365822 0.029271237
v 0.160538315 0.220959787 -0.001922328
v 0.153083794 0.233442615 -0.030067148
v 0.132701519 0.248742664 -0.050699939
v 0.103593623 0.263215566 -0.056742164
v 0.071854114 0.272783492 -0.054405900
v 0.039315927 0.277166750 -0.049000895
v 0.006518662 0.277248893 -0.043322933
v -0.026425131 0.273858020 -0.040155843
v -0.058744202 0.268151605 -0.044662518
v -0.085170967 0.263954300 -0.063709677
v -0.103399432 0.270959406 -0.089940937
v -0.115115518 0.276754293 -0.120540585
v -0.126132958 0.285868520 -0.150605412
v -0.139237703 0.296745451 -0.179198794
v -0.152698249 0.300517183 -0.208399262
v -0.178555507 0.312060373 -0.223893137
v -0.208314128 0.307384433 -0.237277461
v -0.237009023 0.291503187 -0.241908428
v -0.261441396 0.268980531 -0.241289953
v -0.281818469 0.242875110 -0.238042050
v -0.298917941 0.214650802 -0.233649064
v -0.313524205 0.185058854 -0.229207077
v -0.326500994 0.154569316 -0.225922029
v -0.339121488 0.123774558 -0.225641175
v -0.349834828 0.093885596 -0.234542828
v -0.365682411 0.070550297 -0.251590470
v -0.393421869 0.058242389 -0.263224951
v -0.419325753 0.050073168 -0.282408520
v -0.447058669 0.045066857 -0.300123953
v -0.474756382 0.041155331 -0.317855272
v -0.500463740 0.037136646 -0.338066093
v -0.533385792 0.032436235 -0.337711843
v -0.562774406 0.025090610 -0.348866718
v -0.590541904 0.014660064 -0.361389859
v -0.618778896 -0.000487547 -0.355720128
v -0.642404171 -0.021842136 -0.348562283
v -0.659741090 -0.050106296 -0.347297696
v -0.668592300 -0.082105976 -0.346560169
v -0.669829974 -0.115324956 -0.347019653
v -0.665122922 -0.148219580 -0.348630361
v -0.655890047 -0.180103048 -0.351065501
v -0.643152688 -0.210726060 -0.353940381
v -0.627640334 -0.240039202 -0.356891400
v -0.609902963 -0.268090024 -0.359599051
v -0.590416089 -0.295003256 -0.361803864
v -0.569606774 -0.320959583 -0.363312865
v -0.547901869 -0.346209354 -0.364002758
v -0.525785188 -0.371110859 -0.364135331
v -0.503830116 -0.396154589 -0.364182244
v -0.482824393 -0.421994782 -0.364177585
v -0.464011691 -0.449457556 -0.364074571
v -0.449167958 -0.479222363 -0.363608649
v -0.440139817 -0.511185476 -0.362148003
v -0.437606899 -0.544169737 -0.358797603
v -0.439404868 -0.574909495 -0.348050396
v -0.442598075 -0.601413083 -0.328472423
v -0.451108387 -0.631985037 -0.321231544
v -0.462686160 -0.663148719 -0.319999542
v -0.471759526 -0.689652529 -0.302811221
v -0.477024963 -0.709077144 -0.276288136
v -0.481594260 -0.727097733 -0.248788037
v -0.492025971 -0.753942784 -0.232061455
v -0.501459027 -0.779667185 -0.213153356
v -0.506779776 -0.800179156 -0.188143115
v -0.508899226 -0.817257549 -0.159672381
v -0.508653050 -0.832613570 -0.130155327
v -0.505763344 -0.846347954 -0.099976571
v -0.499479080 -0.858418754 -0.069604570
v -0.489875556 -0.869255500 -0.039642849
v -0.474622835 -0.875492827 -0.011165310
v -0.451769713 -0.870414446 0.012384769
v -0.428193031 -0.875159571 0.034801738
v -0.402519674 -0.884623696 0.053707621
v -0.374104338 -0.894644728 0.067818459
v -0.344124575 -0.905423108 0.077445225
v -0.313373986 -0.916741672 0.083317937
v -0.282281620 -0.928297101 0.086211933
v -0.251023806 -0.939766305 0.086753226
v -0.219643130 -0.950839921 0.085479254
v -0.188120394 -0.961235264 0.082776249
v -0.156417760 -0.970680314 0.078928992
v -0.124505996 -0.978939343 0.074188196
v -0.092373319 -0.985807814 0.068772216
v -0.060027567 -0.991106729 0.062884124
v -0.027496868 -0.994692715 0.056729255
v 0.005174233 -0.996444604 0.050524676
v 0.037933390 -0.996538339 0.044531406
v 0.070759650 -0.995382064 0.039037964
v 0.103453959 -0.991548167 0.034165569
v 0.135486651 -0.983455599 0.030127381
v 0.166791869 -0.972441909 0.027415263
v 0.197792042 -0.960314965 0.026535416
v 0.228989661 -0.948802544 0.028117799
v 0.260442391 -0.939049402 0.032957010
v 0.290953864 -0.929057106 0.041710666
v 0.319364668 -0.917859471 0.054896609
v 0.346488960 -0.914954151 0.073578866
v 0.370108001 -0.912583888 0.096668487
v 0.386964796 -0.899247364 0.121848454
v 0.397300036 -0.880519841 0.146701803
v 0.398327377 -0.852049824 0.163383594
v 0.401093322 -0.829504874 0.187387776
v 0.403189655 -0.810894844 0.214559174
v 0.405746436 -0.798278819 0.245194637
v 0.404023360 -0.779381291 0.271629313
v 0.398144739 -0.753891032 0.292185296
v 0.390888037 -0.727070479 0.310487938
v 0.382632101 -0.698994075 0.326329094
v 0.373798773 -0.669732095 0.339496325
v 0.364501557 -0.639002344 0.345292264
v 0.355349474 -0.607293772 0.341132933
v 0.349489922 -0.577509918 0.352124790
v 0.345806377 -0.548065323 0.363994063
v 0.345267537 -0.515251729 0.360993840
v 0.350908628 -0.485594517 0.347787084
v 0.363805288 -0.455014947 0.346064643
v 0.382423508 -0.427454328 0.345662839
v 0.404181575 -0.402327718 0.347522384
v 0.427290634 -0.378595250 0.350954211
v 0.450829378 -0.355367135 0.354907973
v 0.474293541 -0.331988080 0.358373650
v 0.497256413 -0.307970992 0.360571895
v 0.519169188 -0.282912590 0.361485997
v 0.539415804 -0.256484578 0.361494746
v 0.557424890 -0.228597238 0.359036077
v 0.572271352 -0.199076927 0.355040731
v 0.582833790 -0.167786402 0.351016638
v 0.587487219 -0.134983430 0.348362806
v 0.584018664 -0.101991684 0.347227411
v 0.570645081 -0.072141502 0.349042309
v 0.548403622 -0.048726174 0.354099765
v 0.523050300 -0.030903531 0.343322197
v 0.499148469 -0.018784229 0.324688411
v 0.470075057 -0.009227048 0.311610881
v 0.441791434 -0.002057686 0.295576270
v 0.414952271 0.004295956 0.276928954
v 0.390000588 0.011372476 0.256061509
v 0.364228275 0.020688635 0.238203936
v 0.343870873 0.035874266 0.218179679
v 0.335159946 0.060499553 0.199059253
v 0.323064434 0.090956828 0.194093134
v 0.309906024 0.121341872 0.197335971
v 0.296981530 0.151514149 0.202965767
v 0.283911767 0.181701174 0.208136746
v 0.269087954 0.211311795 0.211554758
v 0.250931752 0.239168244 0.211996830
v 0.227247234 0.262071799 0.208321169
v 0.198968589 0.274694615 0.197037962
v 0.171458252 0.269675447 0.180719121
v 0.158027034 0.269990256 0.151498173
v 0.145003301 0.262842249 0.121718778
v 0.133106685 0.254070631 0.092137429
v 0.124806502 0.254818028 0.061719024
v 0.108134822 0.250864435 0.034245652
v 0.087283125 0.264456544 0.013580989
v 0.055567512 0.271084877 0.007485598
v 0.022418313 0.270808288 0.010142789
v -0.010325924 0.271927163 0.016056700
v -0.043083704 0.270975159 0.021944281
v -0.075940934 0.266734236 0.024765605
v -0.107200708 0.257235426 0.019612981
v -0.128706490 0.242752278 0.000530391
v -0.142492973 0.238408154 -0.027309012
v -0.152522430 0.238682267 -0.058940211
v -0.160309735 0.238933188 -0.091118346
v -0.170976441 0.241407129 -0.120914342
v -0.185675177 0.241371877 -0.148606562
v -0.210283432 0.237071696 -0.169345328
v -0.238509010 0.222789652 -0.176874552
v -0.260306123 0.197775351 -0.177789805
v -0.277268857 0.169367790 -0.174349627
v -0.290350058 0.139194896 -0.169197987
v -0.300428839 0.107877476 -0.164081768
v -0.308383772 0.075709282 -0.160909089
v -0.315605888 0.043328034 -0.162865005
v -0.324914356 0.013977575 -0.174881409
v -0.331648335 -0.005561059 -0.199914308
v -0.354455568 -0.017901002 -0.218890485
v -0.369402434 -0.026545607 -0.246780704
v -0.390687289 -0.034529626 -0.270687840
v -0.415171371 -0.043381103 -0.291431864
v -0.442868046 -0.054447841 -0.304285707
v -0.469837966 -0.069659737 -0.314383081
v -0.486421330 -0.088321643 -0.335640165
v -0.503092368 -0.115690924 -0.344035059
v -0.509548854 -0.147845483 -0.348690186
v -0.505864259 -0.180778963 -0.350623089
v -0.494656302 -0.212081631 -0.350904461
v -0.478387383 -0.241096253 -0.350008259
v -0.458784116 -0.267917960 -0.347891905
v -0.436891553 -0.292821525 -0.344864306
v -0.413406165 -0.316154132 -0.341264833
v -0.388839901 -0.338319917 -0.337484260
v -0.363643467 -0.359818307 -0.333996986
v -0.338356395 -0.381333972 -0.331400430
v -0.313881126 -0.403884556 -0.330456199
v -0.291969268 -0.428863746 -0.331985041
v -0.275514398 -0.457401099 -0.336247548
v -0.266610702 -0.488430786 -0.343392792
v -0.263911379 -0.516391443 -0.359881377
v -0.266535632 -0.548308416 -0.356843627
v -0.271275899 -0.579595624 -0.348592762
v -0.277645628 -0.611307808 -0.355694860
v -0.284904062 -0.643222735 -0.357590551
v -0.292007544 -0.674837878 -0.350010781
v -0.298518495 -0.705785086 -0.339662158
v -0.303951508 -0.735925542 -0.326652491
v -0.307835051 -0.765122943 -0.311163964
v -0.308352009 -0.789557365 -0.288984039
v -0.304257091 -0.806738968 -0.260823026
v -0.298869712 -0.830086004 -0.237929259
v -0.292358209 -0.858226528 -0.222427338
v -0.283990274 -0.888027799 -0.211441288
v -0.266013925 -0.907492364 -0.191341556
v -0.243059779 -0.924260084 -0.174093387
v -0.215976348 -0.938103024 -0.160654091
v -0.185991138 -0.949039392 -0.151277197
v -0.154241348 -0.957265148 -0.145637565
v -0.121558442 -0.963056848 -0.143112174
v -0.088465098 -0.966702662 -0.143018166
v -0.055258889 -0.968394761 -0.144809781
v -0.022113445 -0.968310223 -0.148009691
v 0.010874289 -0.966595748 -0.152233063
v 0.043645692 -0.963343589 -0.157181974
v 0.076171306 -0.958665045 -0.162591631
v 0.108438422 -0.952661003 -0.168238525
v 0.140442484 -0.945410858 -0.173922069
v 0.172196027 -0.937026421 -0.179449637
v 0.203722727 -0.927626522 -0.184632770
v 0.235054079 -0.917324703 -0.189256331
v 0.266242544 -0.906295581 -0.193101173
v 0.297346639 -0.894722450 -0.195876793
v 0.328431360 -0.882852487 -0.197243601
v 0.359544596 -0.870997024 -0.196735123
v 0.390207953 -0.858628099 -0.193132765
v 0.418537992 -0.843717499 -0.184113966
v 0.445095002 -0.828786362 -0.170714099
v 0.471156697 -0.816612243 -0.153990254
v 0.496764461 -0.808896485 -0.134212323
v 0.520192777 -0.804312538 -0.111050289
v 0.544216312 -0.809234322 -0.089229213
v 0.565654301 -0.815854922 -0.065240902
v 0.579033171 -0.813062505 -0.035071435
v 0.588508869 -0.808198486 -0.003540704
v 0.595115891 -0.801970463 0.028477133
v 0.598958136 -0.794062614 0.060575796
v 0.600269217 -0.784280557 0.092351609
v 0.599387097 -0.772587563 0.123474582
v 0.596632306 -0.759028244 0.153718109
v 0.592187338 -0.743558764 0.182853219
v 0.586104410 -0.725876023 0.210413599
v 0.578783946 -0.705997397 0.236102798
v 0.570702098 -0.684148002 0.259887815
v 0.561246870 -0.659109321 0.278533982
v 0.548190266 -0.628989700 0.283860923
v 0.540806359 -0.600426080 0.298297078
v 0.539583833 -0.575078242 0.319384183
v 0.541188340 -0.548585989 0.338329077
v 0.544453051 -0.516329241 0.345716837
v 0.553174442 -0.484521203 0.349985682
v 0.566547727 -0.454092677 0.351563027
v 0.583058998 -0.425186760 0.351154592
v 0.601338659 -0.397409804 0.349351348
v 0.620390264 -0.370231370 0.346602898
v 0.639540032 -0.343188885 0.343252352
v 0.658324448 -0.315932686 0.339583580
v 0.676404192 -0.288214762 0.335841336
v 0.693496355 -0.259858776 0.332249971
v 0.709341026 -0.230746251 0.329021550
v 0.723675864 -0.200807525 0.326355492
v 0.736142988 -0.169990724 0.324440316
v 0.746192117 -0.138278206 0.323083455
v 0.753164655 -0.105734816 0.322403054
v 0.756301742 -0.072605494 0.322721272
v 0.754573750 -0.039429541 0.324406278
v 0.746740895 -0.007301970 0.327762882
v 0.731805944 0.021941035 0.332739083
v 0.709873738 0.046175038 0.338586031
v 0.682993511 0.064075239 0.345440228
v 0.657590616 0.075176848 0.363081909
v 0.625668504 0.082812595 0.362486617
v 0.595940505 0.087304260 0.348168847
v 0.563010136 0.089706615 0.348100388
v 0.529882810 0.090541006 0.350675442
v 0.502205419 0.091739053 0.332211622
v 0.471141919 0.092624258 0.323923598
v 0.441115981 0.095108984 0.312383707
v 0.419322122 0.102280682 0.288980824
v 0.389373266 0.112780615 0.281291639
v 0.366878397 0.133767388 0.269160905
v 0.349961761 0.161646794 0.262871770
v 0.336217330 0.191911883 0.261098703
v 0.322773613 0.222369151 0.261810367
v 0.307704299 0.251973883 0.264048232
v 0.289864658 0.279880616 0.267354479
v 0.268825134 0.305436831 0.270788193
v 0.242757432 0.325113585 0.276730940
v 0.213296182 0.340188132 0.278891092
v 0.182283358 0.348954759 0.271553882
v 0.156743114 0.351388765 0.250989004
v 0.132903874 0.335145485 0.236437557
v 0.119051248 0.326201895 0.209043118
v 0.105067347 0.307408103 0.185939719
v 0.096100172 0.299740162 0.155872006
v 0.084396476 0.289880505 0.126338360
v 0.067972530 0.284019065 0.098118924
v 0.042085196 0.277258617 0.079894696
v 0.009900911 0.280280193 0.072826078
v -0.023206495 0.283091464 0.074375967
v -0.056062933 0.281748222 0.079366956
v -0.088071428 0.274791979 0.085188276
v -0.117793312 0.260672557 0.089763346
v -0.145238881 0.242170873 0.087939719
v -0.168751467 0.226867671 0.071681907
v -0.177803979 0.211420817 0.045978282
v -0.185690222 0.206419300 0.015569187
v -0.191279475 0.202649442 -0.016925711
v -0.196102850 0.197527011 -0.049126950
v -0.209418922 0.195540010 -0.077135044
v -0.222887264 0.180738495 -0.102515629
v -0.243628291 0.158110625 -0.114232035
v -0.263156776 0.131271798 -0.113519662
v -0.277328330 0.101678664 -0.108296197
v -0.285063513 0.069830566 -0.102524885
v -0.287382130 0.036940855 -0.098152566
v -0.286133721 0.003706409 -0.097742779
v -0.286051607 -0.028216910 -0.106364653
v -0.296558420 -0.052820641 -0.124746570
v -0.298519906 -0.066477768 -0.154195535
v -0.317376212 -0.079019058 -0.177941156
v -0.333081170 -0.089819714 -0.205238967
v -0.348931578 -0.101565514 -0.231755382
v -0.361416832 -0.115134343 -0.258585801
v -0.382263870 -0.137139710 -0.269980411
v -0.386882868 -0.162782733 -0.289604495
v -0.383170732 -0.193628269 -0.300044912
v -0.371677954 -0.224716917 -0.300889206
v -0.355509569 -0.253257690 -0.295430685
v -0.333805792 -0.277982619 -0.290849211
v -0.308301850 -0.299141531 -0.287667087
v -0.280706985 -0.317588774 -0.285122911
v -0.251650682 -0.333803182 -0.283874183
v -0.221998666 -0.348957677 -0.284164115
v -0.192950779 -0.365016405 -0.286674936
v -0.166935548 -0.384701869 -0.292913262
v -0.148251904 -0.409974364 -0.303065749
v -0.139607787 -0.441375218 -0.307842865
v -0.133997080 -0.465039719 -0.329172645
v -0.132833157 -0.494954003 -0.342688515
v -0.133798001 -0.526833578 -0.352239417
v -0.135415073 -0.559371348 -0.359073826
v -0.136874498 -0.592126772 -0.359172589
v -0.137358154 -0.624034275 -0.349812129
v -0.136020603 -0.656697000 -0.349558123
v -0.133055702 -0.688484518 -0.358257293
v -0.126099038 -0.717287281 -0.345134111
v -0.114889066 -0.741436042 -0.326447154
v -0.097553113 -0.768015482 -0.316575987
v -0.075485979 -0.792544720 -0.313946806
v -0.049721977 -0.813325516 -0.316039326
v -0.018855315 -0.824553366 -0.311345325
v 0.013839084 -0.829785340 -0.308172644
v 0.047091386 -0.830389113 -0.307017514
v 0.080226227 -0.827226467 -0.307410172
v 0.112894514 -0.820983600 -0.308921708
v 0.144927870 -0.812185897 -0.311199353
v 0.176256423 -0.801241588 -0.313961213
v 0.206865146 -0.788475714 -0.316981703
v 0.236782889 -0.774178408 -0.320074813
v 0.266068982 -0.758610003 -0.323084424
v 0.294816217 -0.742027270 -0.325871478
v 0.323156339 -0.724703077 -0.328302356
v 0.351268739 -0.706949426 -0.330231346
v 0.379395350 -0.689158233 -0.331481897
v 0.407840605 -0.671842466 -0.331822395
v 0.436962524 -0.655723570 -0.330892483
v 0.467065644 -0.641776382 -0.328178160
v 0.498178534 -0.631192280 -0.322982821
v 0.529761659 -0.624971756 -0.314608031
v 0.560731110 -0.623409907 -0.302576689
v 0.581596687 -0.619191701 -0.277909473
v 0.604567586 -0.619619692 -0.254585554
v 0.631053556 -0.627158049 -0.236311307
v 0.658475029 -0.639921706 -0.222984482
v 0.680405751 -0.648440156 -0.199905588
v 0.693404001 -0.650112893 -0.170086015
v 0.700783387 -0.647646322 -0.137723518
v 0.711110436 -0.648394972 -0.107027188
v 0.728198807 -0.655660427 -0.079407626
v 0.743016005 -0.660981547 -0.050058141
v 0.744659373 -0.654309142 -0.018668032
v 0.741620781 -0.642993703 0.012425217
v 0.739995750 -0.631780925 0.043512147
v 0.746279582 -0.626094358 0.075266765
v 0.756812935 -0.623134013 0.106718137
v 0.758525649 -0.610049841 0.136428319
v 0.753460235 -0.588890327 0.160874826
v 0.741335349 -0.561293795 0.174477185
v 0.742065661 -0.536292191 0.196305469
v 0.745375804 -0.508610529 0.214444240
v 0.751574009 -0.478907796 0.228075177
v 0.760646994 -0.448260849 0.237325531
v 0.772014477 -0.417469769 0.242858306
v 0.784921394 -0.386890371 0.245483520
v 0.798677489 -0.356566876 0.245923248
v 0.812737916 -0.326400512 0.244742817
v 0.826859003 -0.296317939 0.242543189
v 0.840822665 -0.266214004 0.239716024
v 0.854377841 -0.235965651 0.236473569
v 0.867303557 -0.205471107 0.232979328
v 0.879404096 -0.174652905 0.229375963
v 0.890498629 -0.143456265 0.225796068
v 0.900381330 -0.111837233 0.222381698
v 0.908863436 -0.079782148 0.219292489
v 0.915720809 -0.047296437 0.216723982
v 0.920687003 -0.014419096 0.214928559
v 0.923488566 0.018751358 0.214208433
v 0.923709309 0.052033128 0.214996559
v 0.920953430 0.085087293 0.217765837
v 0.914652880 0.117316280 0.223125348
v 0.904318842 0.147778334 0.231581365
v 0.889530434 0.175101775 0.243418008
v 0.870422005 0.197930491 0.258209762
v 0.847477970 0.215321886 0.274742144
v 0.816065409 0.224182047 0.279361814
v 0.786191157 0.231209099 0.291068463
v 0.761686905 0.236064994 0.311930990
v 0.739202554 0.238446536 0.335747023
v 0.707304004 0.236292962 0.342516583
v 0.674285823 0.232255322 0.340983302
v 0.641684668 0.227730479 0.344606848
v 0.608971947 0.222728967 0.348215105
v 0.576053988 0.217775022 0.348570846
v 0.543174769 0.213614819 0.347047234
v 0.511136678 0.210583389 0.354616457
v 0.480222444 0.211688973 0.343592983
v 0.453680191 0.219090697 0.326388790
v 0.424852288 0.233597476 0.318634630
v 0.400009667 0.255211631 0.314200554
v 0.378444416 0.280544210 0.313337642
v 0.358405786 0.307090445 0.314958165
v 0.338522478 0.333629971 0.318031451
v 0.317905757 0.359507536 0.321822499
v 0.295944454 0.384221476 0.325796605
v 0.272157534 0.407219129 0.329514043
v 0.246131755 0.427747212 0.332547351
v 0.217504845 0.444597277 0.334364607
v 0.186228732 0.455816504 0.334172768
v 0.153366695 0.458357007 0.330651819
v 0.122518706 0.449796403 0.322319435
v 0.099123122 0.435287397 0.305207249
v 0.081807799 0.416107260 0.285889862
v 0.068308153 0.390541389 0.272164190
v 0.058859923 0.374218946 0.244998840
v 0.049242776 0.353559511 0.220729424
v 0.038830856 0.335457907 0.194810435
v 0.025154154 0.315173807 0.174019933
v 0.004900975 0.311732879 0.149283564
v -0.025456377 0.305056069 0.138103747
v -0.058015485 0.298431570 0.137713969
v -0.089847467 0.289963622 0.142510903
v -0.120737723 0.279326680 0.148945488
v -0.150826028 0.266238780 0.154570014
v -0.179363801 0.249378856 0.157095255
v -0.203603110 0.227275184 0.152742520
v -0.217949121 0.203013168 0.135864337
v -0.226546918 0.189500526 0.107958641
v -0.225951635 0.176787582 0.077234931
v -0.225426366 0.168058025 0.045111527
v -0.227596724 0.160453874 0.012779884
v -0.228659262 0.147205150 -0.016624307
v -0.246841644 0.133036680 -0.039003541
v -0.260460258 0.104542424 -0.048434246
v -0.268451405 0.072314986 -0.047744832
v -0.272041533 0.039604499 -0.042745271
v -0.273318156 0.006900004 -0.036598413
v -0.274293885 -0.026027041 -0.032160457
v -0.273597759 -0.058912631 -0.033854417
v -0.262836050 -0.085220992 -0.049197676
v -0.264998211 -0.104376638 -0.074487876
v -0.263532752 -0.113956763 -0.105196240
v -0.276191551 -0.126679197 -0.132669047
v -0.281880358 -0.136375492 -0.162535919
v -0.292778941 -0.151785363 -0.188527726
v -0.297386250 -0.171037130 -0.213588704
v -0.300330393 -0.200730940 -0.225916278
v -0.286414828 -0.229622625 -0.233867475
v -0.263526939 -0.253538995 -0.236376106
v -0.236305163 -0.272647173 -0.235653407
v -0.207359171 -0.288762900 -0.232371051
v -0.177723106 -0.303162188 -0.227552038
v -0.148193596 -0.317537693 -0.222045008
v -0.118719121 -0.332534717 -0.218334810
v -0.089062571 -0.346874871 -0.222204963
v -0.064257181 -0.359313361 -0.239131397
v -0.049035480 -0.379907777 -0.258722925
v -0.040854262 -0.407938448 -0.273060103
v -0.034826914 -0.427076998 -0.299272457
v -0.030936202 -0.459130847 -0.307407242
v -0.026368609 -0.484385210 -0.327996700
v -0.020890688 -0.513282326 -0.341693034
v -0.013591888 -0.545489229 -0.339230717
v -0.002676800 -0.572608177 -0.353693453
v 0.013092163 -0.599689361 -0.362308484
v 0.034282182 -0.623177450 -0.353582820
v 0.062137159 -0.639703369 -0.348566934
v 0.094324805 -0.647813965 -0.347922046
v 0.127542348 -0.648117871 -0.349053563
v 0.160166149 -0.642456603 -0.352265184
v 0.191566903 -0.632283481 -0.356532343
v 0.221599202 -0.618511942 -0.360601677
v 0.250284464 -0.601839810 -0.363330614
v 0.277677969 -0.582930720 -0.364083847
v 0.303899028 -0.562401753 -0.364154134
v 0.329170697 -0.540748702 -0.362980122
v 0.353772718 -0.518460281 -0.360322079
v 0.378127427 -0.496017456 -0.356800625
v 0.402803224 -0.473938098 -0.353226836
v 0.428550774 -0.453008655 -0.350446180
v 0.456240389 -0.434601010 -0.349030977
v 0.486475477 -0.420765760 -0.348544188
v 0.518369032 -0.413721383 -0.352060871
v 0.550455208 -0.413615288 -0.359798168
v 0.582737590 -0.417430945 -0.353975291
v 0.608408550 -0.421373823 -0.333540308
v 0.637363453 -0.428678654 -0.319169034
v 0.668525284 -0.440040526 -0.316611212
v 0.697858923 -0.450956813 -0.307171663
v 0.723826677 -0.459935890 -0.288405918
v 0.748283997 -0.468098919 -0.267371152
v 0.771180375 -0.475112046 -0.244243156
v 0.792344009 -0.480519360 -0.219101210
v 0.811723447 -0.483914650 -0.192234213
v 0.820146113 -0.480121896 -0.160456899
v 0.825502168 -0.473057500 -0.128526521
v 0.842732021 -0.469917805 -0.100427032
v 0.867063462 -0.469937744 -0.078015924
v 0.883172401 -0.461345355 -0.050867742
v 0.893785045 -0.445689540 -0.023531038
v 0.896563753 -0.423157376 0.000414984
v 0.894438255 -0.395818144 0.019210207
v 0.902210801 -0.367771864 0.035044425
v 0.912299210 -0.338161182 0.046384910
v 0.922302225 -0.307221846 0.053497498
v 0.934036617 -0.276327944 0.057507020
v 0.947381117 -0.245867824 0.059208478
v 0.961015160 -0.215486538 0.058993696
v 0.973438839 -0.184655788 0.057064730
v 0.983232008 -0.153039282 0.053530009
v 0.989405031 -0.120704446 0.048601907
v 0.993561799 -0.088163039 0.042865461
v 0.996553073 -0.055573410 0.036696311
v 0.997853511 -0.022925350 0.030266160
v 0.997300520 0.009735269 0.023791335
v 0.994955071 0.042353868 0.017506616
v 0.990924417 0.074887704 0.011649012
v 0.985339604 0.107307712 0.006474607
v 0.978392372 0.139601345 0.002248528
v 0.970280710 0.171762449 -0.000722813
v 0.961211203 0.203775443 -0.002069233
v 0.951380542 0.235579029 -0.001286059
v 0.940992117 0.267016369 0.002198564
v 0.930200643 0.297737244 0.009100548
v 0.919093403 0.327081568 0.020181159
v 0.907590781 0.354001959 0.035973726
v 0.895557830 0.377364461 0.056316791
v 0.895857301 0.399688708 0.080650835
v 0.890841669 0.416945980 0.108011819
v 0.875214237 0.426767219 0.135701953
v 0.852428721 0.428937649 0.158033065
v 0.824759519 0.426112177 0.176007130
v 0.808298754 0.427942166 0.204499119
v 0.796234106 0.430044629 0.235384278
v 0.778018351 0.427864653 0.262294409
v 0.753456905 0.421583073 0.283836747
v 0.727479610 0.413977056 0.303189455
v 0.700131164 0.405399435 0.320108317
v 0.671465979 0.396278720 0.334358252
v 0.641139191 0.386677844 0.341498900
v 0.609498884 0.377046086 0.337959940
v 0.577540442 0.370362644 0.343895355
v 0.549514119 0.367621940 0.361076506
v 0.516803386 0.367415881 0.364191262
v 0.485080410 0.373442470 0.357232806
v 0.456197135 0.386470641 0.347728244
v 0.428635143 0.405088559 0.346909675
v 0.403419524 0.426829343 0.346635818
v 0.379496949 0.449998837 0.346788350
v 0.355953794 0.473553352 0.347184848
v 0.332137588 0.496829127 0.347666314
v 0.307589658 0.519329999 0.348120900
v 0.281979885 0.540612952 0.348482408
v 0.255062501 0.560213295 0.348724187
v 0.226650112 0.577568965 0.348852708
v 0.196635939 0.591962383 0.348900634
v 0.165033397 0.602377903 0.348907539
v 0.132154656 0.607351535 0.348872288
v 0.099034760 0.604882952 0.348626855
v 0.068000556 0.593225515 0.347620236
v 0.042695186 0.572601764 0.349345609
v 0.024573560 0.545947125 0.353083946
v 0.011494597 0.520050570 0.338308503
v 0.001912410 0.493048874 0.322088823
v -0.005301398 0.463669979 0.308200416
v -0.011209684 0.435467518 0.291530631
v -0.016693900 0.405036517 0.279549333
v -0.023864482 0.384614097 0.256308274
v -0.034493026 0.361753229 0.237338160
v -0.052809330 0.341235448 0.219714169
v -0.080499613 0.327222015 0.208260059
v -0.111784675 0.316230040 0.205988295
v -0.143211453 0.305552095 0.208611815
v -0.174184456 0.294028975 0.212723956
v -0.204312023 0.280412535 0.216647590
v -0.232836139 0.263475943 0.219248205
v -0.258204848 0.242011599 0.219141008
v -0.277152028 0.215417607 0.213677960
v -0.284611649 0.186921293 0.198952088
v -0.275693485 0.161723497 0.180824788
v -0.274331643 0.149627842 0.150734612
v -0.262619817 0.135842273 0.124218922
v -0.257214532 0.126195602 0.094078881
v -0.258653833 0.117569682 0.063864984
v -0.254839218 0.099248214 0.037353357
v -0.262288155 0.072844032 0.019306441
v -0.269735279 0.040743203 0.015828020
v -0.274111343 0.007978568 0.019594341
v -0.274968858 -0.024751725 0.025601068
v -0.271927419 -0.057454042 0.030964092
v -0.264342184 -0.089767969 0.032521734
v -0.252209604 -0.119376561 0.024407782
v -0.238566791 -0.138283183 0.001988753
v -0.234484245 -0.149687935 -0.026138986
v -0.228935325 -0.154767106 -0.057819984
v -0.236165437 -0.167308968 -0.087603695
v -0.238720707 -0.179879610 -0.118298080
v -0.234436093 -0.194720240 -0.146777015
v -0.223285252 -0.217947854 -0.166645001
v -0.202812957 -0.243092343 -0.172975762
v -0.176997454 -0.263909959 -0.170920442
v -0.148612703 -0.280373885 -0.165399698
v -0.118430362 -0.292948345 -0.159174373
v -0.086769241 -0.301952919 -0.154255956
v -0.054222374 -0.308704603 -0.152740099
v -0.022316523 -0.315569873 -0.158612543
v 0.003732136 -0.325879935 -0.176059684
v 0.019062794 -0.333166856 -0.203469492
v 0.029856355 -0.351417818 -0.229113425
v 0.038563869 -0.372364799 -0.253479899
v 0.047385553 -0.395324026 -0.275912915
v 0.057908980 -0.419670406 -0.296020033
v 0.071706547 -0.447266326 -0.304907178
v 0.090622383 -0.469555924 -0.318737588
v 0.114257787 -0.482921248 -0.336432156
v 0.145593865 -0.491621934 -0.342650812
v 0.178666650 -0.489821377 -0.344492521
v 0.210391197 -0.479985508 -0.343226318
v 0.239806504 -0.464741864 -0.340155790
v 0.266900432 -0.445797862 -0.336271417
v 0.291899274 -0.424164442 -0.332330275
v 0.315058743 -0.400483898 -0.328930214
v 0.336670343 -0.375264814 -0.326523887
v 0.357323228 -0.349192393 -0.324857399
v 0.375781307 -0.321976502 -0.329492488
v 0.395204369 -0.295651413 -0.335259318
v 0.419400999 -0.273017144 -0.338137303
v 0.448407025 -0.257854065 -0.336838174
v 0.480173255 -0.249211326 -0.338104067
v 0.509966053 -0.245868739 -0.351182355
v 0.540846464 -0.247413894 -0.361846907
v 0.573724343 -0.252142883 -0.363984408
v 0.606447494 -0.258218627 -0.363393719
v 0.638854132 -0.264851365 -0.359671539
v 0.669566793 -0.270880965 -0.349910966
v 0.697055703 -0.275273230 -0.331725225
v 0.726582177 -0.279579899 -0.320049344
v 0.759392950 -0.284081864 -0.316571136
v 0.788343478 -0.285063286 -0.301620629
v 0.806971535 -0.280580979 -0.274938521
v 0.826767994 -0.273064291 -0.249775597
v 0.852150468 -0.262915276 -0.230971537
v 0.882040409 -0.251821923 -0.221561507
v 0.905352078 -0.233512017 -0.207670475
v 0.921549000 -0.208655412 -0.192654894
v 0.934027885 -0.179987994 -0.181317764
v 0.942555111 -0.148809364 -0.173449615
v 0.947492651 -0.116260673 -0.168581764
v 0.949300808 -0.083110251 -0.166153727
v 0.948499726 -0.049829682 -0.165622120
v 0.945580086 -0.016672495 -0.166550604
v 0.940942047 0.016237908 -0.168637373
v 0.934975445 0.048864252 -0.171635704
v 0.927960531 0.081202943 -0.175396160
v 0.920167618 0.113285952 -0.179770409
v 0.911776602 0.145145250 -0.184647839
v 0.902780102 0.176797507 -0.189783346
v 0.892771855 0.208183466 -0.194675076
v 0.882819053 0.239554108 -0.199774286
v 0.873549476 0.271072753 -0.205240003
v 0.864679923 0.302736797 -0.210526129
v 0.855825828 0.334546690 -0.214863790
v 0.846632860 0.366458276 -0.217278797
v 0.836947721 0.398301141 -0.216686113
v 0.826953957 0.429687330 -0.211955634
v 0.817719254 0.460289275 -0.202709462
v 0.810175080 0.489467596 -0.188738460
v 0.796399100 0.509206829 -0.166138019
v 0.785657083 0.528017885 -0.141131343
v 0.782790766 0.549262873 -0.115692848
v 0.787257852 0.570817842 -0.091392004
v 0.796021225 0.591618140 -0.067571095
v 0.793814735 0.603298407 -0.037121149
v 0.779543507 0.603081314 -0.007033751
v 0.766409100 0.602748742 0.023343772
v 0.760319563 0.607288757 0.055670852
v 0.759068922 0.614512723 0.088159406
v 0.754730011 0.618660928 0.120914218
v 0.739408446 0.613683036 0.148257426
v 0.718252322 0.604012011 0.172009616
v 0.698816544 0.596215184 0.196673587
v 0.687033049 0.595588339 0.227808266
v 0.670703167 0.592242375 0.255812573
v 0.646709231 0.584348394 0.277490552
v 0.616700374 0.571615970 0.281980997
v 0.587527730 0.564538059 0.294122620
v 0.558687182 0.563216637 0.310422018
v 0.533668460 0.568475391 0.331676402
v 0.502689444 0.574913416 0.341017026
v 0.471461504 0.585625653 0.345115224
v 0.441425272 0.599937761 0.345867551
v 0.412524629 0.616341075 0.343823581
v 0.384420117 0.633786366 0.339970670
v 0.356692972 0.651640189 0.335313882
v 0.328997566 0.669564663 0.330740860
v 0.301105561 0.687362947 0.326945078
v 0.272877126 0.704837969 0.324321142
v 0.244058682 0.721365483 0.321994717
v 0.214569799 0.736738110 0.320241961
v 0.184447741 0.750929070 0.319808443
v 0.153632116 0.763522859 0.320583753
v 0.122051402 0.773914941 0.322383750
v 0.089708353 0.781349074 0.324990609
v 0.056770801 0.784792102 0.328256901
v 0.023789030 0.782974779 0.332137241
v -0.008063522 0.774651953 0.336674038
v -0.036923320 0.759215889 0.342332198
v -0.059756807 0.736074468 0.341710207
v -0.077062984 0.708302770 0.338306843
v -0.090067023 0.678744078 0.345174125
v -0.097459728 0.652584705 0.363370942
v -0.102127191 0.619845838 0.363166359
v -0.104406945 0.589298198 0.350101914
v -0.105119787 0.556944319 0.351119406
v -0.105026406 0.525311083 0.346956550
v -0.105732995 0.497713294 0.328357291
v -0.106520491 0.465621851 0.321416784
v -0.109670645 0.435860166 0.310646163
v -0.118872424 0.414098875 0.288445338
v -0.132952340 0.385344284 0.281277251
v -0.156449260 0.363441918 0.273877837
v -0.185539081 0.348024132 0.269304031
v -0.216331083 0.335667685 0.266567376
v -0.245955076 0.320681006 0.268356653
v -0.274009847 0.303196596 0.272327932
v -0.299926899 0.282928845 0.277370233
v -0.323018256 0.259522045 0.282511078
v -0.342437254 0.232748335 0.285980023
v -0.356229698 0.202580684 0.285150203
v -0.360657953 0.170908914 0.276837369
v -0.359498191 0.146665963 0.255547210
v -0.342575381 0.124717451 0.238888667
v -0.328761307 0.110338416 0.214023702
v -0.316469498 0.099275403 0.185478625
v -0.303021058 0.088267049 0.157083770
v -0.286733891 0.074929257 0.132070866
v -0.287684645 0.060195892 0.103456192
v -0.280092896 0.033122792 0.086755332
v -0.281586438 0.000575545 0.081109426
v -0.286328113 -0.031430261 0.082218518
v -0.281776369 -0.063912860 0.087808715
v -0.272416080 -0.095222538 0.094076442
v -0.258466418 -0.125114754 0.098321223
v -0.240245367 -0.152671984 0.095803247
v -0.220517824 -0.173133726 0.079390182
v -0.210430707 -0.185787285 0.051878900
v -0.201814790 -0.189912976 0.022546914
v -0.198165103 -0.195552579 -0.009876891
v -0.192954409 -0.200471218 -0.042087508
v -0.187099244 -0.210610958 -0.071490643
v -0.176763137 -0.231334436 -0.094047721
v -0.152754871 -0.251421465 -0.104337820
v -0.123441557 -0.267015149 -0.104272877
v -0.092125440 -0.277325015 -0.099896118
v -0.059735973 -0.282706397 -0.094460044
v -0.026775982 -0.284303397 -0.090095594
v 0.006461519 -0.283566487 -0.089967184
v 0.037820870 -0.283133593 -0.100273340
v 0.061074806 -0.291979144 -0.120978979
v 0.074311784 -0.296381225 -0.149944744
v 0.084900306 -0.307231986 -0.179188609
v 0.095647539 -0.322297600 -0.206825177
v 0.109946715 -0.344702117 -0.226535226
v 0.123573004 -0.354246494 -0.254442599
v 0.147184986 -0.373223462 -0.265878369
v 0.176916764 -0.378586388 -0.279246948
v 0.208636494 -0.371855418 -0.285869765
v 0.237673778 -0.355872419 -0.287903522
v 0.262963894 -0.334274446 -0.287420151
v 0.284846975 -0.309264155 -0.285581454
v 0.303921506 -0.282091136 -0.283076620
v 0.320864772 -0.253541250 -0.280482608
v 0.336516964 -0.224211894 -0.278513011
v 0.352098318 -0.194787016 -0.278295731
v 0.369562902 -0.166698443 -0.281739023
v 0.391267521 -0.143388632 -0.290954489
v 0.418273053 -0.129104584 -0.302987264
v 0.449639840 -0.123175636 -0.309560473
v 0.473164278 -0.119194243 -0.332070832
v 0.504739076 -0.119111636 -0.339488820
v 0.537160610 -0.120032550 -0.342331601
v 0.566905303 -0.120358183 -0.357284604
v 0.598871300 -0.120615631 -0.355951168
v 0.631011416 -0.119146465 -0.348467455
v 0.662719120 -0.115839170 -0.356249959
v 0.694315719 -0.109577953 -0.357928460
v 0.722717911 -0.098817692 -0.345615131
v 0.744706003 -0.082974799 -0.326818455
v 0.767513544 -0.060350121 -0.318378040
v 0.784275981 -0.032513946 -0.311458370
v 0.794767472 -0.001268401 -0.307112933
v 0.799752026 0.031575535 -0.305393422
v 0.800233331 0.064847209 -0.305879156
v 0.797057983 0.097913190 -0.308039842
v 0.790844211 0.130450951 -0.311382911
v 0.782053634 0.162304843 -0.315475791
v 0.771046034 0.193411747 -0.319949345
v 0.758104030 0.223756324 -0.324491474
v 0.743476313 0.253357101 -0.328829654
v 0.727414541 0.282269154 -0.332723308
v 0.710198833 0.310592203 -0.335966221
v 0.692133781 0.338467272 -0.338367225
v 0.673637671 0.366122959 -0.339872542
v 0.655305758 0.393916224 -0.340680170
v 0.637768862 0.422225899 -0.340573985
v 0.621899303 0.451461621 -0.339178972
v 0.608876285 0.481915285 -0.335927014
v 0.599983931 0.513433171 -0.330098683
v 0.596010631 0.545185572 -0.321049617
v 0.596614199 0.576005492 -0.308548929
v 0.597220647 0.600498992 -0.287178854
v 0.597086192 0.619934695 -0.260390113
v 0.604998509 0.645348105 -0.241587610
v 0.618429465 0.673087530 -0.229109476
v 0.626986518 0.694627284 -0.206248724
v 0.632975068 0.712245484 -0.178650071
v 0.637655796 0.727522220 -0.149460475
v 0.640799762 0.740631406 -0.119057246
v 0.642306830 0.751759896 -0.087752902
v 0.641995845 0.760936650 -0.055752838
v 0.639195356 0.767833183 -0.023289766
v 0.633982322 0.772879597 0.009197117
v 0.626318123 0.776335848 0.041400733
v 0.615915613 0.778365226 0.072954531
v 0.602330837 0.779232467 0.103330918
v 0.585772747 0.779539903 0.132194301
v 0.563898339 0.776760650 0.156577511
v 0.535511362 0.767223246 0.170953646
v 0.507819795 0.767787029 0.188838270
v 0.479027534 0.773571235 0.204457277
v 0.448924565 0.782151112 0.215737867
v 0.418497314 0.793338441 0.223281114
v 0.388244537 0.806430178 0.227955414
v 0.358286251 0.820752841 0.230454872
v 0.328540565 0.835703558 0.231311673
v 0.298852437 0.850789196 0.230893365
v 0.269063103 0.865608587 0.229430768
v 0.239030941 0.879809910 0.227079320
v 0.208653565 0.893103209 0.223979810
v 0.177851347 0.905198452 0.220239708
v 0.146592654 0.915871755 0.215998762
v 0.114862777 0.924874949 0.211403269
v 0.082692593 0.932041298 0.206645325
v 0.050139028 0.937416124 0.202131179
v 0.017271165 0.941135342 0.198284411
v -0.015516609 0.939567736 0.193284677
v -0.047267973 0.931777453 0.187045451
v -0.079057205 0.922748439 0.183131325
v -0.111647062 0.916340407 0.184764465
v -0.143476801 0.908351665 0.190261712
v -0.173396611 0.897165963 0.199514197
v -0.200417542 0.889668251 0.217171916
v -0.223211931 0.879621867 0.239081125
v -0.240259522 0.859125675 0.258768572
v -0.250909063 0.832848649 0.275208143
v -0.254535157 0.800367242 0.279699559
v -0.257824318 0.771239785 0.295035351
v -0.258431780 0.741935280 0.310807354
v -0.256259466 0.711435986 0.323953422
v -0.252344359 0.680117214 0.334501401
v -0.247262555 0.648156558 0.342260387
v -0.241592393 0.615721245 0.347134530
v -0.236025093 0.582945357 0.348788441
v -0.231329653 0.550009145 0.347575648
v -0.228475320 0.517198773 0.348596658
v -0.228329619 0.484906982 0.350261201
v -0.235408743 0.457447783 0.334155520
v -0.249943739 0.429936322 0.323862344
v -0.271022225 0.404512195 0.320189854
v -0.295483348 0.381955718 0.320721300
v -0.320998231 0.360823295 0.324077968
v -0.346632866 0.340051811 0.328621755
v -0.372021312 0.318943580 0.332984130
v -0.396815111 0.296943438 0.336170200
v -0.420197296 0.273349588 0.338447418
v -0.441844476 0.248082518 0.337949681
v -0.460613222 0.220854332 0.334280131
v -0.474136817 0.190796327 0.330021933
v -0.479166348 0.158180025 0.326691174
v -0.472236413 0.126258456 0.324340051
v -0.453625219 0.099621650 0.321390093
v -0.436866402 0.081164602 0.301016292
v -0.415033364 0.066615266 0.281026356
v -0.391320088 0.055336175 0.260574583
v -0.367555363 0.045745751 0.239558788
v -0.346436373 0.036688697 0.217823256
v -0.330792109 0.025847105 0.192138207
v -0.314856766 0.009252561 0.169782343
v -0.311793088 -0.016085742 0.150201841
v -0.304240235 -0.047961714 0.145298948
v -0.294829918 -0.079701859 0.148612761
v -0.285083586 -0.111009615 0.154446960
v -0.274340315 -0.142025204 0.160037798
v -0.261863532 -0.172731492 0.163041200
v -0.244909258 -0.201247196 0.161797582
v -0.221144156 -0.222472909 0.153263966
v -0.193849519 -0.226513884 0.136568170
v -0.181892856 -0.232493970 0.107449357
v -0.170196992 -0.230739691 0.076350783
v -0.161613602 -0.229952088 0.044193231
v -0.153265060 -0.232457134 0.012079707
v -0.137927709 -0.234356162 -0.016364745
v -0.119657162 -0.253156711 -0.035268931
v -0.089036516 -0.264052861 -0.040920605
v -0.056102402 -0.268100570 -0.038637436
v -0.023589060 -0.272123107 -0.032698915
v 0.009066399 -0.274441698 -0.026606841
v 0.042180882 -0.274120302 -0.023582823
v 0.074458561 -0.269284048 -0.028942379
v 0.097364799 -0.258711937 -0.048850131
v 0.113871236 -0.261999555 -0.075993608
v 0.122159565 -0.260768863 -0.107479839
v 0.134165722 -0.271693597 -0.135559301
v 0.145149999 -0.277886399 -0.165071181
v 0.162544597 -0.287805139 -0.189810140
v 0.183934934 -0.288079956 -0.214036292
v 0.215471965 -0.285998467 -0.222152756
v 0.242592594 -0.267580128 -0.226648577
v 0.260283813 -0.239903163 -0.230746644
v 0.279025939 -0.212689222 -0.226812935
v 0.295090408 -0.184069772 -0.221190512
v 0.309533848 -0.154665717 -0.215206538
v 0.322862133 -0.124460834 -0.210915164
v 0.335883319 -0.093871594 -0.211328595
v 0.350654464 -0.065697719 -0.220534180
v 0.363918769 -0.045655205 -0.242177343
v 0.386765685 -0.034403227 -0.260996853
v 0.411291133 -0.027397746 -0.279809159
v 0.433549790 -0.021982291 -0.303210358
v 0.461849177 -0.017053854 -0.320034747
v 0.491353491 -0.011289512 -0.334320865
v 0.522858965 -0.003874765 -0.337446293
v 0.553467424 0.007237165 -0.341049459
v 0.576626687 0.021627073 -0.359447109
v 0.601369740 0.043518963 -0.362727971
v 0.618954506 0.071610973 -0.363996425
v 0.627361051 0.103718410 -0.364218333
v 0.627289945 0.136950546 -0.364164234
v 0.620666083 0.169547194 -0.364138716
v 0.609203927 0.200791953 -0.364174546
v 0.594164859 0.230490838 -0.364072346
v 0.576456048 0.258676550 -0.363332034
v 0.556738563 0.285474267 -0.361939323
v 0.535558635 0.311099435 -0.359997983
v 0.513359143 0.335816044 -0.357670461
v 0.490560152 0.359966216 -0.355178897
v 0.467637624 0.384010509 -0.352796818
v 0.445236653 0.408574677 -0.350826897
v 0.424387053 0.434500187 -0.349547122
v 0.406775109 0.462723124 -0.349044953
v 0.394605798 0.493656508 -0.348883039
v 0.389270897 0.526412494 -0.348240475
v 0.390815722 0.557184998 -0.359887154
v 0.395899352 0.589717935 -0.356511647
v 0.403481771 0.621187665 -0.348734298
v 0.412389264 0.651403011 -0.337984017
v 0.421736005 0.680376285 -0.324535532
v 0.430937305 0.708001117 -0.308423644
v 0.439503506 0.734193946 -0.289782302
v 0.447051893 0.758921569 -0.268851767
v 0.453244523 0.782135282 -0.245843298
v 0.457700635 0.803748757 -0.220943105
v 0.460017148 0.823703180 -0.194415805
v 0.457081803 0.836215076 -0.164819449
v 0.447983291 0.839521011 -0.133023958
v 0.440511018 0.853110793 -0.103900588
v 0.435782372 0.875508196 -0.080702611
v 0.428666180 0.898093590 -0.058946797
v 0.410511935 0.910105204 -0.033799926
v 0.387967577 0.921396003 -0.012114135
v 0.361665892 0.932046302 0.005235119
v 0.332552605 0.942049210 0.017859002
v 0.301657018 0.951322169 0.026051920
v 0.269763690 0.959756573 0.030503684
v 0.237356381 0.967249416 0.031966937
v 0.204702893 0.973714601 0.031108855
v 0.171942907 0.979077059 0.028468352
v 0.139148161 0.983285450 0.024491362
v 0.106354805 0.986313436 0.019542570
v 0.073581905 0.988140372 0.013912681
v 0.040840794 0.988758155 0.007849543
v 0.008139549 0.988156726 0.001572562
v -0.024516841 0.986364021 -0.004710403
v -0.057124698 0.983405479 -0.010801448
v -0.089681678 0.979316402 -0.016497663
v -0.122185492 0.974134601 -0.021573398
v -0.154632085 0.967917187 -0.025773131
v -0.187009784 0.960739178 -0.028802113
v -0.219285738 0.952677687 -0.030285712
v -0.251377938 0.943817028 -0.029722753
v -0.283115294 0.934275766 -0.026543491
v -0.314153957 0.924169008 -0.020029703
v -0.343860330 0.913607053 -0.009383824
v -0.371300734 0.902671224 0.005918074
v -0.395323873 0.891336045 0.025929664
v -0.415078899 0.879400000 0.049870377
v -0.433489197 0.876013297 0.076745508
v -0.448808269 0.874394238 0.105729342
v -0.456230436 0.860511712 0.134852662
v -0.456194341 0.838582812 0.158500803
v -0.451487868 0.811858183 0.177805116
v -0.449607778 0.791626819 0.203941824
v -0.450109097 0.778713647 0.234637990
v -0.447907233 0.762661600 0.263728561
v -0.438923333 0.735842652 0.279417429
v -0.428258838 0.706356297 0.290549984
v -0.420495133 0.681373129 0.309531478
v -0.414294485 0.658329339 0.332745886
v -0.405695195 0.629482726 0.344818479
v -0.396391078 0.598078062 0.339010587
v -0.390702248 0.566058509 0.343992263
v -0.389632842 0.537733108 0.360932539
v -0.392210973 0.505005794 0.364194348
v -0.401418055 0.473072295 0.363893785
v -0.416983233 0.443690661 0.363223770
v -0.436827289 0.416970424 0.362819882
v -0.458937027 0.392069184 0.362794981
v -0.481973469 0.368017474 0.363032703
v -0.505106173 0.344059160 0.363385056
v -0.527764350 0.319653004 0.363735041
v -0.549485268 0.294410482 0.364007517
v -0.569835209 0.268052273 0.364168233
v -0.588331499 0.240364959 0.364218428
v -0.604375474 0.211193555 0.364191488
v -0.617198694 0.180477865 0.364146186
v -0.625651473 0.148298651 0.364147223
v -0.628203514 0.115152437 0.364206908
v -0.623110691 0.082892013 0.359164053
v -0.609955113 0.053785785 0.350174593
v -0.588155724 0.029023273 0.346810191
v -0.560823897 0.011857634 0.352155218
v -0.531794167 -0.000373122 0.346789160
v -0.506631505 -0.008825248 0.327382529
v -0.474593601 -0.015101051 0.322049542
v -0.447636204 -0.020116789 0.306023417
v -0.423622304 -0.025325739 0.283899228
v -0.397779764 -0.031990638 0.264009611
v -0.374302443 -0.042509134 0.242942289
v -0.348742815 -0.058233021 0.230244443
v -0.333426666 -0.084584303 0.217403973
v -0.322740838 -0.115742287 0.213020241
v -0.313325372 -0.147671021 0.213517174
v -0.302502819 -0.179029394 0.216347427
v -0.288653042 -0.209035219 0.220309453
v -0.270930464 -0.236912813 0.224340229
v -0.246850452 -0.258360981 0.229986173
v -0.219388629 -0.276582694 0.229579554
v -0.193023794 -0.290216296 0.215936355
v -0.168678652 -0.291105545 0.194309659
v -0.148071146 -0.278653815 0.173159228
v -0.138054950 -0.275841763 0.142014712
v -0.127030057 -0.267991318 0.111595656
v -0.113920886 -0.257157347 0.083456690
v -0.103064908 -0.262903835 0.053702708
v -0.078796576 -0.261399552 0.032521748
v -0.047903796 -0.269378901 0.024021670
v -0.015400884 -0.276202045 0.025567059
v 0.017341531 -0.278764084 0.030847365
v 0.049937602 -0.275679523 0.036770430
v 0.081038547 -0.264934507 0.040939642
v 0.110616320 -0.250222613 0.038313137
v 0.137000932 -0.241651144 0.021454263
v 0.148154246 -0.228911966 -0.005782916
v 0.156036056 -0.224679349 -0.037651910
v 0.164003561 -0.224955251 -0.069975881
v 0.174318675 -0.226776250 -0.101568004
v 0.193286553 -0.232390962 -0.127265359
v 0.210182470 -0.221043297 -0.152484652
v 0.235418785 -0.203137398 -0.163733775
v 0.258247379 -0.179051057 -0.163440959
v 0.276446921 -0.151699924 -0.158310806
v 0.288909665 -0.121391379 -0.152630201
v 0.296612095 -0.089376889 -0.147977039
v 0.299904855 -0.056294756 -0.146552388
v 0.303428946 -0.023551343 -0.150820996
v 0.313936118 0.004338384 -0.164216227
v 0.328449015 0.022877961 -0.186011615
v 0.339508420 0.034200218 -0.214224881
v 0.358935901 0.043519166 -0.239602593
v 0.382414386 0.052745282 -0.260682074
v 0.406336742 0.063039097 -0.279175224
v 0.425800103 0.075499812 -0.302136942
v 0.452324102 0.093576799 -0.307301859
v 0.468039921 0.117771327 -0.323017512
v 0.474319369 0.146789581 -0.336541061
v 0.472870828 0.179719845 -0.340051141
v 0.463584599 0.211554642 -0.338114248
v 0.449119679 0.241051912 -0.332870365
v 0.430312518 0.268072778 -0.328066878
v 0.407839437 0.292507529 -0.325662411
v 0.383268835 0.314894905 -0.323757432
v 0.357063188 0.335427168 -0.323112485
v 0.329884633 0.354662236 -0.323726525
v 0.302560868 0.373622252 -0.325472613
v 0.276349123 0.393930731 -0.328434144
v 0.253522912 0.417649262 -0.333080102
v 0.237300213 0.445790619 -0.339933721
v 0.230956110 0.478009755 -0.336492036
v 0.228595098 0.510031931 -0.344085874
v 0.229632896 0.538696046 -0.360387580
v 0.234050494 0.570857318 -0.358570799
v 0.239202091 0.602025557 -0.348710064
v 0.245145229 0.634160998 -0.355041458
v 0.250737186 0.665481840 -0.353110918
v 0.254505626 0.693530247 -0.335656930
v 0.257223944 0.722296230 -0.319557384
v 0.260025702 0.754762379 -0.314670030
v 0.260766770 0.786759114 -0.308697612
v 0.255760783 0.809334579 -0.285866884
v 0.246030666 0.825201117 -0.258802869
v 0.233004887 0.849227277 -0.239853145
v 0.215856623 0.874018340 -0.226008167
v 0.196041573 0.899707805 -0.218667489
v 0.170076374 0.917975404 -0.209661685
v 0.139837826 0.928930622 -0.201171031
v 0.107819563 0.936476045 -0.196150358
v 0.074898213 0.939084531 -0.192766855
v 0.042440652 0.933473607 -0.188129982
v 0.010210690 0.925739494 -0.185059735
v -0.022734629 0.921609357 -0.186714660
v -0.055583115 0.917732511 -0.190573164
v -0.088114719 0.912199283 -0.195055830
v -0.120337821 0.905471970 -0.200111011
v -0.152273556 0.897839926 -0.205681778
v -0.183948055 0.889388118 -0.211554014
v -0.215389973 0.880163649 -0.217513803
v -0.246642700 0.870224762 -0.223318092
v -0.277762210 0.859647352 -0.228693054
v -0.308816469 0.848528614 -0.233293712
v -0.339887009 0.837043197 -0.236725525
v -0.371051696 0.825442054 -0.238487614
v -0.402354352 0.814109506 -0.237909502
v -0.433717877 0.803571196 -0.234260086
v -0.464818977 0.794486511 -0.226679430
v -0.494972247 0.787458524 -0.214519408
v -0.523292612 0.782872775 -0.197689884
v -0.543358594 0.774329153 -0.173529832
v -0.557383366 0.763634516 -0.145549796
v -0.576261959 0.761957936 -0.118230495
v -0.594263446 0.764256089 -0.091056210
v -0.614844504 0.774632281 -0.067102333
v -0.627409744 0.775973381 -0.037315346
v -0.628674548 0.765388242 -0.006282963
v -0.626622919 0.752048724 0.024151702
v -0.626702451 0.741766564 0.055637487
v -0.627278207 0.732463636 0.087560224
v -0.625889179 0.721090044 0.118792226
v -0.622688549 0.707470616 0.148998197
v -0.617908904 0.691406170 0.177769549
v -0.612989351 0.674099235 0.205566479
v -0.613596212 0.662292570 0.236698354
v -0.610352634 0.644144581 0.263214099
v -0.602305971 0.617578649 0.280708814
v -0.591185184 0.586703253 0.283670174
v -0.588493559 0.556624367 0.297121643
v -0.591289597 0.526232897 0.310234330
v -0.600752447 0.498729491 0.326361531
v -0.613381253 0.470202156 0.337409983
v -0.627657673 0.440235155 0.339890673
v -0.644280045 0.411395686 0.340742885
v -0.662207154 0.383330993 0.340465058
v -0.680667133 0.355631477 0.339382127
v -0.699114283 0.327953111 0.337697789
v -0.717138967 0.300028616 0.335568476
v -0.734410729 0.271658853 0.333119101
v -0.750632950 0.242694783 0.330469826
v -0.765537120 0.213038469 0.327751689
v -0.778838444 0.182623856 0.325113335
v -0.790212033 0.151417906 0.322736273
v -0.799274176 0.119434542 0.320847276
v -0.805557742 0.086760781 0.319727259
v -0.808441954 0.053601721 0.319727966
v -0.807112982 0.020390103 0.321266751
v -0.800539598 -0.012020588 0.324775356
v -0.787814136 -0.042194380 0.330448900
v -0.768537977 -0.068185465 0.337952510
v -0.743483588 -0.088482811 0.345452426
v -0.713910795 -0.101259380 0.338294877
v -0.682646461 -0.111328972 0.342859964
v -0.655223142 -0.116941485 0.360370534
v -0.623402063 -0.119733545 0.361311863
v -0.592274238 -0.120732475 0.349518097
v -0.559489899 -0.120560299 0.344450974
v -0.526876913 -0.119903446 0.337806337
v -0.494978448 -0.119742450 0.328301277
v -0.462221477 -0.120119762 0.325248328
v -0.432881135 -0.124346446 0.311970794
v -0.411561383 -0.135598452 0.290130771
v -0.387045326 -0.154613849 0.278463789
v -0.366940010 -0.180449809 0.272894025
v -0.349584265 -0.208843345 0.272635464
v -0.332851455 -0.237488508 0.275514552
v -0.315391208 -0.265494222 0.279964315
v -0.296364071 -0.292363716 0.284942768
v -0.275126615 -0.317568855 0.289634666
v -0.251072420 -0.340285656 0.293206636
v -0.223635915 -0.359012689 0.294522186
v -0.192819098 -0.370927627 0.291705257
v -0.161213481 -0.372066202 0.282169966
v -0.136046370 -0.364916314 0.262953083
v -0.117878168 -0.353306930 0.238465297
v -0.103116544 -0.336194236 0.214050020
v -0.091400982 -0.320069728 0.187386049
v -0.080445354 -0.306278687 0.159137081
v -0.066729418 -0.289806534 0.134684492
v -0.050130737 -0.290765318 0.107060515
v -0.021375400 -0.289527109 0.091060690
v 0.011654933 -0.289242148 0.087903975
v 0.044678066 -0.286917350 0.091281516
v 0.077050382 -0.281612525 0.096950850
v 0.108660754 -0.272743830 0.102418329
v 0.139053014 -0.259543418 0.105156677
v 0.165541689 -0.240339492 0.101158891
v 0.180439024 -0.216222011 0.085000342
v 0.192630283 -0.207135182 0.056643815
v 0.192650457 -0.194927319 0.027189260
v 0.196901331 -0.190483654 -0.004339556
v 0.206114762 -0.189520709 -0.034986253
v 0.211899649 -0.179153283 -0.065394165
v 0.233991648 -0.169826448 -0.086541330
v 0.252554378 -0.144546721 -0.096640105
v 0.265325931 -0.113904517 -0.096861714
v 0.273072969 -0.081816638 -0.092665973
v 0.277808173 -0.049365059 -0.086894255
v 0.280453902 -0.016528982 -0.082123808
v 0.287261492 0.015347429 -0.080642739
v 0.283352583 0.045594921 -0.092121150
v 0.284143992 0.067086183 -0.116342272
v 0.292318425 0.080519414 -0.142959441
v 0.305899376 0.091962060 -0.169566313
v 0.316099175 0.101472693 -0.198832472
v 0.330826297 0.114056399 -0.225661866
v 0.346369197 0.131294726 -0.249460801
v 0.362158466 0.156085690 -0.263139372
v 0.365722925 0.186859616 -0.273690181
v 0.355640361 0.217781574 -0.279879967
v 0.336730208 0.244969028 -0.282467657
v 0.312829665 0.268105951 -0.282823605
v 0.286259572 0.288100723 -0.281292189
v 0.258402054 0.306052721 -0.278052802
v 0.229827654 0.322690469 -0.274083505
v 0.202089488 0.340281665 -0.268621243
v 0.174665254 0.358790745 -0.265146614
v 0.147642059 0.377592124 -0.269422023
v 0.125812819 0.395498926 -0.285669446
v 0.113397031 0.420499569 -0.302197459
v 0.108759914 0.452000507 -0.308884927
v 0.105612166 0.477322504 -0.329588897
v 0.104793888 0.506574389 -0.344305994
v 0.104903100 0.538573563 -0.353488284
v 0.104724603 0.571220879 -0.359984824
v 0.103392421 0.603831635 -0.359023243
v 0.100161586 0.635029132 -0.348497095
v 0.093909282 0.666964734 -0.352823949
v 0.084433250 0.697534271 -0.358010779
v 0.069152611 0.725162187 -0.348528385
v 0.049018354 0.743733685 -0.329774148
v 0.022019409 0.761267528 -0.321968689
v -0.008884595 0.772566241 -0.317334508
v -0.041639580 0.778102782 -0.315751712
v -0.074880053 0.778980510 -0.317013572
v -0.107876447 0.776103074 -0.320317819
v -0.140291071 0.769989248 -0.324820914
v -0.171961708 0.760955426 -0.329709153
v -0.202805298 0.749272069 -0.334265828
v -0.232752288 0.735182687 -0.337912849
v -0.261790242 0.719077867 -0.340428348
v -0.290094338 0.701664641 -0.342607348
v -0.317649812 0.682990163 -0.343475395
v -0.344546274 0.663374160 -0.342606652
v -0.371072468 0.643365449 -0.340337296
v -0.397680351 0.623585165 -0.337184072
v -0.424941485 0.604786122 -0.333660002
v -0.453470222 0.588006020 -0.330055134
v -0.483686786 0.574619530 -0.326154661
v -0.515246956 0.565839324 -0.320401029
v -0.548098306 0.564978249 -0.319425346
v -0.580674336 0.569642591 -0.317225625
v -0.610187415 0.574670611 -0.302786860
v -0.628732605 0.575079033 -0.275522148
v -0.649525804 0.579019257 -0.250164083
v -0.672237273 0.586320395 -0.226952020
v -0.692627359 0.593214187 -0.201551230
v -0.710581380 0.599128658 -0.174131582
v -0.726124632 0.603591884 -0.145020725
v -0.739420704 0.606312911 -0.114633540
v -0.750647766 0.607118337 -0.083335068
v -0.759885165 0.605784561 -0.051412218
v -0.767185125 0.602004000 -0.019177536
v -0.772710025 0.595502498 0.012982452
v -0.776762893 0.586126070 0.044655957
v -0.787004407 0.579812827 0.075452338
v -0.799451363 0.573569483 0.105371322
v -0.801463211 0.555057420 0.132842788
v -0.801836358 0.531558255 0.156166376
v -0.796715579 0.502052429 0.170380885
v -0.795979920 0.471063942 0.181836588
v -0.804314544 0.441122720 0.193709579
v -0.814680656 0.410454774 0.201440009
v -0.827618430 0.380234109 0.206700236
v -0.842586007 0.350717881 0.210389408
v -0.858606939 0.321614170 0.212706238
v -0.874677061 0.292459189 0.213576120
v -0.889849735 0.262830162 0.212744644
v -0.903306696 0.232495115 0.210061252
v -0.914494671 0.201454965 0.205587790
v -0.924377896 0.170072681 0.200427706
v -0.933043954 0.138386838 0.194958631
v -0.939828887 0.106328454 0.189034843
v -0.944551358 0.073946981 0.182869809
v -0.947201225 0.041316757 0.176777453
v -0.947837638 0.008509784 0.171104911
v -0.946498200 -0.024408550 0.166263671
v -0.943305428 -0.057359647 0.162687276
v -0.938282143 -0.090226945 0.160931861
v -0.931439069 -0.122799775 0.161596571
v -0.922632047 -0.154665801 0.165427901
v -0.911616351 -0.185099650 0.173126499
v -0.897982493 -0.212956615 0.185125471
v -0.881052551 -0.236736903 0.201029250
v -0.871528284 -0.256484413 0.225367887
v -0.857795654 -0.271302212 0.250985715
v -0.832889593 -0.279808058 0.271333514
v -0.801816371 -0.281583294 0.279621243
v -0.771058577 -0.281492236 0.290080082
v -0.742187537 -0.280510121 0.306596906
v -0.712170656 -0.277178713 0.320577297
v -0.681278907 -0.272299400 0.331944789
v -0.649663969 -0.266412244 0.340507948
v -0.619469997 -0.260640233 0.352975072
v -0.589072495 -0.254872050 0.362922554
v -0.558593240 -0.249940650 0.350530719
v -0.526045589 -0.246750328 0.345861490
v -0.494090164 -0.245754330 0.354144109
v -0.462378100 -0.251171381 0.346327411
v -0.437213605 -0.265223930 0.330016493
v -0.411438833 -0.285557008 0.325250293
v -0.388242592 -0.309294923 0.325640889
v -0.365626548 -0.332486733 0.333332192
v -0.344726023 -0.358104611 0.336770272
v -0.323891828 -0.384006422 0.338820657
v -0.302138522 -0.409184622 0.340171334
v -0.278947493 -0.433075729 0.340446582
v -0.253826275 -0.454908226 0.339727456
v -0.226376419 -0.473662112 0.338210459
v -0.196379586 -0.487861338 0.336058942
v -0.164133102 -0.495266077 0.333155216
v -0.131364927 -0.492986667 0.328732692
v -0.102168520 -0.479021043 0.323241917
v -0.080179688 -0.455457755 0.320333947
v -0.065258008 -0.437073423 0.297921872
v -0.052979815 -0.411360470 0.282109725
v -0.043670271 -0.387739084 0.263311917
v -0.035368700 -0.366867824 0.240277624
v -0.026206438 -0.345784323 0.218004947
v -0.014396632 -0.333159110 0.190822751
v 0.004247597 -0.315251126 0.172178820
v 0.032482274 -0.313117626 0.155518205
v 0.064930176 -0.306602692 0.152683557
v 0.097301091 -0.299413106 0.155574073
v 0.128853512 -0.290092523 0.160681530
v 0.159322526 -0.277767286 0.165956115
v 0.188150290 -0.261568633 0.169590379
v 0.213815539 -0.240529330 0.168897741
v 0.232304389 -0.215067487 0.159032751
v 0.234365442 -0.188667435 0.140620037
v 0.238150552 -0.176404600 0.111384805
v 0.230192720 -0.161538827 0.083167463
v 0.228720149 -0.152980766 0.051024910
v 0.235379210 -0.147811527 0.019703572
v 0.237163757 -0.132494342 -0.008559797
v 0.249778112 -0.109629554 -0.028431697
v 0.262136810 -0.079312016 -0.033198775
v 0.270680335 -0.047348752 -0.029825484
v 0.275389656 -0.014965557 -0.023732160
v 0.276318093 0.017796278 -0.017939558
v 0.273227707 0.050809552 -0.015518621
v 0.266367183 0.082502456 -0.021990825
v 0.258849538 0.106123813 -0.043224872
v 0.255846086 0.118847954 -0.071227471
v 0.256468925 0.127590404 -0.101984635
v 0.262810283 0.137808778 -0.132966189
v 0.270817170 0.150645499 -0.162608728
v 0.282880936 0.170985080 -0.184557504
v 0.278249951 0.191206388 -0.209167761
v 0.267475413 0.219981479 -0.221056539
v 0.246848204 0.245800331 -0.223701519
v 0.221187432 0.266820926 -0.221398512
v 0.192920955 0.283795899 -0.216859940
v 0.163091758 0.297660822 -0.211711709
v 0.132200657 0.309319897 -0.207410109
v 0.100693501 0.319948907 -0.206008074
v 0.070707724 0.333515519 -0.209549845
v 0.046630396 0.353347510 -0.220108154
v 0.030635653 0.366302342 -0.244773513
v 0.020974499 0.388189788 -0.267600188
v 0.014472735 0.413295638 -0.288469989
v 0.008936172 0.440251290 -0.307203216
v 0.002961632 0.468647262 -0.323510936
v -0.004697245 0.498040709 -0.337113296
v -0.014687386 0.528776162 -0.337015655
v -0.029920198 0.557093094 -0.343232398
v -0.049364269 0.577943504 -0.359898690
v -0.076707427 0.596510804 -0.362587982
v -0.108520304 0.605875203 -0.363236843
v -0.141724439 0.606268062 -0.362352977
v -0.174270451 0.599675906 -0.360517772
v -0.205353454 0.588028964 -0.358128302
v -0.234802582 0.572731554 -0.355491201
v -0.262697287 0.554741528 -0.352876727
v -0.289195137 0.534711442 -0.350535325
v -0.314489810 0.513129677 -0.348697494
v -0.338816072 0.490413580 -0.347564000
v -0.362504261 0.467007660 -0.347060040
v -0.386077808 0.443482953 -0.346713966
v -0.410258937 0.420585200 -0.346662939
v -0.436023026 0.399507376 -0.347078920
v -0.464397328 0.382173621 -0.347967235
v -0.495640231 0.370879505 -0.348817615
v -0.528603314 0.366590140 -0.348538940
v -0.560668446 0.368488176 -0.354838310
v -0.592658834 0.374417584 -0.358247347
v -0.620354613 0.380350407 -0.342356271
v -0.647284753 0.387182950 -0.324711206
v -0.678010342 0.397095900 -0.317534463
v -0.708843136 0.407792910 -0.311081973
v -0.733271535 0.414893387 -0.292267765
v -0.752600492 0.418778276 -0.265501116
v -0.775025558 0.423735280 -0.242902790
v -0.803389524 0.431113250 -0.227102428
v -0.828192289 0.435209284 -0.206389686
v -0.843877128 0.432660200 -0.177542957
v -0.849034628 0.423456321 -0.146213714
v -0.861479951 0.413994437 -0.117116476
v -0.879097850 0.403179095 -0.091180410
v -0.903753399 0.393623245 -0.071014658
v -0.922567166 0.376670747 -0.050258302
v -0.934497537 0.352159998 -0.031207626
v -0.945348188 0.324265921 -0.016693075
v -0.954651765 0.293910138 -0.006735138
v -0.962326410 0.262071640 -0.000804442
v -0.968394596 0.229446207 0.001839734
v -0.972944212 0.196462948 0.001919228
v -0.976103772 0.163366364 0.000048757
v -0.978010686 0.130287190 -0.003289852
v -0.978844220 0.097285774 -0.007683597
v -0.978762264 0.064381603 -0.012827952
v -0.977911150 0.031571065 -0.018479815
v -0.976411884 -0.001161989 -0.024439880
v -0.974376267 -0.033842827 -0.030526942
v -0.971858786 -0.066497422 -0.036574181
v -0.968416443 -0.099114940 -0.042351258
v -0.964005805 -0.131700416 -0.047635386
v -0.960639466 -0.164476584 -0.052472156
v -0.958480407 -0.197447251 -0.056644493
v -0.956518214 -0.230554733 -0.059661314
v -0.953511937 -0.263691753 -0.060867641
v -0.948314189 -0.296533587 -0.059422748
v -0.940194248 -0.328408057 -0.054424882
v -0.930357365 -0.358866610 -0.045306318
v -0.920362679 -0.387512774 -0.031649801
v -0.902785251 -0.408829431 -0.013742101
v -0.881945671 -0.424541723 0.006859056
v -0.868691311 -0.441817443 0.031914447
v -0.857145894 -0.455858287 0.059780664
v -0.844531169 -0.465712990 0.088947465
v -0.830585482 -0.471814258 0.118546911
v -0.814975278 -0.474389232 0.147824006
v -0.797661224 -0.474086112 0.176238270
v -0.782099053 -0.473271719 0.205450610
v -0.768839010 -0.472671093 0.235921697
v -0.751150175 -0.468767239 0.262574656
v -0.722950648 -0.458042575 0.276672754
v -0.693625045 -0.446731193 0.287687181
v -0.666384539 -0.437693398 0.304527033
v -0.637670292 -0.428834316 0.318847779
v -0.607527767 -0.420780143 0.330430269
v -0.575948326 -0.414666400 0.338964396
v -0.543422109 -0.412041756 0.345363568
v -0.514264556 -0.414765594 0.360891843
v -0.482442326 -0.422612493 0.364173391
v -0.452347061 -0.436750961 0.363856363
v -0.424896566 -0.455467830 0.361937416
v -0.399427096 -0.476695882 0.358865956
v -0.374941701 -0.498993153 0.355330263
v -0.350592415 -0.521479432 0.352059626
v -0.325804932 -0.543594433 0.349698219
v -0.300249069 -0.564920498 0.348690472
v -0.273712686 -0.585038189 0.348411695
v -0.246045928 -0.603555158 0.348899367
v -0.217211728 -0.620042806 0.351182802
v -0.187133423 -0.633873401 0.354684384
v -0.155717437 -0.644158219 0.358544621
v -0.123056474 -0.649524968 0.361818383
v -0.089911995 -0.648180558 0.363682039
v -0.058201890 -0.638400855 0.364177451
v -0.031818132 -0.621052188 0.356070339
v -0.010613250 -0.597434171 0.347649679
v 0.004794942 -0.568491809 0.348695349
v 0.014792736 -0.537774555 0.350778030
v 0.021950174 -0.511622913 0.332128697
v 0.027445743 -0.482399927 0.317704560
v 0.031995838 -0.452923228 0.302916385
v 0.036764112 -0.424740970 0.285958549
v 0.042361547 -0.394458826 0.274755768
v 0.053081265 -0.378457808 0.248446150
v 0.069666402 -0.353541364 0.235450783
v 0.095771905 -0.336278148 0.225288453
v 0.127000831 -0.325829917 0.220761176
v 0.159108033 -0.317079799 0.220150654
v 0.189870174 -0.304882619 0.223462151
v 0.218848922 -0.289296919 0.228462411
v 0.245173827 -0.269742106 0.234093707
v 0.268192167 -0.246115656 0.238334076
v 0.286556491 -0.218494900 0.237680106
v 0.296372789 -0.188700050 0.227491006
v 0.300523475 -0.166961944 0.203595229
v 0.286552461 -0.145330386 0.183690247
v 0.276602187 -0.131531433 0.155093680
v 0.267799045 -0.120570751 0.124915078
v 0.261743795 -0.109973344 0.093947554
v 0.265763576 -0.099008698 0.063943044
v 0.264458229 -0.075538752 0.041711507
v 0.269827260 -0.044421952 0.032403477
v 0.279380104 -0.012652304 0.033038500
v 0.279505456 0.020204467 0.038262332
v 0.274417022 0.052490018 0.044464199
v 0.264332603 0.083864134 0.048987560
v 0.250311541 0.113863490 0.047223372
v 0.235223332 0.138418681 0.031507842
v 0.229951705 0.154933290 0.004424567
v 0.220836949 0.159715615 -0.026435082
v 0.220117082 0.167143236 -0.058881300
v 0.226333704 0.180667972 -0.088318813
v 0.222624911 0.191293320 -0.117833459
v 0.219122377 0.214368582 -0.139975992
v 0.197555961 0.233934522 -0.155006421
v 0.171684688 0.254585911 -0.156852976
v 0.142485118 0.270095235 -0.153256002
v 0.111711394 0.281468381 -0.147635172
v 0.079902714 0.289630757 -0.142158475
v 0.047270738 0.295470523 -0.139238610
v 0.014705836 0.300500490 -0.143120337
v -0.013047300 0.307957601 -0.159271593
v -0.031154959 0.326341179 -0.179297375
v -0.041865555 0.334686356 -0.208697960
v -0.051808426 0.358063968 -0.229053426
v -0.060442568 0.374410560 -0.255413677
v -0.072137014 0.401077123 -0.271067621
v -0.084580326 0.416538166 -0.297026312
v -0.104027919 0.440691813 -0.305847975
v -0.130635118 0.457644899 -0.314451495
v -0.162542078 0.463047764 -0.321384784
v -0.195093071 0.457579086 -0.324753110
v -0.225516136 0.444243821 -0.326032421
v -0.253151743 0.425714655 -0.326120852
v -0.278142380 0.403735379 -0.325486797
v -0.300824177 0.379385540 -0.324403052
v -0.321642639 0.353427855 -0.323106885
v -0.341142128 0.326457203 -0.321891621
v -0.360083981 0.299072351 -0.321205953
v -0.379603951 0.272101762 -0.321776395
v -0.401383967 0.247125562 -0.324702585
v -0.427149219 0.227139441 -0.330973366
v -0.456798636 0.215125174 -0.339811946
v -0.489396504 0.212160036 -0.336090968
v -0.519489938 0.211530260 -0.348398883
v -0.549161544 0.213876568 -0.361176108
v -0.581068925 0.218437835 -0.353955997
v -0.613185843 0.223385806 -0.347753174
v -0.645873388 0.228347474 -0.343907666
v -0.678188009 0.232623451 -0.337144795
v -0.709839425 0.235342074 -0.327200223
v -0.741781990 0.236571138 -0.318232756
v -0.774827689 0.236678563 -0.315908242
v -0.804815386 0.232468659 -0.303048511
v -0.826490323 0.222746981 -0.280945475
v -0.840029362 0.207896142 -0.254907734
v -0.861341048 0.188251229 -0.238635453
v -0.878736098 0.163425362 -0.225006090
v -0.891951553 0.134649167 -0.214857929
v -0.901129390 0.103347026 -0.208320615
v -0.906823389 0.070740539 -0.204865878
v -0.909495423 0.037572441 -0.203907241
v -0.909576033 0.004291698 -0.204850912
v -0.907416294 -0.028853007 -0.207195165
v -0.903253903 -0.061720253 -0.210557140
v -0.897308741 -0.094234582 -0.214610873
v -0.889765568 -0.126359979 -0.219093290
v -0.880760908 -0.158077162 -0.223785619
v -0.870464819 -0.189397828 -0.228488131
v -0.859030825 -0.220347257 -0.233020101
v -0.846613877 -0.250966609 -0.237196255
v -0.833412369 -0.281326469 -0.240825474
v -0.819651080 -0.311519173 -0.243687840
v -0.805608178 -0.341662214 -0.245510619
v -0.791643612 -0.371892038 -0.245937016
v -0.778239692 -0.402338396 -0.244470258
v -0.766910698 -0.433466121 -0.241429747
v -0.761495216 -0.466220009 -0.239305447
v -0.759506969 -0.498964290 -0.233832902
v -0.758056232 -0.529580519 -0.221061910
v -0.756675305 -0.556376298 -0.201424180
v -0.752974291 -0.576417977 -0.175925491
v -0.743241782 -0.586896066 -0.145942348
v -0.741834142 -0.602840957 -0.116838434
v -0.741812824 -0.617032113 -0.086733402
v -0.740766679 -0.628330918 -0.055450098
v -0.738266611 -0.636789399 -0.023364331
v -0.733979181 -0.642549708 0.009121899
v -0.727733901 -0.645883289 0.041618520
v -0.719471745 -0.647080664 0.073809554
v -0.709080544 -0.646323720 0.105409361
v -0.696336056 -0.643744005 0.136057795
v -0.681039075 -0.639602492 0.165340736
v -0.663137402 -0.634343171 0.192908703
v -0.647214485 -0.632174573 0.221371140
v -0.635557262 -0.634873680 0.252431143
v -0.610357741 -0.628984428 0.273373963
v -0.580044525 -0.620676540 0.282910821
v -0.548098115 -0.615048915 0.288173575
v -0.517034698 -0.618281172 0.299596648
v -0.485728296 -0.626218037 0.307560217
v -0.455227712 -0.638426468 0.312875909
v -0.425859118 -0.653713271 0.316373187
v -0.397442083 -0.670922922 0.318661812
v -0.369621893 -0.689175990 0.320082969
v -0.342023933 -0.707804729 0.320818219
v -0.314339030 -0.726318079 0.320932835
v -0.286317635 -0.744310593 0.320445559
v -0.257774500 -0.761434878 0.319374314
v -0.228574474 -0.777364025 0.317748565
v -0.198628989 -0.791776813 0.315632305
v -0.167894012 -0.804346138 0.313138186
v -0.136380334 -0.814780955 0.310527929
v -0.104166886 -0.822939442 0.308424581
v -0.071350290 -0.828410875 0.307175918
v -0.038138495 -0.830634429 0.307154710
v -0.004951319 -0.828875571 0.308807219
v 0.027416054 -0.822238191 0.312595009
v 0.057630961 -0.809857133 0.318800302
v 0.083871987 -0.791298281 0.327204981
v 0.104668113 -0.767237965 0.336810973
v 0.119324117 -0.738771003 0.344152584
v 0.127687320 -0.707590212 0.337464171
v 0.133972548 -0.675550062 0.343441120
v 0.136804377 -0.642639344 0.347543295
v 0.137362466 -0.609387532 0.348748045
v 0.136521319 -0.576159479 0.346983268
v 0.134828958 -0.543120214 0.349527095
v 0.133474800 -0.511896702 0.344431430
v 0.134190336 -0.484530564 0.325931578
v 0.135540641 -0.451883973 0.322522039
v 0.142574127 -0.423365683 0.308729091
v 0.158151186 -0.402477943 0.289538324
v 0.181111832 -0.379813693 0.281814690
v 0.208046853 -0.360353492 0.280522527
v 0.235784281 -0.342186347 0.283528963
v 0.263285396 -0.324072737 0.288502001
v 0.290299701 -0.305297124 0.293681909
v 0.316559638 -0.285245925 0.297820115
v 0.341216830 -0.263049986 0.300494144
v 0.364575861 -0.239515130 0.297898631
v 0.382847398 -0.212193975 0.293313510
v 0.391078826 -0.180488012 0.288376891
v 0.383302297 -0.149085558 0.284584690
v 0.370463702 -0.124670581 0.267229640
v 0.357662883 -0.108673106 0.243196432
v 0.336595897 -0.094444225 0.223623659
v 0.324477927 -0.084788026 0.195055904
v 0.309117818 -0.074275781 0.169491371
v 0.298411287 -0.062246808 0.141899987
v 0.290844367 -0.044469770 0.117234854
v 0.292214443 -0.017399863 0.099766508
v 0.289178013 0.015438684 0.096508201
v 0.283210194 0.047924133 0.100557753
v 0.276236381 0.079896000 0.106753785
v 0.267839231 0.111647467 0.112225012
v 0.257744684 0.143285281 0.113986265
v 0.241066512 0.171471032 0.109447904
v 0.216836641 0.186644987 0.094716562
v 0.204346293 0.196830553 0.067805440
v 0.191383710 0.196595551 0.038127608
v 0.188107016 0.202186722 0.006607348
v 0.182325543 0.205979521 -0.024644917
v 0.174940692 0.213639869 -0.054096950
v 0.165095877 0.233868676 -0.077017687
v 0.140549982 0.252645479 -0.088104154
v 0.109294678 0.263681587 -0.089256685
v 0.077063440 0.270919588 -0.085185708
v 0.044936393 0.277034204 -0.078917694
v 0.012473379 0.282000499 -0.073435320
v -0.020647345 0.284402827 -0.072647133
v -0.051909759 0.283559454 -0.083131225
v -0.071980017 0.278830204 -0.108077802
v -0.087376894 0.291575920 -0.133687339
v -0.096171433 0.295796643 -0.164881455
v -0.107190671 0.309120061 -0.193333682
v -0.121581042 0.327543440 -0.215982390
v -0.138920602 0.341292410 -0.239239393
v -0.160982998 0.347675008 -0.261486796
v -0.192622963 0.353273218 -0.266878275
v -0.223312874 0.341983314 -0.272086595
v -0.248029792 0.320406573 -0.276898818
v -0.269714074 0.295263012 -0.277524222
v -0.289926647 0.269092404 -0.273692661
v -0.308118826 0.241675031 -0.268568179
v -0.325172514 0.213606635 -0.263046391
v -0.341695183 0.185007264 -0.258821336
v -0.358613842 0.156365822 -0.258275914
v -0.377731943 0.129942499 -0.264406690
v -0.399049345 0.110315824 -0.279674268
v -0.420081526 0.098999266 -0.301575946
v -0.451841094 0.095262000 -0.307188458
v -0.481964912 0.092728419 -0.321122731
v -0.513284429 0.091633827 -0.332347262
v -0.545318256 0.090699326 -0.341256434
v -0.574815108 0.088821168 -0.356600904
v -0.605937087 0.085954510 -0.355220407
v -0.637492373 0.080284024 -0.348558469
v -0.668175249 0.071165255 -0.354419728
v -0.697200363 0.057934263 -0.358561071
v -0.723069916 0.038041771 -0.352602509
v -0.739901936 0.013140254 -0.338814239
v -0.749636853 -0.016067464 -0.326730715
v -0.755613754 -0.048636726 -0.323778338
v -0.755869506 -0.081880479 -0.322510398
v -0.751566376 -0.114883425 -0.322507935
v -0.743673392 -0.147212499 -0.323405827
v -0.732877356 -0.178673559 -0.324901639
v -0.719744157 -0.209217129 -0.326745046
v -0.704669693 -0.238842840 -0.328747150
v -0.688024838 -0.267616752 -0.330755314
v -0.670123126 -0.295635540 -0.332648905
v -0.651272024 -0.323039993 -0.334324192
v -0.631815591 -0.350036420 -0.335688503
v -0.612152863 -0.376901030 -0.336640025
v -0.592807524 -0.404007507 -0.337043398
v -0.574518411 -0.431833500 -0.336685063
v -0.558360792 -0.460902103 -0.335198412
v -0.545783926 -0.491537281 -0.331985581
v -0.538171443 -0.523403034 -0.326291680
v -0.536244702 -0.555519338 -0.318199833
v -0.543099663 -0.587648893 -0.321944553
v -0.549803833 -0.617668017 -0.309946838
v -0.554116866 -0.640664228 -0.287101719
v -0.556869572 -0.658798061 -0.259474681
v -0.563962916 -0.681061987 -0.235840528
v -0.571247126 -0.701904287 -0.210918526
v -0.577573263 -0.720618142 -0.184105633
v -0.582364745 -0.736940284 -0.155471994
v -0.585373571 -0.751099206 -0.125501503
v -0.590442473 -0.768065748 -0.097448193
v -0.595658169 -0.785763478 -0.069747579
v -0.596734362 -0.799277861 -0.040049466
v -0.588278961 -0.801698433 -0.008912838
v -0.572470952 -0.795402029 0.019634419
v -0.558670587 -0.796032385 0.049296409
v -0.547208658 -0.804246831 0.079067822
v -0.540888290 -0.820759581 0.106869824
v -0.519936917 -0.825000911 0.132081104
v -0.494940117 -0.829614127 0.153533278
v -0.467093864 -0.835918769 0.170598511
v -0.437326652 -0.844131485 0.182986096
v -0.406587540 -0.854006472 0.191062696
v -0.375506871 -0.865048319 0.195573672
v -0.344378256 -0.876749545 0.197247675
v -0.313273491 -0.888631731 0.196765865
v -0.282104142 -0.900133265 0.194488022
v -0.250816895 -0.910934927 0.190814453
v -0.219370591 -0.920819987 0.186070454
v -0.187733539 -0.929631618 0.180543222
v -0.155886081 -0.937255432 0.174483553
v -0.123815034 -0.943579536 0.168115680
v -0.091524084 -0.948555901 0.161665078
v -0.059019820 -0.952119474 0.155353176
v -0.026318209 -0.954219720 0.149417614
v 0.006552080 -0.954832086 0.144110162
v 0.039551117 -0.953886470 0.139739557
v 0.072608135 -0.951337399 0.136648485
v 0.105603632 -0.947090184 0.135270202
v 0.138321785 -0.941000182 0.136148720
v 0.170388080 -0.932897083 0.139888857
v 0.201123803 -0.922487044 0.147243786
v 0.229527917 -0.909537267 0.158715198
v 0.254310226 -0.893868898 0.174388038
v 0.274297966 -0.875463618 0.193545049
v 0.290040025 -0.860312136 0.217894360
v 0.302143959 -0.849632185 0.246496260
v 0.307800511 -0.825875019 0.268814676
v 0.307397635 -0.795395264 0.279700844
v 0.304520507 -0.763952316 0.288936779
v 0.302732727 -0.738549745 0.309961400
v 0.299861051 -0.714352771 0.332567361
v 0.293772815 -0.684458675 0.341021653
v 0.286266696 -0.652031992 0.340797696
v 0.279843529 -0.622059503 0.351539765
v 0.273745896 -0.591976735 0.363764702
v 0.268212950 -0.560618808 0.357506170
v 0.265155889 -0.529878021 0.347181317
v 0.264825464 -0.497474683 0.351527407
v 0.269785002 -0.465447144 0.350840744
v 0.283093358 -0.435559785 0.345149006
v 0.303248479 -0.409365592 0.341608251
v 0.327291521 -0.386377781 0.340452725
v 0.352877927 -0.365069307 0.340970122
v 0.378746525 -0.344144582 0.342448282
v 0.404166784 -0.322714655 0.344374932
v 0.428594249 -0.300172265 0.346400955
v 0.451489556 -0.276068458 0.348276790
v 0.472196518 -0.250044851 0.349799470
v 0.489792592 -0.221811911 0.350757968
v 0.502891360 -0.191239869 0.350855680
v 0.509914792 -0.159023986 0.347489200
v 0.509619367 -0.127681861 0.336620799
v 0.497636380 -0.098197805 0.327662099
v 0.475028855 -0.075195453 0.323355327
v 0.450082282 -0.058995395 0.312822863
v 0.430049102 -0.047606254 0.289695938
v 0.400090672 -0.037806621 0.279168840
v 0.376593874 -0.029614293 0.257045009
v 0.355239972 -0.021095619 0.232965885
v 0.343891459 -0.010795918 0.203980027
v 0.322519755 0.005535461 0.185880625
v 0.311786573 0.031889122 0.169167468
v 0.305436719 0.063964574 0.163543714
v 0.299935912 0.096774765 0.164510680
v 0.292540413 0.129016558 0.168258309
v 0.281567707 0.160086150 0.172932540
v 0.266040368 0.189222184 0.177033532
v 0.245824326 0.215575325 0.177862550
v 0.220712192 0.236036647 0.171273094
v 0.195123478 0.245335159 0.152811193
v 0.173095761 0.239623423 0.130095054
v 0.160312042 0.236183969 0.099573158
v 0.150943356 0.233373215 0.067747154
v 0.142283526 0.233367232 0.035608227
v 0.134374088 0.243685515 0.006078597
v 0.111588990 0.247979626 -0.016349035
v 0.082403849 0.260821594 -0.024828188
v 0.050926556 0.271330844 -0.022940423
v 0.018709563 0.277449923 -0.017338078
v -0.014005418 0.278054057 -0.011339155
v -0.046131677 0.271080910 -0.007660326
v -0.077350239 0.260480885 -0.010839444
v -0.105435599 0.258017568 -0.027163504
v -0.119029973 0.249219329 -0.054984740
v -0.129608609 0.250433560 -0.086422607
v -0.140416181 0.257313778 -0.116808543
v -0.151687104 0.263795954 -0.145892208
v -0.169180850 0.273520633 -0.170355585
v -0.188681367 0.271332910 -0.195927071
v -0.215959274 0.261440973 -0.211131578
v -0.243217689 0.242881242 -0.214204802
v -0.266519868 0.219444854 -0.210608551
v -0.285331370 0.192598572 -0.204956755
v -0.299580431 0.162980986 -0.199732348
v -0.310027694 0.131623348 -0.196077094
v -0.316801749 0.099038434 -0.196218571
v -0.325239797 0.067277547 -0.201090203
v -0.341107493 0.041085680 -0.212687166
v -0.362347025 0.024018470 -0.230044312
v -0.377201531 0.013440066 -0.256692761
v -0.401167146 0.006109202 -0.278601876
v -0.427132656 0.000000000 -0.298531070
l 3602 3603
l 3603 3604
l 3604 3605
l 3605 3606
l 3606 3607
l 3607 3608
l 3608 3609
l 3609 3610
l 3610 3611
l 3611 3612
l 3612 3613
l 3613 3614
l 3614 3615
l 3615 3616
l 3616 3617
l 3617 3618
l 3618 3619
l 3619 3620
l 3620 3621
l 3621 3622
l 3622 3623
l 3623 3624
l 3624 3625
l 3625 3626
l 3626 3627
l 3627 3628
l 3628 3629
l 3629 3630
l 3630 3631
l 3631 3632
l 3632 3633
l 3633 3634
l 3634 3635
l 3635 3636
l 3636 3637
l 3637 3638
l 3638 3639
l 3639 3640
l 3640 3641
l 3641 3642
l 3642 3643
l 3643 3644
l 3644 3645
l 3645 3646
l 3646 3647
l 3647 3648
l 3648 3649
l 3649 3650
l 3650 3651
l 3651 3652
l 3652 3653
l 3653 3654
l 3654 3655
l 3655 3656
l 3656 3657
l 3657 3658
l 3658 3659
l 3659 3660
l 3660 3661
l 3661 3662
l 3662 3663
l 3663 3664
l 3664 3665
l 3665 3666
l 3666 3667
l 3667 3668
l 3668 3669
l 3669 3670
l 3670 3671
l 3671 3672
l 3672 3673
l 3673 3674
l 3674 3675
l 3675 3676
l 3676 3677
l 3677 3678
l 3678 3679
l 3679 3680
l 3680 3681
l 3681 3682
l 3682 3683
l 3683 3684
l 3684 3685
l 3685 3686
l 3686 3687
l 3687 3688
l 3688 3689
l 3689 3690
l 3690 3691
l 3691 3692
l 3692 3693
l 3693 3694
l 3694 3695
l 3695 3696
l 3696 3697
l 3697 3698
l 3698 3699
l 3699 3700
l 3700 3701
l 3701 3702
l 3702 3703
l 3703 3704
l 3704 3705
l 3705 3706
l 3706 3707
l 3707 3708
l 3708 3709
l 3709 3710
l 3710 3711
l 3711 3712
l 3712 3713
l 3713 3714
l 3714 3715
l 3715 3716
l 3716 3717
l 3717 3718
l 3718 3719
l 3719 3720
l 3720 3721
l 3721 3722
l 3722 3723
l 3723 3724
l 3724 3725
l 3725 3726
l 3726 3727
l 3727 3728
l 3728 3729
l 3729 3730
l 3730 3731
l 3731 3732
l 3732 3733
l 3733 3734
l 3734 3735
l 3735 3736
l 3736 3737
l 3737 3738
l 3738 3739
l 3739 3740
l 3740 3741
l 3741 3742
l 3742 3743
l 3743 3744
l 3744 3745
l 3745 3746
l 3746 3747
l 3747 3748
l 3748 3749
l 3749 3750
l 3750 3751
l 3751 3752
l 3752 3753
l 3753 3754
l 3754 3755
l 3755 3756
l 3756 3757
l 3757 3758
l 3758 3759
l 3759 3760
l 3760 3761
l 3761 3762
l 3762 3763
l 3763 3764
l 3764 3765
l 3765 3766
l 3766 3767
l 3767 3768
l 3768 3769
l 3769 3770
l 3770 3771
l 3771 3772
l 3772 3773
l 3773 3774
l 3774 3775
l 3775 3776
l 3776 3777
l 3777 3778
l 3778 3779
l 3779 3780
l 3780 3781
l 3781 3782
l 3782 3783
l 3783 3784
l 3784 3785
l 3785 3786
l 3786 3787
l 3787 3788
l 3788 3789
l 3789 3790
l 3790 3791
l 3791 3792
l 3792 3793
l 3793 3794
l 3794 3795
l 3795 3796
l 3796 3797
l 3797 3798
l 3798 3799
l 3799 3800
l 3800 3801
l 3801 3802
l 3802 3803
l 3803 3804
l 3804 3805
l 3805 3806
l 3806 3807
l 3807 3808
l 3808 3809
l 3809 3810
l 3810 3811
l 3811 3812
l 3812 3813
l 3813 3814
l 3814 3815
l 3815 3816
l 3816 3817
l 3817 3818
l 3818 3819
l 3819 3820
l 3820 3821
l 3821 3822
l 3822 3823
l 3823 3824
l 3824 3825
l 3825 3826
l 3826 3827
l 3827 3828
l 3828 3829
l 3829 3830
l 3830 3831
l 3831 3832
l 3832 3833
l 3833 3834
l 3834 3835
l 3835 3836
l 3836 3837
l 3837 3838
l 3838 3839
l 3839 3840
l 3840 3841
l 3841 3842
l 3842 3843
l 3843 3844
l 3844 3845
l 3845 3846
l 3846 3847
l 3847 3848
l 3848 3849
l 3849 3850
l 3850 3851
l 3851 3852
l 3852 3853
l 3853 3854
l 3854 3855
l 3855 3856
l 3856 3857
l 3857 3858
l 3858 3859
l 3859 3860
l 3860 3861
l 3861 3862
l 3862 3863
l 3863 3864
l 3864 3865
l 3865 3866
l 3866 3867
l 3867 3868
l 3868 3869
l 3869 3870
l 3870 3871
l 3871 3872
l 3872 3873
l 3873 3874
l 3874 3875
l 3875 3876
l 3876 3877
l 3877 3878
l 3878 3879
l 3879 3880
l 3880 3881
l 3881 3882
l 3882 3883
l 3883 3884
l 3884 3885
l 3885 3886
l 3886 3887
l 3887 3888
l 3888 3889
l 3889 3890
l 3890 3891
l 3891 3892
l 3892 3893
l 3893 3894
l 3894 3895
l 3895 3896
l 3896 3897
l 3897 3898
l 3898 3899
l 3899 3900
l 3900 3901
l 3901 3902
l 3902 3903
l 3903 3904
l 3904 3905
l 3905 3906
l 3906 3907
l 3907 3908
l 3908 3909
l 3909 3910
l 3910 3911
l 3911 3912
l 3912 3913
l 3913 3914
l 3914 3915
l 3915 3916
l 3916 3917
l 3917 3918
l 3918 3919
l 3919 3920
l 3920 3921
l 3921 3922
l 3922 3923
l 3923 3924
l 3924 3925
l 3925 3926
l 3926 3927
l 3927 3928
l 3928 3929
l 3929 3930
l 3930 3931
l 3931 3932
l 3932 3933
l 3933 3934
l 3934 3935
l 3935 3936
l 3936 3937
l 3937 3938
l 3938 3939
l 3939 3940
l 3940 3941
l 3941 3942
l 3942 3943
l 3943 3944
l 3944 3945
l 3945 3946
l 3946 3947
l 3947 3948
l 3948 3949
l 3949 3950
l 3950 3951
l 3951 3952
l 3952 3953
l 3953 3954
l 3954 3955
l 3955 3956
l 3956 3957
l 3957 3958
l 3958 3959
l 3959 3960
l 3960 3961
l 3961 3962
l 3962 3963
l 3963 3964
l 3964 3965
l 3965 3966
l 3966 3967
l 3967 3968
l 3968 3969
l 3969 3970
l 3970 3971
l 3971 3972
l 3972 3973
l 3973 3974
l 3974 3975
l 3975 3976
l 3976 3977
l 3977 3978
l 3978 3979
l 3979 3980
l 3980 3981
l 3981 3982
l 3982 3983
l 3983 3984
l 3984 3985
l 3985 3986
l 3986 3987
l 3987 3988
l 3988 3989
l 3989 3990
l 3990 3991
l 3991 3992
l 3992 3993
l 3993 3994
l 3994 3995
l 3995 3996
l 3996 3997
l 3997 3998
l 3998 3999
l 3999 4000
l 4000 4001
l 4001 4002
l 4002 4003
l 4003 4004
l 4004 4005
l 4005 4006
l 4006 4007
l 4007 4008
l 4008 4009
l 4009 4010
l 4010 4011
l 4011 4012
l 4012 4013
l 4013 4014
l 4014 4015
l 4015 4016
l 4016 4017
l 4017 4018
l 4018 4019
l 4019 4020
l 4020 4021
l 4021 4022
l 4022 4023
l 4023 4024
l 4024 4025
l 4025 4026
l 4026 4027
l 4027 4028
l 4028 4029
l 4029 4030
l 4030 4031
l 4031 4032
l 4032 4033
l 4033 4034
l 4034 4035
l 4035 4036
l 4036 4037
l 4037 4038
l 4038 4039
l 4039 4040
l 4040 4041
l 4041 4042
l 4042 4043
l 4043 4044
l 4044 4045
l 4045 4046
l 4046 4047
l 4047 4048
l 4048 4049
l 4049 4050
l 4050 4051
l 4051 4052
l 4052 4053
l 4053 4054
l 4054 4055
l 4055 4056
l 4056 4057
l 4057 4058
l 4058 4059
l 4059 4060
l 4060 4061
l 4061 4062
l 4062 4063
l 4063 4064
l 4064 4065
l 4065 4066
l 4066 4067
l 4067 4068
l 4068 4069
l 4069 4070
l 4070 4071
l 4071 4072
l 4072 4073
l 4073 4074
l 4074 4075
l 4075 4076
l 4076 4077
l 4077 4078
l 4078 4079
l 4079 4080
l 4080 4081
l 4081 4082
l 4082 4083
l 4083 4084
l 4084 4085
l 4085 4086
l 4086 4087
l 4087 4088
l 4088 4089
l 4089 4090
l 4090 4091
l 4091 4092
l 4092 4093
l 4093 4094
l 4094 4095
l 4095 4096
l 4096 4097
l 4097 4098
l 4098 4099
l 4099 4100
l 4100 4101
l 4101 4102
l 4102 4103
l 4103 4104
l 4104 4105
l 4105 4106
l 4106 4107
l 4107 4108
l 4108 4109
l 4109 4110
l 4110 4111
l 4111 4112
l 4112 4113
l 4113 4114
l 4114 4115
l 4115 4116
l 4116 4117
l 4117 4118
l 4118 4119
l 4119 4120
l 4120 4121
l 4121 4122
l 4122 4123
l 4123 4124
l 4124 4125
l 4125 4126
l 4126 4127
l 4127 4128
l 4128 4129
l 4129 4130
l 4130 4131
l 4131 4132
l 4132 4133
l 4133 4134
l 4134 4135
l 4135 4136
l 4136 4137
l 4137 4138
l 4138 4139
l 4139 4140
l 4140 4141
l 4141 4142
l 4142 4143
l 4143 4144
l 4144 4145
l 4145 4146
l 4146 4147
l 4147 4148
l 4148 4149
l 4149 4150
l 4150 4151
l 4151 4152
l 4152 4153
l 4153 4154
l 4154 4155
l 4155 4156
l 4156 4157
l 4157 4158
l 4158 4159
l 4159 4160
l 4160 4161
l 4161 4162
l 4162 4163
l 4163 4164
l 4164 4165
l 4165 4166
l 4166 4167
l 4167 4168
l 4168 4169
l 4169 4170
l 4170 4171
l 4171 4172
l 4172 4173
l 4173 4174
l 4174 4175
l 4175 4176
l 4176 4177
l 4177 4178
l 4178 4179
l 4179 4180
l 4180 4181
l 4181 4182
l 4182 4183
l 4183 4184
l 4184 4185
l 4185 4186
l 4186 4187
l 4187 4188
l 4188 4189
l 4189 4190
l 4190 4191
l 4191 4192
l 4192 4193
l 4193 4194
l 4194 4195
l 4195 4196
l 4196 4197
l 4197 4198
l 4198 4199
l 4199 4200
l 4200 4201
l 4201 4202
l 4202 4203
l 4203 4204
l 4204 4205
l 4205 4206
l 4206 4207
l 4207 4208
l 4208 4209
l 4209 4210
l 4210 4211
l 4211 4212
l 4212 4213
l 4213 4214
l 4214 4215
l 4215 4216
l 4216 4217
l 4217 4218
l 4218 4219
l 4219 4220
l 4220 4221
l 4221 4222
l 4222 4223
l 4223 4224
l 4224 4225
l 4225 4226
l 4226 4227
l 4227 4228
l 4228 4229
l 4229 4230
l 4230 4231
l 4231 4232
l 4232 4233
l 4233 4234
l 4234 4235
l 4235 4236
l 4236 4237
l 4237 4238
l 4238 4239
l 4239 4240
l 4240 4241
l 4241 4242
l 4242 4243
l 4243 4244
l 4244 4245
l 4245 4246
l 4246 4247
l 4247 4248
l 4248 4249
l 4249 4250
l 4250 4251
l 4251 4252
l 4252 4253
l 4253 4254
l 4254 4255
l 4255 4256
l 4256 4257
l 4257 4258
l 4258 4259
l 4259 4260
l 4260 4261
l 4261 4262
l 4262 4263
l 4263 4264
l 4264 4265
l 4265 4266
l 4266 4267
l 4267 4268
l 4268 4269
l 4269 4270
l 4270 4271
l 4271 4272
l 4272 4273
l 4273 4274
l 4274 4275
l 4275 4276
l 4276 4277
l 4277 4278
l 4278 4279
l 4279 4280
l 4280 4281
l 4281 4282
l 4282 4283
l 4283 4284
l 4284 4285
l 4285 4286
l 4286 4287
l 4287 4288
l 4288 4289
l 4289 4290
l 4290 4291
l 4291 4292
l 4292 4293
l 4293 4294
l 4294 4295
l 4295 4296
l 4296 4297
l 4297 4298
l 4298 4299
l 4299 4300
l 4300 4301
l 4301 4302
l 4302 4303
l 4303 4304
l 4304 4305
l 4305 4306
l 4306 4307
l 4307 4308
l 4308 4309
l 4309 4310
l 4310 4311
l 4311 4312
l 4312 4313
l 4313 4314
l 4314 4315
l 4315 4316
l 4316 4317
l 4317 4318
l 4318 4319
l 4319 4320
l 4320 4321
l 4321 4322
l 4322 4323
l 4323 4324
l 4324 4325
l 4325 4326
l 4326 4327
l 4327 4328
l 4328 4329
l 4329 4330
l 4330 4331
l 4331 4332
l 4332 4333
l 4333 4334
l 4334 4335
l 4335 4336
l 4336 4337
l 4337 4338
l 4338 4339
l 4339 4340
l 4340 4341
l 4341 4342
l 4342 4343
l 4343 4344
l 4344 4345
l 4345 4346
l 4346 4347
l 4347 4348
l 4348 4349
l 4349 4350
l 4350 4351
l 4351 4352
l 4352 4353
l 4353 4354
l 4354 4355
l 4355 4356
l 4356 4357
l 4357 4358
l 4358 4359
l 4359 4360
l 4360 4361
l 4361 4362
l 4362 4363
l 4363 4364
l 4364 4365
l 4365 4366
l 4366 4367
l 4367 4368
l 4368 4369
l 4369 4370
l 4370 4371
l 4371 4372
l 4372 4373
l 4373 4374
l 4374 4375
l 4375 4376
l 4376 4377
l 4377 4378
l 4378 4379
l 4379 4380
l 4380 4381
l 4381 4382
l 4382 4383
l 4383 4384
l 4384 4385
l 4385 4386
l 4386 4387
l 4387 4388
l 4388 4389
l 4389 4390
l 4390 4391
l 4391 4392
l 4392 4393
l 4393 4394
l 4394 4395
l 4395 4396
l 4396 4397
l 4397 4398
l 4398 4399
l 4399 4400
l 4400 4401
l 4401 4402
l 4402 4403
l 4403 4404
l 4404 4405
l 4405 4406
l 4406 4407
l 4407 4408
l 4408 4409
l 4409 4410
l 4410 4411
l 4411 4412
l 4412 4413
l 4413 4414
l 4414 4415
l 4415 4416
l 4416 4417
l 4417 4418
l 4418 4419
l 4419 4420
l 4420 4421
l 4421 4422
l 4422 4423
l 4423 4424
l 4424 4425
l 4425 4426
l 4426 4427
l 4427 4428
l 4428 4429
l 4429 4430
l 4430 4431
l 4431 4432
l 4432 4433
l 4433 4434
l 4434 4435
l 4435 4436
l 4436 4437
l 4437 4438
l 4438 4439
l 4439 4440
l 4440 4441
l 4441 4442
l 4442 4443
l 4443 4444
l 4444 4445
l 4445 4446
l 4446 4447
l 4447 4448
l 4448 4449
l 4449 4450
l 4450 4451
l 4451 4452
l 4452 4453
l 4453 4454
l 4454 4455
l 4455 4456
l 4456 4457
l 4457 4458
l 4458 4459
l 4459 4460
l 4460 4461
l 4461 4462
l 4462 4463
l 4463 4464
l 4464 4465
l 4465 4466
l 4466 4467
l 4467 4468
l 4468 4469
l 4469 4470
l 4470 4471
l 4471 4472
l 4472 4473
l 4473 4474
l 4474 4475
l 4475 4476
l 4476 4477
l 4477 4478
l 4478 4479
l 4479 4480
l 4480 4481
l 4481 4482
l 4482 4483
l 4483 4484
l 4484 4485
l 4485 4486
l 4486 4487
l 4487 4488
l 4488 4489
l 4489 4490
l 4490 4491
l 4491 4492
l 4492 4493
l 4493 4494
l 4494 4495
l 4495 4496
l 4496 4497
l 4497 4498
l 4498 4499
l 4499 4500
l 4500 4501
l 4501 4502
l 4502 4503
l 4503 4504
l 4504 4505
l 4505 4506
l 4506 4507
l 4507 4508
l 4508 4509
l 4509 4510
l 4510 4511
l 4511 4512
l 4512 4513
l 4513 4514
l 4514 4515
l 4515 4516
l 4516 4517
l 4517 4518
l 4518 4519
l 4519 4520
l 4520 4521
l 4521 4522
l 4522 4523
l 4523 4524
l 4524 4525
l 4525 4526
l 4526 4527
l 4527 4528
l 4528 4529
l 4529 4530
l 4530 4531
l 4531 4532
l 4532 4533
l 4533 4534
l 4534 4535
l 4535 4536
l 4536 4537
l 4537 4538
l 4538 4539
l 4539 4540
l 4540 4541
l 4541 4542
l 4542 4543
l 4543 4544
l 4544 4545
l 4545 4546
l 4546 4547
l 4547 4548
l 4548 4549
l 4549 4550
l 4550 4551
l 4551 4552
l 4552 4553
l 4553 4554
l 4554 4555
l 4555 4556
l 4556 4557
l 4557 4558
l 4558 4559
l 4559 4560
l 4560 4561
l 4561 4562
l 4562 4563
l 4563 4564
l 4564 4565
l 4565 4566
l 4566 4567
l 4567 4568
l 4568 4569
l 4569 4570
l 4570 4571
l 4571 4572
l 4572 4573
l 4573 4574
l 4574 4575
l 4575 4576
l 4576 4577
l 4577 4578
l 4578 4579
l 4579 4580
l 4580 4581
l 4581 4582
l 4582 4583
l 4583 4584
l 4584 4585
l 4585 4586
l 4586 4587
l 4587 4588
l 4588 4589
l 4589 4590
l 4590 4591
l 4591 4592
l 4592 4593
l 4593 4594
l 4594 4595
l 4595 4596
l 4596 4597
l 4597 4598
l 4598 4599
l 4599 4600
l 4600 4601
l 4601 4602
l 4602 4603
l 4603 4604
l 4604 4605
l 4605 4606
l 4606 4607
l 4607 4608
l 4608 4609
l 4609 4610
l 4610 4611
l 4611 4612
l 4612 4613
l 4613 4614
l 4614 4615
l 4615 4616
l 4616 4617
l 4617 4618
l 4618 4619
l 4619 4620
l 4620 4621
l 4621 4622
l 4622 4623
l 4623 4624
l 4624 4625
l 4625 4626
l 4626 4627
l 4627 4628
l 4628 4629
l 4629 4630
l 4630 4631
l 4631 4632
l 4632 4633
l 4633 4634
l 4634 4635
l 4635 4636
l 4636 4637
l 4637 4638
l 4638 4639
l 4639 4640
l 4640 4641
l 4641 4642
l 4642 4643
l 4643 4644
l 4644 4645
l 4645 4646
l 4646 4647
l 4647 4648
l 4648 4649
l 4649 4650
l 4650 4651
l 4651 4652
l 4652 4653
l 4653 4654
l 4654 4655
l 4655 4656
l 4656 4657
l 4657 4658
l 4658 4659
l 4659 4660
l 4660 4661
l 4661 4662
l 4662 4663
l 4663 4664
l 4664 4665
l 4665 4666
l 4666 4667
l 4667 4668
l 4668 4669
l 4669 4670
l 4670 4671
l 4671 4672
l 4672 4673
l 4673 4674
l 4674 4675
l 4675 4676
l 4676 4677
l 4677 4678
l 4678 4679
l 4679 4680
l 4680 4681
l 4681 4682
l 4682 4683
l 4683 4684
l 4684 4685
l 4685 4686
l 4686 4687
l 4687 4688
l 4688 4689
l 4689 4690
l 4690 4691
l 4691 4692
l 4692 4693
l 4693 4694
l 4694 4695
l 4695 4696
l 4696 4697
l 4697 4698
l 4698 4699
l 4699 4700
l 4700 4701
l 4701 4702
l 4702 4703
l 4703 4704
l 4704 4705
l 4705 4706
l 4706 4707
l 4707 4708
l 4708 4709
l 4709 4710
l 4710 4711
l 4711 4712
l 4712 4713
l 4713 4714
l 4714 4715
l 4715 4716
l 4716 4717
l 4717 4718
l 4718 4719
l 4719 4720
l 4720 4721
l 4721 4722
l 4722 4723
l 4723 4724
l 4724 4725
l 4725 4726
l 4726 4727
l 4727 4728
l 4728 4729
l 4729 4730
l 4730 4731
l 4731 4732
l 4732 4733
l 4733 4734
l 4734 4735
l 4735 4736
l 4736 4737
l 4737 4738
l 4738 4739
l 4739 4740
l 4740 4741
l 4741 4742
l 4742 4743
l 4743 4744
l 4744 4745
l 4745 4746
l 4746 4747
l 4747 4748
l 4748 4749
l 4749 4750
l 4750 4751
l 4751 4752
l 4752 4753
l 4753 4754
l 4754 4755
l 4755 4756
l 4756 4757
l 4757 4758
l 4758 4759
l 4759 4760
l 4760 4761
l 4761 4762
l 4762 4763
l 4763 4764
l 4764 4765
l 4765 4766
l 4766 4767
l 4767 4768
l 4768 4769
l 4769 4770
l 4770 4771
l 4771 4772
l 4772 4773
l 4773 4774
l 4774 4775
l 4775 4776
l 4776 4777
l 4777 4778
l 4778 4779
l 4779 4780
l 4780 4781
l 4781 4782
l 4782 4783
l 4783 4784
l 4784 4785
l 4785 4786
l 4786 4787
l 4787 4788
l 4788 4789
l 4789 4790
l 4790 4791
l 4791 4792
l 4792 4793
l 4793 4794
l 4794 4795
l 4795 4796
l 4796 4797
l 4797 4798
l 4798 4799
l 4799 4800
l 4800 4801
l 4801 4802
l 4802 4803
l 4803 4804
l 4804 4805
l 4805 4806
l 4806 4807
l 4807 4808
l 4808 4809
l 4809 4810
l 4810 4811
l 4811 4812
l 4812 4813
l 4813 4814
l 4814 4815
l 4815 4816
l 4816 4817
l 4817 4818
l 4818 4819
l 4819 4820
l 4820 4821
l 4821 4822
l 4822 4823
l 4823 4824
l 4824 4825
l 4825 4826
l 4826 4827
l 4827 4828
l 4828 4829
l 4829 4830
l 4830 4831
l 4831 4832
l 4832 4833
l 4833 4834
l 4834 4835
l 4835 4836
l 4836 4837
l 4837 4838
l 4838 4839
l 4839 4840
l 4840 4841
l 4841 4842
l 4842 4843
l 4843 4844
l 4844 4845
l 4845 4846
l 4846 4847
l 4847 4848
l 4848 4849
l 4849 4850
l 4850 4851
l 4851 4852
l 4852 4853
l 4853 4854
l 4854 4855
l 4855 4856
l 4856 4857
l 4857 4858
l 4858 4859
l 4859 4860
l 4860 4861
l 4861 4862
l 4862 4863
l 4863 4864
l 4864 4865
l 4865 4866
l 4866 4867
l 4867 4868
l 4868 4869
l 4869 4870
l 4870 4871
l 4871 4872
l 4872 4873
l 4873 4874
l 4874 4875
l 4875 4876
l 4876 4877
l 4877 4878
l 4878 4879
l 4879 4880
l 4880 4881
l 4881 4882
l 4882 4883
l 4883 4884
l 4884 4885
l 4885 4886
l 4886 4887
l 4887 4888
l 4888 4889
l 4889 4890
l 4890 4891
l 4891 4892
l 4892 4893
l 4893 4894
l 4894 4895
l 4895 4896
l 4896 4897
l 4897 4898
l 4898 4899
l 4899 4900
l 4900 4901
l 4901 4902
l 4902 4903
l 4903 4904
l 4904 4905
l 4905 4906
l 4906 4907
l 4907 4908
l 4908 4909
l 4909 4910
l 4910 4911
l 4911 4912
l 4912 4913
l 4913 4914
l 4914 4915
l 4915 4916
l 4916 4917
l 4917 4918
l 4918 4919
l 4919 4920
l 4920 4921
l 4921 4922
l 4922 4923
l 4923 4924
l 4924 4925
l 4925 4926
l 4926 4927
l 4927 4928
l 4928 4929
l 4929 4930
l 4930 4931
l 4931 4932
l 4932 4933
l 4933 4934
l 4934 4935
l 4935 4936
l 4936 4937
l 4937 4938
l 4938 4939
l 4939 4940
l 4940 4941
l 4941 4942
l 4942 4943
l 4943 4944
l 4944 4945
l 4945 4946
l 4946 4947
l 4947 4948
l 4948 4949
l 4949 4950
l 4950 4951
l 4951 4952
l 4952 4953
l 4953 4954
l 4954 4955
l 4955 4956
l 4956 4957
l 4957 4958
l 4958 4959
l 4959 4960
l 4960 4961
l 4961 4962
l 4962 4963
l 4963 4964
l 4964 4965
l 4965 4966
l 4966 4967
l 4967 4968
l 4968 4969
l 4969 4970
l 4970 4971
l 4971 4972
l 4972 4973
l 4973 4974
l 4974 4975
l 4975 4976
l 4976 4977
l 4977 4978
l 4978 4979
l 4979 4980
l 4980 4981
l 4981 4982
l 4982 4983
l 4983 4984
l 4984 4985
l 4985 4986
l 4986 4987
l 4987 4988
l 4988 4989
l 4989 4990
l 4990 4991
l 4991 4992
l 4992 4993
l 4993 4994
l 4994 4995
l 4995 4996
l 4996 4997
l 4997 4998
l 4998 4999
l 4999 5000
l 5000 5001
l 5001 5002
l 5002 5003
l 5003 5004
l 5004 5005
l 5005 5006
l 5006 5007
l 5007 5008
l 5008 5009
l 5009 5010
l 5010 5011
l 5011 5012
l 5012 5013
l 5013 5014
l 5014 5015
l 5015 5016
l 5016 5017
l 5017 5018
l 5018 5019
l 5019 5020
l 5020 5021
l 5021 5022
l 5022 5023
l 5023 5024
l 5024 5025
l 5025 5026
l 5026 5027
l 5027 5028
l 5028 5029
l 5029 5030
l 5030 5031
l 5031 5032
l 5032 5033
l 5033 5034
l 5034 5035
l 5035 5036
l 5036 5037
l 5037 5038
l 5038 5039
l 5039 5040
l 5040 5041
l 5041 5042
l 5042 5043
l 5043 5044
l 5044 5045
l 5045 5046
l 5046 5047
l 5047 5048
l 5048 5049
l 5049 5050
l 5050 5051
l 5051 5052
l 5052 5053
l 5053 5054
l 5054 5055
l 5055 5056
l 5056 5057
l 5057 5058
l 5058 5059
l 5059 5060
l 5060 5061
l 5061 5062
l 5062 5063
l 5063 5064
l 5064 5065
l 5065 5066
l 5066 5067
l 5067 5068
l 5068 5069
l 5069 5070
l 5070 5071
l 5071 5072
l 5072 5073
l 5073 5074
l 5074 5075
l 5075 5076
l 5076 5077
l 5077 5078
l 5078 5079
l 5079 5080
l 5080 5081
l 5081 5082
l 5082 5083
l 5083 5084
l 5084 5085
l 5085 5086
l 5086 5087
l 5087 5088
l 5088 5089
l 5089 5090
l 5090 5091
l 5091 5092
l 5092 5093
l 5093 5094
l 5094 5095
l 5095 5096
l 5096 5097
l 5097 5098
l 5098 5099
l 5099 5100
l 5100 5101
l 5101 5102
l 5102 5103
l 5103 5104
l 5104 5105
l 5105 5106
l 5106 5107
l 5107 5108
l 5108 5109
l 5109 5110
l 5110 5111
l 5111 5112
l 5112 5113
l 5113 5114
l 5114 5115
l 5115 5116
l 5116 5117
l 5117 5118
l 5118 5119
l 5119 5120
l 5120 5121
l 5121 5122
l 5122 5123
l 5123 5124
l 5124 5125
l 5125 5126
l 5126 5127
l 5127 5128
l 5128 5129
l 5129 5130
l 5130 5131
l 5131 5132
l 5132 5133
l 5133 5134
l 5134 5135
l 5135 5136
l 5136 5137
l 5137 5138
l 5138 5139
l 5139 5140
l 5140 5141
l 5141 5142
l 5142 5143
l 5143 5144
l 5144 5145
l 5145 5146
l 5146 5147
l 5147 5148
l 5148 5149
l 5149 5150
l 5150 5151
l 5151 5152
l 5152 5153
l 5153 5154
l 5154 5155
l 5155 5156
l 5156 5157
l 5157 5158
l 5158 5159
l 5159 5160
l 5160 5161
l 5161 5162
l 5162 5163
l 5163 5164
l 5164 5165
l 5165 5166
l 5166 5167
l 5167 5168
l 5168 5169
l 5169 5170
l 5170 5171
l 5171 5172
l 5172 5173
l 5173 5174
l 5174 5175
l 5175 5176
l 5176 5177
l 5177 5178
l 5178 5179
l 5179 5180
l 5180 5181
l 5181 5182
l 5182 5183
l 5183 5184
l 5184 5185
l 5185 5186
l 5186 5187
l 5187 5188
l 5188 5189
l 5189 5190
l 5190 5191
l 5191 5192
l 5192 5193
l 5193 5194
l 5194 5195
l 5195 5196
l 5196 5197
l 5197 5198
l 5198 5199
l 5199 5200
l 5200 5201
l 5201 5202
l 5202 5203
l 5203 5204
l 5204 5205
l 5205 5206
l 5206 5207
l 5207 5208
l 5208 5209
l 5209 5210
l 5210 5211
l 5211 5212
l 5212 5213
l 5213 5214
l 5214 5215
l 5215 5216
l 5216 5217
l 5217 5218
l 5218 5219
l 5219 5220
l 5220 5221
l 5221 5222
l 5222 5223
l 5223 5224
l 5224 5225
l 5225 5226
l 5226 5227
l 5227 5228
l 5228 5229
l 5229 5230
l 5230 5231
l 5231 5232
l 5232 5233
l 5233 5234
l 5234 5235
l 5235 5236
l 5236 5237
l 5237 5238
l 5238 5239
l 5239 5240
l 5240 5241
l 5241 5242
l 5242 5243
l 5243 5244
l 5244 5245
l 5245 5246
l 5246 5247
l 5247 5248
l 5248 5249
l 5249 5250
l 5250 5251
l 5251 5252
l 5252 5253
l 5253 5254
l 5254 5255
l 5255 5256
l 5256 5257
l 5257 5258
l 5258 5259
l 5259 5260
l 5260 5261
l 5261 5262
l 5262 5263
l 5263 5264
l 5264 5265
l 5265 5266
l 5266 5267
l 5267 5268
l 5268 5269
l 5269 5270
l 5270 5271
l 5271 5272
l 5272 5273
l 5273 5274
l 5274 5275
l 5275 5276
l 5276 5277
l 5277 5278
l 5278 5279
l 5279 5280
l 5280 5281
l 5281 5282
l 5282 5283
l 5283 5284
l 5284 5285
l 5285 5286
l 5286 5287
l 5287 5288
l 5288 5289
l 5289 5290
l 5290 5291
l 5291 5292
l 5292 5293
l 5293 5294
l 5294 5295
l 5295 5296
l 5296 5297
l 5297 5298
l 5298 5299
l 5299 5300
l 5300 5301
l 5301 5302
l 5302 5303
l 5303 5304
l 5304 5305
l 5305 5306
l 5306 5307
l 5307 5308
l 5308 5309
l 5309 5310
l 5310 5311
l 5311 5312
l 5312 5313
l 5313 5314
l 5314 5315
l 5315 5316
l 5316 5317
l 5317 5318
l 5318 5319
l 5319 5320
l 5320 5321
l 5321 5322
l 5322 5323
l 5323 5324
l 5324 5325
l 5325 5326
l 5326 5327
l 5327 5328
l 5328 5329
l 5329 5330
l 5330 5331
l 5331 5332
l 5332 5333
l 5333 5334
l 5334 5335
l 5335 5336
l 5336 5337
l 5337 5338
l 5338 5339
l 5339 5340
l 5340 5341
l 5341 5342
l 5342 5343
l 5343 5344
l 5344 5345
l 5345 5346
l 5346 5347
l 5347 5348
l 5348 5349
l 5349 5350
l 5350 5351
l 5351 5352
l 5352 5353
l 5353 5354
l 5354 5355
l 5355 5356
l 5356 5357
l 5357 5358
l 5358 5359
l 5359 5360
l 5360 5361
l 5361 5362
l 5362 5363
l 5363 5364
l 5364 5365
l 5365 5366
l 5366 5367
l 5367 5368
l 5368 5369
l 5369 5370
l 5370 5371
l 5371 5372
l 5372 5373
l 5373 5374
l 5374 5375
l 5375 5376
l 5376 5377
l 5377 5378
l 5378 5379
l 5379 5380
l 5380 5381
l 5381 5382
l 5382 5383
l 5383 5384
l 5384 5385
l 5385 5386
l 5386 5387
l 5387 5388
l 5388 5389
l 5389 5390
l 5390 5391
l 5391 5392
l 5392 5393
l 5393 5394
l 5394 5395
l 5395 5396
l 5396 5397
l 5397 5398
l 5398 5399
l 5399 5400
l 5400 5401
l 5401 5402
l 5402 5403
l 5403 5404
l 5404 5405
l 5405 5406
l 5406 5407
l 5407 5408
l 5408 5409
l 5409 5410
l 5410 5411
l 5411 5412
l 5412 5413
l 5413 5414
l 5414 5415
l 5415 5416
l 5416 5417
l 5417 5418
l 5418 5419
l 5419 5420
l 5420 5421
l 5421 5422
l 5422 5423
l 5423 5424
l 5424 5425
l 5425 5426
l 5426 5427
l 5427 5428
l 5428 5429
l 5429 5430
l 5430 5431
l 5431 5432
l 5432 5433
l 5433 5434
l 5434 5435
l 5435 5436
l 5436 5437
l 5437 5438
l 5438 5439
l 5439 5440
l 5440 5441
l 5441 5442
l 5442 5443
l 5443 5444
l 5444 5445
l 5445 5446
l 5446 5447
l 5447 5448
l 5448 5449
l 5449 5450
l 5450 5451
l 5451 5452
l 5452 5453
l 5453 5454
l 5454 5455
l 5455 5456
l 5456 5457
l 5457 5458
l 5458 5459
l 5459 5460
l 5460 5461
l 5461 5462
l 5462 5463
l 5463 5464
l 5464 5465
l 5465 5466
l 5466 5467
l 5467 5468
l 5468 5469
l 5469 5470
l 5470 5471
l 5471 5472
l 5472 5473
l 5473 5474
l 5474 5475
l 5475 5476
l 5476 5477
l 5477 5478
l 5478 5479
l 5479 5480
l 5480 5481
l 5481 5482
l 5482 5483
l 5483 5484
l 5484 5485
l 5485 5486
l 5486 5487
l 5487 5488
l 5488 5489
l 5489 5490
l 5490 5491
l 5491 5492
l 5492 5493
l 5493 5494
l 5494 5495
l 5495 5496
l 5496 5497
l 5497 5498
l 5498 5499
l 5499 5500
l 5500 5501
l 5501 5502
l 5502 5503
l 5503 5504
l 5504 5505
l 5505 5506
l 5506 5507
l 5507 5508
l 5508 5509
l 5509 5510
l 5510 5511
l 5511 5512
l 5512 5513
l 5513 5514
l 5514 5515
l 5515 5516
l 5516 5517
l 5517 5518
l 5518 5519
l 5519 5520
l 5520 5521
l 5521 5522
l 5522 5523
l 5523 5524
l 5524 5525
l 5525 5526
l 5526 5527
l 5527 5528
l 5528 5529
l 5529 5530
l 5530 5531
l 5531 5532
l 5532 5533
l 5533 5534
l 5534 5535
l 5535 5536
l 5536 5537
l 5537 5538
l 5538 5539
l 5539 5540
l 5540 5541
l 5541 5542
l 5542 5543
l 5543 5544
l 5544 5545
l 5545 5546
l 5546 5547
l 5547 5548
l 5548 5549
l 5549 5550
l 5550 5551
l 5551 5552
l 5552 5553
l 5553 5554
l 5554 5555
l 5555 5556
l 5556 5557
l 5557 5558
l 5558 5559
l 5559 5560
l 5560 5561
l 5561 5562
l 5562 5563
l 5563 5564
l 5564 5565
l 5565 5566
l 5566 5567
l 5567 5568
l 5568 5569
l 5569 5570
l 5570 5571
l 5571 5572
l 5572 5573
l 5573 5574
l 5574 5575
l 5575 5576
l 5576 5577
l 5577 5578
l 5578 5579
l 5579 5580
l 5580 5581
l 5581 5582
l 5582 5583
l 5583 5584
l 5584 5585
l 5585 5586
l 5586 5587
l 5587 5588
l 5588 5589
l 5589 5590
l 5590 5591
l 5591 5592
l 5592 5593
l 5593 5594
l 5594 5595
l 5595 5596
l 5596 5597
l 5597 5598
l 5598 5599
l 5599 5600
l 5600 5601
l 5601 5602
l 5602 5603
l 5603 5604
l 5604 5605
l 5605 5606
l 5606 5607
l 5607 5608
l 5608 5609
l 5609 5610
l 5610 5611
l 5611 5612
l 5612 5613
l 5613 5614
l 5614 5615
l 5615 5616
l 5616 5617
l 5617 5618
l 5618 5619
l 5619 5620
l 5620 5621
l 5621 5622
l 5622 5623
l 5623 5624
l 5624 5625
l 5625 5626
l 5626 5627
l 5627 5628
l 5628 5629
l 5629 5630
l 5630 5631
l 5631 5632
l 5632 5633
l 5633 5634
l 5634 5635
l 5635 5636
l 5636 5637
l 5637 5638
l 5638 5639
l 5639 5640
l 5640 5641
l 5641 5642
l 5642 5643
l 5643 5644
l 5644 5645
l 5645 5646
l 5646 5647
l 5647 5648
l 5648 5649
l 5649 5650
l 5650 5651
l 5651 5652
l 5652 5653
l 5653 5654
l 5654 5655
l 5655 5656
l 5656 5657
l 5657 5658
l 5658 5659
l 5659 5660
l 5660 5661
l 5661 5662
l 5662 5663
l 5663 5664
l 5664 5665
l 5665 5666
l 5666 5667
l 5667 5668
l 5668 5669
l 5669 5670
l 5670 5671
l 5671 5672
l 5672 5673
l 5673 5674
l 5674 5675
l 5675 5676
l 5676 5677
l 5677 5678
l 5678 5679
l 5679 5680
l 5680 5681
l 5681 5682
l 5682 5683
l 5683 5684
l 5684 5685
l 5685 5686
l 5686 5687
l 5687 5688
l 5688 5689
l 5689 5690
l 5690 5691
l 5691 5692
l 5692 5693
l 5693 5694
l 5694 5695
l 5695 5696
l 5696 5697
l 5697 5698
l 5698 5699
l 5699 5700
l 5700 5701
l 5701 5702
l 5702 5703
l 5703 5704
l 5704 5705
l 5705 5706
l 5706 5707
l 5707 5708
l 5708 5709
l 5709 5710
l 5710 5711
l 5711 5712
l 5712 5713
l 5713 5714
l 5714 5715
l 5715 5716
l 5716 5717
l 5717 5718
l 5718 5719
l 5719 5720
l 5720 5721
l 5721 5722
l 5722 5723
l 5723 5724
l 5724 5725
l 5725 5726
l 5726 5727
l 5727 5728
l 5728 5729
l 5729 5730
l 5730 5731
l 5731 5732
l 5732 5733
l 5733 5734
l 5734 5735
l 5735 5736
l 5736 5737
l 5737 5738
l 5738 5739
l 5739 5740
l 5740 5741
l 5741 5742
l 5742 5743
l 5743 5744
l 5744 5745
l 5745 5746
l 5746 5747
l 5747 5748
l 5748 5749
l 5749 5750
l 5750 5751
l 5751 5752
l 5752 5753
l 5753 5754
l 5754 5755
l 5755 5756
l 5756 5757
l 5757 5758
l 5758 5759
l 5759 5760
l 5760 5761
l 5761 5762
l 5762 5763
l 5763 5764
l 5764 5765
l 5765 5766
l 5766 5767
l 5767 5768
l 5768 5769
l 5769 5770
l 5770 5771
l 5771 5772
l 5772 5773
l 5773 5774
l 5774 5775
l 5775 5776
l 5776 5777
l 5777 5778
l 5778 5779
l 5779 5780
l 5780 5781
l 5781 5782
l 5782 5783
l 5783 5784
l 5784 5785
l 5785 5786
l 5786 5787
l 5787 5788
l 5788 5789
l 5789 5790
l 5790 5791
l 5791 5792
l 5792 5793
l 5793 5794
l 5794 5795
l 5795 5796
l 5796 5797
l 5797 5798
l 5798 5799
l 5799 5800
l 5800 5801
l 5801 5802
l 5802 5803
l 5803 5804
l 5804 5805
l 5805 5806
l 5806 5807
l 5807 5808
l 5808 5809
l 5809 5810
l 5810 5811
l 5811 5812
l 5812 5813
l 5813 5814
l 5814 5815
l 5815 5816
l 5816 5817
l 5817 5818
l 5818 5819
l 5819 5820
l 5820 5821
l 5821 5822
l 5822 5823
l 5823 5824
l 5824 5825
l 5825 5826
l 5826 5827
l 5827 5828
l 5828 5829
l 5829 5830
l 5830 5831
l 5831 5832
l 5832 5833
l 5833 5834
l 5834 5835
l 5835 5836
l 5836 5837
l 5837 5838
l 5838 5839
l 5839 5840
l 5840 5841
l 5841 5842
l 5842 5843
l 5843 5844
l 5844 5845
l 5845 5846
l 5846 5847
l 5847 5848
l 5848 5849
l 5849 5850
l 5850 5851
l 5851 5852
l 5852 5853
l 5853 5854
l 5854 5855
l 5855 5856
l 5856 5857
l 5857 5858
l 5858 5859
l 5859 5860
l 5860 5861
l 5861 5862
l 5862 5863
l 5863 5864
l 5864 5865
l 5865 5866
l 5866 5867
l 5867 5868
l 5868 5869
l 5869 5870
l 5870 5871
l 5871 5872
l 5872 5873
l 5873 5874
l 5874 5875
l 5875 5876
l 5876 5877
l 5877 5878
l 5878 5879
l 5879 5880
l 5880 5881
l 5881 5882
l 5882 5883
l 5883 5884
l 5884 5885
l 5885 5886
l 5886 5887
l 5887 5888
l 5888 5889
l 5889 5890
l 5890 5891
l 5891 5892
l 5892 5893
l 5893 5894
l 5894 5895
l 5895 5896
l 5896 5897
l 5897 5898
l 5898 5899
l 5899 5900
l 5900 5901
l 5901 5902
l 5902 5903
l 5903 5904
l 5904 5905
l 5905 5906
l 5906 5907
l 5907 5908
l 5908 5909
l 5909 5910
l 5910 5911
l 5911 5912
l 5912 5913
l 5913 5914
l 5914 5915
l 5915 5916
l 5916 5917
l 5917 5918
l 5918 5919
l 5919 5920
l 5920 5921
l 5921 5922
l 5922 5923
l 5923 5924
l 5924 5925
l 5925 5926
l 5926 5927
l 5927 5928
l 5928 5929
l 5929 5930
l 5930 5931
l 5931 5932
l 5932 5933
l 5933 5934
l 5934 5935
l 5935 5936
l 5936 5937
l 5937 5938
l 5938 5939
l 5939 5940
l 5940 5941
l 5941 5942
l 5942 5943
l 5943 5944
l 5944 5945
l 5945 5946
l 5946 5947
l 5947 5948
l 5948 5949
l 5949 5950
l 5950 5951
l 5951 5952
l 5952 5953
l 5953 5954
l 5954 5955
l 5955 5956
l 5956 5957
l 5957 5958
l 5958 5959
l 5959 5960
l 5960 5961
l 5961 5962
l 5962 5963
l 5963 5964
l 5964 5965
l 5965 5966
l 5966 5967
l 5967 5968
l 5968 5969
l 5969 5970
l 5970 5971
l 5971 5972
l 5972 5973
l 5973 5974
l 5974 5975
l 5975 5976
l 5976 5977
l 5977 5978
l 5978 5979
l 5979 5980
l 5980 5981
l 5981 5982
l 5982 5983
l 5983 5984
l 5984 5985
l 5985 5986
l 5986 5987
l 5987 5988
l 5988 5989
l 5989 5990
l 5990 5991
l 5991 5992
l 5992 5993
l 5993 5994
l 5994 5995
l 5995 5996
l 5996 5997
l 5997 5998
l 5998 5999
l 5999 6000
l 6000 6001
l 6001 6002
l 6002 6003
l 6003 6004
l 6004 6005
l 6005 6006
l 6006 6007
l 6007 6008
l 6008 6009
l 6009 6010
l 6010 6011
l 6011 6012
l 6012 6013
l 6013 6014
l 6014 6015
l 6015 6016
l 6016 6017
l 6017 6018
l 6018 6019
l 6019 6020
l 6020 6021
l 6021 6022
l 6022 6023
l 6023 6024
l 6024 6025
l 6025 6026
l 6026 6027
l 6027 6028
l 6028 6029
l 6029 6030
l 6030 6031
l 6031 6032
l 6032 6033
l 6033 6034
l 6034 6035
l 6035 6036
l 6036 6037
l 6037 6038
l 6038 6039
l 6039 6040
l 6040 6041
l 6041 6042
l 6042 6043
l 6043 6044
l 6044 6045
l 6045 6046
l 6046 6047
l 6047 6048
l 6048 6049
l 6049 6050
l 6050 6051
l 6051 6052
l 6052 6053
l 6053 6054
l 6054 6055
l 6055 6056
l 6056 6057
l 6057 6058
l 6058 6059
l 6059 6060
l 6060 6061
l 6061 6062
l 6062 6063
l 6063 6064
l 6064 6065
l 6065 6066
l 6066 6067
l 6067 6068
l 6068 6069
l 6069 6070
l 6070 6071
l 6071 6072
l 6072 6073
l 6073 6074
l 6074 6075
l 6075 6076
l 6076 6077
l 6077 6078
l 6078 6079
l 6079 6080
l 6080 6081
l 6081 6082
l 6082 6083
l 6083 6084
l 6084 6085
l 6085 6086
l 6086 6087
l 6087 6088
l 6088 6089
l 6089 6090
l 6090 6091
l 6091 6092
l 6092 6093
l 6093 6094
l 6094 6095
l 6095 6096
l 6096 6097
l 6097 6098
l 6098 6099
l 6099 6100
l 6100 6101
l 6101 6102
l 6102 6103
l 6103 6104
l 6104 6105
l 6105 6106
l 6106 6107
l 6107 6108
l 6108 6109
l 6109 6110
l 6110 6111
l 6111 6112
l 6112 6113
l 6113 6114
l 6114 6115
l 6115 6116
l 6116 6117
l 6117 6118
l 6118 6119
l 6119 6120
l 6120 6121
l 6121 6122
l 6122 6123
l 6123 6124
l 6124 6125
l 6125 6126
l 6126 6127
l 6127 6128
l 6128 6129
l 6129 6130
l 6130 6131
l 6131 6132
l 6132 6133
l 6133 6134
l 6134 6135
l 6135 6136
l 6136 6137
l 6137 6138
l 6138 6139
l 6139 6140
l 6140 6141
l 6141 6142
l 6142 6143
l 6143 6144
l 6144 6145
l 6145 6146
l 6146 6147
l 6147 6148
l 6148 6149
l 6149 6150
l 6150 6151
l 6151 6152
l 6152 6153
l 6153 6154
l 6154 6155
l 6155 6156
l 6156 6157
l 6157 6158
l 6158 6159
l 6159 6160
l 6160 6161
l 6161 6162
l 6162 6163
l 6163 6164
l 6164 6165
l 6165 6166
l 6166 6167
l 6167 6168
l 6168 6169
l 6169 6170
l 6170 6171
l 6171 6172
l 6172 6173
l 6173 6174
l 6174 6175
l 6175 6176
l 6176 6177
l 6177 6178
l 6178 6179
l 6179 6180
l 6180 6181
l 6181 6182
l 6182 6183
l 6183 6184
l 6184 6185
l 6185 6186
l 6186 6187
l 6187 6188
l 6188 6189
l 6189 6190
l 6190 6191
l 6191 6192
l 6192 6193
l 6193 6194
l 6194 6195
l 6195 6196
l 6196 6197
l 6197 6198
l 6198 6199
l 6199 6200
l 6200 6201
l 6201 6202
l 6202 6203
l 6203 6204
l 6204 6205
l 6205 6206
l 6206 6207
l 6207 6208
l 6208 6209
l 6209 6210
l 6210 6211
l 6211 6212
l 6212 6213
l 6213 6214
l 6214 6215
l 6215 6216
l 6216 6217
l 6217 6218
l 6218 6219
l 6219 6220
l 6220 6221
l 6221 6222
l 6222 6223
l 6223 6224
l 6224 6225
l 6225 6226
l 6226 6227
l 6227 6228
l 6228 6229
l 6229 6230
l 6230 6231
l 6231 6232
l 6232 6233
l 6233 6234
l 6234 6235
l 6235 6236
l 6236 6237
l 6237 6238
l 6238 6239
l 6239 6240
l 6240 6241
l 6241 6242
l 6242 6243
l 6243 6244
l 6244 6245
l 6245 6246
l 6246 6247
l 6247 6248
l 6248 6249
l 6249 6250
l 6250 6251
l 6251 6252
l 6252 6253
l 6253 6254
l 6254 6255
l 6255 6256
l 6256 6257
l 6257 6258
l 6258 6259
l 6259 6260
l 6260 6261
l 6261 6262
l 6262 6263
l 6263 6264
l 6264 6265
l 6265 6266
l 6266 6267
l 6267 6268
l 6268 6269
l 6269 6270
l 6270 6271
l 6271 6272
l 6272 6273
l 6273 6274
l 6274 6275
l 6275 6276
l 6276 6277
l 6277 6278
l 6278 6279
l 6279 6280
l 6280 6281
l 6281 6282
l 6282 6283
l 6283 6284
l 6284 6285
l 6285 6286
l 6286 6287
l 6287 6288
l 6288 6289
l 6289 6290
l 6290 6291
l 6291 6292
l 6292 6293
l 6293 6294
l 6294 6295
l 6295 6296
l 6296 6297
l 6297 6298
l 6298 6299
l 6299 6300
l 6300 6301
l 6301 6302
l 6302 6303
l 6303 6304
l 6304 6305
l 6305 6306
l 6306 6307
l 6307 6308
l 6308 6309
l 6309 6310
l 6310 6311
l 6311 6312
l 6312 6313
l 6313 6314
l 6314 6315
l 6315 6316
l 6316 6317
l 6317 6318
l 6318 6319
l 6319 6320
l 6320 6321
l 6321 6322
l 6322 6323
l 6323 6324
l 6324 6325
l 6325 6326
l 6326 6327
l 6327 6328
l 6328 6329
l 6329 6330
l 6330 6331
l 6331 6332
l 6332 6333
l 6333 6334
l 6334 6335
l 6335 6336
l 6336 6337
l 6337 6338
l 6338 6339
l 6339 6340
l 6340 6341
l 6341 6342
l 6342 6343
l 6343 6344
l 6344 6345
l 6345 6346
l 6346 6347
l 6347 6348
l 6348 6349
l 6349 6350
l 6350 6351
l 6351 6352
l 6352 6353
l 6353 6354
l 6354 6355
l 6355 6356
l 6356 6357
l 6357 6358
l 6358 6359
l 6359 6360
l 6360 6361
l 6361 6362
l 6362 6363
l 6363 6364
l 6364 6365
l 6365 6366
l 6366 6367
l 6367 6368
l 6368 6369
l 6369 6370
l 6370 6371
l 6371 6372
l 6372 6373
l 6373 6374
l 6374 6375
l 6375 6376
l 6376 6377
l 6377 6378
l 6378 6379
l 6379 6380
l 6380 6381
l 6381 6382
l 6382 6383
l 6383 6384
l 6384 6385
l 6385 6386
l 6386 6387
l 6387 6388
l 6388 6389
l 6389 6390
l 6390 6391
l 6391 6392
l 6392 6393
l 6393 6394
l 6394 6395
l 6395 6396
l 6396 6397
l 6397 6398
l 6398 6399
l 6399 6400
l 6400 6401
l 6401 6402
l 6402 6403
l 6403 6404
l 6404 6405
l 6405 6406
l 6406 6407
l 6407 6408
l 6408 6409
l 6409 6410
l 6410 6411
l 6411 6412
l 6412 6413
l 6413 6414
l 6414 6415
l 6415 6416
l 6416 6417
l 6417 6418
l 6418 6419
l 6419 6420
l 6420 6421
l 6421 6422
l 6422 6423
l 6423 6424
l 6424 6425
l 6425 6426
l 6426 6427
l 6427 6428
l 6428 6429
l 6429 6430
l 6430 6431
l 6431 6432
l 6432 6433
l 6433 6434
l 6434 6435
l 6435 6436
l 6436 6437
l 6437 6438
l 6438 6439
l 6439 6440
l 6440 6441
l 6441 6442
l 6442 6443
l 6443 6444
l 6444 6445
l 6445 6446
l 6446 6447
l 6447 6448
l 6448 6449
l 6449 6450
l 6450 6451
l 6451 6452
l 6452 6453
l 6453 6454
l 6454 6455
l 6455 6456
l 6456 6457
l 6457 6458
l 6458 6459
l 6459 6460
l 6460 6461
l 6461 6462
l 6462 6463
l 6463 6464
l 6464 6465
l 6465 6466
l 6466 6467
l 6467 6468
l 6468 6469
l 6469 6470
l 6470 6471
l 6471 6472
l 6472 6473
l 6473 6474
l 6474 6475
l 6475 6476
l 6476 6477
l 6477 6478
l 6478 6479
l 6479 6480
l 6480 6481
l 6481 6482
l 6482 6483
l 6483 6484
l 6484 6485
l 6485 6486
l 6486 6487
l 6487 6488
l 6488 6489
l 6489 6490
l 6490 6491
l 6491 6492
l 6492 6493
l 6493 6494
l 6494 6495
l 6495 6496
l 6496 6497
l 6497 6498
l 6498 6499
l 6499 6500
l 6500 6501
l 6501 6502
l 6502 6503
l 6503 6504
l 6504 6505
l 6505 6506
l 6506 6507
l 6507 6508
l 6508 6509
l 6509 6510
l 6510 6511
l 6511 6512
l 6512 6513
l 6513 6514
l 6514 6515
l 6515 6516
l 6516 6517
l 6517 6518
l 6518 6519
l 6519 6520
l 6520 6521
l 6521 6522
l 6522 6523
l 6523 6524
l 6524 6525
l 6525 6526
l 6526 6527
l 6527 6528
l 6528 6529
l 6529 6530
l 6530 6531
l 6531 6532
l 6532 6533
l 6533 6534
l 6534 6535
l 6535 6536
l 6536 6537
l 6537 6538
l 6538 6539
l 6539 6540
l 6540 6541
l 6541 6542
l 6542 6543
l 6543 6544
l 6544 6545
l 6545 6546
l 6546 6547
l 6547 6548
l 6548 6549
l 6549 6550
l 6550 6551
l 6551 6552
l 6552 6553
l 6553 6554
l 6554 6555
l 6555 6556
l 6556 6557
l 6557 6558
l 6558 6559
l 6559 6560
l 6560 6561
l 6561 6562
l 6562 6563
l 6563 6564
l 6564 6565
l 6565 6566
l 6566 6567
l 6567 6568
l 6568 6569
l 6569 6570
l 6570 6571
l 6571 6572
l 6572 6573
l 6573 6574
l 6574 6575
l 6575 6576
l 6576 6577
l 6577 6578
l 6578 6579
l 6579 6580
l 6580 6581
l 6581 6582
l 6582 6583
l 6583 6584
l 6584 6585
l 6585 6586
l 6586 6587
l 6587 6588
l 6588 6589
l 6589 6590
l 6590 6591
l 6591 6592
l 6592 6593
l 6593 6594
l 6594 6595
l 6595 6596
l 6596 6597
l 6597 6598
l 6598 6599
l 6599 6600
l 6600 6601
l 6601 6602
l 6602 6603
l 6603 6604
l 6604 6605
l 6605 6606
l 6606 6607
l 6607 6608
l 6608 6609
l 6609 6610
l 6610 6611
l 6611 6612
l 6612 6613
l 6613 6614
l 6614 6615
l 6615 6616
l 6616 6617
l 6617 6618
l 6618 6619
l 6619 6620
l 6620 6621
l 6621 6622
l 6622 6623
l 6623 6624
l 6624 6625
l 6625 6626
l 6626 6627
l 6627 6628
l 6628 6629
l 6629 6630
l 6630 6631
l 6631 6632
l 6632 6633
l 6633 6634
l 6634 6635
l 6635 6636
l 6636 6637
l 6637 6638
l 6638 6639
l 6639 6640
l 6640 6641
l 6641 6642
l 6642 6643
l 6643 6644
l 6644 6645
l 6645 6646
l 6646 6647
l 6647 6648
l 6648 6649
l 6649 6650
l 6650 6651
l 6651 6652
l 6652 6653
l 6653 6654
l 6654 6655
l 6655 6656
l 6656 6657
l 6657 6658
l 6658 6659
l 6659 6660
l 6660 6661
l 6661 6662
l 6662 6663
l 6663 6664
l 6664 6665
l 6665 6666
l 6666 6667
l 6667 6668
l 6668 6669
l 6669 6670
l 6670 6671
l 6671 6672
l 6672 6673
l 6673 6674
l 6674 6675
l 6675 6676
l 6676 6677
l 6677 6678
l 6678 6679
l 6679 6680
l 6680 6681
l 6681 6682
l 6682 6683
l 6683 6684
l 6684 6685
l 6685 6686
l 6686 6687
l 6687 6688
l 6688 6689
l 6689 6690
l 6690 6691
l 6691 6692
l 6692 6693
l 6693 6694
l 6694 6695
l 6695 6696
l 6696 6697
l 6697 6698
l 6698 6699
l 6699 6700
l 6700 6701
l 6701 6702
l 6702 6703
l 6703 6704
l 6704 6705
l 6705 6706
l 6706 6707
l 6707 6708
l 6708 6709
l 6709 6710
l 6710 6711
l 6711 6712
l 6712 6713
l 6713 6714
l 6714 6715
l 6715 6716
l 6716 6717
l 6717 6718
l 6718 6719
l 6719 6720
l 6720 6721
l 6721 6722
l 6722 6723
l 6723 6724
l 6724 6725
l 6725 6726
l 6726 6727
l 6727 6728
l 6728 6729
l 6729 6730
l 6730 6731
l 6731 6732
l 6732 6733
l 6733 6734
l 6734 6735
l 6735 6736
l 6736 6737
l 6737 6738
l 6738 6739
l 6739 6740
l 6740 6741
l 6741 6742
l 6742 6743
l 6743 6744
l 6744 6745
l 6745 6746
l 6746 6747
l 6747 6748
l 6748 6749
l 6749 6750
l 6750 6751
l 6751 6752
l 6752 6753
l 6753 6754
l 6754 6755
l 6755 6756
l 6756 6757
l 6757 6758
l 6758 6759
l 6759 6760
l 6760 6761
l 6761 6762
l 6762 6763
l 6763 6764
l 6764 6765
l 6765 6766
l 6766 6767
l 6767 6768
l 6768 6769
l 6769 6770
l 6770 6771
l 6771 6772
l 6772 6773
l 6773 6774
l 6774 6775
l 6775 6776
l 6776 6777
l 6777 6778
l 6778 6779
l 6779 6780
l 6780 6781
l 6781 6782
l 6782 6783
l 6783 6784
l 6784 6785
l 6785 6786
l 6786 6787
l 6787 6788
l 6788 6789
l 6789 6790
l 6790 6791
l 6791 6792
l 6792 6793
l 6793 6794
l 6794 6795
l 6795 6796
l 6796 6797
l 6797 6798
l 6798 6799
l 6799 6800
l 6800 6801
l 6801 6802
l 6802 6803
l 6803 6804
l 6804 6805
l 6805 6806
l 6806 6807
l 6807 6808
l 6808 6809
l 6809 6810
l 6810 6811
l 6811 6812
l 6812 6813
l 6813 6814
l 6814 6815
l 6815 6816
l 6816 6817
l 6817 6818
l 6818 6819
l 6819 6820
l 6820 6821
l 6821 6822
l 6822 6823
l 6823 6824
l 6824 6825
l 6825 6826
l 6826 6827
l 6827 6828
l 6828 6829
l 6829 6830
l 6830 6831
l 6831 6832
l 6832 6833
l 6833 6834
l 6834 6835
l 6835 6836
l 6836 6837
l 6837 6838
l 6838 6839
l 6839 6840
l 6840 6841
l 6841 6842
l 6842 6843
l 6843 6844
l 6844 6845
l 6845 6846
l 6846 6847
l 6847 6848
l 6848 6849
l 6849 6850
l 6850 6851
l 6851 6852
l 6852 6853
l 6853 6854
l 6854 6855
l 6855 6856
l 6856 6857
l 6857 6858
l 6858 6859
l 6859 6860
l 6860 6861
l 6861 6862
l 6862 6863
l 6863 6864
l 6864 6865
l 6865 6866
l 6866 6867
l 6867 6868
l 6868 6869
l 6869 6870
l 6870 6871
l 6871 6872
l 6872 6873
l 6873 6874
l 6874 6875
l 6875 6876
l 6876 6877
l 6877 6878
l 6878 6879
l 6879 6880
l 6880 6881
l 6881 6882
l 6882 6883
l 6883 6884
l 6884 6885
l 6885 6886
l 6886 6887
l 6887 6888
l 6888 6889
l 6889 6890
l 6890 6891
l 6891 6892
l 6892 6893
l 6893 6894
l 6894 6895
l 6895 6896
l 6896 6897
l 6897 6898
l 6898 6899
l 6899 6900
l 6900 6901
l 6901 6902
l 6902 6903
l 6903 6904
l 6904 6905
l 6905 6906
l 6906 6907
l 6907 6908
l 6908 6909
l 6909 6910
l 6910 6911
l 6911 6912
l 6912 6913
l 6913 6914
l 6914 6915
l 6915 6916
l 6916 6917
l 6917 6918
l 6918 6919
l 6919 6920
l 6920 6921
l 6921 6922
l 6922 6923
l 6923 6924
l 6924 6925
l 6925 6926
l 6926 6927
l 6927 6928
l 6928 6929
l 6929 6930
l 6930 6931
l 6931 6932
l 6932 6933
l 6933 6934
l 6934 6935
l 6935 6936
l 6936 6937
l 6937 6938
l 6938 6939
l 6939 6940
l 6940 6941
l 6941 6942
l 6942 6943
l 6943 6944
l 6944 6945
l 6945 6946
l 6946 6947
l 6947 6948
l 6948 6949
l 6949 6950
l 6950 6951
l 6951 6952
l 6952 6953
l 6953 6954
l 6954 6955
l 6955 6956
l 6956 6957
l 6957 6958
l 6958 6959
l 6959 6960
l 6960 6961
l 6961 6962
l 6962 6963
l 6963 6964
l 6964 6965
l 6965 6966
l 6966 6967
l 6967 6968
l 6968 6969
l 6969 6970
l 6970 6971
l 6971 6972
l 6972 6973
l 6973 6974
l 6974 6975
l 6975 6976
l 6976 6977
l 6977 6978
l 6978 6979
l 6979 6980
l 6980 6981
l 6981 6982
l 6982 6983
l 6983 6984
l 6984 6985
l 6985 6986
l 6986 6987
l 6987 6988
l 6988 6989
l 6989 6990
l 6990 6991
l 6991 6992
l 6992 6993
l 6993 6994
l 6994 6995
l 6995 6996
l 6996 6997
l 6997 6998
l 6998 6999
l 6999 7000
l 7000 7001
l 7001 7002
l 7002 7003
l 7003 7004
l 7004 7005
l 7005 7006
l 7006 7007
l 7007 7008
l 7008 7009
l 7009 7010
l 7010 7011
l 7011 7012
l 7012 7013
l 7013 7014
l 7014 7015
l 7015 7016
l 7016 7017
l 7017 7018
l 7018 7019
l 7019 7020
l 7020 7021
l 7021 7022
l 7022 7023
l 7023 7024
l 7024 7025
l 7025 7026
l 7026 7027
l 7027 7028
l 7028 7029
l 7029 7030
l 7030 7031
l 7031 7032
l 7032 7033
l 7033 7034
l 7034 7035
l 7035 7036
l 7036 7037
l 7037 7038
l 7038 7039
l 7039 7040
l 7040 7041
l 7041 7042
l 7042 7043
l 7043 7044
l 7044 7045
l 7045 7046
l 7046 7047
l 7047 7048
l 7048 7049
l 7049 7050
l 7050 7051
l 7051 7052
l 7052 7053
l 7053 7054
l 7054 7055
l 7055 7056
l 7056 7057
l 7057 7058
l 7058 7059
l 7059 7060
l 7060 7061
l 7061 7062
l 7062 7063
l 7063 7064
l 7064 7065
l 7065 7066
l 7066 7067
l 7067 7068
l 7068 7069
l 7069 7070
l 7070 7071
l 7071 7072
l 7072 7073
l 7073 7074
l 7074 7075
l 7075 7076
l 7076 7077
l 7077 7078
l 7078 7079
l 7079 7080
l 7080 7081
l 7081 7082
l 7082 7083
l 7083 7084
l 7084 7085
l 7085 7086
l 7086 7087
l 7087 7088
l 7088 7089
l 7089 7090
l 7090 7091
l 7091 7092
l 7092 7093
l 7093 7094
l 7094 7095
l 7095 7096
l 7096 7097
l 7097 7098
l 7098 7099
l 7099 7100
l 7100 7101
l 7101 7102
l 7102 7103
l 7103 7104
l 7104 7105
l 7105 7106
l 7106 7107
l 7107 7108
l 7108 7109
l 7109 7110
l 7110 7111
l 7111 7112
l 7112 7113
l 7113 7114
l 7114 7115
l 7115 7116
l 7116 7117
l 7117 7118
l 7118 7119
l 7119 7120
l 7120 7121
l 7121 7122
l 7122 7123
l 7123 7124
l 7124 7125
l 7125 7126
l 7126 7127
l 7127 7128
l 7128 7129
l 7129 7130
l 7130 7131
l 7131 7132
l 7132 7133
l 7133 7134
l 7134 7135
l 7135 7136
l 7136 7137
l 7137 7138
l 7138 7139
l 7139 7140
l 7140 7141
l 7141 7142
l 7142 7143
l 7143 7144
l 7144 7145
l 7145 7146
l 7146 7147
l 7147 7148
l 7148 7149
l 7149 7150
l 7150 7151
l 7151 7152
l 7152 7153
l 7153 7154
l 7154 7155
l 7155 7156
l 7156 7157
l 7157 7158
l 7158 7159
l 7159 7160
l 7160 7161
l 7161 7162
l 7162 7163
l 7163 7164
l 7164 7165
l 7165 7166
l 7166 7167
l 7167 7168
l 7168 7169
l 7169 7170
l 7170 7171
l 7171 7172
l 7172 7173
l 7173 7174
l 7174 7175
l 7175 7176
l 7176 7177
l 7177 7178
l 7178 7179
l 7179 7180
l 7180 7181
l 7181 7182
l 7182 7183
l 7183 7184
l 7184 7185
l 7185 7186
l 7186 7187
l 7187 7188
l 7188 7189
l 7189 7190
l 7190 7191
l 7191 7192
l 7192 7193
l 7193 7194
l 7194 7195
l 7195 7196
l 7196 7197
l 7197 7198
l 7198 7199
l 7199 7200
l 7200 7201
l 7201 7202
