# Meshed torus II (chiral_e070_n4_de010): eta 0.6, N 24, eps 0.7, periods 4, delta_eta 0.01, closed (N+1, N-1) knots, B = R_z(pi)*M*A (= -A when eps = 0); ccsim.geometry.hopf_helical_pair(0.6, 24, eps=0.7, periods=4, delta_eta=0.01)
# strand B, closed polyline, 3601 points
x,y,z
-0.427132656,0.000000000,-0.298531070
-0.458688289,-0.006376436,-0.306956374
-0.488013893,-0.014763275,-0.320035228
-0.517027235,-0.026529385,-0.331274581
-0.544535674,-0.043307990,-0.339406570
-0.565455831,-0.065454677,-0.351586632
-0.579766162,-0.093187488,-0.360963701
-0.586223938,-0.125700925,-0.362309176
-0.584013801,-0.158816560,-0.360851608
-0.575392033,-0.190717060,-0.357059142
-0.562184448,-0.220933037,-0.352559302
-0.545536485,-0.249531388,-0.348952093
-0.526190722,-0.276575165,-0.347382232
-0.504873914,-0.302150118,-0.346757598
-0.482115547,-0.326457599,-0.346763928
-0.458304055,-0.349695129,-0.348186482
-0.433968385,-0.372295833,-0.350670465
-0.409811125,-0.395022264,-0.353689573
-0.386920421,-0.419009846,-0.356722603
-0.367125126,-0.445616354,-0.359375556
-0.352871148,-0.475556704,-0.361596510
-0.346121160,-0.507073872,-0.357071979
-0.344975791,-0.538862964,-0.348659932
-0.348472315,-0.571256709,-0.352447359
-0.355239816,-0.602673345,-0.358514544
-0.362315948,-0.631762619,-0.345745872
-0.368712729,-0.657584632,-0.325715805
-0.377094166,-0.686640189,-0.311910275
-0.385099086,-0.714713688,-0.295895718
-0.392106991,-0.741452030,-0.277329518
-0.397612802,-0.766725901,-0.256364041
-0.401789826,-0.791534130,-0.234847083
-0.407419341,-0.820797887,-0.219983981
-0.409285302,-0.846208314,-0.199992460
-0.402794996,-0.858988397,-0.170647050
-0.390401993,-0.863041808,-0.140160762
-0.378066018,-0.879081060,-0.113829712
-0.362395527,-0.896771462,-0.090495253
-0.346329672,-0.920049201,-0.072985866
-0.325297883,-0.940416876,-0.057661865
-0.297150326,-0.951990073,-0.044281487
-0.266725665,-0.961989667,-0.035249941
-0.234838629,-0.969863445,-0.029976650
-0.201817499,-0.973151503,-0.027569318
-0.168525641,-0.972936314,-0.027408439
-0.135300022,-0.971342672,-0.029001186
-0.102155597,-0.970455788,-0.032081468
-0.069174373,-0.971684092,-0.036488660
-0.036313675,-0.972865849,-0.041767344
-0.003514313,-0.972837727,-0.047541604
0.029215050,-0.972090555,-0.053661179
0.061891154,-0.970749638,-0.059961765
0.094536065,-0.968773628,-0.066256373
0.127171314,-0.966112949,-0.072344156
0.159814696,-0.962702190,-0.077996694
0.192477232,-0.958464409,-0.082928960
0.225155240,-0.953348826,-0.086804470
0.257818033,-0.947324404,-0.089205311
0.290382781,-0.940388316,-0.089588020
0.322668015,-0.932597293,-0.087280975
0.354329585,-0.924088857,-0.081541249
0.384768451,-0.915062864,-0.071586576
0.413105147,-0.905760447,-0.056860390
0.438485714,-0.896584868,-0.037417659
0.456110729,-0.881698259,-0.014456935
0.465217166,-0.860164142,0.009122676
0.478275252,-0.848459533,0.037347277
0.489195329,-0.839379995,0.067049894
0.502517768,-0.841829287,0.097404434
0.508560716,-0.833705005,0.127957232
0.504739464,-0.812188261,0.152345967
0.498078289,-0.788103186,0.174353335
0.493227431,-0.767779702,0.200055867
0.487797421,-0.747448485,0.225821813
0.480877615,-0.725316842,0.249671108
0.472831447,-0.701404743,0.271355612
0.464078058,-0.675729259,0.290626278
0.457771562,-0.652940103,0.313622721
0.452314010,-0.629865286,0.336276946
0.444353017,-0.599258828,0.346018715
0.437249656,-0.567844517,0.339275943
0.435827117,-0.535099873,0.343188181
0.440799396,-0.503617658,0.352283804
0.451242619,-0.474094536,0.363261941
0.466892475,-0.444770587,0.364106017
0.486187914,-0.417640903,0.364182021
0.507416039,-0.391981949,0.364178432
0.529444581,-0.367002498,0.364121012
0.551530473,-0.342073821,0.363978338
0.573147811,-0.316739928,0.363718870
0.593871994,-0.290673699,0.363331047
0.613294653,-0.263627893,0.362829388
0.630999733,-0.235432134,0.362260513
0.646489590,-0.205964963,0.361703419
0.659129252,-0.175170969,0.361272834
0.668044385,-0.143106803,0.361118347
0.672028133,-0.110084039,0.361401933
0.669504857,-0.076957022,0.362215540
0.658887288,-0.045526662,0.363379284
0.639759636,-0.018427634,0.364186019
0.616319009,0.001293732,0.352954675
0.587821147,0.016576587,0.346685163
0.557577656,0.026076818,0.355356721
0.526106399,0.033064829,0.347628631
0.495114512,0.037800530,0.336434408
0.465075768,0.041523183,0.322585035
0.440035859,0.045447490,0.301730427
0.414954231,0.050624193,0.282021226
0.387098938,0.057909635,0.268388347
0.371039743,0.072732582,0.244378930
0.352441159,0.096460812,0.230729782
0.338179156,0.125991974,0.225505832
0.325551907,0.156779657,0.226124488
0.311990897,0.186931084,0.230052866
0.296332807,0.215793893,0.235554918
0.277966593,0.242963374,0.241271499
0.256316164,0.267819060,0.245810967
0.230721611,0.288962195,0.247197736
0.201271045,0.303160115,0.242112244
0.172067339,0.305981414,0.227109880
0.153287053,0.305389609,0.200652822
0.134544070,0.289212268,0.179628087
0.124898505,0.284267449,0.148802866
0.113380467,0.272979962,0.121268238
0.102154217,0.266699233,0.092227473
0.088375827,0.269725104,0.064206837
0.062361607,0.274088711,0.044669455
0.029998015,0.278858891,0.039520184
-0.003087030,0.280785590,0.042354717
-0.035845571,0.279257870,0.048063247
-0.068214130,0.274033060,0.053792817
-0.099967441,0.264618890,0.056763186
-0.127821739,0.247690089,0.052688576
-0.147755682,0.229739154,0.033976780
-0.161794894,0.225013953,0.005909366
-0.167582807,0.219228692,-0.024332658
-0.172626986,0.215806801,-0.056014368
-0.182127675,0.215722604,-0.087827667
-0.197741224,0.214491982,-0.116976531
-0.223009930,0.209111694,-0.135761886
-0.245813865,0.187278405,-0.145289805
-0.262915115,0.158835184,-0.146037827
-0.274773487,0.127933179,-0.142672269
-0.283172022,0.096121288,-0.137567853
-0.289621644,0.063826082,-0.132638002
-0.294349702,0.030937608,-0.131093205
-0.298830540,-0.001062241,-0.138280844
-0.306658755,-0.026067880,-0.158300560
-0.325253876,-0.041949871,-0.179488774
-0.333910858,-0.051674921,-0.209470738
-0.352559383,-0.061266868,-0.235329094
-0.373410939,-0.071544537,-0.259072699
-0.400358771,-0.085091607,-0.272516092
-0.414326154,-0.099548082,-0.297817290
-0.435740804,-0.122761948,-0.305576051
-0.446878993,-0.152749508,-0.312668253
-0.445185207,-0.185366180,-0.318207946
-0.433778991,-0.216394711,-0.321408612
-0.415979775,-0.244430346,-0.323250951
-0.394146584,-0.269539552,-0.323945900
-0.369776229,-0.292215441,-0.323404816
-0.343890751,-0.313082357,-0.321572651
-0.317162901,-0.332759302,-0.318824934
-0.290351921,-0.352158095,-0.315327090
-0.265562109,-0.373410108,-0.308797652
-0.240520825,-0.395163371,-0.307688348
-0.218180683,-0.419104438,-0.313179688
-0.202047860,-0.441405760,-0.331393891
-0.195513847,-0.472536458,-0.338989133
-0.195011917,-0.504968437,-0.338190679
-0.196710810,-0.537602271,-0.344516545
-0.200249066,-0.570503820,-0.348172614
-0.204599442,-0.603504190,-0.348559046
-0.208842836,-0.636419050,-0.346045135
-0.212344585,-0.669075136,-0.340653436
-0.214342243,-0.701224932,-0.332287998
-0.214085627,-0.732596214,-0.321171125
-0.212271389,-0.765243700,-0.317103880
-0.207546489,-0.797059258,-0.311965997
-0.196744270,-0.823343145,-0.294944809
-0.180305950,-0.837500456,-0.269900479
-0.158438909,-0.854080163,-0.251807513
-0.131883783,-0.870318844,-0.240151632
-0.101894810,-0.882296220,-0.232205313
-0.069999501,-0.890859926,-0.228146561
-0.037204124,-0.896501642,-0.227419353
-0.004109782,-0.899624544,-0.229238388
0.028974029,-0.900419239,-0.232903667
0.061875370,-0.898926986,-0.237804596
0.094489606,-0.895184486,-0.243379051
0.126732565,-0.889198147,-0.249155560
0.158516428,-0.880973031,-0.254718730
0.189773418,-0.870643182,-0.259728897
0.220511810,-0.858629423,-0.264193749
0.250829486,-0.845475884,-0.268297874
0.280491178,-0.830571400,-0.270872447
0.309450232,-0.814150378,-0.271601413
0.337906280,-0.796874489,-0.270687049
0.366234725,-0.779507778,-0.268443812
0.394913945,-0.762902138,-0.265161448
0.424383594,-0.748005617,-0.260887204
0.454836582,-0.735817726,-0.255225933
0.485633659,-0.726621007,-0.246615523
0.516906656,-0.723084579,-0.236665514
0.548949255,-0.729296261,-0.230408170
0.576436400,-0.731938911,-0.212346098
0.598851124,-0.733155424,-0.188021036
0.608635064,-0.725301132,-0.157506182
0.620698699,-0.721774695,-0.126968083
0.639078814,-0.728278801,-0.100576063
0.657663690,-0.737353344,-0.074549880
0.668957865,-0.739111916,-0.044062920
0.671743871,-0.732421292,-0.012213001
0.669689823,-0.721118375,0.019010489
0.666368121,-0.708693105,0.049610809
0.672908448,-0.706726965,0.082208574
0.677914388,-0.702832068,0.114878209
0.673857869,-0.689022080,0.142515987
0.662753619,-0.667042053,0.164835224
0.654935082,-0.646334517,0.189188671
0.652007056,-0.628104908,0.216193066
0.657249091,-0.617497720,0.247323784
0.653370664,-0.592435146,0.268380853
0.649214818,-0.562928995,0.282588886
0.644177513,-0.530125463,0.284524219
0.648452388,-0.498270324,0.292223896
0.658286754,-0.467188059,0.298864668
0.671797093,-0.437112082,0.303433116
0.688100521,-0.408340044,0.307312799
0.706063264,-0.380500796,0.310687595
0.724753346,-0.353059556,0.313300208
0.743392497,-0.325498100,0.314713286
0.761309871,-0.297431146,0.314498823
0.777910232,-0.268644414,0.312401702
0.793117816,-0.239199262,0.309110739
0.807066918,-0.209175946,0.305510927
0.819033992,-0.178426029,0.301044194
0.828720648,-0.146983164,0.295924486
0.835975325,-0.114924494,0.290606705
0.840688917,-0.082339776,0.285646147
0.842738665,-0.049347157,0.281685332
0.841911230,-0.016145849,0.279445565
0.837812798,0.016876733,0.279701967
0.829805268,0.048970370,0.283186135
0.817032468,0.078842592,0.290215842
0.798939748,0.104693472,0.300510090
0.783866294,0.124226407,0.322579416
0.758859710,0.138845911,0.338002014
0.728396270,0.147706042,0.344037299
0.696435789,0.152034573,0.338144696
0.664152132,0.154824641,0.345351741
0.634130327,0.155184840,0.359628394
0.602672138,0.153935453,0.357918940
0.571301773,0.152040239,0.347414665
0.538398406,0.149492720,0.351815739
0.506175183,0.147645309,0.347154549
0.480615741,0.148971656,0.326122746
0.448143089,0.151071702,0.323627113
0.419054010,0.159977137,0.311409798
0.399311743,0.178588642,0.292835503
0.377736218,0.203200227,0.287185445
0.357598743,0.229545765,0.289154711
0.337963963,0.255760120,0.295163828
0.320048451,0.283579854,0.298864302
0.301370032,0.310962250,0.302080655
0.281185923,0.337373261,0.303994347
0.258675657,0.361889187,0.304373991
0.233029570,0.383039781,0.303202217
0.203777875,0.398487502,0.300210888
0.171786364,0.404606064,0.294223808
0.141222866,0.397553115,0.284849183
0.117096192,0.378829857,0.274590646
0.102242810,0.367416112,0.247629240
0.087814274,0.342940852,0.230769400
0.077092375,0.325476048,0.204530309
0.066713980,0.310264257,0.176794358
0.055752945,0.305367781,0.146377168
0.036491787,0.291512769,0.124767100
0.009162706,0.294975351,0.107254271
-0.023819303,0.293130289,0.104044913
-0.056753514,0.289613643,0.107274136
-0.088971306,0.283324597,0.112820848
-0.120328470,0.273590514,0.118281312
-0.150342012,0.259598388,0.121310500
-0.177219839,0.240525095,0.117947390
-0.195804612,0.218601899,0.102021561
-0.198734468,0.197978510,0.077628141
-0.202647543,0.189473201,0.047732069
-0.202905396,0.181047956,0.015951632
-0.208389742,0.176688655,-0.016312268
-0.219963958,0.172005846,-0.045889973
-0.231410628,0.154969157,-0.070787236
-0.249195893,0.129537523,-0.081741432
-0.262690374,0.099206852,-0.081390665
-0.272221339,0.067748878,-0.076167419
-0.278716100,0.035746559,-0.069675468
-0.282119319,0.003017795,-0.064698614
-0.282198502,-0.030188655,-0.065043434
-0.280380673,-0.060744732,-0.077260678
-0.275553557,-0.079429215,-0.103321098
-0.281955054,-0.092656102,-0.133117651
-0.292282194,-0.103454367,-0.162865971
-0.305074231,-0.114825152,-0.191422224
-0.321163111,-0.129739901,-0.215541095
-0.335463512,-0.149499345,-0.236149803
-0.337489479,-0.172641249,-0.258381510
-0.333130126,-0.203613527,-0.268911042
-0.318233290,-0.233104151,-0.271673561
-0.297131124,-0.258729965,-0.269837923
-0.272547816,-0.280764657,-0.265629957
-0.245819773,-0.299912264,-0.260393825
-0.217638042,-0.316858204,-0.255155502
-0.188452075,-0.332344987,-0.251008769
-0.158827311,-0.347451184,-0.249502349
-0.130259301,-0.364050147,-0.253073190
-0.106705849,-0.384576212,-0.264088682
-0.091583622,-0.403988377,-0.285098354
-0.083952583,-0.429336503,-0.303403517
-0.081076710,-0.461214747,-0.310597405
-0.078457648,-0.486496261,-0.331920850
-0.077215585,-0.517579002,-0.339335825
-0.075407881,-0.549280295,-0.344803638
-0.072162789,-0.578417444,-0.360319392
-0.067139305,-0.610140650,-0.356394598
-0.058612226,-0.640499171,-0.348514902
-0.045443287,-0.670270959,-0.353144523
-0.027591682,-0.696897766,-0.358954935
-0.002649088,-0.718391490,-0.354696922
0.027141114,-0.732463099,-0.350576806
0.059559139,-0.738923057,-0.347140713
0.092717736,-0.738853781,-0.344522665
0.125532638,-0.733666737,-0.342593875
0.157520058,-0.724559060,-0.341185383
0.188501855,-0.712407502,-0.340175568
0.218457427,-0.697882311,-0.339495221
0.247447965,-0.681501153,-0.339118583
0.275572200,-0.663666386,-0.339050123
0.302960219,-0.644719949,-0.339308185
0.329789020,-0.624995422,-0.339903158
0.356282060,-0.604832100,-0.340797912
0.382701101,-0.584564382,-0.341500114
0.409454807,-0.564731859,-0.341738485
0.437090014,-0.546159413,-0.341325192
0.466191168,-0.530062884,-0.339909296
0.497054881,-0.518024354,-0.336896294
0.529195471,-0.511408803,-0.331521560
0.561369331,-0.510414092,-0.323151670
0.593416632,-0.515958947,-0.319399267
0.624718618,-0.525391899,-0.315881524
0.648941230,-0.531431214,-0.295572776
0.666064870,-0.534001779,-0.267126347
0.689096023,-0.541852911,-0.244758738
0.715752095,-0.554014800,-0.228941510
0.740590916,-0.565329379,-0.209855672
0.752917250,-0.567228361,-0.179887686
0.761445808,-0.566065236,-0.147775356
0.770893037,-0.564990281,-0.115994127
0.782795397,-0.564715725,-0.084927325
0.792786874,-0.561837346,-0.053319421
0.801082453,-0.556113371,-0.021605858
0.807959786,-0.547301103,0.009738934
0.813684895,-0.534808414,0.040056187
0.820707104,-0.519883927,0.068909152
0.837451745,-0.509696575,0.095789476
0.847946072,-0.490596165,0.120035645
0.854414252,-0.464158363,0.139157987
0.862208477,-0.435201121,0.153549415
0.870969104,-0.404560611,0.163115369
0.880293083,-0.373054711,0.168437262
0.889756666,-0.341188365,0.170286451
0.899014463,-0.309212932,0.169484718
0.907829705,-0.277220017,0.166705504
0.916053067,-0.245224793,0.162489265
0.923613885,-0.213210112,0.157288053
0.930464526,-0.181146488,0.151441209
0.936611580,-0.149004516,0.145251408
0.942051313,-0.116754758,0.138960655
0.946786919,-0.084371764,0.132786411
0.950816055,-0.051835646,0.126924550
0.954004576,-0.019124427,0.121545617
0.955861089,0.013769794,0.116692164
0.956855591,0.046826785,0.112817047
0.960279904,0.079908760,0.111378163
0.964642010,0.112911875,0.112173856
0.966808488,0.146031926,0.114659922
0.963575021,0.178888084,0.118570855
0.955077679,0.210480914,0.124653926
0.944125111,0.240291448,0.134554700
0.927209932,0.265823260,0.146754627
0.901848556,0.284210691,0.157928929
0.878927245,0.300890986,0.175111284
0.858755113,0.314590611,0.197730327
0.848123176,0.326169626,0.226482712
0.832463173,0.333115998,0.254011920
0.807212553,0.334438455,0.275657254
0.775686763,0.330258339,0.284851596
0.744756531,0.325093356,0.295241731
0.715986546,0.320035621,0.311177469
0.686165897,0.313672329,0.324495759
0.655423480,0.306519256,0.335033418
0.623894439,0.299127274,0.342716399
0.594444328,0.292971955,0.356670345
0.563318683,0.287274101,0.364182437
0.534587257,0.284233008,0.348227703
0.501423002,0.284637352,0.345816068
0.469560207,0.289152070,0.353552613
0.439413351,0.302358558,0.349520825
0.413162206,0.322403875,0.345740920
0.390337801,0.346431589,0.342618059
0.369284837,0.372111108,0.340084690
0.348500376,0.398072504,0.338300345
0.326969446,0.423466348,0.337575634
0.304093142,0.447653470,0.338177382
0.279614144,0.470181853,0.339599286
0.253277806,0.490364591,0.342162069
0.224919044,0.507162674,0.346768275
0.194517420,0.519828905,0.351483742
0.162157547,0.527022714,0.353814644
0.129046490,0.526346474,0.351920264
0.099116485,0.517020899,0.342802668
0.075128500,0.500946430,0.327412407
0.056655852,0.474509430,0.323425355
0.043287038,0.446801608,0.312555220
0.033287814,0.420541666,0.294718131
0.025199725,0.395496698,0.274330642
0.017490034,0.372236271,0.251792758
0.008339668,0.351323867,0.227566900
-0.004547541,0.340857461,0.199496499
-0.025140056,0.320636122,0.184163899
-0.055056601,0.311299915,0.173604055
-0.087847855,0.306299582,0.171177889
-0.120519511,0.300329078,0.173152203
-0.151689176,0.289759745,0.178037592
-0.180811458,0.274738036,0.183715730
-0.206769583,0.254531014,0.188588538
-0.229034552,0.229934946,0.188393347
-0.244135048,0.202964178,0.177038718
-0.252977281,0.184372992,0.151913093
-0.244595933,0.164656878,0.128094329
-0.240222081,0.153020093,0.097222108
-0.241511317,0.146512198,0.065068423
-0.237640214,0.134942810,0.035283950
-0.248848670,0.124581158,0.006819789
-0.253283921,0.098495613,-0.012062510
-0.265674813,0.068185969,-0.016815806
-0.276013821,0.036842561,-0.013502009
-0.278069204,0.004147330,-0.007674385
-0.274485599,-0.028430375,-0.001987203
-0.266253730,-0.060546465,0.000573230
-0.255843650,-0.091235757,-0.005954522
-0.252986712,-0.116146414,-0.026386332
-0.245241690,-0.127159644,-0.055833954
-0.251990737,-0.139425453,-0.085104255
-0.254080025,-0.147618149,-0.115889897
-0.260321244,-0.159955477,-0.144890541
-0.266432585,-0.177687912,-0.169712052
-0.263846074,-0.201686464,-0.191368082
-0.246972770,-0.226030070,-0.205087859
-0.224383308,-0.250236295,-0.207001555
-0.197451480,-0.269528617,-0.204092585
-0.168301462,-0.284812750,-0.199137417
-0.137784840,-0.297035507,-0.193855697
-0.106301889,-0.307135029,-0.189942640
-0.074368065,-0.316436771,-0.190020200
-0.044313066,-0.327436407,-0.198522128
-0.022653781,-0.345821522,-0.214228275
-0.009225966,-0.365559150,-0.235394528
-0.000657213,-0.384137549,-0.259030681
0.006311754,-0.412256879,-0.274865579
0.013346479,-0.438768271,-0.293731878
0.021679700,-0.466593315,-0.309985277
0.031441866,-0.487885090,-0.333276870
0.046204692,-0.516038559,-0.341592068
0.066085188,-0.541757678,-0.339289756
0.093678815,-0.559575302,-0.343757844
0.125786321,-0.567592603,-0.345900702
0.158965409,-0.566299468,-0.346736068
0.191144897,-0.557905255,-0.346906898
0.221582730,-0.544453325,-0.346701683
0.250131626,-0.527334009,-0.346616767
0.276866389,-0.507492196,-0.346878455
0.301962502,-0.485613837,-0.347432833
0.325673525,-0.462243558,-0.348214624
0.348352161,-0.437873422,-0.349178248
0.370522159,-0.413045658,-0.350326650
0.392945545,-0.388462958,-0.351753727
0.416715809,-0.365228754,-0.353660814
0.443163923,-0.345224442,-0.356282502
0.473036700,-0.331034898,-0.359496009
0.505410571,-0.324322110,-0.362018724
0.535965035,-0.323969271,-0.349689450
0.568477280,-0.327318373,-0.350416636
0.599069141,-0.333662661,-0.360707065
0.628867484,-0.340735008,-0.349542675
0.655610266,-0.347211114,-0.330790827
0.685000972,-0.355169454,-0.317550675
0.713788928,-0.362819228,-0.302661615
0.741321350,-0.369397973,-0.285117582
0.767455281,-0.374354199,-0.265088403
0.792126217,-0.377208238,-0.242926244
0.818764862,-0.379669669,-0.224086717
0.849235794,-0.382917029,-0.211049299
0.870253316,-0.378027579,-0.186030948
0.877158319,-0.365602597,-0.157141524
0.884349111,-0.349563511,-0.129988381
0.900194187,-0.331012144,-0.107379700
0.914351355,-0.307684181,-0.088370591
0.926913229,-0.280596364,-0.073725189
0.937914350,-0.250879021,-0.063587936
0.947441164,-0.219581907,-0.057466566
0.955563493,-0.187417681,-0.054674062
0.962347960,-0.154820648,-0.054493724
0.967843091,-0.122028749,-0.056318592
0.972055109,-0.089167887,-0.059692817
0.975002776,-0.056307487,-0.064223943
0.976699352,-0.023485123,-0.069598262
0.977146372,0.009277173,-0.075559468
0.976345723,0.041965553,-0.081879871
0.974327905,0.074573026,-0.088345378
0.971119018,0.107096152,-0.094754653
0.966750370,0.139535104,-0.100899774
0.961272743,0.171894573,-0.106555060
0.954767891,0.204183569,-0.111474921
0.947330804,0.236410869,-0.115368413
0.939074160,0.268576945,-0.117850177
0.930177064,0.300658986,-0.118489866
0.920850032,0.332572765,-0.116723413
0.911358414,0.364098067,-0.111800348
0.902014991,0.394797627,-0.102985890
0.893108042,0.423930101,-0.089618921
0.884788856,0.450521329,-0.071450339
0.876958987,0.473654181,-0.048863615
0.867808800,0.491753581,-0.022787850
0.848103310,0.498306841,0.002907103
0.832998315,0.505830773,0.031224259
0.823057019,0.514264875,0.061850394
0.811522330,0.519002577,0.092707415
0.798351265,0.520850796,0.123207472
0.783379275,0.520104498,0.152906240
0.766528237,0.517100540,0.181426959
0.750261019,0.513753579,0.210160021
0.736432023,0.511540426,0.240346644
0.720122979,0.507541653,0.268875829
0.691687193,0.495348349,0.281204064
0.662252444,0.483347825,0.290747027
0.637704726,0.476539529,0.311325544
0.616096066,0.472760054,0.335850820
0.585075438,0.466003174,0.345557581
0.552849065,0.460793273,0.341151746
0.520043289,0.461862014,0.342141530
0.487931094,0.469834672,0.345383741
0.457713623,0.483583524,0.347484172
0.429661126,0.501413109,0.349279551
0.403230973,0.521584974,0.351131276
0.377703244,0.542886527,0.353072901
0.352452268,0.564519360,0.354986713
0.327007522,0.585939337,0.356710010
0.301010592,0.606709826,0.358083000
0.274194640,0.626435983,0.358981055
0.246357386,0.644707367,0.359327463
0.217354837,0.661062476,0.359108150
0.187108422,0.674960533,0.358436806
0.155639281,0.685800563,0.357916026
0.123086571,0.692707182,0.357855917
0.089879445,0.694455115,0.358466831
0.057051356,0.689508434,0.359872783
0.026561317,0.676530126,0.361870641
0.000927151,0.655526444,0.363673583
-0.018238246,0.628924636,0.362062981
-0.030888104,0.602326721,0.348049287
-0.040168094,0.571076685,0.350102526
-0.045850900,0.539144438,0.351592684
-0.050067933,0.511229378,0.334561712
-0.053070797,0.481127833,0.323513649
-0.055839154,0.451313264,0.312606491
-0.060475920,0.428206145,0.289502957
-0.066312289,0.397269805,0.279624874
-0.079265223,0.378444286,0.256806736
-0.101058522,0.360402189,0.240478244
-0.129282313,0.344006958,0.234528175
-0.159021174,0.329132423,0.235661523
-0.188335018,0.314067568,0.240406924
-0.216943323,0.298057279,0.246265300
-0.244776790,0.280536834,0.251468301
-0.271093920,0.260475184,0.254994938
-0.297340772,0.240498705,0.251061665
-0.315294374,0.213076066,0.246844906
-0.318818994,0.181511104,0.240036875
-0.311686513,0.154498505,0.223074574
-0.300885464,0.135654034,0.197938113
-0.292104619,0.123425865,0.168768372
-0.280629545,0.112143316,0.140904803
-0.270977516,0.100693973,0.111527205
-0.267110859,0.086709564,0.081639039
-0.275017003,0.066837605,0.057673313
-0.278397093,0.035429705,0.048177173
-0.277815890,0.002234735,0.049439888
-0.274415882,-0.030407312,0.055054477
-0.269557227,-0.062744372,0.061329535
-0.263844318,-0.095310616,0.065102476
-0.253944668,-0.126830608,0.062890197
-0.234922750,-0.149408171,0.049641304
-0.221832183,-0.162313541,0.023528881
-0.214479572,-0.168575063,-0.006506078
-0.211073956,-0.174214630,-0.038900104
-0.212378283,-0.184075381,-0.070203858
-0.210058322,-0.195323383,-0.099444074
-0.205661450,-0.216701769,-0.122558399
-0.187801789,-0.240808222,-0.135346876
-0.159788113,-0.258184653,-0.138580598
-0.128664702,-0.269738204,-0.136469626
-0.097299006,-0.279489317,-0.131014326
-0.065661672,-0.287924936,-0.124918651
-0.033559349,-0.295713094,-0.120893242
-0.001014554,-0.301045585,-0.124201169
0.026191798,-0.302524902,-0.141663859
0.043990674,-0.313051504,-0.165589550
0.056672757,-0.330142612,-0.190664875
0.066973233,-0.347599844,-0.217074060
0.076438284,-0.362706224,-0.244899613
0.088989518,-0.385346012,-0.262635096
0.105123621,-0.404256230,-0.283599495
0.125850351,-0.417522645,-0.304087748
0.155506946,-0.431759912,-0.306232802
0.188151771,-0.430459249,-0.311430701
0.218779740,-0.418380148,-0.315484702
0.245617094,-0.399180200,-0.319624128
0.269991042,-0.376559181,-0.320667857
0.292732643,-0.352396649,-0.317949702
0.313663666,-0.326787902,-0.314082004
0.333564036,-0.300528937,-0.309223152
0.353015702,-0.273906950,-0.304523770
0.372758565,-0.247261063,-0.301555632
0.394003540,-0.221675257,-0.302278990
0.418439132,-0.200024255,-0.308316853
0.442994544,-0.185460329,-0.323979491
0.471048477,-0.178821823,-0.339460276
0.503436757,-0.179058665,-0.336295260
0.535933080,-0.180598445,-0.343320857
0.568794901,-0.183708743,-0.347640285
0.601862965,-0.187389458,-0.348679074
0.634619135,-0.190855024,-0.351904209
0.667247535,-0.193765072,-0.357883056
0.699008266,-0.194885960,-0.351007565
0.724284706,-0.192771117,-0.329528974
0.754357908,-0.188574902,-0.318024372
0.786870205,-0.183082135,-0.319346736
0.814728391,-0.170979871,-0.306504937
0.837925924,-0.153017822,-0.291098184
0.850400039,-0.129749291,-0.271077229
0.859213146,-0.102091952,-0.255195183
0.869239711,-0.071117576,-0.248420663
0.875027725,-0.038565535,-0.244685820
0.877781027,-0.005438580,-0.243978581
0.887687327,0.024310753,-0.254890236
0.888433890,0.056528599,-0.260595142
0.882834002,0.089233477,-0.263389715
0.875232745,0.121465354,-0.266884493
0.865723439,0.153156326,-0.270642657
0.854291771,0.184234226,-0.274167643
0.841197077,0.214694489,-0.277282340
0.826716141,0.244572401,-0.279864709
0.811130908,0.273938647,-0.281824117
0.794745365,0.302905526,-0.283088313
0.777897568,0.331630034,-0.283583773
0.760979941,0.360315053,-0.283207238
0.744471477,0.389203375,-0.281784172
0.728982403,0.418550489,-0.279011106
0.715294853,0.448545210,-0.274391059
0.704345397,0.479139725,-0.267200464
0.696992972,0.509808935,-0.256616267
0.693384567,0.539457846,-0.241974895
0.698842486,0.569602860,-0.231261916
0.707960784,0.598295181,-0.218796700
0.711332877,0.620405781,-0.194149620
0.709643178,0.634038045,-0.165144039
0.702507553,0.640304590,-0.133224244
0.704583413,0.654295131,-0.103369994
0.713226910,0.672409029,-0.076818318
0.719837122,0.687694537,-0.047975394
0.712184672,0.688788905,-0.016384262
0.701289920,0.686599621,0.014962588
0.692872011,0.686888138,0.046390867
0.691460954,0.694306041,0.078818785
0.687959282,0.700155901,0.111418990
0.675188376,0.697998355,0.141890449
0.653112333,0.686835939,0.163830285
0.629327053,0.676011464,0.183750851
0.608722684,0.672462939,0.209551414
0.596070901,0.678376124,0.239454223
0.572972026,0.678831450,0.262404594
0.544118787,0.678768741,0.278955813
0.513556266,0.682379997,0.291568790
0.482370133,0.690001344,0.300285912
0.451470790,0.701170916,0.305590683
0.421263829,0.714917804,0.308239034
0.391717830,0.730261938,0.308935106
0.362607197,0.746422161,0.308213825
0.333671313,0.762814867,0.306434519
0.304618454,0.778845611,0.303594519
0.275259847,0.794106568,0.299815241
0.245482865,0.808325017,0.295315145
0.215212976,0.821276700,0.290310818
0.184406601,0.832769066,0.285026997
0.153044295,0.842621623,0.279705446
0.121131862,0.850658943,0.274615016
0.088703632,0.856696323,0.270058490
0.055830260,0.860505056,0.266388303
0.022646789,0.861785745,0.264023874
-0.010593128,0.860129306,0.263466890
-0.043417103,0.854981310,0.265295135
-0.074984540,0.845657928,0.270080050
-0.103919145,0.831442306,0.278187421
-0.128586591,0.812128349,0.289259885
-0.147652097,0.788702465,0.302893335
-0.160865997,0.771275399,0.327762711
-0.169221530,0.742562135,0.341724926
-0.172673238,0.710418713,0.340686118
-0.173914140,0.677787066,0.341185709
-0.173792678,0.647954434,0.355621247
-0.171795168,0.616344567,0.363964132
-0.168784310,0.583213985,0.362892465
-0.165616976,0.550300155,0.359039069
-0.163156192,0.517833907,0.352085489
-0.163480558,0.491142623,0.333088725
-0.166157537,0.460251214,0.322268542
-0.172233026,0.428504622,0.319984725
-0.188216843,0.401506785,0.309225474
-0.211798056,0.379023519,0.302823691
-0.239153707,0.360201076,0.300650442
-0.267597474,0.342887230,0.301013736
-0.295926872,0.325448955,0.302592856
-0.323469362,0.306837102,0.304581886
-0.349625479,0.286321691,0.306468908
-0.373658579,0.263332658,0.307855839
-0.394476857,0.237383388,0.308301273
-0.410283472,0.208169954,0.307101377
-0.418099190,0.176212784,0.302940361
-0.414583957,0.144601402,0.293896007
-0.398287208,0.118410765,0.283756249
-0.376943764,0.099175949,0.268571632
-0.357003036,0.085299008,0.245827704
-0.338070252,0.074323386,0.220740125
-0.321153331,0.064242050,0.193896142
-0.310705814,0.053732951,0.164929415
-0.299400670,0.038140347,0.140433584
-0.292155899,0.012750522,0.121236837
-0.290507786,-0.019524960,0.114049390
-0.288960794,-0.052736432,0.115231542
-0.285017680,-0.085488245,0.119687471
-0.277179515,-0.117410132,0.124884319
-0.264365054,-0.147840108,0.128875271
-0.246409471,-0.175748982,0.128291336
-0.224047953,-0.197318670,0.117352255
-0.201768114,-0.204517598,0.095321482
-0.187036654,-0.205208980,0.066250128
-0.178845359,-0.206482748,0.034011751
-0.175662374,-0.212346356,0.002403457
-0.170756870,-0.220229943,-0.027120511
-0.156120565,-0.227793938,-0.054740204
-0.133544563,-0.244873876,-0.071279361
-0.104758025,-0.261125314,-0.073634418
-0.074089905,-0.273248743,-0.069303415
-0.042236751,-0.280562035,-0.063070634
-0.009488953,-0.282854670,-0.057626439
0.022637535,-0.275639026,-0.056656741
0.054646654,-0.271985154,-0.064032460
0.080316532,-0.276983774,-0.083618164
0.093427182,-0.275490403,-0.112399328
0.105350368,-0.285969301,-0.140280022
0.115826611,-0.296348356,-0.168377260
0.126603235,-0.304999729,-0.197341034
0.144967438,-0.322216152,-0.217557061
0.166195009,-0.327652152,-0.241426868
0.194197793,-0.324997863,-0.257874673
0.224720692,-0.313271735,-0.262944066
0.252062922,-0.294478481,-0.261165910
0.275613805,-0.271486109,-0.256310232
0.295536809,-0.245387341,-0.250884820
0.312084703,-0.216863111,-0.246338837
0.325617421,-0.186597491,-0.243784483
0.336129687,-0.155051548,-0.245366779
0.349107149,-0.124770457,-0.249810273
0.368541849,-0.099670144,-0.258812673
0.395750786,-0.084230895,-0.268744618
0.413902878,-0.074043410,-0.293739028
0.443554678,-0.069520101,-0.306389537
0.474909060,-0.066948718,-0.316166836
0.505755017,-0.064574624,-0.328462855
0.537508266,-0.061769810,-0.338038516
0.567628628,-0.057588393,-0.350595621
0.597327177,-0.051315240,-0.362376210
0.626890226,-0.042177840,-0.351818620
0.655954317,-0.027161936,-0.348060467
0.681153219,-0.007383511,-0.356207227
0.701020716,0.018525645,-0.358281328
0.712890029,0.049415704,-0.355512969
0.716936178,0.082267894,-0.352557625
0.714413646,0.115266161,-0.349221492
0.706908230,0.147512974,-0.345832699
0.695737614,0.178732841,-0.342856080
0.681893994,0.208943813,-0.340793120
0.666069576,0.238232134,-0.340079308
0.648749640,0.266660529,-0.340918307
0.630076556,0.294206019,-0.342187132
0.610455269,0.321036897,-0.344217007
0.590315770,0.347357612,-0.347496138
0.569959075,0.373408610,-0.351519658
0.549784524,0.399597119,-0.355564319
0.530442364,0.426513283,-0.358771218
0.513043897,0.454853554,-0.360232368
0.499196565,0.485083223,-0.359194985
0.490677742,0.517047980,-0.355882908
0.486104389,0.545571112,-0.339954949
0.486388715,0.575195393,-0.325283714
0.492629975,0.606688668,-0.317806811
0.503446069,0.637742025,-0.316593570
0.511977952,0.664406062,-0.300020528
0.515913186,0.682392948,-0.272276650
0.521349176,0.701625882,-0.245956133
0.528847084,0.723213105,-0.221779436
0.535157073,0.742840995,-0.195672228
0.539958369,0.760522687,-0.167892198
0.542875817,0.776206040,-0.138667930
0.543712488,0.790155392,-0.108480977
0.548401267,0.810526294,-0.082553605
0.550790550,0.829400702,-0.055624906
0.542241630,0.835560155,-0.024453393
0.525595181,0.830416931,0.003401466
0.508599343,0.831362523,0.031549937
0.490811725,0.838194762,0.058825114
0.473357478,0.851210728,0.083823779
0.455990285,0.868754720,0.106086260
0.429632888,0.879235331,0.123020888
0.399801061,0.888418844,0.134553098
0.368797497,0.898166388,0.141710301
0.336705868,0.906518446,0.144510461
0.304104313,0.913220064,0.143811917
0.271420683,0.918774830,0.140679040
0.238844511,0.923993569,0.136126588
0.206442700,0.929707285,0.130963710
0.174271953,0.936569129,0.125762867
0.142215557,0.943922954,0.120520602
0.110008103,0.950254219,0.114887164
0.077670807,0.955818786,0.109180069
0.045216810,0.960896743,0.103687080
0.012613921,0.965363430,0.098559075
-0.020164030,0.969052693,0.093960324
-0.053127005,0.971776669,0.090073293
-0.086263541,0.973305853,0.087134657
-0.119521448,0.973358997,0.085473088
-0.152774262,0.971671507,0.085477000
-0.185783422,0.967943125,0.087662385
-0.218115222,0.961847482,0.092690011
-0.249069321,0.953132898,0.101227719
-0.277646185,0.941661317,0.113793344
-0.302737598,0.927652035,0.130531775
-0.322218400,0.909124746,0.149505524
-0.331627880,0.880049051,0.162624953
-0.342149973,0.857578986,0.184409693
-0.349948152,0.837820911,0.209629438
-0.357776086,0.829379286,0.240810848
-0.359364074,0.808703812,0.265634216
-0.356836583,0.782874102,0.286477606
-0.352318562,0.755790245,0.305278673
-0.346221202,0.727537049,0.321765125
-0.338967544,0.698220008,0.335736575
-0.330725573,0.667553611,0.343993391
-0.321847491,0.635508396,0.342944479
-0.314693343,0.605602044,0.350933508
-0.308888999,0.576047375,0.363694939
-0.304214034,0.543582860,0.361185712
-0.303703103,0.513993024,0.347598460
-0.308481936,0.481185889,0.346334728
-0.318609754,0.450301368,0.353206521
-0.336744183,0.422572586,0.351491256
-0.359423983,0.398358212,0.349445887
-0.384516707,0.378748451,0.339810406
-0.409682457,0.357155243,0.338746102
-0.434396868,0.334862939,0.339948553
-0.458221007,0.311676162,0.341879602
-0.480630639,0.287200684,0.344631732
-0.501148372,0.261179599,0.347878536
-0.519185150,0.233399061,0.351223717
-0.533839314,0.203667065,0.354194553
-0.543748923,0.171984369,0.356216101
-0.546810626,0.138912169,0.356535624
-0.540581183,0.106430075,0.354194543
-0.524722636,0.078229788,0.347491671
-0.506788267,0.058134612,0.328691957
-0.478651866,0.042209549,0.323374129
-0.449666926,0.030800317,0.313681367
-0.422884795,0.022168741,0.295891505
-0.397462136,0.014874094,0.275664464
-0.381208044,0.007823586,0.247553495
-0.354367885,-0.001245215,0.231202392
-0.343562611,-0.015079277,0.203744601
-0.329313002,-0.038599289,0.185418742
-0.319383830,-0.069228333,0.177591809
-0.310772944,-0.101361705,0.177735635
-0.300860269,-0.132877603,0.181787341
-0.287947679,-0.162984698,0.187693469
-0.271563700,-0.191333457,0.193664896
-0.251231993,-0.217352986,0.197629345
-0.226429239,-0.239317069,0.196211687
-0.198857488,-0.252712509,0.184193141
-0.179989682,-0.259921553,0.158783008
-0.160353996,-0.250527102,0.134810025
-0.151883759,-0.250298220,0.103361420
-0.141466866,-0.244724927,0.073790908
-0.130933971,-0.242240639,0.043846294
-0.119805006,-0.251491237,0.015515970
-0.095170926,-0.261354227,-0.003837866
-0.063625107,-0.270170459,-0.008614603
-0.030812080,-0.274589805,-0.005536699
0.001941654,-0.274812236,0.000375124
0.034518634,-0.271242505,0.006199855
0.066868994,-0.263988834,0.008711121
0.097449453,-0.253545855,0.001843881
0.120260649,-0.245484445,-0.020077829
0.132696642,-0.242660033,-0.048014628
0.144205789,-0.247627430,-0.077476028
0.154426021,-0.252125810,-0.108803345
0.166126867,-0.255585131,-0.139598437
0.182182806,-0.256449530,-0.167041757
0.209405059,-0.255918733,-0.183983800
0.236505863,-0.239484497,-0.193181251
0.259329080,-0.215390209,-0.193978307
0.277431311,-0.187674581,-0.190698692
0.291722743,-0.158021462,-0.185746433
0.303089541,-0.127132250,-0.180722245
0.312415600,-0.095353564,-0.177324926
0.321045716,-0.063253080,-0.178294555
0.326261028,-0.033528409,-0.190995899
0.339832958,-0.012091482,-0.211838974
0.364119666,0.000439991,-0.229254187
0.386181889,0.009584267,-0.252437596
0.410563309,0.017108809,-0.273825208
0.436747693,0.024917056,-0.292851653
0.464099556,0.034671691,-0.309118037
0.484897248,0.046214446,-0.331416784
0.510813574,0.063608625,-0.340538809
0.533647274,0.086771809,-0.338025221
0.546364901,0.117078193,-0.342215762
0.548786132,0.150060567,-0.344882307
0.542630580,0.182641934,-0.347151685
0.530307301,0.213465551,-0.349328976
0.513663718,0.242220691,-0.351299245
0.493912864,0.268978704,-0.352799627
0.471937712,0.293982373,-0.353568247
0.448426993,0.317565087,-0.353427130
0.423970289,0.340144058,-0.352348220
0.399005292,0.362152656,-0.351084408
0.375872925,0.384803912,-0.344482116
0.353784932,0.408463174,-0.337957290
0.332141463,0.433696740,-0.339415868
0.315126026,0.460638906,-0.347497214
0.305224321,0.489759220,-0.359373217
0.302972472,0.522688134,-0.360995146
0.305328283,0.553754689,-0.349776768
0.310522817,0.585770212,-0.352368672
0.317797874,0.617076413,-0.359400590
0.325256668,0.647217697,-0.349006674
0.331626057,0.674071255,-0.330406280
0.339049340,0.703209047,-0.318470100
0.347371827,0.734840822,-0.312298161
0.352496574,0.760996072,-0.295882142
0.353195026,0.779873617,-0.268547400
0.353400792,0.801964070,-0.244065002
0.354648387,0.830876749,-0.228030115
0.354461881,0.860578363,-0.213547157
0.346281619,0.881422139,-0.188963153
0.331399089,0.892819475,-0.161940502
0.311152265,0.897287151,-0.136036167
0.288236196,0.911483230,-0.116640658
0.261524079,0.924646410,-0.101838020
0.232066816,0.936218853,-0.091580368
0.200995691,0.946476598,-0.085489516
0.169061969,0.955512756,-0.082868730
0.136701912,0.963349772,-0.082952660
0.104129222,0.969911114,-0.085138716
0.071449573,0.975071662,-0.088922130
0.038719440,0.978707658,-0.093867171
0.005978749,0.980680564,-0.099621803
-0.026729186,0.980849124,-0.105876378
-0.059352323,0.979141730,-0.112337319
-0.091830907,0.975523586,-0.118737677
-0.124104995,0.970030140,-0.124834052
-0.156193096,0.963204139,-0.130570432
-0.188056580,0.954995279,-0.135664985
-0.219301868,0.944076561,-0.139245678
-0.249819359,0.930888763,-0.141096401
-0.279789592,0.916372905,-0.141233379
-0.309599275,0.901603555,-0.139731669
-0.339666553,0.887665696,-0.136495954
-0.370209827,0.875538228,-0.131174462
-0.400802714,0.865401170,-0.122861533
-0.430153099,0.856244405,-0.110139662
-0.460091335,0.856546123,-0.096111278
-0.487925358,0.860172402,-0.078495551
-0.509214508,0.856035262,-0.053486964
-0.525397935,0.849765247,-0.025094271
-0.537924682,0.842922100,0.004973757
-0.546724965,0.834953466,0.036068844
-0.552587245,0.825700919,0.067497665
-0.555588363,0.814856357,0.098828712
-0.555917018,0.802185362,0.129617303
-0.549512806,0.781691735,0.154725786
-0.541158899,0.759199593,0.177789574
-0.535946304,0.741481465,0.204437251
-0.533861365,0.728270840,0.234901402
-0.529635913,0.711865056,0.263167111
-0.520758893,0.687954211,0.284557135
-0.511609730,0.662166352,0.303508776
-0.502748655,0.634656864,0.320023633
-0.495074947,0.605245789,0.333603637
-0.489779767,0.574157549,0.344233412
-0.486705676,0.541603895,0.343430757
-0.489098708,0.509212730,0.339872368
-0.499216974,0.477693889,0.343042473
-0.514366396,0.448165997,0.345457169
-0.532848454,0.420625345,0.348347650
-0.553148212,0.394436311,0.351677259
-0.574261825,0.368888759,0.354957050
-0.595512333,0.343376634,0.357547911
-0.616360271,0.317442249,0.358878371
-0.636300553,0.290775135,0.358584702
-0.654994865,0.263240313,0.357402403
-0.672045953,0.234704258,0.355524061
-0.686772357,0.205044214,0.352079651
-0.698729499,0.174287911,0.347671605
-0.707494105,0.142489089,0.343184890
-0.712530040,0.109783464,0.339643856
-0.713003188,0.076559891,0.338063585
-0.707638907,0.043775852,0.339183344
-0.694896646,0.013266262,0.342245492
-0.676626883,-0.011440625,0.353092022
-0.652222909,-0.030124300,0.363794293
-0.622423637,-0.043813133,0.361454467
-0.593765584,-0.052672871,0.347584219
-0.561529879,-0.058509380,0.349745578
-0.529005998,-0.061850828,0.349149208
-0.497537401,-0.064321388,0.338578699
-0.467154083,-0.066487950,0.325138044
-0.440603337,-0.069755193,0.306348706
-0.416898568,-0.075533015,0.285127569
-0.387545284,-0.084025049,0.274629847
-0.371235748,-0.102525342,0.253194821
-0.354150162,-0.128930825,0.243191960
-0.337551823,-0.157698389,0.243130667
-0.320897280,-0.186071542,0.248268698
-0.305621127,-0.215270448,0.253051394
-0.289435327,-0.244061425,0.257296197
-0.271461698,-0.271973196,0.259773221
-0.250395126,-0.297719098,0.259975963
-0.224887856,-0.318833719,0.257445729
-0.194965669,-0.331098161,0.250480976
-0.164596851,-0.327497870,0.240020118
-0.142269990,-0.318068387,0.219228335
-0.127176074,-0.307601796,0.193336469
-0.113453055,-0.291590455,0.168379218
-0.102695639,-0.280854861,0.138756547
-0.093712092,-0.279912984,0.107412663
-0.076072049,-0.270428474,0.082042224
-0.052472113,-0.278761092,0.061330645
-0.020017809,-0.280657760,0.055814742
0.012644148,-0.276116568,0.059209677
0.045380340,-0.274094610,0.064951819
0.077939071,-0.269907663,0.070503873
0.110103480,-0.261930909,0.073212063
0.139909220,-0.248207027,0.068886190
0.160755496,-0.230283078,0.051298489
0.170031950,-0.217671852,0.024733826
0.178155602,-0.213815109,-0.006805460
0.184236317,-0.210909499,-0.039371669
0.189605317,-0.206019419,-0.070762633
0.202971034,-0.203203268,-0.098752517
0.223633116,-0.192335015,-0.121093053
0.248629328,-0.172901038,-0.128733317
0.266013262,-0.144609977,-0.128582337
0.278605324,-0.114127161,-0.124195584
0.287345372,-0.082516449,-0.118489613
0.292983586,-0.050074374,-0.113594180
0.296305857,-0.017004395,-0.112315496
0.299048064,0.015127648,-0.119788128
0.301913114,0.039550396,-0.141012827
0.310971251,0.054542138,-0.167260340
0.325348234,0.065543343,-0.193445801
0.342818042,0.075545432,-0.217977377
0.358360252,0.085622220,-0.244379153
0.379961287,0.099481314,-0.262917706
0.399046800,0.118002377,-0.281080367
0.408438277,0.140745771,-0.301879646
0.413251747,0.171951735,-0.311666256
0.406737387,0.204222394,-0.315484403
0.392055664,0.234033774,-0.315291390
0.372350080,0.260722374,-0.312773289
0.349481664,0.284607838,-0.308952858
0.324512458,0.306184048,-0.304520025
0.298102894,0.325975144,-0.300071104
0.270763464,0.344606498,-0.296263179
0.243057088,0.362937598,-0.293981730
0.216021839,0.382338426,-0.294523385
0.192051854,0.404786699,-0.299529235
0.175006423,0.431515148,-0.309292792
0.165277555,0.454848956,-0.329743527
0.162755916,0.485642358,-0.339127449
0.164006284,0.518395379,-0.338716815
0.165610528,0.547893715,-0.353689632
0.168446008,0.579100612,-0.357761923
0.171367577,0.611231659,-0.349595129
0.173407603,0.644261647,-0.346483766
0.173896978,0.677131992,-0.341275265
0.172008849,0.709385739,-0.333329621
0.166762236,0.740548446,-0.322935989
0.158129800,0.771835238,-0.316850164
0.146155006,0.802576994,-0.316078336
0.126727483,0.826630419,-0.304045334
0.101794283,0.845732211,-0.293205403
0.072680933,0.859511463,-0.284986517
0.040980673,0.868085428,-0.279708749
0.008067118,0.872178072,-0.277039813
-0.025211392,0.872517367,-0.276470393
-0.058371574,0.869735940,-0.277486978
-0.091155221,0.864331323,-0.279652179
-0.123428306,0.856681735,-0.282614326
-0.155130924,0.847098985,-0.286086198
-0.186248671,0.835845372,-0.289834444
-0.216796282,0.823147431,-0.293664887
-0.246814945,0.809219371,-0.297407343
-0.276373154,0.794278006,-0.300903979
-0.305570867,0.778558126,-0.303997243
-0.334545789,0.762331082,-0.306515155
-0.363479832,0.745930156,-0.308250957
-0.392600717,0.729787113,-0.308933183
-0.422165364,0.714482875,-0.308182828
-0.452394326,0.700801986,-0.305463227
-0.481383074,0.687638261,-0.296261210
-0.507964437,0.675537397,-0.280313534
-0.535718341,0.668417343,-0.263464085
-0.564342975,0.667417709,-0.246543253
-0.593204365,0.673732793,-0.232377562
-0.621337787,0.684601950,-0.219239798
-0.643076844,0.690176662,-0.194902180
-0.656998631,0.690653558,-0.165701418
-0.663547396,0.685570180,-0.133451681
-0.677623253,0.689359242,-0.105167547
-0.694842249,0.697299945,-0.077876450
-0.707701038,0.701322302,-0.048084538
-0.714302792,0.699217574,-0.015519642
-0.718329380,0.694602646,0.017217874
-0.720485678,0.687813392,0.049715176
-0.720985531,0.678826613,0.081735425
-0.719931498,0.667398675,0.112962148
-0.717594283,0.653380804,0.143051009
-0.707721315,0.631738907,0.164999205
-0.696736572,0.606917371,0.183158333
-0.694841819,0.585221635,0.208290109
-0.700949692,0.568362169,0.236119906
-0.705650865,0.545540041,0.258904668
-0.708810263,0.515698960,0.273252283
-0.715479204,0.484695095,0.283287584
-0.725292593,0.453437947,0.289115304
-0.737374673,0.422510273,0.291480275
-0.750830340,0.392054702,0.291181901
-0.764928959,0.361968417,0.288936518
-0.779146605,0.332070316,0.285316905
-0.793122281,0.302183173,0.280774453
-0.806606993,0.272160828,0.275672616
-0.819423318,0.241891658,0.270313627
-0.831435028,0.211294031,0.264957660
-0.842517383,0.180307863,0.259839952
-0.852555050,0.148897597,0.255176897
-0.861403697,0.117042740,0.251176197
-0.868640961,0.084713470,0.247811469
-0.873855187,0.051931965,0.245174748
-0.882257995,0.020410898,0.249151546
-0.891874384,-0.009988440,0.258098032
-0.889653939,-0.043106522,0.260136721
-0.883194327,-0.075481988,0.264262151
-0.872262520,-0.106082330,0.271321493
-0.851953227,-0.131856535,0.275055225
-0.826384636,-0.152770341,0.278731391
-0.801206067,-0.170380560,0.291319705
-0.777686816,-0.182950203,0.310256298
-0.757025115,-0.190910471,0.334091144
-0.725901455,-0.194470325,0.345343463
-0.693770785,-0.194900634,0.354024513
-0.661110398,-0.193399555,0.360272098
-0.628118399,-0.190372809,0.363507177
-0.595049057,-0.186580778,0.363796844
-0.562085745,-0.182683662,0.361296973
-0.529396616,-0.179421479,0.355942521
-0.497664134,-0.177962306,0.346657012
-0.471543772,-0.180771322,0.326825754
-0.439703380,-0.186563061,0.322720883
-0.410601048,-0.199828852,0.317120429
-0.386979898,-0.222136120,0.310283474
-0.367727760,-0.249022515,0.306592400
-0.350497697,-0.277473307,0.304980587
-0.333209026,-0.305935542,0.304843987
-0.314521715,-0.333468065,0.306030697
-0.293678362,-0.359313070,0.308462301
-0.270467054,-0.383013686,0.311199314
-0.244003796,-0.402483721,0.316316309
-0.214544678,-0.417035038,0.321457294
-0.182702314,-0.426330873,0.321073519
-0.150547908,-0.426772552,0.313603101
-0.124671267,-0.421246310,0.294042671
-0.102383556,-0.400173351,0.283605718
-0.087291692,-0.381496177,0.263389356
-0.075666143,-0.362792292,0.239637644
-0.065203575,-0.341508031,0.218217419
-0.055653791,-0.325773596,0.192132901
-0.044235902,-0.313989912,0.165397587
-0.026043556,-0.303332316,0.141062523
0.001513732,-0.294306458,0.126549030
0.034336972,-0.292993032,0.121855730
0.067538345,-0.291647206,0.123572929
0.099902252,-0.285764722,0.128444827
0.130744192,-0.274738890,0.134201705
0.158746460,-0.257485391,0.139039870
0.183786421,-0.235764011,0.138049649
0.203435662,-0.214022314,0.123612942
0.213102042,-0.197864586,0.097764278
0.212443883,-0.184007845,0.069895170
0.211650976,-0.174821536,0.039285608
0.218665045,-0.172195509,0.007423328
0.221054623,-0.162188358,-0.022753206
0.234758328,-0.150493804,-0.048652222
0.247564980,-0.124873296,-0.063835298
0.264138875,-0.096164197,-0.065042901
0.275815927,-0.065438308,-0.060378193
0.280259925,-0.032997607,-0.054471568
0.279064242,-0.000121229,-0.049551459
0.273977977,0.032722421,-0.048639986
0.268699582,0.063945564,-0.057965281
0.273459784,0.088127101,-0.079090538
0.270536211,0.099849151,-0.109322374
0.284296086,0.112974704,-0.136166778
0.294939246,0.124341950,-0.165592210
0.302097367,0.135762344,-0.195497889
0.315356097,0.154674784,-0.216996923
0.320863229,0.180128715,-0.236541283
0.310977026,0.206718236,-0.252626977
0.295428125,0.235809508,-0.255434501
0.277321436,0.262942584,-0.249189801
0.251617131,0.283707108,-0.245509038
0.223267965,0.300713740,-0.241663779
0.193106152,0.314487367,-0.238683322
0.161969897,0.326202077,-0.237250439
0.130816136,0.337833046,-0.238652055
0.101808132,0.352428295,-0.245517786
0.079832674,0.372756696,-0.259496651
0.068145646,0.401172238,-0.270624398
0.060230118,0.419471682,-0.296101976
0.056648683,0.450989528,-0.304795845
0.053503358,0.481194339,-0.318129431
0.050268027,0.512062932,-0.330156163
0.045948543,0.543794439,-0.339249596
0.039827508,0.571118816,-0.357113784
0.030513922,0.602131789,-0.361956771
0.017941286,0.629595361,-0.348904661
-0.002294018,0.655912721,-0.347750828
-0.028165617,0.676233449,-0.351371034
-0.057604694,0.689527021,-0.358942169
-0.090415383,0.694488380,-0.358449187
-0.123619851,0.692642228,-0.357850868
-0.156157821,0.685660193,-0.357920623
-0.187607849,0.674762885,-0.358447484
-0.217840378,0.660838394,-0.359235852
-0.246863146,0.644539946,-0.360129843
-0.274757608,0.626372918,-0.361013927
-0.301658615,0.606757840,-0.361808049
-0.327755644,0.586077853,-0.362462258
-0.353307498,0.564721724,-0.362951193
-0.378669243,0.543136190,-0.363265653
-0.404333090,0.521910639,-0.363398212
-0.430944636,0.501894221,-0.363307890
-0.459264252,0.484410153,-0.362832606
-0.489772381,0.471217945,-0.361565821
-0.522095838,0.463950210,-0.358781619
-0.553875920,0.462270786,-0.350758051
-0.579502638,0.462390197,-0.329961944
-0.610493005,0.468566574,-0.319938462
-0.641916628,0.479273554,-0.318886219
-0.671029231,0.489780765,-0.307374851
-0.696983577,0.499088428,-0.288741014
-0.721189131,0.507951623,-0.267704306
-0.743626949,0.515950945,-0.244486704
-0.764333173,0.522792629,-0.219365481
-0.782375731,0.527620829,-0.192125940
-0.791554935,0.526158844,-0.160143746
-0.797559461,0.521679951,-0.127710813
-0.810047370,0.519718237,-0.097037507
-0.831989476,0.523000493,-0.072200704
-0.849684841,0.521642056,-0.045245351
-0.857568690,0.510999589,-0.015022726
-0.850506586,0.491030948,0.009971269
-0.852884232,0.470811590,0.035558156
-0.860977728,0.448895272,0.059227814
-0.869608949,0.423299345,0.078635953
-0.879065523,0.394923380,0.093205865
-0.889271431,0.364864276,0.103196402
-0.899969609,0.333924389,0.109230700
-0.910839431,0.302588679,0.112144096
-0.921590957,0.271076277,0.112619104
-0.931979674,0.239466820,0.111233250
-0.941813526,0.207771586,0.108441014
-0.950918093,0.175972080,0.104564505
-0.959173478,0.144046906,0.099898685
-0.966469253,0.111975302,0.094670792
-0.972696601,0.079739968,0.089080882
-0.977783948,0.047334237,0.083326327
-0.981662582,0.014757297,0.077598299
-0.984269233,-0.017984818,0.072097552
-0.985530818,-0.050879181,0.067053971
-0.985405837,-0.083897954,0.062723449
-0.983844395,-0.116996626,0.059411337
-0.980791519,-0.150099963,0.057491523
-0.976163337,-0.183072985,0.057459032
-0.969903669,-0.215680757,0.059872782
-0.961927629,-0.247516564,0.065406925
-0.952142761,-0.277908687,0.074770695
-0.940480544,-0.305871236,0.088496637
-0.926955206,-0.330289936,0.106567375
-0.911648733,-0.350217008,0.128349676
-0.892113663,-0.364094278,0.150945469
-0.862658376,-0.368116660,0.165912231
-0.840409231,-0.374100760,0.189784216
-0.824124638,-0.379157349,0.217618496
-0.812787871,-0.383728068,0.248527030
-0.790219064,-0.381996292,0.272222127
-0.759914127,-0.374850963,0.283857342
-0.729165786,-0.366656687,0.293685842
-0.705869366,-0.361632106,0.316736409
-0.681040772,-0.355512237,0.338054117
-0.649911094,-0.346215923,0.341049237
-0.618007281,-0.337335879,0.340209179
-0.588423373,-0.330980420,0.352749133
-0.558582959,-0.326083060,0.364033894
-0.526851501,-0.323664008,0.357436045
-0.496142075,-0.326516848,0.347327664
-0.464510181,-0.336345200,0.344766631
-0.435884695,-0.353105202,0.342583688
-0.410386903,-0.374466073,0.341495113
-0.386921448,-0.398092917,0.341409141
-0.364299205,-0.422529107,0.341976336
-0.341642920,-0.446923611,0.342886590
-0.318348149,-0.470702415,0.343911000
-0.293982103,-0.493380559,0.344896698
-0.268228775,-0.514470998,0.345744728
-0.240845228,-0.533396395,0.346393505
-0.211656313,-0.549390303,0.346798848
-0.180609297,-0.561356182,0.346901762
-0.147964070,-0.567642745,0.346555017
-0.115188013,-0.565457952,0.350232292
-0.084893454,-0.553000058,0.354973592
-0.059498510,-0.532309760,0.350165283
-0.042089471,-0.511840873,0.331462713
-0.028675070,-0.483225094,0.325174030
-0.019134869,-0.454722592,0.314423550
-0.011870004,-0.432919054,0.290792445
-0.005233687,-0.402341492,0.279423332
0.001915811,-0.378306573,0.257563539
0.011536295,-0.356666029,0.234190674
0.026694616,-0.344040169,0.208527461
0.051515039,-0.331296629,0.191374084
0.082230887,-0.320001758,0.185999602
0.113506079,-0.308860991,0.188166175
0.143956504,-0.296568858,0.193680449
0.173576272,-0.282666670,0.199869765
0.202271030,-0.266529091,0.204794517
0.228664448,-0.246445201,0.207122783
0.250109236,-0.221386921,0.203946348
0.261543762,-0.193580640,0.190557933
0.265238832,-0.173670693,0.165625609
0.261863229,-0.158526043,0.136617748
0.255790659,-0.146576961,0.106151885
0.251632260,-0.136624767,0.074656006
0.246968826,-0.123878658,0.045050241
0.255233599,-0.109831603,0.018232960
0.265232916,-0.083148785,0.002146469
0.271131484,-0.050632143,-0.000359955
0.272442529,-0.017637634,0.003708171
0.271291845,0.015048871,0.009974175
0.268517503,0.047777025,0.015396540
0.266024758,0.080882195,0.016237070
0.255213007,0.110536488,0.006841447
0.240325060,0.127269007,-0.016593163
0.242810745,0.141870778,-0.045591113
0.243949835,0.151155339,-0.077536451
0.247759111,0.161405773,-0.108981265
0.250500865,0.174307003,-0.139369362
0.248366265,0.191539706,-0.165993135
0.243423363,0.220204603,-0.180014361
0.222475563,0.244863945,-0.186734353
0.194743132,0.263133417,-0.187524271
0.164676216,0.277113620,-0.184660299
0.134108372,0.289218495,-0.179382619
0.103299653,0.300483925,-0.173632464
0.072286796,0.311924888,-0.169783826
0.040864100,0.321817274,-0.173473050
0.014494540,0.328909613,-0.190876769
-0.002244878,0.344879371,-0.212589363
-0.012842209,0.363268737,-0.235931580
-0.020834793,0.383337233,-0.259598299
-0.028770837,0.411582314,-0.275032423
-0.037783446,0.437513530,-0.293851738
-0.049443853,0.464224738,-0.309902350
-0.063841810,0.484516251,-0.330877033
-0.085091357,0.506837782,-0.341585934
-0.112338616,0.524977951,-0.337314202
-0.144818343,0.530791199,-0.340326518
-0.177655378,0.526720321,-0.343036038
-0.208575423,0.515206070,-0.347167135
-0.237230208,0.498760437,-0.351144564
-0.264008377,0.479074802,-0.352898726
-0.289224350,0.457367635,-0.351709183
-0.312881022,0.434013233,-0.349759124
-0.335504273,0.409801172,-0.346442037
-0.357587748,0.385226637,-0.342241778
-0.379707366,0.360660993,-0.338187016
-0.402654235,0.336679168,-0.335548418
-0.427555034,0.314610802,-0.335610005
-0.455586301,0.297052660,-0.338835439
-0.484880994,0.286506588,-0.348718322
-0.514947867,0.283015734,-0.360994927
-0.547057989,0.285154680,-0.356746798
-0.578528413,0.289770189,-0.348243776
-0.610356655,0.296365624,-0.353755525
-0.641379113,0.303869050,-0.354043840
-0.669141447,0.310087501,-0.336776947
-0.697933209,0.316605584,-0.323391087
-0.730007578,0.324194758,-0.318707423
-0.760487635,0.330193814,-0.308361843
-0.783679686,0.331847512,-0.285732646
-0.799928610,0.329316468,-0.256849733
-0.825250609,0.327279189,-0.236052904
-0.856463687,0.326352690,-0.225275230
-0.880937934,0.318310726,-0.205129417
-0.900117262,0.303986471,-0.182121788
-0.909296088,0.283049529,-0.158170548
-0.913821798,0.257543282,-0.137375715
-0.925281069,0.229443106,-0.123913355
-0.935565156,0.199035493,-0.115162061
-0.943770126,0.167159713,-0.110223718
-0.953397534,0.135316054,-0.109455942
-0.964159724,0.103907027,-0.111969141
-0.973325312,0.072197783,-0.116304213
-0.978051118,0.039626839,-0.121109392
-0.977593445,0.006657501,-0.125698397
-0.975324457,-0.026162482,-0.130870930
-0.971580718,-0.058775871,-0.136470828
-0.966034791,-0.091128227,-0.142084700
-0.958749518,-0.123172884,-0.147474912
-0.949873189,-0.154882628,-0.152448263
-0.939607091,-0.186258626,-0.156831736
-0.928187089,-0.217330597,-0.160465991
-0.915856595,-0.248149104,-0.163165438
-0.902913240,-0.278793933,-0.164734071
-0.889682948,-0.309354831,-0.164904784
-0.876542631,-0.339910986,-0.163307165
-0.863926538,-0.370480396,-0.159439774
-0.852330130,-0.400925173,-0.152602793
-0.842230746,-0.430820390,-0.142035217
-0.833969446,-0.459335894,-0.127026040
-0.827549984,-0.485423613,-0.107451085
-0.833635463,-0.512497821,-0.089530975
-0.837365754,-0.535402878,-0.066333691
-0.832545380,-0.550524808,-0.037072241
-0.821972219,-0.557905725,-0.007698746
-0.803500301,-0.557178034,0.020000975
-0.793818110,-0.561925385,0.051093225
-0.794103495,-0.571529570,0.082972880
-0.791290044,-0.577837534,0.115554316
-0.778761524,-0.576594557,0.146077565
-0.763370939,-0.572824384,0.175324486
-0.746126436,-0.567475974,0.203253838
-0.726958301,-0.560736832,0.229600338
-0.705749716,-0.552849860,0.254009061
-0.681367534,-0.543170707,0.273489626
-0.651957000,-0.530200748,0.282010767
-0.623651509,-0.520749195,0.295562847
-0.598628691,-0.516697903,0.316281647
-0.574646851,-0.515747789,0.337698754
-0.542509795,-0.514450166,0.346071346
-0.509503607,-0.517076823,0.344850728
-0.477705526,-0.525080681,0.339611590
-0.447872322,-0.539719510,0.340933473
-0.419746820,-0.557522843,0.341672452
-0.392729281,-0.576993490,0.341651846
-0.366240521,-0.597174473,0.341109217
-0.339806078,-0.617412762,0.340175764
-0.313070563,-0.637233887,0.338937509
-0.285775331,-0.656258689,0.337468368
-0.257734199,-0.674150676,0.335848141
-0.228811294,-0.690570796,0.334174123
-0.198919899,-0.705156684,0.332571744
-0.168022992,-0.717490003,0.331201760
-0.136143310,-0.727037850,0.330271232
-0.103408910,-0.733058983,0.330050547
-0.070184799,-0.734608417,0.330850810
-0.037265177,-0.730454050,0.332973861
-0.006201672,-0.719236329,0.336531206
0.020795899,-0.700459381,0.341050840
0.041362637,-0.676594077,0.349735996
0.055071794,-0.650797283,0.363771157
0.064656252,-0.620682608,0.357883154
0.070890721,-0.590491416,0.347351548
0.074366950,-0.558003895,0.352938335
0.076441381,-0.525572358,0.348838031
0.077861220,-0.494158082,0.337906127
0.079547327,-0.463737416,0.324494762
0.083160274,-0.438007110,0.304510726
0.090042175,-0.413178443,0.284541640
0.100722886,-0.384126337,0.275120035
0.121937930,-0.362574297,0.261625986
0.149934334,-0.345859419,0.255381195
0.180115829,-0.331850662,0.254628298
0.210395855,-0.318136255,0.256626419
0.240003272,-0.303205971,0.259690115
0.268376448,-0.286068364,0.262808688
0.294766462,-0.265931014,0.265200224
0.317902949,-0.242053626,0.265938092
0.335420761,-0.213972670,0.263454945
0.343248537,-0.182993833,0.255018392
0.338016828,-0.154422790,0.239612913
0.321601287,-0.132335831,0.222926661
0.307710409,-0.117266835,0.196720832
0.297153858,-0.106508357,0.167451242
0.286082658,-0.095953191,0.139302369
0.283237960,-0.085734730,0.109719678
0.273744189,-0.066538846,0.085393180
0.275325183,-0.038540892,0.068227688
0.277351816,-0.005605777,0.064991558
0.276760814,0.027442785,0.068795181
0.272840050,0.059932693,0.074891170
0.265112526,0.091818679,0.080465728
0.252828037,0.122632567,0.082373081
0.239672543,0.151675079,0.074141550
0.224304908,0.170378128,0.052306942
0.211886190,0.176485707,0.024858648
0.205262370,0.180641336,-0.006244956
0.205523960,0.189105984,-0.037235451
0.200328540,0.195025747,-0.068571033
0.196794170,0.210625255,-0.095767149
0.180123864,0.228382721,-0.116833643
0.155805360,0.249779172,-0.123281475
0.127518571,0.267039093,-0.120741308
0.097365261,0.279823964,-0.114866226
0.065731689,0.288118670,-0.108715075
0.032992063,0.292390305,-0.104521768
-0.000158945,0.294511322,-0.105364889
-0.030871447,0.296899446,-0.117211805
-0.052650662,0.303527217,-0.141159186
-0.066541326,0.314998965,-0.169101020
-0.077402398,0.330050830,-0.196737373
-0.088365309,0.347626073,-0.222800152
-0.101564487,0.366623777,-0.246728640
-0.119432878,0.385252006,-0.267677209
-0.141109863,0.394669457,-0.290271637
-0.170822536,0.399310310,-0.303412319
-0.203152535,0.393800020,-0.307995886
-0.233367141,0.380021827,-0.307105798
-0.260460917,0.361102680,-0.303269987
-0.284582668,0.338699195,-0.298366002
-0.306010540,0.313651768,-0.293712535
-0.325043225,0.286567320,-0.290139610
-0.342195921,0.258129596,-0.288190437
-0.356667087,0.228304411,-0.291168709
-0.373046344,0.199704907,-0.295650092
-0.394898400,0.175490217,-0.301844995
-0.424582977,0.161059533,-0.304020272
-0.451329435,0.151573664,-0.319679184
-0.477621486,0.147625159,-0.337877408
-0.509174373,0.147749896,-0.348473143
-0.541434982,0.149545414,-0.356471541
-0.574235757,0.151956369,-0.361610210
-0.607362167,0.154183847,-0.364026358
-0.640617279,0.155423482,-0.363333078
-0.673717760,0.155037470,-0.359852311
-0.705445370,0.152039317,-0.351446063
-0.730242471,0.145455693,-0.330746743
-0.758798152,0.134374145,-0.318368100
-0.788404607,0.119803285,-0.317428276
-0.813952621,0.099816916,-0.314164889
-0.831584651,0.073173050,-0.305029522
-0.843269399,0.042844794,-0.298067201
-0.848928888,0.010486291,-0.292851958
-0.849437739,-0.022577615,-0.289124680
-0.845842088,-0.055575693,-0.286621980
-0.839078362,-0.088144035,-0.285184151
-0.829922341,-0.120156027,-0.284755009
-0.818989646,-0.151605519,-0.285346425
-0.806755819,-0.182535519,-0.286991123
-0.793575933,-0.212999891,-0.289694479
-0.779496903,-0.242991888,-0.293067694
-0.764329115,-0.272461537,-0.296330633
-0.748900366,-0.301700746,-0.300351669
-0.733602679,-0.330873204,-0.305267546
-0.718463586,-0.360081143,-0.310459277
-0.703530058,-0.389490815,-0.315063878
-0.689015069,-0.419313374,-0.318015477
-0.675448211,-0.449710549,-0.318164868
-0.663753792,-0.480642340,-0.314480541
-0.655400954,-0.511978043,-0.307056125
-0.649211615,-0.540479814,-0.292220596
-0.641908401,-0.561627612,-0.267676501
-0.643323439,-0.588749401,-0.248490817
-0.650696098,-0.616185503,-0.231974806
-0.663164728,-0.643704956,-0.219054581
-0.669813183,-0.664702144,-0.194488106
-0.674809124,-0.682024108,-0.166508063
-0.678799796,-0.696954117,-0.137037266
-0.681505612,-0.709606034,-0.106373317
-0.682624063,-0.719958140,-0.074737279
-0.681545345,-0.727710966,-0.042378794
-0.674564313,-0.729049430,-0.010456678
-0.663298964,-0.725989337,0.020663078
-0.652090837,-0.723680757,0.051133501
-0.650237396,-0.732699962,0.083135495
-0.645086015,-0.739417881,0.114839344
-0.629930495,-0.737578949,0.144415372
-0.607092599,-0.727480749,0.164612422
-0.582024577,-0.718293772,0.182473086
-0.558301650,-0.717829226,0.205795816
-0.537359350,-0.724810017,0.230462669
-0.515283489,-0.734763131,0.252849437
-0.484968349,-0.741282434,0.264815310
-0.453999339,-0.750741644,0.272471356
-0.422818441,-0.761896237,0.275767810
-0.391690703,-0.773689165,0.275190634
-0.360787730,-0.785648283,0.271897516
-0.330107110,-0.797655362,0.267031057
-0.299580876,-0.809810375,0.261585759
-0.269145680,-0.822279761,0.256348404
-0.238763175,-0.835158974,0.251853987
-0.208204479,-0.847719392,0.247664572
-0.177262508,-0.859274690,0.243392741
-0.146010683,-0.870181354,0.239714839
-0.114417472,-0.880304134,0.236796834
-0.082435433,-0.889352651,0.234718093
-0.050038514,-0.896968312,0.233553255
-0.017240218,-0.902711819,0.233414695
0.015871219,-0.906013184,0.234504516
0.049053799,-0.906228060,0.237112555
0.081827004,-0.902649248,0.241628803
0.113316050,-0.894473340,0.248549164
0.142267795,-0.881269199,0.258180577
0.167188400,-0.863266251,0.270826698
0.184247150,-0.835649976,0.275881905
0.197343627,-0.806421114,0.283712074
0.207283805,-0.778896239,0.299520815
0.213854187,-0.759374514,0.325045324
0.216294157,-0.731622406,0.341219333
0.215495944,-0.699822546,0.351012930
0.212902703,-0.667447832,0.358297061
0.208999412,-0.634683600,0.362718337
0.204464646,-0.602018697,0.362235725
0.200292884,-0.570775638,0.351558610
0.196730849,-0.538651897,0.345654358
0.193926426,-0.506243612,0.351946594
0.195745803,-0.478968576,0.334862024
0.202566086,-0.449440106,0.322265671
0.214117753,-0.418446814,0.322421197
0.234937444,-0.393152078,0.317882725
0.261126464,-0.373073120,0.313980798
0.289750202,-0.356886408,0.308748213
0.317656940,-0.338857900,0.308677089
0.344333572,-0.319107563,0.311369969
0.369505418,-0.297642138,0.315131714
0.392563120,-0.274046153,0.319593843
0.412872503,-0.248039136,0.323953742
0.429417573,-0.219357107,0.327143867
0.440312482,-0.187980145,0.327705562
0.442487477,-0.155165735,0.323718464
0.434023816,-0.125039504,0.313251048
0.422722869,-0.103642864,0.291403497
0.397320802,-0.085538951,0.281432769
0.379217448,-0.073409175,0.257554737
0.357246005,-0.062901494,0.236607904
0.342006964,-0.054092181,0.209945452
0.322255835,-0.043204688,0.186862661
0.314383540,-0.029827068,0.159609698
0.303509327,-0.006593499,0.139591377
0.295189644,0.024188631,0.131626569
0.290725981,0.057133133,0.131907160
0.284389225,0.089479617,0.136567130
0.275168415,0.120925060,0.142434168
0.262222936,0.151186887,0.147318211
0.244527472,0.179274306,0.148486068
0.221755916,0.201925548,0.140892249
0.202275588,0.216043279,0.119282941
0.185322498,0.216912170,0.092665816
0.178294858,0.220694885,0.061653313
0.170578488,0.221365822,0.029271237
0.160538315,0.220959787,-0.001922328
0.153083794,0.233442615,-0.030067148
0.132701519,0.248742664,-0.050699939
0.103593623,0.263215566,-0.056742164
0.071854114,0.272783492,-0.054405900
0.039315927,0.277166750,-0.049000895
0.006518662,0.277248893,-0.043322933
-0.026425131,0.273858020,-0.040155843
-0.058744202,0.268151605,-0.044662518
-0.085170967,0.263954300,-0.063709677
-0.103399432,0.270959406,-0.089940937
-0.115115518,0.276754293,-0.120540585
-0.126132958,0.285868520,-0.150605412
-0.139237703,0.296745451,-0.179198794
-0.152698249,0.300517183,-0.208399262
-0.178555507,0.312060373,-0.223893137
-0.208314128,0.307384433,-0.237277461
-0.237009023,0.291503187,-0.241908428
-0.261441396,0.268980531,-0.241289953
-0.281818469,0.242875110,-0.238042050
-0.298917941,0.214650802,-0.233649064
-0.313524205,0.185058854,-0.229207077
-0.326500994,0.154569316,-0.225922029
-0.339121488,0.123774558,-0.225641175
-0.349834828,0.093885596,-0.234542828
-0.365682411,0.070550297,-0.251590470
-0.393421869,0.058242389,-0.263224951
-0.419325753,0.050073168,-0.282408520
-0.447058669,0.045066857,-0.300123953
-0.474756382,0.041155331,-0.317855272
-0.500463740,0.037136646,-0.338066093
-0.533385792,0.032436235,-0.337711843
-0.562774406,0.025090610,-0.348866718
-0.590541904,0.014660064,-0.361389859
-0.618778896,-0.000487547,-0.355720128
-0.642404171,-0.021842136,-0.348562283
-0.659741090,-0.050106296,-0.347297696
-0.668592300,-0.082105976,-0.346560169
-0.669829974,-0.115324956,-0.347019653
-0.665122922,-0.148219580,-0.348630361
-0.655890047,-0.180103048,-0.351065501
-0.643152688,-0.210726060,-0.353940381
-0.627640334,-0.240039202,-0.356891400
-0.609902963,-0.268090024,-0.359599051
-0.590416089,-0.295003256,-0.361803864
-0.569606774,-0.320959583,-0.363312865
-0.547901869,-0.346209354,-0.364002758
-0.525785188,-0.371110859,-0.364135331
-0.503830116,-0.396154589,-0.364182244
-0.482824393,-0.421994782,-0.364177585
-0.464011691,-0.449457556,-0.364074571
-0.449167958,-0.479222363,-0.363608649
-0.440139817,-0.511185476,-0.362148003
-0.437606899,-0.544169737,-0.358797603
-0.439404868,-0.574909495,-0.348050396
-0.442598075,-0.601413083,-0.328472423
-0.451108387,-0.631985037,-0.321231544
-0.462686160,-0.663148719,-0.319999542
-0.471759526,-0.689652529,-0.302811221
-0.477024963,-0.709077144,-0.276288136
-0.481594260,-0.727097733,-0.248788037
-0.492025971,-0.753942784,-0.232061455
-0.501459027,-0.779667185,-0.213153356
-0.506779776,-0.800179156,-0.188143115
-0.508899226,-0.817257549,-0.159672381
-0.508653050,-0.832613570,-0.130155327
-0.505763344,-0.846347954,-0.099976571
-0.499479080,-0.858418754,-0.069604570
-0.489875556,-0.869255500,-0.039642849
-0.474622835,-0.875492827,-0.011165310
-0.451769713,-0.870414446,0.012384769
-0.428193031,-0.875159571,0.034801738
-0.402519674,-0.884623696,0.053707621
-0.374104338,-0.894644728,0.067818459
-0.344124575,-0.905423108,0.077445225
-0.313373986,-0.916741672,0.083317937
-0.282281620,-0.928297101,0.086211933
-0.251023806,-0.939766305,0.086753226
-0.219643130,-0.950839921,0.085479254
-0.188120394,-0.961235264,0.082776249
-0.156417760,-0.970680314,0.078928992
-0.124505996,-0.978939343,0.074188196
-0.092373319,-0.985807814,0.068772216
-0.060027567,-0.991106729,0.062884124
-0.027496868,-0.994692715,0.056729255
0.005174233,-0.996444604,0.050524676
0.037933390,-0.996538339,0.044531406
0.070759650,-0.995382064,0.039037964
0.103453959,-0.991548167,0.034165569
0.135486651,-0.983455599,0.030127381
0.166791869,-0.972441909,0.027415263
0.197792042,-0.960314965,0.026535416
0.228989661,-0.948802544,0.028117799
0.260442391,-0.939049402,0.032957010
0.290953864,-0.929057106,0.041710666
0.319364668,-0.917859471,0.054896609
0.346488960,-0.914954151,0.073578866
0.370108001,-0.912583888,0.096668487
0.386964796,-0.899247364,0.121848454
0.397300036,-0.880519841,0.146701803
0.398327377,-0.852049824,0.163383594
0.401093322,-0.829504874,0.187387776
0.403189655,-0.810894844,0.214559174
0.405746436,-0.798278819,0.245194637
0.404023360,-0.779381291,0.271629313
0.398144739,-0.753891032,0.292185296
0.390888037,-0.727070479,0.310487938
0.382632101,-0.698994075,0.326329094
0.373798773,-0.669732095,0.339496325
0.364501557,-0.639002344,0.345292264
0.355349474,-0.607293772,0.341132933
0.349489922,-0.577509918,0.352124790
0.345806377,-0.548065323,0.363994063
0.345267537,-0.515251729,0.360993840
0.350908628,-0.485594517,0.347787084
0.363805288,-0.455014947,0.346064643
0.382423508,-0.427454328,0.345662839
0.404181575,-0.402327718,0.347522384
0.427290634,-0.378595250,0.350954211
0.450829378,-0.355367135,0.354907973
0.474293541,-0.331988080,0.358373650
0.497256413,-0.307970992,0.360571895
0.519169188,-0.282912590,0.361485997
0.539415804,-0.256484578,0.361494746
0.557424890,-0.228597238,0.359036077
0.572271352,-0.199076927,0.355040731
0.582833790,-0.167786402,0.351016638
0.587487219,-0.134983430,0.348362806
0.584018664,-0.101991684,0.347227411
0.570645081,-0.072141502,0.349042309
0.548403622,-0.048726174,0.354099765
0.523050300,-0.030903531,0.343322197
0.499148469,-0.018784229,0.324688411
0.470075057,-0.009227048,0.311610881
0.441791434,-0.002057686,0.295576270
0.414952271,0.004295956,0.276928954
0.390000588,0.011372476,0.256061509
0.364228275,0.020688635,0.238203936
0.343870873,0.035874266,0.218179679
0.335159946,0.060499553,0.199059253
0.323064434,0.090956828,0.194093134
0.309906024,0.121341872,0.197335971
0.296981530,0.151514149,0.202965767
0.283911767,0.181701174,0.208136746
0.269087954,0.211311795,0.211554758
0.250931752,0.239168244,0.211996830
0.227247234,0.262071799,0.208321169
0.198968589,0.274694615,0.197037962
0.171458252,0.269675447,0.180719121
0.158027034,0.269990256,0.151498173
0.145003301,0.262842249,0.121718778
0.133106685,0.254070631,0.092137429
0.124806502,0.254818028,0.061719024
0.108134822,0.250864435,0.034245652
0.087283125,0.264456544,0.013580989
0.055567512,0.271084877,0.007485598
0.022418313,0.270808288,0.010142789
-0.010325924,0.271927163,0.016056700
-0.043083704,0.270975159,0.021944281
-0.075940934,0.266734236,0.024765605
-0.107200708,0.257235426,0.019612981
-0.128706490,0.242752278,0.000530391
-0.142492973,0.238408154,-0.027309012
-0.152522430,0.238682267,-0.058940211
-0.160309735,0.238933188,-0.091118346
-0.170976441,0.241407129,-0.120914342
-0.185675177,0.241371877,-0.148606562
-0.210283432,0.237071696,-0.169345328
-0.238509010,0.222789652,-0.176874552
-0.260306123,0.197775351,-0.177789805
-0.277268857,0.169367790,-0.174349627
-0.290350058,0.139194896,-0.169197987
-0.300428839,0.107877476,-0.164081768
-0.308383772,0.075709282,-0.160909089
-0.315605888,0.043328034,-0.162865005
-0.324914356,0.013977575,-0.174881409
-0.331648335,-0.005561059,-0.199914308
-0.354455568,-0.017901002,-0.218890485
-0.369402434,-0.026545607,-0.246780704
-0.390687289,-0.034529626,-0.270687840
-0.415171371,-0.043381103,-0.291431864
-0.442868046,-0.054447841,-0.304285707
-0.469837966,-0.069659737,-0.314383081
-0.486421330,-0.088321643,-0.335640165
-0.503092368,-0.115690924,-0.344035059
-0.509548854,-0.147845483,-0.348690186
-0.505864259,-0.180778963,-0.350623089
-0.494656302,-0.212081631,-0.350904461
-0.478387383,-0.241096253,-0.350008259
-0.458784116,-0.267917960,-0.347891905
-0.436891553,-0.292821525,-0.344864306
-0.413406165,-0.316154132,-0.341264833
-0.388839901,-0.338319917,-0.337484260
-0.363643467,-0.359818307,-0.333996986
-0.338356395,-0.381333972,-0.331400430
-0.313881126,-0.403884556,-0.330456199
-0.291969268,-0.428863746,-0.331985041
-0.275514398,-0.457401099,-0.336247548
-0.266610702,-0.488430786,-0.343392792
-0.263911379,-0.516391443,-0.359881377
-0.266535632,-0.548308416,-0.356843627
-0.271275899,-0.579595624,-0.348592762
-0.277645628,-0.611307808,-0.355694860
-0.284904062,-0.643222735,-0.357590551
-0.292007544,-0.674837878,-0.350010781
-0.298518495,-0.705785086,-0.339662158
-0.303951508,-0.735925542,-0.326652491
-0.307835051,-0.765122943,-0.311163964
-0.308352009,-0.789557365,-0.288984039
-0.304257091,-0.806738968,-0.260823026
-0.298869712,-0.830086004,-0.237929259
-0.292358209,-0.858226528,-0.222427338
-0.283990274,-0.888027799,-0.211441288
-0.266013925,-0.907492364,-0.191341556
-0.243059779,-0.924260084,-0.174093387
-0.215976348,-0.938103024,-0.160654091
-0.185991138,-0.949039392,-0.151277197
-0.154241348,-0.957265148,-0.145637565
-0.121558442,-0.963056848,-0.143112174
-0.088465098,-0.966702662,-0.143018166
-0.055258889,-0.968394761,-0.144809781
-0.022113445,-0.968310223,-0.148009691
0.010874289,-0.966595748,-0.152233063
0.043645692,-0.963343589,-0.157181974
0.076171306,-0.958665045,-0.162591631
0.108438422,-0.952661003,-0.168238525
0.140442484,-0.945410858,-0.173922069
0.172196027,-0.937026421,-0.179449637
0.203722727,-0.927626522,-0.184632770
0.235054079,-0.917324703,-0.189256331
0.266242544,-0.906295581,-0.193101173
0.297346639,-0.894722450,-0.195876793
0.328431360,-0.882852487,-0.197243601
0.359544596,-0.870997024,-0.196735123
0.390207953,-0.858628099,-0.193132765
0.418537992,-0.843717499,-0.184113966
0.445095002,-0.828786362,-0.170714099
0.471156697,-0.816612243,-0.153990254
0.496764461,-0.808896485,-0.134212323
0.520192777,-0.804312538,-0.111050289
0.544216312,-0.809234322,-0.089229213
0.565654301,-0.815854922,-0.065240902
0.579033171,-0.813062505,-0.035071435
0.588508869,-0.808198486,-0.003540704
0.595115891,-0.801970463,0.028477133
0.598958136,-0.794062614,0.060575796
0.600269217,-0.784280557,0.092351609
0.599387097,-0.772587563,0.123474582
0.596632306,-0.759028244,0.153718109
0.592187338,-0.743558764,0.182853219
0.586104410,-0.725876023,0.210413599
0.578783946,-0.705997397,0.236102798
0.570702098,-0.684148002,0.259887815
0.561246870,-0.659109321,0.278533982
0.548190266,-0.628989700,0.283860923
0.540806359,-0.600426080,0.298297078
0.539583833,-0.575078242,0.319384183
0.541188340,-0.548585989,0.338329077
0.544453051,-0.516329241,0.345716837
0.553174442,-0.484521203,0.349985682
0.566547727,-0.454092677,0.351563027
0.583058998,-0.425186760,0.351154592
0.601338659,-0.397409804,0.349351348
0.620390264,-0.370231370,0.346602898
0.639540032,-0.343188885,0.343252352
0.658324448,-0.315932686,0.339583580
0.676404192,-0.288214762,0.335841336
0.693496355,-0.259858776,0.332249971
0.709341026,-0.230746251,0.329021550
0.723675864,-0.200807525,0.326355492
0.736142988,-0.169990724,0.324440316
0.746192117,-0.138278206,0.323083455
0.753164655,-0.105734816,0.322403054
0.756301742,-0.072605494,0.322721272
0.754573750,-0.039429541,0.324406278
0.746740895,-0.007301970,0.327762882
0.731805944,0.021941035,0.332739083
0.709873738,0.046175038,0.338586031
0.682993511,0.064075239,0.345440228
0.657590616,0.075176848,0.363081909
0.625668504,0.082812595,0.362486617
0.595940505,0.087304260,0.348168847
0.563010136,0.089706615,0.348100388
0.529882810,0.090541006,0.350675442
0.502205419,0.091739053,0.332211622
0.471141919,0.092624258,0.323923598
0.441115981,0.095108984,0.312383707
0.419322122,0.102280682,0.288980824
0.389373266,0.112780615,0.281291639
0.366878397,0.133767388,0.269160905
0.349961761,0.161646794,0.262871770
0.336217330,0.191911883,0.261098703
0.322773613,0.222369151,0.261810367
0.307704299,0.251973883,0.264048232
0.289864658,0.279880616,0.267354479
0.268825134,0.305436831,0.270788193
0.242757432,0.325113585,0.276730940
0.213296182,0.340188132,0.278891092
0.182283358,0.348954759,0.271553882
0.156743114,0.351388765,0.250989004
0.132903874,0.335145485,0.236437557
0.119051248,0.326201895,0.209043118
0.105067347,0.307408103,0.185939719
0.096100172,0.299740162,0.155872006
0.084396476,0.289880505,0.126338360
0.067972530,0.284019065,0.098118924
0.042085196,0.277258617,0.079894696
0.009900911,0.280280193,0.072826078
-0.023206495,0.283091464,0.074375967
-0.056062933,0.281748222,0.079366956
-0.088071428,0.274791979,0.085188276
-0.117793312,0.260672557,0.089763346
-0.145238881,0.242170873,0.087939719
-0.168751467,0.226867671,0.071681907
-0.177803979,0.211420817,0.045978282
-0.185690222,0.206419300,0.015569187
-0.191279475,0.202649442,-0.016925711
-0.196102850,0.197527011,-0.049126950
-0.209418922,0.195540010,-0.077135044
-0.222887264,0.180738495,-0.102515629
-0.243628291,0.158110625,-0.114232035
-0.263156776,0.131271798,-0.113519662
-0.277328330,0.101678664,-0.108296197
-0.285063513,0.069830566,-0.102524885
-0.287382130,0.036940855,-0.098152566
-0.286133721,0.003706409,-0.097742779
-0.286051607,-0.028216910,-0.106364653
-0.296558420,-0.052820641,-0.124746570
-0.298519906,-0.066477768,-0.154195535
-0.317376212,-0.079019058,-0.177941156
-0.333081170,-0.089819714,-0.205238967
-0.348931578,-0.101565514,-0.231755382
-0.361416832,-0.115134343,-0.258585801
-0.382263870,-0.137139710,-0.269980411
-0.386882868,-0.162782733,-0.289604495
-0.383170732,-0.193628269,-0.300044912
-0.371677954,-0.224716917,-0.300889206
-0.355509569,-0.253257690,-0.295430685
-0.333805792,-0.277982619,-0.290849211
-0.308301850,-0.299141531,-0.287667087
-0.280706985,-0.317588774,-0.285122911
-0.251650682,-0.333803182,-0.283874183
-0.221998666,-0.348957677,-0.284164115
-0.192950779,-0.365016405,-0.286674936
-0.166935548,-0.384701869,-0.292913262
-0.148251904,-0.409974364,-0.303065749
-0.139607787,-0.441375218,-0.307842865
-0.133997080,-0.465039719,-0.329172645
-0.132833157,-0.494954003,-0.342688515
-0.133798001,-0.526833578,-0.352239417
-0.135415073,-0.559371348,-0.359073826
-0.136874498,-0.592126772,-0.359172589
-0.137358154,-0.624034275,-0.349812129
-0.136020603,-0.656697000,-0.349558123
-0.133055702,-0.688484518,-0.358257293
-0.126099038,-0.717287281,-0.345134111
-0.114889066,-0.741436042,-0.326447154
-0.097553113,-0.768015482,-0.316575987
-0.075485979,-0.792544720,-0.313946806
-0.049721977,-0.813325516,-0.316039326
-0.018855315,-0.824553366,-0.311345325
0.013839084,-0.829785340,-0.308172644
0.047091386,-0.830389113,-0.307017514
0.080226227,-0.827226467,-0.307410172
0.112894514,-0.820983600,-0.308921708
0.144927870,-0.812185897,-0.311199353
0.176256423,-0.801241588,-0.313961213
0.206865146,-0.788475714,-0.316981703
0.236782889,-0.774178408,-0.320074813
0.266068982,-0.758610003,-0.323084424
0.294816217,-0.742027270,-0.325871478
0.323156339,-0.724703077,-0.328302356
0.351268739,-0.706949426,-0.330231346
0.379395350,-0.689158233,-0.331481897
0.407840605,-0.671842466,-0.331822395
0.436962524,-0.655723570,-0.330892483
0.467065644,-0.641776382,-0.328178160
0.498178534,-0.631192280,-0.322982821
0.529761659,-0.624971756,-0.314608031
0.560731110,-0.623409907,-0.302576689
0.581596687,-0.619191701,-0.277909473
0.604567586,-0.619619692,-0.254585554
0.631053556,-0.627158049,-0.236311307
0.658475029,-0.639921706,-0.222984482
0.680405751,-0.648440156,-0.199905588
0.693404001,-0.650112893,-0.170086015
0.700783387,-0.647646322,-0.137723518
0.711110436,-0.648394972,-0.107027188
0.728198807,-0.655660427,-0.079407626
0.743016005,-0.660981547,-0.050058141
0.744659373,-0.654309142,-0.018668032
0.741620781,-0.642993703,0.012425217
0.739995750,-0.631780925,0.043512147
0.746279582,-0.626094358,0.075266765
0.756812935,-0.623134013,0.106718137
0.758525649,-0.610049841,0.136428319
0.753460235,-0.588890327,0.160874826
0.741335349,-0.561293795,0.174477185
0.742065661,-0.536292191,0.196305469
0.745375804,-0.508610529,0.214444240
0.751574009,-0.478907796,0.228075177
0.760646994,-0.448260849,0.237325531
0.772014477,-0.417469769,0.242858306
0.784921394,-0.386890371,0.245483520
0.798677489,-0.356566876,0.245923248
0.812737916,-0.326400512,0.244742817
0.826859003,-0.296317939,0.242543189
0.840822665,-0.266214004,0.239716024
0.854377841,-0.235965651,0.236473569
0.867303557,-0.205471107,0.232979328
0.879404096,-0.174652905,0.229375963
0.890498629,-0.143456265,0.225796068
0.900381330,-0.111837233,0.222381698
0.908863436,-0.079782148,0.219292489
0.915720809,-0.047296437,0.216723982
0.920687003,-0.014419096,0.214928559
0.923488566,0.018751358,0.214208433
0.923709309,0.052033128,0.214996559
0.920953430,0.085087293,0.217765837
0.914652880,0.117316280,0.223125348
0.904318842,0.147778334,0.231581365
0.889530434,0.175101775,0.243418008
0.870422005,0.197930491,0.258209762
0.847477970,0.215321886,0.274742144
0.816065409,0.224182047,0.279361814
0.786191157,0.231209099,0.291068463
0.761686905,0.236064994,0.311930990
0.739202554,0.238446536,0.335747023
0.707304004,0.236292962,0.342516583
0.674285823,0.232255322,0.340983302
0.641684668,0.227730479,0.344606848
0.608971947,0.222728967,0.348215105
0.576053988,0.217775022,0.348570846
0.543174769,0.213614819,0.347047234
0.511136678,0.210583389,0.354616457
0.480222444,0.211688973,0.343592983
0.453680191,0.219090697,0.326388790
0.424852288,0.233597476,0.318634630
0.400009667,0.255211631,0.314200554
0.378444416,0.280544210,0.313337642
0.358405786,0.307090445,0.314958165
0.338522478,0.333629971,0.318031451
0.317905757,0.359507536,0.321822499
0.295944454,0.384221476,0.325796605
0.272157534,0.407219129,0.329514043
0.246131755,0.427747212,0.332547351
0.217504845,0.444597277,0.334364607
0.186228732,0.455816504,0.334172768
0.153366695,0.458357007,0.330651819
0.122518706,0.449796403,0.322319435
0.099123122,0.435287397,0.305207249
0.081807799,0.416107260,0.285889862
0.068308153,0.390541389,0.272164190
0.058859923,0.374218946,0.244998840
0.049242776,0.353559511,0.220729424
0.038830856,0.335457907,0.194810435
0.025154154,0.315173807,0.174019933
0.004900975,0.311732879,0.149283564
-0.025456377,0.305056069,0.138103747
-0.058015485,0.298431570,0.137713969
-0.089847467,0.289963622,0.142510903
-0.120737723,0.279326680,0.148945488
-0.150826028,0.266238780,0.154570014
-0.179363801,0.249378856,0.157095255
-0.203603110,0.227275184,0.152742520
-0.217949121,0.203013168,0.135864337
-0.226546918,0.189500526,0.107958641
-0.225951635,0.176787582,0.077234931
-0.225426366,0.168058025,0.045111527
-0.227596724,0.160453874,0.012779884
-0.228659262,0.147205150,-0.016624307
-0.246841644,0.133036680,-0.039003541
-0.260460258,0.104542424,-0.048434246
-0.268451405,0.072314986,-0.047744832
-0.272041533,0.039604499,-0.042745271
-0.273318156,0.006900004,-0.036598413
-0.274293885,-0.026027041,-0.032160457
-0.273597759,-0.058912631,-0.033854417
-0.262836050,-0.085220992,-0.049197676
-0.264998211,-0.104376638,-0.074487876
-0.263532752,-0.113956763,-0.105196240
-0.276191551,-0.126679197,-0.132669047
-0.281880358,-0.136375492,-0.162535919
-0.292778941,-0.151785363,-0.188527726
-0.297386250,-0.171037130,-0.213588704
-0.300330393,-0.200730940,-0.225916278
-0.286414828,-0.229622625,-0.233867475
-0.263526939,-0.253538995,-0.236376106
-0.236305163,-0.272647173,-0.235653407
-0.207359171,-0.288762900,-0.232371051
-0.177723106,-0.303162188,-0.227552038
-0.148193596,-0.317537693,-0.222045008
-0.118719121,-0.332534717,-0.218334810
-0.089062571,-0.346874871,-0.222204963
-0.064257181,-0.359313361,-0.239131397
-0.049035480,-0.379907777,-0.258722925
-0.040854262,-0.407938448,-0.273060103
-0.034826914,-0.427076998,-0.299272457
-0.030936202,-0.459130847,-0.307407242
-0.026368609,-0.484385210,-0.327996700
-0.020890688,-0.513282326,-0.341693034
-0.013591888,-0.545489229,-0.339230717
-0.002676800,-0.572608177,-0.353693453
0.013092163,-0.599689361,-0.362308484
0.034282182,-0.623177450,-0.353582820
0.062137159,-0.639703369,-0.348566934
0.094324805,-0.647813965,-0.347922046
0.127542348,-0.648117871,-0.349053563
0.160166149,-0.642456603,-0.352265184
0.191566903,-0.632283481,-0.356532343
0.221599202,-0.618511942,-0.360601677
0.250284464,-0.601839810,-0.363330614
0.277677969,-0.582930720,-0.364083847
0.303899028,-0.562401753,-0.364154134
0.329170697,-0.540748702,-0.362980122
0.353772718,-0.518460281,-0.360322079
0.378127427,-0.496017456,-0.356800625
0.402803224,-0.473938098,-0.353226836
0.428550774,-0.453008655,-0.350446180
0.456240389,-0.434601010,-0.349030977
0.486475477,-0.420765760,-0.348544188
0.518369032,-0.413721383,-0.352060871
0.550455208,-0.413615288,-0.359798168
0.582737590,-0.417430945,-0.353975291
0.608408550,-0.421373823,-0.333540308
0.637363453,-0.428678654,-0.319169034
0.668525284,-0.440040526,-0.316611212
0.697858923,-0.450956813,-0.307171663
0.723826677,-0.459935890,-0.288405918
0.748283997,-0.468098919,-0.267371152
0.771180375,-0.475112046,-0.244243156
0.792344009,-0.480519360,-0.219101210
0.811723447,-0.483914650,-0.192234213
0.820146113,-0.480121896,-0.160456899
0.825502168,-0.473057500,-0.128526521
0.842732021,-0.469917805,-0.100427032
0.867063462,-0.469937744,-0.078015924
0.883172401,-0.461345355,-0.050867742
0.893785045,-0.445689540,-0.023531038
0.896563753,-0.423157376,0.000414984
0.894438255,-0.395818144,0.019210207
0.902210801,-0.367771864,0.035044425
0.912299210,-0.338161182,0.046384910
0.922302225,-0.307221846,0.053497498
0.934036617,-0.276327944,0.057507020
0.947381117,-0.245867824,0.059208478
0.961015160,-0.215486538,0.058993696
0.973438839,-0.184655788,0.057064730
0.983232008,-0.153039282,0.053530009
0.989405031,-0.120704446,0.048601907
0.993561799,-0.088163039,0.042865461
0.996553073,-0.055573410,0.036696311
0.997853511,-0.022925350,0.030266160
0.997300520,0.009735269,0.023791335
0.994955071,0.042353868,0.017506616
0.990924417,0.074887704,0.011649012
0.985339604,0.107307712,0.006474607
0.978392372,0.139601345,0.002248528
0.970280710,0.171762449,-0.000722813
0.961211203,0.203775443,-0.002069233
0.951380542,0.235579029,-0.001286059
0.940992117,0.267016369,0.002198564
0.930200643,0.297737244,0.009100548
0.919093403,0.327081568,0.020181159
0.907590781,0.354001959,0.035973726
0.895557830,0.377364461,0.056316791
0.895857301,0.399688708,0.080650835
0.890841669,0.416945980,0.108011819
0.875214237,0.426767219,0.135701953
0.852428721,0.428937649,0.158033065
0.824759519,0.426112177,0.176007130
0.808298754,0.427942166,0.204499119
0.796234106,0.430044629,0.235384278
0.778018351,0.427864653,0.262294409
0.753456905,0.421583073,0.283836747
0.727479610,0.413977056,0.303189455
0.700131164,0.405399435,0.320108317
0.671465979,0.396278720,0.334358252
0.641139191,0.386677844,0.341498900
0.609498884,0.377046086,0.337959940
0.577540442,0.370362644,0.343895355
0.549514119,0.367621940,0.361076506
0.516803386,0.367415881,0.364191262
0.485080410,0.373442470,0.357232806
0.456197135,0.386470641,0.347728244
0.428635143,0.405088559,0.346909675
0.403419524,0.426829343,0.346635818
0.379496949,0.449998837,0.346788350
0.355953794,0.473553352,0.347184848
0.332137588,0.496829127,0.347666314
0.307589658,0.519329999,0.348120900
0.281979885,0.540612952,0.348482408
0.255062501,0.560213295,0.348724187
0.226650112,0.577568965,0.348852708
0.196635939,0.591962383,0.348900634
0.165033397,0.602377903,0.348907539
0.132154656,0.607351535,0.348872288
0.099034760,0.604882952,0.348626855
0.068000556,0.593225515,0.347620236
0.042695186,0.572601764,0.349345609
0.024573560,0.545947125,0.353083946
0.011494597,0.520050570,0.338308503
0.001912410,0.493048874,0.322088823
-0.005301398,0.463669979,0.308200416
-0.011209684,0.435467518,0.291530631
-0.016693900,0.405036517,0.279549333
-0.023864482,0.384614097,0.256308274
-0.034493026,0.361753229,0.237338160
-0.052809330,0.341235448,0.219714169
-0.080499613,0.327222015,0.208260059
-0.111784675,0.316230040,0.205988295
-0.143211453,0.305552095,0.208611815
-0.174184456,0.294028975,0.212723956
-0.204312023,0.280412535,0.216647590
-0.232836139,0.263475943,0.219248205
-0.258204848,0.242011599,0.219141008
-0.277152028,0.215417607,0.213677960
-0.284611649,0.186921293,0.198952088
-0.275693485,0.161723497,0.180824788
-0.274331643,0.149627842,0.150734612
-0.262619817,0.135842273,0.124218922
-0.257214532,0.126195602,0.094078881
-0.258653833,0.117569682,0.063864984
-0.254839218,0.099248214,0.037353357
-0.262288155,0.072844032,0.019306441
-0.269735279,0.040743203,0.015828020
-0.274111343,0.007978568,0.019594341
-0.274968858,-0.024751725,0.025601068
-0.271927419,-0.057454042,0.030964092
-0.264342184,-0.089767969,0.032521734
-0.252209604,-0.119376561,0.024407782
-0.238566791,-0.138283183,0.001988753
-0.234484245,-0.149687935,-0.026138986
-0.228935325,-0.154767106,-0.057819984
-0.236165437,-0.167308968,-0.087603695
-0.238720707,-0.179879610,-0.118298080
-0.234436093,-0.194720240,-0.146777015
-0.223285252,-0.217947854,-0.166645001
-0.202812957,-0.243092343,-0.172975762
-0.176997454,-0.263909959,-0.170920442
-0.148612703,-0.280373885,-0.165399698
-0.118430362,-0.292948345,-0.159174373
-0.086769241,-0.301952919,-0.154255956
-0.054222374,-0.308704603,-0.152740099
-0.022316523,-0.315569873,-0.158612543
0.003732136,-0.325879935,-0.176059684
0.019062794,-0.333166856,-0.203469492
0.029856355,-0.351417818,-0.229113425
0.038563869,-0.372364799,-0.253479899
0.047385553,-0.395324026,-0.275912915
0.057908980,-0.419670406,-0.296020033
0.071706547,-0.447266326,-0.304907178
0.090622383,-0.469555924,-0.318737588
0.114257787,-0.482921248,-0.336432156
0.145593865,-0.491621934,-0.342650812
0.178666650,-0.489821377,-0.344492521
0.210391197,-0.479985508,-0.343226318
0.239806504,-0.464741864,-0.340155790
0.266900432,-0.445797862,-0.336271417
0.291899274,-0.424164442,-0.332330275
0.315058743,-0.400483898,-0.328930214
0.336670343,-0.375264814,-0.326523887
0.357323228,-0.349192393,-0.324857399
0.375781307,-0.321976502,-0.329492488
0.395204369,-0.295651413,-0.335259318
0.419400999,-0.273017144,-0.338137303
0.448407025,-0.257854065,-0.336838174
0.480173255,-0.249211326,-0.338104067
0.509966053,-0.245868739,-0.351182355
0.540846464,-0.247413894,-0.361846907
0.573724343,-0.252142883,-0.363984408
0.606447494,-0.258218627,-0.363393719
0.638854132,-0.264851365,-0.359671539
0.669566793,-0.270880965,-0.349910966
0.697055703,-0.275273230,-0.331725225
0.726582177,-0.279579899,-0.320049344
0.759392950,-0.284081864,-0.316571136
0.788343478,-0.285063286,-0.301620629
0.806971535,-0.280580979,-0.274938521
0.826767994,-0.273064291,-0.249775597
0.852150468,-0.262915276,-0.230971537
0.882040409,-0.251821923,-0.221561507
0.905352078,-0.233512017,-0.207670475
0.921549000,-0.208655412,-0.192654894
0.934027885,-0.179987994,-0.181317764
0.942555111,-0.148809364,-0.173449615
0.947492651,-0.116260673,-0.168581764
0.949300808,-0.083110251,-0.166153727
0.948499726,-0.049829682,-0.165622120
0.945580086,-0.016672495,-0.166550604
0.940942047,0.016237908,-0.168637373
0.934975445,0.048864252,-0.171635704
0.927960531,0.081202943,-0.175396160
0.920167618,0.113285952,-0.179770409
0.911776602,0.145145250,-0.184647839
0.902780102,0.176797507,-0.189783346
0.892771855,0.208183466,-0.194675076
0.882819053,0.239554108,-0.199774286
0.873549476,0.271072753,-0.205240003
0.864679923,0.302736797,-0.210526129
0.855825828,0.334546690,-0.214863790
0.846632860,0.366458276,-0.217278797
0.836947721,0.398301141,-0.216686113
0.826953957,0.429687330,-0.211955634
0.817719254,0.460289275,-0.202709462
0.810175080,0.489467596,-0.188738460
0.796399100,0.509206829,-0.166138019
0.785657083,0.528017885,-0.141131343
0.782790766,0.549262873,-0.115692848
0.787257852,0.570817842,-0.091392004
0.796021225,0.591618140,-0.067571095
0.793814735,0.603298407,-0.037121149
0.779543507,0.603081314,-0.007033751
0.766409100,0.602748742,0.023343772
0.760319563,0.607288757,0.055670852
0.759068922,0.614512723,0.088159406
0.754730011,0.618660928,0.120914218
0.739408446,0.613683036,0.148257426
0.718252322,0.604012011,0.172009616
0.698816544,0.596215184,0.196673587
0.687033049,0.595588339,0.227808266
0.670703167,0.592242375,0.255812573
0.646709231,0.584348394,0.277490552
0.616700374,0.571615970,0.281980997
0.587527730,0.564538059,0.294122620
0.558687182,0.563216637,0.310422018
0.533668460,0.568475391,0.331676402
0.502689444,0.574913416,0.341017026
0.471461504,0.585625653,0.345115224
0.441425272,0.599937761,0.345867551
0.412524629,0.616341075,0.343823581
0.384420117,0.633786366,0.339970670
0.356692972,0.651640189,0.335313882
0.328997566,0.669564663,0.330740860
0.301105561,0.687362947,0.326945078
0.272877126,0.704837969,0.324321142
0.244058682,0.721365483,0.321994717
0.214569799,0.736738110,0.320241961
0.184447741,0.750929070,0.319808443
0.153632116,0.763522859,0.320583753
0.122051402,0.773914941,0.322383750
0.089708353,0.781349074,0.324990609
0.056770801,0.784792102,0.328256901
0.023789030,0.782974779,0.332137241
-0.008063522,0.774651953,0.336674038
-0.036923320,0.759215889,0.342332198
-0.059756807,0.736074468,0.341710207
-0.077062984,0.708302770,0.338306843
-0.090067023,0.678744078,0.345174125
-0.097459728,0.652584705,0.363370942
-0.102127191,0.619845838,0.363166359
-0.104406945,0.589298198,0.350101914
-0.105119787,0.556944319,0.351119406
-0.105026406,0.525311083,0.346956550
-0.105732995,0.497713294,0.328357291
-0.106520491,0.465621851,0.321416784
-0.109670645,0.435860166,0.310646163
-0.118872424,0.414098875,0.288445338
-0.132952340,0.385344284,0.281277251
-0.156449260,0.363441918,0.273877837
-0.185539081,0.348024132,0.269304031
-0.216331083,0.335667685,0.266567376
-0.245955076,0.320681006,0.268356653
-0.274009847,0.303196596,0.272327932
-0.299926899,0.282928845,0.277370233
-0.323018256,0.259522045,0.282511078
-0.342437254,0.232748335,0.285980023
-0.356229698,0.202580684,0.285150203
-0.360657953,0.170908914,0.276837369
-0.359498191,0.146665963,0.255547210
-0.342575381,0.124717451,0.238888667
-0.328761307,0.110338416,0.214023702
-0.316469498,0.099275403,0.185478625
-0.303021058,0.088267049,0.157083770
-0.286733891,0.074929257,0.132070866
-0.287684645,0.060195892,0.103456192
-0.280092896,0.033122792,0.086755332
-0.281586438,0.000575545,0.081109426
-0.286328113,-0.031430261,0.082218518
-0.281776369,-0.063912860,0.087808715
-0.272416080,-0.095222538,0.094076442
-0.258466418,-0.125114754,0.098321223
-0.240245367,-0.152671984,0.095803247
-0.220517824,-0.173133726,0.079390182
-0.210430707,-0.185787285,0.051878900
-0.201814790,-0.189912976,0.022546914
-0.198165103,-0.195552579,-0.009876891
-0.192954409,-0.200471218,-0.042087508
-0.187099244,-0.210610958,-0.071490643
-0.176763137,-0.231334436,-0.094047721
-0.152754871,-0.251421465,-0.104337820
-0.123441557,-0.267015149,-0.104272877
-0.092125440,-0.277325015,-0.099896118
-0.059735973,-0.282706397,-0.094460044
-0.026775982,-0.284303397,-0.090095594
0.006461519,-0.283566487,-0.089967184
0.037820870,-0.283133593,-0.100273340
0.061074806,-0.291979144,-0.120978979
0.074311784,-0.296381225,-0.149944744
0.084900306,-0.307231986,-0.179188609
0.095647539,-0.322297600,-0.206825177
0.109946715,-0.344702117,-0.226535226
0.123573004,-0.354246494,-0.254442599
0.147184986,-0.373223462,-0.265878369
0.176916764,-0.378586388,-0.279246948
0.208636494,-0.371855418,-0.285869765
0.237673778,-0.355872419,-0.287903522
0.262963894,-0.334274446,-0.287420151
0.284846975,-0.309264155,-0.285581454
0.303921506,-0.282091136,-0.283076620
0.320864772,-0.253541250,-0.280482608
0.336516964,-0.224211894,-0.278513011
0.352098318,-0.194787016,-0.278295731
0.369562902,-0.166698443,-0.281739023
0.391267521,-0.143388632,-0.290954489
0.418273053,-0.129104584,-0.302987264
0.449639840,-0.123175636,-0.309560473
0.473164278,-0.119194243,-0.332070832
0.504739076,-0.119111636,-0.339488820
0.537160610,-0.120032550,-0.342331601
0.566905303,-0.120358183,-0.357284604
0.598871300,-0.120615631,-0.355951168
0.631011416,-0.119146465,-0.348467455
0.662719120,-0.115839170,-0.356249959
0.694315719,-0.109577953,-0.357928460
0.722717911,-0.098817692,-0.345615131
0.744706003,-0.082974799,-0.326818455
0.767513544,-0.060350121,-0.318378040
0.784275981,-0.032513946,-0.311458370
0.794767472,-0.001268401,-0.307112933
0.799752026,0.031575535,-0.305393422
0.800233331,0.064847209,-0.305879156
0.797057983,0.097913190,-0.308039842
0.790844211,0.130450951,-0.311382911
0.782053634,0.162304843,-0.315475791
0.771046034,0.193411747,-0.319949345
0.758104030,0.223756324,-0.324491474
0.743476313,0.253357101,-0.328829654
0.727414541,0.282269154,-0.332723308
0.710198833,0.310592203,-0.335966221
0.692133781,0.338467272,-0.338367225
0.673637671,0.366122959,-0.339872542
0.655305758,0.393916224,-0.340680170
0.637768862,0.422225899,-0.340573985
0.621899303,0.451461621,-0.339178972
0.608876285,0.481915285,-0.335927014
0.599983931,0.513433171,-0.330098683
0.596010631,0.545185572,-0.321049617
0.596614199,0.576005492,-0.308548929
0.597220647,0.600498992,-0.287178854
0.597086192,0.619934695,-0.260390113
0.604998509,0.645348105,-0.241587610
0.618429465,0.673087530,-0.229109476
0.626986518,0.694627284,-0.206248724
0.632975068,0.712245484,-0.178650071
0.637655796,0.727522220,-0.149460475
0.640799762,0.740631406,-0.119057246
0.642306830,0.751759896,-0.087752902
0.641995845,0.760936650,-0.055752838
0.639195356,0.767833183,-0.023289766
0.633982322,0.772879597,0.009197117
0.626318123,0.776335848,0.041400733
0.615915613,0.778365226,0.072954531
0.602330837,0.779232467,0.103330918
0.585772747,0.779539903,0.132194301
0.563898339,0.776760650,0.156577511
0.535511362,0.767223246,0.170953646
0.507819795,0.767787029,0.188838270
0.479027534,0.773571235,0.204457277
0.448924565,0.782151112,0.215737867
0.418497314,0.793338441,0.223281114
0.388244537,0.806430178,0.227955414
0.358286251,0.820752841,0.230454872
0.328540565,0.835703558,0.231311673
0.298852437,0.850789196,0.230893365
0.269063103,0.865608587,0.229430768
0.239030941,0.879809910,0.227079320
0.208653565,0.893103209,0.223979810
0.177851347,0.905198452,0.220239708
0.146592654,0.915871755,0.215998762
0.114862777,0.924874949,0.211403269
0.082692593,0.932041298,0.206645325
0.050139028,0.937416124,0.202131179
0.017271165,0.941135342,0.198284411
-0.015516609,0.939567736,0.193284677
-0.047267973,0.931777453,0.187045451
-0.079057205,0.922748439,0.183131325
-0.111647062,0.916340407,0.184764465
-0.143476801,0.908351665,0.190261712
-0.173396611,0.897165963,0.199514197
-0.200417542,0.889668251,0.217171916
-0.223211931,0.879621867,0.239081125
-0.240259522,0.859125675,0.258768572
-0.250909063,0.832848649,0.275208143
-0.254535157,0.800367242,0.279699559
-0.257824318,0.771239785,0.295035351
-0.258431780,0.741935280,0.310807354
-0.256259466,0.711435986,0.323953422
-0.252344359,0.680117214,0.334501401
-0.247262555,0.648156558,0.342260387
-0.241592393,0.615721245,0.347134530
-0.236025093,0.582945357,0.348788441
-0.231329653,0.550009145,0.347575648
-0.228475320,0.517198773,0.348596658
-0.228329619,0.484906982,0.350261201
-0.235408743,0.457447783,0.334155520
-0.249943739,0.429936322,0.323862344
-0.271022225,0.404512195,0.320189854
-0.295483348,0.381955718,0.320721300
-0.320998231,0.360823295,0.324077968
-0.346632866,0.340051811,0.328621755
-0.372021312,0.318943580,0.332984130
-0.396815111,0.296943438,0.336170200
-0.420197296,0.273349588,0.338447418
-0.441844476,0.248082518,0.337949681
-0.460613222,0.220854332,0.334280131
-0.474136817,0.190796327,0.330021933
-0.479166348,0.158180025,0.326691174
-0.472236413,0.126258456,0.324340051
-0.453625219,0.099621650,0.321390093
-0.436866402,0.081164602,0.301016292
-0.415033364,0.066615266,0.281026356
-0.391320088,0.055336175,0.260574583
-0.367555363,0.045745751,0.239558788
-0.346436373,0.036688697,0.217823256
-0.330792109,0.025847105,0.192138207
-0.314856766,0.009252561,0.169782343
-0.311793088,-0.016085742,0.150201841
-0.304240235,-0.047961714,0.145298948
-0.294829918,-0.079701859,0.148612761
-0.285083586,-0.111009615,0.154446960
-0.274340315,-0.142025204,0.160037798
-0.261863532,-0.172731492,0.163041200
-0.244909258,-0.201247196,0.161797582
-0.221144156,-0.222472909,0.153263966
-0.193849519,-0.226513884,0.136568170
-0.181892856,-0.232493970,0.107449357
-0.170196992,-0.230739691,0.076350783
-0.161613602,-0.229952088,0.044193231
-0.153265060,-0.232457134,0.012079707
-0.137927709,-0.234356162,-0.016364745
-0.119657162,-0.253156711,-0.035268931
-0.089036516,-0.264052861,-0.040920605
-0.056102402,-0.268100570,-0.038637436
-0.023589060,-0.272123107,-0.032698915
0.009066399,-0.274441698,-0.026606841
0.042180882,-0.274120302,-0.023582823
0.074458561,-0.269284048,-0.028942379
0.097364799,-0.258711937,-0.048850131
0.113871236,-0.261999555,-0.075993608
0.122159565,-0.260768863,-0.107479839
0.134165722,-0.271693597,-0.135559301
0.145149999,-0.277886399,-0.165071181
0.162544597,-0.287805139,-0.189810140
0.183934934,-0.288079956,-0.214036292
0.215471965,-0.285998467,-0.222152756
0.242592594,-0.267580128,-0.226648577
0.260283813,-0.239903163,-0.230746644
0.279025939,-0.212689222,-0.226812935
0.295090408,-0.184069772,-0.221190512
0.309533848,-0.154665717,-0.215206538
0.322862133,-0.124460834,-0.210915164
0.335883319,-0.093871594,-0.211328595
0.350654464,-0.065697719,-0.220534180
0.363918769,-0.045655205,-0.242177343
0.386765685,-0.034403227,-0.260996853
0.411291133,-0.027397746,-0.279809159
0.433549790,-0.021982291,-0.303210358
0.461849177,-0.017053854,-0.320034747
0.491353491,-0.011289512,-0.334320865
0.522858965,-0.003874765,-0.337446293
0.553467424,0.007237165,-0.341049459
0.576626687,0.021627073,-0.359447109
0.601369740,0.043518963,-0.362727971
0.618954506,0.071610973,-0.363996425
0.627361051,0.103718410,-0.364218333
0.627289945,0.136950546,-0.364164234
0.620666083,0.169547194,-0.364138716
0.609203927,0.200791953,-0.364174546
0.594164859,0.230490838,-0.364072346
0.576456048,0.258676550,-0.363332034
0.556738563,0.285474267,-0.361939323
0.535558635,0.311099435,-0.359997983
0.513359143,0.335816044,-0.357670461
0.490560152,0.359966216,-0.355178897
0.467637624,0.384010509,-0.352796818
0.445236653,0.408574677,-0.350826897
0.424387053,0.434500187,-0.349547122
0.406775109,0.462723124,-0.349044953
0.394605798,0.493656508,-0.348883039
0.389270897,0.526412494,-0.348240475
0.390815722,0.557184998,-0.359887154
0.395899352,0.589717935,-0.356511647
0.403481771,0.621187665,-0.348734298
0.412389264,0.651403011,-0.337984017
0.421736005,0.680376285,-0.324535532
0.430937305,0.708001117,-0.308423644
0.439503506,0.734193946,-0.289782302
0.447051893,0.758921569,-0.268851767
0.453244523,0.782135282,-0.245843298
0.457700635,0.803748757,-0.220943105
0.460017148,0.823703180,-0.194415805
0.457081803,0.836215076,-0.164819449
0.447983291,0.839521011,-0.133023958
0.440511018,0.853110793,-0.103900588
0.435782372,0.875508196,-0.080702611
0.428666180,0.898093590,-0.058946797
0.410511935,0.910105204,-0.033799926
0.387967577,0.921396003,-0.012114135
0.361665892,0.932046302,0.005235119
0.332552605,0.942049210,0.017859002
0.301657018,0.951322169,0.026051920
0.269763690,0.959756573,0.030503684
0.237356381,0.967249416,0.031966937
0.204702893,0.973714601,0.031108855
0.171942907,0.979077059,0.028468352
0.139148161,0.983285450,0.024491362
0.106354805,0.986313436,0.019542570
0.073581905,0.988140372,0.013912681
0.040840794,0.988758155,0.007849543
0.008139549,0.988156726,0.001572562
-0.024516841,0.986364021,-0.004710403
-0.057124698,0.983405479,-0.010801448
-0.089681678,0.979316402,-0.016497663
-0.122185492,0.974134601,-0.021573398
-0.154632085,0.967917187,-0.025773131
-0.187009784,0.960739178,-0.028802113
-0.219285738,0.952677687,-0.030285712
-0.251377938,0.943817028,-0.029722753
-0.283115294,0.934275766,-0.026543491
-0.314153957,0.924169008,-0.020029703
-0.343860330,0.913607053,-0.009383824
-0.371300734,0.902671224,0.005918074
-0.395323873,0.891336045,0.025929664
-0.415078899,0.879400000,0.049870377
-0.433489197,0.876013297,0.076745508
-0.448808269,0.874394238,0.105729342
-0.456230436,0.860511712,0.134852662
-0.456194341,0.838582812,0.158500803
-0.451487868,0.811858183,0.177805116
-0.449607778,0.791626819,0.203941824
-0.450109097,0.778713647,0.234637990
-0.447907233,0.762661600,0.263728561
-0.438923333,0.735842652,0.279417429
-0.428258838,0.706356297,0.290549984
-0.420495133,0.681373129,0.309531478
-0.414294485,0.658329339,0.332745886
-0.405695195,0.629482726,0.344818479
-0.396391078,0.598078062,0.339010587
-0.390702248,0.566058509,0.343992263
-0.389632842,0.537733108,0.360932539
-0.392210973,0.505005794,0.364194348
-0.401418055,0.473072295,0.363893785
-0.416983233,0.443690661,0.363223770
-0.436827289,0.416970424,0.362819882
-0.458937027,0.392069184,0.362794981
-0.481973469,0.368017474,0.363032703
-0.505106173,0.344059160,0.363385056
-0.527764350,0.319653004,0.363735041
-0.549485268,0.294410482,0.364007517
-0.569835209,0.268052273,0.364168233
-0.588331499,0.240364959,0.364218428
-0.604375474,0.211193555,0.364191488
-0.617198694,0.180477865,0.364146186
-0.625651473,0.148298651,0.364147223
-0.628203514,0.115152437,0.364206908
-0.623110691,0.082892013,0.359164053
-0.609955113,0.053785785,0.350174593
-0.588155724,0.029023273,0.346810191
-0.560823897,0.011857634,0.352155218
-0.531794167,-0.000373122,0.346789160
-0.506631505,-0.008825248,0.327382529
-0.474593601,-0.015101051,0.322049542
-0.447636204,-0.020116789,0.306023417
-0.423622304,-0.025325739,0.283899228
-0.397779764,-0.031990638,0.264009611
-0.374302443,-0.042509134,0.242942289
-0.348742815,-0.058233021,0.230244443
-0.333426666,-0.084584303,0.217403973
-0.322740838,-0.115742287,0.213020241
-0.313325372,-0.147671021,0.213517174
-0.302502819,-0.179029394,0.216347427
-0.288653042,-0.209035219,0.220309453
-0.270930464,-0.236912813,0.224340229
-0.246850452,-0.258360981,0.229986173
-0.219388629,-0.276582694,0.229579554
-0.193023794,-0.290216296,0.215936355
-0.168678652,-0.291105545,0.194309659
-0.148071146,-0.278653815,0.173159228
-0.138054950,-0.275841763,0.142014712
-0.127030057,-0.267991318,0.111595656
-0.113920886,-0.257157347,0.083456690
-0.103064908,-0.262903835,0.053702708
-0.078796576,-0.261399552,0.032521748
-0.047903796,-0.269378901,0.024021670
-0.015400884,-0.276202045,0.025567059
0.017341531,-0.278764084,0.030847365
0.049937602,-0.275679523,0.036770430
0.081038547,-0.264934507,0.040939642
0.110616320,-0.250222613,0.038313137
0.137000932,-0.241651144,0.021454263
0.148154246,-0.228911966,-0.005782916
0.156036056,-0.224679349,-0.037651910
0.164003561,-0.224955251,-0.069975881
0.174318675,-0.226776250,-0.101568004
0.193286553,-0.232390962,-0.127265359
0.210182470,-0.221043297,-0.152484652
0.235418785,-0.203137398,-0.163733775
0.258247379,-0.179051057,-0.163440959
0.276446921,-0.151699924,-0.158310806
0.288909665,-0.121391379,-0.152630201
0.296612095,-0.089376889,-0.147977039
0.299904855,-0.056294756,-0.146552388
0.303428946,-0.023551343,-0.150820996
0.313936118,0.004338384,-0.164216227
0.328449015,0.022877961,-0.186011615
0.339508420,0.034200218,-0.214224881
0.358935901,0.043519166,-0.239602593
0.382414386,0.052745282,-0.260682074
0.406336742,0.063039097,-0.279175224
0.425800103,0.075499812,-0.302136942
0.452324102,0.093576799,-0.307301859
0.468039921,0.117771327,-0.323017512
0.474319369,0.146789581,-0.336541061
0.472870828,0.179719845,-0.340051141
0.463584599,0.211554642,-0.338114248
0.449119679,0.241051912,-0.332870365
0.430312518,0.268072778,-0.328066878
0.407839437,0.292507529,-0.325662411
0.383268835,0.314894905,-0.323757432
0.357063188,0.335427168,-0.323112485
0.329884633,0.354662236,-0.323726525
0.302560868,0.373622252,-0.325472613
0.276349123,0.393930731,-0.328434144
0.253522912,0.417649262,-0.333080102
0.237300213,0.445790619,-0.339933721
0.230956110,0.478009755,-0.336492036
0.228595098,0.510031931,-0.344085874
0.229632896,0.538696046,-0.360387580
0.234050494,0.570857318,-0.358570799
0.239202091,0.602025557,-0.348710064
0.245145229,0.634160998,-0.355041458
0.250737186,0.665481840,-0.353110918
0.254505626,0.693530247,-0.335656930
0.257223944,0.722296230,-0.319557384
0.260025702,0.754762379,-0.314670030
0.260766770,0.786759114,-0.308697612
0.255760783,0.809334579,-0.285866884
0.246030666,0.825201117,-0.258802869
0.233004887,0.849227277,-0.239853145
0.215856623,0.874018340,-0.226008167
0.196041573,0.899707805,-0.218667489
0.170076374,0.917975404,-0.209661685
0.139837826,0.928930622,-0.201171031
0.107819563,0.936476045,-0.196150358
0.074898213,0.939084531,-0.192766855
0.042440652,0.933473607,-0.188129982
0.010210690,0.925739494,-0.185059735
-0.022734629,0.921609357,-0.186714660
-0.055583115,0.917732511,-0.190573164
-0.088114719,0.912199283,-0.195055830
-0.120337821,0.905471970,-0.200111011
-0.152273556,0.897839926,-0.205681778
-0.183948055,0.889388118,-0.211554014
-0.215389973,0.880163649,-0.217513803
-0.246642700,0.870224762,-0.223318092
-0.277762210,0.859647352,-0.228693054
-0.308816469,0.848528614,-0.233293712
-0.339887009,0.837043197,-0.236725525
-0.371051696,0.825442054,-0.238487614
-0.402354352,0.814109506,-0.237909502
-0.433717877,0.803571196,-0.234260086
-0.464818977,0.794486511,-0.226679430
-0.494972247,0.787458524,-0.214519408
-0.523292612,0.782872775,-0.197689884
-0.543358594,0.774329153,-0.173529832
-0.557383366,0.763634516,-0.145549796
-0.576261959,0.761957936,-0.118230495
-0.594263446,0.764256089,-0.091056210
-0.614844504,0.774632281,-0.067102333
-0.627409744,0.775973381,-0.037315346
-0.628674548,0.765388242,-0.006282963
-0.626622919,0.752048724,0.024151702
-0.626702451,0.741766564,0.055637487
-0.627278207,0.732463636,0.087560224
-0.625889179,0.721090044,0.118792226
-0.622688549,0.707470616,0.148998197
-0.617908904,0.691406170,0.177769549
-0.612989351,0.674099235,0.205566479
-0.613596212,0.662292570,0.236698354
-0.610352634,0.644144581,0.263214099
-0.602305971,0.617578649,0.280708814
-0.591185184,0.586703253,0.283670174
-0.588493559,0.556624367,0.297121643
-0.591289597,0.526232897,0.310234330
-0.600752447,0.498729491,0.326361531
-0.613381253,0.470202156,0.337409983
-0.627657673,0.440235155,0.339890673
-0.644280045,0.411395686,0.340742885
-0.662207154,0.383330993,0.340465058
-0.680667133,0.355631477,0.339382127
-0.699114283,0.327953111,0.337697789
-0.717138967,0.300028616,0.335568476
-0.734410729,0.271658853,0.333119101
-0.750632950,0.242694783,0.330469826
-0.765537120,0.213038469,0.327751689
-0.778838444,0.182623856,0.325113335
-0.790212033,0.151417906,0.322736273
-0.799274176,0.119434542,0.320847276
-0.805557742,0.086760781,0.319727259
-0.808441954,0.053601721,0.319727966
-0.807112982,0.020390103,0.321266751
-0.800539598,-0.012020588,0.324775356
-0.787814136,-0.042194380,0.330448900
-0.768537977,-0.068185465,0.337952510
-0.743483588,-0.088482811,0.345452426
-0.713910795,-0.101259380,0.338294877
-0.682646461,-0.111328972,0.342859964
-0.655223142,-0.116941485,0.360370534
-0.623402063,-0.119733545,0.361311863
-0.592274238,-0.120732475,0.349518097
-0.559489899,-0.120560299,0.344450974
-0.526876913,-0.119903446,0.337806337
-0.494978448,-0.119742450,0.328301277
-0.462221477,-0.120119762,0.325248328
-0.432881135,-0.124346446,0.311970794
-0.411561383,-0.135598452,0.290130771
-0.387045326,-0.154613849,0.278463789
-0.366940010,-0.180449809,0.272894025
-0.349584265,-0.208843345,0.272635464
-0.332851455,-0.237488508,0.275514552
-0.315391208,-0.265494222,0.279964315
-0.296364071,-0.292363716,0.284942768
-0.275126615,-0.317568855,0.289634666
-0.251072420,-0.340285656,0.293206636
-0.223635915,-0.359012689,0.294522186
-0.192819098,-0.370927627,0.291705257
-0.161213481,-0.372066202,0.282169966
-0.136046370,-0.364916314,0.262953083
-0.117878168,-0.353306930,0.238465297
-0.103116544,-0.336194236,0.214050020
-0.091400982,-0.320069728,0.187386049
-0.080445354,-0.306278687,0.159137081
-0.066729418,-0.289806534,0.134684492
-0.050130737,-0.290765318,0.107060515
-0.021375400,-0.289527109,0.091060690
0.011654933,-0.289242148,0.087903975
0.044678066,-0.286917350,0.091281516
0.077050382,-0.281612525,0.096950850
0.108660754,-0.272743830,0.102418329
0.139053014,-0.259543418,0.105156677
0.165541689,-0.240339492,0.101158891
0.180439024,-0.216222011,0.085000342
0.192630283,-0.207135182,0.056643815
0.192650457,-0.194927319,0.027189260
0.196901331,-0.190483654,-0.004339556
0.206114762,-0.189520709,-0.034986253
0.211899649,-0.179153283,-0.065394165
0.233991648,-0.169826448,-0.086541330
0.252554378,-0.144546721,-0.096640105
0.265325931,-0.113904517,-0.096861714
0.273072969,-0.081816638,-0.092665973
0.277808173,-0.049365059,-0.086894255
0.280453902,-0.016528982,-0.082123808
0.287261492,0.015347429,-0.080642739
0.283352583,0.045594921,-0.092121150
0.284143992,0.067086183,-0.116342272
0.292318425,0.080519414,-0.142959441
0.305899376,0.091962060,-0.169566313
0.316099175,0.101472693,-0.198832472
0.330826297,0.114056399,-0.225661866
0.346369197,0.131294726,-0.249460801
0.362158466,0.156085690,-0.263139372
0.365722925,0.186859616,-0.273690181
0.355640361,0.217781574,-0.279879967
0.336730208,0.244969028,-0.282467657
0.312829665,0.268105951,-0.282823605
0.286259572,0.288100723,-0.281292189
0.258402054,0.306052721,-0.278052802
0.229827654,0.322690469,-0.274083505
0.202089488,0.340281665,-0.268621243
0.174665254,0.358790745,-0.265146614
0.147642059,0.377592124,-0.269422023
0.125812819,0.395498926,-0.285669446
0.113397031,0.420499569,-0.302197459
0.108759914,0.452000507,-0.308884927
0.105612166,0.477322504,-0.329588897
0.104793888,0.506574389,-0.344305994
0.104903100,0.538573563,-0.353488284
0.104724603,0.571220879,-0.359984824
0.103392421,0.603831635,-0.359023243
0.100161586,0.635029132,-0.348497095
0.093909282,0.666964734,-0.352823949
0.084433250,0.697534271,-0.358010779
0.069152611,0.725162187,-0.348528385
0.049018354,0.743733685,-0.329774148
0.022019409,0.761267528,-0.321968689
-0.008884595,0.772566241,-0.317334508
-0.041639580,0.778102782,-0.315751712
-0.074880053,0.778980510,-0.317013572
-0.107876447,0.776103074,-0.320317819
-0.140291071,0.769989248,-0.324820914
-0.171961708,0.760955426,-0.329709153
-0.202805298,0.749272069,-0.334265828
-0.232752288,0.735182687,-0.337912849
-0.261790242,0.719077867,-0.340428348
-0.290094338,0.701664641,-0.342607348
-0.317649812,0.682990163,-0.343475395
-0.344546274,0.663374160,-0.342606652
-0.371072468,0.643365449,-0.340337296
-0.397680351,0.623585165,-0.337184072
-0.424941485,0.604786122,-0.333660002
-0.453470222,0.588006020,-0.330055134
-0.483686786,0.574619530,-0.326154661
-0.515246956,0.565839324,-0.320401029
-0.548098306,0.564978249,-0.319425346
-0.580674336,0.569642591,-0.317225625
-0.610187415,0.574670611,-0.302786860
-0.628732605,0.575079033,-0.275522148
-0.649525804,0.579019257,-0.250164083
-0.672237273,0.586320395,-0.226952020
-0.692627359,0.593214187,-0.201551230
-0.710581380,0.599128658,-0.174131582
-0.726124632,0.603591884,-0.145020725
-0.739420704,0.606312911,-0.114633540
-0.750647766,0.607118337,-0.083335068
-0.759885165,0.605784561,-0.051412218
-0.767185125,0.602004000,-0.019177536
-0.772710025,0.595502498,0.012982452
-0.776762893,0.586126070,0.044655957
-0.787004407,0.579812827,0.075452338
-0.799451363,0.573569483,0.105371322
-0.801463211,0.555057420,0.132842788
-0.801836358,0.531558255,0.156166376
-0.796715579,0.502052429,0.170380885
-0.795979920,0.471063942,0.181836588
-0.804314544,0.441122720,0.193709579
-0.814680656,0.410454774,0.201440009
-0.827618430,0.380234109,0.206700236
-0.842586007,0.350717881,0.210389408
-0.858606939,0.321614170,0.212706238
-0.874677061,0.292459189,0.213576120
-0.889849735,0.262830162,0.212744644
-0.903306696,0.232495115,0.210061252
-0.914494671,0.201454965,0.205587790
-0.924377896,0.170072681,0.200427706
-0.933043954,0.138386838,0.194958631
-0.939828887,0.106328454,0.189034843
-0.944551358,0.073946981,0.182869809
-0.947201225,0.041316757,0.176777453
-0.947837638,0.008509784,0.171104911
-0.946498200,-0.024408550,0.166263671
-0.943305428,-0.057359647,0.162687276
-0.938282143,-0.090226945,0.160931861
-0.931439069,-0.122799775,0.161596571
-0.922632047,-0.154665801,0.165427901
-0.911616351,-0.185099650,0.173126499
-0.897982493,-0.212956615,0.185125471
-0.881052551,-0.236736903,0.201029250
-0.871528284,-0.256484413,0.225367887
-0.857795654,-0.271302212,0.250985715
-0.832889593,-0.279808058,0.271333514
-0.801816371,-0.281583294,0.279621243
-0.771058577,-0.281492236,0.290080082
-0.742187537,-0.280510121,0.306596906
-0.712170656,-0.277178713,0.320577297
-0.681278907,-0.272299400,0.331944789
-0.649663969,-0.266412244,0.340507948
-0.619469997,-0.260640233,0.352975072
-0.589072495,-0.254872050,0.362922554
-0.558593240,-0.249940650,0.350530719
-0.526045589,-0.246750328,0.345861490
-0.494090164,-0.245754330,0.354144109
-0.462378100,-0.251171381,0.346327411
-0.437213605,-0.265223930,0.330016493
-0.411438833,-0.285557008,0.325250293
-0.388242592,-0.309294923,0.325640889
-0.365626548,-0.332486733,0.333332192
-0.344726023,-0.358104611,0.336770272
-0.323891828,-0.384006422,0.338820657
-0.302138522,-0.409184622,0.340171334
-0.278947493,-0.433075729,0.340446582
-0.253826275,-0.454908226,0.339727456
-0.226376419,-0.473662112,0.338210459
-0.196379586,-0.487861338,0.336058942
-0.164133102,-0.495266077,0.333155216
-0.131364927,-0.492986667,0.328732692
-0.102168520,-0.479021043,0.323241917
-0.080179688,-0.455457755,0.320333947
-0.065258008,-0.437073423,0.297921872
-0.052979815,-0.411360470,0.282109725
-0.043670271,-0.387739084,0.263311917
-0.035368700,-0.366867824,0.240277624
-0.026206438,-0.345784323,0.218004947
-0.014396632,-0.333159110,0.190822751
0.004247597,-0.315251126,0.172178820
0.032482274,-0.313117626,0.155518205
0.064930176,-0.306602692,0.152683557
0.097301091,-0.299413106,0.155574073
0.128853512,-0.290092523,0.160681530
0.159322526,-0.277767286,0.165956115
0.188150290,-0.261568633,0.169590379
0.213815539,-0.240529330,0.168897741
0.232304389,-0.215067487,0.159032751
0.234365442,-0.188667435,0.140620037
0.238150552,-0.176404600,0.111384805
0.230192720,-0.161538827,0.083167463
0.228720149,-0.152980766,0.051024910
0.235379210,-0.147811527,0.019703572
0.237163757,-0.132494342,-0.008559797
0.249778112,-0.109629554,-0.028431697
0.262136810,-0.079312016,-0.033198775
0.270680335,-0.047348752,-0.029825484
0.275389656,-0.014965557,-0.023732160
0.276318093,0.017796278,-0.017939558
0.273227707,0.050809552,-0.015518621
0.266367183,0.082502456,-0.021990825
0.258849538,0.106123813,-0.043224872
0.255846086,0.118847954,-0.071227471
0.256468925,0.127590404,-0.101984635
0.262810283,0.137808778,-0.132966189
0.270817170,0.150645499,-0.162608728
0.282880936,0.170985080,-0.184557504
0.278249951,0.191206388,-0.209167761
0.267475413,0.219981479,-0.221056539
0.246848204,0.245800331,-0.223701519
0.221187432,0.266820926,-0.221398512
0.192920955,0.283795899,-0.216859940
0.163091758,0.297660822,-0.211711709
0.132200657,0.309319897,-0.207410109
0.100693501,0.319948907,-0.206008074
0.070707724,0.333515519,-0.209549845
0.046630396,0.353347510,-0.220108154
0.030635653,0.366302342,-0.244773513
0.020974499,0.388189788,-0.267600188
0.014472735,0.413295638,-0.288469989
0.008936172,0.440251290,-0.307203216
0.002961632,0.468647262,-0.323510936
-0.004697245,0.498040709,-0.337113296
-0.014687386,0.528776162,-0.337015655
-0.029920198,0.557093094,-0.343232398
-0.049364269,0.577943504,-0.359898690
-0.076707427,0.596510804,-0.362587982
-0.108520304,0.605875203,-0.363236843
-0.141724439,0.606268062,-0.362352977
-0.174270451,0.599675906,-0.360517772
-0.205353454,0.588028964,-0.358128302
-0.234802582,0.572731554,-0.355491201
-0.262697287,0.554741528,-0.352876727
-0.289195137,0.534711442,-0.350535325
-0.314489810,0.513129677,-0.348697494
-0.338816072,0.490413580,-0.347564000
-0.362504261,0.467007660,-0.347060040
-0.386077808,0.443482953,-0.346713966
-0.410258937,0.420585200,-0.346662939
-0.436023026,0.399507376,-0.347078920
-0.464397328,0.382173621,-0.347967235
-0.495640231,0.370879505,-0.348817615
-0.528603314,0.366590140,-0.348538940
-0.560668446,0.368488176,-0.354838310
-0.592658834,0.374417584,-0.358247347
-0.620354613,0.380350407,-0.342356271
-0.647284753,0.387182950,-0.324711206
-0.678010342,0.397095900,-0.317534463
-0.708843136,0.407792910,-0.311081973
-0.733271535,0.414893387,-0.292267765
-0.752600492,0.418778276,-0.265501116
-0.775025558,0.423735280,-0.242902790
-0.803389524,0.431113250,-0.227102428
-0.828192289,0.435209284,-0.206389686
-0.843877128,0.432660200,-0.177542957
-0.849034628,0.423456321,-0.146213714
-0.861479951,0.413994437,-0.117116476
-0.879097850,0.403179095,-0.091180410
-0.903753399,0.393623245,-0.071014658
-0.922567166,0.376670747,-0.050258302
-0.934497537,0.352159998,-0.031207626
-0.945348188,0.324265921,-0.016693075
-0.954651765,0.293910138,-0.006735138
-0.962326410,0.262071640,-0.000804442
-0.968394596,0.229446207,0.001839734
-0.972944212,0.196462948,0.001919228
-0.976103772,0.163366364,0.000048757
-0.978010686,0.130287190,-0.003289852
-0.978844220,0.097285774,-0.007683597
-0.978762264,0.064381603,-0.012827952
-0.977911150,0.031571065,-0.018479815
-0.976411884,-0.001161989,-0.024439880
-0.974376267,-0.033842827,-0.030526942
-0.971858786,-0.066497422,-0.036574181
-0.968416443,-0.099114940,-0.042351258
-0.964005805,-0.131700416,-0.047635386
-0.960639466,-0.164476584,-0.052472156
-0.958480407,-0.197447251,-0.056644493
-0.956518214,-0.230554733,-0.059661314
-0.953511937,-0.263691753,-0.060867641
-0.948314189,-0.296533587,-0.059422748
-0.940194248,-0.328408057,-0.054424882
-0.930357365,-0.358866610,-0.045306318
-0.920362679,-0.387512774,-0.031649801
-0.902785251,-0.408829431,-0.013742101
-0.881945671,-0.424541723,0.006859056
-0.868691311,-0.441817443,0.031914447
-0.857145894,-0.455858287,0.059780664
-0.844531169,-0.465712990,0.088947465
-0.830585482,-0.471814258,0.118546911
-0.814975278,-0.474389232,0.147824006
-0.797661224,-0.474086112,0.176238270
-0.782099053,-0.473271719,0.205450610
-0.768839010,-0.472671093,0.235921697
-0.751150175,-0.468767239,0.262574656
-0.722950648,-0.458042575,0.276672754
-0.693625045,-0.446731193,0.287687181
-0.666384539,-0.437693398,0.304527033
-0.637670292,-0.428834316,0.318847779
-0.607527767,-0.420780143,0.330430269
-0.575948326,-0.414666400,0.338964396
-0.543422109,-0.412041756,0.345363568
-0.514264556,-0.414765594,0.360891843
-0.482442326,-0.422612493,0.364173391
-0.452347061,-0.436750961,0.363856363
-0.424896566,-0.455467830,0.361937416
-0.399427096,-0.476695882,0.358865956
-0.374941701,-0.498993153,0.355330263
-0.350592415,-0.521479432,0.352059626
-0.325804932,-0.543594433,0.349698219
-0.300249069,-0.564920498,0.348690472
-0.273712686,-0.585038189,0.348411695
-0.246045928,-0.603555158,0.348899367
-0.217211728,-0.620042806,0.351182802
-0.187133423,-0.633873401,0.354684384
-0.155717437,-0.644158219,0.358544621
-0.123056474,-0.649524968,0.361818383
-0.089911995,-0.648180558,0.363682039
-0.058201890,-0.638400855,0.364177451
-0.031818132,-0.621052188,0.356070339
-0.010613250,-0.597434171,0.347649679
0.004794942,-0.568491809,0.348695349
0.014792736,-0.537774555,0.350778030
0.021950174,-0.511622913,0.332128697
0.027445743,-0.482399927,0.317704560
0.031995838,-0.452923228,0.302916385
0.036764112,-0.424740970,0.285958549
0.042361547,-0.394458826,0.274755768
0.053081265,-0.378457808,0.248446150
0.069666402,-0.353541364,0.235450783
0.095771905,-0.336278148,0.225288453
0.127000831,-0.325829917,0.220761176
0.159108033,-0.317079799,0.220150654
0.189870174,-0.304882619,0.223462151
0.218848922,-0.289296919,0.228462411
0.245173827,-0.269742106,0.234093707
0.268192167,-0.246115656,0.238334076
0.286556491,-0.218494900,0.237680106
0.296372789,-0.188700050,0.227491006
0.300523475,-0.166961944,0.203595229
0.286552461,-0.145330386,0.183690247
0.276602187,-0.131531433,0.155093680
0.267799045,-0.120570751,0.124915078
0.261743795,-0.109973344,0.093947554
0.265763576,-0.099008698,0.063943044
0.264458229,-0.075538752,0.041711507
0.269827260,-0.044421952,0.032403477
0.279380104,-0.012652304,0.033038500
0.279505456,0.020204467,0.038262332
0.274417022,0.052490018,0.044464199
0.264332603,0.083864134,0.048987560
0.250311541,0.113863490,0.047223372
0.235223332,0.138418681,0.031507842
0.229951705,0.154933290,0.004424567
0.220836949,0.159715615,-0.026435082
0.220117082,0.167143236,-0.058881300
0.226333704,0.180667972,-0.088318813
0.222624911,0.191293320,-0.117833459
0.219122377,0.214368582,-0.139975992
0.197555961,0.233934522,-0.155006421
0.171684688,0.254585911,-0.156852976
0.142485118,0.270095235,-0.153256002
0.111711394,0.281468381,-0.147635172
0.079902714,0.289630757,-0.142158475
0.047270738,0.295470523,-0.139238610
0.014705836,0.300500490,-0.143120337
-0.013047300,0.307957601,-0.159271593
-0.031154959,0.326341179,-0.179297375
-0.041865555,0.334686356,-0.208697960
-0.051808426,0.358063968,-0.229053426
-0.060442568,0.374410560,-0.255413677
-0.072137014,0.401077123,-0.271067621
-0.084580326,0.416538166,-0.297026312
-0.104027919,0.440691813,-0.305847975
-0.130635118,0.457644899,-0.314451495
-0.162542078,0.463047764,-0.321384784
-0.195093071,0.457579086,-0.324753110
-0.225516136,0.444243821,-0.326032421
-0.253151743,0.425714655,-0.326120852
-0.278142380,0.403735379,-0.325486797
-0.300824177,0.379385540,-0.324403052
-0.321642639,0.353427855,-0.323106885
-0.341142128,0.326457203,-0.321891621
-0.360083981,0.299072351,-0.321205953
-0.379603951,0.272101762,-0.321776395
-0.401383967,0.247125562,-0.324702585
-0.427149219,0.227139441,-0.330973366
-0.456798636,0.215125174,-0.339811946
-0.489396504,0.212160036,-0.336090968
-0.519489938,0.211530260,-0.348398883
-0.549161544,0.213876568,-0.361176108
-0.581068925,0.218437835,-0.353955997
-0.613185843,0.223385806,-0.347753174
-0.645873388,0.228347474,-0.343907666
-0.678188009,0.232623451,-0.337144795
-0.709839425,0.235342074,-0.327200223
-0.741781990,0.236571138,-0.318232756
-0.774827689,0.236678563,-0.315908242
-0.804815386,0.232468659,-0.303048511
-0.826490323,0.222746981,-0.280945475
-0.840029362,0.207896142,-0.254907734
-0.861341048,0.188251229,-0.238635453
-0.878736098,0.163425362,-0.225006090
-0.891951553,0.134649167,-0.214857929
-0.901129390,0.103347026,-0.208320615
-0.906823389,0.070740539,-0.204865878
-0.909495423,0.037572441,-0.203907241
-0.909576033,0.004291698,-0.204850912
-0.907416294,-0.028853007,-0.207195165
-0.903253903,-0.061720253,-0.210557140
-0.897308741,-0.094234582,-0.214610873
-0.889765568,-0.126359979,-0.219093290
-0.880760908,-0.158077162,-0.223785619
-0.870464819,-0.189397828,-0.228488131
-0.859030825,-0.220347257,-0.233020101
-0.846613877,-0.250966609,-0.237196255
-0.833412369,-0.281326469,-0.240825474
-0.819651080,-0.311519173,-0.243687840
-0.805608178,-0.341662214,-0.245510619
-0.791643612,-0.371892038,-0.245937016
-0.778239692,-0.402338396,-0.244470258
-0.766910698,-0.433466121,-0.241429747
-0.761495216,-0.466220009,-0.239305447
-0.759506969,-0.498964290,-0.233832902
-0.758056232,-0.529580519,-0.221061910
-0.756675305,-0.556376298,-0.201424180
-0.752974291,-0.576417977,-0.175925491
-0.743241782,-0.586896066,-0.145942348
-0.741834142,-0.602840957,-0.116838434
-0.741812824,-0.617032113,-0.086733402
-0.740766679,-0.628330918,-0.055450098
-0.738266611,-0.636789399,-0.023364331
-0.733979181,-0.642549708,0.009121899
-0.727733901,-0.645883289,0.041618520
-0.719471745,-0.647080664,0.073809554
-0.709080544,-0.646323720,0.105409361
-0.696336056,-0.643744005,0.136057795
-0.681039075,-0.639602492,0.165340736
-0.663137402,-0.634343171,0.192908703
-0.647214485,-0.632174573,0.221371140
-0.635557262,-0.634873680,0.252431143
-0.610357741,-0.628984428,0.273373963
-0.580044525,-0.620676540,0.282910821
-0.548098115,-0.615048915,0.288173575
-0.517034698,-0.618281172,0.299596648
-0.485728296,-0.626218037,0.307560217
-0.455227712,-0.638426468,0.312875909
-0.425859118,-0.653713271,0.316373187
-0.397442083,-0.670922922,0.318661812
-0.369621893,-0.689175990,0.320082969
-0.342023933,-0.707804729,0.320818219
-0.314339030,-0.726318079,0.320932835
-0.286317635,-0.744310593,0.320445559
-0.257774500,-0.761434878,0.319374314
-0.228574474,-0.777364025,0.317748565
-0.198628989,-0.791776813,0.315632305
-0.167894012,-0.804346138,0.313138186
-0.136380334,-0.814780955,0.310527929
-0.104166886,-0.822939442,0.308424581
-0.071350290,-0.828410875,0.307175918
-0.038138495,-0.830634429,0.307154710
-0.004951319,-0.828875571,0.308807219
0.027416054,-0.822238191,0.312595009
0.057630961,-0.809857133,0.318800302
0.083871987,-0.791298281,0.327204981
0.104668113,-0.767237965,0.336810973
0.119324117,-0.738771003,0.344152584
0.127687320,-0.707590212,0.337464171
0.133972548,-0.675550062,0.343441120
0.136804377,-0.642639344,0.347543295
0.137362466,-0.609387532,0.348748045
0.136521319,-0.576159479,0.346983268
0.134828958,-0.543120214,0.349527095
0.133474800,-0.511896702,0.344431430
0.134190336,-0.484530564,0.325931578
0.135540641,-0.451883973,0.322522039
0.142574127,-0.423365683,0.308729091
0.158151186,-0.402477943,0.289538324
0.181111832,-0.379813693,0.281814690
0.208046853,-0.360353492,0.280522527
0.235784281,-0.342186347,0.283528963
0.263285396,-0.324072737,0.288502001
0.290299701,-0.305297124,0.293681909
0.316559638,-0.285245925,0.297820115
0.341216830,-0.263049986,0.300494144
0.364575861,-0.239515130,0.297898631
0.382847398,-0.212193975,0.293313510
0.391078826,-0.180488012,0.288376891
0.383302297,-0.149085558,0.284584690
0.370463702,-0.124670581,0.267229640
0.357662883,-0.108673106,0.243196432
0.336595897,-0.094444225,0.223623659
0.324477927,-0.084788026,0.195055904
0.309117818,-0.074275781,0.169491371
0.298411287,-0.062246808,0.141899987
0.290844367,-0.044469770,0.117234854
0.292214443,-0.017399863,0.099766508
0.289178013,0.015438684,0.096508201
0.283210194,0.047924133,0.100557753
0.276236381,0.079896000,0.106753785
0.267839231,0.111647467,0.112225012
0.257744684,0.143285281,0.113986265
0.241066512,0.171471032,0.109447904
0.216836641,0.186644987,0.094716562
0.204346293,0.196830553,0.067805440
0.191383710,0.196595551,0.038127608
0.188107016,0.202186722,0.006607348
0.182325543,0.205979521,-0.024644917
0.174940692,0.213639869,-0.054096950
0.165095877,0.233868676,-0.077017687
0.140549982,0.252645479,-0.088104154
0.109294678,0.263681587,-0.089256685
0.077063440,0.270919588,-0.085185708
0.044936393,0.277034204,-0.078917694
0.012473379,0.282000499,-0.073435320
-0.020647345,0.284402827,-0.072647133
-0.051909759,0.283559454,-0.083131225
-0.071980017,0.278830204,-0.108077802
-0.087376894,0.291575920,-0.133687339
-0.096171433,0.295796643,-0.164881455
-0.107190671,0.309120061,-0.193333682
-0.121581042,0.327543440,-0.215982390
-0.138920602,0.341292410,-0.239239393
-0.160982998,0.347675008,-0.261486796
-0.192622963,0.353273218,-0.266878275
-0.223312874,0.341983314,-0.272086595
-0.248029792,0.320406573,-0.276898818
-0.269714074,0.295263012,-0.277524222
-0.289926647,0.269092404,-0.273692661
-0.308118826,0.241675031,-0.268568179
-0.325172514,0.213606635,-0.263046391
-0.341695183,0.185007264,-0.258821336
-0.358613842,0.156365822,-0.258275914
-0.377731943,0.129942499,-0.264406690
-0.399049345,0.110315824,-0.279674268
-0.420081526,0.098999266,-0.301575946
-0.451841094,0.095262000,-0.307188458
-0.481964912,0.092728419,-0.321122731
-0.513284429,0.091633827,-0.332347262
-0.545318256,0.090699326,-0.341256434
-0.574815108,0.088821168,-0.356600904
-0.605937087,0.085954510,-0.355220407
-0.637492373,0.080284024,-0.348558469
-0.668175249,0.071165255,-0.354419728
-0.697200363,0.057934263,-0.358561071
-0.723069916,0.038041771,-0.352602509
-0.739901936,0.013140254,-0.338814239
-0.749636853,-0.016067464,-0.326730715
-0.755613754,-0.048636726,-0.323778338
-0.755869506,-0.081880479,-0.322510398
-0.751566376,-0.114883425,-0.322507935
-0.743673392,-0.147212499,-0.323405827
-0.732877356,-0.178673559,-0.324901639
-0.719744157,-0.209217129,-0.326745046
-0.704669693,-0.238842840,-0.328747150
-0.688024838,-0.267616752,-0.330755314
-0.670123126,-0.295635540,-0.332648905
-0.651272024,-0.323039993,-0.334324192
-0.631815591,-0.350036420,-0.335688503
-0.612152863,-0.376901030,-0.336640025
-0.592807524,-0.404007507,-0.337043398
-0.574518411,-0.431833500,-0.336685063
-0.558360792,-0.460902103,-0.335198412
-0.545783926,-0.491537281,-0.331985581
-0.538171443,-0.523403034,-0.326291680
-0.536244702,-0.555519338,-0.318199833
-0.543099663,-0.587648893,-0.321944553
-0.549803833,-0.617668017,-0.309946838
-0.554116866,-0.640664228,-0.287101719
-0.556869572,-0.658798061,-0.259474681
-0.563962916,-0.681061987,-0.235840528
-0.571247126,-0.701904287,-0.210918526
-0.577573263,-0.720618142,-0.184105633
-0.582364745,-0.736940284,-0.155471994
-0.585373571,-0.751099206,-0.125501503
-0.590442473,-0.768065748,-0.097448193
-0.595658169,-0.785763478,-0.069747579
-0.596734362,-0.799277861,-0.040049466
-0.588278961,-0.801698433,-0.008912838
-0.572470952,-0.795402029,0.019634419
-0.558670587,-0.796032385,0.049296409
-0.547208658,-0.804246831,0.079067822
-0.540888290,-0.820759581,0.106869824
-0.519936917,-0.825000911,0.132081104
-0.494940117,-0.829614127,0.153533278
-0.467093864,-0.835918769,0.170598511
-0.437326652,-0.844131485,0.182986096
-0.406587540,-0.854006472,0.191062696
-0.375506871,-0.865048319,0.195573672
-0.344378256,-0.876749545,0.197247675
-0.313273491,-0.888631731,0.196765865
-0.282104142,-0.900133265,0.194488022
-0.250816895,-0.910934927,0.190814453
-0.219370591,-0.920819987,0.186070454
-0.187733539,-0.929631618,0.180543222
-0.155886081,-0.937255432,0.174483553
-0.123815034,-0.943579536,0.168115680
-0.091524084,-0.948555901,0.161665078
-0.059019820,-0.952119474,0.155353176
-0.026318209,-0.954219720,0.149417614
0.006552080,-0.954832086,0.144110162
0.039551117,-0.953886470,0.139739557
0.072608135,-0.951337399,0.136648485
0.105603632,-0.947090184,0.135270202
0.138321785,-0.941000182,0.136148720
0.170388080,-0.932897083,0.139888857
0.201123803,-0.922487044,0.147243786
0.229527917,-0.909537267,0.158715198
0.254310226,-0.893868898,0.174388038
0.274297966,-0.875463618,0.193545049
0.290040025,-0.860312136,0.217894360
0.302143959,-0.849632185,0.246496260
0.307800511,-0.825875019,0.268814676
0.307397635,-0.795395264,0.279700844
0.304520507,-0.763952316,0.288936779
0.302732727,-0.738549745,0.309961400
0.299861051,-0.714352771,0.332567361
0.293772815,-0.684458675,0.341021653
0.286266696,-0.652031992,0.340797696
0.279843529,-0.622059503,0.351539765
0.273745896,-0.591976735,0.363764702
0.268212950,-0.560618808,0.357506170
0.265155889,-0.529878021,0.347181317
0.264825464,-0.497474683,0.351527407
0.269785002,-0.465447144,0.350840744
0.283093358,-0.435559785,0.345149006
0.303248479,-0.409365592,0.341608251
0.327291521,-0.386377781,0.340452725
0.352877927,-0.365069307,0.340970122
0.378746525,-0.344144582,0.342448282
0.404166784,-0.322714655,0.344374932
0.428594249,-0.300172265,0.346400955
0.451489556,-0.276068458,0.348276790
0.472196518,-0.250044851,0.349799470
0.489792592,-0.221811911,0.350757968
0.502891360,-0.191239869,0.350855680
0.509914792,-0.159023986,0.347489200
0.509619367,-0.127681861,0.336620799
0.497636380,-0.098197805,0.327662099
0.475028855,-0.075195453,0.323355327
0.450082282,-0.058995395,0.312822863
0.430049102,-0.047606254,0.289695938
0.400090672,-0.037806621,0.279168840
0.376593874,-0.029614293,0.257045009
0.355239972,-0.021095619,0.232965885
0.343891459,-0.010795918,0.203980027
0.322519755,0.005535461,0.185880625
0.311786573,0.031889122,0.169167468
0.305436719,0.063964574,0.163543714
0.299935912,0.096774765,0.164510680
0.292540413,0.129016558,0.168258309
0.281567707,0.160086150,0.172932540
0.266040368,0.189222184,0.177033532
0.245824326,0.215575325,0.177862550
0.220712192,0.236036647,0.171273094
0.195123478,0.245335159,0.152811193
0.173095761,0.239623423,0.130095054
0.160312042,0.236183969,0.099573158
0.150943356,0.233373215,0.067747154
0.142283526,0.233367232,0.035608227
0.134374088,0.243685515,0.006078597
0.111588990,0.247979626,-0.016349035
0.082403849,0.260821594,-0.024828188
0.050926556,0.271330844,-0.022940423
0.018709563,0.277449923,-0.017338078
-0.014005418,0.278054057,-0.011339155
-0.046131677,0.271080910,-0.007660326
-0.077350239,0.260480885,-0.010839444
-0.105435599,0.258017568,-0.027163504
-0.119029973,0.249219329,-0.054984740
-0.129608609,0.250433560,-0.086422607
-0.140416181,0.257313778,-0.116808543
-0.151687104,0.263795954,-0.145892208
-0.169180850,0.273520633,-0.170355585
-0.188681367,0.271332910,-0.195927071
-0.215959274,0.261440973,-0.211131578
-0.243217689,0.242881242,-0.214204802
-0.266519868,0.219444854,-0.210608551
-0.285331370,0.192598572,-0.204956755
-0.299580431,0.162980986,-0.199732348
-0.310027694,0.131623348,-0.196077094
-0.316801749,0.099038434,-0.196218571
-0.325239797,0.067277547,-0.201090203
-0.341107493,0.041085680,-0.212687166
-0.362347025,0.024018470,-0.230044312
-0.377201531,0.013440066,-0.256692761
-0.401167146,0.006109202,-0.278601876
-0.427132656,0.000000000,-0.298531070
