# meshed torus II chiral_e070_n4_de015 strand A (canonical 3601 points, closed: last = first)
x,y,z
0.423043426,0.000000000,0.298832572
0.442638246,0.020604332,0.303081808
0.461609758,0.042157189,0.304645971
0.474499471,0.065282074,0.317684976
0.482362374,0.085372968,0.336218810
0.497954844,0.110788046,0.341673120
0.513696864,0.132665137,0.330844849
0.526671405,0.160187601,0.335673529
0.533656278,0.181379379,0.353804761
0.544093351,0.207679867,0.362185137
0.555147363,0.236283495,0.364073799
0.563395372,0.259079619,0.345876254
0.571418294,0.288199531,0.342535527
0.578505443,0.317927554,0.343081175
0.585289092,0.341445185,0.361447897
0.591210978,0.371379657,0.360211473
0.595544840,0.401350738,0.355171387
0.594101537,0.423043688,0.334000151
0.593080813,0.449537251,0.320255643
0.592723600,0.479399417,0.312691611
0.594082974,0.509193836,0.312503695
0.598708336,0.537950181,0.321770184
0.596176367,0.567300532,0.313371709
0.591653981,0.595828332,0.302656320
0.581310425,0.615134447,0.282674276
0.567501799,0.629023757,0.259385221
0.557681535,0.654949453,0.246125144
0.546794044,0.680600021,0.232986459
0.538683418,0.708494951,0.224976983
0.537133429,0.739244203,0.225876960
0.526846700,0.765734953,0.215935392
0.511751141,0.788159804,0.201158378
0.495287809,0.809468821,0.186206616
0.474173834,0.820621905,0.167457655
0.450652457,0.823675096,0.147812112
0.427705725,0.834964169,0.131392321
0.405666539,0.851727552,0.117890197
0.382330282,0.867262919,0.105119489
0.357720827,0.881644977,0.093432694
0.332793444,0.897011373,0.083892543
0.307915994,0.913839242,0.077076448
0.282683990,0.931086638,0.073310826
0.256485669,0.947238873,0.073207485
0.229023679,0.960288537,0.077758847
0.201043470,0.968063811,0.087772478
0.174276717,0.969714151,0.102794692
0.149908836,0.967678817,0.121481498
0.127491341,0.962878046,0.142044159
0.106834542,0.950594047,0.158576678
0.090963653,0.924686967,0.160356407
0.068435606,0.913148224,0.175976199
0.042975954,0.905029085,0.191245773
0.014793835,0.898585967,0.201747955
-0.015318363,0.894847855,0.206778516
-0.046074826,0.893723790,0.206864904
-0.076639549,0.894387760,0.203174064
-0.106705330,0.895998701,0.196670960
-0.136219321,0.897895054,0.188045835
-0.165207066,0.899613329,0.177754417
-0.193696050,0.900828547,0.166088216
-0.221696838,0.901297862,0.153245474
-0.249213927,0.900858529,0.139396313
-0.276231939,0.899384677,0.124663774
-0.302711119,0.896752892,0.109136178
-0.328998218,0.894278215,0.093405130
-0.355725032,0.905647810,0.083674156
-0.382201291,0.915030046,0.072097482
-0.406356513,0.909304163,0.054038669
-0.429425143,0.901195552,0.035297732
-0.450834815,0.890348642,0.016288091
-0.459951187,0.865934272,0.000645767
-0.470162396,0.841999420,-0.014853100
-0.490397793,0.828376464,-0.033616845
-0.509847737,0.813718900,-0.052484533
-0.530134081,0.801988293,-0.071695031
-0.554029304,0.804694045,-0.090886113
-0.574488181,0.797241071,-0.111225508
-0.589201433,0.778063253,-0.130325921
-0.602718741,0.757736925,-0.149119947
-0.605516633,0.729973986,-0.158795814
-0.603596806,0.700040696,-0.163481222
-0.613851271,0.676279910,-0.179916851
-0.623601545,0.652260327,-0.196563200
-0.634644250,0.631531841,-0.215273746
-0.651138475,0.624330891,-0.240221528
-0.659177967,0.602360606,-0.258583939
-0.662904565,0.575361754,-0.272947045
-0.663081667,0.546891384,-0.282607595
-0.654229393,0.518341407,-0.275313689
-0.652788317,0.489257219,-0.282558863
-0.652555729,0.460495587,-0.293596449
-0.655144395,0.437254354,-0.311650883
-0.658942209,0.418641226,-0.334993519
-0.653990605,0.389379585,-0.343108602
-0.647483882,0.360004476,-0.348938173
-0.637393955,0.334885055,-0.335240265
-0.628883113,0.306406811,-0.333990153
-0.620303357,0.277102550,-0.338083830
-0.615000936,0.256269912,-0.358374601
-0.604718943,0.229777980,-0.365640473
-0.592151465,0.201650055,-0.365764066
-0.582652784,0.180506857,-0.348190781
-0.570175070,0.154444936,-0.341688353
-0.555786743,0.127443347,-0.340090040
-0.540702373,0.107149078,-0.356348360
-0.524218223,0.081699080,-0.350895018
-0.512329219,0.060397520,-0.336009145
-0.499944327,0.038960691,-0.321458974
-0.481001955,0.016691985,-0.319798255
-0.460384202,-0.002605780,-0.321981852
-0.442733383,-0.024061157,-0.309720234
-0.434461878,-0.041858699,-0.289038007
-0.413984974,-0.062170733,-0.279444239
-0.389860589,-0.076906250,-0.278933991
-0.373348424,-0.095414813,-0.262400337
-0.361722159,-0.113328171,-0.242959764
-0.336300352,-0.125948974,-0.237408962
-0.314212776,-0.141216337,-0.223528586
-0.305230465,-0.159187260,-0.202374459
-0.281233686,-0.171636298,-0.190179032
-0.256505453,-0.182025430,-0.178081210
-0.244690424,-0.200584698,-0.158057396
-0.221716094,-0.213769411,-0.142769775
-0.194341748,-0.219412524,-0.132514267
-0.170110364,-0.232453056,-0.118684354
-0.144047050,-0.246056050,-0.109773585
-0.118198685,-0.261100354,-0.114395618
-0.105772206,-0.283382954,-0.126770440
-0.087590465,-0.286262258,-0.147609678
-0.061375149,-0.297562323,-0.157343401
-0.031336179,-0.299733445,-0.152076199
-0.003281280,-0.296093044,-0.140005665
0.022649085,-0.289684562,-0.124718509
0.046013464,-0.291499016,-0.106383819
0.065755471,-0.274658493,-0.092589028
0.086890560,-0.263601716,-0.074332537
0.108853658,-0.260892515,-0.055351011
0.122785431,-0.240846568,-0.038900493
0.144736560,-0.237800641,-0.020124141
0.160740091,-0.222197133,-0.001046458
0.173821310,-0.204929825,0.018234039
0.196045901,-0.199962467,0.035462563
0.204360018,-0.180160611,0.055079686
0.226134349,-0.172331868,0.071696477
0.242840467,-0.156833724,0.091380051
0.250089834,-0.138173488,0.111664565
0.273263730,-0.128202579,0.125158701
0.281148073,-0.109652833,0.145385616
0.294541328,-0.091645346,0.164720882
0.317006522,-0.077745805,0.175356364
0.320498072,-0.058886441,0.196483990
0.335719660,-0.038681721,0.213681331
0.357473560,-0.021334248,0.220097354
0.363281407,-0.001341226,0.239500240
0.373033393,0.020485109,0.256865001
0.392950631,0.041595969,0.259104677
0.405489724,0.066928007,0.271054270
0.406238874,0.087265347,0.293235490
0.416734719,0.113742540,0.304947330
0.432304811,0.139096349,0.300104369
0.440295375,0.167602446,0.308456165
0.440641117,0.190457626,0.327808980
0.444661952,0.218436022,0.338552263
0.450110031,0.247922281,0.339171556
0.454774104,0.276627131,0.331319763
0.454004942,0.307177733,0.335176209
0.449940518,0.335423322,0.344656842
0.443209581,0.360522632,0.360374856
0.434608061,0.390010825,0.362410675
0.421536334,0.417838271,0.363609803
0.402749326,0.442139069,0.364088428
0.377327829,0.459211070,0.363699761
0.347373187,0.465260933,0.361933969
0.317037492,0.461867170,0.358316758
0.287570395,0.454627808,0.352995263
0.257864111,0.449313583,0.346963722
0.227621866,0.451852434,0.342679399
0.199350041,0.463801776,0.342259119
0.174929497,0.481902527,0.340932663
0.154824814,0.502980782,0.331072462
0.131737935,0.523136352,0.333162876
0.108694160,0.543329664,0.336416183
0.088306288,0.558480395,0.352794048
0.066475621,0.576900554,0.361946409
0.043404713,0.597202189,0.364154013
0.023168034,0.614988248,0.350951042
0.000415522,0.632591667,0.342864649
-0.024506720,0.650670938,0.341746083
-0.046558956,0.667425102,0.353634173
-0.069589191,0.684522346,0.361871136
-0.095198216,0.701292767,0.358388357
-0.119473170,0.714576574,0.347389367
-0.139612060,0.720743321,0.325231283
-0.166413555,0.733378354,0.317141005
-0.193617244,0.745608752,0.309827069
-0.216647973,0.762418712,0.320191634
-0.242569218,0.776188494,0.319033741
-0.269754974,0.786014000,0.308378136
-0.294585549,0.791137361,0.292743827
-0.309765468,0.784082744,0.266932142
-0.335301076,0.786735435,0.250883241
-0.362358411,0.790504241,0.236642188
-0.389646529,0.795725917,0.224870579
-0.414666311,0.812925028,0.229730548
-0.441351437,0.817299715,0.216796249
-0.466786048,0.816922479,0.199415390
-0.491507529,0.814905689,0.181254900
-0.499939845,0.797301069,0.158309068
-0.513093326,0.782608616,0.136859471
-0.536417494,0.776097906,0.117814497
-0.558892593,0.768094241,0.098322379
-0.584507668,0.769995438,0.084628886
-0.611619285,0.779132902,0.074846312
-0.632096485,0.769586123,0.054497305
-0.650765810,0.757248687,0.033323880
-0.667696524,0.743073653,0.012135892
-0.666104322,0.717269877,-0.003383262
-0.669251758,0.693414061,-0.019991850
-0.684236329,0.676043056,-0.040553540
-0.697911261,0.657468184,-0.060975265
-0.717236117,0.649695739,-0.080454182
-0.740598124,0.651398452,-0.099133940
-0.750215696,0.630415150,-0.119538498
-0.758431455,0.608462394,-0.139531298
-0.762496619,0.584258967,-0.156960626
-0.750456791,0.556341035,-0.159575166
-0.749475510,0.529850811,-0.172334163
-0.753468413,0.504834177,-0.189864360
-0.756021123,0.479198814,-0.206735056
-0.770088935,0.468471900,-0.231326768
-0.777316467,0.450796822,-0.252843490
-0.775000487,0.423969675,-0.267812517
-0.770590965,0.396608236,-0.280780319
-0.756456258,0.370246093,-0.276097898
-0.746149856,0.342665618,-0.278842620
-0.739875813,0.314757671,-0.290283898
-0.733017161,0.287378646,-0.301907728
-0.735901310,0.271724015,-0.327874683
-0.727566734,0.246121781,-0.340460023
-0.715553087,0.218671180,-0.347620344
-0.701495371,0.193895184,-0.343703986
-0.686919753,0.171600429,-0.331890300
-0.672992934,0.144497448,-0.336431952
-0.660488375,0.120317508,-0.347824778
-0.648768153,0.099621236,-0.365185351
-0.631310024,0.074245473,-0.365865466
-0.614106680,0.050531765,-0.360514916
-0.600378934,0.031074760,-0.342462098
-0.581579517,0.006726209,-0.340752845
-0.562485022,-0.014195704,-0.349146030
-0.542025670,-0.034581869,-0.354369501
-0.521256788,-0.056440715,-0.348321067
-0.508475406,-0.075172700,-0.327831933
-0.487951605,-0.096401165,-0.319909867
-0.464527565,-0.114964181,-0.320861876
-0.440239726,-0.132168951,-0.321583604
-0.418480973,-0.151655869,-0.312109439
-0.406547652,-0.171365299,-0.292192634
-0.384533606,-0.191487149,-0.284511106
-0.362686089,-0.212373155,-0.278704475
-0.339390642,-0.231979286,-0.282423928
-0.322746258,-0.256072995,-0.290713518
-0.318451720,-0.284446446,-0.301580533
-0.323703441,-0.311847983,-0.299011637
-0.320760244,-0.340821982,-0.306932488
-0.306772675,-0.367368634,-0.312415792
-0.281852430,-0.381751268,-0.322476242
-0.252885198,-0.390652545,-0.324617082
-0.223162859,-0.396122093,-0.318824725
-0.195134088,-0.399332057,-0.307917431
-0.171151403,-0.403728147,-0.290329740
-0.142005839,-0.400086908,-0.281054426
-0.115035967,-0.386826920,-0.283253998
-0.087810736,-0.378769285,-0.271437879
-0.066620073,-0.380298420,-0.249911873
-0.040792840,-0.369828943,-0.237019169
-0.018689502,-0.350968820,-0.232290512
0.003156788,-0.345002018,-0.213359009
0.024866084,-0.337831443,-0.194620153
0.042654991,-0.316315637,-0.186180230
0.062903130,-0.307005698,-0.166843374
0.082567212,-0.300177820,-0.147081912
0.096072357,-0.277999722,-0.135125588
0.115269320,-0.272462987,-0.114772712
0.132049427,-0.257227335,-0.096191502
0.143733287,-0.236871519,-0.079781028
0.163583297,-0.231503574,-0.059903454
0.171511004,-0.209611986,-0.043314757
0.189315863,-0.198146733,-0.023108343
0.206481197,-0.185337562,-0.003578889
0.212592480,-0.164140706,0.015292471
0.233416395,-0.154275384,0.033063648
0.237416373,-0.133084475,0.052489616
0.254871650,-0.118090407,0.070681816
0.271523799,-0.101163280,0.088309806
0.273168095,-0.080103869,0.108331991
0.293519097,-0.063641952,0.121795820
0.301048764,-0.041601650,0.140432333
0.304285241,-0.019558163,0.159605783
0.322704375,0.002186021,0.169195538
0.328468566,0.027552340,0.185006882
0.325719891,0.051363552,0.202996812
0.328618666,0.079552162,0.215013336
0.326603185,0.109058674,0.223325154
0.316013937,0.137607895,0.223772872
0.308285294,0.159408762,0.206809029
0.287042053,0.172560641,0.188943717
0.261763259,0.178450537,0.182103848
0.241503053,0.200447075,0.176860625
0.224449938,0.225023074,0.183873136
0.208999820,0.248895441,0.195705943
0.193960858,0.272042841,0.209390718
0.185621534,0.300524570,0.214542841
0.169595498,0.322914033,0.228240750
0.151327131,0.333372011,0.249045125
0.135667518,0.356404798,0.261077025
0.122846221,0.382686745,0.263780834
0.104603457,0.398867672,0.280098104
0.086518657,0.412809299,0.297933605
0.068668780,0.435522741,0.304118347
0.051349450,0.458740730,0.303642340
0.030615556,0.475868984,0.316463349
0.011790496,0.487491565,0.335256438
-0.010558928,0.507302601,0.342159208
-0.029416106,0.527745607,0.330297710
-0.053921607,0.545754945,0.335228090
-0.075490671,0.559043506,0.348612697
-0.097094778,0.572176207,0.361890482
-0.122845258,0.588800010,0.364090965
-0.142360274,0.601082561,0.344599745
-0.169323813,0.615226477,0.342637561
-0.196742327,0.628503834,0.342877009
-0.217301327,0.639860739,0.361994922
-0.245059533,0.652323445,0.360447445
-0.273374349,0.663685063,0.356168779
-0.292697959,0.666564653,0.334054845
-0.318093645,0.672016588,0.320525747
-0.347023414,0.679033828,0.312591567
-0.374862295,0.687665707,0.312180445
-0.400229933,0.699680879,0.322953067
-0.428780847,0.704353554,0.312363853
-0.457111185,0.707710746,0.300734641
-0.471140281,0.699165350,0.275681680
-0.491420541,0.693501009,0.255667075
-0.518739962,0.692044617,0.241502984
-0.545655925,0.689545916,0.226987753
-0.574319441,0.699152258,0.229203532
-0.602079931,0.702136830,0.222013709
-0.627035117,0.696676822,0.204793442
-0.651174106,0.689845408,0.186912060
-0.661880785,0.674277266,0.165096527
-0.665539238,0.654290088,0.142647489
-0.687211147,0.643039172,0.123878497
-0.707825271,0.630490571,0.104729342
-0.730370264,0.620574131,0.087400441
-0.759517380,0.623311726,0.077926593
-0.782122428,0.614875500,0.060975795
-0.798221777,0.598661631,0.040309998
-0.813011416,0.581335832,0.019568025
-0.811331846,0.557125022,0.002172667
-0.805647272,0.531579290,-0.013174450
-0.816178071,0.510552405,-0.032868795
-0.826336429,0.489126043,-0.052536799
-0.837546400,0.468712890,-0.072262605
-0.860878722,0.462232257,-0.091176470
-0.875298735,0.446528978,-0.111409015
-0.879619039,0.422737291,-0.130499181
-0.882507047,0.398340721,-0.149090103
-0.872286856,0.371723576,-0.158506691
-0.857909685,0.345206829,-0.163701821
-0.856359448,0.318765998,-0.179196117
-0.854901270,0.292347111,-0.194978111
-0.855239472,0.267331947,-0.212104199
-0.866727116,0.251412552,-0.235792225
-0.867466286,0.228301834,-0.254468684
-0.860383440,0.201341466,-0.267589865
-0.852045968,0.174252901,-0.279606013
-0.836205871,0.148426621,-0.279910590
-0.818611665,0.123578672,-0.275961185
-0.807869221,0.096002363,-0.284082552
-0.797343287,0.068340196,-0.292642405
-0.788152937,0.041147126,-0.303148806
-0.785109646,0.017435267,-0.322537227
-0.777860503,-0.008494086,-0.336433104
-0.766209911,-0.036669683,-0.340858082
-0.755866571,-0.065513708,-0.344010675
-0.748096925,-0.095264178,-0.345629392
-0.744872528,-0.125850904,-0.345176911
-0.748043332,-0.156250687,-0.341972534
-0.757383455,-0.184872172,-0.335688974
-0.770212001,-0.211407939,-0.326770524
-0.783769998,-0.236824039,-0.315847018
-0.795794149,-0.262496212,-0.303806412
-0.804278194,-0.289542431,-0.291821451
-0.807064123,-0.318423424,-0.281683722
-0.802921213,-0.348171337,-0.275258436
-0.792156905,-0.376899296,-0.273409857
-0.776516776,-0.403315331,-0.275388205
-0.757434678,-0.427006703,-0.280102557
-0.733093251,-0.445125872,-0.280942161
-0.705104268,-0.456647807,-0.275257870
-0.677841167,-0.470308222,-0.275975117
-0.652479242,-0.485761062,-0.284152770
-0.626021960,-0.499236468,-0.292360600
-0.600394000,-0.511679853,-0.303231270
-0.582928414,-0.524715268,-0.324937370
-0.557941838,-0.533942312,-0.338789561
-0.528362665,-0.539648395,-0.345238359
-0.498286120,-0.542481871,-0.345734384
-0.469918843,-0.541559877,-0.333796945
-0.439523921,-0.542825658,-0.334248594
-0.408947294,-0.543445128,-0.337959562
-0.384617769,-0.544214821,-0.355619503
-0.356954462,-0.542071069,-0.365560742
-0.326471332,-0.537620245,-0.365827350
-0.300896737,-0.533357765,-0.351271221
-0.273237179,-0.528119419,-0.342017114
-0.243403429,-0.520875248,-0.340377569
-0.219339079,-0.511173346,-0.356051704
-0.190756334,-0.500875395,-0.352450559
-0.164695465,-0.491969875,-0.341501162
-0.142601977,-0.486290806,-0.323385219
-0.115345995,-0.473775007,-0.316834869
-0.092576550,-0.456136616,-0.324653138
-0.067290592,-0.441859241,-0.314360266
-0.048072588,-0.438080791,-0.291749644
-0.023774696,-0.422932885,-0.280392459
-0.004848249,-0.401093839,-0.282073157
0.016984842,-0.385522452,-0.267373160
0.035336023,-0.380569195,-0.246055895
0.054069354,-0.360480733,-0.236346971
0.070830323,-0.339373959,-0.226349140
0.089030576,-0.334322023,-0.204715877
0.106089076,-0.314566979,-0.190033913
0.118675380,-0.291682262,-0.178745635
0.136958883,-0.285387652,-0.157618715
0.150315882,-0.264338999,-0.141986972
0.161022510,-0.242289953,-0.126737174
0.179484254,-0.234291376,-0.106477502
0.186136303,-0.210317168,-0.091811541
0.201025176,-0.194065687,-0.072061767
0.217649531,-0.179785422,-0.052910688
0.220892505,-0.155449093,-0.036671440
0.239602586,-0.141377670,-0.018486262
0.247383577,-0.118486274,-0.001012962
0.251508601,-0.094284562,0.015674182
0.269360812,-0.074438707,0.029401803
0.276708659,-0.046960820,0.041097542
0.270914508,-0.017996063,0.045130655
0.269386906,0.008203701,0.030178718
0.277049190,0.027006718,0.010682779
0.270325604,0.053663229,-0.001449462
0.256119736,0.080229228,0.003605528
0.246738366,0.106292227,0.017004051
0.246164733,0.132584876,0.031002039
0.230132112,0.150743426,0.048099678
0.216021706,0.169776726,0.066751601
0.212058759,0.194982662,0.081735193
0.193319158,0.206165115,0.101411320
0.184117166,0.228768619,0.117751634
0.173439705,0.251207264,0.133562438
0.154987586,0.259723890,0.154427133
0.146163360,0.284309768,0.165606752
0.130076694,0.303761814,0.182744826
0.111811010,0.311094419,0.204238503
0.099537056,0.335290213,0.212329074
0.081300518,0.354824929,0.226976536
0.063352524,0.360324886,0.248765705
0.044217351,0.379687147,0.261785358
0.027183759,0.402247309,0.264809694
0.006760364,0.414260728,0.281624223
-0.013108158,0.424101310,0.299717673
-0.033408840,0.443852550,0.300875018
-0.056518869,0.461376935,0.305312987
-0.078649073,0.471563885,0.320671494
-0.100403226,0.480766389,0.336766830
-0.126407768,0.495380498,0.342634756
-0.148673695,0.510427153,0.331142811
-0.176649467,0.522428877,0.335881466
-0.198552508,0.528983634,0.353125057
-0.224772826,0.538132926,0.362301104
-0.253787305,0.548077712,0.364357581
-0.275503331,0.555058934,0.344587602
-0.305140134,0.562007455,0.342564254
-0.335182153,0.567857208,0.342652823
-0.358888305,0.573632874,0.361116885
-0.389012367,0.578301800,0.360426936
-0.419205761,0.581334823,0.355672630
-0.440975803,0.578957169,0.334738451
-0.467339537,0.576647805,0.320998449
-0.497218755,0.574831285,0.313716798
-0.527267946,0.574317709,0.312947702
-0.556615474,0.577005507,0.321622817
-0.586086361,0.573369420,0.315185381
-0.614487223,0.567138649,0.305002457
-0.636794496,0.556644309,0.288111970
-0.649756677,0.541581882,0.264633234
-0.673197083,0.528863394,0.250068972
-0.698430803,0.516018571,0.237929038
-0.724002497,0.502897802,0.227303306
-0.753902636,0.495939967,0.226148691
-0.783183872,0.487333427,0.223576324
-0.805573595,0.470123158,0.211422950
-0.826157308,0.450927891,0.198898622
-0.845512700,0.430171920,0.186917462
-0.863535393,0.407790434,0.175820753
-0.880124658,0.383753608,0.166038781
-0.895089423,0.358010175,0.158187852
-0.908108822,0.330575857,0.153137395
-0.918636664,0.301688603,0.152047142
-0.925844691,0.272088853,0.156155370
-0.916047155,0.244329121,0.157536510
-0.900043819,0.218672377,0.159404684
-0.895717503,0.192701651,0.175154171
-0.888837606,0.168730638,0.193223178
-0.879578563,0.145534909,0.211259707
-0.893640773,0.136260671,0.236966851
-0.888776336,0.115963202,0.255173498
-0.878661306,0.089860963,0.267958455
-0.871685447,0.061130757,0.276419394
-0.869050680,0.030704114,0.280030668
-0.870274786,-0.000043196,0.279458474
-0.874130311,-0.030363493,0.275692243
-0.879433656,-0.060085892,0.269581537
-0.885364322,-0.089259789,0.261655981
-0.891372607,-0.117971691,0.252237092
-0.897081563,-0.146293130,0.241535821
-0.902228240,-0.174269190,0.229700486
-0.906608739,-0.201914893,0.216826055
-0.910078728,-0.229231127,0.203006221
-0.912522123,-0.256200657,0.188313617
-0.905463577,-0.278472702,0.169201018
-0.890463778,-0.295418993,0.148313504
-0.883088495,-0.318405054,0.129945325
-0.880241090,-0.344068470,0.113139280
-0.876996284,-0.369482526,0.096124365
-0.886186490,-0.396280061,0.084786827
-0.896023485,-0.422823788,0.073032854
-0.890318583,-0.446387962,0.054257067
-0.881575841,-0.468536565,0.034707707
-0.869261454,-0.488350382,0.015015355
-0.843744679,-0.495001568,-0.000709965
-0.820751743,-0.505367598,-0.017257890
-0.806666720,-0.524750702,-0.036623445
-0.791235283,-0.543087065,-0.055981769
-0.780940559,-0.563153286,-0.075557474
-0.785031678,-0.586910386,-0.094668513
-0.772974685,-0.604771038,-0.114972708
-0.753171418,-0.618251934,-0.134342454
-0.731571192,-0.629733535,-0.152735745
-0.702102970,-0.627499756,-0.158919467
-0.673484016,-0.627920796,-0.167170520
-0.649902895,-0.637660343,-0.184437689
-0.625397335,-0.646035014,-0.201124385
-0.610863279,-0.659135198,-0.222558717
-0.602194306,-0.674195340,-0.247069440
-0.575598162,-0.677922890,-0.262165065
-0.548391579,-0.680280818,-0.276424887
-0.520077917,-0.676695282,-0.281145112
-0.492378118,-0.666926635,-0.273644469
-0.463876062,-0.666557050,-0.285060035
-0.435097245,-0.665050506,-0.295950997
-0.415440661,-0.668559219,-0.317070666
-0.394580609,-0.669592737,-0.336733373
-0.365415242,-0.663387151,-0.344479693
-0.336431539,-0.655574774,-0.349143668
-0.313488085,-0.644683976,-0.332499168
-0.284606521,-0.635732061,-0.334684929
-0.255604988,-0.626105966,-0.338604346
-0.237192260,-0.621032569,-0.360908293
-0.210371029,-0.609411543,-0.365708765
-0.182653263,-0.595962665,-0.365709456
-0.163424890,-0.586750656,-0.346872059
-0.137486436,-0.573363840,-0.341590489
-0.111192691,-0.558163032,-0.341544960
-0.091140446,-0.542564464,-0.356099086
-0.066157385,-0.525395437,-0.350599830
-0.046225204,-0.514496852,-0.333439039
-0.024061324,-0.500010019,-0.321131180
-0.001859194,-0.480641722,-0.318113842
0.016457082,-0.459343851,-0.321574130
0.037533001,-0.440796573,-0.309745388
0.055101692,-0.432464251,-0.288710396
0.074327072,-0.410888480,-0.280794987
0.089512585,-0.386487811,-0.278376504
0.107675444,-0.369788440,-0.261782630
0.125426544,-0.357414619,-0.242684566
0.137977812,-0.331683969,-0.236589481
0.152595043,-0.308767433,-0.223436326
0.170882001,-0.298831371,-0.202363433
0.183587080,-0.274691988,-0.189940881
0.193162948,-0.248940383,-0.179088574
0.211603185,-0.235055233,-0.160256464
0.226431932,-0.212666952,-0.145633486
0.231645879,-0.183638057,-0.138779695
0.246604556,-0.157804336,-0.131658461
0.263662923,-0.133946694,-0.139092685
0.280838844,-0.117784239,-0.158828246
0.297453602,-0.098854226,-0.176129591
0.307229165,-0.070377833,-0.179258291
0.309822793,-0.041295042,-0.170400125
0.314642178,-0.016169565,-0.154701699
0.305363588,0.009600408,-0.141978657
0.290254653,0.031994256,-0.129666260
0.291348596,0.054569442,-0.110311028
0.277083347,0.075179223,-0.094164323
0.260469908,0.093094772,-0.077682841
0.258940362,0.114707412,-0.058435492
0.238712734,0.127650604,-0.042142989
0.232567342,0.148453898,-0.022680051
0.221246225,0.167678644,-0.002915695
0.201657757,0.177414660,0.015475975
0.196225524,0.199427873,0.032908169
0.176564378,0.207042070,0.052152193
0.166331202,0.227202303,0.070101695
0.152959140,0.246107588,0.088527184
0.133586501,0.251589520,0.108925153
0.123150896,0.274475694,0.122562107
0.104490007,0.284483597,0.142498810
0.085716624,0.294165830,0.162635835
0.071282710,0.317221150,0.173204181
0.051753868,0.322533193,0.193810862
0.031058427,0.334723329,0.212200402
0.012767001,0.356634870,0.218598812
-0.008289003,0.363196448,0.237508937
-0.030274110,0.371018608,0.255494727
-0.052230508,0.389445290,0.258784266
-0.077923865,0.401591270,0.269574057
-0.098541070,0.401599397,0.291184094
-0.125461051,0.410470291,0.303097663
-0.151534949,0.423882951,0.300165990
-0.180389197,0.430932084,0.306501534
-0.205930647,0.431618558,0.321380672
-0.231616915,0.431091868,0.336012040
-0.261757156,0.432018025,0.342260392
-0.290769491,0.434129159,0.333567602
-0.320693668,0.430149540,0.332430327
-0.349943841,0.420920370,0.335008734
-0.377060069,0.406496995,0.336487754
-0.399311216,0.385387605,0.336587471
-0.412129086,0.357687637,0.334631716
-0.414028812,0.327400693,0.330086710
-0.410224048,0.297579486,0.323394940
-0.407653419,0.267810333,0.316013148
-0.412905091,0.238026392,0.311067533
-0.426759457,0.210658856,0.311296846
-0.439391096,0.186119410,0.324632699
-0.457204319,0.163391864,0.334327925
-0.478415917,0.141773769,0.339990733
-0.500864114,0.122164508,0.338596678
-0.523080524,0.103355932,0.331560312
-0.543887620,0.080984489,0.335548960
-0.559605882,0.060844017,0.350846737
-0.577396918,0.039612411,0.361652515
-0.597639750,0.016511149,0.364063800
-0.615019002,-0.003570355,0.351000110
-0.632228999,-0.026324794,0.342858433
-0.649933226,-0.051511380,0.341673670
-0.665842656,-0.072769541,0.355984014
-0.682549715,-0.096549348,0.361672954
-0.698785680,-0.122478603,0.358033167
-0.709902496,-0.145692383,0.343560246
-0.716727738,-0.167171218,0.323317047
-0.729096934,-0.194444292,0.316085084
-0.741102483,-0.221867007,0.309896150
-0.757741511,-0.244811879,0.321612616
-0.769893739,-0.271615465,0.317237198
-0.778852635,-0.298973279,0.306263070
-0.781627689,-0.322505450,0.288780376
-0.774346158,-0.337808883,0.263260658
-0.777163243,-0.364155524,0.248005787
-0.779999608,-0.391176257,0.233481464
-0.785546147,-0.418465745,0.223047356
-0.801586154,-0.444222649,0.226828219
-0.804193943,-0.470663155,0.212706679
-0.802847406,-0.495884587,0.195066700
-0.798858755,-0.519188056,0.176319029
-0.778423415,-0.521796997,0.154020039
-0.766820945,-0.538892228,0.133521150
-0.759460584,-0.561833438,0.114321313
-0.750629260,-0.583876592,0.094693878
-0.758416343,-0.611413913,0.084939547
-0.761485053,-0.637148349,0.071698150
-0.749766446,-0.656337439,0.050638224
-0.736712718,-0.674436093,0.029398541
-0.719315703,-0.687376057,0.008708153
-0.692442886,-0.681641013,-0.005036258
-0.671616927,-0.690758795,-0.024021805
-0.653620533,-0.704997164,-0.044575674
-0.634462769,-0.717890113,-0.064967288
-0.629950279,-0.739664376,-0.084542681
-0.625234622,-0.760643372,-0.104884190
-0.603729431,-0.769306519,-0.125171917
-0.581315106,-0.776554650,-0.145026642
-0.556517189,-0.777430737,-0.160186955
-0.529760224,-0.762945804,-0.160405382
-0.504350486,-0.764428185,-0.175793207
-0.479086834,-0.767484582,-0.193156668
-0.455801231,-0.771909203,-0.211863446
-0.447837130,-0.787445407,-0.237156918
-0.424352799,-0.789090251,-0.255556853
-0.397504672,-0.785858263,-0.270317273
-0.370199253,-0.780540765,-0.283058787
-0.344320308,-0.765650081,-0.278020015
-0.317022980,-0.754610165,-0.280666723
-0.289237922,-0.747460791,-0.291891824
-0.264473980,-0.742562755,-0.307227764
-0.248234425,-0.744336849,-0.332669551
-0.221132441,-0.733057996,-0.341388049
-0.193977996,-0.720282154,-0.348355642
-0.170448836,-0.704998879,-0.339673454
-0.146354051,-0.689845015,-0.332618551
-0.119611729,-0.675171181,-0.336940460
-0.096799617,-0.662916318,-0.350656496
-0.075427603,-0.649738752,-0.365321771
-0.050471907,-0.631680171,-0.365863446
-0.027377063,-0.614225650,-0.358940781
-0.007233439,-0.599342586,-0.342353125
0.016725434,-0.580052635,-0.340596608
0.037105707,-0.560611550,-0.349365906
0.057208799,-0.539828813,-0.354296911
0.078861537,-0.518553939,-0.349036629
0.097728299,-0.505249420,-0.329366570
0.118842189,-0.485211214,-0.320741786
0.138824602,-0.462523386,-0.318519023
0.155266844,-0.437700026,-0.324127415
0.175834946,-0.415881302,-0.317040503
0.197550284,-0.395208926,-0.310075852
0.222431782,-0.379904579,-0.300478178
0.250797859,-0.369298223,-0.295994472
0.280317491,-0.364720835,-0.302792455
0.308882745,-0.365740918,-0.312996178
0.325036957,-0.361412721,-0.334571467
0.354482154,-0.356512772,-0.341465978
0.380044443,-0.340064484,-0.343306311
0.398951342,-0.324166875,-0.325946582
0.410972509,-0.296000290,-0.323284160
0.417734831,-0.266261300,-0.319126904
0.417679934,-0.236412302,-0.321219884
0.413619881,-0.206865654,-0.323094687
0.410593348,-0.177424347,-0.314560852
0.413887677,-0.155743225,-0.293615212
0.408111363,-0.127434668,-0.283132469
0.393828063,-0.101650707,-0.284090044
0.383361374,-0.075249772,-0.273109208
0.382882356,-0.054387590,-0.252223978
0.372668352,-0.029497809,-0.237636430
0.352520872,-0.008662223,-0.233696268
0.342919792,0.013386782,-0.215847239
0.337979271,0.033706339,-0.195935217
0.315872471,0.050788282,-0.187444666
0.304997267,0.070847310,-0.168027658
0.298246464,0.090408704,-0.147758967
0.275685404,0.103250128,-0.135762245
0.269899323,0.122252610,-0.115336083
0.255086342,0.139755756,-0.095801458
0.233298333,0.149687603,-0.080321168
0.227403787,0.169388690,-0.060414869
0.205668910,0.176411404,-0.044344287
0.193376248,0.193755032,-0.024071504
0.180871276,0.211413595,-0.004591940
0.159337879,0.216137612,0.013704381
0.149205090,0.236469380,0.031075859
0.128327616,0.241660384,0.050371441
0.110427459,0.255027762,0.069652697
0.094676521,0.273168952,0.085845902
0.073339520,0.274173128,0.105524304
0.055189405,0.292566039,0.119830385
0.032584999,0.303879618,0.136526519
0.010146011,0.302956898,0.155868085
-0.013389069,0.317409682,0.166694429
-0.039993789,0.325711423,0.178279240
-0.068671391,0.327975811,0.189201698
-0.098532115,0.324662568,0.195404073
-0.125903040,0.312174828,0.191482371
-0.136946255,0.287223034,0.184514240
-0.152273412,0.276509340,0.163588182
-0.172712348,0.260746628,0.150067600
-0.197855775,0.243420938,0.151963718
-0.222660506,0.228042498,0.161743220
-0.246463557,0.213252230,0.174537233
-0.262442302,0.195628243,0.191718505
-0.281235932,0.179444323,0.208672628
-0.309195701,0.170848790,0.214659486
-0.330424772,0.154504237,0.229477581
-0.340960195,0.136541331,0.250301752
-0.364204865,0.121290131,0.260944467
-0.389106582,0.107251386,0.265181838
-0.401855307,0.089176395,0.283744185
-0.418297835,0.070377768,0.299628486
-0.441227806,0.053762463,0.301118111
-0.462745556,0.034417081,0.304901066
-0.478123135,0.013736596,0.319159230
-0.490510536,-0.005858697,0.336512615
-0.509937275,-0.028497061,0.341844288
-0.528961616,-0.047548062,0.330993111
-0.546279367,-0.072571827,0.335796342
-0.556781230,-0.092331630,0.353868398
-0.571531462,-0.116436058,0.362311165
-0.587383653,-0.142668598,0.364282196
-0.598905260,-0.162501318,0.344641683
-0.612196822,-0.189876785,0.342485485
-0.624615415,-0.217726364,0.342377136
-0.635471456,-0.238676636,0.361371047
-0.647047258,-0.266765899,0.359903275
-0.656907040,-0.294819831,0.353682411
-0.657798037,-0.312456348,0.329010883
-0.664124143,-0.340522686,0.319432741
-0.670120280,-0.369637971,0.311340832
-0.679624931,-0.396441573,0.316684549
-0.689057848,-0.423250010,0.321551900
-0.692699406,-0.451906292,0.310843476
-0.695009693,-0.480295479,0.299103639
-0.686378256,-0.494767333,0.274746519
-0.679296419,-0.513831749,0.254069578
-0.676803711,-0.541053439,0.239861885
-0.672896645,-0.567663307,0.224838065
-0.681210320,-0.596718446,0.226489408
-0.683926130,-0.624705268,0.220239488
-0.677473320,-0.649443573,0.203048777
-0.669449950,-0.673043118,0.185066099
-0.651396009,-0.680439391,0.162176508
-0.632469662,-0.687858786,0.139988721
-0.620260745,-0.709121604,0.121335628
-0.606763233,-0.729253880,0.102320042
-0.596783730,-0.752041765,0.085694356
-0.598491163,-0.781293393,0.076312636
-0.588084967,-0.802860037,0.058959850
-0.571061398,-0.818413842,0.038529811
-0.552824448,-0.832374191,0.018064430
-0.528439248,-0.831107770,0.000399978
-0.502632482,-0.825003433,-0.015017756
-0.480526710,-0.834053234,-0.034268477
-0.458456050,-0.843547087,-0.053552213
-0.438771684,-0.855821617,-0.072934232
-0.429523709,-0.878058224,-0.092088450
-0.412254498,-0.891678176,-0.112164352
-0.387970356,-0.895382320,-0.130757125
-0.363122832,-0.897694626,-0.148823747
-0.336399488,-0.888933533,-0.159570299
-0.309968223,-0.874025487,-0.164602033
-0.282965600,-0.869717695,-0.177844949
-0.256183585,-0.867859543,-0.192959053
-0.230406886,-0.867719614,-0.209297096
-0.210954742,-0.876740964,-0.231352538
-0.188310639,-0.880147687,-0.251153399
-0.160942692,-0.873250337,-0.263488087
-0.133377029,-0.865435444,-0.274814527
-0.105838254,-0.854550986,-0.281802859
-0.081112081,-0.836994119,-0.276611841
-0.054287099,-0.822943642,-0.276183488
-0.025510875,-0.814459900,-0.283195272
0.003706970,-0.806437590,-0.288766935
0.033503449,-0.799637021,-0.292597368
0.063938712,-0.795243785,-0.294131367
0.094656801,-0.794862200,-0.292511077
0.124498196,-0.799676894,-0.286906426
0.152200614,-0.808994785,-0.277306538
0.177758008,-0.820556655,-0.264596293
0.202257692,-0.832054868,-0.249877274
0.227129664,-0.841587380,-0.234416334
0.253545598,-0.847523203,-0.219790974
0.281949999,-0.848360948,-0.208077117
0.311473975,-0.843524592,-0.201075925
0.340532629,-0.833638925,-0.199247617
0.367980371,-0.819944386,-0.201709898
0.393893689,-0.804807117,-0.208216335
0.419640364,-0.796580158,-0.222805566
0.443768048,-0.787889505,-0.239786409
0.464488827,-0.769490287,-0.252594255
0.481992531,-0.746372926,-0.262994610
0.497715496,-0.722102415,-0.273611535
0.510642549,-0.695813833,-0.282162822
0.515077183,-0.665773653,-0.277802848
0.521448181,-0.636177723,-0.277760033
0.531829229,-0.608852678,-0.287488817
0.540663541,-0.580913830,-0.296942626
0.551519908,-0.561350771,-0.317461802
0.559971745,-0.539679883,-0.336519824
0.563344264,-0.509886315,-0.343596862
0.564793984,-0.479639448,-0.348025552
0.561736483,-0.451615683,-0.335864807
0.560418043,-0.421693880,-0.333564156
0.559266258,-0.391166133,-0.337543198
0.558632790,-0.366889361,-0.354059224
0.555341057,-0.340368352,-0.365459126
0.549405377,-0.310140405,-0.365849401
0.543642329,-0.284072790,-0.354372775
0.537650820,-0.258315024,-0.342155165
0.529227949,-0.228750522,-0.340126613
0.518701129,-0.204821723,-0.355158833
0.507207159,-0.176847227,-0.352781288
0.496930045,-0.150849976,-0.342784573
0.491255292,-0.130168264,-0.323892223
0.478104867,-0.103281485,-0.316590542
0.459969419,-0.081824221,-0.325558698
0.444937862,-0.056958352,-0.315316045
0.440558928,-0.038416179,-0.293497706
0.425194577,-0.014668700,-0.281684963
0.402886625,0.003819040,-0.283444146
0.385876697,0.025381771,-0.269520722
0.381818372,0.042813677,-0.247988765
0.362294663,0.062090205,-0.236404524
0.339760167,0.077497385,-0.228616055
0.333112549,0.095486959,-0.207586298
0.315891075,0.113743010,-0.190191023
0.290876982,0.124465558,-0.181375960
0.282734795,0.142249786,-0.160753735
0.264019660,0.157544785,-0.142968742
0.239970362,0.166264355,-0.129476029
0.231461037,0.184623969,-0.109302993
0.208641445,0.193309278,-0.093478637
0.187507692,0.203667084,-0.075413111
0.175199466,0.222069851,-0.056378226
0.150249770,0.224956289,-0.040549166
0.132764356,0.240992552,-0.022438781
0.111923385,0.254726994,-0.005706538
0.085516677,0.254377129,0.008688032
0.058493753,0.262686463,0.020768281
0.031456173,0.276560446,0.021899529
0.005720694,0.278189190,0.005943635
-0.012628238,0.268198176,-0.012988181
-0.040659342,0.269104905,-0.023464806
-0.070161396,0.269639719,-0.017025202
-0.096489262,0.260586209,-0.003995630
-0.114886861,0.242602631,0.011005491
-0.139864493,0.240725101,0.026731456
-0.160490371,0.228187156,0.044775236
-0.174769584,0.210795287,0.063530595
-0.199576455,0.206762757,0.078806528
-0.210824743,0.188421643,0.098599511
-0.231023394,0.176309133,0.116972455
-0.254366826,0.167227457,0.131531544
-0.262008347,0.148971495,0.152140984
-0.284559323,0.137688535,0.165932849
-0.305694037,0.123351453,0.180695992
-0.311827139,0.105243629,0.202038087
-0.333749104,0.091318377,0.212739336
-0.354276596,0.074477827,0.224690181
-0.358812376,0.057008881,0.245999340
-0.376648814,0.037008722,0.260942803
-0.399887264,0.020133852,0.262503022
-0.413980920,-0.001566606,0.277580953
-0.420721106,-0.020597396,0.297539495
-0.438979066,-0.042889847,0.303405301
-0.457364804,-0.065394546,0.303858124
-0.469086397,-0.089505751,0.316857146
-0.475904841,-0.110568104,0.335668008
-0.489577434,-0.137119690,0.342625285
-0.504579041,-0.160477781,0.330656975
-0.515707025,-0.188797128,0.335394153
-0.522211748,-0.212348141,0.351203442
-0.530007715,-0.238451537,0.362011397
-0.538904336,-0.267808761,0.363747858
-0.545672581,-0.292352955,0.347148206
-0.551280110,-0.321695713,0.342631579
-0.555754760,-0.352087925,0.342102368
-0.560355486,-0.377556201,0.358304579
-0.563727512,-0.407238838,0.360689383
-0.565341686,-0.437758395,0.356809789
-0.562485336,-0.461222192,0.338729855
-0.557970358,-0.485372828,0.322012382
-0.554418614,-0.515189093,0.315121716
-0.549960980,-0.544927156,0.309246944
-0.550586639,-0.574263422,0.318343674
-0.547043286,-0.603905000,0.318130665
-0.538653530,-0.632025384,0.308751648
-0.528378152,-0.659016606,0.298213725
-0.512772698,-0.674999479,0.277549893
-0.495314427,-0.689683857,0.257310481
-0.479599036,-0.713784905,0.246385049
-0.462366917,-0.737143094,0.236070031
-0.443334882,-0.759239320,0.226149658
-0.422431715,-0.779914762,0.216966637
-0.399571228,-0.798946931,0.208985938
-0.374672590,-0.815994265,0.202854899
-0.347708587,-0.830456266,0.199523071
-0.318983856,-0.841423764,0.200151699
-0.289428448,-0.847678287,0.205782679
-0.268095924,-0.858147576,0.222591791
-0.251814184,-0.869144200,0.245239004
-0.226514894,-0.861454488,0.260797704
-0.202343717,-0.850256856,0.276266557
-0.179182566,-0.834663212,0.284716872
-0.160614144,-0.812993943,0.274173438
-0.133823620,-0.802316124,0.284182486
-0.104584840,-0.795840046,0.291149466
-0.073986999,-0.794601715,0.293992875
-0.043386472,-0.797870403,0.293381808
-0.013376583,-0.804034336,0.290229658
0.016016306,-0.811756120,0.285186439
0.044921739,-0.820155256,0.278620211
0.073473595,-0.828655053,0.270759579
0.101759801,-0.836866730,0.261719855
0.129836920,-0.844520707,0.251603610
0.157727198,-0.851418564,0.240477472
0.185516813,-0.858119963,0.229090164
0.211778025,-0.873785709,0.227707676
0.238006850,-0.889415514,0.225417174
0.264940547,-0.894270185,0.211455234
0.291395194,-0.896978586,0.195899286
0.316644743,-0.896585663,0.178653839
0.330849414,-0.880582981,0.156705177
0.349187512,-0.868458646,0.136340411
0.374416807,-0.865507794,0.118907443
0.399069584,-0.861138466,0.100954748
0.424998607,-0.863187321,0.085976227
0.451371137,-0.875498476,0.076037278
0.475726316,-0.874183472,0.058738055
0.497347527,-0.865172452,0.038726530
0.517888570,-0.854467953,0.018519478
0.524621688,-0.830238095,0.002022607
0.530704690,-0.805069566,-0.013581440
0.549357758,-0.790545931,-0.033293574
0.567068620,-0.774833095,-0.053005455
0.585910844,-0.762170081,-0.072916695
0.609701463,-0.765536682,-0.092138742
0.628007821,-0.755189484,-0.112747785
0.640752682,-0.735168389,-0.132391680
0.652234259,-0.714041906,-0.151653171
0.650520221,-0.685141028,-0.159610484
0.647717237,-0.655718758,-0.165967727
0.656518384,-0.631870730,-0.183333789
0.664044376,-0.607209953,-0.200194910
0.677112195,-0.592372365,-0.222369483
0.691064704,-0.581220122,-0.246674161
0.694397655,-0.555163126,-0.262442728
0.695803636,-0.527926704,-0.276771871
0.692671003,-0.499601217,-0.284315222
0.681417348,-0.472694943,-0.275452003
0.679296052,-0.444030910,-0.285436444
0.676814087,-0.415317562,-0.296322240
0.681222942,-0.397980228,-0.320025343
0.679991915,-0.374883228,-0.337027348
0.672875479,-0.345923101,-0.344758763
0.663821611,-0.317347879,-0.347578836
0.652274877,-0.294669704,-0.330961921
0.642772430,-0.265861928,-0.334897345
0.632309457,-0.237183030,-0.338873619
0.626202182,-0.217884254,-0.361467696
0.613440008,-0.190888493,-0.365767988
0.599148092,-0.163596247,-0.365631655
0.589184376,-0.144050391,-0.345327491
0.574541122,-0.117774635,-0.341288144
0.558866988,-0.093652738,-0.345984769
0.542298720,-0.072561964,-0.355371121
0.524413713,-0.048122260,-0.349713692
0.515548665,-0.030054562,-0.328629637
0.497920150,-0.006731431,-0.320136024
0.477327845,0.013029577,-0.322330231
0.456176268,0.032447329,-0.320310743
0.439600469,0.052474750,-0.305967755
0.427754598,0.071006477,-0.287185725
0.404964695,0.088762030,-0.281407162
0.380901585,0.104070301,-0.276783243
0.366372858,0.121810847,-0.258833651
0.350864844,0.139483713,-0.241469755
0.323713250,0.150262401,-0.237457958
0.301462946,0.165591002,-0.222828231
0.290883215,0.184025250,-0.202319884
0.266626017,0.197195289,-0.189970412
0.239762267,0.206070820,-0.180960689
0.221391228,0.223728147,-0.165034725
0.200716155,0.241615371,-0.152813309
0.175450110,0.258638474,-0.149599713
0.154821623,0.277985235,-0.160751212
0.140359605,0.297549329,-0.179642585
0.120424010,0.315866447,-0.193600357
0.091779706,0.326081384,-0.194631230
0.062202299,0.324202093,-0.189735659
0.034585567,0.314993470,-0.182248798
0.009534486,0.313908771,-0.165889796
-0.014453132,0.311661536,-0.148487846
-0.035082915,0.293180389,-0.137778621
-0.057342441,0.287451341,-0.118870825
-0.079074697,0.282144772,-0.099743612
-0.094608272,0.261753902,-0.085213723
-0.115988459,0.259801629,-0.065552638
-0.132630117,0.243471194,-0.047191592
-0.146870467,0.225932357,-0.028555237
-0.168471543,0.221553572,-0.009658847
-0.177437515,0.201332220,0.008478484
-0.199102102,0.195473749,0.026262183
-0.212220671,0.178303862,0.046222442
-0.222672408,0.160257551,0.066426403
-0.245007075,0.151691712,0.082096982
-0.250095236,0.132162166,0.102335200
-0.270689845,0.119796091,0.117905423
-0.288215319,0.103014177,0.135456287
-0.291579613,0.083690413,0.156344557
-0.313963705,0.069411605,0.166927868
-0.326909107,0.048611726,0.185042783
-0.330175461,0.029275766,0.205560339
-0.350591036,0.010498568,0.213517288
-0.364305891,-0.012730529,0.227746935
-0.365029203,-0.033056356,0.249488011
-0.378261314,-0.057530600,0.261164055
-0.394305576,-0.081807204,0.264429064
-0.399409432,-0.106744319,0.280040865
-0.401089443,-0.130253733,0.297885281
-0.409398923,-0.158503896,0.304463638
-0.418784977,-0.186858555,0.302034537
-0.420669383,-0.216650866,0.309596285
-0.415174387,-0.240219257,0.328058944
-0.411008931,-0.269011009,0.336801949
-0.403763164,-0.298587408,0.341243829
-0.391190438,-0.326353635,0.342373057
-0.379327330,-0.348616165,0.326249085
-0.352630905,-0.363137177,0.323178698
-0.322922176,-0.366611043,0.316346830
-0.296374732,-0.359607055,0.324946314
-0.267410202,-0.358597906,0.314583670
-0.239209828,-0.366641276,0.306056927
-0.216099376,-0.385736189,0.299430492
-0.194722939,-0.407795033,0.298644070
-0.173194382,-0.429103056,0.304236599
-0.152162599,-0.450238513,0.311560295
-0.132635802,-0.462503460,0.331705291
-0.112117277,-0.484179467,0.339192204
-0.092669081,-0.506788664,0.339595085
-0.074299232,-0.529008499,0.331825497
-0.051853939,-0.549694438,0.336017284
-0.032037086,-0.564582762,0.353180648
-0.010141417,-0.582838123,0.362263671
0.013296026,-0.602638769,0.363777208
0.032831141,-0.618659471,0.346830284
0.057254727,-0.636006782,0.342613875
0.082709106,-0.653011147,0.342712912
0.102207518,-0.667604266,0.361229163
0.127909953,-0.683994154,0.360620133
0.154289412,-0.699376898,0.356539262
0.173762726,-0.705880784,0.336024420
0.197329833,-0.714392525,0.321421607
0.224906066,-0.725821260,0.313799497
0.251131746,-0.738593073,0.313338136
0.274039702,-0.754438698,0.324738715
0.301571937,-0.763704073,0.314478757
0.329088408,-0.771708957,0.303169343
0.348579676,-0.769878625,0.282152844
0.365252401,-0.763758557,0.258633612
0.392541690,-0.767047838,0.244720089
0.419489700,-0.768860303,0.229900276
0.446530091,-0.779466819,0.227223632
0.473432370,-0.791286677,0.225656759
0.499011071,-0.790407087,0.208509016
0.523998815,-0.788080034,0.190640600
0.543051178,-0.779393186,0.170018162
0.546842589,-0.759067511,0.147355353
0.567225625,-0.749318486,0.127294374
0.589629647,-0.740883210,0.107903833
0.611773962,-0.732256161,0.088728743
0.639555302,-0.740184835,0.079383666
0.664267420,-0.739818975,0.064412824
0.682727958,-0.727129029,0.043264130
0.700045900,-0.713141313,0.021968566
0.709998408,-0.693918160,0.001997172
0.702997157,-0.667015578,-0.011232314
0.713445472,-0.646672826,-0.030875383
0.726748830,-0.627908566,-0.051370495
0.741654379,-0.611552249,-0.071891116
0.766049190,-0.612401749,-0.090543060
0.780149782,-0.597376409,-0.111433664
0.787790662,-0.575332016,-0.131551673
0.793996626,-0.552437967,-0.151209550
0.787611945,-0.525862364,-0.160715281
0.775900290,-0.498264091,-0.164832929
0.779231643,-0.473272322,-0.182537053
0.781065291,-0.447665801,-0.199567508
0.787451918,-0.427468623,-0.219803320
0.801057467,-0.417070884,-0.244828246
0.799502364,-0.391618923,-0.261239997
0.795111063,-0.364715727,-0.275594831
0.786569579,-0.337530092,-0.284150466
0.769642447,-0.313896191,-0.274742793
0.761392877,-0.286259240,-0.284167248
0.753184315,-0.258607819,-0.294990532
0.750339990,-0.236821927,-0.313759302
0.748576902,-0.217873880,-0.335678701
0.736018348,-0.190821160,-0.343396811
0.722227759,-0.164052245,-0.349361983
0.706099703,-0.142481344,-0.335554598
0.690730698,-0.117189201,-0.333743938
0.675279322,-0.090836708,-0.337739855
0.663284653,-0.069256616,-0.354800706
0.647887123,-0.046558339,-0.365537700
0.629231232,-0.022041539,-0.365837662
0.612535503,-0.000521079,-0.353669072
0.595660947,0.021187325,-0.342123927
0.575953827,0.044797924,-0.340274550
0.556097510,0.064347654,-0.351565757
0.534837441,0.085088240,-0.353963169
0.513649945,0.106775231,-0.348625288
0.499383305,0.126708626,-0.330316519
0.479988249,0.148442608,-0.321815184
0.459223543,0.170672585,-0.316917778
0.439347817,0.193829874,-0.312718743
0.421817706,0.219018696,-0.310455026
0.408757428,0.245030862,-0.316281370
0.401822998,0.267939968,-0.333176390
0.405659695,0.297322145,-0.341538990
0.413072959,0.321085815,-0.330663058
0.413428285,0.350708753,-0.333807645
0.403287141,0.379453846,-0.336345921
0.382796936,0.402235199,-0.336650294
0.356491752,0.418085398,-0.335454009
0.327590705,0.428398196,-0.333121184
0.297597325,0.434486787,-0.329747880
0.267239924,0.437218933,-0.325334566
0.236928666,0.437183846,-0.319861433
0.207485326,0.432185210,-0.320733138
0.178889095,0.424031790,-0.321892010
0.151030120,0.418686319,-0.310735313
0.129024939,0.419020856,-0.290283378
0.101404506,0.409872517,-0.280411412
0.077032906,0.392871014,-0.281435649
0.052209912,0.383172098,-0.266726141
0.031456096,0.380870491,-0.246018630
0.009017261,0.364237355,-0.237363995
-0.012066759,0.346905664,-0.226892763
-0.031144436,0.345195333,-0.205552302
-0.052296987,0.329860059,-0.189731162
-0.067929516,0.308246895,-0.180065549
-0.087030948,0.305065556,-0.158939881
-0.104911547,0.287815738,-0.141792086
-0.117697382,0.266510979,-0.127884905
-0.136954621,0.261729760,-0.107261977
-0.147423237,0.239515145,-0.091969261
-0.163846120,0.225833065,-0.071793211
-0.182011522,0.215597793,-0.051954598
-0.188391808,0.193347501,-0.035102640
-0.208264055,0.185022925,-0.016244561
-0.215324880,0.164310794,0.002162451
-0.228395238,0.147233808,0.021829500
-0.246667231,0.133558332,0.039729197
-0.249081447,0.111844306,0.058914807
-0.269073473,0.097218073,0.074753002
-0.276600911,0.075691698,0.093748593
-0.281041026,0.053658194,0.112894119
-0.299856592,0.034166329,0.125043313
-0.302352363,0.010386663,0.142658544
-0.304341968,-0.014600671,0.159149663
-0.308213344,-0.042380944,0.171807876
-0.306963430,-0.072054495,0.179469333
-0.296619251,-0.100189652,0.175461277
-0.292328606,-0.119693299,0.156323468
-0.270679787,-0.130642563,0.142269421
-0.251434836,-0.150159030,0.131883243
-0.235863026,-0.176191845,0.135816286
-0.221822759,-0.200963518,0.147511531
-0.208151932,-0.224438007,0.162040446
-0.202099604,-0.252625524,0.170416881
-0.185756309,-0.270691067,0.187655119
-0.168753887,-0.286005102,0.206454122
-0.159313882,-0.312690705,0.213892259
-0.143634583,-0.334979348,0.227593816
-0.125460844,-0.344199577,0.249304524
-0.109583225,-0.366823279,0.260745692
-0.095258050,-0.391642234,0.264724041
-0.076846325,-0.404820966,0.282834814
-0.057904289,-0.419946566,0.299448593
-0.040249830,-0.442184425,0.302488550
-0.020934266,-0.463530685,0.304891702
-0.000101233,-0.478380087,0.318870482
0.019248901,-0.489756974,0.336336903
0.042581317,-0.508304116,0.343348546
0.061781187,-0.527156671,0.330901514
0.087213049,-0.543858484,0.335742149
0.106742656,-0.553719520,0.352724370
0.130497640,-0.567282835,0.362144336
0.157123675,-0.582508028,0.364154721
0.178552519,-0.594212952,0.346224430
0.205951049,-0.606635148,0.342499270
0.233976553,-0.618323959,0.343207705
0.255173486,-0.628585850,0.362244020
0.283706252,-0.639366239,0.359979874
0.312158594,-0.648482779,0.353719717
0.331525293,-0.649621556,0.330092564
0.359218089,-0.654629673,0.319277147
0.388504043,-0.659723097,0.311185088
0.416348053,-0.667300628,0.312947923
0.442804613,-0.677026961,0.321372910
0.471576140,-0.679756799,0.310702229
0.499659657,-0.680757842,0.298412125
0.514761205,-0.671711175,0.273929220
0.534606252,-0.664108193,0.253346044
0.561738597,-0.660610954,0.239178900
0.588997023,-0.656972933,0.225784698
0.618673193,-0.664103720,0.227081410
0.646923396,-0.664387394,0.218862362
0.671435935,-0.656912178,0.201762583
0.694827819,-0.647936826,0.183932096
0.701613107,-0.629444688,0.161217193
0.708279618,-0.610043354,0.139214055
0.729165202,-0.596908157,0.120765088
0.748895858,-0.582517226,0.101985061
0.771708105,-0.572002312,0.085889795
0.801099540,-0.572703838,0.076825897
0.822009724,-0.560848445,0.059483763
0.837141258,-0.543056002,0.039394866
0.850217638,-0.523869504,0.019313382
0.847108924,-0.499122531,0.002293159
0.841399985,-0.473478287,-0.013180842
0.850579559,-0.451073204,-0.032066105
0.859665285,-0.428413560,-0.050857345
0.869306963,-0.406156639,-0.069613953
0.891304137,-0.395425055,-0.088220063
0.907567008,-0.379648669,-0.107721895
0.911038074,-0.354873372,-0.125702198
0.913186967,-0.329550712,-0.143117667
0.909655177,-0.303070927,-0.157157450
0.893863794,-0.277060448,-0.161482889
0.884431905,-0.249888930,-0.170261690
0.882815108,-0.222620537,-0.184509795
0.880131342,-0.194995811,-0.197884600
0.881306366,-0.168975110,-0.213552697
0.890203379,-0.147725948,-0.233990800
0.892319064,-0.122549572,-0.250600970
0.886336456,-0.093904896,-0.260239093
0.880361049,-0.064810763,-0.268421868
0.874911906,-0.035180813,-0.274848895
0.870749259,-0.004955632,-0.279045715
0.869017342,0.025754726,-0.280193486
0.870968214,0.056313525,-0.277315672
0.877270264,0.085418966,-0.269649988
0.887022713,0.111939860,-0.257467134
0.898248327,0.136097470,-0.242017766
0.909237982,0.158909251,-0.224471798
0.918688922,0.181663645,-0.205984321
0.925534839,0.205566410,-0.187825386
0.928786089,0.231547961,-0.171675992
0.927657362,0.259790481,-0.159602442
0.922118633,0.289306946,-0.153071845
0.912865255,0.318622219,-0.152122666
0.900627545,0.346639280,-0.155577385
0.880285330,0.369265055,-0.158451908
0.854870957,0.386597162,-0.159969962
0.830496890,0.404759848,-0.164423861
0.811207344,0.426365144,-0.174786345
0.791627225,0.447007822,-0.186597358
0.770802798,0.466103457,-0.198875707
0.754690854,0.485842208,-0.215152167
0.747285622,0.506345525,-0.236887680
0.729143660,0.523040362,-0.254122888
0.704001303,0.535700664,-0.266639700
0.677953977,0.546849089,-0.278709573
0.647911336,0.549951317,-0.278174001
0.617639744,0.551272019,-0.274914691
0.589567607,0.559033946,-0.284807573
0.561164741,0.565647800,-0.294739100
0.539253382,0.574073486,-0.313032746
0.519997725,0.581930500,-0.334894058
0.490303948,0.583539867,-0.342721696
0.460110880,0.583350226,-0.348144105
0.432819786,0.578595256,-0.335508310
0.403190968,0.575659583,-0.333212725
0.372781098,0.572961048,-0.337343849
0.347167625,0.570795470,-0.352377195
0.321090588,0.566386937,-0.365476474
0.291173807,0.559039680,-0.365842786
0.265637692,0.552215094,-0.353724908
0.239873605,0.545021917,-0.342081636
0.210695449,0.535363316,-0.339965396
0.187209760,0.523797639,-0.355108282
0.159656526,0.511215370,-0.352340416
0.134161949,0.500037289,-0.342120862
0.113660152,0.493568055,-0.323286234
0.087511011,0.479022305,-0.317415492
0.066559937,0.460585713,-0.324618698
0.042265215,0.444739235,-0.314234448
0.024042860,0.440259560,-0.291829438
0.000694619,0.423687372,-0.280453604
-0.016985203,0.400784241,-0.282091606
-0.037950458,0.383502116,-0.267758246
-0.055943108,0.378067239,-0.246034175
-0.072692051,0.356118790,-0.238127784
-0.089197158,0.335049744,-0.226390834
-0.107156901,0.329048849,-0.204828689
-0.123663336,0.308777743,-0.189664287
-0.134690782,0.284879521,-0.179129510
-0.152768307,0.277577414,-0.158178039
-0.166012556,0.256138757,-0.142000211
-0.175142405,0.232673946,-0.127568181
-0.193871440,0.222782818,-0.107053661
-0.200548147,0.198572388,-0.092154663
-0.212727995,0.178594288,-0.073551568
-0.230128476,0.164142150,-0.055218890
-0.232245052,0.138657057,-0.040267132
-0.247102734,0.118723611,-0.023372996
-0.261067671,0.096458404,-0.009164864
-0.266844581,0.068113379,0.000500787
-0.265583847,0.038057143,-0.002403602
-0.269594432,0.015668085,-0.022009837
-0.280341045,-0.003222350,-0.038466042
-0.273096808,-0.030872976,-0.045014022
-0.263731118,-0.058535048,-0.037094134
-0.260786141,-0.084850089,-0.022910601
-0.255752607,-0.109646160,-0.006911672
-0.237063560,-0.125826085,0.009448063
-0.233699446,-0.149815067,0.026410825
-0.221273528,-0.169633353,0.045007691
-0.203762638,-0.183120282,0.064284297
-0.199243781,-0.207349762,0.079613693
-0.180831642,-0.217410187,0.099452468
-0.168807076,-0.237640397,0.117643989
-0.158662836,-0.260348445,0.132662336
-0.139993642,-0.267771433,0.153793316
-0.129886426,-0.291657224,0.165363731
-0.113097745,-0.310497830,0.182448904
-0.094900529,-0.316337940,0.203775213
-0.080924051,-0.339247039,0.212930391
-0.062253642,-0.358403277,0.226692580
-0.044063836,-0.362940460,0.248499893
-0.024524201,-0.381962452,0.259963808
-0.005669377,-0.402851357,0.264584469
0.014703662,-0.412084863,0.282518267
0.035852607,-0.422362513,0.299420976
0.057683448,-0.440475500,0.301986560
0.081363247,-0.456953833,0.304963137
0.104692237,-0.466411668,0.319370951
0.126465504,-0.473436844,0.336296164
0.153554097,-0.486105361,0.343012232
0.177423321,-0.500108662,0.330873685
0.206204051,-0.510031938,0.335598935
0.229739123,-0.515353339,0.351870914
0.256443608,-0.522137775,0.362090768
0.286166068,-0.529668123,0.363448647
0.310743914,-0.535178181,0.346223285
0.340596899,-0.539317340,0.342646671
0.371182022,-0.542195961,0.342486886
0.397536127,-0.545307457,0.357969071
0.427406373,-0.546927751,0.360916486
0.457991647,-0.546573720,0.357240584
0.483196963,-0.542557856,0.341795668
0.506001273,-0.535802863,0.322997978
0.535546279,-0.529915881,0.316570646
0.564704512,-0.522498496,0.310068635
0.594259575,-0.519021327,0.316632732
0.623746966,-0.514133644,0.321519764
0.651176735,-0.502609243,0.313599822
0.677601144,-0.489090148,0.305355921
0.702897253,-0.473519816,0.297197271
0.726846846,-0.455773881,0.289437777
0.749134157,-0.435683585,0.282504869
0.769275946,-0.413058260,0.276997013
0.786434080,-0.387714892,0.273797607
0.799330621,-0.359807276,0.274005337
0.806279064,-0.330241730,0.278597152
0.803688124,-0.300954409,0.283485341
0.787016148,-0.278059424,0.272135851
0.777250384,-0.251089470,0.281849728
0.765726855,-0.225193899,0.293911502
0.759269978,-0.203906049,0.311994545
0.758387371,-0.187236752,0.335020420
0.748618685,-0.158809279,0.341557985
0.744871704,-0.128500834,0.345020460
0.747607372,-0.097872993,0.345681923
0.755075349,-0.068039608,0.344214480
0.765255241,-0.039125835,0.341180256
0.776827142,-0.010901681,0.336861312
0.788975099,0.016880419,0.331398896
0.801192324,0.044399224,0.324861990
0.813141491,0.071769362,0.317288015
0.824580413,0.099056761,0.308696760
0.834686303,0.126115893,0.298272377
0.832777849,0.147019597,0.276241658
0.832036684,0.169725198,0.256384884
0.839228492,0.197144656,0.244315891
0.845252676,0.224434160,0.231347324
0.850063051,0.251549580,0.217535053
0.853584262,0.278435140,0.202908642
0.855770739,0.305032646,0.187515716
0.856570501,0.331276712,0.171398884
0.866491599,0.358145505,0.162567151
0.881365810,0.384518283,0.157455932
0.881334215,0.409874133,0.140425595
0.877774195,0.433994734,0.121592295
0.872595617,0.457353346,0.102251782
0.852621395,0.467672870,0.082295454
0.831350865,0.477276297,0.063081005
0.821856184,0.499083724,0.043530606
0.811032301,0.520092000,0.023766539
0.798779778,0.540146405,0.003846775
0.785124659,0.559185894,-0.016156265
0.770099110,0.577152380,-0.036169162
0.753741194,0.593991106,-0.056117868
0.744969629,0.613767343,-0.075867001
0.749471008,0.637389047,-0.094590663
0.733257278,0.652320134,-0.115076887
0.712793835,0.664126132,-0.134850375
0.691183684,0.674541116,-0.154135736
0.662255173,0.671452004,-0.161799771
0.632986819,0.667820372,-0.168380823
0.608886540,0.675697857,-0.185880499
0.583931949,0.682165513,-0.202748304
0.571952116,0.695983628,-0.225730243
0.559126300,0.708121445,-0.248915317
0.532367602,0.709892847,-0.264078550
0.505076831,0.710281482,-0.278367481
0.477218173,0.703325599,-0.280211219
0.449811515,0.693013494,-0.275091402
0.421438125,0.690916122,-0.286909108
0.392792933,0.687403987,-0.297689455
0.374581554,0.690597547,-0.320656390
0.352015661,0.688875462,-0.338228665
0.323277947,0.680758087,-0.345802933
0.294965220,0.670828514,-0.348836269
0.272714921,0.658692988,-0.332079883
0.244251280,0.648189942,-0.335527021
0.216705388,0.637485414,-0.342203966
0.197638018,0.630509605,-0.364599295
0.170372882,0.616381539,-0.365824226
0.144001951,0.601621502,-0.363278056
0.124760365,0.591229654,-0.342630433
0.098384029,0.575393487,-0.340997339
0.074882247,0.559010721,-0.345925801
0.054143146,0.541726467,-0.354699337
0.030238904,0.523172108,-0.348910745
0.012490320,0.514141547,-0.327386969
-0.010427774,0.495665164,-0.319281324
-0.029124239,0.474380850,-0.322650356
-0.048390570,0.452883034,-0.319273300
-0.067750587,0.436992899,-0.303918334
-0.086336901,0.423535584,-0.286291618
-0.103399350,0.399932662,-0.281134615
-0.118602303,0.375435993,-0.275794917
-0.136386453,0.361523065,-0.257136343
-0.154019040,0.344014983,-0.240807848
-0.164623886,0.316528486,-0.236642345
-0.179682152,0.293696775,-0.222899224
-0.198831148,0.281625780,-0.203050009
-0.213787838,0.257843011,-0.190649867
-0.221782250,0.229102130,-0.185652571
-0.238434964,0.204588311,-0.177451733
-0.258175174,0.181593474,-0.180068760
-0.279442091,0.166801491,-0.196385582
-0.300676007,0.154199767,-0.214737065
-0.319034655,0.132247003,-0.224655494
-0.327550421,0.103037428,-0.222080628
-0.337737252,0.078668172,-0.206901424
-0.335244316,0.050449915,-0.195018774
-0.320761553,0.025269084,-0.188552689
-0.312241544,0.000098762,-0.173268479
-0.313660468,-0.021902693,-0.153441388
-0.303110249,-0.045294677,-0.136394489
-0.290242390,-0.066970757,-0.119249363
-0.270984627,-0.083695580,-0.104866163
-0.269208367,-0.104732087,-0.084882031
-0.255833649,-0.124369017,-0.065265840
-0.238661305,-0.139601488,-0.047197486
-0.221300416,-0.153558544,-0.028268469
-0.216678463,-0.174697096,-0.009633489
-0.196258078,-0.183037985,0.008578751
-0.189235292,-0.204063506,0.026590775
-0.172820481,-0.218479741,0.046651390
-0.154017094,-0.227077035,0.066621346
-0.144832513,-0.249172421,0.082270863
-0.125144084,-0.253729763,0.102489181
-0.111309899,-0.273117035,0.118861372
-0.094821963,-0.291024076,0.135481208
-0.075335688,-0.293813565,0.156272268
-0.059816490,-0.315792163,0.167274489
-0.038531522,-0.328590490,0.184934816
-0.018974691,-0.330835297,0.205425127
0.000682415,-0.350359246,0.213385369
0.024527075,-0.363223250,0.227216282
0.045100302,-0.362975523,0.248674549
0.070537863,-0.374002361,0.261405887
0.095426736,-0.389567010,0.263083640
0.122381138,-0.395022696,0.276087452
0.144726761,-0.392671175,0.295565844
0.173761275,-0.396672481,0.304865678
0.202928176,-0.404381964,0.299559789
0.233019227,-0.402238008,0.305332887
0.262611097,-0.395304697,0.310122259
0.287266951,-0.380276800,0.319455716
0.305587664,-0.357265875,0.326981417
0.316624529,-0.329627925,0.320165100
0.320289716,-0.305303434,0.305839087
0.325160065,-0.286415689,0.286994380
0.331111741,-0.257794558,0.277765156
0.342375274,-0.229650706,0.281213621
0.358141635,-0.205189971,0.290974182
0.379868639,-0.184645427,0.298354001
0.402866415,-0.165632860,0.305253996
0.429234683,-0.151002024,0.300376500
0.451412459,-0.131010970,0.307930153
0.465573769,-0.111965496,0.325746058
0.484560916,-0.092048661,0.337645061
0.506209917,-0.071257113,0.344596050
0.527497564,-0.049833284,0.350688295
0.548382521,-0.027768787,0.355681066
0.568123026,-0.009171342,0.342193049
0.587453511,0.014168130,0.341397935
0.605380394,0.038030517,0.346396676
0.619433227,0.057884298,0.364783355
0.637338066,0.082809060,0.365769148
0.653597517,0.107443798,0.360596264
0.663462646,0.127080430,0.339538710
0.677913578,0.153793033,0.335001480
0.691992338,0.180687321,0.333017068
0.707167046,0.202206642,0.348910723
0.720385919,0.229374245,0.344961609
0.731945861,0.256897806,0.337349080
0.736364116,0.279077275,0.319786517
0.735326079,0.297509534,0.296815390
0.742446103,0.325471757,0.286020597
0.749205126,0.353545451,0.275889384
0.763908365,0.379566903,0.282232139
0.772849697,0.407073591,0.276681579
0.776029050,0.434117564,0.262272738
0.777803684,0.460793640,0.246964888
0.766696107,0.474182364,0.223294241
0.755220187,0.488640345,0.200607790
0.752184425,0.514091952,0.183516918
0.747653996,0.538850010,0.165750951
0.741631916,0.562832583,0.147374962
0.734144099,0.585970099,0.128462797
0.725206849,0.608188378,0.109083876
0.716573779,0.630437316,0.090182429
0.724290826,0.658484395,0.081278060
0.722392240,0.682825843,0.065816123
0.709283102,0.701014927,0.044687068
0.694900556,0.718034086,0.023413209
0.674958395,0.726462461,0.003786984
0.648370050,0.719374462,-0.009788488
0.628152373,0.729956462,-0.029563658
0.609075363,0.742855567,-0.050028174
0.589457084,0.754835652,-0.070339457
0.586497142,0.777967083,-0.089699026
0.576864130,0.795910948,-0.110240816
0.554625765,0.803075960,-0.130320632
0.531572542,0.808795002,-0.149939963
0.504907179,0.800227443,-0.158098958
0.477758551,0.789414036,-0.163666303
0.452675902,0.792233733,-0.181329746
0.427013280,0.793554965,-0.198323054
0.406215093,0.799502149,-0.218650967
0.394084063,0.812386458,-0.243740011
0.368879595,0.810851944,-0.260704189
0.342039517,0.805865151,-0.274982195
0.315112635,0.795771689,-0.281756206
0.290542551,0.778838460,-0.274527812
0.262893784,0.769975634,-0.284028528
0.235389448,0.761171882,-0.294758147
0.212773858,0.757692105,-0.313986927
0.192094982,0.754531218,-0.335737384
0.165365873,0.741514372,-0.343625479
0.138860474,0.727059172,-0.349151853
0.116781571,0.710301819,-0.336674187
0.091839366,0.694214643,-0.333826160
0.065764057,0.678275208,-0.337724797
0.043843432,0.665445119,-0.353212649
0.021868119,0.650263168,-0.365492707
-0.002432225,0.631326432,-0.365858041
-0.024492256,0.613762169,-0.355684955
-0.045811587,0.597047581,-0.342316203
-0.069444598,0.577342287,-0.340742211
-0.091212566,0.557269883,-0.345559916
-0.110602985,0.536599942,-0.355555361
-0.133114191,0.515943104,-0.351566674
-0.155995552,0.495713006,-0.347505991
-0.179899420,0.476610231,-0.343962770
-0.205888447,0.460251111,-0.342021540
-0.234862291,0.450284579,-0.343386498
-0.260936837,0.453798343,-0.330755879
-0.290859531,0.458868412,-0.334071450
-0.318096571,0.464098121,-0.343691364
-0.339664419,0.465108082,-0.361208183
-0.370049097,0.461830643,-0.363411016
-0.396980953,0.447307122,-0.364086948
-0.417403217,0.424386036,-0.363798104
-0.431785730,0.397215463,-0.362781646
-0.441406138,0.368026074,-0.361009906
-0.447276799,0.337908682,-0.358396760
-0.450096037,0.307442190,-0.354863531
-0.450338662,0.276973684,-0.350345682
-0.452101958,0.251968569,-0.333802580
-0.450966890,0.224296306,-0.322272421
-0.445673642,0.194609272,-0.317103898
-0.433977228,0.168103573,-0.324634069
-0.425792618,0.139973380,-0.315106318
-0.416325681,0.112644703,-0.304493768
-0.405721488,0.086181606,-0.292815496
-0.405264196,0.066423596,-0.270818022
-0.392974770,0.041081506,-0.258474616
-0.372762509,0.020012903,-0.256563961
-0.363673493,-0.001726799,-0.238673038
-0.356847224,-0.022302633,-0.219418739
-0.335213477,-0.039648109,-0.212780106
-0.321137917,-0.059760974,-0.195144574
-0.316325118,-0.078603906,-0.174587607
-0.293186664,-0.092072819,-0.164445437
-0.280202684,-0.110406902,-0.144568933
-0.272540986,-0.128965988,-0.124317623
-0.255859625,-0.146053468,-0.104848012
-0.232840283,-0.154751691,-0.090270078
-0.222873143,-0.172730849,-0.070047384
-0.208404039,-0.189035352,-0.050073219
-0.186255183,-0.195142635,-0.033068518
-0.177234219,-0.214823771,-0.014394967
-0.155309528,-0.219699399,0.003775509
-0.139556840,-0.235266595,0.023140499
-0.123718518,-0.251955335,0.041305790
-0.101689523,-0.253627052,0.060208815
-0.086082194,-0.273364961,0.075461274
-0.063541855,-0.279762999,0.094039534
-0.040514348,-0.283105263,0.112499413
-0.019067630,-0.300670827,0.123703175
0.007325185,-0.305302339,0.138330638
0.033141325,-0.299807485,0.152659059
0.063221523,-0.297131375,0.157254794
0.088850061,-0.285367339,0.146506952
0.106099182,-0.270506155,0.125790936
0.127386780,-0.255275077,0.110327141
0.154140202,-0.240777396,0.112187227
0.182791060,-0.235379965,0.119359476
0.207572423,-0.223244105,0.132542135
0.221160975,-0.204047092,0.151072931
0.243257383,-0.190528954,0.167756121
0.264862970,-0.176502459,0.184661667
0.292208748,-0.168765107,0.192715782
0.310942872,-0.152398932,0.209724281
0.322295068,-0.134974233,0.229774131
0.348109149,-0.122912114,0.236488231
0.370068847,-0.105903262,0.248668060
0.377904014,-0.088007851,0.270713409
0.398456568,-0.069279898,0.283680077
0.423421301,-0.053772368,0.282635474
0.441089997,-0.032915907,0.295672187
0.449625375,-0.015034450,0.316082604
0.468815641,0.006919261,0.325287462
0.489965359,0.025347785,0.317208644
0.507488250,0.049621814,0.324482023
0.515533710,0.068141049,0.345414485
0.531491093,0.092705294,0.353418088
0.547762910,0.117147203,0.352697546
0.562144886,0.138968961,0.340445797
0.576091845,0.166371951,0.342367336
0.585284745,0.186965712,0.361130089
0.597687326,0.213710739,0.365863340
0.609815766,0.242023230,0.365202257
0.616090696,0.262505182,0.344894251
0.624197310,0.289849808,0.336451632
0.632238111,0.319229425,0.331835015
0.641653701,0.344576979,0.342292137
0.650295338,0.371442268,0.347390832
0.656101743,0.400819337,0.340153558
0.659173449,0.428425989,0.328604287
0.652679966,0.442583706,0.302380391
0.652800583,0.470300228,0.289966997
0.652535806,0.498926658,0.278583987
0.650869093,0.527114506,0.266264912
0.647771107,0.554768913,0.253046076
0.643260254,0.581811551,0.238994545
0.638216254,0.608738848,0.225277432
0.643858988,0.638611319,0.226150550
0.643807767,0.667182605,0.219061980
0.635341047,0.691512880,0.202165944
0.625558096,0.714922507,0.184689363
0.607735451,0.724635249,0.162466307
0.587220410,0.729270128,0.140221764
0.572200510,0.748371347,0.121474787
0.556890595,0.767736172,0.103043776
0.544799864,0.790121147,0.086936025
0.542697799,0.819204790,0.077079175
0.531044742,0.841330146,0.060768587
0.512380309,0.856043659,0.041165289
0.492724609,0.869446154,0.021590508
0.468491054,0.870355781,0.003712098
0.442610268,0.862953856,-0.011217575
0.418254018,0.867525541,-0.028696777
0.394853027,0.876231915,-0.046744638
0.371239689,0.884667352,-0.064578488
0.355256400,0.903381585,-0.082864572
0.339567668,0.921890538,-0.101609604
0.315377185,0.927920742,-0.119141870
0.289286234,0.930077046,-0.135383819
0.262556797,0.930632456,-0.150615850
0.235113817,0.920282692,-0.158649716
0.208318491,0.905586401,-0.162405295
0.179890019,0.900312929,-0.171915594
0.151162506,0.898821511,-0.182945823
0.121922383,0.896970070,-0.192468867
0.092139930,0.895145991,-0.200125250
0.061816924,0.893897713,-0.205373455
0.031095158,0.893982520,-0.207382989
0.000511505,0.896318825,-0.204987482
-0.028810423,0.901437597,-0.197275319
-0.055694136,0.908870847,-0.184305299
-0.079961456,0.917238036,-0.167306189
-0.102531016,0.925103399,-0.147874507
-0.124733739,0.931399782,-0.127470317
-0.147921878,0.935347842,-0.107598043
-0.173192523,0.936377262,-0.090072611
-0.201182999,0.935634034,-0.077379826
-0.231295984,0.935243588,-0.071206671
-0.262061975,0.934983013,-0.071129761
-0.292465758,0.933652475,-0.075760102
-0.321929701,0.929767060,-0.083790772
-0.349868919,0.922022513,-0.094117887
-0.375680321,0.909892547,-0.105681023
-0.399683353,0.895206379,-0.118217296
-0.422335875,0.879286635,-0.131725506
-0.443698047,0.862191168,-0.145884734
-0.459824496,0.839179801,-0.156759295
-0.467557918,0.809622871,-0.160567418
-0.480511315,0.783840556,-0.169658228
-0.497675548,0.762715685,-0.184088382
-0.513465809,0.740480206,-0.198418905
-0.530342754,0.722696203,-0.216041244
-0.549122145,0.715101758,-0.239237206
-0.562879657,0.695202741,-0.257024433
-0.572592004,0.669150339,-0.270293122
-0.580909272,0.642330957,-0.282968133
-0.587796627,0.614802149,-0.294961811
-0.593275585,0.586652100,-0.306216135
-0.597335225,0.557954414,-0.316660495
-0.598485958,0.528351461,-0.322220008
-0.593448719,0.499858058,-0.311852861
-0.592997932,0.469900405,-0.315215559
-0.592896634,0.439956987,-0.322460471
-0.595035783,0.417326192,-0.341254467
-0.594593837,0.393054281,-0.357315775
-0.589706392,0.362884393,-0.361190658
-0.583415623,0.334317427,-0.358043418
-0.576813440,0.310982963,-0.341352475
-0.569577677,0.281070593,-0.342769397
-0.561465275,0.252957088,-0.348502860
-0.552550911,0.229333050,-0.364099730
-0.541257436,0.200794800,-0.361424127
-0.533592764,0.178481513,-0.345394757
-0.523592018,0.153406891,-0.334606765
-0.510102639,0.126286339,-0.331154998
-0.493857611,0.104794848,-0.342265699
-0.478613936,0.079280774,-0.334152146
-0.472737490,0.060510858,-0.313028397
-0.457688673,0.036286689,-0.302324315
-0.437462792,0.016282369,-0.304340327
-0.418790967,-0.005355652,-0.295806950
-0.413131159,-0.023383737,-0.274042339
-0.395669181,-0.044731043,-0.260633059
-0.371222956,-0.059995173,-0.259320693
-0.353503396,-0.079090975,-0.243293633
-0.346570345,-0.096881094,-0.222169550
-0.323248287,-0.110710019,-0.213179502
-0.301979920,-0.125630313,-0.198926572
-0.294386804,-0.143870801,-0.177459887
-0.274664545,-0.159741695,-0.159896949
-0.253963743,-0.174165593,-0.142551357
-0.229018760,-0.181299205,-0.129880709
-0.218500935,-0.199947636,-0.109610520
-0.194786090,-0.208348929,-0.093929039
-0.171581973,-0.217007037,-0.077122339
-0.157325139,-0.235645640,-0.059174000
-0.131768001,-0.239536908,-0.044960505
-0.106222035,-0.247732591,-0.030579978
-0.080286618,-0.260835065,-0.020872763
-0.053412907,-0.273898567,-0.024854807
-0.030940548,-0.278390931,-0.044712003
-0.010283684,-0.273556014,-0.063115991
0.019620871,-0.273743630,-0.066975652
0.048175765,-0.268450510,-0.057043413
0.073809426,-0.260425603,-0.042002563
0.098016489,-0.254513396,-0.024907502
0.121714125,-0.250250790,-0.007586524
0.136443491,-0.231124092,0.009724109
0.156714278,-0.219209708,0.029634559
0.179159563,-0.212612813,0.047534395
0.199667371,-0.201657533,0.066145773
0.209836619,-0.183129131,0.085973617
0.233728919,-0.177065929,0.100429371
0.243768557,-0.159388105,0.120357168
0.259590762,-0.143445136,0.140290532
0.283758116,-0.133983374,0.152184671
0.289675103,-0.115602118,0.173259753
0.308316906,-0.098944532,0.190684356
0.331585726,-0.085521668,0.199872475
0.336236269,-0.067223376,0.221442983
0.353604293,-0.047733031,0.237481452
0.376625063,-0.031292538,0.241821441
0.387107642,-0.010943313,0.259625715
0.396178768,0.009220740,0.278006650
0.415631600,0.029548908,0.281342433
0.432228985,0.052903433,0.288385088
0.437436638,0.073207326,0.308533858
0.449022236,0.097768842,0.321523041
0.464209342,0.121793927,0.321126127
0.477647390,0.147349476,0.320855811
0.487025625,0.174505628,0.330203477
0.490649742,0.195870613,0.350226230
0.499877835,0.224767893,0.355603464
0.509071724,0.250914487,0.345134889
0.515777991,0.279751856,0.341312863
0.520506393,0.309970620,0.343969116
0.522992917,0.333709119,0.363206538
0.526015506,0.363873921,0.365822903
0.527662706,0.394626604,0.365025622
0.527729287,0.425382359,0.363248288
0.526138939,0.456029452,0.360549260
0.522837131,0.486453734,0.357012296
0.515915848,0.511056841,0.341008762
0.506455511,0.533988907,0.323471139
0.496862708,0.562680155,0.317706191
0.485210004,0.590574440,0.311788682
0.471293427,0.617392731,0.305798167
0.454966631,0.642865520,0.300038058
0.435949663,0.666543327,0.294939721
0.413985375,0.687765431,0.291105752
0.388843603,0.705401982,0.289388458
0.360710590,0.717669060,0.290813510
0.330842235,0.722553098,0.295974754
0.308382921,0.725372668,0.312451221
0.291072067,0.726643888,0.334313704
0.263981303,0.714714426,0.342815134
0.237290371,0.701183730,0.350139655
0.217592663,0.687056477,0.332244981
0.189502647,0.677610284,0.333018138
0.158964112,0.675112503,0.335343930
0.128544161,0.679631509,0.335746001
0.099219072,0.688965717,0.334794129
0.070921279,0.700971200,0.332785267
0.043293530,0.714281408,0.329824689
0.016035406,0.728104967,0.325926335
-0.011058615,0.741952261,0.321082492
-0.038114559,0.755502371,0.315281185
-0.065077722,0.769177905,0.310088849
-0.088547768,0.787169550,0.318345939
-0.113777414,0.803528412,0.319967921
-0.140648313,0.815369596,0.310642898
-0.167303478,0.825404060,0.299215396
-0.187408994,0.823284888,0.276249553
-0.210001469,0.822978244,0.256223067
-0.237207849,0.829718750,0.243434194
-0.264276181,0.835158790,0.229764148
-0.290905379,0.847931348,0.225049557
-0.316618923,0.864419571,0.224570575
-0.343057121,0.868612237,0.209729197
-0.368815557,0.870060486,0.192890836
-0.394156709,0.870098817,0.175371063
-0.419012573,0.868705887,0.157222715
-0.443314960,0.865867079,0.138502371
-0.466996101,0.861574345,0.119269877
-0.488679469,0.854050529,0.099217431
-0.495769453,0.832065521,0.079498361
-0.507979340,0.813450917,0.059784577
-0.529231349,0.803285013,0.039932893
-0.549536574,0.791673958,0.019883743
-0.574402446,0.793175244,0.003309195
-0.599573540,0.797895098,-0.012791765
-0.617506438,0.784573042,-0.033610978
-0.633449979,0.768483799,-0.054492296
-0.647804263,0.750805234,-0.075021946
-0.644839455,0.722581392,-0.085200265
-0.646404354,0.696278069,-0.097721185
-0.658700176,0.675753018,-0.117128097
-0.669655957,0.654137187,-0.136150253
-0.685820780,0.642525185,-0.157371478
-0.705012934,0.638421323,-0.180312998
-0.712217869,0.615309224,-0.198891882
-0.717341734,0.590492160,-0.216412107
-0.718714761,0.563875867,-0.230374507
-0.706927996,0.535940654,-0.226343029
-0.705591038,0.508088406,-0.236778014
-0.706684628,0.480916660,-0.251255925
-0.708107577,0.455093825,-0.267029657
-0.718548024,0.443976076,-0.293594848
-0.717193267,0.418205804,-0.308873300
-0.712112632,0.389851632,-0.319797580
-0.702118144,0.362980747,-0.317993170
-0.690320089,0.337369107,-0.309902909
-0.682927578,0.308634438,-0.318195350
-0.674676127,0.280366623,-0.326432163
-0.673224687,0.262846476,-0.351252193
-0.662599271,0.235830603,-0.359266407
-0.649754192,0.208038045,-0.362692155
-0.637333178,0.185685844,-0.349350431
-0.624158771,0.160903731,-0.342254362
-0.609505922,0.133814614,-0.343041859
-0.596633014,0.113009668,-0.358675415
-0.580367973,0.089086783,-0.362840642
-0.563480651,0.064704166,-0.356889905
-0.553136005,0.046357419,-0.336608454
-0.534783231,0.022027032,-0.332093475
-0.514877094,0.001906276,-0.338939858
-0.494112437,-0.018914208,-0.338162032
-0.477393747,-0.039390400,-0.324959883
-0.464644118,-0.058210177,-0.307056822
-0.443352789,-0.078667061,-0.298873891
-0.418255964,-0.093214955,-0.302623782
-0.396688865,-0.111785305,-0.290822172
-0.374883762,-0.129607326,-0.278323735
-0.356676681,-0.147220819,-0.262494938
-0.342646781,-0.165066845,-0.244224285
-0.317103676,-0.178116621,-0.237050033
-0.291609820,-0.190722599,-0.228561126
-0.274214416,-0.209068750,-0.212327760
-0.254910392,-0.227791116,-0.199067517
-0.230998045,-0.246086123,-0.192829982
-0.209808779,-0.267680058,-0.196582487
-0.196852285,-0.290994463,-0.211719893
-0.185641554,-0.314412414,-0.228226027
-0.165385607,-0.335090314,-0.237478600
-0.137003045,-0.346338395,-0.236354455
-0.106991500,-0.341086915,-0.237675119
-0.078147728,-0.338664000,-0.227460315
-0.054342450,-0.341727239,-0.209954911
-0.028623538,-0.337507867,-0.194583579
-0.005706198,-0.319833957,-0.187370596
0.018080095,-0.309896157,-0.170503445
0.040680199,-0.298893685,-0.152690155
0.061804242,-0.298321695,-0.132116334
0.079598970,-0.280210852,-0.117450807
0.097957725,-0.265019243,-0.099317033
0.118588564,-0.261884840,-0.079285583
0.130582333,-0.240658111,-0.063417415
0.151218036,-0.235741969,-0.043636657
0.165564502,-0.219013569,-0.024677770
0.177752700,-0.200973823,-0.005286754
0.198945786,-0.194802644,0.012867745
0.205662741,-0.174389237,0.031752687
0.226988225,-0.165602260,0.049362296
0.238572953,-0.147757693,0.069235004
0.247793802,-0.129086317,0.089581591
0.270004301,-0.117559107,0.104458838
0.273239868,-0.097836005,0.124853588
0.290248389,-0.080452211,0.142196931
0.309291493,-0.063413301,0.156014832
0.310973937,-0.043366950,0.177097715
0.328628583,-0.023650282,0.189981183
0.344395975,-0.001851007,0.202584611
0.344254307,0.018759459,0.223887890
0.354656588,0.043377348,0.239212615
0.363823971,0.069081878,0.253504866
0.376446568,0.095019821,0.259550655
0.385541597,0.122635746,0.265967238
0.385655042,0.148978745,0.280079239
0.381497963,0.173649043,0.296051382
0.379098647,0.203350666,0.303758453
0.372988436,0.233278580,0.305792042
0.362096394,0.261018296,0.298698874
0.339268613,0.279476038,0.290987140
0.311435716,0.286290856,0.279989956
0.284751088,0.282103210,0.281831563
0.257410694,0.288661912,0.269571207
0.235135168,0.307470978,0.261543960
0.217272357,0.331968887,0.259396779
0.197382977,0.354301216,0.266776918
0.177668757,0.372800687,0.279756531
0.158348730,0.388518320,0.296332910
0.140306542,0.411700327,0.304913080
0.125794555,0.438135654,0.300658952
0.105822539,0.460081214,0.308930238
0.085201763,0.481653662,0.316591536
0.063897218,0.502835569,0.323425420
0.044446483,0.517420344,0.339995856
0.023747000,0.534651881,0.352230741
0.001476828,0.555160508,0.354777944
-0.017027072,0.573585601,0.339759213
-0.041500105,0.592173730,0.341935617
-0.063689218,0.607700757,0.351799522
-0.084190834,0.621749948,0.365801213
-0.109724441,0.638988312,0.365591374
-0.133274717,0.653087259,0.355513146
-0.154741545,0.663235275,0.337794250
-0.182020831,0.676941102,0.333655266
-0.207308868,0.690594003,0.337556340
-0.229766484,0.704744596,0.349824738
-0.257418500,0.716505690,0.343030328
-0.285197639,0.727051354,0.334992627
-0.301848059,0.725262249,0.309892077
-0.326147608,0.728675543,0.293814478
-0.354226945,0.734690027,0.282656572
-0.382369985,0.741739644,0.274713986
-0.407264067,0.756868780,0.283980512
-0.434914199,0.762117986,0.273182690
-0.461920948,0.764262583,0.258515399
-0.486451091,0.762819936,0.241093179
-0.494519302,0.747698879,0.215838667
-0.515685236,0.740839777,0.196200426
-0.540851857,0.736743250,0.178909605
-0.567093835,0.735410763,0.164537800
-0.595237527,0.747848999,0.163448637
-0.620164540,0.744696517,0.147110367
-0.642248895,0.736402559,0.127296410
-0.663363347,0.726731571,0.107054548
-0.668299803,0.706326596,0.086612426
-0.670499505,0.683782706,0.067085460
-0.689074390,0.669976010,0.046752236
-0.706432772,0.654876184,0.026264030
-0.726313055,0.643685594,0.007016928
-0.753669605,0.648374296,-0.006357094
-0.771011513,0.635251381,-0.026761485
-0.783297868,0.616528406,-0.047917301
-0.794210718,0.596776986,-0.068890197
-0.790613434,0.571444308,-0.082531116
-0.781112531,0.544323612,-0.092069130
-0.788754585,0.521726821,-0.111461923
-0.795182309,0.498424050,-0.130561469
-0.804605645,0.478602217,-0.150767427
-0.824775300,0.473387800,-0.173344054
-0.830021616,0.451492671,-0.193140019
-0.830300489,0.426146122,-0.210650972
-0.828674263,0.400242072,-0.226929047
-0.812657833,0.374699806,-0.225211509
-0.802564395,0.348156050,-0.231031080
-0.798717782,0.321210963,-0.245463066
-0.793864219,0.294286160,-0.259454924
-0.799724150,0.277269558,-0.283835080
-0.798565058,0.255581709,-0.303492925
-0.788694204,0.228533300,-0.314452304
-0.776669116,0.201576737,-0.322107244
-0.759097811,0.178482946,-0.312004234
-0.744742270,0.152210778,-0.313674072
-0.731647870,0.125298089,-0.320982659
-0.717502493,0.098649900,-0.327225577
-0.702369039,0.072315964,-0.332393027
-0.686342656,0.046327734,-0.336513218
-0.671082487,0.021891788,-0.345280552
-0.658128707,0.001483611,-0.364039780
-0.639435307,-0.022827085,-0.365824403
-0.620229101,-0.046812306,-0.364770551
-0.604607510,-0.067079203,-0.347848916
-0.586393970,-0.090412833,-0.341914998
-0.567313050,-0.114558630,-0.340412409
-0.548619998,-0.138981789,-0.338567894
-0.531009438,-0.164193556,-0.336756142
-0.515875050,-0.190977874,-0.335593699
-0.506075196,-0.220093974,-0.335964440
-0.503623967,-0.247346713,-0.344722374
-0.506243293,-0.270269867,-0.360869483
-0.515615665,-0.299460344,-0.363895958
-0.522813757,-0.322649374,-0.350563342
-0.525888949,-0.350134763,-0.342890364
-0.520178495,-0.380237816,-0.342276319
-0.504430466,-0.406551436,-0.342020071
-0.481856951,-0.427408559,-0.342292334
-0.455490405,-0.443268716,-0.342754126
-0.427035810,-0.455024719,-0.343041500
-0.397397022,-0.463389006,-0.342883395
-0.367095094,-0.468853340,-0.342082969
-0.336472779,-0.471784527,-0.340499186
-0.308064964,-0.470893912,-0.349061288
-0.279255565,-0.467676800,-0.354770824
-0.249078508,-0.464071135,-0.349735077
-0.225532510,-0.463835433,-0.330941355
-0.197429515,-0.459330557,-0.320896370
-0.168387685,-0.452011311,-0.313679574
-0.140019928,-0.443338315,-0.305364009
-0.113332918,-0.430826785,-0.302390748
-0.088280203,-0.415851854,-0.300286976
-0.065165170,-0.408408429,-0.283815725
-0.043263260,-0.402148108,-0.265878391
-0.021390535,-0.384487967,-0.260673217
0.000235710,-0.367589286,-0.250626535
0.019014604,-0.365303787,-0.228976451
0.040775690,-0.350006909,-0.213580099
0.056693216,-0.327338776,-0.206647133
0.075492375,-0.321241527,-0.186157784
0.094805508,-0.307604849,-0.167527387
0.107058279,-0.284074157,-0.156820968
0.125924754,-0.279140246,-0.135822788
0.140609912,-0.259851697,-0.118733381
0.151838518,-0.238774191,-0.102660432
0.170938088,-0.232100692,-0.082460997
0.177744780,-0.209102317,-0.066931421
0.195164970,-0.196978242,-0.046709939
0.211595389,-0.182225229,-0.026822893
0.215611649,-0.159822861,-0.009461055
0.235374493,-0.148498640,0.008599779
0.248062494,-0.128489818,0.028296310
0.255140552,-0.106844544,0.047270492
0.261045870,-0.084894179,0.066269734
0.279865818,-0.067175809,0.080669085
0.279529755,-0.043898662,0.098521739
0.286122270,-0.018727628,0.114697613
0.300918296,0.005953096,0.122928159
0.301858289,0.035680197,0.130437359
0.294972530,0.064731238,0.125539260
0.282565949,0.085475522,0.106696922
0.269579292,0.106200497,0.088261330
0.256351738,0.133372236,0.085310408
0.238691337,0.154940992,0.095699502
0.223844745,0.176961875,0.110487004
0.219849204,0.204557545,0.121359975
0.206568813,0.227111046,0.137602432
0.192682321,0.248991901,0.154267339
0.174063602,0.259866110,0.174897100
0.161626707,0.282829403,0.189681589
0.150587201,0.307822021,0.200214309
0.132642582,0.316456504,0.221475949
0.116092262,0.336739546,0.237565319
0.104338335,0.362636496,0.241241722
0.086097896,0.377067118,0.258680764
0.067976984,0.389412856,0.277161391
0.051736262,0.412377150,0.280654372
0.032143749,0.433242928,0.287724655
0.013357622,0.443310608,0.306518905
-0.007595360,0.458245317,0.320848519
-0.028327663,0.477993303,0.322123676
-0.049918262,0.496883423,0.320677243
-0.072998364,0.510569718,0.332564438
-0.093197329,0.520111067,0.350255873
-0.119009510,0.535979727,0.355831256
-0.139900277,0.550550392,0.341718986
-0.166895171,0.564364506,0.341489886
-0.194356510,0.576751138,0.345300280
-0.214675273,0.585070889,0.365702466
-0.243115799,0.596914588,0.365714454
-0.271169136,0.607221307,0.361463517
-0.290844584,0.611432328,0.338770906
-0.320302054,0.619176535,0.334554735
-0.349619309,0.626450815,0.333206599
-0.374444113,0.635906501,0.348514163
-0.404028399,0.641862886,0.344102768
-0.433554082,0.646047710,0.336366916
-0.453760339,0.642756404,0.315016472
-0.475246639,0.638566965,0.295198076
-0.504092014,0.637945519,0.284397344
-0.533196640,0.637541982,0.275599869
-0.561937086,0.645431698,0.283253240
-0.590626719,0.645247210,0.275602184
-0.617672468,0.640687349,0.261571535
-0.643404304,0.634293242,0.246206706
-0.652937724,0.618728230,0.222209270
-0.666705481,0.603835462,0.200621771
-0.690687353,0.593310556,0.184397931
-0.713659662,0.581426453,0.167659959
-0.735586892,0.568250101,0.150493795
-0.756412204,0.553814366,0.132971470
-0.776063301,0.538135439,0.115163310
-0.794506133,0.521268234,0.097150247
-0.819425257,0.511375493,0.083839213
-0.848210512,0.507258992,0.073938677
-0.866325471,0.490666850,0.056330423
-0.880158205,0.470600558,0.037485128
-0.892702862,0.449581918,0.018776357
-0.891410365,0.424466351,0.002094838
-0.882920934,0.398395895,-0.011838979
-0.887802794,0.373369612,-0.028337884
-0.895847012,0.348741957,-0.045008985
-0.903187594,0.323587127,-0.061181033
-0.919670303,0.303935745,-0.077771862
-0.938751045,0.286548846,-0.094516095
-0.947436330,0.262100028,-0.110171810
-0.949944564,0.234511285,-0.123652663
-0.951757279,0.206267290,-0.135822153
-0.953095701,0.177347964,-0.146354601
-0.954281268,0.147740834,-0.154773453
-0.948973999,0.117835285,-0.156977986
-0.937253742,0.089759227,-0.152318169
-0.930406605,0.060655394,-0.145736454
-0.934750976,0.031186890,-0.138111255
-0.940731423,0.004044398,-0.124930485
-0.946900229,-0.020345016,-0.107191888
-0.952863428,-0.042402224,-0.087073606
-0.980387502,-0.055066907,-0.081487635
-0.991566313,-0.073186461,-0.064424065
-0.992964336,-0.094887079,-0.042615495
-0.992200378,-0.118591464,-0.022998650
-0.989195303,-0.144932438,-0.007412860
-0.981041377,-0.172891337,0.002288068
-0.967853392,-0.200437409,0.005743943
-0.952260946,-0.226932737,0.004183918
-0.936804111,-0.253053732,-0.001031304
-0.923625469,-0.279683190,-0.009102532
-0.913576081,-0.306885268,-0.019476166
-0.903309776,-0.333315339,-0.031519046
-0.891945633,-0.358691154,-0.044785278
-0.879407239,-0.382984451,-0.058988471
-0.874342383,-0.408463028,-0.074827265
-0.876804646,-0.433983278,-0.091902185
-0.870146880,-0.457643337,-0.109748295
-0.853079823,-0.477256217,-0.126276833
-0.834848341,-0.495712572,-0.142892930
-0.811956102,-0.509804882,-0.156560204
-0.781834242,-0.513940388,-0.161166130
-0.754975904,-0.523455097,-0.170894276
-0.732827979,-0.538153406,-0.186468327
-0.709614274,-0.551501344,-0.201702422
-0.685429357,-0.563521516,-0.216525565
-0.660298535,-0.574136659,-0.230839150
-0.634322440,-0.583376851,-0.244585876
-0.608277921,-0.591722223,-0.258563133
-0.594210016,-0.604664400,-0.282348082
-0.574101348,-0.613589440,-0.302243142
-0.545469954,-0.616524413,-0.313231255
-0.516111121,-0.617539347,-0.321958710
-0.487455184,-0.611680290,-0.313264442
-0.457791865,-0.608672999,-0.313014827
-0.427966153,-0.607571308,-0.320651330
-0.402095240,-0.607509880,-0.334904098
-0.381064516,-0.608017361,-0.356227353
-0.351104656,-0.602183609,-0.360411541
-0.321904667,-0.594943771,-0.359615511
-0.298231591,-0.587232907,-0.342049279
-0.268674050,-0.579028125,-0.342627753
-0.239796858,-0.569817727,-0.345172426
-0.218500077,-0.561065576,-0.364463244
-0.190263034,-0.548994182,-0.361992702
-0.165040057,-0.538202256,-0.352190184
-0.143403767,-0.529969520,-0.335362188
-0.116350490,-0.516080795,-0.330425580
-0.095112298,-0.499412291,-0.341862148
-0.070130423,-0.483193285,-0.335529035
-0.050856379,-0.475612704,-0.315937810
-0.027608202,-0.461163975,-0.303843744
-0.007131104,-0.441191037,-0.303505745
0.013304560,-0.421354951,-0.297780843
0.032332076,-0.411140570,-0.279153735
0.052246073,-0.397299117,-0.262777860
0.067580020,-0.373424776,-0.260337380
0.085896702,-0.353445353,-0.246461310
0.103614008,-0.346984338,-0.224809981
0.119185772,-0.324794338,-0.212855823
0.132043185,-0.301248427,-0.201747853
0.150210991,-0.293195666,-0.180359651
0.163264642,-0.270615356,-0.165783328
0.173271127,-0.246597027,-0.152113376
0.191801236,-0.236400424,-0.131552589
0.205455395,-0.215296172,-0.113734016
0.218069899,-0.193326404,-0.096295035
0.221826477,-0.167195173,-0.082894020
0.240287810,-0.151292334,-0.065740047
0.252023438,-0.126722182,-0.051534051
0.262608083,-0.099428371,-0.042201838
0.268373002,-0.070996433,-0.045732131
0.269614004,-0.048993087,-0.064687439
0.285878233,-0.032282292,-0.080168240
0.289504803,-0.003200250,-0.087422759
0.286489583,0.026443553,-0.080220347
0.279756139,0.053438132,-0.067064045
0.270862474,0.078279024,-0.051198589
0.252407128,0.096067182,-0.036312687
0.251626982,0.119618402,-0.018726630
0.239910548,0.140841252,0.000266819
0.226835126,0.160668309,0.019688368
0.208111436,0.172460225,0.038377991
0.203685450,0.195932573,0.054949674
0.184980746,0.205884016,0.074569492
0.171892041,0.224587296,0.094149328
0.163165406,0.247061056,0.109310503
0.144164457,0.254196249,0.130240951
0.134126023,0.277912787,0.143466954
0.116954991,0.293964745,0.162128588
0.098767118,0.301400924,0.182741377
0.086022687,0.325472135,0.191540058
0.066613260,0.340081403,0.209247338
0.048503823,0.345820434,0.229511383
0.031118456,0.366849810,0.237422588
0.010273033,0.384767135,0.248649254
-0.008242783,0.387749756,0.270551104
-0.031336818,0.402929950,0.283897741
-0.051896379,0.423129189,0.282276498
-0.077136196,0.435947303,0.294089878
-0.096904933,0.438847394,0.315817226
-0.123335120,0.451301633,0.325317767
-0.147392684,0.467050028,0.316850061
-0.175707681,0.476925290,0.323911168
-0.198396081,0.480660398,0.341640441
-0.225128656,0.486958702,0.352592862
-0.254143425,0.494721279,0.353135236
-0.280301279,0.501722237,0.339880428
-0.310806097,0.505512920,0.341919265
-0.341516975,0.507723981,0.342923487
-0.372318863,0.508263177,0.342939388
-0.403087308,0.507035677,0.342028222
-0.432019693,0.505085774,0.349785910
-0.459540386,0.502835518,0.362462428
-0.489706596,0.497151376,0.360277077
-0.519309727,0.489225264,0.357164616
-0.545125415,0.478078050,0.346138102
-0.565437569,0.463823316,0.327951205
-0.590336859,0.447272915,0.321606393
-0.613989065,0.427795302,0.318649609
-0.634094512,0.404567225,0.317093168
-0.648546131,0.377471031,0.317814932
-0.654901691,0.347657070,0.321300680
-0.652477627,0.317529460,0.326778249
-0.643708070,0.288598674,0.332551346
-0.632132936,0.260449161,0.337313464
-0.621400496,0.231759444,0.340475819
-0.615632570,0.201604941,0.342025189
-0.617739107,0.170956210,0.342487963
-0.626625117,0.141496772,0.342401751
-0.639464446,0.113505854,0.341892650
-0.654391932,0.087074222,0.344443285
-0.669850720,0.064720598,0.358897276
-0.686681916,0.039648931,0.361908611
-0.703430012,0.013927731,0.359217777
-0.719256268,-0.011599930,0.353610830
-0.727906212,-0.033239324,0.333653041
-0.739431480,-0.058176060,0.321200456
-0.753275230,-0.084895210,0.314592575
-0.767682966,-0.111358409,0.310795898
-0.785939458,-0.134177241,0.320425982
-0.800504468,-0.160264778,0.317229825
-0.811733773,-0.187100194,0.307083777
-0.818213030,-0.212055587,0.291870882
-0.813129527,-0.229676361,0.267201306
-0.816438166,-0.254771570,0.250835129
-0.822060235,-0.281838016,0.237235887
-0.826321415,-0.308713828,0.222790374
-0.829160167,-0.335323847,0.207526723
-0.830559512,-0.361597570,0.191500127
-0.830506515,-0.387464863,0.174766735
-0.837244400,-0.414180723,0.163955550
-0.852394397,-0.440601649,0.160355350
-0.851850519,-0.465680295,0.143164018
-0.847339014,-0.489212409,0.123797740
-0.841359491,-0.512025662,0.103974429
-0.821846636,-0.521772984,0.083422138
-0.799924423,-0.529190651,0.063864070
-0.788889938,-0.549643904,0.043783372
-0.777042317,-0.569656012,0.023577952
-0.774781423,-0.592967710,0.006264660
-0.782307953,-0.618597437,-0.008089630
-0.769675989,-0.636622200,-0.028828623
-0.753481542,-0.652246542,-0.049869421
-0.735926007,-0.666518698,-0.070696848
-0.707985990,-0.663207631,-0.081472530
-0.681500905,-0.663553600,-0.093901104
-0.660886492,-0.675432542,-0.113471785
-0.639198598,-0.685949780,-0.132658017
-0.626347108,-0.701382728,-0.153765575
-0.622486975,-0.720833199,-0.176619607
-0.599872480,-0.728000304,-0.195590051
-0.575082316,-0.732631388,-0.213284109
-0.548783496,-0.733988821,-0.228062877
-0.521004398,-0.721910070,-0.224952140
-0.493199871,-0.718971153,-0.234233539
-0.466109229,-0.719553400,-0.248891483
-0.441971382,-0.721966056,-0.266471922
-0.428234347,-0.731109125,-0.292429169
-0.402166105,-0.728907036,-0.307423244
-0.373978720,-0.723219214,-0.318479301
-0.347169778,-0.712842262,-0.317674224
-0.322043215,-0.700131637,-0.308801431
-0.293505849,-0.692150447,-0.317228833
-0.265263657,-0.683129089,-0.325105559
-0.247666222,-0.681382952,-0.349832299
-0.221252687,-0.670554204,-0.358711426
-0.193741796,-0.657157993,-0.362293804
-0.171263965,-0.644091362,-0.350116844
-0.147171289,-0.630495976,-0.342049425
-0.120374431,-0.615324548,-0.343001046
-0.099433785,-0.601984748,-0.357758941
-0.076237432,-0.585547727,-0.363253905
-0.051594813,-0.567320643,-0.360140533
-0.033842773,-0.557088231,-0.338374347
-0.010032449,-0.538682812,-0.332992300
0.011413696,-0.518628854,-0.334976527
0.030350954,-0.497383841,-0.339722211
0.051598665,-0.476626471,-0.331543010
0.072057948,-0.455486370,-0.322391021
0.091773870,-0.434552758,-0.311608674
0.109832010,-0.424130776,-0.290084706
0.128687924,-0.401993106,-0.280037889
0.141355275,-0.374595091,-0.281457455
0.158708915,-0.352753171,-0.268551968
0.177721897,-0.340926412,-0.248235176
0.194572497,-0.317695060,-0.237170062
0.204745513,-0.288964709,-0.235426173
0.222327722,-0.265548080,-0.225898176
0.242464520,-0.242763110,-0.221731540
0.266363476,-0.225510421,-0.229263412
0.290985168,-0.216805188,-0.245513376
0.315766863,-0.207398597,-0.261048802
0.337330969,-0.187494527,-0.268809986
0.351608494,-0.161248172,-0.263756956
0.361729889,-0.135888221,-0.250165686
0.361342932,-0.106624773,-0.240632784
0.350619076,-0.078992991,-0.236919860
0.342109397,-0.052130553,-0.225549508
0.344524629,-0.030281415,-0.205423873
0.335601948,-0.005185123,-0.190037388
0.325013595,0.018850109,-0.173934941
0.305340947,0.038083943,-0.163762631
0.295145631,0.059282806,-0.145022855
0.291084494,0.079734999,-0.125070553
0.269986536,0.093897720,-0.112059637
0.265375016,0.113751035,-0.092089503
0.252183436,0.132199663,-0.072555012
0.231797488,0.143453269,-0.056131633
0.227160672,0.163998125,-0.036779594
0.206129436,0.172491232,-0.019395374
0.197246256,0.191903241,-0.000057765
0.183328784,0.208851891,0.019803196
0.163224483,0.215513613,0.038991170
0.154304867,0.236936553,0.055724882
0.134243827,0.241702858,0.075407882
0.118540590,0.258290933,0.094315326
0.104139796,0.277454975,0.110133416
0.084214132,0.279936510,0.130497630
0.069213280,0.300638761,0.142951100
0.048117219,0.313412173,0.160796583
0.027788507,0.315132477,0.181319505
0.008123346,0.335005105,0.190362095
-0.016058576,0.346277824,0.205622976
-0.041403778,0.355861473,0.220279746
-0.065223656,0.358270771,0.237930290
-0.089991125,0.360300254,0.254587629
-0.117525469,0.370059455,0.259666264
-0.146444927,0.375390577,0.264630276
-0.176132932,0.373280022,0.272457242
-0.203610767,0.363088730,0.281314174
-0.226132240,0.343434549,0.287683920
-0.241296530,0.318100488,0.280528529
-0.248647228,0.293874036,0.264447416
-0.259121715,0.278130914,0.244025247
-0.272935598,0.252276178,0.235545805
-0.283850441,0.226155667,0.245579235
-0.306601477,0.206789835,0.252979663
-0.331022771,0.190387111,0.260554406
-0.358129188,0.177748645,0.262015819
-0.379642427,0.159434846,0.273755415
-0.391902651,0.140598337,0.293997311
-0.414195091,0.122325857,0.304882769
-0.436253070,0.103443395,0.315188139
-0.458139842,0.083921820,0.324522431
-0.482687237,0.068060057,0.316571065
-0.503693622,0.046561824,0.323055991
-0.518349320,0.026912022,0.338525540
-0.534232425,0.006517916,0.351974280
-0.554316976,-0.016224880,0.354986847
-0.572398769,-0.035070208,0.339709384
-0.590465890,-0.059926638,0.341926874
-0.605810085,-0.082845771,0.350866584
-0.619132290,-0.103312148,0.365806318
-0.635773601,-0.129238461,0.365572041
-0.648843696,-0.152433121,0.354972648
-0.658362947,-0.173708278,0.337825515
-0.671419664,-0.201299901,0.333659319
-0.684239465,-0.227943307,0.334456461
-0.698128593,-0.249854194,0.349761428
-0.709193628,-0.277780917,0.342919560
-0.719062818,-0.305843413,0.334906102
-0.718674772,-0.324432489,0.312386910
-0.719508899,-0.346499958,0.293641393
-0.724807873,-0.374711970,0.282455852
-0.732439884,-0.402629383,0.277220122
-0.746394861,-0.428359036,0.285189748
-0.750065732,-0.455950737,0.272932616
-0.751479030,-0.482992045,0.258239025
-0.748228517,-0.506259634,0.239823505
-0.732439754,-0.513223490,0.214405004
-0.726487599,-0.536226252,0.195755325
-0.721655975,-0.561250539,0.178448708
-0.717384303,-0.586511394,0.162157935
-0.727646103,-0.615110378,0.159522843
-0.727242861,-0.640997130,0.146407313
-0.718281139,-0.662834283,0.126610278
-0.707967254,-0.683669407,0.106395344
-0.689668910,-0.692348179,0.085831483
-0.665935905,-0.690879823,0.066892904
-0.650506631,-0.707516101,0.046532172
-0.634871936,-0.724475069,0.026111108
-0.620536623,-0.742235139,0.006183886
-0.622877277,-0.769225349,-0.007915409
-0.613084232,-0.788746011,-0.026952123
-0.593955425,-0.800564546,-0.048012729
-0.573821276,-0.810972088,-0.068880084
-0.547648088,-0.805931772,-0.082440404
-0.520596277,-0.797612537,-0.093346097
-0.497341605,-0.803984031,-0.112326404
-0.473751193,-0.809787296,-0.131271719
-0.456029887,-0.821259530,-0.152106447
-0.447247928,-0.839748040,-0.175059194
-0.424138653,-0.843450576,-0.194390401
-0.398650295,-0.843033024,-0.211691502
-0.372639144,-0.840781053,-0.227852147
-0.346536473,-0.825760822,-0.228698162
-0.319955140,-0.813093363,-0.232172066
-0.292985750,-0.808542272,-0.246352179
-0.266183753,-0.803298039,-0.260429798
-0.247516327,-0.807658734,-0.284126198
-0.225694599,-0.806376832,-0.304215566
-0.198770819,-0.795909661,-0.314925733
-0.171935989,-0.784278706,-0.324610455
-0.145245407,-0.771550690,-0.333258397
-0.118747528,-0.757795816,-0.340864068
-0.092484868,-0.743083138,-0.347421785
-0.068851168,-0.725884215,-0.341006682
-0.046012940,-0.708529067,-0.331369275
-0.020035032,-0.692489720,-0.335508585
0.005461289,-0.676194138,-0.340407735
0.026666307,-0.663565160,-0.358698269
0.050450784,-0.646524937,-0.365585452
0.075134924,-0.628087118,-0.365863500
0.099937703,-0.609810421,-0.365511014
0.125192010,-0.592179123,-0.364728461
0.151423976,-0.576056639,-0.363837368
0.179383657,-0.563204836,-0.363328228
0.209402751,-0.556737380,-0.363750596
0.239396076,-0.559324510,-0.362408757
0.261018379,-0.565766725,-0.343043085
0.290045393,-0.576052972,-0.342225326
0.318167610,-0.585294731,-0.344231821
0.339636116,-0.591512462,-0.362707826
0.370214879,-0.590853725,-0.360380800
0.398928903,-0.580181557,-0.359117786
0.423149439,-0.561289748,-0.359343553
0.442539955,-0.537439318,-0.360568331
0.457670385,-0.510679051,-0.362208056
0.469275967,-0.482200546,-0.363811710
0.477872910,-0.452652144,-0.365073237
0.483840962,-0.422441457,-0.365777011
0.487459636,-0.391856003,-0.365700910
0.489480358,-0.365321951,-0.351189138
0.490382436,-0.336786149,-0.342037412
0.489273489,-0.306056651,-0.340317734
0.484486190,-0.278948837,-0.353173585
0.478828690,-0.249429000,-0.353523999
0.472396214,-0.219821095,-0.347948613
0.464605881,-0.190772936,-0.341269297
0.455567017,-0.162369565,-0.333481106
0.454396401,-0.142172460,-0.311431550
0.444124085,-0.114752974,-0.302103041
0.427749512,-0.090810732,-0.304904421
0.413794689,-0.065640274,-0.295910963
0.410873386,-0.045932730,-0.274541026
0.397897868,-0.021766219,-0.260891987
0.376476682,-0.002490313,-0.259762483
0.361585377,0.019497876,-0.244266695
0.358324212,0.038109564,-0.222742673
0.338269475,0.056127598,-0.212613906
0.318957922,0.073602739,-0.199342510
0.314750105,0.092188655,-0.177973351
0.293075092,0.106276576,-0.165735911
0.274051594,0.121733525,-0.148758819
0.268406761,0.140455749,-0.127913723
0.244701722,0.149365599,-0.114629882
0.233470578,0.166742484,-0.094297142
0.219822211,0.183503515,-0.074341849
0.196350573,0.189560410,-0.058190751
0.186899577,0.209011032,-0.038713986
0.164464924,0.214211747,-0.021331347
0.146301746,0.227393322,-0.001380686
0.132140717,0.245252679,0.016354144
0.109082402,0.246878176,0.034589956
0.087601982,0.257763120,0.053806327
0.066685479,0.271434745,0.070564344
0.044580851,0.285346723,0.084670637
0.019432394,0.281809954,0.100432332
-0.009249329,0.285303928,0.110830495
-0.039348591,0.282335400,0.109592932
-0.061935306,0.272926345,0.091399145
-0.082161390,0.262612603,0.070722512
-0.109572145,0.251263700,0.065178049
-0.138721958,0.247329694,0.071935639
-0.164498799,0.237439124,0.084853837
-0.179836713,0.218321649,0.102276734
-0.201967375,0.205893597,0.119741775
-0.223382638,0.192940705,0.137712003
-0.244310780,0.179407004,0.155827967
-0.264896675,0.165237517,0.173849644
-0.287295386,0.152272011,0.189173591
-0.312082019,0.140847762,0.199812121
-0.320436963,0.122896459,0.221116847
-0.340517294,0.106125725,0.236959141
-0.366096515,0.093060944,0.241636256
-0.379114087,0.074473551,0.259974072
-0.392398976,0.055644809,0.278039890
-0.414806082,0.038641392,0.281831865
-0.435242470,0.018605816,0.288503413
-0.442603425,0.000480105,0.309281115
-0.459181333,-0.021790571,0.321606633
-0.478811572,-0.042117777,0.319553039
-0.496603128,-0.065310140,0.321241771
-0.510191779,-0.089266153,0.332175902
-0.518603103,-0.109295604,0.350731793
-0.533685389,-0.135594473,0.356214169
-0.547532948,-0.157253368,0.343171441
-0.560433947,-0.184268019,0.341618599
-0.571367587,-0.210931589,0.348280259
-0.579608899,-0.232622909,0.365740270
-0.590494059,-0.261443772,0.365676995
-0.599047834,-0.288233087,0.357922113
-0.603261447,-0.309699030,0.338300850
-0.610008961,-0.339495253,0.334329172
-0.616189847,-0.369041145,0.332854075
-0.624816364,-0.392818652,0.349625573
-0.629450841,-0.422511512,0.344213268
-0.632563104,-0.452193130,0.336569937
-0.629296694,-0.473703994,0.316962709
-0.623504214,-0.493563146,0.295659951
-0.621788306,-0.522429596,0.285035606
-0.619442885,-0.551318111,0.274939595
-0.624670678,-0.581121688,0.279801016
-0.625381203,-0.610613102,0.276216014
-0.619619045,-0.637560474,0.262440721
-0.612475924,-0.663776904,0.247921910
-0.603993159,-0.689205561,0.232738713
-0.594184645,-0.713777718,0.216955181
-0.583060102,-0.737421946,0.200635483
-0.570359927,-0.759614430,0.183596961
-0.550601821,-0.766248552,0.161802076
-0.529385202,-0.770804201,0.140556085
-0.512462663,-0.789712977,0.123203254
-0.494709828,-0.808098620,0.106000443
-0.478490866,-0.828498918,0.090366319
-0.471542684,-0.856894806,0.080822138
-0.459376799,-0.881133949,0.067646207
-0.438302066,-0.895002030,0.049963258
-0.416250472,-0.907639838,0.032552041
-0.392894536,-0.918053886,0.015518239
-0.366516582,-0.913382100,0.001013498
-0.339666558,-0.905471570,-0.011649691
-0.313197869,-0.910987716,-0.025890034
-0.286533887,-0.918358602,-0.039448305
-0.259030525,-0.924776040,-0.051754265
-0.230695967,-0.930388868,-0.062459665
-0.202296650,-0.937904695,-0.071566569
-0.175402697,-0.950786780,-0.079200944
-0.149000372,-0.965867678,-0.084070069
-0.121397844,-0.979370705,-0.084077856
-0.092785790,-0.987512848,-0.076711601
-0.065906974,-0.992415027,-0.062589676
-0.041840115,-0.996482864,-0.043837776
-0.020057450,-0.999100987,-0.022224131
-0.001657645,-0.990207704,-0.001851419
0.011291665,-0.966286450,0.011901171
0.032630030,-0.962153460,0.032831003
0.056481550,-0.958669449,0.051975244
0.083047547,-0.954123417,0.066794530
0.112136142,-0.951801047,0.076351980
0.142191252,-0.955867221,0.081450214
0.172243596,-0.962484678,0.082479775
0.202494099,-0.966972329,0.079248148
0.232153485,-0.965428138,0.071465649
0.260530424,-0.960222647,0.060666832
0.288037243,-0.954290883,0.048126638
0.314702526,-0.947495860,0.034273851
0.340281096,-0.939172004,0.019338248
0.358749529,-0.919854447,0.004809851
0.373118563,-0.896084032,-0.008490414
0.393489526,-0.879454217,-0.023800974
0.416369282,-0.867129102,-0.040346230
0.438268700,-0.853539509,-0.057224356
0.462110697,-0.847914663,-0.075128355
0.486565393,-0.849620443,-0.093750803
0.508023076,-0.840520193,-0.112925764
0.525320197,-0.822337223,-0.130794856
0.541464491,-0.802987986,-0.148517461
0.556420058,-0.782508605,-0.166012258
0.570138663,-0.760929480,-0.183196186
0.582596071,-0.738306682,-0.199993419
0.593771592,-0.714700433,-0.216332275
0.600211735,-0.687753041,-0.227707236
0.597211924,-0.657166631,-0.226706285
0.601706385,-0.628898213,-0.235816933
0.608942449,-0.602345356,-0.249662389
0.616999610,-0.578700414,-0.266273200
0.629617738,-0.567480523,-0.291984268
0.633748680,-0.541558230,-0.306689846
0.634760162,-0.512717428,-0.317474199
0.632437207,-0.483527027,-0.321730505
0.624091763,-0.457424766,-0.308581745
0.622238231,-0.427780130,-0.315852515
0.619421464,-0.397992097,-0.323189504
0.619862577,-0.376078356,-0.343284955
0.616728729,-0.351078606,-0.357980820
0.609310017,-0.321414715,-0.361739878
0.600924939,-0.295902949,-0.351947368
0.592398194,-0.270477540,-0.341735963
0.582812734,-0.241222789,-0.342916875
0.573593367,-0.217071226,-0.355467617
0.562242274,-0.192171112,-0.363675628
0.548937582,-0.164540012,-0.360734011
0.541444563,-0.144723895,-0.340729398
0.528166101,-0.118482488,-0.333603842
0.512569604,-0.093281610,-0.333189891
0.495147980,-0.072064264,-0.340535863
0.479091803,-0.047959940,-0.330973732
0.472371056,-0.029624640,-0.309508040
0.454906530,-0.006073573,-0.300046536
0.432240187,0.011600855,-0.305222345
0.413646188,0.032879748,-0.292947025
0.407517040,0.050551067,-0.270793964
0.388202679,0.070760037,-0.258058099
0.363170836,0.084561645,-0.256142470
0.348454451,0.102539679,-0.238264684
0.336532808,0.120181683,-0.219184335
0.310563020,0.130685144,-0.213240136
0.291074696,0.146673603,-0.195757226
0.281686354,0.164533245,-0.175049562
0.255546353,0.172723809,-0.164627466
0.234211603,0.186046573,-0.147041102
0.213069826,0.199291984,-0.128960263
0.200442948,0.218079093,-0.109683529
0.175998295,0.227323541,-0.094884700
0.149964584,0.233515889,-0.081790084
0.124422630,0.245072523,-0.069100642
0.096431734,0.256583733,-0.065126137
0.077863161,0.275536039,-0.074243220
0.058698577,0.278512168,-0.094963590
0.034858481,0.283383055,-0.111034767
0.004556990,0.285059948,-0.109697257
-0.023676199,0.280735421,-0.098351246
-0.049361869,0.273393866,-0.083043618
-0.073489785,0.273969814,-0.065510793
-0.095013712,0.261917200,-0.048501722
-0.112397828,0.245075979,-0.031467419
-0.132712966,0.233346069,-0.011493322
-0.155806886,0.230548570,0.006590774
-0.168440587,0.212356917,0.025139224
-0.186048165,0.198666191,0.045415235
-0.208709066,0.192427666,0.062190050
-0.216772216,0.173335365,0.081913551
-0.240185377,0.166288845,0.096783365
-0.254060509,0.149314250,0.116722343
-0.263980304,0.131518828,0.137112248
-0.287818653,0.121207251,0.149115104
-0.293793072,0.102741139,0.169866011
-0.309719610,0.084659722,0.188535629
-0.333094010,0.070631227,0.197142865
-0.339036817,0.051927793,0.217576377
-0.352577218,0.031575013,0.235325805
-0.375131219,0.014213480,0.239256149
-0.386675283,-0.007749603,0.255902482
-0.392601292,-0.028016093,0.275686016
-0.409380180,-0.050490553,0.282657564
-0.425836914,-0.073708634,0.286241491
-0.433525162,-0.097153107,0.302036012
-0.439316260,-0.119760464,0.319210117
-0.451729349,-0.146526184,0.323831552
-0.464632715,-0.172675435,0.319244664
-0.472447215,-0.201520403,0.326454087
-0.473422905,-0.223197663,0.347775267
-0.479437666,-0.252645253,0.354060510
-0.484231904,-0.282761557,0.358429928
-0.487440490,-0.313220061,0.361751425
-0.488917194,-0.343904629,0.364053515
-0.489073576,-0.372091180,0.353997769
-0.486587002,-0.399912749,0.342944760
-0.481459200,-0.430277137,0.342180539
-0.474251946,-0.459927955,0.343767436
-0.467154695,-0.486395905,0.357769185
-0.455967421,-0.514180874,0.361994879
-0.440326541,-0.540644577,0.360380199
-0.420360995,-0.564013799,0.359246256
-0.395499544,-0.582035923,0.359195561
-0.366377166,-0.591489582,0.360638359
-0.335790571,-0.590948038,0.363015757
-0.306135548,-0.583012521,0.365047448
-0.277441159,-0.571833347,0.365857913
-0.248446099,-0.561473219,0.365311497
-0.218144396,-0.556561374,0.364058588
-0.187718151,-0.560538607,0.363334192
-0.159161031,-0.571971105,0.363628871
-0.132513606,-0.587390381,0.364468933
-0.109601629,-0.603553571,0.352894412
-0.086206932,-0.619975655,0.343020267
-0.061004116,-0.637692799,0.342507377
-0.035938431,-0.655374649,0.342760694
-0.014919046,-0.671975660,0.357782728
0.009094278,-0.689681098,0.361616904
0.034428844,-0.706913016,0.358380059
0.058379824,-0.720572381,0.347020700
0.079345157,-0.728093849,0.325884737
0.105809609,-0.741756468,0.318267135
0.132654364,-0.755078258,0.311241184
0.156941631,-0.772214084,0.317629710
0.181927535,-0.788749846,0.321122289
0.208802776,-0.799949084,0.311048793
0.235744144,-0.809977416,0.299969674
0.262691183,-0.818776404,0.287903736
0.289579463,-0.826303365,0.274884021
0.316339861,-0.832498346,0.260932549
0.342034650,-0.835860867,0.244862696
0.355726350,-0.824228377,0.220322560
0.375914081,-0.818025877,0.199586817
0.401843393,-0.818062430,0.182949751
0.427761570,-0.818004190,0.166645059
0.454716078,-0.831449920,0.162240402
0.481299970,-0.838780032,0.151675293
0.504871883,-0.834342601,0.132342435
0.527715839,-0.828442584,0.112532694
0.544568116,-0.815944773,0.091866913
0.545608328,-0.791356780,0.073414201
0.563190846,-0.777648580,0.053117739
0.583229135,-0.765950339,0.032850678
0.602458022,-0.753286119,0.012526711
0.628323230,-0.758820632,-0.002231898
0.651438878,-0.757970727,-0.019739741
0.667025163,-0.741921859,-0.040919214
0.681404932,-0.724640116,-0.061981946
0.690173454,-0.703100642,-0.080703277
0.681936354,-0.674345038,-0.088088019
0.688895732,-0.650885518,-0.105240775
0.699344066,-0.629371969,-0.124659936
0.708440581,-0.606932408,-0.143660678
0.729417129,-0.606359387,-0.165725020
0.741680632,-0.591620853,-0.186728585
0.746288547,-0.567084783,-0.204779164
0.749477418,-0.541832727,-0.222135496
0.740837524,-0.514124161,-0.225169430
0.731630979,-0.486274533,-0.226937857
0.732175069,-0.459414533,-0.242015588
0.731245505,-0.432086244,-0.256207073
0.737743125,-0.414711425,-0.278742939
0.742399658,-0.396982611,-0.301154086
0.736692477,-0.369026354,-0.312772828
0.729646697,-0.340945264,-0.323305359
0.716393957,-0.316099286,-0.315106649
0.704819940,-0.289719866,-0.312818499
0.695522354,-0.261425882,-0.320699347
0.687137985,-0.235380173,-0.332348955
0.683670281,-0.217331849,-0.356272272
0.670174731,-0.189961086,-0.360500474
0.655602947,-0.163392027,-0.360478799
0.642229274,-0.142617670,-0.342500481
0.626895609,-0.116087609,-0.342664039
0.611220738,-0.090911812,-0.347396265
0.596600298,-0.070907086,-0.364344815
0.578170700,-0.046345009,-0.361845877
0.563230696,-0.025255165,-0.348596110
0.548203803,-0.004236953,-0.335188052
0.528574766,0.019020440,-0.330392499
0.507083846,0.036353087,-0.342273039
0.485809626,0.057443474,-0.335933967
0.464436462,0.077949126,-0.327451121
0.442735825,0.097724137,-0.318107456
0.427878780,0.116387417,-0.300600399
0.410080533,0.135368051,-0.286027474
0.385730101,0.151821443,-0.280844212
0.359928618,0.165706768,-0.277970130
0.339364209,0.183736882,-0.264783772
0.325467617,0.203511190,-0.247651067
0.302561476,0.222350353,-0.239336611
0.278013561,0.238760635,-0.239720868
0.257649985,0.258559248,-0.247863518
0.249041281,0.284656393,-0.261471840
0.250824909,0.312894793,-0.263027923
0.239796379,0.339079205,-0.274423687
0.216326769,0.356627477,-0.282381707
0.186595750,0.363279076,-0.285781653
0.156622733,0.366448499,-0.279901747
0.127476382,0.366034550,-0.270030212
0.104848327,0.371714577,-0.250360484
0.077084377,0.366351625,-0.238197569
0.052061257,0.350038390,-0.235208299
0.026775808,0.340883810,-0.220180000
0.002627267,0.330488149,-0.204121738
-0.018221520,0.330045137,-0.183330480
-0.040520178,0.317272993,-0.167047257
-0.058305896,0.297188101,-0.155284977
-0.078584432,0.295356148,-0.134428841
-0.096461928,0.278667873,-0.117813553
-0.111314416,0.259873958,-0.101793479
-0.131666053,0.256123315,-0.081364443
-0.142072503,0.234551355,-0.065766707
-0.160867682,0.226498869,-0.046070417
-0.178134945,0.213759453,-0.026271536
-0.186270039,0.193181526,-0.008212097
-0.207079832,0.185993290,0.010064664
-0.212790803,0.165221260,0.028833181
-0.231017064,0.153126310,0.047337649
-0.248001293,0.138569338,0.065767729
-0.252009973,0.118355065,0.085596816
-0.273550235,0.105651544,0.100488668
-0.278865320,0.085456797,0.120509021
-0.289574056,0.065300747,0.139981356
-0.310013201,0.048041963,0.152011350
-0.311116592,0.027184319,0.172540855
-0.321513595,0.004212432,0.190121308
-0.331489323,-0.019920625,0.206465599
-0.347424445,-0.043576188,0.213890480
-0.355944899,-0.070313956,0.225613629
-0.351025203,-0.092729876,0.245020444
-0.352938020,-0.121228576,0.256442308
-0.350872385,-0.150701844,0.264994617
-0.341840763,-0.179704954,0.269051658
-0.331369468,-0.204383572,0.258111902
-0.309966388,-0.218984559,0.243414137
-0.282506061,-0.220337457,0.237903341
-0.257344769,-0.230665714,0.224952552
-0.234663226,-0.250856955,0.222253296
-0.215709029,-0.274110231,0.229019345
-0.198556386,-0.297419821,0.239569955
-0.181950785,-0.320428625,0.251576576
-0.167328881,-0.345109851,0.260269305
-0.154244942,-0.371266812,0.263874605
-0.136177230,-0.393514648,0.275184847
-0.117464746,-0.415484356,0.285977392
-0.098564057,-0.432456629,0.301127187
-0.079967632,-0.446996179,0.318503290
-0.061018511,-0.469364132,0.323363254
-0.043540301,-0.492098804,0.318588345
-0.021288409,-0.512278547,0.325433055
-0.003242404,-0.522567363,0.347252172
0.019594196,-0.541797272,0.354114966
0.040862303,-0.560755707,0.348717151
0.062787635,-0.578317792,0.340767596
0.088309753,-0.595486141,0.342511960
0.108457674,-0.607779191,0.361355028
0.133574050,-0.623511960,0.365851461
0.159988034,-0.638968182,0.364096366
0.180217476,-0.647972277,0.343322174
0.206861172,-0.659877354,0.335771074
0.234914043,-0.671663473,0.330978443
0.256870933,-0.684955660,0.347103314
0.284084099,-0.696645830,0.346234257
0.312342413,-0.706371579,0.338751142
0.336280828,-0.710648215,0.323131882
0.353067487,-0.707315117,0.298369101
0.381478959,-0.712484603,0.287636875
0.409695646,-0.716261416,0.275862064
0.436815992,-0.726821679,0.278377402
0.464018257,-0.736697635,0.279121683
0.491283928,-0.737990415,0.264837654
0.518084988,-0.737869981,0.249644876
0.534099425,-0.728384442,0.227666179
0.544149477,-0.713683763,0.203438159
0.569394103,-0.708800957,0.186468710
0.593854554,-0.702474464,0.168841035
0.622058144,-0.707701201,0.162286189
0.650232133,-0.713388201,0.155573954
0.672307592,-0.704410417,0.136050366
0.693379664,-0.694091509,0.116085264
0.709441052,-0.679740327,0.095224616
0.705495708,-0.655793067,0.076453275
0.717203221,-0.637598211,0.056243782
0.734381757,-0.622000420,0.035978530
0.750265011,-0.605199733,0.015618277
0.775627611,-0.602873803,0.000266532
0.799882161,-0.599534727,-0.016166278
0.811934930,-0.580486551,-0.037166459
0.822595619,-0.560454920,-0.058004648
0.829240387,-0.538209639,-0.077659110
0.818268226,-0.511417430,-0.087551987
0.815262451,-0.485497986,-0.101683000
0.821329103,-0.462029214,-0.120696968
0.826112703,-0.438009439,-0.139328019
0.842680895,-0.425741644,-0.161464524
0.856632701,-0.411736579,-0.183852433
0.856483736,-0.386377719,-0.201346573
0.854904640,-0.360595333,-0.218136521
0.847653818,-0.334078370,-0.229380405
0.829788889,-0.309189174,-0.226541505
0.822118135,-0.282103763,-0.237104241
0.816494092,-0.255036940,-0.250702357
0.809551497,-0.227846957,-0.263416445
0.801329698,-0.200597186,-0.275207309
0.791873114,-0.173348980,-0.286037192
0.781261408,-0.146157742,-0.295896344
0.776360951,-0.122975006,-0.314497637
0.771852165,-0.101490391,-0.335426387
0.757814668,-0.075201078,-0.342962077
0.742485856,-0.049046837,-0.348114977
0.724788273,-0.026404442,-0.337852350
0.707793804,-0.002293647,-0.331953605
0.692029619,0.023928992,-0.335581519
0.676047858,0.050126086,-0.338340760
0.660174121,0.076460181,-0.340304889
0.644921800,0.103199717,-0.341568918
0.631156501,0.130748058,-0.342261550
0.620474680,0.159618019,-0.342503907
0.615493779,0.189947540,-0.342289446
0.618421520,0.220508672,-0.341229756
0.626565486,0.241656611,-0.357926252
0.638680621,0.267967781,-0.361154803
0.651058928,0.295834819,-0.356780260
0.655331372,0.317000571,-0.339511176
0.655087245,0.339235894,-0.322680968
0.651214501,0.369394460,-0.318504923
0.638780232,0.397431978,-0.317026882
0.619981219,0.421745728,-0.318044835
0.597158940,0.442223378,-0.320692202
0.571754763,0.459260850,-0.324213893
0.544606549,0.473281851,-0.328070463
0.516225061,0.484624352,-0.331887192
0.486950161,0.493542824,-0.335396881
0.457179846,0.500308413,-0.339204793
0.432820982,0.505631311,-0.357014437
0.404193679,0.508112465,-0.365551622
0.373390373,0.508415686,-0.365849543
0.345310488,0.507560144,-0.356120940
0.318790535,0.506244734,-0.342278891
0.288220899,0.502859721,-0.340515359
0.257939898,0.497949113,-0.337681542
0.228048152,0.491611063,-0.333756332
0.199549878,0.482784854,-0.334656364
0.173403513,0.470935310,-0.341113723
0.145625516,0.460568297,-0.332914921
0.125646584,0.458521045,-0.310516525
0.098655341,0.446751684,-0.301455812
0.075656914,0.428931492,-0.305100235
0.050927039,0.414359287,-0.294820289
0.032288943,0.411928073,-0.272758444
0.008472239,0.397225703,-0.259882491
-0.009976405,0.375148385,-0.258562756
-0.031110762,0.361379405,-0.241849404
-0.049817011,0.355709162,-0.221371551
-0.065710979,0.333446833,-0.213748553
-0.083924897,0.315306606,-0.197708652
-0.101879391,0.311018501,-0.176825406
-0.114361522,0.288770303,-0.165655724
-0.129859706,0.270247145,-0.147942369
-0.148367946,0.263800698,-0.127228958
-0.156627960,0.239856982,-0.113965734
-0.173572751,0.227585104,-0.093696734
-0.190199500,0.213918146,-0.073881174
-0.195400875,0.190547505,-0.058229587
-0.214671455,0.180410177,-0.038939855
-0.219532829,0.157775633,-0.021744006
-0.231715336,0.138474376,-0.002063118
-0.249664172,0.123501795,0.015380933
-0.260819838,0.101481414,0.033815030
-0.261598889,0.077521828,0.051240794
-0.270038228,0.053265049,0.067924983
-0.285714977,0.030376865,0.078619330
-0.289413648,0.001096070,0.087022635
-0.286790697,-0.028653950,0.082318660
-0.279356072,-0.050964452,0.062655756
-0.271155837,-0.073994681,0.044315625
-0.260981538,-0.102517692,0.042903673
-0.242412190,-0.123933544,0.053898312
-0.233117056,-0.149159404,0.068404562
-0.228734083,-0.175232490,0.082008389
-0.216216281,-0.197519399,0.099208518
-0.203084132,-0.219070622,0.116883400
-0.189314468,-0.240092422,0.134710613
-0.174874035,-0.260722755,0.152464294
-0.156657033,-0.269694393,0.173262864
-0.142552983,-0.290789600,0.189791454
-0.131916878,-0.315378496,0.199060111
-0.114213013,-0.322739515,0.220202182
-0.096804399,-0.341832182,0.236849443
-0.083910947,-0.367272929,0.240621465
-0.064963567,-0.381493959,0.257844315
-0.046490304,-0.392187797,0.276844719
-0.028756450,-0.413973076,0.281502323
-0.008546947,-0.434158680,0.287599058
0.009850850,-0.441378400,0.308061085
0.032374772,-0.457075586,0.320801975
0.053345972,-0.476127543,0.319484536
0.076766149,-0.493438190,0.320672458
0.101254309,-0.506630116,0.331282834
0.121289812,-0.514226914,0.350234971
0.147967563,-0.528594915,0.355804036
0.170063121,-0.541920808,0.343067643
0.197359303,-0.554078227,0.341451654
0.224938702,-0.564497121,0.347112607
0.247382167,-0.572178726,0.365708856
0.276530132,-0.582155269,0.365715261
0.305206353,-0.590583807,0.361501189
0.325085314,-0.593440088,0.338784026
0.355033676,-0.599152508,0.334705804
0.384658883,-0.604447854,0.334053853
0.410055352,-0.612047586,0.349259067
0.440015938,-0.615744629,0.344686125
0.469836189,-0.617716820,0.337202836
0.492650040,-0.614322975,0.319306591
0.510933872,-0.607076886,0.296683530
0.539803699,-0.604189872,0.286323911
0.568156907,-0.599847014,0.275083333
0.595917952,-0.594075358,0.263037470
0.623005806,-0.586878857,0.250247876
0.649327771,-0.578241627,0.236769738
0.677109377,-0.571302104,0.226806278
0.707896552,-0.571650524,0.226857422
0.735842110,-0.565227907,0.218103243
0.759118467,-0.552554506,0.202395507
0.781080910,-0.538390792,0.186145660
0.791465431,-0.518642901,0.165615740
0.795250033,-0.496434937,0.144628423
0.810160337,-0.476463054,0.127085245
0.828018409,-0.457096706,0.111111561
0.845053715,-0.436790537,0.095447851
0.870311769,-0.423443984,0.084937566
0.897521268,-0.412384254,0.075951199
0.914431887,-0.391580378,0.061722851
0.926764950,-0.367512350,0.046967204
0.937961406,-0.342348848,0.033164722
0.948107214,-0.316118623,0.020593901
0.955942361,-0.288440257,0.009671325
0.958804654,-0.259023425,0.001131808
0.957907316,-0.228720765,-0.004191696
0.955384438,-0.198070732,-0.005572248
0.953633283,-0.167554775,-0.002056005
0.954508333,-0.138314649,0.007394472
0.957047023,-0.111704939,0.022610377
0.957700773,-0.087735478,0.041909456
0.956135693,-0.065633927,0.063301931
0.970337154,-0.050577528,0.083633804
0.984155847,-0.035829646,0.104245013
0.977991982,-0.013623428,0.124671226
0.971269299,0.010942171,0.141946071
0.965035301,0.038334237,0.154458577
0.958230209,0.067647457,0.160095214
0.944164912,0.094582278,0.155766186
0.929688449,0.120356285,0.147177127
0.922939678,0.149033879,0.138954840
0.921375617,0.178598707,0.130449112
0.919506909,0.207510445,0.119977346
0.917044949,0.235771292,0.107961251
0.914582915,0.263560450,0.094950159
0.923533702,0.291332780,0.085659682
0.934532806,0.318468146,0.076250866
0.933172723,0.344842041,0.061135179
0.926314888,0.369577689,0.044097552
0.918237384,0.393562887,0.026530112
0.904138082,0.413645242,0.009013612
0.878876135,0.423685647,-0.005344276
0.857993474,0.438682885,-0.021172972
0.844939313,0.460006336,-0.039173641
0.830576309,0.480353169,-0.057307608
0.814899261,0.499657483,-0.075492999
0.797934368,0.517871437,-0.093646871
0.779725811,0.534959452,-0.111689959
0.760310232,0.550876810,-0.129544847
0.747265363,0.569154976,-0.149468108
0.744825668,0.590067898,-0.171867029
0.727444505,0.604591696,-0.191455792
0.703964409,0.615046715,-0.208440326
0.678786650,0.623309962,-0.223803922
0.648508787,0.620571987,-0.225447174
0.618754723,0.620062546,-0.229766238
0.592301662,0.626595603,-0.244141714
0.565448788,0.631963364,-0.258115083
0.551614294,0.643549908,-0.282444565
0.531396710,0.650409610,-0.302524286
0.502716880,0.650704715,-0.313771217
0.473687389,0.649660347,-0.324033679
0.447199050,0.640919329,-0.313034032
0.418539470,0.635778357,-0.313220224
0.388924582,0.632305271,-0.320968053
0.363503814,0.630173477,-0.335043643
0.343489384,0.629302235,-0.356364255
0.314037649,0.621298176,-0.360564480
0.285154958,0.612060560,-0.361353214
0.263465607,0.603110394,-0.342199613
0.234614854,0.592964701,-0.342656636
0.206432385,0.581894778,-0.345329448
0.185652374,0.571719712,-0.364372741
0.158236184,0.557898479,-0.361826485
0.135846707,0.547483055,-0.347554344
0.112567396,0.536051612,-0.335083093
0.086466172,0.520520815,-0.330477463
0.066497806,0.502400726,-0.342986046
0.042274858,0.485134091,-0.334967743
0.023513288,0.476637074,-0.315245819
0.001037590,0.460840613,-0.303239755
-0.018184036,0.439702419,-0.303180141
-0.037646759,0.418896800,-0.297078941
-0.056122616,0.409207405,-0.276950081
-0.075907983,0.392355175,-0.261859049
-0.089938359,0.366570306,-0.260231100
-0.107770297,0.346834210,-0.244982802
-0.125642984,0.338475172,-0.223557035
-0.139856708,0.315264993,-0.212214447
-0.151840337,0.291230952,-0.201021345
-0.170175586,0.281688843,-0.179821471
-0.185041770,0.260446762,-0.163175149
-0.199251261,0.238821866,-0.146448338
-0.204563190,0.211615289,-0.135608951
-0.220839298,0.194080055,-0.117744049
-0.236457361,0.174169884,-0.101899954
-0.249039824,0.148851866,-0.089716771
-0.261909753,0.121553857,-0.084410891
-0.268509665,0.096334834,-0.095064258
-0.276535387,0.077498489,-0.116144158
-0.296289679,0.061525443,-0.127100361
-0.302091798,0.031913623,-0.129981224
-0.300443960,0.002439339,-0.121555662
-0.294726136,-0.024785684,-0.108382801
-0.282599785,-0.048396995,-0.094649104
-0.268094896,-0.069508090,-0.079288043
-0.268190347,-0.092296172,-0.060806049
-0.256675905,-0.113810711,-0.041998006
-0.240804374,-0.130876753,-0.024054391
-0.224656857,-0.146677079,-0.005074034
-0.221123538,-0.169209165,0.012865621
-0.201401504,-0.179285607,0.031695769
-0.195145769,-0.201092723,0.048928698
-0.180626551,-0.218280957,0.068692206
-0.162266675,-0.227167288,0.088656796
-0.154261264,-0.250409606,0.103277366
-0.135293434,-0.256334811,0.123803311
-0.120655841,-0.275258809,0.141511053
-0.107292234,-0.296549890,0.155301510
-0.088512383,-0.300884412,0.176463517
-0.072084635,-0.320374221,0.190577958
-0.054647046,-0.340086440,0.202649776
-0.035914531,-0.343099131,0.224156729
-0.015372054,-0.360223675,0.237736434
0.004524068,-0.380259212,0.244176065
0.024896241,-0.385520399,0.263964937
0.047850810,-0.395887435,0.280111981
0.070020187,-0.414915728,0.279499275
0.096267137,-0.426990388,0.289823253
0.116671305,-0.428768031,0.310579117
0.143359647,-0.437840225,0.322155364
0.169475658,-0.450656541,0.318585657
0.198010439,-0.459463263,0.321029927
0.227638803,-0.465282492,0.327142375
0.257737588,-0.469487236,0.332185109
0.288184832,-0.471927397,0.336187732
0.313584019,-0.470547941,0.352592215
0.342040610,-0.469113477,0.361924878
0.372660477,-0.466467575,0.363984397
0.401092656,-0.462105767,0.355543180
0.427678061,-0.454810476,0.343039894
0.456101596,-0.442977160,0.342745065
0.482403433,-0.427008652,0.342282730
0.504867518,-0.406033889,0.342018889
0.520425892,-0.379607051,0.342288134
0.525883328,-0.349458281,0.342900286
0.522172486,-0.318948645,0.342920065
0.513908240,-0.289305119,0.341599443
0.506298697,-0.259576145,0.339043285
0.504767908,-0.229015689,0.336456155
0.512268179,-0.199258865,0.335501098
0.526217372,-0.171839307,0.336310907
0.541345965,-0.147052087,0.344606307
0.555786240,-0.124641145,0.359691403
0.575224133,-0.100914330,0.362419358
0.594960281,-0.077325752,0.364267885
0.612937554,-0.056361954,0.352403991
0.630377523,-0.033888087,0.342904592
0.648649012,-0.009098722,0.341949379
0.666090237,0.014232630,0.348541347
0.682966697,0.035482521,0.362074312
0.700308520,0.060751983,0.359339091
0.715757039,0.085834549,0.352231508
0.722340478,0.105470746,0.329542439
0.734632830,0.131227036,0.319456050
0.747486646,0.158190890,0.311913542
0.763739246,0.182790817,0.317205488
0.780123738,0.207373374,0.322332750
0.790932023,0.234375014,0.312171411
0.800075678,0.261189771,0.300412534
0.795757914,0.278445923,0.276064289
0.794759535,0.300149542,0.256055700
0.799701431,0.327270763,0.242302628
0.803239327,0.354158678,0.227685867
0.817141447,0.380878632,0.226451726
0.829598341,0.407646710,0.222776072
0.830354975,0.433332403,0.205782436
0.829661241,0.458532148,0.188073943
0.818533092,0.474906188,0.166214804
0.800199042,0.483955815,0.143549599
0.793140672,0.506473947,0.124079418
0.786193115,0.529496409,0.104824006
0.777759686,0.551666070,0.085165533
0.767858293,0.572912633,0.065175004
0.756512858,0.593168730,0.044925269
0.743753110,0.612370278,0.024490623
0.737066899,0.634466498,0.005689414
0.742079652,0.660652587,-0.009651713
0.731736664,0.679743581,-0.030032869
0.714713894,0.694232915,-0.051231136
0.696330115,0.707205068,-0.072148201
0.668639272,0.702182700,-0.082920597
0.642225889,0.701029420,-0.095458150
0.620956053,0.711549481,-0.115104906
0.598682888,0.720656385,-0.134341746
0.584792195,0.735098125,-0.155512905
0.579798522,0.754166751,-0.178481391
0.556825505,0.759945208,-0.197471492
0.531767450,0.763030651,-0.215125168
0.505417014,0.762853245,-0.229904621
0.478367533,0.749267902,-0.226711650
0.450747515,0.744625096,-0.235774423
0.423616602,0.743602209,-0.250333506
0.397280518,0.742445045,-0.265505825
0.384694773,0.751637787,-0.291734933
0.360258359,0.749375579,-0.308085899
0.332381883,0.742163039,-0.319040915
0.306021286,0.730580897,-0.318789739
0.281806392,0.716429238,-0.309181616
0.253693422,0.706977578,-0.317514789
0.225884193,0.696478261,-0.325188620
0.208338654,0.693833676,-0.349857478
0.182532034,0.681771861,-0.358777837
0.155692399,0.667065146,-0.362313402
0.134059759,0.653012799,-0.349679011
0.110493280,0.638265373,-0.342023293
0.084409073,0.621899615,-0.342993211
0.063084551,0.607038482,-0.356579337
0.040701169,0.589547603,-0.363307500
0.016926531,0.570441474,-0.359727848
-0.001252523,0.558660225,-0.338552665
-0.024369556,0.539249828,-0.333242776
-0.046932683,0.518914134,-0.328086359
-0.068782558,0.498076022,-0.321954819
-0.089167349,0.476065395,-0.318072576
-0.104910390,0.451727807,-0.323773344
-0.124223510,0.429584610,-0.314499729
-0.142860360,0.418208349,-0.293436633
-0.162032454,0.396309646,-0.283548981
-0.176739538,0.370565602,-0.282772753
-0.193049509,0.345916249,-0.277882796
-0.212591033,0.323495705,-0.269876654
-0.236762083,0.307661907,-0.260224714
-0.264331772,0.295461695,-0.259130776
-0.291921877,0.288524511,-0.270640548
-0.306822714,0.279999280,-0.293267173
-0.334408718,0.273273995,-0.304873305
-0.359517879,0.256431759,-0.306966373
-0.378030158,0.233971451,-0.297362834
-0.386985391,0.205613350,-0.290147187
-0.389599833,0.175775983,-0.283045693
-0.383046742,0.146611909,-0.283055868
-0.376316598,0.118015176,-0.276373140
-0.375280579,0.093276101,-0.259740513
-0.372724717,0.068808213,-0.242923719
-0.357740870,0.044106442,-0.236828609
-0.344752344,0.019858005,-0.224608110
-0.344921083,-0.000777041,-0.203294801
-0.330131185,-0.022955143,-0.189873259
-0.311784496,-0.042052155,-0.178221605
-0.310411802,-0.061688645,-0.157487478
-0.292960233,-0.079725223,-0.142538347
-0.274693500,-0.095939655,-0.126867924
-0.271520458,-0.115661107,-0.106446154
-0.256470127,-0.133949902,-0.086740428
-0.236692189,-0.146258264,-0.069964454
-0.219882281,-0.160781227,-0.050306613
-0.213360885,-0.180703742,-0.031016526
-0.192309222,-0.187413571,-0.013846444
-0.184777421,-0.208008285,0.004598747
-0.165420043,-0.217400859,0.023986666
-0.146878970,-0.228020990,0.044248170
-0.136213906,-0.248752793,0.060682014
-0.115665063,-0.251898125,0.080293461
-0.101373954,-0.271353675,0.096342048
-0.082051202,-0.284427798,0.114714181
-0.061390884,-0.287511220,0.134773790
-0.043796372,-0.308002638,0.146605958
-0.020669305,-0.319090466,0.163674383
0.003606960,-0.329070378,0.179802360
0.025486835,-0.326766854,0.199986449
0.051431337,-0.335907859,0.212930047
0.077879393,-0.348063120,0.218364773
0.106775092,-0.349740520,0.228842175
0.136452412,-0.346547022,0.236181939
0.164878877,-0.335404198,0.237539847
0.178225663,-0.310555207,0.238913857
0.189476130,-0.287079617,0.222855574
0.204015536,-0.276407262,0.201409539
0.222376910,-0.253750361,0.192659981
0.245921169,-0.234367323,0.196018964
0.269788123,-0.217252453,0.205273361
0.293194537,-0.200897470,0.216842195
0.315038104,-0.184154803,0.230220664
0.327596200,-0.165434806,0.249998006
0.351769367,-0.150639369,0.260081203
0.377913191,-0.137392796,0.263941083
0.394685501,-0.119170769,0.280076748
0.409350097,-0.101003868,0.297826090
0.432231409,-0.083344907,0.304683653
0.456046711,-0.066911570,0.303285502
0.474004765,-0.046432616,0.315610839
0.485691897,-0.027954380,0.334756049
0.505803269,-0.005984547,0.342634262
0.526253291,0.011444115,0.330226988
0.544982177,0.035344451,0.334724347
0.559047873,0.056760074,0.347644299
0.572458182,0.077771082,0.361489448
0.589816221,0.103084598,0.364153446
0.603344386,0.123297185,0.348585096
0.617627721,0.148537246,0.342766856
0.631731537,0.175888483,0.341306494
0.643758509,0.196832409,0.358552155
0.656928013,0.223245128,0.360959885
0.669184592,0.251211467,0.356861988
0.673557373,0.270793909,0.337544840
0.678657509,0.293974464,0.321992596
0.686718606,0.322693840,0.314288412
0.694793409,0.350854463,0.309486632
0.708232299,0.373623285,0.324444368
0.714433414,0.401920131,0.315286983
0.718945420,0.430192012,0.303909326
0.716059977,0.450985933,0.284303930
0.706670777,0.464827399,0.259308056
0.706398692,0.492282128,0.245334444
0.704696147,0.519226425,0.230495210
0.701527783,0.545563076,0.214828576
0.696906459,0.571212252,0.198401501
0.690850692,0.596098723,0.181282286
0.685179569,0.621349741,0.165026464
0.692336811,0.650842084,0.160889331
0.691656370,0.677732759,0.148808981
0.681511092,0.699223661,0.129205345
0.670058031,0.719657971,0.109196736
0.653109210,0.731458018,0.088550374
0.629059347,0.726776038,0.070121273
0.611564388,0.740827845,0.049900190
0.594995144,0.757195882,0.029734742
0.578290086,0.773176438,0.009753441
0.577780272,0.799934812,-0.004556884
0.569538792,0.821122357,-0.022322500
0.549717670,0.832279533,-0.043101055
0.528971983,0.842027874,-0.063684545
0.505197028,0.844210532,-0.081294166
0.478567433,0.831719247,-0.090309288
0.453386630,0.831870448,-0.106293864
0.429411415,0.836997290,-0.124948692
0.405759557,0.842216778,-0.143786469
0.392899785,0.858805846,-0.166132806
0.375935068,0.870224847,-0.188073473
0.350283936,0.869160332,-0.205103825
0.324264262,0.866703853,-0.221415706
0.297942314,0.862888762,-0.236963703
0.271381863,0.857753373,-0.251706104
0.244640334,0.851307794,-0.265581264
0.217781367,0.843643897,-0.278582627
0.191892951,0.828283476,-0.279653471
0.167179358,0.810667430,-0.275545683
0.139825510,0.800214727,-0.284906422
0.112554174,0.789440648,-0.294362955
0.087438831,0.782240392,-0.309498952
0.065886855,0.778950079,-0.331147041
0.039773930,0.766575919,-0.340647175
0.013142149,0.752140578,-0.346273397
-0.013099385,0.736686691,-0.347557893
-0.036206153,0.719968390,-0.336020807
-0.062222210,0.705039418,-0.331960438
-0.090273357,0.692515270,-0.334270919
-0.119240062,0.682139522,-0.335577508
-0.149361668,0.675864201,-0.335642759
-0.180046257,0.676034357,-0.333986070
-0.209692057,0.683207759,-0.330090148
-0.237569814,0.694739499,-0.323913766
-0.264623065,0.707104281,-0.315891851
-0.292251451,0.717284831,-0.306891651
-0.321326179,0.722401575,-0.298309663
-0.351297322,0.720094692,-0.292057162
-0.380181089,0.709985501,-0.289457020
-0.406334662,0.693837573,-0.290281846
-0.429295907,0.673606772,-0.293546412
-0.449387182,0.650922644,-0.298894190
-0.468403423,0.634040164,-0.315979088
-0.484874247,0.615049959,-0.333378645
-0.497113628,0.587571013,-0.339840407
-0.507025589,0.558948661,-0.345446988
-0.513809822,0.529449471,-0.346209569
-0.515762631,0.501475354,-0.333497324
-0.520126207,0.471442581,-0.333412974
-0.523784090,0.441079567,-0.337121970
-0.526629539,0.414230404,-0.349951760
-0.527456885,0.388427676,-0.365267495
-0.525505062,0.357687967,-0.365864863
-0.522492094,0.328764919,-0.358887823
-0.519595922,0.303191864,-0.342734418
-0.514494529,0.272885011,-0.340844461
-0.507232697,0.245862300,-0.348903038
-0.498140050,0.218995341,-0.354628635
-0.488686041,0.190214718,-0.349022931
-0.485715171,0.169598475,-0.327409596
-0.475446310,0.141857478,-0.319432946
-0.460459002,0.117333789,-0.324085945
-0.445982899,0.091870218,-0.319209343
-0.437558092,0.069629336,-0.303008817
-0.429367971,0.047929613,-0.286152259
-0.411493830,0.025762152,-0.281868472
-0.393026070,0.004685370,-0.275208643
-0.386815384,-0.014403948,-0.255133439
-0.373321145,-0.035619479,-0.238861384
-0.349768558,-0.051564263,-0.234801702
-0.336521988,-0.070858909,-0.216490870
-0.328103614,-0.089333759,-0.196496977
-0.303707205,-0.101835092,-0.188106981
-0.287930385,-0.119342143,-0.168910834
-0.280129452,-0.137349119,-0.148470591
-0.261921613,-0.153643661,-0.129701570
-0.237936767,-0.162214283,-0.115952799
-0.222194421,-0.177677523,-0.095919748
-0.210143554,-0.195085799,-0.076078155
-0.186180924,-0.200039928,-0.060343119
-0.175394368,-0.219133155,-0.041223419
-0.153100456,-0.226335898,-0.023357207
-0.131099978,-0.234083721,-0.004683555
-0.109666675,-0.245138723,0.014488882
-0.092617224,-0.263723941,0.030039440
-0.067750656,-0.269318083,0.046109201
-0.041362618,-0.270099299,0.060185838
-0.012016265,-0.274343610,0.067833702
0.016662118,-0.272539940,0.058973741
0.037716726,-0.267506786,0.037114712
0.063004657,-0.262667474,0.021188140
0.093411734,-0.261413891,0.023385541
0.120442735,-0.252756931,0.035014198
0.138897437,-0.235565702,0.050218233
0.160876189,-0.223761911,0.067549044
0.186232357,-0.219849394,0.081941279
0.198321727,-0.201190452,0.101079960
0.221422303,-0.192178770,0.117366479
0.244565568,-0.182177306,0.132842278
0.254031440,-0.163582634,0.153762870
0.278507370,-0.154322838,0.166032566
0.299544577,-0.139559178,0.182008234
0.306634678,-0.121647262,0.203202802
0.329897056,-0.108724250,0.213505580
0.351160146,-0.092362617,0.225933935
0.357140885,-0.074536857,0.247665926
0.377182235,-0.056127507,0.260345031
0.400062650,-0.039612587,0.263861697
0.412113400,-0.019737299,0.281071647
0.423043426,0.000000000,0.298832572
