# Meshed torus II (chiral_e070_n4_de010): eta 0.6, N 24, eps 0.7, periods 4, delta_eta 0.01, closed (N+1, N-1) knots, B = R_z(pi)*M*A (= -A when eps = 0); ccsim.geometry.hopf_helical_pair(0.6, 24, eps=0.7, periods=4, delta_eta=0.01)
# strand A, closed polyline, 3601 points
x,y,z
0.427132656,0.000000000,0.298531070
0.445768977,0.021000906,0.304696096
0.463689533,0.043105520,0.309313938
0.476016240,0.065573510,0.322806191
0.487809049,0.088308003,0.336216347
0.502767711,0.112897368,0.340877494
0.518090433,0.137438048,0.336805586
0.530470047,0.163722924,0.341486825
0.539575465,0.188011238,0.354933034
0.549983204,0.214398585,0.361361928
0.560298959,0.241701447,0.360817384
0.568890387,0.267522917,0.349736137
0.576579596,0.295863804,0.348282511
0.583469488,0.323964501,0.351357314
0.590117964,0.351090842,0.360078996
0.595255102,0.379904110,0.357346624
0.598482034,0.407995385,0.350086827
0.598101976,0.432779821,0.334249775
0.598081061,0.460446666,0.324716005
0.597972946,0.489137337,0.318298792
0.599639170,0.518469309,0.318932626
0.600287460,0.547743737,0.317826805
0.596984479,0.575473979,0.308607184
0.591908208,0.602232069,0.297567886
0.582290173,0.623528250,0.279849857
0.570837566,0.643430190,0.261501144
0.561069487,0.667823008,0.248340680
0.551111606,0.692817189,0.236482110
0.543890218,0.720443174,0.229509187
0.536431827,0.748068750,0.222765689
0.524172911,0.771741205,0.210623268
0.509345656,0.792905357,0.196536642
0.492248432,0.811108747,0.181157241
0.471967670,0.823329318,0.163746741
0.450324976,0.833702510,0.146714953
0.429080069,0.847693672,0.132027551
0.407944160,0.863585025,0.119109231
0.385616473,0.878354025,0.106884106
0.362294994,0.892441514,0.095756456
0.338321361,0.906672993,0.086333664
0.313652451,0.920915310,0.078952970
0.288150764,0.934780120,0.074155060
0.261717528,0.947592470,0.072750325
0.234548827,0.958391547,0.075705055
0.207378514,0.966035102,0.083824482
0.181415558,0.969542262,0.097099915
0.157436462,0.968942765,0.114079113
0.135397513,0.965290398,0.133216158
0.114461146,0.958217952,0.152513482
0.094349048,0.940977091,0.164979352
0.073160176,0.924967273,0.177121435
0.049376286,0.916876841,0.192406256
0.023128145,0.910087133,0.203749027
-0.005103081,0.906850206,0.211124045
-0.033714697,0.910209611,0.216913229
-0.062229494,0.916721951,0.219993622
-0.091030691,0.922200027,0.218272083
-0.119505901,0.924702797,0.211355847
-0.147434475,0.926961440,0.202352350
-0.174867934,0.929023911,0.191893512
-0.201055432,0.927864771,0.178724045
-0.224952146,0.921620300,0.162753307
-0.248335782,0.914453248,0.146381956
-0.273119299,0.910397712,0.131108686
-0.298501583,0.908274245,0.116361503
-0.323752874,0.906339535,0.101418102
-0.349777368,0.909313064,0.088049895
-0.375577134,0.912883115,0.074371233
-0.400043953,0.911162036,0.058326844
-0.422421369,0.903865867,0.040670434
-0.443239797,0.893759714,0.022630989
-0.459477768,0.876825146,0.004986508
-0.474030099,0.857712225,-0.012015496
-0.491354171,0.841883394,-0.029654262
-0.510115310,0.828270225,-0.047789706
-0.529570020,0.816542234,-0.066349153
-0.550846727,0.810129118,-0.085640495
-0.570456401,0.800800763,-0.105368796
-0.585523844,0.783690556,-0.123871252
-0.598904929,0.764591266,-0.141825041
-0.608015854,0.741324810,-0.156865929
-0.611918913,0.714113324,-0.167342056
-0.618615713,0.688777838,-0.180389239
-0.628074485,0.666024337,-0.196482554
-0.638546006,0.645340136,-0.214358263
-0.651082414,0.629153156,-0.235492097
-0.659541346,0.608027624,-0.253749005
-0.663517278,0.582363872,-0.267596498
-0.665148486,0.555442108,-0.278878859
-0.661015052,0.526427172,-0.280730495
-0.658956439,0.497978575,-0.286713321
-0.658794874,0.470561637,-0.297412712
-0.659405888,0.445005383,-0.311434376
-0.661075058,0.422468585,-0.330182830
-0.657362488,0.395094074,-0.339772219
-0.651560177,0.366943375,-0.345915132
-0.642806062,0.339473617,-0.341002756
-0.634405023,0.311646156,-0.339692090
-0.626276125,0.283725174,-0.344168479
-0.618577133,0.258170513,-0.356385026
-0.608600751,0.231897019,-0.363880765
-0.596789032,0.204941459,-0.364183653
-0.585685469,0.180675833,-0.352754280
-0.573204325,0.155020447,-0.347314430
-0.559158552,0.129377328,-0.347557351
-0.543440242,0.105734300,-0.354494484
-0.527686603,0.081370130,-0.349681221
-0.515059937,0.059308363,-0.335663101
-0.500075542,0.036552169,-0.325473007
-0.481056368,0.014606153,-0.323651048
-0.461381150,-0.006357215,-0.319771204
-0.445999617,-0.026758957,-0.305947815
-0.431429634,-0.046609268,-0.290543321
-0.410687882,-0.065367367,-0.282787081
-0.388704017,-0.082490183,-0.275336191
-0.374864268,-0.100646531,-0.257387336
-0.357025317,-0.118194609,-0.242305014
-0.332234559,-0.131387357,-0.234656956
-0.314270787,-0.147482164,-0.218212226
-0.299163679,-0.164150080,-0.200007904
-0.274961266,-0.175354960,-0.188475601
-0.254049423,-0.188601107,-0.173036395
-0.238359132,-0.205148302,-0.154886845
-0.214244831,-0.215050243,-0.141955882
-0.190337858,-0.225489587,-0.128765766
-0.166789254,-0.238040426,-0.116384563
-0.141553793,-0.251259133,-0.109432387
-0.117880149,-0.266581511,-0.115663834
-0.103235705,-0.285849811,-0.131420627
-0.083596515,-0.292830473,-0.151420105
-0.056881404,-0.302024277,-0.157411980
-0.028315046,-0.303056004,-0.151082562
-0.001654879,-0.299249852,-0.139303612
0.023132654,-0.293257296,-0.124674817
0.046494290,-0.291433297,-0.107258749
0.066882948,-0.276903608,-0.092502030
0.087577345,-0.266472607,-0.074731730
0.108933005,-0.260903891,-0.055908110
0.124619051,-0.243589274,-0.038620080
0.145321277,-0.236785418,-0.019483921
0.161612404,-0.222390640,-0.000532792
0.176793495,-0.207179099,0.018998558
0.197429709,-0.198879919,0.037412356
0.208547707,-0.180916816,0.057216279
0.229053026,-0.170718853,0.075059685
0.242297169,-0.154337163,0.094657020
0.255607502,-0.137790511,0.114410976
0.276363111,-0.125129135,0.130061327
0.285071102,-0.106521831,0.150460416
0.303050351,-0.090426472,0.166563508
0.320823270,-0.073161501,0.181669916
0.328263485,-0.053690564,0.201869943
0.345786654,-0.034777014,0.215161976
0.362422511,-0.014478523,0.227639950
0.368742439,0.006225980,0.247287863
0.382629943,0.028503200,0.260083579
0.399137532,0.051426449,0.266928162
0.408198680,0.075111403,0.281257830
0.414331733,0.098261078,0.297610965
0.426071590,0.124056091,0.304170197
0.437176194,0.150756789,0.307596896
0.443339887,0.177604768,0.317531761
0.445366560,0.202364920,0.333121702
0.449934401,0.230579132,0.340080360
0.454758454,0.259416373,0.338934847
0.456886549,0.288562684,0.337957178
0.455445700,0.317671113,0.341928632
0.450841382,0.344948991,0.351799532
0.444101813,0.372318827,0.359803128
0.434687268,0.400133250,0.361431490
0.420988517,0.426119504,0.362357384
0.401890920,0.448398279,0.362662113
0.376855996,0.463560211,0.362192466
0.348060306,0.468537190,0.360468463
0.319073603,0.465200185,0.357090285
0.290865956,0.458398375,0.352173388
0.262506050,0.453163013,0.346423210
0.233863482,0.455146534,0.340585384
0.207098288,0.466354524,0.336341396
0.182914913,0.482972299,0.334425999
0.160137944,0.501595214,0.334865700
0.137920218,0.520711409,0.337513487
0.115965750,0.540038081,0.340811783
0.094578557,0.557537892,0.350482101
0.073291001,0.575300848,0.359859326
0.051264222,0.594688353,0.362135947
0.029613403,0.613505129,0.356538275
0.007465015,0.631221114,0.349094289
-0.016104764,0.648824215,0.348227788
-0.039489997,0.665920504,0.351961604
-0.062300297,0.682765467,0.359597429
-0.086667672,0.699017441,0.357694393
-0.111238286,0.713820748,0.351817353
-0.134045410,0.724016417,0.336367050
-0.158810073,0.735263187,0.325726490
-0.184692128,0.747236496,0.318446552
-0.210531886,0.760800998,0.316812044
-0.236106707,0.775181650,0.317792580
-0.262230839,0.785427979,0.309334990
-0.287889789,0.793006250,0.297325434
-0.310035533,0.793790135,0.278100353
-0.332760159,0.793962911,0.259588797
-0.358509552,0.797831547,0.245881475
-0.384773643,0.802539685,0.233712855
-0.411894631,0.811762071,0.227002784
-0.438506646,0.817970177,0.216663678
-0.463027646,0.817896017,0.200428487
-0.486696766,0.815888360,0.183115685
-0.504466513,0.806088991,0.162168546
-0.519823319,0.793076437,0.140747267
-0.541109562,0.785763114,0.121888648
-0.562910047,0.778815509,0.103386631
-0.587411546,0.777012992,0.087355556
-0.612338946,0.776696981,0.071751528
-0.633195852,0.768988523,0.052771595
-0.651056873,0.757063174,0.032648967
-0.664414001,0.740629674,0.012631575
-0.670385718,0.718337334,-0.005620485
-0.680466604,0.698515882,-0.024576964
-0.694492277,0.681792049,-0.044319526
-0.708094111,0.664778127,-0.064081315
-0.726687446,0.654717174,-0.084485628
-0.743771266,0.643291664,-0.105325662
-0.753339837,0.623547860,-0.124854638
-0.760905492,0.602272981,-0.143731226
-0.762483232,0.577435962,-0.158796055
-0.758468562,0.550189697,-0.169158523
-0.759866712,0.525015278,-0.183990606
-0.762948096,0.500872841,-0.200539401
-0.768941072,0.479711078,-0.219901266
-0.776374996,0.460963832,-0.241310206
-0.777669782,0.437466132,-0.258565971
-0.774965459,0.411642087,-0.272421959
-0.767116921,0.384495548,-0.279299212
-0.756372231,0.357201881,-0.281188822
-0.749894616,0.330357186,-0.291137397
-0.743273725,0.303812814,-0.301955099
-0.740154196,0.280794620,-0.319783367
-0.734316039,0.256911127,-0.335316241
-0.723422646,0.230566394,-0.342630903
-0.710544649,0.204584707,-0.344681744
-0.695945612,0.179906943,-0.338201533
-0.682452732,0.154030250,-0.341297824
-0.668702357,0.128682680,-0.346687462
-0.655801440,0.105664527,-0.359667614
-0.639955625,0.081594021,-0.364093732
-0.623097899,0.057867805,-0.361473697
-0.607284521,0.035948507,-0.349898823
-0.589530393,0.012774075,-0.346896005
-0.570712279,-0.009414760,-0.348751018
-0.550711069,-0.029931144,-0.354259302
-0.530836376,-0.051087267,-0.349435201
-0.514099257,-0.071094608,-0.336239019
-0.495499327,-0.091278706,-0.326402270
-0.474001387,-0.110728290,-0.322356638
-0.450347787,-0.128050136,-0.323125422
-0.429078702,-0.146736305,-0.315114418
-0.412217835,-0.166071379,-0.300844580
-0.392749590,-0.185448204,-0.290804752
-0.371681284,-0.204968921,-0.284416199
-0.350114862,-0.224865298,-0.282807142
-0.331506570,-0.247153170,-0.286785480
-0.322582615,-0.273544937,-0.295562862
-0.322388855,-0.301066164,-0.304760593
-0.324265706,-0.329519817,-0.307528529
-0.316115661,-0.356623281,-0.314915593
-0.296664171,-0.377527733,-0.320802451
-0.270322756,-0.389900444,-0.324317228
-0.242018622,-0.397235810,-0.321779858
-0.213495861,-0.400730285,-0.315530772
-0.187440239,-0.404041506,-0.302461778
-0.160560860,-0.403763134,-0.290927375
-0.132791533,-0.397645568,-0.284375120
-0.105906207,-0.387682633,-0.279193397
-0.080941312,-0.381920011,-0.265222056
-0.057611974,-0.377747390,-0.248405775
-0.033540669,-0.365029211,-0.238134636
-0.010792944,-0.350785600,-0.226995703
0.010434749,-0.345925098,-0.207645163
0.031740283,-0.332799816,-0.192605489
0.050607935,-0.315066694,-0.179920653
0.070625299,-0.308346581,-0.159925356
0.088452923,-0.292376059,-0.143783217
0.104841145,-0.275268099,-0.127159515
0.124097719,-0.267571391,-0.106730399
0.137139615,-0.247733434,-0.090214830
0.154579185,-0.236127318,-0.070246300
0.171151775,-0.223012157,-0.050624661
0.181793134,-0.203656240,-0.032237207
0.200507873,-0.193212153,-0.012561392
0.209221411,-0.173296629,0.006532186
0.226385297,-0.160117396,0.025672469
0.239819848,-0.143348472,0.044921390
0.248125436,-0.123896804,0.064604992
0.266452425,-0.109044854,0.081611562
0.272260268,-0.088545232,0.101293416
0.286640366,-0.069922142,0.118353530
0.300757747,-0.050124627,0.134238213
0.304155941,-0.028275469,0.153453463
0.317113245,-0.006210549,0.167348634
0.327943790,0.017521479,0.180289195
0.327969241,0.041275809,0.197361003
0.331448072,0.067530645,0.210084992
0.332027559,0.095235929,0.219873305
0.326759214,0.123592946,0.224974405
0.314410033,0.148936433,0.219098998
0.299328386,0.166032932,0.201504439
0.274781060,0.174014095,0.188737047
0.254012129,0.190899050,0.177512727
0.236178624,0.213996005,0.179222413
0.220707109,0.237269835,0.188361216
0.206118477,0.259817929,0.200396235
0.192460375,0.282690570,0.212656064
0.181106364,0.308094952,0.221299424
0.164757578,0.326651293,0.236718028
0.147900720,0.343630629,0.253341711
0.133811401,0.367719440,0.261443872
0.117630996,0.390029780,0.271014139
0.099547427,0.405179315,0.287926234
0.081236277,0.423498013,0.301344871
0.063998544,0.446905094,0.303714944
0.044242126,0.467196147,0.311165986
0.024197457,0.482572919,0.325551879
0.003515695,0.499053836,0.337585511
-0.017643249,0.518689135,0.339098142
-0.039518597,0.537657308,0.337625475
-0.063010952,0.554468922,0.342994262
-0.085208308,0.568088909,0.356624351
-0.109369351,0.583728411,0.361794784
-0.133685649,0.599026518,0.358136526
-0.157807384,0.612639578,0.348873429
-0.184049366,0.625936165,0.347991858
-0.209663025,0.638572340,0.353448796
-0.235233136,0.650929025,0.359831145
-0.262226651,0.662059023,0.356130082
-0.287569682,0.670077994,0.345025728
-0.311464647,0.675006811,0.329038142
-0.339051894,0.682292321,0.321833619
-0.366914998,0.689881426,0.317509641
-0.394535984,0.699589815,0.320181233
-0.422230883,0.705310937,0.312974862
-0.449378542,0.708708912,0.302128366
-0.472553711,0.706882664,0.284642140
-0.492824894,0.701321054,0.264098749
-0.518415078,0.699648814,0.249754316
-0.544211518,0.697536305,0.235757742
-0.572210627,0.699655730,0.227573869
-0.600482648,0.702574540,0.220290234
-0.624981261,0.698090589,0.204762220
-0.648145047,0.691572592,0.187816854
-0.665444294,0.679692709,0.167683442
-0.677129853,0.663471479,0.146104793
-0.695117843,0.650715523,0.126871021
-0.714869889,0.638936118,0.108505422
-0.737756036,0.630594966,0.092216060
-0.762517939,0.625057423,0.077329152
-0.782898609,0.614240293,0.059454167
-0.798296278,0.598629709,0.039821651
-0.811903474,0.581600491,0.020101545
-0.817146425,0.559846480,0.001246197
-0.818909241,0.536376131,-0.016414045
-0.826902687,0.515231468,-0.035092394
-0.836461533,0.494791922,-0.053988719
-0.849780610,0.477294589,-0.073330361
-0.865979799,0.462773131,-0.093134421
-0.876183537,0.443678969,-0.112683548
-0.880281694,0.420830507,-0.130776806
-0.882385667,0.397149672,-0.148058990
-0.876901853,0.371247926,-0.160700145
-0.868958504,0.344911744,-0.171152521
-0.865918567,0.319288366,-0.185098111
-0.864315126,0.294089727,-0.200220845
-0.865600713,0.270497653,-0.217629480
-0.869002656,0.248650305,-0.237049799
-0.867887786,0.224806386,-0.253990201
-0.861301624,0.199022939,-0.266540579
-0.852847372,0.173006541,-0.277216005
-0.839377716,0.147171904,-0.280722993
-0.825284001,0.121444950,-0.282699335
-0.814867436,0.095099946,-0.290503662
-0.804644104,0.068730155,-0.298654701
-0.795848048,0.042695811,-0.309068753
-0.788814180,0.017395764,-0.322363662
-0.780447518,-0.008503503,-0.333424101
-0.769722726,-0.035431564,-0.338369457
-0.759812045,-0.062964130,-0.341492070
-0.752065525,-0.091289212,-0.343245898
-0.748084263,-0.120412800,-0.343200844
-0.749606794,-0.149641938,-0.340753725
-0.757038772,-0.177570490,-0.335472973
-0.768415757,-0.203526589,-0.327608808
-0.781232335,-0.228101419,-0.317714550
-0.793371450,-0.252439762,-0.306472572
-0.802999717,-0.277662411,-0.294798795
-0.808335408,-0.304472235,-0.284021127
-0.807757789,-0.332662420,-0.275869881
-0.800855642,-0.360873795,-0.271635256
-0.788596047,-0.387570674,-0.271386007
-0.772415933,-0.411946758,-0.274289629
-0.752291498,-0.433060160,-0.277542372
-0.728279933,-0.450008990,-0.278431779
-0.702852835,-0.464777417,-0.279568852
-0.677677924,-0.479296050,-0.284018681
-0.653047319,-0.493420940,-0.291756690
-0.627571198,-0.505844530,-0.299672092
-0.604073418,-0.518063797,-0.312286190
-0.581631510,-0.529177719,-0.327718415
-0.555223180,-0.537048046,-0.337594485
-0.526945095,-0.542440076,-0.343712174
-0.497837158,-0.545112730,-0.343905251
-0.468816465,-0.545788051,-0.339103201
-0.439561935,-0.547001101,-0.340844836
-0.410396959,-0.547379247,-0.344723061
-0.383378148,-0.547178459,-0.356240761
-0.355349913,-0.544799918,-0.363917677
-0.326246032,-0.540585368,-0.363743715
-0.299331792,-0.535982636,-0.353133158
-0.271293118,-0.530306124,-0.347490430
-0.242868093,-0.523031868,-0.346602469
-0.216056888,-0.513416582,-0.353828319
-0.188690917,-0.503442889,-0.350744610
-0.163378318,-0.494921731,-0.339656990
-0.138738266,-0.486349013,-0.327116529
-0.112909727,-0.473617314,-0.322142323
-0.088674924,-0.457662750,-0.322314815
-0.064757064,-0.444690320,-0.311425081
-0.043288318,-0.436383245,-0.293540458
-0.020447447,-0.420594038,-0.284228135
0.000620559,-0.401137412,-0.278562846
0.021065994,-0.388732682,-0.262409415
0.040965653,-0.376847910,-0.245361652
0.058550858,-0.355752444,-0.236790537
0.076856142,-0.338950017,-0.221442718
0.095359582,-0.328816908,-0.201607798
0.110147025,-0.307161917,-0.189169879
0.125939134,-0.289291655,-0.172277954
0.143547303,-0.278306224,-0.152151489
0.154681681,-0.255827616,-0.137746405
0.170490682,-0.241238558,-0.118304990
0.185829127,-0.225750138,-0.099142250
0.194124650,-0.203322423,-0.082857184
0.211027590,-0.189930032,-0.063356407
0.219481292,-0.168408297,-0.045879559
0.229743858,-0.148149525,-0.027617130
0.245440088,-0.131326514,-0.009971908
0.249528786,-0.107725531,0.006633961
0.260915400,-0.085931825,0.022532093
0.272899723,-0.062819083,0.035521107
0.276785871,-0.035280527,0.044454767
0.273870157,-0.006671334,0.041580502
0.275833498,0.015001121,0.023005979
0.275773083,0.036533452,0.003872876
0.267178668,0.063611412,-0.001184989
0.256446275,0.089572846,0.007191067
0.248625285,0.114341468,0.020831564
0.243286182,0.138737865,0.035798190
0.227477689,0.156081596,0.053019475
0.217991928,0.177580486,0.070233909
0.209076893,0.199549298,0.086895064
0.192383466,0.213539611,0.106302935
0.183416230,0.236365133,0.121972484
0.169071807,0.253860834,0.140124355
0.152788438,0.267878327,0.159589103
0.141590292,0.291391977,0.172716294
0.124808211,0.305937590,0.191264753
0.107794725,0.320496708,0.209608072
0.093332349,0.343738499,0.219829905
0.075003992,0.357560690,0.237445767
0.056305448,0.371269026,0.254785646
0.038547137,0.392973873,0.262016206
0.018133753,0.410352192,0.273866772
-0.001846323,0.419851973,0.292950244
-0.023577785,0.436329529,0.303658868
-0.045482972,0.455720947,0.305391540
-0.069058067,0.469972057,0.315422193
-0.090944510,0.479042379,0.332552303
-0.115758393,0.492831839,0.340243294
-0.140368289,0.508065060,0.336413557
-0.166720638,0.520438495,0.339464018
-0.192711214,0.530355616,0.348125872
-0.218000100,0.538855415,0.360013811
-0.245674380,0.548545162,0.362283194
-0.272398049,0.557081217,0.354113032
-0.300187672,0.564081773,0.348712668
-0.328949421,0.570107727,0.348694028
-0.356770798,0.575749531,0.356326186
-0.385425705,0.580527605,0.359057724
-0.414392936,0.583597425,0.354991545
-0.440368703,0.583385700,0.341651548
-0.466331827,0.581547652,0.328308206
-0.494938204,0.580238928,0.321518812
-0.523873626,0.578788226,0.317231972
-0.553241271,0.578965907,0.319105208
-0.581988787,0.576211766,0.314776142
-0.609202388,0.570407037,0.305188940
-0.634198438,0.562055823,0.292470672
-0.654081809,0.549914431,0.274538489
-0.674756722,0.536954830,0.258216201
-0.698934118,0.525042395,0.246400993
-0.722961388,0.512308075,0.235190736
-0.749579719,0.501728548,0.228605303
-0.776510748,0.491214965,0.223160486
-0.799801551,0.476381366,0.213393098
-0.819790441,0.458433693,0.201374014
-0.838644695,0.439047565,0.189765459
-0.855764569,0.417962782,0.178451405
-0.870567883,0.394952208,0.167635936
-0.883044318,0.370152251,0.157904237
-0.893206831,0.343698254,0.150018992
-0.901100964,0.315819262,0.144981949
-0.906723661,0.286983236,0.144001622
-0.909891905,0.258083885,0.148213562
-0.910284738,0.230380972,0.157962029
-0.907742710,0.204834478,0.172270340
-0.902279618,0.181361368,0.189128051
-0.894765395,0.159215788,0.206957320
-0.893977422,0.140189048,0.229161381
-0.891904351,0.120254921,0.250260206
-0.882256261,0.095755642,0.263290222
-0.874878009,0.068799497,0.272372657
-0.870894014,0.040030917,0.276680207
-0.864315883,0.012368713,0.269673591
-0.860229642,-0.015042853,0.260141805
-0.864020943,-0.043784572,0.255148955
-0.868950304,-0.072056147,0.248626995
-0.874138159,-0.099892261,0.240598275
-0.881345975,-0.127432799,0.233359486
-0.892183190,-0.154404585,0.228760581
-0.902543151,-0.181254863,0.222721394
-0.908453515,-0.207916979,0.211976639
-0.911468010,-0.234003256,0.198684229
-0.912876751,-0.259556505,0.184228494
-0.907046553,-0.281968791,0.166217429
-0.898132400,-0.302811660,0.147450122
-0.893106683,-0.326108439,0.130337941
-0.890341486,-0.350509241,0.114115385
-0.888286775,-0.375039200,0.098103681
-0.892329924,-0.400753480,0.084418634
-0.895062045,-0.425976491,0.069661346
-0.889572750,-0.448579470,0.051827994
-0.881055308,-0.469757096,0.033249436
-0.868655328,-0.488495573,0.014484431
-0.849424590,-0.501888448,-0.003267632
-0.829964643,-0.515334773,-0.020725051
-0.815166733,-0.532772238,-0.039187185
-0.800775727,-0.550380211,-0.057861187
-0.792216363,-0.570634613,-0.077249218
-0.785534309,-0.591169552,-0.097211985
-0.770424362,-0.607002107,-0.116596224
-0.751361517,-0.619860991,-0.134965799
-0.729856218,-0.630177866,-0.151931648
-0.703203672,-0.633972678,-0.163636868
-0.676489444,-0.637798449,-0.175212430
-0.653327845,-0.646237118,-0.191274881
-0.630653640,-0.654667984,-0.207960487
-0.613319124,-0.666316526,-0.228643354
-0.594652787,-0.676168556,-0.249001000
-0.569506366,-0.679983819,-0.263733714
-0.543317719,-0.681986258,-0.276974688
-0.514809676,-0.678528657,-0.281943452
-0.486015995,-0.673575771,-0.284319906
-0.458520572,-0.672454757,-0.294709814
-0.432078741,-0.671691298,-0.307328102
-0.409077509,-0.672691212,-0.325647732
-0.382914153,-0.669521240,-0.338061610
-0.354997798,-0.663196848,-0.344824542
-0.327583605,-0.653924172,-0.341283086
-0.300122540,-0.644563345,-0.338677071
-0.272358243,-0.635757596,-0.342894939
-0.246392498,-0.627169148,-0.352841985
-0.221235785,-0.617358761,-0.363666620
-0.194535478,-0.604988822,-0.364212833
-0.169461618,-0.592648112,-0.356556983
-0.144802796,-0.580107143,-0.347684867
-0.119252009,-0.565655766,-0.346585888
-0.095657494,-0.549557944,-0.353531622
-0.071678590,-0.533027952,-0.350796314
-0.049502825,-0.519170591,-0.338430626
-0.027350231,-0.504441405,-0.326907708
-0.005324229,-0.485858266,-0.322626955
0.014814912,-0.465089174,-0.321868238
0.035235678,-0.447518272,-0.310479203
0.054488204,-0.434436983,-0.293099830
0.073555902,-0.414317259,-0.283652642
0.089996854,-0.390859162,-0.278518968
0.107813895,-0.374121702,-0.262803469
0.125407636,-0.358377549,-0.245985505
0.139388349,-0.334676273,-0.236899256
0.153874214,-0.313027205,-0.223833459
0.171165796,-0.299106570,-0.204754561
0.184401453,-0.276712401,-0.191437773
0.195049983,-0.252329552,-0.179608608
0.211656916,-0.235680181,-0.162261748
0.225673983,-0.214144642,-0.148165249
0.234211296,-0.187518951,-0.139197753
0.247811800,-0.162520239,-0.132067924
0.263919497,-0.138881577,-0.136803569
0.280429812,-0.122393922,-0.154541337
0.296713507,-0.106096580,-0.172703134
0.308771320,-0.080886188,-0.180072341
0.312140656,-0.052259555,-0.175105146
0.315648705,-0.026311154,-0.161823554
0.311232450,-0.000631025,-0.148349683
0.297451147,0.022470858,-0.136752282
0.291388778,0.045253846,-0.119536662
0.285436690,0.067274874,-0.101544935
0.268627516,0.085418189,-0.086079994
0.262755271,0.106368011,-0.066923858
0.249975948,0.124648633,-0.048564164
0.234142547,0.140299338,-0.030170843
0.227189087,0.160899738,-0.010924566
0.209161048,0.173337112,0.007997345
0.199843136,0.193130628,0.027038931
0.184795728,0.207939387,0.046505128
0.168480398,0.221122343,0.066446570
0.157669458,0.241532712,0.083814479
0.139204139,0.250721974,0.104159291
0.125748753,0.270112829,0.120995812
0.109048898,0.285385963,0.139123280
0.090271613,0.294678619,0.159193334
0.074500514,0.315123361,0.172434000
0.054991311,0.325689959,0.191013322
0.035074783,0.335942594,0.209388400
0.015782197,0.355340208,0.219220271
-0.005916799,0.366139116,0.235471471
-0.027442196,0.373286434,0.253533388
-0.050399852,0.389052169,0.261522344
-0.074900239,0.401255545,0.271664221
-0.098124896,0.406088219,0.288617977
-0.123355307,0.413366808,0.301454345
-0.150236948,0.424302022,0.304752226
-0.177958750,0.431839062,0.310031582
-0.204622761,0.434306300,0.321706327
-0.230859343,0.434591197,0.334681375
-0.259685478,0.435701155,0.340433734
-0.288956267,0.436257814,0.338436680
-0.318025008,0.433065296,0.337150405
-0.346186563,0.425035640,0.339864766
-0.372636800,0.412442447,0.341974200
-0.393458720,0.393813106,0.350673164
-0.408215618,0.369037974,0.354045045
-0.413564030,0.340523754,0.350201461
-0.413645497,0.315473914,0.335869736
-0.410455231,0.288444851,0.325574414
-0.409532548,0.259817259,0.319076529
-0.416003119,0.231296679,0.317774232
-0.428998908,0.205337742,0.322176623
-0.445828696,0.182124961,0.328745008
-0.465083991,0.160677704,0.334662026
-0.485359938,0.140012228,0.339972217
-0.507210122,0.120546601,0.338908263
-0.528577308,0.100541484,0.337377006
-0.548467406,0.079222846,0.341382106
-0.565790667,0.058381923,0.352551872
-0.583975697,0.037051704,0.360679305
-0.603214827,0.014885338,0.361698476
-0.621303144,-0.006794885,0.353600796
-0.638667673,-0.029843375,0.348698470
-0.655675955,-0.053826844,0.348377814
-0.672193629,-0.076918715,0.355950103
-0.688525052,-0.100879397,0.359218835
-0.703716733,-0.125763306,0.355291965
-0.715086270,-0.149326559,0.342354369
-0.724856914,-0.173212313,0.328532841
-0.736614909,-0.199211170,0.321335123
-0.748505759,-0.225474129,0.316113613
-0.762628040,-0.251222015,0.317963355
-0.773973524,-0.277573767,0.312854101
-0.782173181,-0.303753800,0.302196363
-0.784164436,-0.326726191,0.284421350
-0.782575882,-0.347967350,0.264209814
-0.785928263,-0.373652692,0.250279984
-0.788892942,-0.399523186,0.236590045
-0.796861414,-0.426698690,0.229173170
-0.804688601,-0.453802905,0.221406710
-0.804817058,-0.478600435,0.205656699
-0.802992743,-0.502569554,0.188677490
-0.795185857,-0.522251799,0.168549224
-0.782420182,-0.537693334,0.146999285
-0.772397859,-0.556652671,0.127051250
-0.764845293,-0.578143809,0.108416517
-0.759675572,-0.601094168,0.091041001
-0.760237602,-0.626602624,0.076379937
-0.754674571,-0.648849616,0.058461225
-0.742647503,-0.666650005,0.038344148
-0.728635901,-0.682620077,0.018101666
-0.706950946,-0.688735478,-0.000445093
-0.685016247,-0.695132450,-0.018619616
-0.667982937,-0.708741783,-0.038367023
-0.650489667,-0.721796512,-0.058094193
-0.638695848,-0.739327865,-0.078363073
-0.628087052,-0.757160641,-0.099112741
-0.609315824,-0.767545389,-0.118971556
-0.588094519,-0.774964024,-0.137966050
-0.564561184,-0.778630855,-0.154943767
-0.537795159,-0.775315421,-0.166649967
-0.511369556,-0.773279125,-0.179203631
-0.487090214,-0.775787465,-0.195638328
-0.463702914,-0.778947527,-0.213021951
-0.445497567,-0.786949251,-0.234679523
-0.423947420,-0.790344608,-0.253932256
-0.398264727,-0.787410784,-0.268003223
-0.371951338,-0.782139718,-0.279682923
-0.344953131,-0.770798548,-0.281773124
-0.317944954,-0.761331591,-0.287337152
-0.291439450,-0.754267995,-0.298002977
-0.266998757,-0.749309821,-0.313309470
-0.243998843,-0.744599728,-0.330931361
-0.218194289,-0.734241424,-0.340152112
-0.192199423,-0.721905382,-0.346148683
-0.167617448,-0.706948134,-0.340922935
-0.142470223,-0.692400764,-0.339676132
-0.117056418,-0.678078266,-0.343577034
-0.093445127,-0.664612103,-0.354372102
-0.070308723,-0.649616002,-0.363789561
-0.046484860,-0.632352973,-0.363990100
-0.024131328,-0.615576208,-0.355347987
-0.001767549,-0.598392719,-0.347726078
0.020868610,-0.579662518,-0.346456117
0.041720402,-0.559779874,-0.352252095
0.062509384,-0.539294636,-0.352174865
0.083132279,-0.519934788,-0.344684816
0.103035190,-0.503379412,-0.330769822
0.123283717,-0.483052707,-0.324350499
0.142191801,-0.460850067,-0.322766736
0.160191825,-0.437846327,-0.322347206
0.179997754,-0.417090456,-0.315769170
0.201063510,-0.397758914,-0.308854872
0.224727238,-0.381633358,-0.302224773
0.251631285,-0.370197882,-0.300469124
0.279932771,-0.365931093,-0.306673521
0.306998045,-0.366487855,-0.317696163
0.330454666,-0.364443664,-0.334614632
0.358540540,-0.359057430,-0.340849220
0.383381852,-0.343872791,-0.339911987
0.401710433,-0.322151760,-0.332717504
0.413148486,-0.295583592,-0.327945263
0.419385556,-0.267140390,-0.323834807
0.420087846,-0.237885156,-0.323588162
0.417359192,-0.208741252,-0.322520915
0.414853159,-0.180685484,-0.314100722
0.414593192,-0.155813282,-0.298444253
0.409547621,-0.129085517,-0.287480484
0.397968091,-0.102521421,-0.283394292
0.387655622,-0.077012601,-0.273478779
0.383671372,-0.054408568,-0.255346801
0.373738865,-0.030615305,-0.241366050
0.356286122,-0.008525637,-0.233527671
0.346918991,0.012989436,-0.216364232
0.338298377,0.033867170,-0.198209418
0.319055419,0.052258513,-0.186719658
0.307799599,0.071711805,-0.168302551
0.298013374,0.090877872,-0.149095432
0.277730711,0.105926457,-0.134344849
0.268631882,0.124536359,-0.114215102
0.252973285,0.140353622,-0.095865512
0.234518834,0.153386652,-0.078112975
0.224957197,0.171836303,-0.058001063
0.204583281,0.181884974,-0.039815486
0.192870190,0.199423727,-0.020075490
0.176053715,0.212558644,-0.000639818
0.157342733,0.222649312,0.018779309
0.143873521,0.240463903,0.037255929
0.123371095,0.246921814,0.056850981
0.107566144,0.263885414,0.074409723
0.088034476,0.274437962,0.092912248
0.067215116,0.281263950,0.111916580
0.048136412,0.298022833,0.126302157
0.025854028,0.303075913,0.144247002
0.002668224,0.309162991,0.160955799
-0.021353791,0.322348302,0.171352731
-0.047630321,0.327045286,0.183698210
-0.075343380,0.328195845,0.193409970
-0.103885916,0.323591586,0.198022751
-0.128501126,0.309450050,0.192884587
-0.141264955,0.286667929,0.180760833
-0.157517966,0.274739102,0.160030008
-0.178412824,0.256714928,0.151071126
-0.202608479,0.240696324,0.155155697
-0.226124012,0.226209645,0.165272005
-0.248740678,0.212161721,0.177814079
-0.266178895,0.195555789,0.194178823
-0.285853473,0.180477487,0.209767888
-0.311638783,0.169756481,0.218504841
-0.331508522,0.154001234,0.233161028
-0.346253530,0.136687570,0.251415499
-0.369312752,0.121934367,0.260917526
-0.391826544,0.105880202,0.269789314
-0.407128539,0.087627282,0.286341416
-0.424447396,0.069033063,0.300530334
-0.447118941,0.051171398,0.303959766
-0.467326630,0.031195394,0.310696646
-0.482244744,0.010948220,0.324989014
-0.498092710,-0.009967636,0.337227489
-0.516932656,-0.031796291,0.340501951
-0.535694852,-0.053812090,0.337436644
-0.551853241,-0.077629101,0.343220839
-0.564906306,-0.100094183,0.356974522
-0.580073967,-0.124690482,0.361730647
-0.594789842,-0.149490916,0.359294976
-0.607608347,-0.173443850,0.348880365
-0.620257211,-0.200005314,0.348042925
-0.632239212,-0.225815907,0.354100639
-0.643909854,-0.251779791,0.359941974
-0.654331851,-0.279046383,0.356219816
-0.661476018,-0.304593531,0.344080397
-0.666386202,-0.329573958,0.329495273
-0.672774435,-0.357273674,0.321900694
-0.679594527,-0.385394693,0.317643366
-0.688148769,-0.413500784,0.319216966
-0.693448858,-0.441505332,0.312970258
-0.695899117,-0.468662627,0.301945924
-0.692662987,-0.491019151,0.283551755
-0.686962253,-0.511830775,0.263710165
-0.684801977,-0.537686566,0.249851313
-0.682049985,-0.563572535,0.236135261
-0.683134894,-0.591677330,0.227803130
-0.684505970,-0.619890557,0.219801144
-0.679738164,-0.644675649,0.204962481
-0.672270685,-0.667511940,0.187998558
-0.659506098,-0.684265688,0.167757514
-0.643300509,-0.696549417,0.146482610
-0.629690862,-0.713995733,0.127277268
-0.617164603,-0.733436367,0.109074912
-0.607264811,-0.755495447,0.092563101
-0.600890996,-0.780227619,0.077950270
-0.589975281,-0.801055420,0.060618441
-0.573765670,-0.816137123,0.041233417
-0.556281348,-0.829552125,0.021773998
-0.534461509,-0.834820226,0.003057264
-0.510736020,-0.835771860,-0.014330311
-0.489018397,-0.842935393,-0.032657007
-0.468130866,-0.852143460,-0.051234549
-0.449270849,-0.864248210,-0.070151228
-0.433332173,-0.879615886,-0.089538874
-0.414632298,-0.891040789,-0.108946435
-0.391654899,-0.895276587,-0.126803427
-0.367887417,-0.897663187,-0.143978289
-0.342267884,-0.893551232,-0.157463907
-0.315973727,-0.884698072,-0.167281345
-0.289870441,-0.879724427,-0.179633637
-0.264389289,-0.878015525,-0.194263183
-0.239047721,-0.876398991,-0.209085323
-0.215748991,-0.878747541,-0.226885638
-0.192532355,-0.880457766,-0.244844033
-0.167036747,-0.876383892,-0.258687597
-0.140689199,-0.869243263,-0.269692251
-0.114089909,-0.859996722,-0.278010907
-0.087671287,-0.847453971,-0.281113975
-0.061214212,-0.834657958,-0.282656998
-0.033963686,-0.824648148,-0.287146424
-0.006232518,-0.816668114,-0.292935605
0.021993600,-0.809550028,-0.297252491
0.050812224,-0.804170947,-0.299719326
0.080117949,-0.801807594,-0.299702572
0.109250512,-0.803776538,-0.296440635
0.136971912,-0.810529295,-0.289417690
0.162534510,-0.820684830,-0.279015621
0.186416764,-0.832104114,-0.266165784
0.209701385,-0.842957671,-0.251806993
0.233580463,-0.851728538,-0.237026575
0.259001850,-0.857008062,-0.223237275
0.286232382,-0.857567075,-0.212242554
0.314450062,-0.852937724,-0.205582249
0.342267231,-0.843696079,-0.203620293
0.368835922,-0.831335515,-0.205959265
0.394569103,-0.819208383,-0.213398490
0.418952838,-0.806832702,-0.224255622
0.441504706,-0.792414540,-0.236450516
0.461670659,-0.774518030,-0.248162471
0.479057159,-0.753075928,-0.258322115
0.494616184,-0.730220363,-0.268403165
0.507763957,-0.705422026,-0.276893028
0.516429679,-0.677450054,-0.279446210
0.524316311,-0.649258605,-0.282177153
0.533990916,-0.622781394,-0.290527590
0.542801441,-0.596283008,-0.299813302
0.552190281,-0.572715464,-0.314587952
0.560264266,-0.549323869,-0.330437557
0.564605636,-0.521634903,-0.339096158
0.566968363,-0.492923845,-0.345034050
0.566295215,-0.463783675,-0.342367703
0.564828503,-0.434722851,-0.338647812
0.563958789,-0.405539686,-0.342319787
0.562538522,-0.377568395,-0.350727251
0.559860396,-0.350680741,-0.362196326
0.554805112,-0.321836030,-0.364171621
0.548720886,-0.293624165,-0.360490372
0.542715682,-0.267542276,-0.348612325
0.534887150,-0.239266090,-0.346475110
0.525254836,-0.212037510,-0.350307897
0.514047271,-0.185386186,-0.353090939
0.503304242,-0.159016645,-0.346171637
0.495260914,-0.135388585,-0.330668577
0.483035478,-0.109760628,-0.323066708
0.466929467,-0.085571702,-0.323419094
0.451667443,-0.061715524,-0.316675500
0.441752347,-0.039964001,-0.300038796
0.428307977,-0.017577086,-0.286967892
0.408065896,0.003022018,-0.283106056
0.391537277,0.023734514,-0.270533259
0.382265977,0.043252432,-0.250933453
0.363380841,0.062079003,-0.239200469
0.342758729,0.079090892,-0.228012744
0.331847626,0.097503887,-0.208315251
0.313929099,0.114194716,-0.192635626
0.292132660,0.127743009,-0.179455109
0.281113358,0.145350223,-0.159224844
0.260899573,0.158554129,-0.143217474
0.240173426,0.170340694,-0.126831705
0.227772675,0.187444608,-0.106843152
0.205034771,0.195783981,-0.090885188
0.187695472,0.209576578,-0.071944136
0.171084272,0.224379162,-0.053378233
0.147792410,0.230042783,-0.036802041
0.130214435,0.245463918,-0.019410801
0.107802571,0.255046749,-0.003351400
0.082537639,0.258886072,0.010916137
0.056575670,0.267563983,0.021524220
0.029047065,0.276822796,0.021497166
0.005004040,0.277925771,0.005280417
-0.014637553,0.271456592,-0.014506232
-0.041971822,0.271685416,-0.023531980
-0.070373976,0.269588439,-0.017130805
-0.095382703,0.260685941,-0.004636950
-0.115584806,0.245902619,0.010490911
-0.139167618,0.240361211,0.026773265
-0.159458561,0.229123770,0.044160598
-0.175923300,0.213959874,0.062690260
-0.199056032,0.207191411,0.079142499
-0.213399545,0.191079044,0.098406674
-0.231824127,0.178081249,0.116839179
-0.253919374,0.167782059,0.132461313
-0.265424808,0.150438960,0.152646104
-0.286623084,0.137772337,0.167834215
-0.306122301,0.122935089,0.183481557
-0.316924327,0.104914127,0.203679675
-0.338435339,0.089834941,0.215606696
-0.356959193,0.072123754,0.229561781
-0.366584024,0.053180993,0.249477023
-0.385481588,0.034278121,0.260924225
-0.405077203,0.014574282,0.269344650
-0.416623188,-0.006142924,0.286088131
-0.429541831,-0.027647203,0.300808628
-0.448063140,-0.049646531,0.303980813
-0.463420762,-0.073431954,0.311122459
-0.473175474,-0.096149478,0.326204381
-0.484504185,-0.120293841,0.337642892
-0.498495719,-0.145693538,0.338595174
-0.511255803,-0.171845483,0.337694986
-0.521487243,-0.198941312,0.342755862
-0.528736360,-0.223975178,0.356331393
-0.537211933,-0.251409559,0.361707134
-0.545244185,-0.279219943,0.358873867
-0.551545975,-0.306223473,0.349314845
-0.556685514,-0.335170771,0.348175202
-0.560993872,-0.363833499,0.351431506
-0.565041878,-0.391697982,0.359719824
-0.567310939,-0.420893114,0.357307850
-0.567498690,-0.449145523,0.349731706
-0.564688683,-0.474718656,0.335456003
-0.561302104,-0.502033732,0.325394646
-0.557574614,-0.530466350,0.318779172
-0.554831063,-0.559659549,0.317892063
-0.552116202,-0.588922023,0.318793808
-0.545589501,-0.616710543,0.312160004
-0.536839354,-0.643253784,0.302947039
-0.525062767,-0.666624344,0.289742360
-0.510337814,-0.686019464,0.273233962
-0.494604371,-0.706047884,0.258564055
-0.479196053,-0.728899429,0.248253543
-0.462352846,-0.750944213,0.238436472
-0.443863432,-0.771820851,0.229040529
-0.423657509,-0.791380840,0.220379425
-0.401651576,-0.809414282,0.212878874
-0.377769286,-0.825599968,0.207130174
-0.352010268,-0.839421975,0.203947736
-0.324624952,-0.850070458,0.204355811
-0.298074260,-0.859733777,0.211795073
-0.274671182,-0.868818474,0.227032737
-0.250770605,-0.870285636,0.243883896
-0.226526751,-0.862852276,0.258761112
-0.203358816,-0.852325328,0.273540743
-0.180378020,-0.835743644,0.279881649
-0.156898592,-0.818468661,0.282068299
-0.130814884,-0.808634456,0.291327825
-0.102669639,-0.802916472,0.297492769
-0.073406523,-0.801992947,0.299975748
-0.044179794,-0.805187830,0.299345838
-0.015499486,-0.811060587,0.296411376
0.012602477,-0.818440200,0.291731805
0.040241377,-0.826524668,0.285651284
0.067533633,-0.834788912,0.278361755
0.094568028,-0.842870950,0.269986887
0.121400133,-0.850513959,0.260609805
0.148058482,-0.857531864,0.250296279
0.174556752,-0.863822885,0.239136264
0.201177035,-0.872875493,0.230708440
0.227534261,-0.884490050,0.224653481
0.253918434,-0.893466929,0.215445036
0.279469517,-0.896796013,0.201256659
0.304271187,-0.897706768,0.185555429
0.325792363,-0.891622136,0.166559740
0.345849829,-0.882637148,0.146987225
0.368385619,-0.877086637,0.129019851
0.392127009,-0.873612447,0.111976530
0.416622402,-0.872501610,0.095903157
0.442136433,-0.876206007,0.081713947
0.466714910,-0.876807813,0.065710303
0.488078272,-0.869303907,0.046953643
0.508366436,-0.859882033,0.027827217
0.524576932,-0.844813927,0.008825376
0.535627921,-0.823996999,-0.008778104
0.549421341,-0.805542493,-0.026876873
0.566618754,-0.791023247,-0.045840586
0.584348121,-0.777748099,-0.065070862
0.604848257,-0.770708566,-0.084957004
0.623479775,-0.760783252,-0.105254882
0.636641677,-0.742609244,-0.124238928
0.648188539,-0.722799493,-0.142690278
0.653916944,-0.698154924,-0.157046105
0.654988883,-0.670573941,-0.167215732
0.661394335,-0.646255138,-0.182172146
0.668869346,-0.622968217,-0.198543472
0.677954984,-0.602300370,-0.217062053
0.689527665,-0.586362007,-0.238919796
0.695013578,-0.563482433,-0.256116779
0.696916769,-0.537619267,-0.270034114
0.695726521,-0.510257003,-0.280185645
0.689904561,-0.481534652,-0.282734473
0.686042355,-0.453276391,-0.289241731
0.683772538,-0.425910672,-0.299831606
0.683562682,-0.401573680,-0.315942076
0.682743045,-0.378232476,-0.333505956
0.676475866,-0.350698747,-0.341649548
0.668375150,-0.322967531,-0.346260234
0.657707190,-0.296324419,-0.339969242
0.647893531,-0.268850795,-0.340900456
0.638186142,-0.241830611,-0.346711887
0.629089039,-0.217609760,-0.360639857
0.616764048,-0.191351091,-0.364073807
0.603363940,-0.165349480,-0.362389357
0.590690449,-0.141409658,-0.350967641
0.576387362,-0.116219396,-0.346707599
0.560621853,-0.091959394,-0.349361155
0.543490601,-0.068979124,-0.353440524
0.526551707,-0.045665974,-0.347593923
0.513729455,-0.024750641,-0.331563948
0.496387419,-0.002501609,-0.323531154
0.475292277,0.017764425,-0.324130059
0.455377502,0.037972334,-0.317294830
0.440628739,0.057259454,-0.301651931
0.423547892,0.076488122,-0.288157340
0.400609004,0.093425159,-0.282668321
0.378879997,0.110156900,-0.272894281
0.365293831,0.128016690,-0.254199228
0.345023286,0.144500820,-0.240835234
0.319604809,0.156829853,-0.233119573
0.301001777,0.172646612,-0.217093379
0.284109459,0.189115912,-0.200090379
0.259602209,0.200464907,-0.189193349
0.235892454,0.212534551,-0.177078450
0.217333755,0.229838797,-0.162322084
0.194660124,0.245722850,-0.152851649
0.170804365,0.262553918,-0.152313985
0.152603437,0.281169235,-0.165389185
0.138950890,0.299809618,-0.183613013
0.119237218,0.317015028,-0.196325574
0.091720171,0.326488065,-0.196955684
0.063084647,0.325364639,-0.191685918
0.035949634,0.318772647,-0.182862160
0.011099468,0.316300735,-0.167745491
-0.012661985,0.312515795,-0.151378644
-0.034302724,0.297610527,-0.138702442
-0.056014081,0.288940965,-0.121185639
-0.077342386,0.283217640,-0.102401246
-0.094422466,0.265741350,-0.086641320
-0.114884684,0.259211327,-0.067162254
-0.132589542,0.245967780,-0.048520510
-0.147511562,0.229634505,-0.029961768
-0.167706391,0.222202610,-0.010663164
-0.179657690,0.203880821,0.008472405
-0.199223960,0.194328223,0.027435280
-0.213202108,0.178629390,0.046955117
-0.226274393,0.162372463,0.066744226
-0.246054476,0.150716465,0.084237817
-0.254811779,0.131911405,0.104684810
-0.273982674,0.118095641,0.121263949
-0.288742931,0.100845687,0.139382794
-0.297227726,0.081789275,0.159358757
-0.317238589,0.065233596,0.172621925
-0.327038652,0.045258564,0.191219926
-0.336956272,0.024842083,0.209353572
-0.355637970,0.004658990,0.219193023
-0.365662241,-0.017585743,0.235209129
-0.371804765,-0.039530896,0.253127093
-0.386115695,-0.063373690,0.261552623
-0.397496214,-0.088544605,0.270897983
-0.401511432,-0.112484819,0.286906307
-0.406577789,-0.137991367,0.300072728
-0.414758435,-0.165530050,0.304771784
-0.420785646,-0.193844163,0.308050397
-0.421582028,-0.221865053,0.316708705
-0.417849493,-0.247793686,0.330093998
-0.413664813,-0.276030280,0.336867023
-0.406047535,-0.304155757,0.340761664
-0.394401483,-0.330940850,0.338539063
-0.376554192,-0.353169739,0.331960199
-0.350540836,-0.365546452,0.327381705
-0.321955718,-0.367536355,0.321779917
-0.293734083,-0.362371246,0.322471409
-0.265951367,-0.362289210,0.312890440
-0.239079073,-0.371125328,0.305522610
-0.215814653,-0.388704002,0.302242225
-0.194824994,-0.409269284,0.303318788
-0.174427011,-0.429858486,0.308375815
-0.154336315,-0.449940173,0.315804192
-0.134416820,-0.466457436,0.329797608
-0.114660003,-0.486571316,0.337920654
-0.095356134,-0.508356070,0.339615196
-0.075951671,-0.530135037,0.336817779
-0.054670872,-0.550044557,0.340926126
-0.033840872,-0.567138104,0.352306994
-0.012419356,-0.585006243,0.360680290
0.009980157,-0.603931973,0.361362767
0.031745279,-0.621455439,0.352254973
0.055289945,-0.638460292,0.348641938
0.079625675,-0.654961593,0.348151943
0.102783554,-0.670919408,0.356654023
0.127186138,-0.686645411,0.358808119
0.152383910,-0.701107051,0.354294397
0.175820333,-0.711236214,0.339896503
0.200341697,-0.720878217,0.327235067
0.226631302,-0.731950441,0.319990471
0.252986606,-0.744562149,0.318595051
0.279179600,-0.757791923,0.319392353
0.305674679,-0.766961037,0.310823792
0.331923411,-0.774143645,0.299670615
0.354406490,-0.774798325,0.281155785
0.375861404,-0.772869299,0.261279232
0.401597869,-0.775464049,0.247272754
0.427891283,-0.778689347,0.234652430
0.455383205,-0.786340895,0.227539725
0.482367997,-0.791740906,0.217636299
0.506875448,-0.790689089,0.201431073
0.530488775,-0.787781166,0.184146285
0.546836057,-0.776571592,0.162904994
0.561190326,-0.762814288,0.141442925
0.582564136,-0.755114943,0.122780670
0.603780040,-0.746918640,0.104111068
0.628202185,-0.744171187,0.088230235
0.653297219,-0.743324348,0.073015194
0.673221791,-0.734002827,0.053816625
0.690435753,-0.721226538,0.033651186
0.702149317,-0.703492450,0.013617610
0.708134854,-0.681566068,-0.005058808
0.717082937,-0.661131142,-0.024076258
0.730097140,-0.643601580,-0.043811121
0.743551887,-0.626677108,-0.063671205
0.761185032,-0.614997023,-0.084099032
0.777146912,-0.601904420,-0.104940041
0.786029104,-0.581967428,-0.124531594
0.792222339,-0.560114195,-0.143198680
0.790694857,-0.534399539,-0.156877624
0.785906382,-0.507479466,-0.167673205
0.787555590,-0.482906516,-0.183606619
0.789442120,-0.458587807,-0.200074970
0.793774174,-0.436565667,-0.218874483
0.800413411,-0.417425026,-0.240203790
0.801204252,-0.394251372,-0.257885042
0.797300091,-0.368538479,-0.271661157
0.788598128,-0.341848296,-0.279127038
0.776423506,-0.315134631,-0.280706995
0.768509873,-0.288544580,-0.290174605
0.760651011,-0.262237305,-0.300763297
0.755636228,-0.238455361,-0.317115931
0.749569184,-0.215146711,-0.333800510
0.737885086,-0.189356317,-0.341714365
0.724065375,-0.163816539,-0.344409638
0.708449822,-0.139556115,-0.338642511
0.693750415,-0.114292438,-0.340544558
0.678862709,-0.089286072,-0.344825257
0.665302776,-0.066581570,-0.357626347
0.649078220,-0.043286216,-0.363916046
0.631308449,-0.019841443,-0.363873908
0.614266243,0.002068486,-0.354544906
0.596610779,0.024248244,-0.347619436
0.577593203,0.046646061,-0.345968618
0.557520218,0.067294911,-0.351699432
0.536873754,0.087879127,-0.352467500
0.516852844,0.108684267,-0.346977791
0.499882503,0.129107356,-0.334344356
0.480988999,0.150006992,-0.326403456
0.461064145,0.171158456,-0.321719839
0.441231810,0.192769789,-0.319465829
0.422708465,0.215576239,-0.320592180
0.409177227,0.241182499,-0.325114630
0.405269304,0.269307526,-0.332238603
0.408631600,0.297451186,-0.340089060
0.415104860,0.325566402,-0.336845102
0.415037659,0.354569875,-0.339318910
0.404909295,0.381871933,-0.341895580
0.385110535,0.401743832,-0.349986405
0.360043719,0.416069817,-0.354027044
0.332580601,0.426266162,-0.351577813
0.304319896,0.432643245,-0.346850143
0.277919744,0.437678086,-0.334906610
0.249770509,0.439263748,-0.326955369
0.220867212,0.437329820,-0.322215845
0.192370426,0.430349688,-0.323914891
0.164587638,0.424534102,-0.316368378
0.140079347,0.421898056,-0.300765486
0.114292376,0.415601976,-0.288588497
0.088525350,0.403244626,-0.283092928
0.063765069,0.390819326,-0.274141641
0.041667423,0.385654523,-0.255927973
0.018503179,0.374794278,-0.241635243
-0.002809645,0.356472095,-0.233599661
-0.023844424,0.346087579,-0.216394067
-0.044266886,0.336937510,-0.197982484
-0.061953371,0.317172444,-0.186301549
-0.081004541,0.305634382,-0.167646872
-0.099820442,0.294833919,-0.148428972
-0.114033284,0.274256897,-0.133773737
-0.132539676,0.265202235,-0.113474149
-0.147083224,0.247723459,-0.095602470
-0.160505672,0.229820257,-0.077187473
-0.178623127,0.219402702,-0.057054757
-0.188036287,0.198820240,-0.038984537
-0.205777577,0.187141739,-0.019370489
-0.216471883,0.168429652,-0.000196679
-0.227608351,0.150100004,0.019413967
-0.245081437,0.135957873,0.037702338
-0.250932244,0.115083160,0.057081834
-0.267565819,0.098562745,0.074295294
-0.277309256,0.078245241,0.092509249
-0.283299501,0.056699629,0.111091604
-0.299039672,0.036348902,0.124996758
-0.304657139,0.012940827,0.141478405
-0.307164473,-0.011361493,0.157495772
-0.311372570,-0.037667529,0.169946272
-0.311451797,-0.065734632,0.178520827
-0.304131718,-0.093867253,0.178476632
-0.295236593,-0.115928055,0.162648414
-0.278898249,-0.131055410,0.143781137
-0.257735779,-0.147055820,0.133062194
-0.242361215,-0.171810155,0.133934888
-0.228662049,-0.195910970,0.143704325
-0.215507897,-0.218725919,0.156834279
-0.206012003,-0.243862182,0.168208521
-0.193382631,-0.266432301,0.181880809
-0.176246071,-0.281209840,0.200514934
-0.163281533,-0.303737455,0.213668610
-0.150304442,-0.327294986,0.224639261
-0.133165183,-0.342129941,0.242682715
-0.116519848,-0.360662573,0.257887137
-0.101940922,-0.385345403,0.263785521
-0.083703858,-0.404098498,0.276975747
-0.065184008,-0.417198020,0.295064800
-0.046165257,-0.437291723,0.304550062
-0.027299318,-0.459545072,0.306471789
-0.006161115,-0.477010185,0.316861674
0.014262321,-0.489883796,0.333487752
0.036556250,-0.507547507,0.340859653
0.058322600,-0.526646676,0.336305329
0.082335657,-0.543089804,0.340119236
0.105677740,-0.556674792,0.350686363
0.129362453,-0.570043819,0.360594351
0.154788201,-0.584602721,0.361355540
0.179278144,-0.597651795,0.351699534
0.205697442,-0.609858222,0.348525924
0.232571147,-0.621359399,0.350018484
0.258375839,-0.632508537,0.358695898
0.285759711,-0.642790797,0.357874282
0.312904846,-0.651170190,0.351132991
0.336809374,-0.655175538,0.334513825
0.363965504,-0.660435892,0.324995276
0.391983160,-0.665578413,0.317634837
0.420246659,-0.673064475,0.318546704
0.448605043,-0.679631979,0.317363697
0.476072888,-0.681899876,0.307056997
0.502175017,-0.681775400,0.293931074
0.522167742,-0.675498339,0.273362749
0.545140595,-0.670365374,0.256142940
0.570986543,-0.667007450,0.242472368
0.597691432,-0.664574522,0.230799783
0.626497379,-0.666687666,0.225192860
0.652856419,-0.663694595,0.213311994
0.676104618,-0.656150506,0.196917731
0.697096171,-0.646231559,0.179074116
0.710387752,-0.630646986,0.158061587
0.723229772,-0.614096469,0.137453366
0.742283603,-0.600890484,0.119337752
0.761533218,-0.587566675,0.101517857
0.785518727,-0.579240393,0.086733385
0.809283484,-0.570878498,0.071662856
0.826465977,-0.555972820,0.053256231
0.840633343,-0.538619447,0.034168194
0.851217455,-0.519063667,0.015094665
0.853721405,-0.495878788,-0.002786326
0.855684121,-0.472158720,-0.020050849
0.863572669,-0.450359724,-0.038098971
0.872081175,-0.428717329,-0.056138199
0.884193428,-0.409368212,-0.074604160
0.898437185,-0.391852293,-0.093483233
0.908675367,-0.371751971,-0.112202709
0.912130114,-0.348043309,-0.129262995
0.913191582,-0.323423850,-0.145272345
0.907880372,-0.297299811,-0.157552681
0.899635835,-0.270809229,-0.167377576
0.894191003,-0.244281906,-0.178726276
0.892112202,-0.218154521,-0.192116754
0.889807965,-0.191895910,-0.205195998
0.890493281,-0.166618159,-0.220220495
0.892323058,-0.141875917,-0.236056370
0.891765377,-0.116043565,-0.250049959
0.886829445,-0.088679840,-0.259593660
0.881270095,-0.060777031,-0.267125980
0.876250768,-0.032385082,-0.273021507
0.871007370,-0.003661051,-0.275074963
0.861825846,0.023144654,-0.267304492
0.858413244,0.051146541,-0.259898608
0.863303590,0.079385438,-0.253439589
0.871419692,0.105529672,-0.242733360
0.883261860,0.129344696,-0.230726528
0.903369943,0.150322657,-0.226277645
0.915960882,0.172063844,-0.211906176
0.923631113,0.194338195,-0.194276654
0.928224097,0.218140559,-0.177629234
0.928231754,0.243820565,-0.163362759
0.923172825,0.270839437,-0.153037459
0.913376576,0.297995338,-0.147594221
0.900163594,0.324234869,-0.146594976
0.884767823,0.349163299,-0.149163588
0.868087965,0.372806942,-0.154491939
0.850692467,0.395322123,-0.162003718
0.832901064,0.416827432,-0.171336016
0.814785544,0.437367303,-0.182110044
0.795712800,0.456606983,-0.193606934
0.776215467,0.474802399,-0.206013303
0.760348948,0.493687462,-0.222015243
0.744890049,0.511665416,-0.239429417
0.724862080,0.526823202,-0.254550164
0.700816464,0.538853690,-0.266505575
0.675295098,0.548892453,-0.276971391
0.646705668,0.554380523,-0.280755593
0.617778216,0.558821487,-0.283597349
0.590523722,0.565504827,-0.292326337
0.563904084,0.571950575,-0.302951275
0.541012611,0.579482620,-0.319786058
0.516110692,0.584541309,-0.334244231
0.487642282,0.585981935,-0.341512523
0.458623436,0.585413426,-0.345024081
0.430010035,0.582049260,-0.339065224
0.400902133,0.579596172,-0.340170408
0.371916194,0.576717840,-0.344319086
0.345381906,0.573741144,-0.356447287
0.317773989,0.568527895,-0.363881691
0.289199594,0.561500738,-0.364134640
0.262934770,0.554417529,-0.353671300
0.235727398,0.546348409,-0.347432429
0.208082952,0.536637910,-0.346814244
0.182392548,0.524799714,-0.354622659
0.155882055,0.512863743,-0.350291523
0.131427841,0.502685799,-0.338344402
0.107221081,0.491974692,-0.326281580
0.082608872,0.476933074,-0.322669736
0.059399161,0.459819463,-0.320969027
0.036692003,0.446012113,-0.308933017
0.015666886,0.435654573,-0.291861998
-0.005761800,0.417631270,-0.283863588
-0.025649432,0.397870927,-0.276487885
-0.045306280,0.385357446,-0.259205111
-0.064681602,0.371044636,-0.242882495
-0.080805924,0.348215539,-0.234713055
-0.098512000,0.332282856,-0.217870663
-0.116289941,0.319918605,-0.198800761
-0.129287381,0.296874465,-0.187028953
-0.145304480,0.280977199,-0.168723277
-0.161746725,0.266711922,-0.149605658
-0.171491621,0.243350557,-0.135500405
-0.187375626,0.228815566,-0.116092709
-0.200692759,0.210527482,-0.098045153
-0.208805191,0.187838954,-0.081776472
-0.225267855,0.172681688,-0.063091250
-0.233476210,0.150179731,-0.046575008
-0.241435374,0.127260724,-0.030289771
-0.256944962,0.107569606,-0.015166897
-0.265268258,0.082065190,-0.003210354
-0.268195449,0.053383284,0.001479550
-0.270349274,0.027139143,-0.010290535
-0.279367175,0.008116865,-0.030048398
-0.279801768,-0.017093080,-0.044244100
-0.270858499,-0.044763316,-0.042644730
-0.263557810,-0.070859398,-0.031303567
-0.261457512,-0.096082462,-0.016543756
-0.249258880,-0.117059284,-0.000477283
-0.235584607,-0.135976718,0.016954325
-0.230351285,-0.158979287,0.034022214
-0.213987885,-0.174082932,0.052703996
-0.203688680,-0.194258724,0.070908288
-0.193481835,-0.214842744,0.088403451
-0.176562183,-0.227573343,0.108293695
-0.167077327,-0.250111116,0.123801327
-0.151003063,-0.264599575,0.142975406
-0.134734765,-0.278969506,0.162185653
-0.122292301,-0.301624836,0.175327480
-0.104559570,-0.313516509,0.194729446
-0.087317838,-0.329453809,0.211746985
-0.071325859,-0.351097158,0.222374979
-0.052181585,-0.363356501,0.240392312
-0.032597151,-0.376614753,0.257322975
-0.013586752,-0.397763581,0.263588928
0.008011408,-0.413055119,0.276339939
0.028616766,-0.421470439,0.295195043
0.051454885,-0.436735490,0.305381342
0.074487310,-0.454576405,0.306624798
0.098894677,-0.466753460,0.317278645
0.121810694,-0.474784836,0.333632260
0.147641500,-0.486865362,0.340707171
0.173499606,-0.500189440,0.336728111
0.200811655,-0.510384769,0.339928184
0.227522875,-0.518137805,0.348548714
0.253489634,-0.524504121,0.360266315
0.281922698,-0.531747603,0.362250650
0.309140644,-0.537795851,0.353390173
0.337604623,-0.542127549,0.348720795
0.366855600,-0.545248067,0.348119993
0.395127062,-0.547927028,0.355617075
0.423995124,-0.549642078,0.359501327
0.453197529,-0.549411563,0.355917236
0.480189398,-0.546477564,0.345027410
0.505671701,-0.541212775,0.331338029
0.533646170,-0.535777168,0.324163671
0.561724986,-0.529291590,0.318249269
0.590522729,-0.523437795,0.317690956
0.619237541,-0.517082219,0.318370154
0.646361249,-0.507201063,0.313244653
0.671792062,-0.494648958,0.305384034
0.696246117,-0.480279374,0.297541012
0.719548434,-0.463986623,0.289961972
0.741461702,-0.445636698,0.282975332
0.761638260,-0.425069135,0.277032368
0.779535487,-0.402125397,0.272762270
0.794235341,-0.376729821,0.271056809
0.804445652,-0.349259565,0.272890133
0.807836138,-0.320610615,0.277606987
0.800043838,-0.292342292,0.277973961
0.789254732,-0.265469369,0.282447509
0.779017827,-0.240353214,0.293841591
0.767551530,-0.215950781,0.305569722
0.761997243,-0.194715631,0.324961028
0.754414484,-0.169787779,0.337258265
0.748554047,-0.141358632,0.341726745
0.748729613,-0.112035098,0.343430105
0.753975851,-0.083109635,0.342904430
0.762477383,-0.055027446,0.340726798
0.772790991,-0.027682340,0.337264123
0.784011900,-0.000860780,0.332684526
0.795550839,0.025633742,0.327097801
0.807034744,0.051930380,0.320545397
0.818199752,0.078113108,0.313053604
0.828853062,0.104230032,0.304644276
0.836416105,0.129636271,0.292215563
0.839191763,0.153387208,0.275075076
0.842555085,0.177959185,0.259318221
0.849102317,0.204014010,0.247297270
0.855393568,0.230121472,0.235283983
0.866529906,0.256467749,0.228563637
0.877749203,0.282700277,0.221604885
0.882372931,0.308288035,0.208094696
0.884222983,0.333207824,0.192545033
0.881419438,0.356072429,0.174563741
0.871997013,0.375104849,0.154222533
0.863372235,0.395257029,0.134693740
0.859303416,0.418505017,0.117115177
0.855752089,0.441994524,0.099837883
0.858833680,0.467426953,0.085429589
0.860728664,0.492315009,0.070016402
0.853736312,0.513681020,0.051195309
0.844082086,0.533577149,0.031776027
0.829923281,0.550144584,0.012332149
0.809213580,0.560655203,-0.005712730
0.789748396,0.572897952,-0.023899902
0.774668797,0.589345983,-0.043082483
0.760078900,0.605958040,-0.062430063
0.751789551,0.625830582,-0.082441101
0.742385939,0.644592081,-0.102945388
0.724842728,0.657774328,-0.122356422
0.704858410,0.668686389,-0.141003662
0.681407107,0.675374036,-0.156953538
0.653808375,0.675351549,-0.167160035
0.628385726,0.679419360,-0.180923474
0.604985574,0.686182043,-0.197441777
0.584141586,0.694693755,-0.216154567
0.566790311,0.705050209,-0.237536095
0.544556167,0.710575097,-0.255582474
0.518695518,0.711697389,-0.269587331
0.491619940,0.709889216,-0.280063950
0.463290888,0.702092220,-0.280396426
0.435584713,0.698410030,-0.288666545
0.408322808,0.695396766,-0.299339003
0.384368657,0.694839842,-0.316071214
0.360848537,0.693180567,-0.333257746
0.333471346,0.686135087,-0.341322631
0.305970170,0.676765208,-0.343747755
0.279291765,0.665526236,-0.338483535
0.251940419,0.655221680,-0.340789059
0.225133083,0.644789710,-0.346533890
0.200714346,0.634804887,-0.359534353
0.174926160,0.621963110,-0.364065564
0.149195905,0.607852744,-0.363115200
0.126443530,0.595171295,-0.349564981
0.101403517,0.580084514,-0.346807137
0.077608788,0.563751284,-0.350001394
0.054956155,0.546148961,-0.353703294
0.032022145,0.528718814,-0.347828284
0.011400688,0.515498856,-0.331672871
-0.010532556,0.497543780,-0.323998119
-0.030606657,0.476449272,-0.323414397
-0.050206218,0.455650860,-0.318107797
-0.069388081,0.440013785,-0.302963222
-0.088363144,0.422807761,-0.289205946
-0.105201368,0.399989961,-0.283057390
-0.121317727,0.377414117,-0.274531251
-0.138971548,0.362293028,-0.256933280
-0.155656255,0.342862154,-0.242781295
-0.167787754,0.317228912,-0.235635843
-0.182683370,0.295982112,-0.221913981
-0.200230059,0.280177894,-0.204531472
-0.214117560,0.257100090,-0.192922740
-0.224893567,0.230851661,-0.185395921
-0.240838813,0.207410465,-0.177676203
-0.259557988,0.185169180,-0.179453025
-0.279920011,0.170188279,-0.194105349
-0.300255863,0.158582446,-0.211916883
-0.319062498,0.139808982,-0.223691773
-0.329733962,0.112718779,-0.223779478
-0.336530834,0.086118240,-0.213473300
-0.336991807,0.059462429,-0.201372957
-0.329087517,0.033349584,-0.191106689
-0.318575607,0.008847437,-0.179202573
-0.316563173,-0.013926311,-0.160987740
-0.306174106,-0.036288697,-0.145327204
-0.290549706,-0.056135958,-0.130963718
-0.286028544,-0.077238920,-0.111487127
-0.271139223,-0.095406756,-0.094691084
-0.256542327,-0.112775382,-0.076723119
-0.249747198,-0.132909123,-0.056997277
-0.231226929,-0.146374592,-0.039061071
-0.222818265,-0.165993561,-0.019406000
-0.206948333,-0.180235965,-0.000166963
-0.191463290,-0.194563098,0.019605008
-0.181117206,-0.213927617,0.038305430
-0.162337669,-0.223542096,0.058363804
-0.150756327,-0.243440774,0.076116071
-0.132845374,-0.254227439,0.095930900
-0.115679363,-0.267296600,0.115302680
-0.100936008,-0.286497655,0.131021882
-0.081438711,-0.293397857,0.151332737
-0.063812209,-0.310308574,0.166824050
-0.044682316,-0.326169102,0.181750427
-0.024127343,-0.331653841,0.201727479
-0.003280493,-0.347288030,0.214411350
0.019044397,-0.361330644,0.226614670
0.041118841,-0.365823649,0.245150747
0.065208113,-0.375026214,0.258988262
0.090464086,-0.388860561,0.264334355
0.116552963,-0.395356235,0.276135585
0.140572659,-0.395664122,0.293037711
0.168079903,-0.399470944,0.302749153
0.196876822,-0.404379027,0.304746971
0.225889341,-0.404602054,0.308104595
0.254355684,-0.399409633,0.313326708
0.280682919,-0.388088921,0.319564314
0.302419062,-0.369283440,0.325154286
0.316576004,-0.343929544,0.322984488
0.321305564,-0.316626091,0.313492222
0.325649767,-0.295082577,0.294279734
0.329038367,-0.267833800,0.283901060
0.339349346,-0.240655022,0.281184712
0.354599672,-0.216274310,0.287084500
0.373786473,-0.195342615,0.294698678
0.394955478,-0.176323476,0.302208216
0.419000077,-0.159685828,0.304019812
0.441663012,-0.141714309,0.308344408
0.461368284,-0.122407335,0.318144162
0.478026572,-0.103071011,0.332703961
0.498616287,-0.083383285,0.339948963
0.520813064,-0.064522694,0.337166774
0.541342236,-0.043781987,0.338644297
0.560052000,-0.022185477,0.345049547
0.576232964,-0.001324158,0.357979274
0.594692215,0.021138979,0.361934271
0.612592069,0.043518321,0.357263632
0.629056094,0.066205753,0.348925046
0.645345353,0.090701890,0.348045823
0.661019828,0.114862611,0.352635625
0.676434323,0.138739345,0.359630890
0.690900512,0.164155926,0.356540621
0.702226342,0.188507696,0.345649956
0.710458237,0.211948714,0.330160430
0.721178086,0.238340980,0.322811937
0.731806498,0.265063152,0.317050052
0.744695192,0.291454742,0.318686913
0.755262414,0.318297719,0.314416620
0.762375991,0.344792061,0.303756638
0.764311704,0.368422073,0.286981130
0.761645698,0.389219937,0.266376682
0.763363919,0.414612636,0.251776373
0.764900740,0.440428239,0.237730249
0.770616751,0.467783088,0.229129648
0.777733542,0.495373200,0.222101682
0.777340295,0.520425621,0.206950665
0.774404118,0.544256806,0.189932626
0.766090039,0.563745828,0.170017083
0.751915908,0.577446665,0.148171733
0.741508458,0.596332596,0.128418168
0.732929752,0.617412729,0.109758099
0.727158736,0.640450008,0.092611794
0.725349579,0.665542930,0.077343107
0.718855530,0.687727739,0.059457204
0.706107524,0.705046999,0.039390253
0.690890178,0.719800783,0.019165598
0.669088191,0.725405455,0.000353487
0.647016349,0.731195724,-0.018050343
0.629032504,0.743634714,-0.037726275
0.610544944,0.755452640,-0.057341008
0.596735838,0.771513751,-0.077515514
0.585611751,0.789228419,-0.098148968
0.567107675,0.799611145,-0.118158059
0.545469069,0.805976638,-0.137064753
0.521862696,0.808647115,-0.154015495
0.495138449,0.803144505,-0.164886524
0.468977775,0.800176741,-0.177581867
0.444744111,0.801952239,-0.194188722
0.420690346,0.803425623,-0.210984003
0.401830382,0.810539164,-0.232375390
0.380630141,0.813805333,-0.252092136
0.355115078,0.809916553,-0.266208346
0.329094047,0.803907278,-0.278361286
0.302629925,0.791420703,-0.280564800
0.276051773,0.780433381,-0.285419207
0.249823907,0.772363543,-0.296057906
0.224479706,0.764853034,-0.308644678
0.201868535,0.759966077,-0.326820013
0.177055429,0.749968824,-0.338351959
0.151515795,0.736961231,-0.345043225
0.126774322,0.721640687,-0.343907150
0.102763403,0.705569695,-0.338762626
0.077781817,0.690433456,-0.342287678
0.053680386,0.675518192,-0.349681064
0.031019794,0.660590126,-0.361014563
0.007696195,0.643154003,-0.364142485
-0.015176942,0.625073913,-0.361526313
-0.036724225,0.607971265,-0.351100165
-0.059157566,0.589531896,-0.347189694
-0.081329371,0.570269057,-0.346745058
-0.102007324,0.550143132,-0.352480774
-0.123169133,0.529933732,-0.352479038
-0.144877292,0.510435426,-0.348615199
-0.167256140,0.492012333,-0.343543541
-0.191026540,0.475673996,-0.337750916
-0.217085454,0.462879692,-0.333213796
-0.245639844,0.456326428,-0.332545331
-0.274727944,0.457625512,-0.336200051
-0.303126276,0.463552430,-0.341130076
-0.327992601,0.467257248,-0.355174964
-0.356243426,0.468158470,-0.361106580
-0.384381263,0.460267295,-0.362423282
-0.407821528,0.442708447,-0.362641599
-0.425306137,0.419127544,-0.362160905
-0.437701831,0.392494262,-0.361057904
-0.446079763,0.364355732,-0.359273131
-0.451228083,0.335500756,-0.356725912
-0.453684559,0.306374119,-0.353343053
-0.453880806,0.277292535,-0.348887010
-0.454271686,0.250627048,-0.336695147
-0.452519301,0.223221457,-0.326682127
-0.446831031,0.194787387,-0.322732256
-0.437293817,0.167047602,-0.323041396
-0.429704691,0.140265506,-0.313666735
-0.426007743,0.116722411,-0.296495541
-0.416488955,0.091068306,-0.285859978
-0.400906188,0.066472711,-0.282089450
-0.389532682,0.042785105,-0.269146943
-0.383544616,0.021271154,-0.250380175
-0.368526934,-0.000808356,-0.238885978
-0.351203640,-0.021192010,-0.228108864
-0.343251175,-0.041361245,-0.208782209
-0.329014117,-0.060994836,-0.192723469
-0.309421700,-0.077816316,-0.179834781
-0.301291168,-0.096843016,-0.159549534
-0.284132371,-0.113321514,-0.142880553
-0.265268656,-0.127731766,-0.126464417
-0.255917547,-0.146150045,-0.105983372
-0.234990585,-0.157389951,-0.089439538
-0.222554192,-0.174163601,-0.069440003
-0.207455947,-0.189261666,-0.049975656
-0.187286036,-0.198632192,-0.031565188
-0.175093682,-0.216491686,-0.012149223
-0.154320736,-0.223670619,0.006615831
-0.138789592,-0.239218689,0.025542387
-0.120834545,-0.251897782,0.044117879
-0.099958106,-0.258418627,0.063142997
-0.082513063,-0.275263571,0.079344908
-0.060502668,-0.280441338,0.097580635
-0.038037190,-0.288089936,0.114653031
-0.015532275,-0.301834648,0.127194318
0.009790276,-0.305184097,0.141388210
0.036276847,-0.303392751,0.153642564
0.065068353,-0.300325917,0.157328699
0.089538280,-0.288978832,0.146971381
0.106203213,-0.274748870,0.127371814
0.125816920,-0.260209771,0.111444751
0.151263792,-0.246127795,0.111019305
0.177975588,-0.237024458,0.118876637
0.202460725,-0.226328238,0.130804051
0.219730363,-0.209799964,0.147492094
0.240939598,-0.196921960,0.163061660
0.265815547,-0.187481185,0.174995187
0.282511673,-0.171599024,0.192635112
0.300128827,-0.156054151,0.209850643
0.325152016,-0.144422862,0.219335408
0.342781925,-0.127797381,0.235531340
0.357534885,-0.110420834,0.253434043
0.380836683,-0.095156372,0.261503528
0.401438980,-0.077403235,0.272183914
0.413928561,-0.058714365,0.290618168
0.431981963,-0.039234042,0.303055101
0.450436788,-0.018961747,0.313766451
0.468537606,0.002105207,0.323492927
0.489180441,0.022714315,0.322362960
0.506584210,0.045573433,0.328173144
0.522891655,0.069277492,0.334371944
0.538542931,0.093670280,0.339496081
0.552217087,0.117845789,0.348313996
0.564551778,0.141550819,0.360115634
0.578444541,0.167364709,0.362658226
0.591529975,0.193694685,0.363969496
0.603733614,0.220476326,0.364149440
0.615000983,0.247648858,0.363194131
0.625291684,0.275144121,0.361117175
0.634561531,0.302894725,0.357927530
0.642555121,0.330674135,0.352728722
0.646058791,0.354927821,0.336585407
0.649855266,0.381479183,0.325208530
0.654191423,0.409687728,0.318052008
0.660573265,0.438318353,0.318341809
0.666253380,0.466993248,0.317276144
0.667799000,0.494657809,0.307434573
0.666604653,0.520614637,0.294019868
0.660015838,0.541140817,0.274029802
0.653915491,0.563912891,0.256671676
0.649638877,0.589697664,0.243142517
0.646875597,0.616782582,0.232429442
0.647245374,0.645501578,0.226039530
0.643289223,0.671931916,0.214354049
0.634859706,0.695034237,0.198186014
0.624445485,0.716273924,0.180846759
0.608451416,0.729490033,0.160112759
0.591141778,0.741521559,0.139634240
0.576922687,0.759957790,0.121694583
0.562644072,0.778781071,0.104150287
0.552108148,0.801656235,0.089038044
0.542570096,0.825289755,0.074360811
0.528130221,0.843852206,0.056995356
0.510065379,0.857760342,0.038382937
0.490660304,0.869619059,0.019783385
0.467556752,0.873021212,0.002029642
0.443265709,0.873344218,-0.014577347
0.420293031,0.879308202,-0.031795233
0.397935860,0.887437228,-0.049124234
0.375861832,0.896250704,-0.066399621
0.356930818,0.910030850,-0.084210362
0.337512608,0.922830986,-0.102185635
0.314051170,0.928387055,-0.118836343
0.289049709,0.930495366,-0.134222894
0.263381689,0.930814507,-0.148536046
0.236589443,0.925136366,-0.159104270
0.209559697,0.916587606,-0.167010368
0.182149468,0.910753658,-0.175810498
0.154724964,0.909048119,-0.186355707
0.126864432,0.907201680,-0.195661134
0.098511296,0.905342648,-0.203324744
0.070034902,0.906146073,-0.210541838
0.042085227,0.911612867,-0.217891504
0.014006662,0.919151151,-0.222220279
-0.014353230,0.926082636,-0.219609973
-0.041217760,0.932657101,-0.209700799
-0.065551100,0.940858456,-0.195379245
-0.087321828,0.947233271,-0.177010056
-0.105103478,0.942950057,-0.154028293
-0.124320614,0.941897273,-0.132095109
-0.146181247,0.946075244,-0.112850167
-0.169862905,0.947707981,-0.095489957
-0.195989045,0.947432987,-0.082040127
-0.224167753,0.945782682,-0.073900485
-0.253318760,0.942972825,-0.071402042
-0.282349717,0.938914973,-0.073727720
-0.310592762,0.933271450,-0.079691888
-0.337675477,0.925649195,-0.088284965
-0.363305243,0.915676485,-0.098733248
-0.387336949,0.903281410,-0.110325235
-0.409767049,0.888788559,-0.122690300
-0.430996172,0.873161977,-0.135777496
-0.450113352,0.854909565,-0.148528489
-0.464923417,0.831544320,-0.158457198
-0.478132040,0.806895104,-0.167631911
-0.493009802,0.784414365,-0.179306702
-0.508778971,0.763768334,-0.193136878
-0.524014177,0.743316748,-0.207742092
-0.540697006,0.727569074,-0.226135078
-0.556082822,0.710952914,-0.244863646
-0.567275905,0.687932413,-0.259178405
-0.576307896,0.662858702,-0.271664996
-0.581796775,0.635249755,-0.279480871
-0.583592359,0.605944230,-0.281473183
-0.587415621,0.577687112,-0.288145080
-0.592098660,0.550433179,-0.298216517
-0.597689371,0.525785033,-0.313049449
-0.602670850,0.502328501,-0.330049622
-0.603502492,0.474591377,-0.339455173
-0.602319412,0.445876585,-0.345683380
-0.597930998,0.417400904,-0.341163237
-0.593632153,0.388723695,-0.339029523
-0.589672374,0.359839372,-0.343054624
-0.585536723,0.332726273,-0.353106392
-0.579867597,0.306034811,-0.363468780
-0.571936776,0.277714594,-0.364217187
-0.563582266,0.250869545,-0.357285077
-0.555040824,0.224770702,-0.347760163
-0.544702119,0.197298167,-0.345622032
-0.533412815,0.170311736,-0.342382258
-0.521227230,0.143875178,-0.338042011
-0.506880720,0.118911020,-0.339413113
-0.491559857,0.094622551,-0.338193510
-0.476805782,0.070458842,-0.330151687
-0.461446241,0.047050723,-0.321074909
-0.448052699,0.025020500,-0.307633766
-0.435916435,0.003844697,-0.291858697
-0.419274619,-0.017616780,-0.280513244
-0.402218374,-0.038238848,-0.268262168
-0.384804866,-0.058019903,-0.255156346
-0.367084232,-0.076962854,-0.241248092
-0.343865946,-0.092196208,-0.233202827
-0.328664443,-0.109694585,-0.215609798
-0.314576643,-0.127062355,-0.197161277
-0.290837398,-0.139205123,-0.185659312
-0.275412368,-0.155264253,-0.166968748
-0.259862656,-0.171090937,-0.148339800
-0.236186974,-0.180395608,-0.134227617
-0.221195330,-0.196235357,-0.115008803
-0.201948609,-0.208965241,-0.097450877
-0.178752135,-0.216613548,-0.081704923
-0.162399634,-0.232876484,-0.063767642
-0.139387951,-0.241811414,-0.048199257
-0.114465508,-0.248041910,-0.034296080
-0.089551443,-0.258834654,-0.023076391
-0.063016989,-0.270679879,-0.021368996
-0.039149692,-0.277383402,-0.036445910
-0.019183069,-0.275414069,-0.057197034
0.007275288,-0.279803644,-0.067570032
0.035618603,-0.281506153,-0.061864788
0.061327543,-0.273686213,-0.050321194
0.083185448,-0.260405182,-0.036233450
0.106780609,-0.256574758,-0.019554931
0.127120174,-0.245118012,-0.002278011
0.144461670,-0.230353386,0.015773903
0.166953517,-0.224565039,0.033404473
0.181173400,-0.207951600,0.052403936
0.200870685,-0.197249557,0.070886154
0.221015745,-0.186535520,0.088624330
0.233133754,-0.169365918,0.108695908
0.250539240,-0.155135201,0.127693515
0.271593507,-0.143219188,0.143437655
0.290152317,-0.128268164,0.160325796
0.307177956,-0.111654236,0.177659160
0.316990420,-0.093345580,0.197843405
0.334987990,-0.076228031,0.213060527
0.355255299,-0.058980266,0.224591754
0.371248969,-0.039204221,0.239403995
0.386185718,-0.018606255,0.254044045
0.394796229,0.001542792,0.273098191
0.409636023,0.023422835,0.286033024
0.423955535,0.046151512,0.298058436
0.439925364,0.069375194,0.304425909
0.455163588,0.093595879,0.308788709
0.465427142,0.118123342,0.320706798
0.473266753,0.141903976,0.335521610
0.484572240,0.168373277,0.340827890
0.496465583,0.194874720,0.336526740
0.504960447,0.222730209,0.340704143
0.510757152,0.249115044,0.351562952
0.516213913,0.276126508,0.360720411
0.521831261,0.304905296,0.361379816
0.526077934,0.332481708,0.352155209
0.528517094,0.361430267,0.348666435
0.529594314,0.390811892,0.348392858
0.530149317,0.419329075,0.355457333
0.529569227,0.448287528,0.359525304
0.526834054,0.477418204,0.356368084
0.521825978,0.505201934,0.348718121
0.513971897,0.530117740,0.335190719
0.504885853,0.556436363,0.326052701
0.494733963,0.583499362,0.320523635
0.482588983,0.609689842,0.314819929
0.468324401,0.634798719,0.309171233
0.451770686,0.658539565,0.303878087
0.432661392,0.680444908,0.299373270
0.410784894,0.699841426,0.296236682
0.385957858,0.715527219,0.295301943
0.358572121,0.725881728,0.297397587
0.330382345,0.729845953,0.304117973
0.306759109,0.731535195,0.321437587
0.281923625,0.725250264,0.335239892
0.256256848,0.713214763,0.343134393
0.230740621,0.699616839,0.345591870
0.205621418,0.686769182,0.337849011
0.177071034,0.680589761,0.340515058
0.147740492,0.681162932,0.341850891
0.119034214,0.687499073,0.341701288
0.091391422,0.697496919,0.340467460
0.064607341,0.709504616,0.338328924
0.038368003,0.722499375,0.335339243
0.012425697,0.735865212,0.331505993
-0.013383904,0.749214823,0.326815935
-0.039164607,0.762283853,0.321257890
-0.064784417,0.776177294,0.317963411
-0.089561288,0.791972348,0.319655225
-0.114973513,0.806333729,0.317120242
-0.140718473,0.817571366,0.308362704
-0.166238300,0.826907255,0.297289115
-0.189704652,0.830376000,0.279979698
-0.213141813,0.832441297,0.262346365
-0.238756321,0.838117598,0.249086254
-0.264729197,0.844211287,0.236706595
-0.291164391,0.854828242,0.229490340
-0.317516845,0.865392296,0.221965849
-0.342963926,0.869527774,0.208035434
-0.367634415,0.870816045,0.192038265
-0.389952524,0.867307882,0.173585773
-0.407616043,0.856585231,0.152654673
-0.427622120,0.848048154,0.133030152
-0.450645582,0.843661583,0.115229456
-0.473069297,0.837973357,0.097035011
-0.494806669,0.830938675,0.078482223
-0.515799183,0.822566340,0.059629908
-0.535990058,0.812870156,0.040538327
-0.555324479,0.801868692,0.021268906
-0.573749791,0.789585056,0.001883989
-0.591215666,0.776046697,-0.017553377
-0.607674255,0.761285245,-0.036979629
-0.623145443,0.745419688,-0.056346206
-0.641271966,0.733928470,-0.076306290
-0.660619366,0.725538756,-0.096813948
-0.675608728,0.710802890,-0.117060879
-0.686156633,0.690829074,-0.135928593
-0.695483073,0.669899431,-0.154399643
-0.703584567,0.648085837,-0.172419406
-0.710445977,0.625448961,-0.189930898
-0.716050920,0.602048488,-0.206876632
-0.718991829,0.577024581,-0.221716469
-0.714859618,0.548785526,-0.228589523
-0.712466406,0.521078616,-0.237566233
-0.713771193,0.495287387,-0.251683624
-0.713773584,0.469041013,-0.264998989
-0.712485660,0.442414003,-0.277469508
-0.709919702,0.415480115,-0.289052750
-0.706212689,0.388403672,-0.299964761
-0.704775744,0.364240052,-0.316481553
-0.702232999,0.340452918,-0.333449093
-0.694454155,0.313330105,-0.341683920
-0.685300138,0.286125249,-0.348187649
-0.675060108,0.259068242,-0.353598213
-0.663784393,0.232226353,-0.357907896
-0.651367285,0.205775544,-0.359121028
-0.638279605,0.181278254,-0.349525937
-0.624727868,0.155359130,-0.348513542
-0.610387928,0.129660237,-0.348898580
-0.595201211,0.104460194,-0.348162772
-0.579231265,0.079805464,-0.346341083
-0.561922609,0.056887849,-0.351874230
-0.543671621,0.034306940,-0.352655435
-0.525408655,0.011897194,-0.347131174
-0.506642135,-0.009812366,-0.340590782
-0.487423994,-0.030794815,-0.333062609
-0.467811973,-0.051044074,-0.324599958
-0.447915498,-0.070559016,-0.315150125
-0.433043218,-0.089394490,-0.298363752
-0.413891275,-0.107986815,-0.286329704
-0.389366253,-0.123433086,-0.282310488
-0.367614939,-0.139798930,-0.271538676
-0.352616258,-0.157608040,-0.253666874
-0.331430293,-0.173651752,-0.241271957
-0.305439843,-0.185586323,-0.234566634
-0.283678375,-0.200851803,-0.221970831
-0.266819000,-0.219428229,-0.206662685
-0.244281840,-0.236085033,-0.197821243
-0.221870055,-0.254762431,-0.195048796
-0.204461442,-0.276438780,-0.203669770
-0.194033210,-0.298685875,-0.219820879
-0.181781239,-0.320806685,-0.234663266
-0.159295611,-0.337304209,-0.242696930
-0.130752840,-0.343690720,-0.242645061
-0.102065702,-0.344101427,-0.236358552
-0.074763396,-0.341822318,-0.225665657
-0.050409874,-0.342624950,-0.209344142
-0.025408218,-0.336766893,-0.195194254
-0.002137921,-0.322150168,-0.185041041
0.020366208,-0.315645024,-0.167660317
0.042189093,-0.309046802,-0.149581864
0.061012208,-0.291556669,-0.135914484
0.081455743,-0.284453848,-0.116626104
0.100861520,-0.273465515,-0.098040300
0.116211064,-0.255582905,-0.081345027
0.136153651,-0.248867884,-0.061450319
0.153457357,-0.235114007,-0.042013753
0.167531179,-0.218371979,-0.023079646
0.181415981,-0.202096386,-0.003393539
0.197073720,-0.187616488,0.016886741
0.216735513,-0.177354218,0.035663812
0.231905267,-0.161573209,0.055341715
0.241246064,-0.142968054,0.075303631
0.256634367,-0.127307404,0.094194837
0.274375776,-0.112244717,0.111285596
0.288294665,-0.093995475,0.129712914
0.294961865,-0.074286523,0.149769472
0.310508134,-0.055757289,0.165782691
0.326359357,-0.036207483,0.180205709
0.331163135,-0.015311557,0.199948199
0.344764673,0.006474400,0.213688510
0.358979197,0.029309077,0.224658594
0.363585951,0.052187420,0.241930362
0.369795095,0.076500481,0.256816280
0.381456861,0.102706696,0.262836615
0.387506077,0.129860989,0.272067894
0.386667764,0.155342320,0.286376955
0.385018623,0.182228987,0.297712871
0.381884638,0.210706313,0.304311660
0.375049777,0.239218423,0.305526009
0.361345719,0.264748125,0.301542950
0.338320927,0.281069177,0.294384165
0.311400246,0.286687527,0.284409956
0.282945233,0.285538903,0.279273037
0.256960372,0.293254191,0.268221398
0.235155466,0.311770556,0.262251865
0.216237902,0.334173542,0.263342067
0.197412945,0.355625278,0.270497017
0.178441319,0.374179040,0.282615423
0.159876351,0.392311913,0.296057954
0.142439169,0.414403529,0.304361941
0.126437474,0.439032391,0.305103379
0.107546317,0.460184252,0.312893772
0.088407153,0.476252238,0.328127585
0.068736582,0.495440675,0.338036042
0.049214185,0.516995079,0.338794782
0.028861985,0.537879145,0.337506478
0.006893850,0.556874332,0.342219993
-0.014058589,0.572473685,0.355607073
-0.036538467,0.590111746,0.361480414
-0.059488787,0.607845333,0.359114715
-0.082096869,0.623891529,0.349434288
-0.106840448,0.639765194,0.348247410
-0.131414896,0.654943634,0.351648091
-0.155182492,0.669758625,0.360030193
-0.180859174,0.683777821,0.357119930
-0.206868381,0.696803290,0.352639743
-0.233145561,0.708835128,0.347074918
-0.259629443,0.719820313,0.340431469
-0.286056547,0.729346354,0.331857481
-0.308696504,0.732543720,0.313473915
-0.333230792,0.736380378,0.298203386
-0.360012221,0.742180499,0.287465253
-0.386642349,0.746705129,0.275779517
-0.413050143,0.749951174,0.263199128
-0.439163744,0.751902166,0.249766156
-0.465156597,0.752988922,0.236021884
-0.492840586,0.758406014,0.227863747
-0.520446401,0.763667610,0.219398543
-0.545404302,0.762412105,0.204104579
-0.569032186,0.758627556,0.186971087
-0.591979579,0.753545873,0.169257756
-0.614185234,0.747177960,0.151021458
-0.635570168,0.739509280,0.132310926
-0.656089488,0.730580516,0.113195464
-0.671334633,0.716577455,0.092751410
-0.679867038,0.697320910,0.072203975
-0.693623302,0.681095035,0.052160852
-0.710434464,0.667057322,0.032501992
-0.727494478,0.653334214,0.012960664
-0.749489398,0.646219703,-0.005198770
-0.769218696,0.636536595,-0.024423230
-0.781741496,0.619186476,-0.044559272
-0.792467805,0.600403858,-0.064518305
-0.801907602,0.580718555,-0.084255483
-0.810061147,0.560198438,-0.103713111
-0.816909943,0.538896777,-0.122831348
-0.822436565,0.516867783,-0.141550195
-0.821683095,0.491844549,-0.156607705
-0.815889715,0.465194922,-0.167654793
-0.813948281,0.439536592,-0.181614828
-0.814813347,0.415074399,-0.197955626
-0.817782570,0.392412092,-0.216241732
-0.823866945,0.372931156,-0.237434124
-0.824259904,0.349935395,-0.255357908
-0.819388049,0.324344081,-0.269052499
-0.811706158,0.298252213,-0.279644471
-0.798185966,0.272194947,-0.280884272
-0.787562441,0.245847129,-0.287357493
-0.778714108,0.219745694,-0.297684047
-0.771605521,0.195121458,-0.311723456
-0.765956540,0.172492898,-0.329597561
-0.754373665,0.147372397,-0.339118636
-0.740694221,0.122062383,-0.345244850
-0.724642516,0.097721492,-0.342722516
-0.708291903,0.073676044,-0.338819874
-0.692786682,0.048914724,-0.342343883
-0.677388104,0.024881740,-0.348776343
-0.662649172,0.002638297,-0.361141786
-0.645098892,-0.020621105,-0.364086054
-0.626923855,-0.043649773,-0.362785794
-0.609557359,-0.065675175,-0.353968747
-0.591870625,-0.088192361,-0.347729868
-0.573525885,-0.111164389,-0.346263440
-0.555472268,-0.134340890,-0.344449011
-0.538229364,-0.158119754,-0.342585826
-0.522810118,-0.183134775,-0.341156263
-0.511256940,-0.210148613,-0.340897273
-0.506196061,-0.238299545,-0.345969851
-0.508064286,-0.264908287,-0.358021132
-0.516283305,-0.292867006,-0.361760092
-0.524840163,-0.320380074,-0.359127797
-0.529110445,-0.347178921,-0.348866275
-0.525720102,-0.376273846,-0.348378017
-0.512872403,-0.402596016,-0.348029122
-0.492844517,-0.424055691,-0.348156035
-0.468617013,-0.440692212,-0.348542304
-0.442052504,-0.453310693,-0.348864795
-0.414124498,-0.462559902,-0.348858293
-0.385418459,-0.468997773,-0.348336568
-0.356285878,-0.472973350,-0.347156429
-0.326987194,-0.474536294,-0.347078259
-0.298277550,-0.472850725,-0.353242714
-0.269178699,-0.470048098,-0.351847096
-0.241137622,-0.466887766,-0.344271125
-0.215652570,-0.464788537,-0.329857725
-0.187672121,-0.458637417,-0.323150706
-0.160339551,-0.448224206,-0.323404448
-0.133655643,-0.437913753,-0.317799881
-0.109757320,-0.431843761,-0.302509918
-0.085316237,-0.423385187,-0.289174574
-0.061005238,-0.408672334,-0.283262110
-0.037643847,-0.394073141,-0.274035997
-0.016327006,-0.387155225,-0.255422427
0.005742132,-0.374563289,-0.240768360
0.027075063,-0.360461202,-0.226197503
0.046496748,-0.342874409,-0.213898144
0.064771398,-0.325105742,-0.200162440
0.083817517,-0.317320766,-0.179943465
0.101850455,-0.301738618,-0.162671064
0.118784026,-0.285257931,-0.145234454
0.131980661,-0.264413283,-0.129918828
0.147482022,-0.248317930,-0.110761263
0.165033495,-0.237633539,-0.090666059
0.180138407,-0.221606955,-0.071299430
0.193964079,-0.204245933,-0.052020826
0.202447306,-0.183365474,-0.033908905
0.220099537,-0.170686917,-0.014573532
0.227470906,-0.149826191,0.004094358
0.240847941,-0.132431660,0.023108821
0.255400956,-0.115191722,0.041081528
0.260252742,-0.093383909,0.059769343
0.276142405,-0.074894929,0.075671902
0.283663085,-0.052359028,0.092583092
0.286891569,-0.028591452,0.109184876
0.297417482,-0.003970511,0.120956141
0.302366534,0.023374840,0.129809847
0.299367207,0.052309667,0.131382975
0.289071422,0.076079841,0.118368073
0.276884825,0.093981716,0.098445216
0.264260907,0.116854555,0.085832962
0.251361579,0.142838174,0.088860487
0.234719549,0.163685459,0.101156136
0.223492251,0.186976316,0.115079604
0.215781465,0.212038398,0.127939795
0.200375026,0.229441278,0.145354972
0.186283511,0.248320154,0.162542741
0.176730937,0.272961706,0.174821775
0.160609832,0.288634795,0.193033238
0.145059508,0.306193995,0.210234647
0.132754835,0.330723112,0.220062586
0.115719809,0.347353654,0.236778604
0.098137255,0.362142241,0.254468311
0.082350622,0.385226479,0.262274418
0.063974785,0.405163909,0.273261218
0.044329129,0.423630243,0.285064923
0.023927499,0.440995515,0.296995543
0.004118604,0.452721465,0.314880791
-0.017471825,0.470217216,0.324576914
-0.039846133,0.487246760,0.333274065
-0.062977344,0.503786383,0.340842553
-0.086028695,0.521554211,0.338376264
-0.110631924,0.537205032,0.339930600
-0.136124501,0.551381045,0.343853693
-0.162194037,0.564748663,0.346666607
-0.188735418,0.577189923,0.348958688
-0.212852706,0.587421957,0.362050487
-0.239761700,0.598576259,0.364103722
-0.267291547,0.608930003,0.363042068
-0.295115235,0.618273831,0.360861609
-0.323161627,0.626571594,0.357580086
-0.350710261,0.633089005,0.350516573
-0.374794172,0.635415700,0.333826182
-0.402348502,0.638936558,0.324617405
-0.430590898,0.642020261,0.316933025
-0.458661456,0.643874333,0.308285212
-0.486480113,0.644463439,0.298695534
-0.513972454,0.643787400,0.288212470
-0.541058133,0.641823205,0.276868337
-0.567671504,0.638591963,0.264724467
-0.593728290,0.634065559,0.251811451
-0.619337453,0.628458599,0.238446023
-0.647405851,0.626256734,0.230343313
-0.675892464,0.624826309,0.223354434
-0.700513553,0.617439310,0.209371792
-0.723098977,0.607540021,0.193307055
-0.741899781,0.594489118,0.175119155
-0.754007335,0.577200620,0.154649687
-0.767048964,0.559633894,0.135051637
-0.785331142,0.544429894,0.117714699
-0.803918958,0.529163674,0.100808194
-0.827001870,0.517862690,0.086548995
-0.850145483,0.506714136,0.072249839
-0.866919541,0.489982288,0.055050764
-0.880128025,0.470697521,0.037166157
-0.890306134,0.449716784,0.019376266
-0.892604116,0.425755589,0.002548360
-0.893061207,0.400982735,-0.013323556
-0.898862862,0.377194616,-0.029503220
-0.906498573,0.353734313,-0.045551649
-0.913646161,0.329848497,-0.061177230
-0.924925890,0.307826018,-0.077058601
-0.937720842,0.286639110,-0.092983420
-0.947011926,0.263315518,-0.108194734
-0.950078472,0.237132673,-0.121225881
-0.951946052,0.210184924,-0.132910383
-0.953312235,0.182623126,-0.143135056
-0.952739778,0.154227632,-0.150739863
-0.949661333,0.125235475,-0.154595362
-0.945838753,0.096072545,-0.154706557
-0.943494246,0.066981975,-0.151144529
-0.944734749,0.038563231,-0.143795052
-0.949895791,0.011992845,-0.132352624
-0.955931677,-0.012072135,-0.116572290
-0.962763252,-0.033866279,-0.098090130
-0.978476766,-0.053025818,-0.082343207
-0.991009285,-0.072337459,-0.064509477
-0.992978342,-0.093096291,-0.043823881
-0.992420708,-0.115591344,-0.024887756
-0.989151009,-0.140397541,-0.009488513
-0.982698763,-0.167117138,0.000851265
-0.973624694,-0.194682142,0.005429407
-0.962941488,-0.222069586,0.004989286
-0.951561033,-0.248853534,0.000682956
-0.940177004,-0.275020912,-0.006496048
-0.929228676,-0.300707828,-0.015788543
-0.918925663,-0.325995223,-0.026768187
-0.908541264,-0.350636970,-0.039059955
-0.897146615,-0.374316552,-0.052311417
-0.888022889,-0.398189299,-0.066793899
-0.882955608,-0.422459215,-0.082650006
-0.876254586,-0.445723978,-0.099322768
-0.863234073,-0.466336270,-0.115622147
-0.846504343,-0.484740334,-0.131357319
-0.827594738,-0.501330188,-0.146497078
-0.803524600,-0.513358296,-0.158267077
-0.777907637,-0.523519874,-0.168601638
-0.754397863,-0.535686179,-0.181327500
-0.732792081,-0.549080772,-0.196159323
-0.713099685,-0.563016694,-0.212795738
-0.697770350,-0.578294066,-0.232732980
-0.678395863,-0.590707863,-0.250764642
-0.653551020,-0.598854321,-0.264242884
-0.627457126,-0.605168367,-0.276159525
-0.598319205,-0.605960153,-0.279477084
-0.569244773,-0.606650921,-0.283040676
-0.541902725,-0.610245795,-0.293301321
-0.514947734,-0.613336611,-0.304517382
-0.492094443,-0.618138881,-0.322375566
-0.466526425,-0.619806088,-0.336235719
-0.438018320,-0.617917173,-0.343301199
-0.409329109,-0.613690749,-0.344340326
-0.381318280,-0.607534287,-0.337948055
-0.352541581,-0.602690481,-0.341598278
-0.324344501,-0.597223086,-0.347444742
-0.298583688,-0.591593328,-0.360482430
-0.270820822,-0.583257945,-0.364145026
-0.243010349,-0.573626457,-0.363987084
-0.215582240,-0.563028372,-0.362726533
-0.188606468,-0.551501894,-0.360347784
-0.163946522,-0.541256770,-0.349064024
-0.138891061,-0.529925356,-0.339778493
-0.113236270,-0.516411730,-0.334734961
-0.088238770,-0.502137579,-0.328602803
-0.063984021,-0.486700909,-0.322713710
-0.041582703,-0.467770741,-0.323654085
-0.019155255,-0.451231676,-0.314239006
0.002462670,-0.434400542,-0.303485142
0.023213321,-0.417904066,-0.290946200
0.042678745,-0.406844475,-0.272378974
0.062298894,-0.389027458,-0.259577099
0.081086985,-0.370911858,-0.245970876
0.096768539,-0.348049154,-0.237159840
0.113225147,-0.328779631,-0.222483776
0.130902662,-0.317140293,-0.202633265
0.144098206,-0.294841592,-0.189926950
0.157609030,-0.274261615,-0.174457242
0.174634337,-0.261417893,-0.154678735
0.184839026,-0.238469975,-0.140322382
0.197303897,-0.218589878,-0.123167828
0.213199726,-0.202828782,-0.104590434
0.219950867,-0.178482654,-0.090029684
0.232508326,-0.157958655,-0.073359308
0.247160950,-0.138021199,-0.058060606
0.256624289,-0.112739582,-0.046496055
0.262752322,-0.084437619,-0.042525577
0.269290688,-0.059050575,-0.054658036
0.281822296,-0.041568288,-0.073464323
0.288829742,-0.017362231,-0.087418705
0.282119338,0.010601966,-0.087861787
0.277849027,0.037609457,-0.077181590
0.276757428,0.062764489,-0.062170655
0.264670981,0.084450742,-0.047006955
0.252311761,0.104737516,-0.030099748
0.247648891,0.127268514,-0.012205623
0.231108227,0.143118502,0.005720853
0.222199936,0.163545043,0.024332753
0.211638056,0.182937730,0.042835063
0.195098369,0.196556078,0.062375038
0.186801250,0.218403536,0.079464737
0.172677306,0.235953560,0.098409080
0.156707225,0.250481742,0.117812921
0.140109050,0.263620436,0.137563092
0.124496254,0.280311821,0.156110200
0.110984653,0.301915110,0.170086383
0.093784983,0.318914522,0.186766141
0.075531293,0.335109436,0.203223534
0.056425902,0.343693047,0.223368359
0.037312141,0.360528438,0.237613629
0.018088904,0.380061503,0.246792894
-0.003479521,0.394815444,0.260335067
-0.025899920,0.408947993,0.273123592
-0.047201063,0.416349874,0.291823981
-0.070780079,0.429174499,0.303757831
-0.094689940,0.445945719,0.304643024
-0.120270596,0.457682690,0.313163896
-0.143848488,0.464099238,0.329231017
-0.169853670,0.473099323,0.339019212
-0.196747335,0.483982292,0.338162745
-0.224477192,0.492785408,0.338242202
-0.252619955,0.498903149,0.343894634
-0.278696696,0.502404237,0.357049463
-0.307324259,0.506565993,0.361634918
-0.336214703,0.509863502,0.359091728
-0.364205224,0.511403849,0.350207665
-0.393531481,0.511012143,0.348458840
-0.422806920,0.509147229,0.349327743
-0.451153678,0.506649059,0.356797468
-0.479960282,0.502305960,0.359408777
-0.508456139,0.495522981,0.356580554
-0.535767308,0.486277553,0.351103722
-0.560338536,0.474028103,0.340585190
-0.583609758,0.459076601,0.330614505
-0.607080036,0.441952205,0.326224655
-0.628381488,0.421817781,0.323918340
-0.645739404,0.398126088,0.323202594
-0.657041164,0.371095542,0.324803759
-0.660390296,0.342243347,0.328828759
-0.656145056,0.313694338,0.334228595
-0.646829578,0.286310428,0.339558134
-0.635481481,0.259494881,0.343843416
-0.625257566,0.232052839,0.346638846
-0.619697714,0.203243963,0.348017592
-0.621391569,0.173940961,0.348444944
-0.629437569,0.145671813,0.348402469
-0.641377525,0.118785439,0.348009723
-0.655545869,0.093188177,0.350299059
-0.670968550,0.069008194,0.356902520
-0.687107291,0.044695238,0.360200784
-0.703024994,0.020048351,0.357899521
-0.718369892,-0.004566262,0.353306194
-0.730857497,-0.028414253,0.341508555
-0.742507916,-0.052625370,0.329569647
-0.755769996,-0.077970610,0.322713050
-0.769541319,-0.103470039,0.318128138
-0.785325660,-0.128259978,0.319573901
-0.799732735,-0.153636184,0.317146743
-0.810705547,-0.179327922,0.307920253
-0.819643029,-0.204759727,0.296361578
-0.822166782,-0.227626910,0.278142154
-0.823580424,-0.250687197,0.259982939
-0.829019824,-0.276367456,0.246692603
-0.834878560,-0.302371582,0.234339974
-0.845057656,-0.328950411,0.226959990
-0.854311656,-0.355428839,0.218322010
-0.857122473,-0.380584604,0.203504512
-0.857470719,-0.404966465,0.187024654
-0.856503895,-0.428914360,0.169944225
-0.854212723,-0.452367779,0.152312889
-0.850593058,-0.475267096,0.134182684
-0.845645610,-0.497553890,0.115607621
-0.839352870,-0.519158533,0.096637631
-0.831734935,-0.540028583,0.077334932
-0.822814970,-0.560114687,0.057760887
-0.812611502,-0.579365227,0.037975116
-0.801138374,-0.597724367,0.018037248
-0.788396656,-0.615122994,-0.001991038
-0.774449461,-0.631539465,-0.022044248
-0.759329899,-0.646931224,-0.042060747
-0.743063256,-0.661246978,-0.061977081
-0.721086601,-0.669128598,-0.079388305
-0.695635380,-0.672070613,-0.093849762
-0.673823883,-0.680719637,-0.111328135
-0.653388508,-0.690980267,-0.129857138
-0.634557796,-0.702255683,-0.149217118
-0.621732614,-0.717357920,-0.170959286
-0.603760934,-0.727928072,-0.191251500
-0.580186209,-0.732729851,-0.208203705
-0.555943786,-0.736244577,-0.224518527
-0.531099781,-0.738465755,-0.240141067
-0.505726586,-0.739402511,-0.255025292
-0.479893139,-0.739058500,-0.269122666
-0.453667183,-0.737431887,-0.282380405
-0.427123319,-0.734544223,-0.294760944
-0.400334010,-0.730415855,-0.306226931
-0.373371253,-0.725072154,-0.316745472
-0.345924212,-0.715749376,-0.319137989
-0.318761344,-0.704850411,-0.317444612
-0.291462520,-0.696562655,-0.324607703
-0.264831231,-0.688107647,-0.333419650
-0.241484707,-0.681658431,-0.350096103
-0.215561498,-0.670700741,-0.357670897
-0.189292147,-0.657836548,-0.360932949
-0.163380338,-0.644046233,-0.363081560
-0.137883293,-0.629381470,-0.364115274
-0.113232059,-0.614214136,-0.360813487
-0.090532250,-0.600012229,-0.348852528
-0.066213081,-0.583613094,-0.346640283
-0.043194814,-0.566033247,-0.349789886
-0.021300735,-0.547223464,-0.353387802
0.000731162,-0.528957637,-0.346944374
0.021025532,-0.514375372,-0.331499591
0.042149724,-0.495469173,-0.323840634
0.061261591,-0.473537070,-0.323322900
0.079967852,-0.451868345,-0.318376178
0.098745439,-0.434948303,-0.303970481
0.117275001,-0.417233173,-0.290185523
0.133897201,-0.394326461,-0.283337357
0.149022676,-0.370374675,-0.276945584
0.166234559,-0.351823303,-0.262478499
0.183725038,-0.334038645,-0.247530659
0.198752835,-0.310618201,-0.238469803
0.211987358,-0.285204048,-0.232420347
0.229292674,-0.262857093,-0.224285995
0.252481094,-0.246460858,-0.217532389
0.276209601,-0.231381012,-0.224830507
0.294142237,-0.219892961,-0.244174456
0.317004550,-0.210673173,-0.259884030
0.339396430,-0.193553068,-0.266912307
0.354680974,-0.168932682,-0.263264093
0.361843230,-0.141651086,-0.255161043
0.362466042,-0.113669528,-0.246173727
0.356289619,-0.086131973,-0.238869335
0.347765935,-0.059862469,-0.229396377
0.345095094,-0.036130633,-0.212732297
0.338859533,-0.012422563,-0.196896682
0.322913431,0.009650334,-0.186299413
0.314233750,0.031424521,-0.168936728
0.307763808,0.052475003,-0.150195503
0.289643080,0.070441804,-0.136218597
0.281632212,0.090367093,-0.116753202
0.270336711,0.109339512,-0.097872921
0.251872310,0.123914116,-0.081086839
0.238197958,0.140927556,-0.061340465
0.230291621,0.160299176,-0.041558076
0.215831636,0.176651752,-0.021827287
0.199891547,0.191305267,-0.002140625
0.181661641,0.202419926,0.017495112
0.166241510,0.217206995,0.037742314
0.154824655,0.236543749,0.055758580
0.138047191,0.250956111,0.075179441
0.119563481,0.261378745,0.094844067
0.100965458,0.271894205,0.114519604
0.082548612,0.285118260,0.133288545
0.063317722,0.297923313,0.151523417
0.044320029,0.313826144,0.166587326
0.023681494,0.328108690,0.181260147
0.002212907,0.332034263,0.200753027
-0.020474305,0.344545671,0.214046329
-0.044296860,0.357364108,0.224569612
-0.067967342,0.360565447,0.241169841
-0.093083351,0.364543535,0.255525999
-0.120403293,0.372631161,0.262003907
-0.148594170,0.376247032,0.268675247
-0.176847073,0.373947539,0.276454876
-0.203744185,0.364951483,0.283975648
-0.227144859,0.347860325,0.287754204
-0.242645658,0.324026084,0.281614063
-0.249803651,0.299312068,0.267601633
-0.259005037,0.280506057,0.248089078
-0.270980298,0.255390889,0.239322147
-0.286222700,0.230870257,0.244105648
-0.306820853,0.211413058,0.251782444
-0.329553322,0.194730872,0.259967863
-0.355112636,0.180823561,0.264110253
-0.376817661,0.163752745,0.274202838
-0.392276261,0.145346444,0.291083652
-0.413076788,0.127754696,0.302088570
-0.437504397,0.111774466,0.303906034
-0.459085249,0.093198738,0.310740147
-0.476242302,0.073855145,0.324144077
-0.493710809,0.054191985,0.336605348
-0.514498917,0.034099565,0.339996123
-0.535436047,0.013958661,0.336708542
-0.554140072,-0.008291356,0.341311646
-0.569677701,-0.029709111,0.353776420
-0.586490112,-0.052273796,0.361172440
-0.603867244,-0.075750187,0.360568278
-0.619523811,-0.098512067,0.350506071
-0.634859108,-0.123443855,0.348359856
-0.649417509,-0.148969787,0.346714050
-0.663053311,-0.174906148,0.343957553
-0.675723749,-0.201189911,0.340105129
-0.688587637,-0.227248670,0.341525988
-0.701776625,-0.252867391,0.346516043
-0.712286870,-0.279635716,0.340441750
-0.721527935,-0.306488796,0.332714074
-0.729649783,-0.333389798,0.323963613
-0.736594570,-0.360269942,0.314195027
-0.742339250,-0.387058337,0.303444845
-0.744059413,-0.411634200,0.287862837
-0.740720929,-0.432638896,0.267535218
-0.739635865,-0.456858453,0.251127377
-0.739721353,-0.482648771,0.236948555
-0.738482503,-0.507971628,0.222001145
-0.735907200,-0.532751323,0.206331318
-0.732007596,-0.556921948,0.189998155
-0.726889223,-0.580485247,0.173132921
-0.727933692,-0.607289199,0.161667774
-0.729404202,-0.634101527,0.150292967
-0.721782200,-0.655787962,0.132039130
-0.712266811,-0.676074476,0.112957155
-0.701507684,-0.695389890,0.093531511
-0.689565630,-0.713708145,0.073834201
-0.676472226,-0.730983138,0.053927008
-0.662255213,-0.747164873,0.033871307
-0.643405319,-0.757271599,0.013975743
-0.620946387,-0.761479786,-0.004554979
-0.599854951,-0.769026407,-0.023456156
-0.581260601,-0.780774543,-0.043011522
-0.561770162,-0.791272645,-0.062404390
-0.541411305,-0.800460734,-0.081568239
-0.520240320,-0.808319071,-0.100441234
-0.498315711,-0.814832384,-0.118962721
-0.475698012,-0.819990101,-0.137073511
-0.452449551,-0.823786579,-0.154716198
-0.428634155,-0.826221313,-0.171835520
-0.404316792,-0.827299122,-0.188378739
-0.379722716,-0.827340957,-0.204534912
-0.358478963,-0.831767223,-0.224239185
-0.338174229,-0.836345777,-0.244946806
-0.313541095,-0.833323404,-0.260448653
-0.287912606,-0.827435447,-0.273666568
-0.261715444,-0.817072761,-0.281151394
-0.235817875,-0.803180891,-0.282650690
-0.209604780,-0.792867049,-0.290687371
-0.183709453,-0.783447344,-0.301013602
-0.160049907,-0.777195206,-0.317265247
-0.136556480,-0.769484097,-0.333035218
-0.111314201,-0.756488408,-0.340655116
-0.086235518,-0.742030339,-0.345575644
-0.062250990,-0.725469434,-0.342023421
-0.038163251,-0.708986049,-0.339165276
-0.013507394,-0.693278793,-0.342562118
0.010598949,-0.677734451,-0.348616585
0.033365698,-0.662785419,-0.359755875
0.056821390,-0.645829075,-0.363999118
0.080488684,-0.628330679,-0.364208658
0.104304814,-0.611037568,-0.363870117
0.128576779,-0.594404287,-0.363168325
0.153777692,-0.579231633,-0.362386661
0.180546142,-0.567074076,-0.361942457
0.209180898,-0.560643940,-0.362294794
0.237727921,-0.562475599,-0.358177995
0.264510203,-0.569864442,-0.349127599
0.292160000,-0.579893600,-0.348201374
0.319260435,-0.589183314,-0.352411792
0.346399620,-0.595149981,-0.360360248
0.375555887,-0.593120643,-0.358143342
0.402640101,-0.581979665,-0.357049357
0.425609434,-0.563705140,-0.357318890
0.444210607,-0.540979939,-0.358513656
0.458980468,-0.515597060,-0.360115466
0.470507599,-0.488577586,-0.361727632
0.479254892,-0.460515967,-0.363070797
0.485564899,-0.431787554,-0.363946807
0.489694450,-0.402658178,-0.364002949
0.492054593,-0.374463847,-0.356363190
0.493164212,-0.346300034,-0.348245625
0.492456359,-0.316936677,-0.346435303
0.489341422,-0.288061956,-0.349808479
0.484008659,-0.259558176,-0.353646155
0.478470419,-0.231132204,-0.348529892
0.474771036,-0.205798677,-0.334155913
0.468071605,-0.178726068,-0.325328852
0.457335921,-0.151675136,-0.323641807
0.445210343,-0.125443196,-0.320379838
0.436113543,-0.100718147,-0.307855508
0.428775090,-0.077524088,-0.291723696
0.414484040,-0.053456010,-0.283998837
0.398083944,-0.030803771,-0.276981367
0.384312889,-0.008519912,-0.263563389
0.370021874,0.012888650,-0.249290762
0.362659344,0.032888795,-0.229432979
0.347629867,0.053031188,-0.214122394
0.332165329,0.072316626,-0.198146750
0.310719068,0.088151797,-0.186271035
0.294670531,0.105385171,-0.168623718
0.278796308,0.122001712,-0.150254239
0.269016216,0.140083234,-0.129894184
0.247522970,0.151579515,-0.114313916
0.230631383,0.166038974,-0.095045723
0.214296683,0.180485208,-0.075368370
0.202127026,0.197624235,-0.055615190
0.180643287,0.205397834,-0.037836850
0.166921412,0.222196183,-0.018573554
0.147154575,0.231795663,0.000063077
0.127104550,0.241086927,0.018905285
0.110506151,0.257398058,0.036300182
0.088025627,0.261440532,0.054457478
0.067333853,0.273908864,0.070799943
0.044909211,0.285329760,0.085427734
0.019787512,0.285666000,0.100387958
-0.007564089,0.288652811,0.110575570
-0.036513416,0.286519251,0.110840553
-0.059446562,0.277942383,0.095213735
-0.078097978,0.268160861,0.074686545
-0.103033371,0.257517516,0.064758558
-0.130754039,0.249717107,0.069752844
-0.156488294,0.241472026,0.080960004
-0.176271129,0.226827512,0.096382069
-0.196072590,0.213313890,0.113111262
-0.220864542,0.206073841,0.126782217
-0.237300489,0.190523846,0.145033866
-0.255598112,0.176278345,0.162753080
-0.279880499,0.166218421,0.175402976
-0.299458521,0.151365173,0.191603024
-0.318827838,0.135810347,0.207389898
-0.337999006,0.119514367,0.222662260
-0.356966126,0.102445360,0.237332675
-0.375688679,0.084578558,0.251349148
-0.386900499,0.066023163,0.270880326
-0.405754336,0.047174420,0.283033816
-0.427917752,0.028786613,0.287117762
-0.445432750,0.007737550,0.297908097
-0.462503145,-0.014127539,0.307745868
-0.479072540,-0.036784851,0.316597822
-0.495075872,-0.060213658,0.324422763
-0.509510100,-0.083963387,0.333484165
-0.520404272,-0.106293675,0.348805202
-0.534822430,-0.131385310,0.354146174
-0.549322710,-0.155972335,0.348447199
-0.562122250,-0.182088398,0.347024543
-0.573666961,-0.209119804,0.348519640
-0.584252064,-0.236579144,0.348897010
-0.593825681,-0.264399947,0.348157884
-0.602742337,-0.291703750,0.353349921
-0.611310138,-0.318885652,0.359888852
-0.618456762,-0.347239212,0.356717679
-0.624448054,-0.375689021,0.352145528
-0.629291709,-0.404170505,0.346528292
-0.632943910,-0.432607099,0.339878431
-0.635408661,-0.460925011,0.332248965
-0.636643755,-0.489046209,0.323654419
-0.636656313,-0.516899923,0.314148439
-0.635405947,-0.544404416,0.303749740
-0.630599293,-0.568741480,0.288480598
-0.621619235,-0.588367076,0.268485573
-0.614321638,-0.612194713,0.253130871
-0.607545925,-0.637620933,0.239950419
-0.603226138,-0.665199971,0.230976992
-0.600300332,-0.693653422,0.224115631
-0.592851671,-0.719130815,0.211888685
-0.581860420,-0.741529906,0.196279414
-0.568781197,-0.761623401,0.179415746
-0.551131926,-0.774129592,0.159582667
-0.532244933,-0.785347788,0.140040274
-0.515455255,-0.802350801,0.122956090
-0.498627559,-0.820030371,0.106509587
-0.483898118,-0.840805352,0.091853851
-0.470660990,-0.863310985,0.078268726
-0.454985576,-0.883158071,0.063368415
-0.435059343,-0.897030266,0.046818688
-0.413794282,-0.908970610,0.030343018
-0.390474438,-0.916496461,0.014214159
-0.365186213,-0.917814965,-0.000743698
-0.339256088,-0.918168780,-0.014651666
-0.313691717,-0.923051144,-0.028271191
-0.288200514,-0.929977732,-0.041248864
-0.261929465,-0.936033037,-0.053052576
-0.235028461,-0.941806005,-0.063499784
-0.208003730,-0.949187961,-0.072504630
-0.180860433,-0.958102353,-0.079541602
-0.153410969,-0.967828955,-0.083681727
-0.125606851,-0.977376057,-0.083563162
-0.098023871,-0.985547951,-0.077643844
-0.071862930,-0.991428409,-0.065666107
-0.048138843,-0.995546155,-0.048789399
-0.026681350,-0.998482441,-0.028877927
-0.007061302,-0.995428004,-0.007825141
0.010136234,-0.980616172,0.010858777
0.030144543,-0.974202854,0.030928063
0.052464823,-0.971058224,0.049825284
0.077218671,-0.967033786,0.065160093
0.104427569,-0.964329167,0.075922025
0.133262986,-0.963770579,0.081596622
0.162635746,-0.964593263,0.082703389
0.191902052,-0.965466859,0.079901175
0.220662200,-0.965060540,0.073742564
0.248534187,-0.962350053,0.064748713
0.275285510,-0.957230284,0.053616410
0.301192241,-0.951116958,0.041060968
0.326253948,-0.943943006,0.027415880
0.348685710,-0.931752243,0.012939608
0.368287162,-0.915279057,-0.001553954
0.387504890,-0.898490569,-0.016213383
0.408476456,-0.884872127,-0.031675863
0.429875455,-0.872621162,-0.047744452
0.451076230,-0.860808463,-0.064317631
0.473765951,-0.854662866,-0.081985319
0.495765878,-0.848120807,-0.100349376
0.514537208,-0.834398194,-0.118134114
0.530811578,-0.816661403,-0.135067504
0.544911048,-0.796442530,-0.150917679
0.553338973,-0.770663453,-0.162159545
0.561091660,-0.744384266,-0.172814662
0.572653927,-0.721756025,-0.187562470
0.584249760,-0.699635482,-0.203124593
0.598041162,-0.682157103,-0.222273503
0.611281996,-0.665360374,-0.242443095
0.619864739,-0.642277168,-0.258251279
0.625745309,-0.616666187,-0.271506721
0.628354511,-0.589054827,-0.280517037
0.626658675,-0.559742905,-0.282383456
0.627359237,-0.531354316,-0.289327968
0.629118435,-0.503898372,-0.299772762
0.632474167,-0.479656029,-0.315846704
0.634802944,-0.455884460,-0.332864059
0.632404940,-0.427775341,-0.341079083
0.628232457,-0.399219721,-0.346272664
0.621083685,-0.371417893,-0.340080518
0.614754786,-0.342979966,-0.340345704
0.608214737,-0.314534426,-0.344122120
0.600546878,-0.286248025,-0.346818448
0.591792865,-0.258194563,-0.348421206
0.582020282,-0.230557289,-0.350117001
0.571470761,-0.205369301,-0.360949777
0.559240874,-0.178828627,-0.360952262
0.546211037,-0.152641343,-0.357686246
0.532389752,-0.127027869,-0.353311384
0.517831732,-0.102041684,-0.347836140
0.502596387,-0.077729035,-0.341277864
0.486778855,-0.054138310,-0.333583939
0.475799782,-0.033046896,-0.316603856
0.459894241,-0.010694945,-0.306287145
0.439192763,0.009617213,-0.304329803
0.420584904,0.029966996,-0.294622523
0.402563445,0.049692157,-0.282276323
0.385276611,0.068651463,-0.268139966
0.373118130,0.087113102,-0.249423639
0.354341680,0.104866584,-0.235332128
0.335344765,0.121824464,-0.220571639
0.316146139,0.138015723,-0.205222629
0.294915979,0.152093666,-0.191218380
0.272326703,0.164011950,-0.177786614
0.259121036,0.181022459,-0.158162164
0.237084121,0.192543146,-0.143035292
0.214263720,0.202473450,-0.128001470
0.198713533,0.219102852,-0.109633629
0.175265480,0.228380357,-0.095022982
0.150843024,0.236800251,-0.081346081
0.126381058,0.247867905,-0.069363415
0.099676513,0.258873690,-0.064958405
0.078144535,0.275325905,-0.074821042
0.059027939,0.281886652,-0.095482381
0.035585099,0.286718702,-0.111097356
0.006608021,0.288604142,-0.110348330
-0.020655863,0.284846832,-0.100127801
-0.045578811,0.278155713,-0.086015961
-0.069235424,0.274270610,-0.069391322
-0.091507150,0.266475374,-0.052278011
-0.109300585,0.250507064,-0.035678329
-0.131273849,0.245406762,-0.017235075
-0.147839962,0.230461160,0.001059740
-0.165307704,0.217392241,0.020248334
-0.186324204,0.209479387,0.038496421
-0.198655682,0.191946273,0.058172993
-0.215807057,0.178378675,0.077874104
-0.235264419,0.166761772,0.095922310
-0.254323115,0.153814269,0.113553215
-0.271000346,0.138177788,0.132093259
-0.280614627,0.119896868,0.152651910
-0.296671672,0.103267627,0.170869043
-0.313043070,0.086071582,0.188180810
-0.333913935,0.070199418,0.199970541
-0.349340334,0.050819209,0.215868204
-0.363524813,0.030601512,0.231690442
-0.371646263,0.010533832,0.250930628
-0.385883432,-0.010971837,0.265110782
-0.399591552,-0.033353321,0.278430459
-0.412692907,-0.056598153,0.290851234
-0.425130154,-0.080683911,0.302309951
-0.440777675,-0.105294232,0.304199881
-0.451976305,-0.131294041,0.311858515
-0.458004167,-0.155558126,0.326717119
-0.465235489,-0.181504823,0.337713144
-0.474452268,-0.209057676,0.339166117
-0.482460712,-0.237073147,0.337218871
-0.487308802,-0.265745421,0.341710644
-0.489261512,-0.292234719,0.354155694
-0.491209865,-0.320531285,0.360872355
-0.492316831,-0.349871390,0.361754600
-0.491897672,-0.378177508,0.353904918
-0.489046287,-0.406859938,0.348796771
-0.484025574,-0.435846684,0.348073356
-0.477170077,-0.464274300,0.350529587
-0.468836039,-0.491680116,0.357261051
-0.457475844,-0.518569609,0.359927160
-0.442303502,-0.543713175,0.358349297
-0.423230795,-0.566043349,0.357231591
-0.399758151,-0.583659882,0.357099794
-0.372301550,-0.593826824,0.358352207
-0.343089784,-0.594838378,0.360637334
-0.314479249,-0.588525457,0.362846212
-0.286882839,-0.578388959,0.364074734
-0.259358815,-0.567975628,0.364034051
-0.230804775,-0.561118888,0.363056228
-0.201497636,-0.561603062,0.362111330
-0.173314018,-0.569849268,0.361998252
-0.147022659,-0.583022866,0.362472639
-0.122606269,-0.598732210,0.358092962
-0.099127322,-0.615100450,0.351242055
-0.075205376,-0.631984220,0.348791644
-0.051218358,-0.649028681,0.348094840
-0.027632529,-0.666085838,0.351265033
-0.004872399,-0.683177916,0.358688203
0.019095627,-0.700034229,0.358453917
0.043468456,-0.716040167,0.354554898
0.066994643,-0.728660087,0.342436562
0.090730637,-0.739729346,0.329110818
0.116100511,-0.752768092,0.321930928
0.141653606,-0.766440008,0.317683767
0.166518210,-0.782070572,0.319536763
0.192176299,-0.795336946,0.315214677
0.217937018,-0.805499663,0.305247803
0.242781089,-0.812387274,0.291577922
0.264467736,-0.812669468,0.271709277
0.288562460,-0.815331789,0.255357352
0.314342525,-0.820268690,0.242045029
0.340815375,-0.827519469,0.231735268
0.367550146,-0.837574797,0.224641038
0.393730210,-0.843637641,0.213068907
0.418259549,-0.844290173,0.196833466
0.441090079,-0.841539880,0.178747795
0.458551117,-0.831107431,0.157569542
0.476523803,-0.820447047,0.136955426
0.498782843,-0.814719716,0.118584717
0.520695747,-0.808183471,0.100056266
0.541853787,-0.800301547,0.081176879
0.562189503,-0.791075979,0.062005046
0.581653717,-0.780539685,0.042606263
0.600192696,-0.768717324,0.023043618
0.617755295,-0.755637633,0.003380855
0.634293063,-0.741333258,-0.016317803
0.649760343,-0.725840610,-0.035987811
0.664134302,-0.709222873,-0.055568592
0.682064881,-0.697882345,-0.075707033
0.701197614,-0.689372787,-0.096315346
0.714048448,-0.672542769,-0.116372055
0.723343951,-0.652092390,-0.135387397
0.729729917,-0.629501922,-0.152871049
0.729200312,-0.602833032,-0.165137079
0.728556398,-0.575992216,-0.177078064
0.732934061,-0.551943699,-0.193454650
0.736553585,-0.527638218,-0.209651987
0.738843942,-0.502736856,-0.225172137
0.739807067,-0.477311156,-0.239963648
0.739450266,-0.451433953,-0.253978370
0.739791790,-0.426821493,-0.269644512
0.744215575,-0.407430666,-0.291272568
0.741392037,-0.382233638,-0.305455775
0.735432057,-0.355423669,-0.316033937
0.728267033,-0.328534290,-0.325616309
0.719942976,-0.301636959,-0.334186021
0.710495272,-0.274800485,-0.341718564
0.698993550,-0.248059790,-0.344286787
0.685790581,-0.222144824,-0.339827948
0.673184373,-0.195728380,-0.340990987
0.660546892,-0.169665418,-0.345834592
0.649093129,-0.146455853,-0.359771402
0.634362523,-0.121686185,-0.364075221
0.618484928,-0.097123933,-0.362545922
0.603853977,-0.074862320,-0.350165010
0.587137417,-0.051017948,-0.346861317
0.569220322,-0.028035901,-0.348344236
0.549970308,-0.006745004,-0.353781757
0.530959932,0.015040368,-0.348455757
0.515863017,0.035126696,-0.333325039
0.496994191,0.055904493,-0.324975608
0.475310587,0.075243896,-0.322650554
0.452663222,0.093324418,-0.320185112
0.433787446,0.112002265,-0.308136183
0.417372910,0.130514612,-0.292753057
0.395348718,0.147941327,-0.284251982
0.370083574,0.162513208,-0.280760122
0.348499432,0.179319538,-0.269964100
0.331916833,0.198162518,-0.254658470
0.310899442,0.216187030,-0.244967341
0.288238248,0.234191166,-0.240388333
0.265997974,0.252697080,-0.244830684
0.254157838,0.277201618,-0.255363882
0.252953295,0.305201173,-0.262512935
0.245531186,0.330812024,-0.274705122
0.227687599,0.352241747,-0.283016220
0.201157581,0.364146780,-0.286013033
0.172351753,0.369051800,-0.283235485
0.144049579,0.370389962,-0.275384888
0.118030518,0.371557354,-0.262170101
0.092506316,0.370411791,-0.248082697
0.066340139,0.361931747,-0.238395208
0.041510555,0.350060748,-0.228942037
0.018681445,0.345825321,-0.211316434
-0.004175508,0.337581166,-0.195136877
-0.024907900,0.320474760,-0.183971190
-0.045822494,0.308692659,-0.166941097
-0.065814688,0.296319558,-0.149234935
-0.084937450,0.283456544,-0.130927158
-0.103254204,0.270183335,-0.112095023
-0.122405578,0.261851647,-0.092145323
-0.139193353,0.247745299,-0.073276948
-0.152558006,0.229709033,-0.055094934
-0.168387125,0.215194196,-0.034966827
-0.183746282,0.200361869,-0.014706380
-0.202566171,0.190230880,0.004539453
-0.214306713,0.172590450,0.024100140
-0.226160245,0.155116671,0.044113540
-0.240111243,0.138607292,0.064093142
-0.259160958,0.125227191,0.081309892
-0.272633375,0.107107210,0.100191231
-0.285692063,0.088243306,0.118628966
-0.297712428,0.068474956,0.136742477
-0.303116148,0.047793840,0.156418455
-0.319996557,0.028097514,0.169644984
-0.330526298,0.005855615,0.185495746
-0.333745578,-0.016320735,0.204133838
-0.346240147,-0.040188410,0.215129791
-0.355424077,-0.065584053,0.226137384
-0.355632397,-0.090135366,0.241990845
-0.356494989,-0.116656557,0.254360707
-0.356114557,-0.144908801,0.262459706
-0.351866820,-0.173810914,0.265144147
-0.339522106,-0.199962735,0.261406045
-0.317942463,-0.216412046,0.250837304
-0.292638529,-0.223022930,0.238511339
-0.266849815,-0.229224180,0.228039005
-0.246092765,-0.247754147,0.219997223
-0.230238599,-0.272105670,0.220150444
-0.212993308,-0.294423848,0.228511034
-0.194323877,-0.311522339,0.243294767
-0.177794642,-0.332149594,0.256035087
-0.164280072,-0.357343841,0.262222249
-0.148279708,-0.380043296,0.271470766
-0.130218703,-0.396039090,0.288004845
-0.112411007,-0.415428694,0.300765906
-0.095907038,-0.439251118,0.303928324
-0.077274817,-0.460875992,0.310155971
-0.057722188,-0.477986650,0.323129133
-0.037933546,-0.494587980,0.336341680
-0.017439918,-0.514960651,0.339897650
0.003154159,-0.535482332,0.336704672
0.025792853,-0.553715812,0.341295958
0.047176634,-0.568325569,0.354811551
0.070224660,-0.584883139,0.361207087
0.094303741,-0.601685864,0.363234030
0.118943666,-0.617756595,0.364150488
0.144089092,-0.633050142,0.363962627
0.168844747,-0.646620804,0.357423501
0.192736272,-0.657541717,0.344479340
0.219266132,-0.669521402,0.340220159
0.246105686,-0.680543535,0.335286371
0.273144826,-0.690488659,0.329271524
0.300315462,-0.699305063,0.322184018
0.327545090,-0.706957567,0.314049437
0.354761717,-0.713427121,0.304906414
0.381889838,-0.718654064,0.294760860
0.409022058,-0.722995328,0.284261254
0.437026084,-0.731247658,0.281624423
0.464899388,-0.738124499,0.276556147
0.491048689,-0.739354279,0.263155743
0.516272005,-0.738603879,0.248115961
0.534879941,-0.730518684,0.227025207
0.553419709,-0.721397945,0.206270536
0.577169872,-0.716433658,0.189634124
0.600508442,-0.710512043,0.172710883
0.623068534,-0.703293722,0.155244143
0.644786811,-0.694795150,0.137293116
0.665602897,-0.685037215,0.118918531
0.686366140,-0.675059925,0.100667205
0.710943055,-0.670331676,0.085252464
0.734906890,-0.665002097,0.069166491
0.753110335,-0.652643262,0.049848410
0.768703028,-0.637685668,0.029864783
0.783098819,-0.621652092,0.009817559
0.796301013,-0.604620697,-0.010227213
0.808278826,-0.586635677,-0.030208091
0.819002212,-0.567741752,-0.050063567
0.828412832,-0.547966863,-0.069725820
0.836529003,-0.527389459,-0.089138890
0.843334912,-0.506062405,-0.108243879
0.848818685,-0.484040466,-0.126982795
0.852943229,-0.461366043,-0.145282589
0.849228403,-0.435814771,-0.158778641
0.841271625,-0.409309049,-0.168709312
0.840037428,-0.384203999,-0.183752620
0.839580009,-0.359430821,-0.199635490
0.842084435,-0.336757434,-0.217958418
0.847340169,-0.316724209,-0.238846680
0.845862180,-0.292966281,-0.255670549
0.839868475,-0.267381579,-0.268926706
0.830963053,-0.241385920,-0.278986629
0.817238217,-0.215518113,-0.281678763
0.804717143,-0.189444646,-0.286394403
0.794924627,-0.163475264,-0.296184740
0.786262872,-0.138328294,-0.308538076
0.779548406,-0.114949051,-0.325101483
0.768921164,-0.090395998,-0.336876407
0.755059091,-0.065199156,-0.343141542
0.739632284,-0.040391754,-0.345024405
0.722936641,-0.016636785,-0.340243418
0.707004958,0.007944427,-0.339638164
0.691707424,0.032898716,-0.342739916
0.676305432,0.057872603,-0.345074661
0.661118678,0.083032945,-0.346710586
0.646649258,0.108642048,-0.347743869
0.633732199,0.135075975,-0.348294574
0.623894395,0.162787778,-0.348470474
0.619485376,0.191818908,-0.348261382
0.622478090,0.220895262,-0.348918735
0.631856936,0.247115136,-0.358248569
0.643933689,0.273671554,-0.358558017
0.655221056,0.300299848,-0.353377099
0.659929046,0.324489357,-0.337652048
0.660214297,0.351535149,-0.327322435
0.654212765,0.380043172,-0.324014351
0.640722177,0.406097985,-0.323213481
0.621918057,0.428644526,-0.324517331
0.599676998,0.447698575,-0.327180439
0.575196029,0.463654064,-0.330564155
0.549173202,0.476887375,-0.334219621
0.522036134,0.487677100,-0.337829993
0.494082492,0.496247280,-0.341162382
0.465592551,0.502834816,-0.344423949
0.438409838,0.507967817,-0.354295824
0.410653563,0.510880409,-0.363311731
0.381260041,0.511595548,-0.364207007
0.352693559,0.510944828,-0.358152397
0.324936707,0.509483009,-0.348659488
0.295759759,0.506380259,-0.346531065
0.267159462,0.501213616,-0.349157015
0.239222063,0.493869890,-0.353550001
0.211263319,0.486557409,-0.348140820
0.186701239,0.481740598,-0.332774185
0.159838748,0.473192905,-0.324713529
0.133524251,0.460915645,-0.323321637
0.108005120,0.447735046,-0.319309702
0.084386312,0.438699942,-0.305074876
0.061210576,0.429279327,-0.290332014
0.037510184,0.415976595,-0.279037305
0.014648841,0.402038572,-0.266816870
-0.007354721,0.387539505,-0.253706575
-0.028455097,0.372283417,-0.240022639
-0.046745347,0.351437406,-0.231417746
-0.065774232,0.335701330,-0.215399579
-0.084031010,0.319977484,-0.198524030
-0.102609694,0.310719842,-0.178305359
-0.116929391,0.289783608,-0.164535888
-0.132302476,0.272079588,-0.146990742
-0.147582273,0.255300903,-0.128245996
-0.165390440,0.244636077,-0.107810995
-0.179806099,0.227218595,-0.088964386
-0.193648317,0.209524060,-0.069946633
-0.206142104,0.190860352,-0.051079410
-0.214053692,0.169549878,-0.033080811
-0.231105805,0.155436201,-0.014244106
-0.237443517,0.133662531,0.003861858
-0.249344662,0.114369201,0.022145816
-0.263618565,0.095547691,0.038908568
-0.266329342,0.072002109,0.055987658
-0.277075469,0.049092118,0.070693436
-0.286973284,0.024189159,0.081984157
-0.287020607,-0.003756874,0.089099829
-0.279553002,-0.030562911,0.083308773
-0.279342439,-0.051153241,0.063154994
-0.271134951,-0.072809562,0.045344657
-0.258746561,-0.098926004,0.043296133
-0.246243679,-0.123644168,0.053018200
-0.236166139,-0.147512279,0.066897725
-0.230314181,-0.172432507,0.080809940
-0.214724116,-0.189542335,0.098357821
-0.202599325,-0.209747491,0.115623203
-0.194052887,-0.233301364,0.130275935
-0.177408394,-0.247071213,0.149638026
-0.165057743,-0.267998213,0.165665400
-0.152879246,-0.290297893,0.179759181
-0.135467831,-0.302447028,0.199745680
-0.119707341,-0.321077882,0.216192403
-0.103239619,-0.339664589,0.231993583
-0.085988532,-0.358074568,0.247152415
-0.068102853,-0.376860287,0.260875443
-0.050957747,-0.399460224,0.267147736
-0.031131188,-0.414145996,0.282544555
-0.011077060,-0.427388820,0.298808907
0.010205670,-0.444393161,0.309951917
0.032301790,-0.460957140,0.320133261
0.054615776,-0.478976211,0.323493883
0.077997675,-0.495966025,0.325726951
0.102710952,-0.510535113,0.332301809
0.128096733,-0.524374265,0.337802685
0.153898888,-0.537082099,0.343638721
0.177984116,-0.546898766,0.357338177
0.204521050,-0.558436744,0.361891984
0.230891856,-0.569349572,0.357162588
0.257209227,-0.578617434,0.348857367
0.285376933,-0.587101715,0.347967181
0.312948367,-0.594988870,0.353464494
0.340511924,-0.602492472,0.359591239
0.369122429,-0.608441157,0.356217983
0.395991540,-0.611652204,0.345513347
0.421057494,-0.612061155,0.330178177
0.449374244,-0.613532738,0.322414118
0.478210733,-0.614999263,0.317305379
0.507443312,-0.618177682,0.318436347
0.536417086,-0.619142050,0.314664537
0.563916708,-0.616667848,0.304473971
0.588702691,-0.611088911,0.290064392
0.608764513,-0.601495839,0.270806785
0.631380900,-0.592315236,0.254586854
0.656534583,-0.584175463,0.241655534
0.683187773,-0.577325233,0.231605669
0.711668185,-0.573067187,0.225533952
0.737890200,-0.565249677,0.215224055
0.760096122,-0.552985469,0.200309913
0.780693159,-0.539094170,0.184614906
0.794444347,-0.521109062,0.165957494
0.804879165,-0.501190780,0.146971955
0.819547703,-0.482198082,0.130096762
0.836668025,-0.463840841,0.114731392
0.853910644,-0.445147215,0.099960209
0.874808258,-0.428730171,0.087344613
0.896126622,-0.412445830,0.075255476
0.913507222,-0.392933324,0.061935996
0.925588888,-0.370047313,0.047940260
0.936430616,-0.346090192,0.034723797
0.946104457,-0.321082396,0.022603183
0.953461893,-0.294704908,0.011856360
0.958314434,-0.267038216,0.003116683
0.961221693,-0.238412942,-0.002999102
0.962902602,-0.209170361,-0.005665547
0.964224739,-0.179853513,-0.003920245
0.965840460,-0.151360997,0.003068742
0.967809197,-0.124811678,0.015505728
0.969314141,-0.100812931,0.032425601
0.968903837,-0.078991677,0.052151737
0.970884731,-0.059207613,0.073396524
0.981654254,-0.042479368,0.095044215
0.980804463,-0.022450515,0.115867529
0.974561405,0.000085212,0.133708032
0.968292189,0.025139671,0.147735923
0.961167422,0.052405191,0.155951202
0.952843603,0.080545451,0.157396340
0.944599387,0.108535559,0.153726167
0.937754923,0.136343233,0.146984327
0.933397486,0.164229522,0.138683974
0.931532203,0.192124818,0.129493125
0.929635940,0.219484781,0.118815068
0.927194371,0.246271470,0.106867894
0.927748898,0.273194666,0.095106647
0.931654295,0.300061798,0.083744165
0.934321116,0.326463151,0.071063521
0.931532465,0.351537836,0.056058102
0.924640529,0.375059593,0.039764716
0.915689361,0.397436925,0.022973878
0.899530085,0.415399257,0.006323703
0.880599371,0.431238805,-0.009707420
0.865130295,0.449736145,-0.026439386
0.852389113,0.469803400,-0.043793879
0.839676404,0.489583065,-0.061432944
0.833155762,0.511437277,-0.079976408
0.826548655,0.532720508,-0.099144775
0.811715440,0.549991385,-0.117574256
0.793431475,0.564881507,-0.135186893
0.772461109,0.577304866,-0.151444420
0.746334713,0.584049060,-0.163065452
0.719944964,0.590449180,-0.174326380
0.696958259,0.600651514,-0.189533700
0.674445166,0.610887139,-0.205472867
0.657434658,0.623993515,-0.225482057
0.640116579,0.636010153,-0.245882067
0.615776428,0.642456597,-0.260899356
0.589912479,0.646884798,-0.274228069
0.561327460,0.646054718,-0.279750425
0.532182136,0.643060468,-0.281576459
0.504655883,0.644155968,-0.291875186
0.477047398,0.644413627,-0.302068183
0.449131662,0.643380635,-0.311333036
0.420994985,0.641112150,-0.319661542
0.392710256,0.637600695,-0.326999293
0.364356859,0.632874407,-0.333318525
0.336012274,0.626966722,-0.338597023
0.307752928,0.619905771,-0.342808222
0.281449764,0.613017797,-0.353195663
0.255653859,0.604685735,-0.363623290
0.228268481,0.593919951,-0.364210925
0.202224052,0.582891099,-0.357381916
0.176916926,0.571801489,-0.347792243
0.150553165,0.558914097,-0.345551676
0.124732065,0.545182338,-0.342246942
0.099513054,0.530665346,-0.337833755
0.076052531,0.514032080,-0.339895397
0.053058701,0.496806620,-0.337810660
0.030690297,0.481594901,-0.327164914
0.009997382,0.469409462,-0.311280710
-0.011508655,0.451005934,-0.303857475
-0.030911838,0.429443810,-0.300892464
-0.050646933,0.411091489,-0.289060297
-0.069564835,0.392449549,-0.276376362
-0.087671986,0.373561311,-0.262897939
-0.104982003,0.354462329,-0.248688517
-0.121514592,0.335178221,-0.233818250
-0.137999699,0.318174195,-0.216840480
-0.154705053,0.303082324,-0.198634237
-0.165775177,0.278766545,-0.187277034
-0.180222231,0.260039869,-0.170301057
-0.196142299,0.244059290,-0.152075002
-0.204781843,0.219469815,-0.139057100
-0.217252768,0.198381504,-0.123033086
-0.233317748,0.180425030,-0.106710415
-0.245315474,0.156758961,-0.094001859
-0.257426052,0.131271304,-0.085905095
-0.269349997,0.105238707,-0.089828405
-0.275518268,0.084559240,-0.108829169
-0.293346950,0.068543712,-0.124648824
-0.301373065,0.041847671,-0.132269499
-0.301821994,0.013091920,-0.126871185
-0.297597028,-0.013700110,-0.115548532
-0.290614527,-0.038537841,-0.101426707
-0.275872498,-0.059779797,-0.087687165
-0.270292787,-0.082122976,-0.069829061
-0.261701968,-0.103249884,-0.051880291
-0.245428225,-0.120029283,-0.034566246
-0.239938375,-0.141526117,-0.015770428
-0.223431108,-0.156367629,0.002771077
-0.211533909,-0.174446807,0.022178370
-0.202192847,-0.194579468,0.040755774
-0.188341035,-0.211830234,0.060170200
-0.170504531,-0.222736239,0.080212682
-0.155942232,-0.239159868,0.099823451
-0.140794564,-0.255368533,0.119167653
-0.125034881,-0.271428554,0.138136374
-0.111873636,-0.292651094,0.152480949
-0.093260295,-0.301586301,0.172738126
-0.075241153,-0.316544752,0.190515723
-0.056508353,-0.331647370,0.207465732
-0.038683749,-0.352019689,0.217857525
-0.017893721,-0.366664371,0.232641108
0.003822732,-0.380538946,0.246859314
0.026418148,-0.393834296,0.260235824
0.049882482,-0.406466099,0.272729788
0.071952406,-0.412620609,0.290800929
0.096422294,-0.423194501,0.302944313
0.121766397,-0.437830550,0.304171984
0.148344660,-0.447414792,0.312212418
0.173062628,-0.452035138,0.327102531
0.199589835,-0.457812718,0.337729886
0.227761574,-0.465051568,0.339840976
0.256268764,-0.471294167,0.337089447
0.285305994,-0.473989322,0.341023457
0.312620212,-0.473831480,0.351513109
0.340415183,-0.472590350,0.360287314
0.369684877,-0.470288184,0.362273233
0.398491170,-0.465964682,0.359013941
0.426024449,-0.459012935,0.351346888
0.453290549,-0.448508833,0.348756761
0.479041239,-0.434318540,0.348372250
0.501826003,-0.415772197,0.348052483
0.519266188,-0.392191184,0.348118125
0.528302249,-0.364343410,0.348608991
0.528001408,-0.335013746,0.348909862
0.521424800,-0.306360436,0.348189939
0.513024857,-0.278223841,0.346186857
0.507295754,-0.249527033,0.343399692
0.508695783,-0.220314228,0.341240838
0.518095049,-0.192502557,0.340884542
0.532025224,-0.166839607,0.343845434
0.547170739,-0.143044574,0.352211344
0.564156892,-0.120068360,0.359101550
0.582737917,-0.097368588,0.361432329
0.601547706,-0.074852596,0.361395024
0.619541938,-0.053186269,0.352940445
0.637261253,-0.030250163,0.348747901
0.654794583,-0.006621979,0.348119969
0.671999056,0.016257106,0.354574751
0.689161128,0.039399281,0.359840149
0.705497222,0.063691961,0.356904604
0.719553428,0.087730974,0.348047212
0.730472389,0.111051539,0.333807735
0.742653105,0.136105685,0.324631583
0.755196243,0.161848766,0.317857347
0.769869766,0.187294485,0.317980309
0.784238008,0.212869090,0.317373307
0.794609401,0.238807235,0.308278454
0.802257127,0.264173867,0.295827421
0.803019190,0.286126490,0.276349009
0.804179736,0.309344892,0.258544027
0.808743946,0.335139737,0.245131050
0.813371253,0.361146475,0.232366524
0.823778139,0.388003011,0.226500040
0.830919153,0.414472793,0.216632746
0.831182447,0.438954852,0.200300926
0.830108363,0.462973053,0.183324868
0.827700073,0.486467600,0.165763623
0.823957343,0.509376523,0.147671021
0.818884642,0.531639611,0.129102725
0.812490821,0.553198617,0.110115854
0.804781862,0.573992995,0.090767059
0.795746831,0.593948510,0.071111442
0.785438991,0.613031877,0.051218500
0.773883152,0.631193792,0.031149328
0.758143390,0.645425630,0.011157023
0.736029778,0.652073122,-0.007045509
0.715914760,0.662025072,-0.025782789
0.699486731,0.676457888,-0.045481007
0.681944470,0.689715714,-0.065043492
0.663349550,0.701776576,-0.084406497
0.643752778,0.712608328,-0.103505886
0.623208128,0.722182511,-0.122278130
0.602096372,0.730821447,-0.140844802
0.587893387,0.744886525,-0.162141294
0.572809933,0.757435233,-0.183621009
0.549628043,0.761837723,-0.201120269
0.525303999,0.764252420,-0.217450379
0.498028398,0.759743929,-0.226756038
0.470175806,0.753171100,-0.233416133
0.444155836,0.752130704,-0.247085416
0.418106688,0.750429510,-0.260676882
0.391749388,0.747428837,-0.273422872
0.365156913,0.743151915,-0.285286161
0.338398725,0.737594396,-0.296208878
0.313137783,0.733147375,-0.310263765
0.290260007,0.730074522,-0.328492176
0.264382538,0.721674044,-0.339133515
0.237868285,0.710880887,-0.345968503
0.211550953,0.699026171,-0.351720221
0.185488956,0.686176997,-0.356397303
0.159742608,0.672376263,-0.359985475
0.134369004,0.657673096,-0.362478220
0.109420675,0.642121654,-0.363876959
0.084944491,0.625779845,-0.364191001
0.062470988,0.610264126,-0.354162653
0.039494946,0.593834640,-0.347441830
0.016337539,0.575809776,-0.346381419
-0.004582939,0.556483827,-0.353627455
-0.026089920,0.536826563,-0.350693861
-0.046610510,0.519577944,-0.339294986
-0.066855182,0.502255940,-0.327464611
-0.086883229,0.481533445,-0.321813188
-0.104302371,0.457927128,-0.323270011
-0.122833623,0.436645220,-0.315122425
-0.141606102,0.420212720,-0.299631529
-0.160029914,0.400297957,-0.288637034
-0.176385619,0.376601493,-0.283717301
-0.192347605,0.352599809,-0.278996696
-0.210868285,0.331161576,-0.271035578
-0.232609421,0.313010200,-0.263261856
-0.258151442,0.298957675,-0.261105477
-0.284551138,0.290445401,-0.270382273
-0.305362485,0.284047898,-0.288951103
-0.330724711,0.278497511,-0.302120652
-0.355869732,0.264826392,-0.307456756
-0.374830980,0.242935803,-0.303528226
-0.385887553,0.216679128,-0.296529089
-0.390136530,0.188323206,-0.290059760
-0.389318779,0.159716351,-0.283856618
-0.382255167,0.131386014,-0.280842870
-0.377576624,0.104670108,-0.269546376
-0.376910708,0.081121543,-0.252032326
-0.368363725,0.055726339,-0.240068564
-0.353639902,0.031841403,-0.232070328
-0.347042022,0.009327850,-0.214875160
-0.339309547,-0.012728146,-0.197568758
-0.321487205,-0.032781054,-0.186277528
-0.311793794,-0.053246047,-0.168064795
-0.302950262,-0.073315562,-0.149121612
-0.289455579,-0.092415781,-0.131250097
-0.275567232,-0.110728299,-0.112862617
-0.259190590,-0.126872908,-0.095079631
-0.242070598,-0.141408982,-0.077023677
-0.233102711,-0.160290216,-0.056905267
-0.217958526,-0.176112094,-0.037240519
-0.198482387,-0.186475337,-0.018588304
-0.182748004,-0.200877201,0.001676460
-0.166825444,-0.215116072,0.021927725
-0.150440898,-0.229004162,0.042053547
-0.133521843,-0.242550615,0.061968633
-0.119508802,-0.261310039,0.079245524
-0.099646127,-0.268646059,0.098977265
-0.081343737,-0.282105891,0.116914331
-0.062914097,-0.297879969,0.132720805
-0.041723249,-0.302195128,0.152354265
-0.020811589,-0.316027413,0.167053334
0.001587326,-0.328625112,0.180648691
0.024341171,-0.330430199,0.198929829
0.049221765,-0.337755138,0.212609831
0.075496082,-0.348247528,0.220019663
0.102909694,-0.350230683,0.230480714
0.130555044,-0.346637197,0.239704920
0.157006483,-0.335432687,0.245293021
0.178087444,-0.316046184,0.240723576
0.190066898,-0.293871922,0.225770533
0.203242303,-0.278583896,0.205062998
0.219860067,-0.256741029,0.195320926
0.242074435,-0.237755840,0.197216063
0.264930182,-0.221177160,0.205445312
0.287390719,-0.205528407,0.216252679
0.309326089,-0.190000936,0.228243917
0.324963666,-0.172182424,0.245569908
0.346027331,-0.156390264,0.258628792
0.371724083,-0.143207472,0.263737092
0.392355822,-0.126028199,0.275666639
0.406763685,-0.107832898,0.293648368
0.427650500,-0.089954667,0.303823597
0.451499104,-0.072997053,0.304999342
0.471238622,-0.053122919,0.313982481
0.485398830,-0.033597471,0.330681848
0.503999271,-0.012768206,0.339602482
0.524547795,0.007800298,0.337768367
0.543394917,0.030025029,0.338920337
0.559671283,0.052797236,0.347113507
0.574158127,0.074958824,0.359529707
0.590699614,0.099122857,0.362348273
0.606168325,0.122819330,0.356302608
0.620249335,0.147112024,0.348757986
0.634026221,0.173102561,0.348204517
0.647269195,0.198051194,0.356272470
0.660121579,0.224034426,0.359010678
0.671702391,0.250798077,0.355037087
0.682264145,0.277796049,0.349962342
0.691764375,0.304961996,0.343800660
0.700149476,0.332227713,0.336557190
0.704582349,0.357265943,0.322578029
0.705053849,0.379876494,0.303806983
0.708813085,0.406780987,0.292564410
0.711798836,0.433799796,0.281284097
0.713514444,0.460537629,0.269104633
0.713914632,0.486910672,0.256047188
0.713017910,0.512851925,0.242175799
0.713814855,0.539915419,0.231057014
0.717802549,0.568208722,0.224029281
0.717516612,0.594772741,0.211928306
0.712303691,0.618397921,0.195168851
0.703323598,0.638562098,0.176128745
0.688028834,0.651061216,0.154344068
0.674752106,0.667569637,0.134240551
0.664129884,0.687975799,0.115885272
0.652302234,0.707386465,0.097190247
0.639300562,0.725749876,0.078218342
0.625156519,0.743014443,0.059032545
0.609899944,0.759125433,0.039696553
0.593584814,0.774054176,0.020276722
0.576256020,0.787764505,0.000836995
0.557961097,0.800224291,-0.018559015
0.538750072,0.811405563,-0.037848199
0.518830334,0.821512017,-0.057007532
0.502621280,0.835953893,-0.076696617
0.488541082,0.852100471,-0.096847896
0.469053674,0.861429466,-0.116466075
0.446440806,0.865790742,-0.134791240
0.422689115,0.867459989,-0.151884317
0.396562699,0.860902063,-0.163512255
0.370194313,0.853735979,-0.174320613
0.345180416,0.852728258,-0.189755952
0.320475716,0.852040534,-0.205689625
0.298830061,0.855963967,-0.225181765
0.277269861,0.858942690,-0.244892590
0.252301294,0.854723003,-0.259641377
0.226615965,0.847901392,-0.272288998
0.200595658,0.836800503,-0.279587657
0.175050889,0.822275293,-0.281184814
0.148974669,0.810759362,-0.287846425
0.122969411,0.800597572,-0.297159630
0.097698227,0.791780746,-0.309173978
0.073803123,0.784714976,-0.324834106
0.048937254,0.774259542,-0.336224399
0.023421515,0.760759166,-0.341970309
-0.002058079,0.746600739,-0.345736251
-0.027045090,0.731270257,-0.343555515
-0.052047097,0.716299810,-0.339457279
-0.078308155,0.703149718,-0.339536683
-0.105494314,0.692013973,-0.341221998
-0.133681393,0.683647405,-0.341933484
-0.162833206,0.680024355,-0.341384613
-0.191961897,0.682935036,-0.339080341
-0.219680383,0.691677409,-0.334693595
-0.245916524,0.703393303,-0.328349543
-0.271707090,0.715189736,-0.320487282
-0.298223585,0.724570364,-0.311888669
-0.326106733,0.729069665,-0.303829716
-0.354756107,0.726745127,-0.297950447
-0.382412567,0.717268852,-0.295390576
-0.407629621,0.702204117,-0.295957826
-0.429889063,0.683213118,-0.298858024
-0.449750903,0.662329551,-0.304594263
-0.467945034,0.641926120,-0.315446325
-0.483813248,0.620244566,-0.327412332
-0.496727640,0.595418211,-0.336296015
-0.506812233,0.568334624,-0.341832792
-0.514685617,0.540305447,-0.345630732
-0.519209394,0.511533383,-0.341697206
-0.522955272,0.482552806,-0.338851720
-0.526690259,0.453559210,-0.342234705
-0.529232889,0.424994646,-0.348260302
-0.530495399,0.398031486,-0.359960626
-0.529394308,0.369101222,-0.364086724
-0.526764820,0.339975615,-0.362221226
-0.523624095,0.312850213,-0.351283991
-0.519155356,0.284216454,-0.347125346
-0.512846291,0.255704856,-0.348498459
-0.504264832,0.228245444,-0.354272692
-0.495566936,0.200511489,-0.349843591
-0.489137005,0.175720694,-0.335809849
-0.480249315,0.149695479,-0.326097666
-0.467872329,0.123560341,-0.322478236
-0.453066127,0.098616134,-0.320987691
-0.440129666,0.074113034,-0.311064019
-0.426518012,0.050404183,-0.300161801
-0.415561459,0.028368655,-0.284933346
-0.404722182,0.006895181,-0.268883940
-0.389631291,-0.014759267,-0.255860208
-0.374090382,-0.035551902,-0.241988444
-0.358160476,-0.055482089,-0.227314801
-0.339449555,-0.073539401,-0.214433626
-0.319751135,-0.090029342,-0.201205226
-0.310446158,-0.108353220,-0.180949436
-0.293460881,-0.125113197,-0.163717454
-0.275881860,-0.140902092,-0.146234403
-0.253881016,-0.152312890,-0.131333007
-0.236515007,-0.166662011,-0.112388444
-0.218929123,-0.180417947,-0.093208011
-0.202325141,-0.194608293,-0.073706221
-0.188079857,-0.210687866,-0.054353871
-0.165813444,-0.217426938,-0.036915260
-0.150555231,-0.233703433,-0.018230961
-0.129681171,-0.242873610,-0.000286456
-0.107658670,-0.250011568,0.017381401
-0.088569757,-0.265424102,0.033244555
-0.064293931,-0.270061709,0.048670169
-0.038406348,-0.274147685,0.061695505
-0.010842540,-0.281820092,0.067212097
0.016447157,-0.282689854,0.058533971
0.035485438,-0.271467616,0.040100289
0.058369680,-0.266647802,0.022751654
0.087160582,-0.262892490,0.021981872
0.113759887,-0.255496677,0.031836012
0.136136538,-0.243273390,0.046015837
0.155624127,-0.229116476,0.062534727
0.179952159,-0.223407264,0.077691564
0.197511517,-0.208885399,0.095722038
0.215210007,-0.194891882,0.114166466
0.238796878,-0.186427023,0.129011127
0.252143100,-0.169733231,0.148610111
0.271896085,-0.156523343,0.165370702
0.294172990,-0.144419815,0.179122725
0.312777894,-0.128636535,0.195587542
0.331191220,-0.112101141,0.211520588
0.349400683,-0.094782460,0.226843714
0.360726303,-0.076323202,0.246359753
0.378586280,-0.057993048,0.260408991
0.400530160,-0.040211410,0.267017627
0.414361813,-0.020213867,0.282564966
0.427132656,0.000000000,0.298531070
