# Meshed torus II (achiral_de010): eta 0.6, N 24, eps 0.0, periods 1, delta_eta 0.01, closed (N+1, N-1) knots, B = R_z(pi)*M*A (= -A when eps = 0); ccsim.geometry.hopf_helical_pair(0.6, 24, eps=0.0, periods=1, delta_eta=0.01)
o A
v 0.427412232 0.000000000 0.298726471
v 0.440289233 0.023256016 0.304906426
v 0.454477905 0.046684629 0.305405992
v 0.464431247 0.071461472 0.311524113
v 0.470780518 0.095701586 0.322251516
v 0.475848601 0.119829878 0.334024450
v 0.482866304 0.145703887 0.339779251
v 0.490397352 0.171849802 0.339754648
v 0.497024199 0.198198374 0.336863838
v 0.500790804 0.225150562 0.340210611
v 0.502868202 0.251614231 0.346557242
v 0.503439940 0.276894051 0.357150634
v 0.504324504 0.303880174 0.361361516
v 0.504585764 0.331251715 0.362034576
v 0.504052218 0.357793196 0.355334926
v 0.502007937 0.384398286 0.349318515
v 0.498724884 0.411612664 0.348620852
v 0.494565290 0.438662026 0.349079462
v 0.490325635 0.465000502 0.355354236
v 0.485370960 0.491516972 0.359879650
v 0.478843393 0.518051956 0.357815807
v 0.471137573 0.543936087 0.353415357
v 0.461661865 0.567217557 0.342555396
v 0.450927940 0.589720233 0.331178751
v 0.439949912 0.614015092 0.324906963
v 0.428325637 0.638225899 0.319366282
v 0.417110990 0.663055427 0.317338881
v 0.406973504 0.688455054 0.319352293
v 0.395010170 0.712914061 0.317355538
v 0.380756686 0.735136840 0.309967148
v 0.365645645 0.756471502 0.301718047
v 0.348891835 0.774061234 0.289193422
v 0.330946439 0.788048268 0.273892758
v 0.312434417 0.802765986 0.260076751
v 0.294106486 0.820362985 0.249785067
v 0.275345854 0.837613114 0.239663226
v 0.257418832 0.856977503 0.232389120
v 0.240463767 0.877929687 0.227331529
v 0.222457676 0.897396441 0.220496893
v 0.202330110 0.912285543 0.209443017
v 0.181442667 0.925098514 0.197133388
v 0.160054953 0.936124064 0.184064871
v 0.138115146 0.941272060 0.168556117
v 0.116088104 0.942780472 0.152296516
v 0.093585129 0.945253028 0.136863082
v 0.070739941 0.951623952 0.123129622
v 0.047733936 0.957855923 0.109570062
v 0.024849421 0.965686296 0.096741757
v 0.002691874 0.977061264 0.085282207
v -0.019473944 0.988068445 0.073502185
v -0.042386971 0.994506771 0.060060926
v -0.065541077 0.995642293 0.045429492
v -0.088643992 0.995283520 0.030671177
v -0.111003167 0.990009395 0.015860346
v -0.131988276 0.979573149 0.001653693
v -0.152779766 0.968158519 -0.012107113
v -0.174803627 0.959956694 -0.026158375
v -0.197455027 0.954124236 -0.040472893
v -0.219842324 0.947213333 -0.054722620
v -0.242504593 0.942650782 -0.069399303
v -0.265229619 0.941551443 -0.084705985
v -0.287634711 0.939388529 -0.100340134
v -0.309144521 0.931843854 -0.115423401
v -0.329351216 0.919697084 -0.129419992
v -0.348932427 0.906195187 -0.143046811
v -0.366078531 0.888049092 -0.154203169
v -0.380966537 0.866750788 -0.162936103
v -0.396006058 0.845607318 -0.171776618
v -0.413038811 0.827432509 -0.183157784
v -0.430223213 0.809807704 -0.195243083
v -0.447068746 0.792045373 -0.207555038
v -0.465032478 0.778253075 -0.222954807
v -0.482636016 0.765145485 -0.239376730
v -0.498158121 0.747444438 -0.253190270
v -0.511267655 0.725774010 -0.263694259
v -0.523463707 0.703299390 -0.273583328
v -0.532942158 0.678346071 -0.279434207
v -0.539942912 0.651912939 -0.281417610
v -0.547326269 0.625722207 -0.284551273
v -0.556409767 0.600955599 -0.291981226
v -0.564988717 0.576119702 -0.299825346
v -0.574203160 0.553156597 -0.311526980
v -0.583058029 0.531239765 -0.325420998
v -0.589659204 0.506839012 -0.335775154
v -0.593886470 0.480334405 -0.341374117
v -0.596965526 0.453463783 -0.345749784
v -0.597737403 0.426183649 -0.343878437
v -0.597510450 0.399086461 -0.339697078
v -0.597873666 0.371753206 -0.340664221
v -0.597792993 0.344493647 -0.343639773
v -0.597343055 0.318188962 -0.351092122
v -0.595838464 0.292601331 -0.360799019
v -0.592451454 0.265721921 -0.364217718
v -0.587878490 0.238684484 -0.364451478
v -0.582669432 0.212537987 -0.358762976
v -0.577200570 0.187279854 -0.349661088
v -0.570340369 0.160869073 -0.347390600
v -0.562298045 0.134696667 -0.346633460
v -0.552375054 0.109709503 -0.351912863
v -0.541399714 0.084800116 -0.353623294
v -0.530339044 0.060034539 -0.349608260
v -0.520680716 0.036627243 -0.339349970
v -0.510416777 0.013504253 -0.329058957
v -0.497074979 -0.009887289 -0.323888060
v -0.481121088 -0.031981160 -0.322904726
v -0.463550590 -0.052880837 -0.322446694
v -0.447540027 -0.073937149 -0.315239360
v -0.434886552 -0.094269422 -0.302040144
v -0.419742465 -0.114169717 -0.291244767
v -0.400951149 -0.132754316 -0.284290306
v -0.378402081 -0.148134477 -0.282206900
v -0.358703098 -0.164811340 -0.273009300
v -0.342996423 -0.182097024 -0.258898061
v -0.324734826 -0.198112911 -0.246611412
v -0.301653520 -0.210341319 -0.239025373
v -0.277632670 -0.220627794 -0.231396915
v -0.257241272 -0.233356807 -0.218507126
v -0.239179718 -0.247096858 -0.203571812
v -0.215568415 -0.255500616 -0.192778947
v -0.190051378 -0.259394346 -0.183948092
v -0.167989148 -0.267740151 -0.170206357
v -0.147865634 -0.277833523 -0.155069476
v -0.123414133 -0.280070910 -0.143375152
v -0.098790605 -0.279460161 -0.131804680
v -0.077081732 -0.285840533 -0.116657473
v -0.054090505 -0.288723948 -0.102361215
v -0.030474560 -0.281992336 -0.090596094
v -0.007286773 -0.280524773 -0.076147717
v 0.015248143 -0.283388946 -0.061131454
v 0.037449841 -0.275576203 -0.047618022
v 0.059071824 -0.266826137 -0.033546749
v 0.082069606 -0.265611773 -0.018933128
v 0.103758849 -0.257470064 -0.004587130
v 0.121948260 -0.242983592 0.009676322
v 0.143901374 -0.235659733 0.023952384
v 0.165330706 -0.226552093 0.037859702
v 0.180345527 -0.209289352 0.052637434
v 0.199032354 -0.195573226 0.067095364
v 0.220518615 -0.184665138 0.079716643
v 0.235109880 -0.166936488 0.094255281
v 0.247650515 -0.147990299 0.109250647
v 0.267029284 -0.132873943 0.121003543
v 0.282715202 -0.114546988 0.133747135
v 0.289614672 -0.093285461 0.149382013
v 0.301938212 -0.072804184 0.162744731
v 0.318965971 -0.053429633 0.171871574
v 0.328479137 -0.031245289 0.184683249
v 0.331663519 -0.009006412 0.200282801
v 0.340399332 0.014104425 0.212106197
v 0.353030682 0.037432219 0.218865478
v 0.358935471 0.061769579 0.229915169
v 0.358227380 0.084398809 0.245316676
v 0.361383786 0.109087742 0.256708896
v 0.368084515 0.134919270 0.262027760
v 0.371509315 0.161006166 0.268938075
v 0.370333627 0.185909626 0.279963250
v 0.365950954 0.208874609 0.294186728
v 0.364344780 0.234885207 0.302699658
v 0.364736765 0.262170301 0.304350376
v 0.362198939 0.289035921 0.308144694
v 0.356761991 0.314896062 0.315350924
v 0.348498606 0.337563012 0.328335755
v 0.340775986 0.362255851 0.336971942
v 0.333213205 0.388234584 0.340934241
v 0.326136796 0.414507935 0.337698592
v 0.316482173 0.440027103 0.338505032
v 0.305154425 0.464749872 0.342001247
v 0.292764026 0.486950287 0.352083581
v 0.279846879 0.509513493 0.360299789
v 0.266238379 0.533242409 0.362234683
v 0.252015291 0.556425720 0.360144962
v 0.237350134 0.578233964 0.352339575
v 0.221024786 0.599874775 0.348947618
v 0.203695126 0.621116571 0.348325846
v 0.186292330 0.641742935 0.352739021
v 0.168862579 0.661894919 0.359161317
v 0.149991855 0.681656248 0.359180182
v 0.130281774 0.700513459 0.356369137
v 0.110110086 0.717267290 0.348931541
v 0.089891932 0.730872397 0.336373616
v 0.068390889 0.745235224 0.327570245
v 0.046126902 0.760358045 0.322316794
v 0.023493798 0.775105776 0.317795282
v 0.001352307 0.791244266 0.318391986
v -0.020991477 0.807092281 0.318946180
v -0.044441826 0.820180465 0.313897412
v -0.068313928 0.831194892 0.306100589
v -0.092103749 0.839558013 0.295582377
v -0.114860233 0.843280850 0.280785139
v -0.137825636 0.845835805 0.266039225
v -0.162290980 0.850871724 0.254838728
v -0.187229430 0.856264913 0.244790126
v -0.212347962 0.861397817 0.235115755
v -0.237779012 0.869535186 0.228969707
v -0.263204532 0.878312006 0.223645054
v -0.288652722 0.883892718 0.215315377
v -0.313312602 0.884782759 0.203377392
v -0.337679386 0.884221695 0.190824285
v -0.360155040 0.879249263 0.176099455
v -0.380175431 0.869919597 0.159873004
v -0.400168711 0.859908412 0.144010844
v -0.422452130 0.852748916 0.129806488
v -0.445551881 0.846645790 0.116348092
v -0.468379991 0.839777508 0.102796856
v -0.492777770 0.836584002 0.090810983
v -0.517828493 0.835761600 0.079685520
v -0.541923711 0.832166890 0.067246744
v -0.563109391 0.822483236 0.052895813
v -0.583054897 0.810751818 0.038180933
v -0.601907456 0.797505028 0.023371363
v -0.616622899 0.779681548 0.008729139
v -0.628365968 0.759192962 -0.005203348
v -0.640647312 0.738897163 -0.018939718
v -0.656157168 0.721327284 -0.033122942
v -0.672110338 0.704198648 -0.047409547
v -0.688300337 0.687461042 -0.061845493
v -0.706957123 0.674218453 -0.076944573
v -0.725682620 0.661575412 -0.092478327
v -0.741842137 0.645788360 -0.107910957
v -0.753716317 0.625646834 -0.122179772
v -0.764155320 0.604418068 -0.136048789
v -0.772686202 0.581942451 -0.149132558
v -0.776229852 0.556749780 -0.159227994
v -0.777396353 0.530661421 -0.167596302
v -0.779970725 0.505066175 -0.177012850
v -0.785585476 0.481027578 -0.188937530
v -0.790674878 0.456889965 -0.200915677
v -0.797476619 0.434325127 -0.214834922
v -0.805856523 0.413706456 -0.230852745
v -0.812353946 0.392086227 -0.246350752
v -0.814125925 0.367583608 -0.258349730
v -0.813507857 0.342153289 -0.268592239
v -0.811151473 0.316377640 -0.277472009
v -0.804294299 0.290086017 -0.280659984
v -0.796065992 0.263967343 -0.282012933
v -0.790218621 0.237887731 -0.287772258
v -0.785072935 0.212136527 -0.295670164
v -0.779545848 0.186692086 -0.304188699
v -0.775835615 0.162882196 -0.317243006
v -0.771076672 0.139405411 -0.330540385
v -0.762455225 0.114761833 -0.338591088
v -0.751779377 0.090044710 -0.343795213
v -0.739179135 0.065837815 -0.344718856
v -0.725108006 0.042667121 -0.340618556
v -0.711068091 0.019246838 -0.339091407
v -0.697252279 -0.004246707 -0.342110451
v -0.682835706 -0.027199583 -0.345989924
v -0.669019026 -0.048572112 -0.356150072
v -0.653392805 -0.069635286 -0.363677163
v -0.635854078 -0.090695117 -0.364405786
v -0.617661752 -0.111023429 -0.362617047
v -0.599890368 -0.130080683 -0.354141444
v -0.581222670 -0.149084907 -0.348081396
v -0.561191937 -0.167756855 -0.346630742
v -0.540199321 -0.184972087 -0.349612382
v -0.518235111 -0.200586751 -0.354479095
v -0.495994954 -0.216336470 -0.351835902
v -0.473947882 -0.231457541 -0.346116144
v -0.454215183 -0.246211375 -0.334102353
v -0.431914447 -0.260049274 -0.326613577
v -0.407720182 -0.272203387 -0.322775170
v -0.381855056 -0.281152239 -0.324240348
v -0.356791079 -0.290758210 -0.319178896
v -0.333187198 -0.300656251 -0.309759425
v -0.312384681 -0.311481335 -0.295657129
v -0.287348542 -0.319003828 -0.287427727
v -0.260581835 -0.322500235 -0.283677677
v -0.234067875 -0.325108871 -0.278073554
v -0.209755592 -0.330078810 -0.266693842
v -0.187754922 -0.336880509 -0.251961159
v -0.162346641 -0.338568821 -0.241807936
v -0.135925488 -0.334119503 -0.236279844
v -0.110712837 -0.332216891 -0.225881144
v -0.088227745 -0.335279067 -0.210677482
v -0.064164208 -0.333805069 -0.197910961
v -0.040008600 -0.324741098 -0.189427154
v -0.016370131 -0.317627949 -0.177796079
v 0.006132170 -0.316605679 -0.162395165
v 0.028978845 -0.310280229 -0.148886237
v 0.049656220 -0.295528124 -0.138764799
v 0.071144641 -0.285626977 -0.124970443
v 0.093143250 -0.280933583 -0.109473241
v 0.112452230 -0.266823477 -0.096486150
v 0.129546680 -0.249909158 -0.083739479
v 0.150015260 -0.240203837 -0.068728198
v 0.168738142 -0.226703158 -0.054301987
v 0.180982626 -0.206117536 -0.041166231
v 0.197814482 -0.190499468 -0.026410780
v 0.215818151 -0.176201888 -0.012009378
v 0.225785328 -0.155301269 0.002110730
v 0.236440894 -0.134923440 0.016789792
v 0.253361142 -0.118380552 0.030467754
v 0.262106471 -0.096998947 0.044887431
v 0.266408796 -0.074654141 0.059749018
v 0.278646169 -0.054268744 0.073000186
v 0.287387339 -0.032281641 0.086452762
v 0.286354323 -0.009701462 0.101823690
v 0.291387398 0.013351361 0.115651963
v 0.300018111 0.036572824 0.126787301
v 0.299253015 0.059736274 0.141026226
v 0.295630378 0.082153835 0.156040943
v 0.298330496 0.106812182 0.167134704
v 0.299303589 0.131767745 0.177726985
v 0.292650373 0.153789281 0.192164278
v 0.285782262 0.176098403 0.206202660
v 0.283568868 0.201760099 0.214998936
v 0.278956391 0.227033744 0.223921805
v 0.268909971 0.248573898 0.237055671
v 0.257298510 0.268738933 0.251111089
v 0.247997663 0.292726572 0.260309600
v 0.240105692 0.318621579 0.264325119
v 0.227591631 0.341306075 0.273272595
v 0.212282280 0.358951518 0.287326248
v 0.197175791 0.378714302 0.298416670
v 0.182426470 0.400783818 0.304807176
v 0.168219776 0.424205851 0.305287305
v 0.150873505 0.444525949 0.311288303
v 0.132298289 0.461469636 0.321803849
v 0.113231250 0.476970174 0.333777291
v 0.093513175 0.495115872 0.339584805
v 0.073744927 0.513803669 0.339842786
v 0.053477719 0.531890862 0.336765852
v 0.031304657 0.547672637 0.340092336
v 0.008758959 0.561776910 0.346248593
v -0.013406024 0.573922184 0.356872913
v -0.036919122 0.587106337 0.361290537
v -0.061088634 0.599956080 0.362082337
v -0.084910047 0.611748807 0.355554102
v -0.109422296 0.622210423 0.349359113
v -0.135083884 0.631846316 0.348647962
v -0.161013950 0.640624219 0.348980525
v -0.186360052 0.648992907 0.355186034
v -0.212148789 0.656822407 0.359867453
v -0.238704041 0.663279320 0.357916192
v -0.265252992 0.668422878 0.353678445
v -0.290316340 0.670786044 0.342910881
v -0.315208601 0.671634331 0.331477678
v -0.341798425 0.673061290 0.325095764
v -0.368645654 0.673916430 0.319575182
v -0.395839284 0.675338557 0.317378481
v -0.423053964 0.678034756 0.319392240
v -0.450288056 0.678768585 0.317588957
v -0.476595021 0.676390138 0.310251897
v -0.502509801 0.672834028 0.302043403
v -0.525941995 0.666168134 0.289659205
v -0.546640709 0.656710711 0.274365621
v -0.568178193 0.647034264 0.260482498
v -0.592212834 0.638855643 0.250147739
v -0.616163766 0.630150922 0.240020240
v -0.641564553 0.623091350 0.232663822
v -0.667966663 0.617677312 0.227599537
v -0.693591248 0.610741649 0.220865923
v -0.716144368 0.599803272 0.209885495
v -0.737155245 0.587181921 0.197587788
v -0.756869459 0.573332435 0.184567529
v -0.771657618 0.556291742 0.169099237
v -0.783167402 0.537455409 0.152834501
v -0.795657416 0.518599636 0.137367596
v -0.811792117 0.501235808 0.123612921
v -0.827941534 0.483700190 0.110060329
v -0.845358680 0.466941433 0.097200494
v -0.865629859 0.452479148 0.085731302
v -0.885654069 0.437907849 0.073983856
v -0.902050239 0.420615997 0.060588982
v -0.913771401 0.400610432 0.045965638
v -0.924235416 0.379995140 0.031217878
v -0.931478503 0.358209871 0.016394136
v -0.931981639 0.334828959 0.002143622
v -0.930452603 0.311075159 -0.011473058
v -0.932501920 0.287624154 -0.025419915
v -0.937743619 0.264827914 -0.039732360
v -0.941957747 0.241782220 -0.053984735
v -0.948181738 0.219500141 -0.068632237
v -0.957625724 0.198788299 -0.083919271
v -0.966132077 0.177940986 -0.099544148
v -0.969602207 0.155446439 -0.114672791
v -0.968215513 0.131927282 -0.128693611
v -0.965336162 0.108333974 -0.142350885
v -0.957364085 0.084747318 -0.153639347
v -0.945398053 0.061708504 -0.162439749
v -0.933486049 0.038640155 -0.171236584
v -0.925056429 0.015159448 -0.182520912
v -0.917380153 -0.008218729 -0.194625786
v -0.909279104 -0.031365075 -0.206863072
v -0.905190370 -0.053703997 -0.222167546
v -0.901754577 -0.075367436 -0.238609475
v -0.893451729 -0.097289337 -0.252592182
v -0.880342811 -0.118925987 -0.263160407
v -0.866075986 -0.140121437 -0.273107660
v -0.848444420 -0.160092835 -0.279176642
v -0.828245331 -0.178512024 -0.281241268
v -0.808329382 -0.197082914 -0.284233261
v -0.790488826 -0.216545371 -0.291571210
v -0.772401427 -0.235612139 -0.299398361
v -0.756144923 -0.254388320 -0.310889920
v -0.740814178 -0.272369270 -0.324799397
v -0.722389168 -0.289511654 -0.335428049
v -0.700857012 -0.305505377 -0.341103041
v -0.678482254 -0.320666025 -0.345649233
v -0.654645810 -0.333984608 -0.344014740
v -0.630491717 -0.346255740 -0.339792161
v -0.606385286 -0.359142493 -0.340501175
v -0.582162459 -0.371652130 -0.343456045
v -0.558549955 -0.383405118 -0.350650819
v -0.535195498 -0.393901317 -0.360433642
v -0.509852785 -0.403318750 -0.364190679
v -0.483757289 -0.411741712 -0.364452733
v -0.458080331 -0.419197611 -0.359185374
v -0.433180651 -0.425982078 -0.349967900
v -0.406624868 -0.432093805 -0.347463001
v -0.379698377 -0.437070391 -0.346565967
v -0.352934993 -0.439862734 -0.351675457
v -0.325788708 -0.441582341 -0.353802957
v -0.298699235 -0.443192556 -0.349876808
v -0.273354234 -0.445337549 -0.339945546
v -0.248214250 -0.446991735 -0.329361048
v -0.221309367 -0.445979386 -0.324168178
v -0.194342700 -0.442187404 -0.322849712
v -0.167689282 -0.436143211 -0.322757941
v -0.141593940 -0.431615661 -0.315673765
v -0.117606546 -0.429596859 -0.302750844
v -0.093064701 -0.425561664 -0.291658016
v -0.067888092 -0.417646009 -0.284479729
v -0.043824829 -0.404716061 -0.282539478
v -0.019925519 -0.394831526 -0.273521501
v 0.002722809 -0.388585220 -0.259686126
v 0.025320893 -0.380085201 -0.247142858
v 0.046935160 -0.365540441 -0.239286522
v 0.067075039 -0.348723358 -0.231995479
v 0.087746840 -0.335962271 -0.219463840
v 0.108400747 -0.326750363 -0.204162831
v 0.126910316 -0.309946016 -0.193175675
v 0.142038390 -0.288901485 -0.184566899
v 0.159515860 -0.272882459 -0.170976899
v 0.177900728 -0.260003987 -0.155692581
v 0.191433923 -0.239576407 -0.143840419
v 0.202040889 -0.217235421 -0.132472811
v 0.217514243 -0.200658662 -0.117412283
v 0.230933464 -0.181873636 -0.103026489
v 0.236077739 -0.157925433 -0.091219958
v 0.245109502 -0.136442641 -0.076884964
v 0.258275921 -0.117917990 -0.061816504
v 0.261995060 -0.094698364 -0.048231716
v 0.263863374 -0.071402623 -0.034260628
v 0.273136790 -0.050360731 -0.019628434
v 0.276487603 -0.027453434 -0.005268498
v 0.271810362 -0.004626839 0.008959568
v 0.275049331 0.018261791 0.023315847
v 0.277310421 0.041437697 0.037167758
v 0.269186880 0.062806515 0.051908016
v 0.265186367 0.085583555 0.066455747
v 0.265701363 0.109733148 0.079038916
v 0.257046041 0.131083900 0.093506257
v 0.245737234 0.150738725 0.108566627
v 0.241017766 0.174759416 0.120486278
v 0.232301151 0.197286877 0.133103854
v 0.216775315 0.213380733 0.148651472
v 0.204087377 0.233520475 0.162178109
v 0.194793111 0.257570944 0.171344833
v 0.179708892 0.276545846 0.183972995
v 0.161388849 0.289490602 0.199655544
v 0.144832568 0.307732125 0.211656200
v 0.130024325 0.329750612 0.218422076
v 0.111253364 0.346448119 0.229293630
v 0.090861072 0.356337268 0.244638532
v 0.070405545 0.370353765 0.256200217
v 0.050510483 0.388001175 0.261867746
v 0.029050434 0.403316151 0.268493433
v 0.006389714 0.413998290 0.279287393
v -0.015971445 0.420574878 0.293646168
v -0.039762845 0.431040972 0.302342626
v -0.063797079 0.443870351 0.304301825
v -0.088770842 0.454182249 0.307817142
v -0.114240228 0.461367794 0.314908944
v -0.138218417 0.464572705 0.327744735
v -0.163592390 0.468972836 0.336697453
v -0.190116113 0.474193203 0.340907772
v -0.216699453 0.480045031 0.337806622
v -0.243781859 0.483349358 0.338334514
v -0.270946210 0.484722995 0.341799899
v -0.296450756 0.484020730 0.351589258
v -0.322328051 0.482916467 0.360133705
v -0.349650885 0.481791582 0.362153078
v -0.376807132 0.479864358 0.360378735
v -0.402935645 0.476951915 0.352611381
v -0.429635060 0.472468468 0.348968336
v -0.456478017 0.466902361 0.348329820
v -0.482831537 0.460943287 0.352493912
v -0.508729158 0.454783647 0.359038849
v -0.534970475 0.447186629 0.359302084
v -0.560799117 0.438404778 0.356518792
v -0.585290928 0.428322766 0.349921170
v -0.607110149 0.416734039 0.338050311
v -0.629257618 0.404163554 0.328025180
v -0.652874324 0.391346148 0.322558077
v -0.676358890 0.378027123 0.317907666
v -0.700866043 0.365775926 0.318414083
v -0.725250436 0.353290814 0.319093534
v -0.747745892 0.338564042 0.314225090
v -0.768543418 0.322469393 0.306452785
v -0.787804570 0.305447644 0.297090255
v -0.801825330 0.287045573 0.282478358
v -0.813894858 0.267881435 0.267032461
v -0.829200919 0.248439309 0.255385102
v -0.845521181 0.228812858 0.245363369
v -0.861578368 0.208863774 0.235604142
v -0.880415581 0.189984743 0.229338357
v -0.899942775 0.171473898 0.224054197
v -0.916861384 0.151552298 0.215958447
v -0.929092819 0.130093965 0.204070419
v -0.939906054 0.108222962 0.191561383
v -0.946125563 0.085983553 0.176950580
v -0.947190030 0.063912077 0.160739014
v -0.947437454 0.041585252 0.144829747
v -0.951175974 0.018527250 0.130550851
v -0.956445456 -0.004783364 0.117103816
v -0.960853674 -0.028206720 0.103544352
v -0.969035208 -0.051363809 0.091477830
v -0.979841888 -0.073986084 0.080367504
v -0.987994273 -0.097002514 0.068026076
v -0.989376763 -0.120277733 0.053721668
v -0.988201193 -0.143390518 0.039011062
v -0.985321077 -0.166264998 0.024207035
v -0.976513438 -0.187616737 0.009532574
v -0.963789278 -0.207494525 -0.004422856
v -0.951354489 -0.227696873 -0.018159512
v -0.942731818 -0.249494466 -0.032324469
v -0.934923435 -0.271558160 -0.046614673
v -0.927416527 -0.293616896 -0.061032130
v -0.924119936 -0.316269222 -0.076105727
v -0.921573493 -0.338732349 -0.091621352
v -0.915248240 -0.360402839 -0.107076065
v -0.903020184 -0.380286751 -0.121392786
v -0.889028511 -0.399353194 -0.135273730
v -0.873166734 -0.417365178 -0.148437162
v -0.852603233 -0.432241983 -0.158666362
v -0.830008781 -0.445312681 -0.167068919
v -0.808379259 -0.459297754 -0.176398192
v -0.789557139 -0.475309804 -0.188260346
v -0.770484574 -0.490960514 -0.200230692
v -0.753429660 -0.507333509 -0.214025250
v -0.738972713 -0.524287036 -0.230008994
v -0.722929835 -0.540094701 -0.245587338
v -0.702186676 -0.553081306 -0.257758742
v -0.679363255 -0.564287986 -0.268029695
v -0.655498207 -0.574180593 -0.277076408
v -0.629067316 -0.580334573 -0.280483223
v -0.602080894 -0.585022773 -0.281769962
v -0.576165775 -0.591743023 -0.287315394
v -0.550960376 -0.599079195 -0.295243198
v -0.525781160 -0.605867342 -0.303647630
v -0.502850118 -0.613529075 -0.316540090
v -0.479925659 -0.620225818 -0.329980885
v -0.454177008 -0.624035242 -0.338279631
v -0.427330076 -0.625984932 -0.343516541
v -0.400055992 -0.626066453 -0.344786501
v -0.372996787 -0.624276383 -0.340765266
v -0.345754543 -0.622554993 -0.338952082
v -0.318534341 -0.621139327 -0.341947955
v -0.291459524 -0.618897285 -0.345497097
v -0.265749905 -0.616394256 -0.354614905
v -0.240006252 -0.612387433 -0.362976077
v -0.213279531 -0.606591156 -0.364391307
v -0.186826087 -0.599827096 -0.362844926
v -0.161688431 -0.592828131 -0.354496269
v -0.136265270 -0.585055378 -0.348180407
v -0.110455532 -0.575909928 -0.346710575
v -0.085353380 -0.565390938 -0.348369111
v -0.061571371 -0.553106179 -0.354193525
v -0.037361584 -0.540583479 -0.352039052
v -0.013742678 -0.527918380 -0.346577663
v 0.008471395 -0.517174424 -0.334652304
v 0.031008865 -0.503907175 -0.326877371
v 0.053000553 -0.488144604 -0.322834075
v 0.072918675 -0.469377406 -0.324279641
v 0.092966939 -0.451466337 -0.319551496
v 0.112648387 -0.434876419 -0.310460546
v 0.131847278 -0.421530106 -0.296217073
v 0.150113051 -0.402904547 -0.287854691
v 0.165730897 -0.380959713 -0.283800631
v 0.180163319 -0.358470203 -0.278575211
v 0.195534589 -0.338518401 -0.267912097
v 0.211905139 -0.322790635 -0.252632848
v 0.225237135 -0.301170942 -0.242342603
v 0.233687185 -0.275818636 -0.236646093
v 0.243465808 -0.252406064 -0.226529769
v 0.256367801 -0.233612309 -0.211538996
v 0.266408368 -0.211848290 -0.198572353
v 0.269870208 -0.186384221 -0.189867861
v 0.274183036 -0.161979751 -0.178518746
v 0.283398470 -0.141354517 -0.163261821
v 0.288703232 -0.118377055 -0.149585643
v 0.285372614 -0.093250281 -0.139415164
v 0.286140974 -0.069507107 -0.125804263
v 0.292271936 -0.047864848 -0.110255546
v 0.289162399 -0.024202013 -0.097117131
v 0.281678715 -0.001240399 -0.084545291
v 0.282069268 0.021437114 -0.069575561
v 0.279293469 0.044261923 -0.055088495
v 0.266845701 0.064688368 -0.041960738
v 0.260217971 0.086706438 -0.027228627
v 0.256278912 0.109369688 -0.012812756
v 0.242733000 0.128138341 0.001327877
v 0.229186153 0.146721858 0.015966138
v 0.222306979 0.169344358 0.029680372
v 0.207785449 0.187387249 0.044064833
v 0.189696103 0.201214472 0.058931778
v 0.176991272 0.221210827 0.072328831
v 0.161884841 0.239474462 0.085658761
v 0.141443273 0.249112304 0.100984453
v 0.123047232 0.263727607 0.115038942
v 0.106602130 0.282510726 0.126089111
v 0.085778935 0.292927488 0.140199886
v 0.064180582 0.299707563 0.155338410
v 0.043450821 0.313133894 0.166710007
v 0.021901519 0.325906641 0.177077251
v -0.000751137 0.330559087 0.191323682
v -0.023639295 0.334408250 0.205561366
v -0.047424336 0.343996773 0.214669540
v -0.071945592 0.351904392 0.223342208
v -0.096004248 0.353586558 0.235985029
v -0.118999058 0.351978415 0.250581637
v -0.144517613 0.354617619 0.260046345
v -0.171133855 0.359693569 0.263979968
v -0.197062167 0.359169142 0.272825516
v -0.219962482 0.353932654 0.286596729
v -0.244269194 0.349464137 0.297996721
v -0.270586275 0.346445188 0.304686928
v -0.297928852 0.344711331 0.305149674
v -0.324011316 0.338811243 0.310968382
v -0.347780637 0.330247350 0.321178152
v -0.370173277 0.320412856 0.333433205
v -0.395348678 0.311287479 0.339319482
v -0.421011914 0.302289888 0.339986059
v -0.446439636 0.292757356 0.336672386
v -0.470690191 0.280394536 0.339931621
v -0.493687922 0.266912536 0.345827252
v -0.514678375 0.252844777 0.356466115
v -0.537146667 0.238070504 0.361192383
v -0.559698006 0.222555055 0.362157628
v -0.581203806 0.206850360 0.355879067
v -0.601779805 0.189979304 0.349470913
v -0.622170024 0.171668629 0.348684131
v -0.641925279 0.152699568 0.348826829
v -0.661042219 0.134039820 0.354926498
v -0.679871247 0.114807043 0.359837529
v -0.697871412 0.094237816 0.358051408
v -0.714730376 0.073055806 0.353978594
v -0.728496582 0.051885666 0.343423006
v -0.740714174 0.030225558 0.331902551
v -0.754182686 0.007311529 0.325351227
v -0.767340578 -0.016112234 0.319857964
v -0.781042517 -0.039620213 0.317400329
v -0.795964832 -0.062538908 0.319401665
v -0.809293618 -0.086327230 0.317899036
v -0.819357612 -0.110769080 0.310634284
v -0.828197710 -0.135409590 0.302487835
v -0.833247079 -0.159330108 0.290288221
v -0.834477808 -0.182076227 0.275033396
v -0.835738166 -0.205593622 0.261044374
v -0.839505672 -0.230667578 0.250638421
v -0.842817168 -0.255931161 0.240500544
v -0.848128403 -0.281713707 0.233011808
v -0.855461636 -0.307644908 0.227932330
v -0.861212746 -0.333589346 0.221312121
v -0.862082760 -0.358695132 0.210484272
v -0.860593538 -0.383168436 0.198202649
v -0.857514623 -0.407111271 0.185256261
v -0.849368326 -0.428198882 0.169851436
v -0.837995330 -0.447110982 0.153579088
v -0.826930336 -0.466798837 0.138059077
v -0.818888921 -0.489071874 0.124269227
v -0.810797748 -0.511501573 0.110726091
v -0.803816187 -0.534613599 0.097813624
v -0.800245503 -0.559247350 0.086325194
v -0.796615246 -0.583769247 0.074625749
v -0.789025976 -0.606407231 0.061302452
v -0.776734951 -0.626075871 0.046691215
v -0.763289820 -0.644885868 0.031946598
v -0.747475583 -0.661541768 0.017116163
v -0.727029508 -0.672857508 0.002837917
v -0.705250403 -0.682437524 -0.010796057
v -0.685267351 -0.694899361 -0.024723954
v -0.667441658 -0.710045822 -0.039035083
v -0.648954329 -0.724432141 -0.053291171
v -0.631931479 -0.740119355 -0.067913873
v -0.617833781 -0.758007303 -0.083179629
v -0.603321967 -0.775231824 -0.098795674
v -0.585123399 -0.788854169 -0.113965796
v -0.563655420 -0.798523181 -0.128009055
v -0.541429166 -0.806902219 -0.141694549
v -0.516914384 -0.810887893 -0.153104817
v -0.490976473 -0.810950524 -0.161967880
v -0.464999762 -0.810935177 -0.170725195
v -0.440222420 -0.814147471 -0.181920932
v -0.415950451 -0.818140408 -0.194041825
v -0.391626196 -0.821546888 -0.206213088
v -0.369829761 -0.828125906 -0.221430019
v -0.349056251 -0.835129126 -0.237890399
v -0.325891301 -0.838065443 -0.252029113
v -0.300669381 -0.836464460 -0.262652350
v -0.275298207 -0.833635258 -0.272658312
v -0.249461855 -0.827335665 -0.278929030
v -0.223800624 -0.817936765 -0.281074268
v -0.198152480 -0.808733763 -0.283931098
v -0.172649721 -0.801818879 -0.291181552
v -0.147368716 -0.794484962 -0.298866983
v -0.122876268 -0.787950476 -0.309089081
v -0.100030920 -0.783000202 -0.323421724
v -0.076590512 -0.775164311 -0.335029879
v -0.052471349 -0.763496118 -0.340823801
v -0.028692624 -0.750685233 -0.345513337
v -0.005843969 -0.735721947 -0.344134624
v 0.016173011 -0.719938117 -0.339893884
v 0.038692581 -0.704445038 -0.340327803
v 0.060976635 -0.688736085 -0.343266286
v 0.082345295 -0.673155705 -0.350194438
v 0.102437301 -0.657328905 -0.360055591
v 0.122469904 -0.639259417 -0.364159665
v 0.141990626 -0.620002122 -0.364453460
v 0.160502276 -0.600599007 -0.359621404
v 0.177980294 -0.581656554 -0.350300565
v 0.195646804 -0.560964374 -0.347536915
v 0.212512628 -0.539391428 -0.346512834
v 0.227413071 -0.516953116 -0.351426219
v 0.241422691 -0.493668333 -0.353937114
v 0.255355946 -0.470357871 -0.350152665
v 0.268932205 -0.448709418 -0.340558949
v 0.282032164 -0.427313812 -0.329671411
v 0.293575067 -0.402995480 -0.324455220
v 0.302802760 -0.377395928 -0.322797310
v 0.309671742 -0.350924295 -0.323029018
v 0.317661342 -0.325628402 -0.316120154
v 0.326825777 -0.303222180 -0.303493106
v 0.334728758 -0.279793417 -0.292082479
v 0.339497867 -0.253873799 -0.284673112
v 0.339144406 -0.226546522 -0.282827380
v 0.341289556 -0.200710605 -0.274047729
v 0.345960178 -0.177533071 -0.260502985
v 0.349121161 -0.153750239 -0.247688782
v 0.346495173 -0.127897973 -0.239561834
v 0.340616542 -0.102212803 -0.232608760
v 0.338584419 -0.077870322 -0.220284471
v 0.340188307 -0.055380720 -0.204823820
v 0.334170698 -0.031185291 -0.193618901
v 0.322275842 -0.008048217 -0.185226476
v 0.315776838 0.014892596 -0.171822805
v 0.313193243 0.037132265 -0.156384247
v 0.301681328 0.058706073 -0.144357973
v 0.286441413 0.078329685 -0.133214632
v 0.278482098 0.099639083 -0.118259294
v 0.268450879 0.120317702 -0.103764818
v 0.250199175 0.136441429 -0.091700839
v 0.234518949 0.153853735 -0.077663135
v 0.224350939 0.174194020 -0.062547422
v 0.206093842 0.188925134 -0.048786841
v 0.185771370 0.200632207 -0.035068055
v 0.171152772 0.218335218 -0.020414311
v 0.152766111 0.232375815 -0.006042893
v 0.130258244 0.238589458 0.008148675
v 0.111211667 0.251651887 0.022592903
v 0.091970125 0.264788909 0.036384881
v 0.069325151 0.267826768 0.051083938
v 0.047091543 0.273895553 0.065799842
v 0.026118538 0.286095093 0.078240352
v 0.003141167 0.288733211 0.092628038
v -0.019456139 0.287376656 0.107760020
v -0.042928236 0.293913703 0.119888399
v -0.066927846 0.297014734 0.132346100
v -0.088494669 0.290991920 0.147764638
v -0.112039439 0.288628929 0.161503372
v -0.137641799 0.291506948 0.170731097
v -0.161643109 0.287280313 0.183134084
v -0.181512171 0.276920414 0.198869768
v -0.205175641 0.270454201 0.211081805
v -0.231504522 0.267464769 0.217961414
v -0.255188384 0.258801240 0.228578384
v -0.273515525 0.245370841 0.243798958
v -0.295161428 0.233561043 0.255598369
v -0.319809718 0.223871740 0.261686411
v -0.343500691 0.212147480 0.267969104
v -0.363671684 0.197074690 0.278510801
v -0.379699068 0.180246551 0.293006003
v -0.399833731 0.163939919 0.301922831
v -0.422185263 0.148454848 0.304267854
v -0.443035942 0.131207353 0.307430898
v -0.461253758 0.111954418 0.314393598
v -0.475287166 0.092147161 0.327038984
v -0.490697979 0.071694591 0.336373649
v -0.507504213 0.050559177 0.340883302
v -0.524972808 0.029666294 0.337959172
v -0.540508066 0.007241417 0.338133151
v -0.554286404 -0.016216438 0.341560102
v -0.565540232 -0.039239007 0.350989954
v -0.576390714 -0.062624871 0.359934136
v -0.588001130 -0.087372636 0.362056339
v -0.598835682 -0.112382687 0.360665088
v -0.608357856 -0.136902914 0.352950725
v -0.616705845 -0.162610034 0.348991960
v -0.624169186 -0.188988459 0.348331860
v -0.631023294 -0.215163982 0.352189984
v -0.637497493 -0.240967056 0.358810651
v -0.642913449 -0.267724440 0.359445126
v -0.647053382 -0.294692744 0.356694478
v -0.649510138 -0.321155962 0.350446170
v -0.649356463 -0.345895002 0.338650202
v -0.648367342 -0.371250339 0.328365935
v -0.647888437 -0.398110275 0.322869952
v -0.646860731 -0.425071199 0.318098399
v -0.647209141 -0.452463346 0.318413106
v -0.647435522 -0.479858934 0.319260306
v -0.644855709 -0.506667312 0.314651241
v -0.640194272 -0.532558399 0.306911128
v -0.634069249 -0.557594635 0.297721784
v -0.624339202 -0.578698794 0.283293372
v -0.612895039 -0.598184559 0.267769694
v -0.602603188 -0.620587594 0.255938260
v -0.592744139 -0.644143839 0.245943788
v -0.582385032 -0.667531487 0.236098014
v -0.574208972 -0.692883190 0.229710106
v -0.566792613 -0.718754968 0.224460719
v -0.557047415 -0.743061374 0.216541489
v -0.543753093 -0.763932346 0.204772231
v -0.529376032 -0.783676090 0.192308045
v -0.512632715 -0.799693410 0.177813561
v -0.493586721 -0.810918351 0.161617273
v -0.473875457 -0.821339187 0.145659954
v -0.455068002 -0.835115357 0.131304929
v -0.436830052 -0.850569930 0.117869434
v -0.418067364 -0.865261150 0.104301506
v -0.401150122 -0.883003426 0.092152497
v -0.386039753 -0.903017598 0.081057419
v -0.369503723 -0.921063851 0.068815253
v -0.349574766 -0.933214809 0.054558409
v -0.328536858 -0.942865213 0.039852168
v -0.306962206 -0.951038822 0.025053994
v -0.283986043 -0.953257323 0.010356483
v -0.260494875 -0.951223215 -0.003631608
v -0.236842016 -0.949399711 -0.017368604
v -0.213498244 -0.951602255 -0.031515173
v -0.190327126 -0.954883145 -0.045808990
v -0.167048183 -0.957386815 -0.060083195
v -0.145079422 -0.963967069 -0.075029625
v -0.124224766 -0.972716275 -0.090537613
v -0.102438485 -0.978223717 -0.106128798
v -0.079217240 -0.976920034 -0.120543042
v -0.055848538 -0.973336491 -0.134436823
v -0.032549416 -0.967753976 -0.147687776
v -0.009831612 -0.956581658 -0.158064007
v 0.012183624 -0.942580879 -0.166503596
v 0.034521481 -0.929683497 -0.175735826
v 0.057396895 -0.920259431 -0.187528499
v 0.080084277 -0.910567470 -0.199500854
v 0.102497494 -0.902772498 -0.213146487
v 0.124230437 -0.897743103 -0.229092483
v 0.145652861 -0.890977589 -0.244759151
v 0.166763549 -0.878798125 -0.257120186
v 0.187245458 -0.863751579 -0.267419897
v 0.207080422 -0.847283512 -0.276652004
v 0.224812630 -0.826787388 -0.280299214
v 0.241393057 -0.804983035 -0.281566355
v 0.259212796 -0.784930585 -0.286821407
v 0.277365021 -0.765980008 -0.294781535
v 0.294987472 -0.746700113 -0.303065798
v 0.312383574 -0.729779329 -0.315773801
v 0.328923297 -0.712616988 -0.329301089
v 0.344239664 -0.691723901 -0.337942697
v 0.358371596 -0.668822534 -0.343215020
v 0.371112248 -0.644726009 -0.344864841
v 0.382019934 -0.619886484 -0.340929812
v 0.392988317 -0.594901887 -0.338801985
v 0.404297306 -0.570098886 -0.341771851
v 0.414802785 -0.545019873 -0.345179412
v 0.424479005 -0.520995745 -0.354075976
v 0.432847097 -0.496413392 -0.362743056
v 0.440054107 -0.470051194 -0.364372149
v 0.446280398 -0.443432562 -0.363148282
v 0.451665806 -0.417845519 -0.354984971
v 0.456507249 -0.391785458 -0.348308669
v 0.460326268 -0.364673134 -0.346811541
v 0.462663702 -0.337526093 -0.348084003
v 0.462776222 -0.310783542 -0.354049203
v 0.462797845 -0.283522771 -0.352269577
v 0.462403724 -0.256646590 -0.347118406
v 0.463074659 -0.231918784 -0.335333894
v 0.461849363 -0.205922343 -0.327182533
v 0.458141788 -0.179141413 -0.322895829
v 0.450765443 -0.152790264 -0.324317267
v 0.443998037 -0.126720692 -0.319982756
v 0.438043286 -0.101433615 -0.311431804
v 0.434888661 -0.078116669 -0.297372819
v 0.427295803 -0.053459522 -0.288310912
v 0.415292637 -0.029416166 -0.283922714
v 0.401784911 -0.006257579 -0.279110462
v 0.390958007 0.016627708 -0.268696917
v 0.384651731 0.038397337 -0.253337387
v 0.371837522 0.060233330 -0.242880122
v 0.353469904 0.079549104 -0.237006441
v 0.336981686 0.098953772 -0.227181063
v 0.325920909 0.119019796 -0.212415585
v 0.311615711 0.138066808 -0.199235882
v 0.290939033 0.153155618 -0.190278495
v 0.270991269 0.168038741 -0.179243165
v 0.256610300 0.185572450 -0.164149751
v 0.239063871 0.201120042 -0.150298168
v 0.215388322 0.209974935 -0.140055041
v 0.194402066 0.221325640 -0.126640466
v 0.178076236 0.236796576 -0.111063385
v 0.155904350 0.245438708 -0.097761520
v 0.131926927 0.249096418 -0.085354276
v 0.111747445 0.259531298 -0.070426999
v 0.090477210 0.268048747 -0.055885620
v 0.066653642 0.266732256 -0.042739475
v 0.043922372 0.270429224 -0.028055280
v 0.022106485 0.277792550 -0.013619614
v -0.000864208 0.274933294 0.000545358
v -0.023536888 0.271034207 0.015137266
v -0.046759004 0.275266186 0.028896498
v -0.069632085 0.271289764 0.043239439
v -0.090117095 0.261299844 0.058110752
v -0.113604226 0.258866101 0.071658691
v -0.136909979 0.254373468 0.084871557
v -0.155060263 0.240913992 0.100125921
v -0.176243100 0.230978997 0.114336056
v -0.200584179 0.225235445 0.125358891
v -0.219816566 0.211886818 0.139314987
v -0.235480841 0.195639940 0.154585223
v -0.256681513 0.183185745 0.166249822
v -0.278261118 0.170291136 0.176381211
v -0.293240215 0.152495286 0.190424544
v -0.306846806 0.133860213 0.204873845
v -0.326053051 0.117044126 0.214316338
v -0.344695941 0.099138690 0.222721799
v -0.357643085 0.078609779 0.235124617
v -0.366509429 0.057468060 0.249971221
v -0.380440722 0.036019463 0.259698143
v -0.397333775 0.014809292 0.263589250
v -0.408961495 -0.008404337 0.272321269
v -0.415199360 -0.031214626 0.285759386
v -0.422159619 -0.054735515 0.297517832
v -0.431478061 -0.079465962 0.304537835
v -0.442624166 -0.104497170 0.304997051
v -0.449566399 -0.130353142 0.310599631
v -0.453129178 -0.155502138 0.320470134
v -0.454628687 -0.179815021 0.332941258
v -0.458098867 -0.206315229 0.339013955
v -0.461713213 -0.233278621 0.340698961
v -0.465087723 -0.260258919 0.337302423
v -0.465527905 -0.287518831 0.339762972
v -0.464231526 -0.314213854 0.345383185
v -0.461425294 -0.339320074 0.356037161
v -0.458651569 -0.365996458 0.361089156
v -0.455258272 -0.393157515 0.362672206
v -0.451249962 -0.419585306 0.357240109
v -0.445903263 -0.445360385 0.349746777
v -0.439092709 -0.471884295 0.348726842
v -0.431374324 -0.498171148 0.348688211
v -0.423606730 -0.523767457 0.354597805
v -0.415267524 -0.549311541 0.359793923
v -0.405354424 -0.574789162 0.358212566
v -0.394371683 -0.599572210 0.354339899
v -0.381981341 -0.621689196 0.344053238
v -0.368432115 -0.642484071 0.332422097
v -0.354305576 -0.664925619 0.325656631
v -0.339608859 -0.687423840 0.320196127
v -0.324977298 -0.710333712 0.317408415
v -0.311500844 -0.734132423 0.319392073
v -0.296656544 -0.757042687 0.318266563
v -0.279632510 -0.777291832 0.311088319
v -0.261872536 -0.796560330 0.303021726
v -0.243009582 -0.812283919 0.291054440
v -0.223420402 -0.823965446 0.275847941
v -0.203149213 -0.835803276 0.261723716
v -0.182629456 -0.850623509 0.251222171
v -0.161733819 -0.865161008 0.241023268
v -0.140918813 -0.880634846 0.232337978
v -0.121322863 -0.899157286 0.227398958
v -0.101301399 -0.916932740 0.221634240
v -0.079545255 -0.929782167 0.211250314
v -0.057151671 -0.939797767 0.198994063
v -0.034487459 -0.948301123 0.186149943
v -0.011985969 -0.951063787 0.170834033
v 0.010034911 -0.949747331 0.154551359
v 0.032555120 -0.948837573 0.138956531
v 0.056010079 -0.951852550 0.125116066
v 0.079645349 -0.955057094 0.111585138
v 0.103374755 -0.959301057 0.098596688
v 0.126903616 -0.967376058 0.087078389
v 0.150334179 -0.975572407 0.075443980
v 0.173938370 -0.979599446 0.062220149
v 0.197076443 -0.977865064 0.047625485
v 0.219976207 -0.974651958 0.032884898
v 0.242135452 -0.968575291 0.018052214
v 0.261702661 -0.955867131 0.003730422
v 0.280227339 -0.940956299 -0.009925731
v 0.300366699 -0.928715070 -0.023825903
v 0.322017396 -0.919857032 -0.038134865
v 0.343323084 -0.910127099 -0.052395695
v 0.365034345 -0.902036810 -0.066983841
v 0.387402329 -0.897659750 -0.082220871
v 0.409415829 -0.892851197 -0.097825399
v 0.430005735 -0.883300757 -0.113053523
v 0.448529743 -0.868799658 -0.127127128
v 0.466262246 -0.853025639 -0.140850855
v 0.481279103 -0.833345165 -0.152429669
v 0.493358133 -0.810426298 -0.161377511
v 0.505235965 -0.787300118 -0.170076477
v 0.519384209 -0.766642512 -0.181146107
v 0.534142822 -0.746975573 -0.193285904
v 0.548292686 -0.726806223 -0.205323917
v 0.563814305 -0.709640498 -0.219979528
v 0.579469865 -0.693950628 -0.236124047
v 0.593298164 -0.675609876 -0.250984212
v 0.603874027 -0.652952531 -0.262140035
v 0.613106753 -0.629175019 -0.272205189
v 0.619546097 -0.603421755 -0.278679452
v 0.623068527 -0.576329354 -0.280906003
v 0.626638251 -0.549295962 -0.283626369
v 0.632212568 -0.523444770 -0.290788474
v 0.637384005 -0.497642402 -0.298500363
v 0.642797630 -0.472780616 -0.308496900
v 0.648957151 -0.450216293 -0.322805184
v 0.652947463 -0.425944372 -0.334692067
v 0.653748411 -0.399180913 -0.340562593
v 0.653371944 -0.372185001 -0.345322738
v 0.650703813 -0.345003026 -0.344237946
v 0.646836753 -0.318192267 -0.339981468
v 0.643421964 -0.291072280 -0.340167293
v 0.639774519 -0.264054451 -0.343120085
v 0.635785019 -0.237844263 -0.349778901
v 0.631053758 -0.212734513 -0.359711476
v 0.624307767 -0.186667933 -0.364127581
v 0.616241117 -0.160460906 -0.364453617
v 0.607537290 -0.135030426 -0.359986814
v 0.598793263 -0.110805740 -0.350602759
v 0.588618755 -0.085612726 -0.347604680
v 0.577285677 -0.060683594 -0.346465643
v 0.564296429 -0.037059583 -0.351201299
v 0.550087641 -0.013924006 -0.354061280
v 0.535822976 0.009202101 -0.350384541
v 0.522404150 0.031347391 -0.341988907
v 0.509963139 0.052624363 -0.330113863
v 0.493794331 0.074095686 -0.324745017
v 0.475475592 0.094189827 -0.322752551
v 0.455125369 0.112472765 -0.323248601
v 0.436289896 0.131222321 -0.316562903
v 0.420404596 0.149680206 -0.304254500
v 0.403527089 0.167546734 -0.292515164
v 0.382840689 0.183825612 -0.284947684
v 0.358487578 0.196201426 -0.283074413
v 0.336416919 0.209935782 -0.274584539
v 0.317715124 0.224657624 -0.261340589
v 0.298373055 0.238591859 -0.248245295
v 0.274400282 0.248448445 -0.239848466
v 0.248732371 0.254893239 -0.233236391
v 0.226028369 0.264188195 -0.221088322
v 0.206931183 0.276104869 -0.205526894
v 0.182847118 0.282230483 -0.194113690
v 0.156749962 0.282238003 -0.185896916
v 0.133216146 0.286786050 -0.172674797
v 0.112448430 0.295039339 -0.157091853
v 0.088041893 0.295163127 -0.144897712
v 0.063537740 0.290387347 -0.133973914
v 0.040835166 0.292772619 -0.119127593
v 0.017973925 0.293868875 -0.104521040
v -0.004819235 0.285510412 -0.092360653
v -0.027456415 0.279132291 -0.078491878
v -0.050198744 0.279648096 -0.063337272
v -0.071890739 0.270748029 -0.049478698
v -0.091503209 0.257750256 -0.035880410
v -0.113846406 0.252592711 -0.021204120
v -0.135022132 0.243338728 -0.006826506
v -0.150873246 0.226148901 0.007332445
v -0.170873928 0.214607178 0.021913938
v -0.191857385 0.204252924 0.035643872
v -0.205304936 0.185788529 0.050304507
v -0.220615232 0.168626224 0.065065471
v -0.241176583 0.155717350 0.077523663
v -0.254534969 0.136730619 0.091831639
v -0.263423644 0.115940516 0.107026771
v -0.279747470 0.097985886 0.119346683
v -0.293923502 0.078318028 0.131656245
v -0.299384576 0.056425993 0.146806725
v -0.307319687 0.034397443 0.160872498
v -0.321547685 0.013006875 0.170241184
v -0.329497541 -0.010227601 0.182303538
v -0.329291532 -0.032537859 0.198083109
v -0.334150646 -0.056447757 0.210545515
v -0.343609617 -0.081159985 0.217537880
v -0.347117532 -0.106195606 0.227962382
v -0.343872918 -0.128760410 0.243009052
v -0.343167722 -0.153273982 0.255037234
v -0.345692646 -0.179537996 0.261519827
v -0.346529817 -0.206023532 0.267480098
v -0.342647699 -0.231025148 0.277789066
v -0.335038142 -0.252916004 0.292410324
v -0.329785380 -0.278214131 0.301518141
v -0.326232234 -0.305119714 0.304234522
v -0.320747223 -0.331658214 0.307068360
v -0.312135699 -0.356767266 0.313914476
v -0.301078947 -0.378464614 0.326384479
v -0.289980437 -0.401396069 0.336071467
v -0.278950732 -0.426014696 0.340812813
v -0.268463883 -0.451160439 0.338096631
v -0.255838460 -0.475341684 0.337941739
v -0.241405205 -0.498408290 0.341336963
v -0.226158314 -0.519133056 0.350436279
v -0.210435368 -0.539423731 0.359748492
v -0.193844685 -0.561137716 0.361965672
v -0.176636193 -0.582311546 0.360927027
v -0.159283061 -0.602109082 0.353295017
v -0.140384394 -0.621361682 0.349013447
v -0.120434065 -0.640163531 0.348333977
v -0.100327271 -0.658324030 0.351911701
v -0.080428478 -0.675956591 0.358602311
v -0.059225588 -0.693124696 0.359572348
v -0.037217865 -0.709258063 0.356857581
v -0.014847412 -0.723762433 0.350929945
v 0.007179947 -0.735100023 0.339209466
v 0.030086945 -0.745861320 0.328760713
v 0.054125651 -0.757791285 0.323156343
v 0.078521974 -0.769277044 0.318278035
v 0.102699940 -0.782148217 0.318417948
v 0.126892276 -0.795000428 0.319356851
v 0.151857218 -0.805217350 0.315047823
v 0.176981443 -0.813047181 0.307336783
v 0.202058711 -0.819276293 0.298307068
v 0.225354462 -0.820538167 0.284039777
v 0.247880221 -0.819355676 0.268452173
v 0.272430016 -0.820412973 0.256453069
v 0.297885237 -0.822553731 0.246481304
v 0.323393530 -0.824076671 0.236559696
v 0.349650203 -0.828392366 0.230061044
v 0.376032757 -0.833747208 0.224844074
v 0.402126450 -0.836454778 0.217084693
v 0.426828414 -0.834408490 0.205422053
v 0.451013863 -0.830827738 0.193002974
v 0.473092512 -0.823556424 0.178614808
v 0.491897806 -0.811913277 0.162432497
v 0.510163209 -0.799176768 0.146431326
v 0.530948966 -0.788709748 0.132007028
v 0.553089084 -0.779677622 0.118582318
v 0.574750344 -0.769764186 0.104998695
v 0.597900117 -0.762156452 0.092521012
v 0.622322572 -0.757162472 0.081093951
v 0.646125989 -0.751042465 0.068983802
v 0.667063225 -0.740242470 0.055109427
v 0.685338506 -0.726035702 0.040406094
v 0.702578687 -0.710697577 0.025611139
v 0.715245358 -0.691417092 0.010901809
v 0.724313109 -0.669667124 -0.003107624
v 0.733543854 -0.647814517 -0.016846987
v 0.746169581 -0.628052557 -0.030984653
v 0.759776242 -0.609014355 -0.045280830
v 0.772717804 -0.589501233 -0.059552870
v 0.788592475 -0.572938452 -0.074478768
v 0.805974608 -0.558455506 -0.089972953
v 0.821006374 -0.541756034 -0.105573003
v 0.830644403 -0.520614491 -0.120017401
v 0.838251693 -0.498234850 -0.133919101
v 0.844118707 -0.475027847 -0.147215651
v 0.844776105 -0.449752823 -0.157668766
v 0.842504491 -0.423769474 -0.166130908
v 0.841272954 -0.397987411 -0.175317885
v 0.843401354 -0.373324803 -0.187077923
v 0.845271832 -0.348730676 -0.199061840
v 0.848585150 -0.325184900 -0.212625282
v 0.854135784 -0.303565672 -0.228552742
v 0.858086894 -0.281480012 -0.244265248
v 0.857120573 -0.257178882 -0.256725206
v 0.853221207 -0.232071458 -0.267040209
v 0.847831392 -0.206891013 -0.276372816
v 0.837886229 -0.181699641 -0.280147798
v 0.826161994 -0.156942976 -0.281414002
v 0.816479801 -0.131894905 -0.286516609
v 0.808039164 -0.107052966 -0.294493033
v 0.799022123 -0.082517074 -0.302720606
v 0.791979078 -0.059244843 -0.315334064
v 0.784419487 -0.036667413 -0.328907933
v 0.773044626 -0.013465784 -0.337734122
v 0.759247581 0.009633933 -0.343028222
v 0.743786613 0.032071358 -0.344883292
v 0.726768969 0.053207266 -0.340999213
v 0.709624426 0.074427085 -0.338711972
v 0.692826612 0.095897855 -0.341662747
v 0.675402386 0.116787513 -0.344996516
v 0.658522806 0.136479038 -0.353775298
v 0.640622463 0.155232305 -0.362585790
v 0.620573236 0.173781720 -0.364359962
v 0.599812374 0.191594245 -0.363315370
v 0.579558502 0.208179268 -0.355256179
v 0.558704085 0.224470196 -0.348383380
v 0.536412714 0.240366809 -0.346873500
v 0.513409965 0.255003451 -0.347933957
v 0.489752650 0.267443151 -0.353979950
v 0.465558075 0.280008670 -0.352410952
v 0.441472525 0.292040671 -0.347436437
v 0.419793203 0.304026229 -0.335732535
v 0.396255514 0.314963443 -0.327370671
v 0.370815053 0.324082085 -0.322948038
v 0.344041611 0.329731021 -0.324352068
v 0.317744492 0.335682124 -0.320248872
v 0.292482989 0.342002308 -0.311857196
v 0.270324927 0.349946604 -0.297815314
v 0.245022608 0.354663264 -0.288613788
v 0.218193380 0.355259803 -0.284017698
v 0.191365783 0.353823674 -0.279467042
v 0.165987554 0.354668445 -0.269199845
v 0.143786228 0.359146213 -0.253802583
v 0.118544136 0.357965498 -0.243245266
v 0.092934725 0.350753500 -0.237229295
v 0.068088623 0.344899981 -0.227615229
v 0.045112153 0.344130192 -0.212993896
v 0.021669574 0.340450809 -0.199678329
v -0.001431487 0.329729319 -0.190215701
v -0.023748878 0.318231147 -0.179690220
v -0.045945048 0.313335147 -0.164692294
v -0.067843305 0.305175423 -0.150747869
v -0.086720207 0.288647778 -0.140378518
v -0.106311705 0.274895321 -0.127183942
v -0.127550100 0.267488913 -0.111618701
v -0.145641307 0.252105203 -0.098208083
v -0.159825665 0.232345117 -0.085903802
v -0.178239760 0.218981911 -0.071007293
v -0.195790569 0.204335095 -0.056427519
v -0.205780591 0.182710657 -0.043266309
v -0.218923607 0.163705109 -0.028628182
v -0.235997705 0.148241361 -0.014199266
v -0.244380114 0.126657771 -0.000015568
v -0.251096964 0.104644159 0.014540259
v -0.265427872 0.085940888 0.028338608
v -0.272861037 0.063915134 0.042647531
v -0.273232437 0.041106089 0.057520757
v -0.281628710 0.019090824 0.071174207
v -0.288714985 -0.003588389 0.084308816
v -0.285358593 -0.025933441 0.099508711
v -0.286021454 -0.049256727 0.113813692
v -0.292256457 -0.073499804 0.124833647
v -0.289570482 -0.096836872 0.138691326
v -0.282170111 -0.118118420 0.154044222
v -0.280648734 -0.142587529 0.165904539
v -0.279451514 -0.167761552 0.175880364
v -0.270790669 -0.189454189 0.189784730
v -0.260346707 -0.209927449 0.204379975
v -0.254102535 -0.234598603 0.214050533
v -0.247033714 -0.259524157 0.222274850
v -0.234921730 -0.280673649 0.234520197
v -0.220164927 -0.298123952 0.249507259
v -0.207475044 -0.320255900 0.259427640
v -0.196473992 -0.345033731 0.263356092
v -0.181331466 -0.366156788 0.271958897
v -0.164019052 -0.382425600 0.285169776
v -0.146327698 -0.399235374 0.297172864
v -0.128649607 -0.418826608 0.304377601
v -0.111606454 -0.440280172 0.304877734
v -0.091911878 -0.458445351 0.310334612
v -0.071233041 -0.473346743 0.319982044
v -0.050370583 -0.485798496 0.332594291
v -0.028467053 -0.501051412 0.338794285
v -0.006184522 -0.516638035 0.340770066
v 0.016169641 -0.532110869 0.337319812
v 0.040131369 -0.545123547 0.339630753
v 0.064444975 -0.556342260 0.345048164
v 0.088015287 -0.565419257 0.355714326
v 0.112927618 -0.575211926 0.361008067
v 0.138589196 -0.584729045 0.362660922
v 0.163930060 -0.593381767 0.357510162
v 0.189226903 -0.600538941 0.349878989
v 0.215891127 -0.606734787 0.348755531
v 0.242779020 -0.612003447 0.348629793
v 0.269100464 -0.616899539 0.354400375
v 0.295582818 -0.621284449 0.359774972
v 0.322762554 -0.624254632 0.358322287
v 0.349838243 -0.625965853 0.354574965
v 0.375240350 -0.625227985 0.344455320
v 0.399911654 -0.622798211 0.332758426
v 0.426299213 -0.620580049 0.325864531
v 0.453045218 -0.617922590 0.320426335
v 0.480055846 -0.615250050 0.316999176
v 0.507417242 -0.613882487 0.318149300
v 0.534688587 -0.611518142 0.317700928
v 0.560743036 -0.606073544 0.311315519
v 0.586043787 -0.599207555 0.303282268
v 0.608755041 -0.589757674 0.291403161
v 0.628180298 -0.577778491 0.276219860
v 0.647984421 -0.565228429 0.262045270
v 0.670567745 -0.553827809 0.251512589
v 0.693109363 -0.541990769 0.241327081
v 0.716388328 -0.530597544 0.232579710
v 0.741841281 -0.521709900 0.227620442
v 0.766866751 -0.512159269 0.221910614
v 0.788363440 -0.498826265 0.211606673
v 0.807581696 -0.483572405 0.199360282
v 0.825631052 -0.467406614 0.186552832
v 0.838531712 -0.448738718 0.171265693
v 0.847526169 -0.428598582 0.154979303
v 0.857042938 -0.408183264 0.139361074
v 0.870492056 -0.388743018 0.125506549
v 0.884239303 -0.369247738 0.111981334
v 0.898881630 -0.350110732 0.098972100
v 0.916862712 -0.332924519 0.087448997
v 0.934963872 -0.315920278 0.075839158
v 0.949505117 -0.296866020 0.062648984
v 0.958658924 -0.275540863 0.048060482
v 0.966368315 -0.253738625 0.033321560
v 0.971261520 -0.231287335 0.018489691
v 0.969089242 -0.208072476 0.004150256
v 0.964388772 -0.184767702 -0.009516456
v 0.962717586 -0.161254725 -0.023410674
v 0.964825131 -0.137957251 -0.037719600
v 0.966020984 -0.114566866 -0.051982619
v 0.968778713 -0.091555112 -0.066560183
v 0.975170242 -0.069670731 -0.081786626
v 0.981087334 -0.047924323 -0.097385724
v 0.982201875 -0.025264317 -0.112631439
v 0.977899312 -0.002143522 -0.126716237
v 0.972101378 0.020862870 -0.140454013
v 0.961643865 0.043271953 -0.152088851
v 0.946895864 0.064557731 -0.161068390
v 0.931811621 0.085738614 -0.169754360
v 0.919935758 0.107798646 -0.180788158
v 0.909293322 0.129960021 -0.192936837
v 0.897900931 0.151810635 -0.204967200
v 0.889751316 0.173501340 -0.219574509
v 0.883059042 0.194631052 -0.235720101
v 0.873233331 0.215360221 -0.250629556
v 0.858051013 0.235196210 -0.261835140
v 0.841228730 0.254355371 -0.271930132
v 0.821394931 0.271966340 -0.278500341
v 0.798983419 0.287584082 -0.280768364
v 0.776603392 0.303176818 -0.283430559
v 0.756205148 0.320021727 -0.290555490
v 0.735698347 0.336506246 -0.298282811
v 0.716075453 0.352754821 -0.308196471
v 0.698877293 0.368631092 -0.322476284
v 0.679264012 0.383382519 -0.334496840
v 0.655894238 0.396432391 -0.340405551
v 0.631773590 0.408547232 -0.345204033
v 0.606431943 0.418735433 -0.344263415
v 0.580852461 0.427648362 -0.340002861
v 0.555200454 0.437089044 -0.340071868
v 0.529545026 0.446306790 -0.343040996
v 0.504412647 0.454850078 -0.349564457
v 0.479966590 0.462238408 -0.359534908
v 0.453753745 0.468274463 -0.364108329
v 0.426779531 0.473199774 -0.364453313
v 0.400045590 0.477195115 -0.360719469
v 0.374350683 0.480574604 -0.351766402
v 0.347479316 0.483190823 -0.347637569
v 0.320132256 0.484629087 -0.346457534
v 0.293170905 0.484010565 -0.351127935
v 0.266101202 0.482048962 -0.354126925
v 0.238999807 0.480042559 -0.350482985
v 0.213114604 0.478292712 -0.342239187
v 0.188526924 0.477075692 -0.330294012
v 0.162031065 0.472645035 -0.324872965
v 0.135748288 0.465702911 -0.322763564
v 0.110147834 0.456050023 -0.323357962
v 0.084821142 0.447949103 -0.316740956
v 0.061081194 0.442268733 -0.304565088
v 0.037477792 0.435611329 -0.292705719
v 0.013488517 0.424799132 -0.285087444
v -0.008734764 0.408922334 -0.283201434
v -0.031087082 0.395598732 -0.274821414
v -0.052782427 0.385663438 -0.261692390
v -0.074061770 0.375043758 -0.248491463
v -0.093911909 0.358411900 -0.239993498
v -0.111423003 0.338509128 -0.233513834
v -0.130117630 0.322559628 -0.221433960
v -0.149503113 0.311136914 -0.205848969
v -0.166120348 0.292712764 -0.194341737
v -0.178127648 0.269506865 -0.186193084
v -0.192944120 0.250600621 -0.173044589
v -0.209908011 0.236075496 -0.157405100
v -0.221376156 0.214549873 -0.145151455
v -0.228342717 0.190528046 -0.134309731
v -0.240806095 0.171362243 -0.119507471
v -0.252449175 0.151699830 -0.104855574
v -0.255697721 0.127671014 -0.092650456
v -0.260272656 0.104563457 -0.078856429
v -0.271259599 0.084640839 -0.063686594
v -0.273555106 0.061310380 -0.049791766
v -0.270908524 0.037898701 -0.036239748
v -0.276473569 0.015662865 -0.021554058
v -0.278269309 -0.007369608 -0.007174050
v -0.270284531 -0.029359004 0.006971310
v -0.269080298 -0.052414633 0.021580688
v -0.269740117 -0.075819786 0.035294810
v -0.259706472 -0.096341671 0.049940158
v -0.251372314 -0.117754628 0.064715897
v -0.249405439 -0.141950304 0.077188281
v -0.238855429 -0.162664827 0.091463235
v -0.224402456 -0.180045524 0.106681485
v -0.215869106 -0.202717734 0.119085186
v -0.205093165 -0.224457718 0.131331347
v -0.188268278 -0.239531119 0.146425606
v -0.172293659 -0.256577226 0.160559557
v -0.159835935 -0.279007408 0.169991878
v -0.142952993 -0.296872157 0.181989809
v -0.123075989 -0.307019533 0.197739505
v -0.104074730 -0.322266586 0.210265604
v -0.086491814 -0.341999925 0.217333002
v -0.065928100 -0.356747334 0.227681839
v -0.044407078 -0.364358979 0.242659763
v -0.022335759 -0.374925570 0.254779761
v -0.000044217 -0.388837947 0.261889066
v 0.023013308 -0.402266152 0.267291927
v 0.047006296 -0.410409120 0.277532873
v 0.069932232 -0.413716605 0.292177198
v 0.094788720 -0.420667796 0.301348690
v 0.120258723 -0.429521305 0.304801988
v 0.146262685 -0.437257186 0.306898401
v 0.172524958 -0.441216996 0.313702256
v 0.196905291 -0.441432494 0.326106292
v 0.222321658 -0.442091781 0.335929046
v 0.249243900 -0.443631714 0.340742454
v 0.276397745 -0.445905178 0.338127268
v 0.303676212 -0.445883225 0.337851790
v 0.330800943 -0.443711843 0.341238729
v 0.356259612 -0.439742596 0.350218805
v 0.381467200 -0.435120006 0.359668080
v 0.408379688 -0.430401145 0.361923040
v 0.435111010 -0.424881305 0.361014336
v 0.460688740 -0.418610647 0.353415153
v 0.486470366 -0.410723770 0.349023152
v 0.512350698 -0.401682293 0.348353616
v 0.537789182 -0.392059221 0.350622306
v 0.562458015 -0.382626052 0.357986431
v 0.587427221 -0.371816462 0.359643735
v 0.611891464 -0.359724344 0.356946766
v 0.635127868 -0.346572382 0.351170625
v 0.655368874 -0.332255189 0.339491181
v 0.675444820 -0.316894516 0.328967077
v 0.697093823 -0.301055679 0.323317370
v 0.718514888 -0.284687991 0.318395095
v 0.741057080 -0.269131637 0.318461662
v 0.763614038 -0.253589089 0.319445228
v 0.784237864 -0.236172433 0.315271422
v 0.802771018 -0.217483673 0.307574414
v 0.819911791 -0.198108305 0.298619150
v 0.831846863 -0.178015089 0.284423253
v 0.841166201 -0.157491560 0.268809904
v 0.853350219 -0.136190611 0.256742032
v 0.866989185 -0.114585922 0.246782047
v 0.880067500 -0.092643064 0.236832748
v 0.895949872 -0.071307276 0.230292049
v 0.912861411 -0.050356971 0.225093481
v 0.927347899 -0.028460667 0.217404765
v 0.936970741 -0.005598150 0.205789037
v 0.944954139 0.017517375 0.193381971
v 0.948794006 0.040478582 0.179048250
v 0.947168672 0.062541001 0.162871651
v 0.944261180 0.084608040 0.146855979
v 0.944475720 0.107860450 0.132400673
v 0.946674887 0.131674236 0.118982090
v 0.947853590 0.155466928 0.105398227
v 0.951693359 0.179518760 0.092898300
v 0.958500368 0.203501719 0.081476846
v 0.964096019 0.227452223 0.069398268
v 0.964254789 0.251028726 0.055550125
v 0.960078260 0.273797983 0.040848908
v 0.954440400 0.296176056 0.026056486
v 0.943263837 0.316344144 0.011338543
v 0.928174993 0.334430355 -0.002686786
v 0.913006298 0.352667317 -0.016429305
v 0.901223036 0.372945320 -0.030561742
v 0.890609716 0.393799504 -0.044859790
v 0.879248190 0.414273811 -0.059130742
v 0.871777335 0.435972213 -0.074042419
v 0.866931184 0.458079494 -0.089526216
v 0.859127282 0.479147768 -0.105131521
v 0.844874876 0.497478216 -0.119596774
v 0.828530767 0.514549105 -0.133504792
v 0.810690229 0.530486099 -0.146833327
v 0.788614978 0.542765724 -0.157340558
v 0.764514688 0.552723509 -0.165820557
v 0.741032192 0.563465309 -0.174979092
v 0.720098269 0.576693035 -0.186718453
v 0.699142291 0.589692722 -0.198711645
v 0.679703634 0.603442552 -0.212219938
v 0.663065585 0.618334310 -0.228135091
v 0.645338723 0.632054484 -0.243879638
v 0.623391342 0.642448656 -0.256409080
v 0.599319097 0.650563966 -0.266736410
v 0.574557487 0.657479324 -0.276216675
v 0.547794242 0.660764696 -0.280826334
v 0.520455079 0.662007827 -0.282559595
v 0.493465106 0.664269530 -0.286524254
v 0.467450430 0.668107676 -0.294299815
v 0.441508330 0.671397342 -0.302500974
v 0.417582628 0.675856604 -0.315067566
v 0.394079166 0.679569358 -0.328667792
v 0.368282544 0.680207989 -0.337593677
v 0.341426405 0.678610947 -0.342902321
v 0.314437856 0.675575393 -0.346042342
v 0.287893265 0.670150708 -0.342023764
v 0.261318315 0.664492200 -0.338742635
v 0.234518375 0.659459487 -0.341561635
v 0.207939282 0.653618139 -0.344830002
v 0.182651651 0.647710684 -0.353503915
v 0.157781718 0.640505123 -0.362413049
v 0.132091473 0.631288465 -0.364348355
v 0.106703878 0.621074434 -0.363432175
v 0.082622898 0.610724213 -0.355500265
v 0.058584671 0.599749579 -0.348451222
v 0.034198621 0.587304432 -0.346930392
v 0.010572781 0.573665218 -0.347800349
v -0.011371214 0.558427644 -0.353919722
v -0.033663276 0.542729253 -0.352541241
v -0.055455536 0.526861654 -0.347706187
v -0.076099114 0.513099516 -0.336096049
v -0.096646736 0.497346583 -0.327544148
v -0.116497976 0.479022248 -0.323009705
v -0.133891715 0.457900407 -0.324359574
v -0.151259605 0.437244757 -0.320494322
v -0.168501831 0.417656355 -0.312247547
v -0.185762236 0.401621632 -0.298243672
v -0.201652337 0.381461808 -0.288893336
v -0.214663946 0.358028586 -0.284108682
v -0.225674915 0.333466520 -0.279796200
v -0.238090629 0.311263205 -0.269629312
v -0.252300074 0.293619954 -0.254237546
v -0.262955620 0.270753319 -0.243601756
v -0.268526639 0.244793191 -0.237437361
v -0.274657863 0.219954913 -0.228015486
v -0.284423474 0.199057342 -0.213532213
v -0.292138475 0.176709547 -0.200086902
v -0.293497129 0.151326482 -0.190486168
v -0.293397438 0.126154238 -0.180136627
v -0.299093711 0.104091378 -0.165236175
v -0.302173329 0.081000729 -0.151197361
v -0.296449579 0.056633050 -0.140733111
v -0.293041799 0.032885977 -0.127677223
v -0.296210904 0.010616707 -0.112122588
v -0.291225154 -0.012562149 -0.098614468
v -0.280045448 -0.034235851 -0.086402754
v -0.275993582 -0.056735216 -0.071557829
v -0.271776923 -0.079150719 -0.056871702
v -0.257352419 -0.098067583 -0.043695894
v -0.246310222 -0.118387032 -0.029094037
v -0.240582284 -0.140717663 -0.014649147
v -0.225482841 -0.158280998 -0.000450483
v -0.208882221 -0.174238007 0.014077050
v -0.198789483 -0.195489512 0.027908606
v -0.182954013 -0.212567533 0.042183482
v -0.162704662 -0.223238390 0.057094942
v -0.146913979 -0.240683136 0.070819280
v -0.130203988 -0.257601437 0.083902470
v -0.108993239 -0.265228509 0.098977939
v -0.088489689 -0.276157491 0.113391332
v -0.069872225 -0.292884049 0.124431770
v -0.047967809 -0.301546663 0.138192666
v -0.025670785 -0.304612205 0.153607507
v -0.003226984 -0.314340579 0.165621418
v 0.019614668 -0.325114288 0.175476299
v 0.042912695 -0.327651663 0.189272512
v 0.065827625 -0.327621421 0.203980803
v 0.090576015 -0.333286063 0.213830216
v 0.115961807 -0.338700207 0.221913894
v 0.140387144 -0.337847103 0.234049726
v 0.162603361 -0.332692622 0.249133901
v 0.188039357 -0.331533454 0.259204734
v 0.215093266 -0.333215142 0.263162975
v 0.240854065 -0.329612224 0.271665721
v 0.263404036 -0.321862250 0.284698849
v 0.286337375 -0.313810597 0.296893268
v 0.311827291 -0.307105824 0.304242128
v 0.338720170 -0.301879603 0.304800386
v 0.363963649 -0.292853432 0.310120716
v 0.386818553 -0.281417137 0.319598080
v 0.407416238 -0.268624036 0.332318792
v 0.431012896 -0.256207856 0.338616913
v 0.455087259 -0.243583361 0.340813023
v 0.479137286 -0.230911193 0.337325344
v 0.501754238 -0.215675328 0.339521360
v 0.522969021 -0.199275079 0.344788845
v 0.541880723 -0.182539094 0.355465159
v 0.562008889 -0.164953532 0.360942355
v 0.582283803 -0.146571303 0.362648981
v 0.601666629 -0.128048965 0.357701540
v 0.619682618 -0.108932956 0.349977745
v 0.637473025 -0.088136821 0.348778256
v 0.654540698 -0.066700338 0.348589072
v 0.671015982 -0.045574045 0.354256004
v 0.687108060 -0.024116383 0.359766216
v 0.702284240 -0.001370343 0.358410393
v 0.716308692 0.021872623 0.354757144
v 0.727422687 0.044777509 0.344761920
v 0.736632321 0.067771897 0.333018056
v 0.746793462 0.092196564 0.326031557
v 0.756771244 0.117157616 0.320611299
v 0.766804071 0.142365439 0.317087753
v 0.778175350 0.167289563 0.318197533
v 0.788688061 0.192571180 0.317870971
v 0.795902358 0.218210171 0.311565435
v 0.801495386 0.243835382 0.303570289
v 0.803657461 0.268388324 0.291794154
v 0.802018482 0.291169224 0.276639743
v 0.799969290 0.314489598 0.262402991
v 0.800225934 0.339768985 0.251832557
v 0.800124439 0.365235325 0.241661927
v 0.800663781 0.391124386 0.232839740
v 0.804465198 0.417809502 0.227854847
v 0.807564665 0.444430088 0.222208708
v 0.805733215 0.469693373 0.211998892
v 0.801063582 0.493786463 0.199763357
v 0.795097389 0.517298820 0.186997924
v 0.784551330 0.537420528 0.171746004
v 0.770840819 0.554696608 0.155457201
v 0.757071130 0.572500161 0.139810556
v 0.745980486 0.593362124 0.125937197
v 0.735025329 0.614556750 0.112418286
v 0.724722124 0.636325723 0.099383278
v 0.717714185 0.660187685 0.087853093
v 0.710996300 0.684112343 0.076271450
v 0.700878635 0.705872812 0.063120908
v 0.686193749 0.723847543 0.048539116
v 0.670408412 0.740748878 0.033802432
v 0.652795796 0.755509539 0.018971738
v 0.631248434 0.764371781 0.004612084
v 0.608404549 0.770932682 -0.009066223
v 0.586719873 0.780191015 -0.022952708
v 0.567009832 0.792789786 -0.037261425
v 0.546811703 0.804643331 -0.051526839
v 0.527606989 0.817632174 -0.066091818
v 0.511096376 0.833364734 -0.081306126
v 0.494552933 0.848676977 -0.096899194
v 0.475028032 0.860209747 -0.112165905
v 0.452544330 0.867078596 -0.126263541
v 0.429470896 0.872567468 -0.140017456
v 0.404798994 0.873715595 -0.151718120
v 0.379120941 0.870467462 -0.160734008
v 0.353371497 0.866797356 -0.169403036
v 0.328302943 0.866350024 -0.180393128
v 0.303735863 0.867130093 -0.192551562
v 0.279092258 0.867083661 -0.204578971
v 0.256039694 0.869770013 -0.219121550
v 0.234207429 0.873590002 -0.235268160
v 0.211320356 0.874508997 -0.250235465
v 0.186738121 0.870236869 -0.261498959
v 0.161985961 0.864154877 -0.271614861
v 0.137216568 0.854756256 -0.278310236
v 0.113025065 0.842078985 -0.280625657
v 0.088887422 0.829362446 -0.283237734
v 0.064540654 0.818979070 -0.290298263
v 0.040460122 0.808389738 -0.298042654
v 0.016980884 0.798401395 -0.307858389
v -0.005053123 0.790449876 -0.322104224
v -0.027162514 0.779940601 -0.334267608
v -0.049513164 0.765239635 -0.340232142
v -0.071384402 0.749433557 -0.345074187
v -0.092130667 0.731668069 -0.344300033
v -0.111821274 0.713067065 -0.340033686
v -0.132000453 0.694629231 -0.339966352
v -0.152007842 0.676115357 -0.342953456
v -0.171193157 0.657718662 -0.349326229
v -0.189026160 0.639455887 -0.359333009
v -0.206459632 0.619011227 -0.364086782
v -0.223269726 0.597348472 -0.364452702
v -0.239148336 0.575441537 -0.360899923
v -0.253987928 0.554189374 -0.351960252
v -0.268691146 0.531576875 -0.347681310
v -0.282587477 0.507978893 -0.346436436
v -0.294506189 0.483771371 -0.351005314
v -0.305221366 0.458851145 -0.354211068
v -0.315934055 0.433870089 -0.350614044
v -0.326288520 0.409999808 -0.342595115
v -0.336551723 0.387672433 -0.330544072
v -0.344861298 0.362149303 -0.325043546
v -0.350896860 0.335653832 -0.322759440
v -0.354108857 0.308478737 -0.323496257
v -0.358569680 0.282244448 -0.316978362
v -0.364386624 0.258451046 -0.304995116
v -0.369455239 0.234535623 -0.292959825
v -0.371021305 0.208295244 -0.285207071
v -0.367587149 0.181253356 -0.282744855
v -0.365585552 0.155127686 -0.275098279
v -0.366642467 0.131213746 -0.262109775
v -0.367163198 0.107506017 -0.248779166
v -0.362160389 0.082260726 -0.239671191
v -0.352017303 0.057593447 -0.233869706
v -0.346355040 0.033615716 -0.221898944
v -0.345205992 0.011158140 -0.206280398
v -0.336731728 -0.012102113 -0.194639392
v -0.321643872 -0.033462040 -0.186551380
v -0.311484162 -0.055313079 -0.173532638
v -0.306555808 -0.077079280 -0.157827844
v -0.292925234 -0.097271890 -0.145483572
v -0.274670763 -0.114466035 -0.134755851
v -0.262731011 -0.134120637 -0.120154680
v -0.251387847 -0.153740419 -0.105332560
v -0.231747387 -0.167885831 -0.093058733
v -0.213160469 -0.182426895 -0.079366757
v -0.200527468 -0.201344114 -0.064191710
v -0.181088331 -0.214420951 -0.050234961
v -0.158967442 -0.222676392 -0.036752311
v -0.141656805 -0.237683862 -0.022052901
v -0.122228709 -0.250148522 -0.007673088
v -0.099037580 -0.253225214 0.006456056
v -0.077926760 -0.262556470 0.021101108
v -0.057563757 -0.274165987 0.034797063
v -0.034730197 -0.274997778 0.049420312
v -0.011889384 -0.277197829 0.064217586
v 0.010476462 -0.286628021 0.076710596
v 0.033768752 -0.287089188 0.090935413
v 0.055804943 -0.282085104 0.106188768
v 0.079822884 -0.284741684 0.118718826
v 0.104109471 -0.285468419 0.130867970
v 0.125368761 -0.277704790 0.145876687
v 0.147718087 -0.271176713 0.160114026
v 0.173313893 -0.270385466 0.169642125
v 0.197038286 -0.263814404 0.181540771
v 0.215296902 -0.250942288 0.197222061
v 0.237455668 -0.240999381 0.209865933
v 0.262998465 -0.234421246 0.217070007
v 0.285686423 -0.223120831 0.227279781
v 0.302498378 -0.207602639 0.242146680
v 0.321894909 -0.192823564 0.254410896
v 0.344398651 -0.179369274 0.261744299
v 0.367072287 -0.165217696 0.266969758
v 0.385488281 -0.147719944 0.277082805
v 0.398967789 -0.128898491 0.291749054
v 0.416497780 -0.110038189 0.301058366
v 0.435997772 -0.091468571 0.304781279
v 0.454964907 -0.072034087 0.306659834
v 0.470618220 -0.050564239 0.313429644
v 0.482141502 -0.029007685 0.325684896
v 0.494323203 -0.006788147 0.335728167
v 0.508075918 0.016389009 0.340653624
v 0.522606209 0.039447556 0.338195086
v 0.535220505 0.063633927 0.337725257
v 0.545815217 0.088701382 0.341094849
v 0.554283586 0.113380648 0.349152573
v 0.561696520 0.137835197 0.358992630
v 0.569807793 0.163833506 0.361873747
v 0.577230577 0.190113408 0.361124472
v 0.583468538 0.215710088 0.353564685
v 0.588359767 0.242201835 0.349034105
v 0.592264690 0.269336885 0.348379862
v 0.595438906 0.296363736 0.350511503
v 0.598426712 0.322601754 0.357888494
v 0.600354942 0.349729785 0.359711424
v 0.600901105 0.377015412 0.357030910
v 0.599963431 0.403724510 0.351368169
v 0.596613034 0.428317665 0.339754863
v 0.592226593 0.453184083 0.329161487
v 0.588136444 0.479683859 0.323470343
v 0.583466977 0.506229132 0.318507986
v 0.580013657 0.533397949 0.318507479
v 0.576618753 0.560578893 0.319532785
v 0.570712086 0.586937355 0.315483997
v 0.562668853 0.612002456 0.307800400
v 0.553403341 0.636184892 0.298914022
v 0.541104034 0.656101579 0.284784004
v 0.527190214 0.673820417 0.269153019
v 0.513870329 0.694389666 0.257016723
v 0.500984533 0.716456902 0.247067984
v 0.487519641 0.738155217 0.237093816
v 0.475864626 0.762053236 0.230515295
v 0.465061312 0.786718910 0.225334256
v 0.452339361 0.809707481 0.217710710
v 0.436508849 0.828826699 0.206138258
v 0.419676456 0.846573791 0.193740497
v 0.401103790 0.860659380 0.179455778
v 0.380786286 0.869424782 0.163288256
v 0.359866736 0.877004617 0.147262318
v 0.339311824 0.887833481 0.132775003
v 0.319193597 0.900769898 0.119362268
v 0.298618312 0.912775790 0.105778435
v 0.279008992 0.927205737 0.093258681
v 0.260848563 0.944289083 0.081842915
v 0.242190875 0.960340532 0.069793606
v 0.221362915 0.971421905 0.055968382
v 0.199233848 0.978223516 0.041270383
v 0.176780656 0.983561719 0.026480451
v 0.153738574 0.983032089 0.011754570
v 0.130736368 0.978010162 -0.002285582
v 0.107570079 0.972918273 -0.016031436
v 0.084144782 0.971740187 -0.030159404
v 0.060747192 0.971943030 -0.044459218
v 0.037340349 0.971286992 -0.058729295
v 0.014622386 0.974576078 -0.073628030
v -0.007237680 0.980463088 -0.089102091
v -0.029520466 0.983331438 -0.104711885
v -0.052355027 0.979199327 -0.119196153
v -0.075036938 0.972572784 -0.133110171
v -0.097409065 0.964140002 -0.146468034
v -0.118496539 0.950270076 -0.157024968
v -0.138436589 0.933474874 -0.165521922
v -0.158767209 0.917537436 -0.174655278
v -0.180143060 0.905021232 -0.186376281
v -0.201337835 0.892423107 -0.198378305
v -0.222493284 0.881437595 -0.211839130
v -0.243383213 0.873524431 -0.227740734
v -0.263735352 0.864172666 -0.243514633
v -0.283089404 0.849559276 -0.256107857
v -0.301385815 0.831943137 -0.266446941
v -0.318952885 0.813196192 -0.275985074
v -0.334226642 0.790991238 -0.280673229
v -0.347923474 0.767299376 -0.282423434
v -0.362328307 0.744346614 -0.286308454
v -0.377718441 0.723023120 -0.294080317
v -0.392585486 0.701495594 -0.302246897
v -0.407569227 0.682279756 -0.314753718
v -0.421706334 0.663161469 -0.328385760
v -0.434188571 0.640626540 -0.337434325
v -0.445151452 0.616061421 -0.342759479
v -0.454922337 0.590728536 -0.346025943
v -0.462348059 0.564663346 -0.342075367
v -0.469543722 0.538471560 -0.338714146
v -0.477420468 0.512363303 -0.341478012
v -0.484482316 0.486073896 -0.344698784
v -0.490900587 0.460886289 -0.353295239
v -0.495982137 0.435522369 -0.362280046
v -0.499653340 0.408492601 -0.364338473
v -0.502289131 0.381249606 -0.363505496
v -0.504195758 0.355079578 -0.355687137
v -0.505536667 0.328717443 -0.348504905
v -0.505736524 0.301340612 -0.346976947
v -0.504549309 0.274074203 -0.347702119
v -0.501153858 0.247585578 -0.353879116
v -0.497476736 0.220568249 -0.352648370
v -0.493419643 0.193900228 -0.347897670
v -0.490683997 0.169202884 -0.336385192
v -0.486230088 0.143747354 -0.327685249
v -0.479148304 0.117683014 -0.323096248
v -0.468470461 0.092493935 -0.324375159
v -0.458083490 0.067565088 -0.320694615
v -0.448585054 0.043211485 -0.312563642
v -0.442283466 0.020494221 -0.298589954
v -0.431812143 -0.002883795 -0.289123560
v -0.417123032 -0.025274140 -0.284191509
v -0.400304505 -0.046342165 -0.280067304
v -0.386258668 -0.067596252 -0.269980088
v -0.377108409 -0.088339155 -0.254621868
v -0.361840427 -0.108354165 -0.243895489
v -0.341492334 -0.125345436 -0.237614279
v -0.322163439 -0.142176701 -0.228345251
v -0.307952942 -0.160428203 -0.213973891
v -0.291849333 -0.177641824 -0.200423610
v -0.270071181 -0.190677120 -0.190710571
v -0.247570529 -0.202086611 -0.180504025
v -0.230458083 -0.217210387 -0.165685905
v -0.211551547 -0.230711943 -0.151567852
v -0.187378181 -0.237031807 -0.141028247
v -0.164630797 -0.244792516 -0.128083420
v -0.146275124 -0.257798445 -0.112548500
v -0.123526979 -0.264308271 -0.098960787
v -0.099093164 -0.264262259 -0.086813709
v -0.077173857 -0.270855573 -0.071991673
v -0.055425896 -0.277657141 -0.057277202
v -0.031988177 -0.273764308 -0.044079647
v -0.008854114 -0.273072156 -0.029519249
v 0.013591938 -0.278398500 -0.015059815
v 0.036199583 -0.273320603 -0.000847720
v 0.057957609 -0.265749209 0.013654182
v 0.081441236 -0.266471996 0.027515718
v 0.103972914 -0.260532617 0.041766574
v 0.122736979 -0.247402005 0.056677029
v 0.145418443 -0.241251819 0.070470224
v 0.168218546 -0.234428202 0.083503323
v 0.184915401 -0.219266683 0.098535022
v 0.203893247 -0.205954070 0.113006304
v 0.227297965 -0.197137010 0.124080223
v 0.245287720 -0.181841211 0.137755956
v 0.258148122 -0.163394712 0.153223606
v 0.276984231 -0.147860664 0.165369789
v 0.297229355 -0.132684419 0.175121312
v 0.310406665 -0.113223438 0.188826541
v 0.320765168 -0.092845802 0.203629960
v 0.336615449 -0.073281491 0.214034118
v 0.353681681 -0.053550490 0.221562708
v 0.364341612 -0.031483180 0.233592721
v 0.369887283 -0.009407838 0.248770781
v 0.380473260 0.013697296 0.258987105
v 0.394452851 0.036915834 0.262974266
v 0.403227613 0.061425513 0.271379524
v 0.406904504 0.085072649 0.284239893
v 0.410180359 0.109059761 0.296621165
v 0.415918837 0.134753646 0.304109295
v 0.423677962 0.161023693 0.304732252
v 0.427396116 0.187589155 0.309912479
v 0.428202176 0.213473815 0.318467679
v 0.426007841 0.237249199 0.331895479
v 0.425795483 0.263842269 0.338418256
v 0.425641264 0.291011639 0.340834851
v 0.425525769 0.318196261 0.337336278
v 0.422476837 0.345299139 0.339398512
v 0.417737735 0.371736651 0.344491734
v 0.411598531 0.396228101 0.355179180
v 0.405257939 0.422145910 0.360868557
v 0.398297623 0.448611042 0.362636856
v 0.390786438 0.474386424 0.357925205
v 0.382166586 0.499172314 0.350092518
v 0.371923807 0.524541651 0.348801851
v 0.360767881 0.549571724 0.348539066
v 0.349589387 0.573942788 0.354083185
v 0.337986265 0.598097346 0.359742760
v 0.324812301 0.622061016 0.358508593
v 0.310662386 0.645250490 0.354964891
v 0.295470007 0.665746749 0.345115211
v 0.279328267 0.684502693 0.333315073
v 0.262336382 0.704736685 0.326218202
v 0.244789859 0.725107112 0.320818041
v 0.227016415 0.745587694 0.317183172
v 0.210113307 0.767147070 0.318239656
v 0.192551699 0.788159873 0.318035299
v 0.173144330 0.806433766 0.311844539
v 0.152988635 0.823240181 0.303893609
v 0.132196339 0.836585267 0.292239436
v 0.111224193 0.845683960 0.277118972
v 0.089604847 0.854551632 0.262807163
v 0.067289035 0.866386356 0.252190480
v 0.044644635 0.878053451 0.242036635
v 0.021898191 0.890370415 0.233123279
v -0.000053654 0.906000260 0.228105858
v -0.022235574 0.921071506 0.222534703
v -0.045490456 0.931213835 0.212437166
v -0.069025628 0.938190222 0.200213763
v -0.092645886 0.943772329 0.187473470
v -0.115397842 0.943839101 0.172284423
v -0.137059307 0.939680053 0.155999970
v -0.159180520 0.935623952 0.140328704
v -0.182779481 0.935311593 0.126419420
v -0.206642022 0.935375206 0.112907571
v -0.230698364 0.936166978 0.099840375
v -0.255110179 0.940891391 0.088300183
v -0.279446108 0.946003368 0.076751390
v -0.303437382 0.947143800 0.063636660
v -0.326181352 0.942481595 0.049074151
v -0.348462734 0.936281527 0.034340068
v -0.369835363 0.927775945 0.019510115
v -0.388240130 0.913628912 0.005010794
v -0.404931057 0.896822870 -0.008805468
v -0.422529305 0.880962422 -0.022572017
v -0.442398342 0.868559409 -0.036801511
v -0.462233602 0.856110903 -0.051069313
v -0.482579231 0.844976101 -0.065621722
v -0.504143766 0.837531389 -0.080823883
v -0.525378567 0.829950257 -0.096410844
v -0.544668594 0.818048004 -0.111698546
v -0.561146367 0.801290972 -0.125809043
v -0.576731253 0.783449735 -0.139621542
v -0.590097363 0.763144246 -0.152083272
v -0.599010778 0.738877473 -0.161122215
v -0.606875158 0.713883582 -0.169199187
v -0.617594550 0.691065045 -0.179814486
v -0.629629003 0.669641263 -0.191987045
v -0.640942598 0.647743165 -0.204005722
v -0.653870101 0.628386549 -0.218431585
v -0.667354783 0.610795481 -0.234578144
v -0.678826636 0.591037946 -0.249646133
v -0.686450490 0.567331643 -0.261008231
v -0.692480625 0.542574852 -0.271143565
v -0.695711249 0.516339556 -0.278066755
v -0.695645243 0.489035095 -0.280459063
v -0.695429628 0.461745996 -0.282998676
v -0.697362751 0.435319245 -0.289921528
v -0.699091013 0.409077407 -0.297691147
v -0.700971873 0.383562799 -0.307333954
v -0.704080838 0.360310299 -0.321518395
v -0.705046708 0.335932671 -0.333851387
v -0.702382809 0.309362449 -0.339978487
v -0.698472402 0.282674033 -0.344890086
v -0.692341723 0.256056955 -0.344393284
v -0.684902161 0.230013224 -0.340112552
v -0.677797642 0.203618418 -0.339811711
v -0.670609001 0.177327244 -0.342824927
v -0.663101038 0.151775222 -0.348965158
v -0.655166827 0.127524725 -0.359001648
v -0.645118427 0.102661514 -0.364054843
v -0.633660730 0.077750563 -0.364449175
v -0.621526306 0.053521815 -0.361192878
v -0.609504856 0.030551028 -0.352272126
v -0.596260739 0.007103515 -0.347743574
v -0.581757210 -0.016127573 -0.346396447
v -0.565811370 -0.037923907 -0.350791888
v -0.548637691 -0.058891392 -0.354329064
v -0.531408441 -0.079925567 -0.350804791
v -0.514865166 -0.100153896 -0.343130367
v -0.499867522 -0.119537957 -0.330922068
v -0.481122765 -0.138700822 -0.325292145
v -0.460498713 -0.156371843 -0.322727623
v -0.437843084 -0.171731127 -0.323687500
v -0.416572999 -0.187774415 -0.317324379
v -0.397932658 -0.203868691 -0.305643865
v -0.379264340 -0.219463444 -0.293330222
v -0.356770895 -0.233027587 -0.285480222
v -0.331253671 -0.242559863 -0.282923941
v -0.307033735 -0.252725765 -0.275559043
v -0.286068264 -0.264562026 -0.262827060
v -0.265507456 -0.276125592 -0.249257474
v -0.240904995 -0.283528674 -0.239955680
v -0.214259144 -0.285798000 -0.234367500
v -0.190238882 -0.291689857 -0.222570190
v -0.169818479 -0.301076446 -0.206916222
v -0.145385890 -0.304549149 -0.195101855
v -0.119454908 -0.301031974 -0.187071318
v -0.095254150 -0.301800692 -0.174253693
v -0.073585654 -0.307436113 -0.158514365
v -0.049453086 -0.305183289 -0.145926592
v -0.025758808 -0.296691205 -0.135357870
v -0.002748679 -0.294834429 -0.120849064
v 0.019843435 -0.294195983 -0.105932617
v 0.041555820 -0.283617296 -0.093568373
v 0.062946492 -0.273510308 -0.080009235
v 0.085541910 -0.270961649 -0.064832305
v 0.106382616 -0.260293783 -0.050761016
v 0.123751165 -0.244081144 -0.037364804
v 0.144930556 -0.235364666 -0.022649457
v 0.165144195 -0.224257455 -0.008268308
v 0.178606969 -0.205229600 0.005796572
v 0.196335232 -0.190475877 0.020479210
v 0.216231527 -0.178013176 0.034155285
v 0.227825868 -0.158310866 0.048749587
v 0.240024077 -0.138916823 0.063565414
v 0.258632439 -0.123393162 0.076111359
v 0.270191559 -0.103084972 0.090253326
v 0.275659063 -0.081167212 0.105553319
v 0.288808921 -0.060986205 0.118250218
v 0.300984364 -0.039902908 0.130269753
v 0.304241385 -0.017444527 0.145165386
v 0.308456966 0.005359900 0.159518803
v 0.319360515 0.028428413 0.169219176
v 0.324753626 0.052494161 0.180973010
v 0.321957992 0.074696941 0.196539837
v 0.323126060 0.098847537 0.209351394
v 0.328923033 0.124501127 0.216749368
v 0.329602979 0.149886096 0.226780080
v 0.323801077 0.172108663 0.241460897
v 0.319443719 0.195972134 0.253934670
v 0.317709735 0.222056840 0.261568848
v 0.315833228 0.248781416 0.266554083
v 0.308911926 0.273296940 0.276521893
v 0.298430776 0.293936485 0.291188982
v 0.289712947 0.318077436 0.300683659
v 0.282109270 0.343856250 0.304766936
v 0.273776837 0.369740954 0.306351852
v 0.261970476 0.393550281 0.313102779
v 0.248200922 0.413861471 0.325122391
v 0.234067316 0.434751766 0.335468706
v 0.219834911 0.457612029 0.340545998
v 0.206054760 0.481136658 0.338306373
v 0.190494043 0.503539823 0.337561630
v 0.173147990 0.524507026 0.340948911
v 0.155144107 0.543498422 0.348724253
v 0.136884263 0.561285165 0.358752486
v 0.117567034 0.580449504 0.361795788
v 0.097658731 0.599160301 0.361281935
v 0.077822470 0.616541985 0.353842416
v 0.056619650 0.633095198 0.349051085
v 0.034346559 0.649079552 0.348420461
v 0.011796747 0.664362525 0.350291085
v -0.010108953 0.679101820 0.357687125
v -0.033254425 0.693339406 0.359817111
v -0.057211344 0.706416210 0.357162273
v -0.081362614 0.717968124 0.351708369
v -0.104757557 0.726411738 0.340219633
v -0.128797864 0.733949676 0.329487747
v -0.154183684 0.742513656 0.323710695
v -0.179888421 0.750579839 0.318663959
v -0.205608681 0.759981321 0.318524814
v -0.231286598 0.769514113 0.319624984
v -0.257405939 0.776538178 0.315817442
v -0.283360452 0.780968784 0.308154337
v -0.309166265 0.784052757 0.299489526
v -0.333005170 0.782953608 0.286127239
v -0.355404458 0.779097533 0.270787797
v -0.379174150 0.775902666 0.257588096
v -0.404624741 0.774503429 0.247474961
v -0.430067744 0.772514560 0.237452009
v -0.456631291 0.773106331 0.230799854
v -0.483505023 0.774890769 0.225643607
v -0.509805666 0.774292487 0.218131689
v -0.534116775 0.769136172 0.206633437
v -0.557636174 0.762394787 0.194248833
v -0.579685409 0.753511298 0.180725927
v -0.596992904 0.739712510 0.164617219
v -0.612589451 0.724146033 0.148295813
v -0.631054491 0.710386913 0.133522646
v -0.651810247 0.698503734 0.120106718
v -0.671941126 0.685772068 0.106517712
v -0.693669698 0.674862296 0.093931022
v -0.717190234 0.666586067 0.082519003
v -0.740107949 0.657522292 0.070529336
v -0.759703201 0.644320209 0.056772771
v -0.776007017 0.627876481 0.042088217
v -0.791165350 0.610467313 0.027304531
v -0.801560892 0.589922280 0.012560646
v -0.807801159 0.567244003 -0.001513508
v -0.813866769 0.544312414 -0.015260242
v -0.823451595 0.522895633 -0.029371270
v -0.834450248 0.502245664 -0.043674497
v -0.844641550 0.481160299 -0.057939940
v -0.857849601 0.462364181 -0.072803969
v -0.873158959 0.445666133 -0.088256095
v -0.886182026 0.427361367 -0.103882454
v -0.893223094 0.405288649 -0.118418350
v -0.897833764 0.382119559 -0.132344004
v -0.900822788 0.358433092 -0.145779409
v -0.898427774 0.333360884 -0.156466979
v -0.892734776 0.307931078 -0.164997699
v -0.887823624 0.282534847 -0.174046174
v -0.886480254 0.257774554 -0.185706340
v -0.885102903 0.233165108 -0.197725309
v -0.884957809 0.209265783 -0.211072780
v -0.887519330 0.187030651 -0.226908449
v -0.888759289 0.164715042 -0.242760514
v -0.884922352 0.140855932 -0.255522297
v -0.877752914 0.116499767 -0.265883710
v -0.869327125 0.092269200 -0.275543687
v -0.856808837 0.068450276 -0.280456844
v -0.842103330 0.045373844 -0.282238740
v -0.828239500 0.022044440 -0.285898546
v -0.816405026 -0.001445763 -0.293650576
v -0.804107715 -0.024578148 -0.301716651
v -0.793880437 -0.046779079 -0.314068033
v -0.783519018 -0.068139706 -0.327767519
v -0.769465075 -0.089599502 -0.337124251
v -0.752746268 -0.110665505 -0.342481754
v -0.734839453 -0.131050467 -0.345991438
v -0.715153268 -0.149710584 -0.342270577
v -0.695209076 -0.168117142 -0.338698196
v -0.675655856 -0.187136456 -0.341309291
v -0.655575789 -0.205545157 -0.344409583
v -0.636146853 -0.222904361 -0.352807489
v -0.616064964 -0.239117994 -0.361969409
v -0.593829885 -0.254855093 -0.364319010
v -0.570869149 -0.269773939 -0.363678443
v -0.548469363 -0.283565422 -0.356125306
v -0.525757892 -0.296893256 -0.348678861
v -0.501579896 -0.309716459 -0.347064009
v -0.476839414 -0.321369857 -0.347138553
v -0.451704731 -0.330786519 -0.352713444
v -0.425965041 -0.339785224 -0.352831999
v -0.400390523 -0.348471785 -0.348244869
v -0.377125650 -0.357409063 -0.336923279
v -0.352609158 -0.365264694 -0.327926321
v -0.326324236 -0.371188721 -0.322844526
v -0.299129213 -0.373518384 -0.323825588
v -0.272144919 -0.375483222 -0.321069303
v -0.246055576 -0.378207391 -0.313176075
v -0.222949051 -0.383059855 -0.299271207
v -0.197500965 -0.384727566 -0.289554521
v -0.170887111 -0.382269175 -0.284311843
v -0.144393577 -0.376892091 -0.280551028
v -0.118984298 -0.374112245 -0.270652097
v -0.096318411 -0.375493674 -0.255363185
v -0.071589993 -0.371417511 -0.244445178
v -0.047091925 -0.361514763 -0.237911365
v -0.023239913 -0.351873368 -0.228962715
v -0.000370301 -0.346886797 -0.215129177
v 0.022172521 -0.341407915 -0.201087029
v 0.043921058 -0.328477526 -0.191128069
v 0.064342691 -0.313457876 -0.181229941
v 0.085622853 -0.304855857 -0.166589854
v 0.106399717 -0.294756339 -0.152298014
v 0.123409091 -0.276585134 -0.141582692
v 0.140598972 -0.259662214 -0.128870247
v 0.160506726 -0.249165983 -0.113397786
v 0.177126581 -0.232461340 -0.099644257
v 0.188211183 -0.210578667 -0.087625502
v 0.203929271 -0.193853111 -0.072854743
v 0.220307495 -0.178063087 -0.058077621
v 0.228035676 -0.155659591 -0.044832119
v 0.237662316 -0.134568561 -0.030359189
v 0.252921040 -0.117225191 -0.015870571
v 0.259324498 -0.094932975 -0.001629340
v 0.262247975 -0.072048893 0.012818575
v 0.273441283 -0.051470206 0.026749887
v 0.279114002 -0.028854740 0.040944071
v 0.276025028 -0.006142351 0.055844006
v 0.280582070 0.016843386 0.069790579
v 0.285532348 0.040175067 0.082715177
v 0.280220008 0.062130302 0.097653499
v 0.276746858 0.084946192 0.112231626
v 0.279662937 0.109735410 0.123391764
v 0.274859241 0.132975603 0.136894765
v 0.264191435 0.152733456 0.152464799
v 0.258599062 0.176369532 0.165003176
v 0.255020747 0.201659082 0.174463181
v 0.244088674 0.222608068 0.187994142
v 0.230589651 0.240931489 0.202980400
v 0.220331594 0.263822185 0.213685443
v 0.210977464 0.288277158 0.220975607
v 0.196454318 0.308171325 0.232813390
v 0.179364895 0.323098537 0.248134934
v 0.163677337 0.342985159 0.258573568
v 0.149542204 0.366079489 0.262675697
v 0.131948418 0.385323554 0.270900973
v 0.112690955 0.400251588 0.283022875
v 0.092850459 0.413546254 0.296199187
v 0.072680194 0.430387615 0.303920356
v 0.052959948 0.449389231 0.304649717
v 0.031171193 0.465084114 0.309587846
v 0.008548125 0.477921060 0.317866399
v -0.013528785 0.486860766 0.331419204
v -0.037192152 0.498855456 0.338148086
v -0.061382002 0.511182248 0.340882042
v -0.085527548 0.523674229 0.337365422
v -0.110962720 0.533535059 0.339232446
v -0.136637574 0.541590064 0.344112021
v -0.161218999 0.547450159 0.354740520
v -0.187072991 0.553718127 0.360765756
v -0.213760710 0.559759279 0.362571344
v -0.240146021 0.564998261 0.358255230
v -0.266068976 0.568823228 0.350260343
v -0.293289688 0.571443474 0.348830467
v -0.320647017 0.573096094 0.348459244
v -0.347460419 0.574395157 0.353819274
v -0.374214196 0.575244801 0.359627074
v -0.401550092 0.574650279 0.358640527
v -0.428683010 0.572826740 0.355257046
v -0.453967139 0.568865053 0.345622039
v -0.478019056 0.563205828 0.333737960
v -0.503751089 0.557428366 0.326468017
v -0.529925326 0.551263644 0.321092179
v -0.556260401 0.544881069 0.317290541
v -0.583176935 0.539778169 0.318262540
v -0.609931324 0.533927002 0.318196839
v -0.635164369 0.525219527 0.312219946
v -0.659398191 0.515107892 0.304316234
v -0.680985043 0.502899247 0.292863078
v -0.698799585 0.488522265 0.277793054
v -0.716535717 0.473411338 0.263364038
v -0.737265366 0.459035743 0.252673339
v -0.758075695 0.444332160 0.242538235
v -0.779385831 0.429742387 0.233484555
v -0.803333720 0.417411126 0.228412066
v -0.826995605 0.404735026 0.222952837
v -0.846881503 0.388878505 0.213026874
v -0.863945618 0.371221127 0.200819761
v -0.879847059 0.352858533 0.188116407
v -0.890610788 0.332757571 0.173020816
v -0.896996989 0.311639712 0.156748070
v -0.903519172 0.290144104 0.141038222
v -0.913976152 0.269032150 0.127069490
v -0.925068017 0.247896958 0.113568642
v -0.936715935 0.226860871 0.100448406
v -0.952090820 0.207331349 0.088888701
v -0.967891990 0.188106697 0.077375883
v -0.980119203 0.167395989 0.064324946
v -0.986614177 0.145095203 0.049794374
v -0.991415608 0.122469065 0.035063843
v -0.993874008 0.099592753 0.020237543
v -0.989999026 0.076728578 0.005709853
v -0.982809345 0.054174452 -0.008128772
v -0.976716057 0.031272850 -0.021886588
v -0.974778689 0.007927904 -0.036107755
v -0.972906327 -0.015412995 -0.050379122
v -0.972245559 -0.038613818 -0.064907783
v -0.975502057 -0.061206466 -0.080089250
v -0.978656252 -0.083541164 -0.095666981
v -0.977223089 -0.106145004 -0.110994630
v -0.970019264 -0.128500587 -0.125127076
v -0.961401010 -0.150560377 -0.138950375
v -0.949761558 -0.171842899 -0.151534679
v -0.932434090 -0.190984636 -0.160665312
v -0.913816565 -0.209440733 -0.168706286
v -0.898351817 -0.229409914 -0.179216160
v -0.884912919 -0.249973248 -0.191403287
v -0.870686237 -0.270106679 -0.203412641
v -0.859320425 -0.290486443 -0.217734574
v -0.849937229 -0.310583312 -0.233861503
v -0.837867956 -0.329909025 -0.249035877
v -0.820457600 -0.347642977 -0.260500758
v -0.801287820 -0.364417098 -0.270656137
v -0.779641943 -0.379483140 -0.277817027
v -0.755403874 -0.392038473 -0.280289311
v -0.731053807 -0.404377298 -0.282752910
v -0.708425098 -0.418221709 -0.289531726
v -0.685951090 -0.431866622 -0.297324383
v -0.664073249 -0.445265494 -0.306789512
v -0.644844510 -0.458767368 -0.320909695
v -0.623785737 -0.470913537 -0.333419421
v -0.599054968 -0.480852018 -0.339715859
v -0.573591393 -0.489713651 -0.344699740
v -0.547163605 -0.496618089 -0.344491940
v -0.520622389 -0.502011319 -0.340195945
v -0.493913865 -0.507827646 -0.339651413
v -0.467275885 -0.513586174 -0.342691603
v -0.440826081 -0.518592257 -0.347437780
v -0.415842244 -0.522824494 -0.357893346
v -0.389415688 -0.525465516 -0.364018123
v -0.362029083 -0.526800991 -0.364441637
v -0.334886997 -0.527217009 -0.361532924
v -0.308945701 -0.527136972 -0.352660027
v -0.282090692 -0.526226929 -0.347809903
v -0.254787514 -0.524098137 -0.346439850
v -0.228051044 -0.520080642 -0.350532859
v -0.201558038 -0.514516151 -0.354384829
v -0.174935966 -0.508925782 -0.351020400
v -0.149263123 -0.503463743 -0.343717287
v -0.125196403 -0.499163183 -0.331353773
v -0.099565906 -0.491451942 -0.325572134
v -0.074335288 -0.481450411 -0.322703962
v -0.050256562 -0.468433180 -0.323822519
v -0.026201437 -0.456882111 -0.317715969
v -0.003252298 -0.447531047 -0.306384694
v 0.019150757 -0.438409303 -0.293759536
v 0.041589475 -0.424785769 -0.285841603
v 0.061914852 -0.406714646 -0.283081869
v 0.082050163 -0.389726507 -0.276078924
v 0.102217275 -0.376280733 -0.263643894
v 0.122004405 -0.363697982 -0.249796763
v 0.140059691 -0.345486699 -0.240292738
v 0.154314072 -0.322768580 -0.234930441
v 0.170563948 -0.304011817 -0.223298634
v 0.188295201 -0.290169983 -0.207680858
v 0.202868267 -0.270403226 -0.195641786
v 0.211771512 -0.245790593 -0.187646701
v 0.223432871 -0.224451823 -0.175029270
v 0.238445671 -0.207842784 -0.159277263
v 0.247933201 -0.185635462 -0.146502972
v 0.251169676 -0.160575481 -0.136093783
v 0.259822690 -0.139055112 -0.121701458
v 0.270052346 -0.118973474 -0.106668256
v 0.271128146 -0.094907018 -0.094175502
v 0.271636498 -0.071178007 -0.080791515
v 0.279669114 -0.049920155 -0.065622113
v 0.280322436 -0.026555256 -0.051472723
v 0.273717956 -0.003655156 -0.038156487
v 0.275353940 0.019187392 -0.023420796
v 0.275303780 0.042219717 -0.009040665
v 0.264868919 0.063018334 0.005007264
v 0.259471161 0.085429285 0.019729777
v 0.257957555 0.108907582 0.033386324
v 0.246213920 0.128549754 0.047949295
v 0.234316775 0.148084427 0.062781547
v 0.228998575 0.171655295 0.075408953
v 0.216705004 0.191606110 0.089447091
v 0.199619283 0.206386566 0.104791052
v 0.187174062 0.226782651 0.117887421
v 0.174802132 0.247883340 0.129520594
v 0.156570460 0.261548148 0.144269003
v 0.138147038 0.275438275 0.158770717
v 0.122588232 0.295504666 0.168705843
v 0.103910982 0.311685805 0.180282127
v 0.082982691 0.319761200 0.195681634
v 0.062073333 0.331644388 0.208689744
v 0.041950523 0.348411386 0.216353841
v 0.019837168 0.361014370 0.226165802
v -0.002603370 0.366829860 0.240274873
v -0.025607989 0.373269302 0.253294875
v -0.049552928 0.383502466 0.261321885
v -0.074081805 0.394493188 0.265997556
v -0.099084111 0.399875788 0.275759767
v -0.122228711 0.400106862 0.290427476
v -0.147573532 0.403359465 0.300180105
v -0.173920919 0.408300553 0.304744737
v -0.200735664 0.413116939 0.305949541
v -0.227316304 0.413683033 0.312660795
v -0.251843849 0.410990736 0.324347970
v -0.276715590 0.407941836 0.335119786
v -0.303531288 0.405834021 0.340409656
v -0.330771748 0.404424277 0.338488156
v -0.357844231 0.401113164 0.337341351
v -0.384449363 0.395415935 0.340760710
v -0.409725925 0.388256080 0.348145935
v -0.433869166 0.380251875 0.358327482
v -0.459723392 0.371950175 0.361684932
v -0.485524299 0.362919341 0.361495728
v -0.510155357 0.353370465 0.354240891
v -0.534586666 0.342251449 0.349111515
v -0.559053150 0.329884234 0.348474325
v -0.583040361 0.316895604 0.349983984
v -0.606216504 0.304252634 0.357387816
v -0.629525793 0.290347843 0.359958355
v -0.652192919 0.275138672 0.357337894
v -0.673684862 0.259063660 0.352184081
v -0.692085823 0.242219385 0.340873974
v -0.709786563 0.224406486 0.329938184
v -0.729054147 0.205838031 0.324033216
v -0.748028815 0.186739050 0.318860258
v -0.768171931 0.168193675 0.318525679
v -0.788488770 0.149826478 0.319721178
v -0.806921539 0.129961704 0.316264660
v -0.822843303 0.108981159 0.308628735
v -0.837618650 0.087519149 0.300133060
v -0.847833711 0.065840949 0.286952411
v -0.854790716 0.044197140 0.271622703
v -0.862731654 0.021683945 0.258212033
v -0.873214945 -0.001541045 0.248080097
v -0.883127394 -0.025034487 0.237992589
v -0.895747553 -0.048368445 0.231184684
v -0.909734400 -0.071393672 0.226065122
v -0.921509153 -0.094982986 0.218740963
v -0.928305440 -0.118939884 0.207367598
v -0.933203724 -0.142920920 0.195002463
v -0.935692069 -0.166626492 0.181586664
v -0.931682586 -0.188439728 0.165559049
v -0.925070224 -0.209440097 0.149212481
v -0.921144058 -0.232063018 0.134339788
v -0.920150683 -0.255952127 0.120911938
v -0.918138839 -0.279684570 0.107320689
v -0.918253672 -0.303961652 0.094657234
v -0.921706630 -0.328655128 0.083244896
v -0.924323865 -0.353187854 0.071310143
v -0.921936055 -0.376739944 0.057644673
v -0.914952435 -0.398824836 0.042975072
v -0.906582747 -0.420343706 0.028198382
v -0.893413997 -0.439206244 0.013435062
v -0.876262603 -0.455266240 -0.000676330
v -0.858634660 -0.471140294 -0.014423642
v -0.843876871 -0.489396661 -0.028515791
v -0.830659168 -0.508699121 -0.042822685
v -0.816626584 -0.527452945 -0.057082876
v -0.805791494 -0.547735351 -0.071908693
v -0.798022882 -0.569033183 -0.087336769
v -0.788034088 -0.589156668 -0.102981518
v -0.771880742 -0.605711555 -0.117574500
v -0.753477808 -0.620512270 -0.131512742
v -0.733971664 -0.634214611 -0.145033916
v -0.710751558 -0.643821011 -0.155866029
v -0.685578088 -0.650508865 -0.164433695
v -0.660697749 -0.657724350 -0.173386799
v -0.638038834 -0.667869205 -0.184978840
v -0.615588304 -0.678020887 -0.197016149
v -0.594176166 -0.688794820 -0.210237360
v -0.575544017 -0.701283880 -0.226000169
v -0.556433754 -0.712789909 -0.241920349
v -0.533674893 -0.720587409 -0.254886619
v -0.508771797 -0.725482459 -0.265272189
v -0.483419459 -0.729235564 -0.275000898
v -0.456581342 -0.729318782 -0.280228647
v -0.429326173 -0.726913725 -0.282044818
v -0.402213117 -0.725251562 -0.285524494
v -0.375889385 -0.725539140 -0.293183604
v -0.349653254 -0.725253074 -0.301137753
v -0.325154105 -0.726351542 -0.313324000
v -0.301460142 -0.727095385 -0.327090192
v -0.276039106 -0.724700911 -0.336785545
v -0.249639446 -0.719599094 -0.342172882
v -0.223298061 -0.713193722 -0.345915011
v -0.197615239 -0.704389779 -0.342490146
v -0.172129005 -0.695133068 -0.338683811
v -0.146234929 -0.686531489 -0.341125128
v -0.120624371 -0.677211700 -0.344147720
v -0.096184237 -0.667959988 -0.352270580
v -0.072568775 -0.657702897 -0.361627256
v -0.048368404 -0.645286814 -0.364291607
v -0.024518543 -0.631809400 -0.363868212
v -0.001891131 -0.618254490 -0.356605878
v 0.020361979 -0.604293210 -0.348916559
v 0.042897338 -0.588792885 -0.347155731
v 0.064694517 -0.572261884 -0.346981160
v 0.084703986 -0.554352211 -0.352466006
v 0.104524630 -0.535645996 -0.353054406
v 0.124044936 -0.516914933 -0.348676884
v 0.142732637 -0.500265877 -0.337621040
v 0.161017924 -0.482338011 -0.328221971
v 0.178436258 -0.461788163 -0.323102873
v 0.193206393 -0.438853501 -0.323744761
v 0.207294323 -0.415704100 -0.321490731
v 0.221729845 -0.393725342 -0.313786330
v 0.236670899 -0.375341600 -0.300048347
v 0.249998397 -0.353754696 -0.290035815
v 0.260321908 -0.329163615 -0.284452698
v 0.267651485 -0.303063824 -0.281067166
v 0.276831565 -0.279114377 -0.271376435
v 0.288163244 -0.259061486 -0.256618703
v 0.296470416 -0.235813618 -0.245018813
v 0.299306133 -0.209631848 -0.238197681
v 0.301505686 -0.183892002 -0.229606647
v 0.307332607 -0.161044092 -0.216034918
v 0.313230171 -0.138765822 -0.201744453
v 0.312180521 -0.113557755 -0.191544857
v 0.307959950 -0.088435745 -0.181948887
v 0.309783460 -0.065433086 -0.167487562
v 0.310836702 -0.042477865 -0.153022193
v 0.303018252 -0.018943838 -0.142108590
v 0.295550719 0.004089626 -0.129645897
v 0.295138819 0.026608193 -0.114249117
v 0.288563659 0.049132188 -0.100336304
v 0.274100325 0.069037112 -0.088422305
v 0.266099608 0.090624459 -0.073711779
v 0.260100242 0.112542466 -0.058871245
v 0.244153373 0.129999208 -0.045563643
v 0.229518143 0.148022606 -0.031190723
v 0.221224304 0.169587933 -0.016676825
v 0.204754588 0.185945819 -0.002404837
v 0.185548130 0.198800236 0.011989586
v 0.172227437 0.217987914 0.025996070
v 0.155133422 0.233856844 0.040132670
v 0.133542768 0.241577142 0.055015595
v 0.115027686 0.255844443 0.069101574
v 0.096860792 0.271387336 0.081932821
v 0.075003372 0.277289346 0.096778031
v 0.053114470 0.284280692 0.111454623
v 0.032444595 0.298114208 0.122749773
v 0.009664119 0.305138850 0.136053553
v -0.012763466 0.304590704 0.151692724
v -0.036298109 0.310210717 0.164460386
v -0.060365087 0.319057743 0.173765837
v -0.084134763 0.319403520 0.187111330
v -0.106463884 0.315559029 0.202291036
v -0.131423801 0.316740135 0.213295090
v -0.157497468 0.320071205 0.220351520
v -0.181990330 0.316592045 0.232017031
v -0.203050380 0.308249473 0.247410802
v -0.227779744 0.303326255 0.258121635
v -0.254742458 0.301383658 0.262417680
v -0.280043208 0.294880545 0.270393781
v -0.302428290 0.284860444 0.282204486
v -0.323124932 0.273256892 0.295705621
v -0.347292155 0.263075942 0.303640015
v -0.373225096 0.254336064 0.304561081
v -0.397313055 0.242388599 0.309214501
v -0.419314268 0.228307875 0.317213963
v -0.437405157 0.212842646 0.330800537
v -0.458821660 0.197364051 0.337836934
v -0.480856620 0.181544590 0.340942959
v -0.503107469 0.165916866 0.337472322
v -0.523664592 0.147983589 0.339042214
v -0.542733570 0.128925564 0.343692351
v -0.559310175 0.109801849 0.354216057
v -0.576694313 0.089794212 0.360645739
v -0.594377835 0.068916136 0.362484967
v -0.611293693 0.047759029 0.359313071
v -0.626743782 0.026506842 0.351485232
v -0.641567764 0.003681460 0.348859877
v -0.655661122 -0.019829032 0.348373635
v -0.669177076 -0.043062950 0.353538604
v -0.682261266 -0.066378487 0.359502855
v -0.694374079 -0.090886360 0.358773609
v -0.705395294 -0.115827066 0.355862856
v -0.713967598 -0.140312487 0.347429905
v -0.719777278 -0.163943006 0.334794092
v -0.726254697 -0.189242581 0.326774087
v -0.732885546 -0.215309391 0.321432162
v -0.739288452 -0.241612661 0.317408980
v -0.747121076 -0.267865712 0.318266826
v -0.754329780 -0.294288984 0.318382200
v -0.758389143 -0.320720897 0.312686622
v -0.760614980 -0.346893373 0.304810289
v -0.759966650 -0.371819372 0.293656074
v -0.755514417 -0.394316976 0.278652202
v -0.750234532 -0.416943028 0.264112240
v -0.746940744 -0.441881840 0.253274712
v -0.743516379 -0.467140586 0.243162738
v -0.740235294 -0.492702112 0.233919404
v -0.740245411 -0.519622781 0.228770378
v -0.740020007 -0.546499786 0.223458225
v -0.735346407 -0.571588519 0.213760301
v -0.727575970 -0.594892572 0.201573438
v -0.718680921 -0.617524267 0.188918268
v -0.706010555 -0.636565063 0.173947996
v -0.690298334 -0.652064322 0.157691343
v -0.674189845 -0.667669375 0.141929591
v -0.660152590 -0.686521904 0.127878626
v -0.646544566 -0.706140558 0.114390869
v -0.633110143 -0.726047934 0.101202234
v -0.622772741 -0.748635060 0.089611847
v -0.613023637 -0.771548877 0.078134085
v -0.600465124 -0.792116348 0.065178391
v -0.583800843 -0.808319274 0.050690539
v -0.565962895 -0.823047719 0.035964481
v -0.546905467 -0.835954758 0.021143373
v -0.524938335 -0.843298890 0.006578909
v -0.501633170 -0.847351853 -0.007288072
v -0.478451571 -0.852331280 -0.021032852
v -0.456792321 -0.861265422 -0.035242434
v -0.435235847 -0.870403448 -0.049518212
v -0.414229782 -0.880332533 -0.064015080
v -0.395606662 -0.893560520 -0.079169664
v -0.377304991 -0.906765708 -0.094735799
v -0.356734432 -0.916198645 -0.110117088
v -0.333608690 -0.920203926 -0.124278094
v -0.310071816 -0.922767072 -0.138114806
v -0.285881431 -0.922551055 -0.150862117
v -0.260912123 -0.916141766 -0.160108186
v -0.235962228 -0.908066180 -0.168124727
v -0.211089163 -0.903296483 -0.178469774
v -0.186651014 -0.900888306 -0.190674973
v -0.162220297 -0.897536220 -0.202670374
v -0.138822112 -0.896662097 -0.216852445
v -0.116635171 -0.897591426 -0.232941241
v -0.093990575 -0.896050653 -0.248261518
v -0.070248941 -0.888947134 -0.259868514
v -0.046523988 -0.879701902 -0.270048694
v -0.023150530 -0.867646338 -0.277474956
v -0.000801434 -0.852007063 -0.280099777
v 0.021338975 -0.836020537 -0.282459802
v 0.044038055 -0.822212117 -0.289045340
v 0.066514151 -0.808585494 -0.296863926
v 0.088544126 -0.795023575 -0.305816017
v 0.109614275 -0.783596010 -0.319109519
v 0.130099019 -0.770823879 -0.332041213
v 0.150345325 -0.754017105 -0.339447850
v 0.169963404 -0.735540017 -0.344505565
v 0.188332916 -0.715323249 -0.344593400
v 0.205349157 -0.694250972 -0.340304966
v 0.222781033 -0.673200515 -0.339492970
v 0.240184635 -0.652230865 -0.342555301
v 0.256840256 -0.631022604 -0.347078352
v 0.272155614 -0.610799566 -0.357457863
v 0.286690092 -0.588673742 -0.363980131
v 0.300514319 -0.564995292 -0.364434137
v 0.313426465 -0.541068095 -0.361843583
v 0.325317808 -0.517991058 -0.353031118
v 0.336891592 -0.493806296 -0.347871054
v 0.347614555 -0.468607433 -0.346480456
v 0.356460496 -0.443029232 -0.350297056
v 0.363731733 -0.416984717 -0.354406728
v 0.371046690 -0.390770432 -0.351220023
v 0.377987157 -0.365347023 -0.344257927
v 0.385285976 -0.342050767 -0.331809114
v 0.390333426 -0.315827283 -0.325828996
v 0.393221533 -0.288858690 -0.322704679
v 0.392794919 -0.261489991 -0.323935196
v 0.393569785 -0.234776737 -0.318076805
v 0.395331704 -0.209657448 -0.307731528
v 0.398091500 -0.186097280 -0.294238481
v 0.396445472 -0.159923864 -0.286239838
v 0.390012905 -0.133551415 -0.283240404
v 0.384030660 -0.107814375 -0.276601818
v 0.381140567 -0.083588169 -0.264458987
v 0.379407240 -0.060333915 -0.250340459
v 0.371823578 -0.035883607 -0.240632160
v 0.358165134 -0.012742456 -0.235438079
v 0.348790096 0.010348907 -0.224033318
v 0.344618053 0.032476750 -0.208460287
v 0.334172533 0.054572223 -0.196202748
v 0.316567023 0.073901307 -0.188175388
v 0.302753744 0.094024547 -0.175768990
v 0.294805571 0.114978763 -0.160078451
v 0.279941367 0.133864245 -0.147084012
v 0.259057052 0.148229886 -0.136814300
v 0.243573658 0.165657000 -0.122558216
v 0.230854745 0.184203489 -0.107410112
v 0.210274794 0.196623925 -0.094787544
v 0.189213482 0.207729443 -0.081574189
v 0.173891124 0.224488213 -0.066427611
v 0.153781604 0.236298469 -0.052197804
v 0.130313426 0.240832246 -0.038954868
v 0.110585354 0.252476442 -0.024201293
v 0.090375760 0.263474365 -0.009819638
v 0.067160040 0.264151367 0.004222188
v 0.044680219 0.269168514 0.018960797
v 0.023234727 0.278965469 0.032610556
v 0.000331050 0.278088192 0.047143370
v -0.022425401 0.276140956 0.061990491
v -0.045808520 0.281647904 0.074880280
v -0.069314069 0.280908532 0.088685011
v -0.090229936 0.272357796 0.104069390
v -0.113969818 0.270375061 0.117361257
v -0.138492523 0.269550314 0.128841117
v -0.159282555 0.260008344 0.143457095
v -0.179859424 0.249798803 0.158092134
v -0.204687126 0.245037439 0.168246707
v -0.227820951 0.236212963 0.179655962
v -0.245398830 0.221837993 0.194631646
v -0.264899983 0.208312203 0.208105063
v -0.288880830 0.198042189 0.216031871
v -0.310457258 0.184442865 0.225639294
v -0.326284825 0.167324688 0.239514357
v -0.342304894 0.149808151 0.252781755
v -0.362249729 0.133188840 0.261109776
v -0.383486074 0.116625471 0.265587804
v -0.399988353 0.096972436 0.275160382
v -0.410904287 0.076542416 0.289792318
v -0.425305131 0.055564999 0.299774544
v -0.441690421 0.034417853 0.304715758
v -0.458487047 0.012931255 0.305667637
v -0.471315956 -0.010374913 0.312308910
v -0.480396987 -0.033431986 0.323740026
v -0.488994556 -0.056834337 0.334838976
v -0.499470588 -0.081588882 0.340244858
v -0.510747799 -0.106430350 0.338619675
v -0.520397133 -0.131935551 0.337189708
v -0.527634073 -0.158163168 0.340609999
v -0.533013073 -0.183956868 0.347699084
v -0.537015429 -0.209032893 0.357996953
v -0.541546032 -0.235762591 0.361595966
v -0.545435218 -0.262831606 0.361656003
v -0.548361958 -0.289119680 0.354543421
v -0.549784200 -0.315882058 0.349170767
v -0.550111030 -0.343293806 0.348516834
v -0.549634045 -0.370585190 0.349802209
v -0.549090634 -0.396991392 0.357153519
v -0.547543721 -0.424061231 0.360070606
v -0.544513279 -0.451192041 0.357477657
v -0.540210027 -0.477734977 0.352552165
v -0.533800585 -0.501903010 0.341378230
v -0.526156073 -0.525758695 0.330289927
v -0.518551985 -0.551388841 0.324290044
v -0.510330610 -0.577010988 0.319023727
v -0.503099395 -0.603415428 0.318549606
v -0.496183874 -0.629915268 0.319813014
v -0.487133472 -0.655487868 0.316580606
v -0.475886317 -0.679321429 0.309007251
v -0.463698641 -0.702397954 0.300617647
v -0.449235378 -0.721610199 0.287595536
v -0.433259298 -0.737791646 0.272273845
v -0.416912413 -0.755077542 0.258706987
v -0.401132937 -0.775078662 0.248562420
v -0.384850529 -0.794696568 0.238463734
v -0.369868641 -0.816535730 0.231506664
v -0.355884899 -0.839569947 0.226416451
v -0.340454786 -0.861001769 0.219233373
v -0.322377822 -0.878185200 0.207953879
v -0.303364451 -0.893611118 0.195604356
v -0.283514882 -0.906896079 0.182268712
v -0.262334859 -0.913592080 0.166301145
v -0.240665185 -0.917405717 0.149935724
v -0.218770741 -0.924163548 0.134989747
v -0.197110900 -0.934277361 0.121553497
v -0.175129212 -0.943459916 0.107971367
v -0.153589768 -0.954594251 0.095251968
v -0.133235718 -0.968984058 0.083827759
v -0.112692572 -0.982688050 0.071939262
v -0.090739299 -0.991642452 0.058341950
v -0.067928682 -0.995696869 0.043683747
v -0.044977648 -0.998261336 0.028912460
v -0.022151816 -0.995501456 0.014134547
v 0.000016647 -0.987768782 -0.000005359
v 0.022201259 -0.979365980 -0.013754471
v 0.045182498 -0.974531153 -0.027833568
v 0.068406811 -0.971729581 -0.042143356
v 0.091517347 -0.967904149 -0.056400017
v 0.114526151 -0.967442992 -0.071197675
v 0.137020323 -0.970364987 -0.086607193
v 0.159481506 -0.970961867 -0.102261732
v 0.181638997 -0.964439973 -0.116898754
v 0.203263063 -0.954960902 -0.130846910
v 0.224446099 -0.944079041 -0.144420670
v 0.243739018 -0.928053539 -0.155359346
v 0.261295197 -0.908835790 -0.163974307
v 0.279111895 -0.890001807 -0.172873874
v 0.298518063 -0.874474945 -0.184398169
v 0.317885371 -0.859255165 -0.196450149
v 0.336998341 -0.844063898 -0.208875968
v 0.356654393 -0.833010684 -0.224426443
v 0.375808058 -0.822246921 -0.240814462
v 0.393433876 -0.806376087 -0.254335410
v 0.409271469 -0.786555227 -0.264741958
v 0.424318379 -0.765834718 -0.274528631
v 0.436888655 -0.742186399 -0.280014135
v 0.447322594 -0.716895981 -0.281864579
v 0.458271552 -0.692016451 -0.285209482
v 0.470634412 -0.668750400 -0.292778899
v 0.482461495 -0.645295174 -0.300646783
v 0.494714359 -0.623972488 -0.312690490
v 0.506348637 -0.603352081 -0.326512934
v 0.516016478 -0.579815475 -0.336441525
v 0.523694593 -0.554065234 -0.341904686
v 0.530215116 -0.527772775 -0.345842236
v 0.534304743 -0.500911017 -0.342665996
v 0.537787424 -0.474040897 -0.338664984
v 0.542076012 -0.447088065 -0.340965159
v 0.545626068 -0.420063989 -0.343966429
v 0.548696382 -0.394040609 -0.351821390
v 0.550537432 -0.368411405 -0.361337645
v 0.550710926 -0.341247021 -0.364266503
v 0.549769492 -0.313858172 -0.364027561
v 0.548163842 -0.287470469 -0.357008626
v 0.546052193 -0.261337646 -0.349117706
v 0.542719405 -0.234203865 -0.347234675
v 0.538153342 -0.207222763 -0.346850699
v 0.531547938 -0.181182183 -0.352260362
v 0.524056744 -0.154990157 -0.353244048
v 0.516412759 -0.128999748 -0.349047053
v 0.510169594 -0.104669661 -0.338216677
v 0.502846683 -0.080250561 -0.328477585
v 0.492688201 -0.055305300 -0.323327484
v 0.479296738 -0.031551492 -0.323670846
v 0.465128945 -0.008408598 -0.321854510
v 0.452212316 0.014558813 -0.314311861
v 0.442657311 0.036330490 -0.300748783
v 0.429890527 0.058099251 -0.290452112
v 0.413038091 0.078711354 -0.284580095
v 0.393126573 0.097203917 -0.281514639
v 0.376051445 0.116397060 -0.271932129
v 0.363257737 0.135675803 -0.257385544
v 0.346746735 0.153844694 -0.245551863
v 0.325061979 0.168650485 -0.238466406
v 0.303025615 0.182324494 -0.230206164
v 0.285110194 0.197898903 -0.216873378
v 0.268412800 0.213591183 -0.202355822
v 0.245764567 0.224565135 -0.191943211
v 0.221339543 0.232199789 -0.182617783
v 0.201488832 0.244197029 -0.168324165
v 0.181903951 0.256008989 -0.153695421
v 0.157688142 0.260741150 -0.142347063
v 0.133480172 0.264015999 -0.130332361
v 0.113162228 0.273791458 -0.115011703
v 0.090385939 0.278978071 -0.100909857
v 0.066054404 0.275107232 -0.089163620
v 0.043097375 0.277582626 -0.074523046
v 0.020981235 0.282756470 -0.059622161
v -0.001929327 0.277094049 -0.046251111
v -0.024621888 0.272032966 -0.031975039
v -0.047574776 0.274624858 -0.017440573
v -0.069843902 0.268011164 -0.003141752
v -0.089988206 0.256589912 0.011204958
v -0.112931952 0.253003679 0.025314376
v -0.135126932 0.245927387 0.039338050
v -0.152031526 0.230453110 0.054188106
v -0.172934288 0.220155114 0.068421382
v -0.195328728 0.211597328 0.081161651
v -0.211057256 0.195221260 0.095915024
v -0.226992197 0.178793432 0.110676255
v -0.248618525 0.166711375 0.122117467
v -0.265788951 0.150028896 0.135238491
v -0.275519077 0.129829249 0.150924741
v -0.291096617 0.111425386 0.163889886
v -0.310271267 0.094295604 0.173100390
v -0.321937081 0.073433062 0.186259711
v -0.328517413 0.051835733 0.201610848
v -0.340805554 0.030183867 0.212905501
v -0.356118117 0.008689930 0.219736408
v -0.364570492 -0.014660808 0.231247923
v -0.366818619 -0.037171982 0.246697337
v -0.373645432 -0.061333693 0.257660497
v -0.384275353 -0.086134195 0.262165001
v -0.390422229 -0.111576802 0.269890851
v -0.392124537 -0.136191767 0.281411108
v -0.391179243 -0.159770026 0.295178942
v -0.393201766 -0.185853446 0.303337230
v -0.397361885 -0.212877232 0.304494955
v -0.398068900 -0.239790727 0.308846283
v -0.395852613 -0.265912186 0.316597822
v -0.390475806 -0.289092575 0.330191257
v -0.386542876 -0.315118169 0.337529938
v -0.382605817 -0.341932541 0.341001714
v -0.379045513 -0.368894103 0.337576818
v -0.372724562 -0.395432756 0.338853883
v -0.364653038 -0.421208914 0.343279066
v -0.355334020 -0.444778893 0.353699855
v -0.345588970 -0.469323693 0.360526966
v -0.335239500 -0.494648906 0.362399325
v -0.324259846 -0.519462649 0.359647967
v -0.312567577 -0.542988314 0.351806129
v -0.299199147 -0.566648205 0.348890967
v -0.284846890 -0.590005172 0.348305312
v -0.270424921 -0.612734155 0.353229311
v -0.255799541 -0.635074286 0.359364241
v -0.239677558 -0.657145886 0.358914668
v -0.222644044 -0.678443861 0.356043420
v -0.204878630 -0.697492784 0.347981886
v -0.186616426 -0.713592576 0.335372081
v -0.167182450 -0.730888224 0.327050134
v -0.147122054 -0.748814450 0.321738847
v -0.126707905 -0.766559613 0.317520987
v -0.106988530 -0.785579473 0.318277987
v -0.086902565 -0.804202544 0.318554863
v -0.065358931 -0.820119078 0.313107902
v -0.043164757 -0.834181932 0.305256422
v -0.020729651 -0.845336092 0.294365976
v 0.001297767 -0.851853199 0.279420730
v 0.023772411 -0.857541441 0.264798742
v 0.047389997 -0.865995078 0.253817551
v 0.071382286 -0.874627908 0.243726552
v 0.095581095 -0.883372859 0.234348958
v 0.119493369 -0.895689048 0.229102092
v 0.143430438 -0.907981582 0.223920025
v 0.167859571 -0.915630744 0.214422992
v 0.192125878 -0.919510709 0.202254484
v 0.216325585 -0.922125463 0.189642129
v 0.239153863 -0.919907554 0.174782081
v 0.260192488 -0.913212964 0.158539556
v 0.281410574 -0.906043282 0.142732232
v 0.304537027 -0.902116736 0.128609378
v 0.328230313 -0.899118909 0.115132670
v 0.351777561 -0.895388047 0.101585514
v 0.376430286 -0.895750805 0.089680495
v 0.401350016 -0.898307973 0.078524366
v 0.425638994 -0.897711843 0.065965049
v 0.447835484 -0.890729355 0.051557937
v 0.469148269 -0.881728750 0.036836246
v 0.489491651 -0.870939385 0.022020341
v 0.506293630 -0.855030629 0.007420798
v 0.520653364 -0.836253883 -0.006473529
v 0.535634862 -0.817860280 -0.020206215
v 0.553477179 -0.802668027 -0.034404915
v 0.571548530 -0.787785048 -0.048684925
v 0.589939717 -0.773545805 -0.063151598
v 0.610231164 -0.763019140 -0.078280456
v 0.630440969 -0.752949756 -0.093834986
v 0.648417996 -0.739233177 -0.109243635
v 0.662748573 -0.720697673 -0.123453066
v 0.675903749 -0.701022149 -0.137302637
v 0.687037747 -0.679606190 -0.150163056
v 0.693029403 -0.654597670 -0.159551209
v 0.697344384 -0.628733408 -0.167576304
v 0.704369084 -0.604336640 -0.177763668
v 0.713510442 -0.581545395 -0.189969651
v 0.721792911 -0.558311341 -0.201951885
v 0.731679757 -0.537001287 -0.216000194
v 0.742736972 -0.517713795 -0.232052506
v 0.751937025 -0.497030114 -0.247458790
v 0.756776973 -0.472833133 -0.259255877
v 0.759538708 -0.447530245 -0.269460066
v 0.759785871 -0.421299081 -0.277117330
v 0.756311692 -0.394266510 -0.279912469
v 0.752259302 -0.367249430 -0.282173509
v 0.750362114 -0.340707145 -0.288571482
v 0.748661725 -0.314486285 -0.296417654
v 0.746701810 -0.288617597 -0.305180212
v 0.746247311 -0.264596222 -0.318368560
v 0.744490786 -0.240598122 -0.331452806
v 0.739055737 -0.214940706 -0.339130084
v 0.731753283 -0.189014597 -0.344277563
v 0.722366855 -0.163365593 -0.344692110
v 0.711518121 -0.138539709 -0.340465740
v 0.700821615 -0.113400450 -0.339349446
v 0.690261069 -0.088277110 -0.342393364
v 0.679085074 -0.063671115 -0.346640614
v 0.668222269 -0.040707638 -0.356925410
v 0.655399876 -0.017663135 -0.363860571
v 0.640795562 0.005536524 -0.364424641
v 0.625503624 0.028071730 -0.362190172
v 0.610488201 0.049287768 -0.353483268
v 0.594437964 0.070674342 -0.347942876
v 0.577049727 0.091830429 -0.346526068
v 0.558479999 0.111567600 -0.350003939
v 0.538753788 0.130008088 -0.354426846
v 0.518849063 0.148590522 -0.351450636
v 0.499187562 0.166505175 -0.345235112
v 0.481646957 0.183757689 -0.333138962
v 0.461166387 0.200403497 -0.326107282
v 0.438664661 0.215513472 -0.322700889
v 0.414194026 0.227777768 -0.324053986
v 0.390773186 0.240738418 -0.318466869
v 0.369061748 0.253816314 -0.308483027
v 0.349638619 0.267218378 -0.294714710
v 0.325714881 0.277902122 -0.286637440
v 0.299449802 0.284561346 -0.283393663
v 0.273732489 0.290966559 -0.277124026
v 0.250674693 0.299407494 -0.265267143
v 0.229457170 0.308794904 -0.250901707
v 0.204342340 0.313520084 -0.241044283
v 0.177497277 0.312120161 -0.235909123
v 0.152587344 0.314293759 -0.224709687
v 0.130929881 0.320652862 -0.209255143
v 0.106638695 0.321880289 -0.196811757
v 0.081371236 0.315394667 -0.188703430
v 0.057089303 0.312176109 -0.176499563
v 0.034783921 0.314622997 -0.160885796
v 0.011202985 0.310596241 -0.147703911
v -0.011198177 0.298624659 -0.137530129
v -0.033816844 0.292524652 -0.123409663
v -0.056148474 0.290195392 -0.108150446
v -0.076852892 0.278078906 -0.095393431
v -0.096280197 0.264167827 -0.082355802
v -0.118135867 0.258053481 -0.067234885
v -0.138107469 0.246122551 -0.052935904
v -0.152919864 0.227310095 -0.039746502
v -0.172121383 0.214790300 -0.024983084
v -0.191455476 0.202345726 -0.010597942
v -0.203064462 0.182275977 0.003440316
v -0.217471468 0.164321169 0.018185897
v -0.236264363 0.150002597 0.031835263
v -0.246502278 0.129447909 0.046341181
v -0.254889642 0.108228962 0.061199905
v -0.270278874 0.089902426 0.074214781
v -0.280997305 0.068906504 0.087889240
v -0.282966071 0.046391387 0.103283836
v -0.291760522 0.024338600 0.116774793
v -0.302752130 0.002307547 0.128117279
v -0.304318392 -0.020618576 0.142593243
v -0.304375186 -0.043486471 0.157369057
v -0.311292635 -0.067675096 0.167777276
v -0.314515520 -0.092280628 0.178987685
v -0.310218776 -0.114677169 0.193771957
v -0.306927489 -0.138038564 0.207446662
v -0.308622750 -0.163950343 0.215681214
v -0.306831276 -0.189456228 0.225044230
v -0.299236561 -0.211667910 0.238648987
v -0.290844887 -0.233686310 0.252203335
v -0.285114564 -0.258916709 0.260875263
v -0.280440105 -0.285504368 0.265126949
v -0.270733168 -0.309327777 0.274547287
v -0.257702970 -0.328549337 0.289054399
v -0.245648240 -0.350804299 0.299317600
v -0.234148667 -0.374852645 0.305084519
v -0.223007157 -0.399852938 0.305716836
v -0.208384734 -0.422165366 0.311976975
v -0.192153355 -0.441047014 0.323107877
v -0.175342865 -0.459296099 0.334498477
v -0.158198102 -0.479935876 0.340152464
v -0.141217209 -0.501204985 0.339569241
v -0.123347816 -0.521688199 0.337052300
v -0.103442222 -0.540240860 0.340435559
v -0.083012693 -0.557027039 0.347172626
v -0.062634598 -0.572094897 0.357607775
v -0.041036480 -0.588396188 0.361492738
v -0.018804712 -0.604343999 0.361848195
v 0.003188585 -0.619116526 0.354918615
v 0.026207866 -0.632732487 0.349240349
v 0.050367160 -0.645685788 0.348565392
v 0.074827146 -0.657847541 0.349581950
v 0.098537829 -0.669537509 0.356830869
v 0.123207297 -0.680682479 0.360187854
v 0.148673967 -0.690527181 0.357638390
v 0.174245208 -0.699038376 0.352985296
v 0.198693699 -0.704594064 0.341973669
v 0.223317183 -0.708778155 0.330701251
v 0.249541101 -0.713823480 0.324585697
v 0.276027826 -0.718224871 0.319010976
v 0.302789552 -0.723447368 0.317243880
v 0.329397076 -0.729775056 0.319218349
v 0.356274424 -0.733956748 0.316953520
v 0.382632116 -0.735036717 0.309482893
v 0.408754110 -0.734915319 0.301168403
v 0.432644530 -0.731163020 0.288424843
v 0.454390573 -0.724495341 0.273113008
v 0.477156139 -0.717879106 0.259398059
v 0.502131926 -0.713054012 0.249169720
v 0.527039090 -0.707643329 0.239053906
v 0.553245870 -0.704244713 0.231901636
v 0.580138773 -0.702458274 0.226838188
v 0.606354521 -0.698809307 0.219844455
v 0.630037126 -0.690821028 0.208690995
v 0.652515162 -0.681090086 0.196361093
v 0.673610975 -0.669744518 0.183133704
v 0.689542895 -0.654193101 0.167248353
v 0.702910198 -0.636740288 0.150857590
v 0.718780598 -0.620300174 0.135810822
v 0.737722825 -0.605730543 0.122361959
v 0.756036072 -0.590484494 0.108791341
v 0.775698926 -0.576363563 0.096001761
v 0.797788762 -0.564846449 0.084550422
v 0.819495518 -0.553008649 0.072723028
v 0.837796434 -0.537852483 0.059218075
v 0.851993652 -0.519534409 0.044575118
v 0.864937153 -0.500400677 0.029811069
v 0.873304836 -0.478998655 0.015014284
v 0.876774445 -0.455801693 0.000837138
v 0.879435733 -0.432226458 -0.012912786
v 0.885539590 -0.409534405 -0.026973344
v 0.893799876 -0.387650694 -0.041286751
v 0.901031684 -0.365365279 -0.055536988
v 0.910461210 -0.344277725 -0.070236587
v 0.922652506 -0.325081259 -0.085559906
v 0.933705340 -0.305479595 -0.101202711
v 0.939726936 -0.283465088 -0.116250439
v 0.941360239 -0.259930056 -0.130224793
v 0.941526268 -0.236130208 -0.143823847
v 0.936377665 -0.211643012 -0.154870374
v 0.927471908 -0.187206535 -0.163541256
v 0.918901285 -0.162725687 -0.172406906
v 0.913953965 -0.138340777 -0.183856849
v 0.909397405 -0.114140591 -0.195922500
v 0.904643394 -0.090158542 -0.208288645
v 0.903794802 -0.067574407 -0.223762235
v 0.903136021 -0.045624856 -0.240166784
v 0.897391898 -0.022705490 -0.253840180
v 0.887148063 0.000486696 -0.264285507
v 0.875740040 0.023393336 -0.274120388
v 0.860667223 0.045477854 -0.279784372
v 0.843056617 0.066405841 -0.281696857
v 0.825956729 0.087554692 -0.284933325
v 0.810968926 0.109243894 -0.292430731
v 0.795599750 0.130552421 -0.300284083
v 0.782224332 0.151278710 -0.312157240
v 0.769352757 0.171121232 -0.326026465
v 0.753041110 0.190555120 -0.336147119
v 0.733762292 0.209252028 -0.341673612
v 0.713511738 0.227207319 -0.345894251
v 0.691628481 0.243491789 -0.343803318
v 0.669347688 0.258931656 -0.339707215
v 0.647224447 0.274981615 -0.340843102
v 0.624880846 0.290594416 -0.343831151
v 0.603160381 0.305335601 -0.351507222
v 0.581318025 0.318804693 -0.361129713
v 0.557323357 0.331487391 -0.364247022
v 0.532573992 0.343293592 -0.364429177
v 0.508260730 0.354056052 -0.358369631
v 0.484410548 0.364132873 -0.349441883
v 0.458838930 0.373703054 -0.347305093
v 0.432798665 0.382137016 -0.346737948
v 0.406648612 0.388338508 -0.352082247
v 0.379956418 0.393732671 -0.353413917
v 0.353349728 0.398933415 -0.349318378
v 0.328774859 0.404562758 -0.338744789
v 0.303841997 0.409400577 -0.328731534
v 0.277026433 0.411913791 -0.323577405
v 0.249786755 0.411148145 -0.323600063
v 0.222695571 0.409134498 -0.322178138
v 0.196311836 0.408220504 -0.314781371
v 0.172504247 0.409690089 -0.301373044
v 0.147408309 0.408582381 -0.290825603
v 0.121345862 0.403332354 -0.284705441
v 0.095743313 0.394105872 -0.281864262
v 0.070807004 0.387726133 -0.272430298
v 0.047723497 0.385064814 -0.258078231
v 0.024048363 0.379056440 -0.246030279
v 0.000842646 0.366912915 -0.238708061
v -0.021422731 0.353437946 -0.230743466
v -0.043534408 0.344409941 -0.217623629
v -0.065158843 0.337177396 -0.202903722
v -0.085479169 0.322416789 -0.192303157
v -0.103428864 0.304030168 -0.183217861
v -0.123162680 0.291632942 -0.169073722
v -0.142781997 0.280053497 -0.154299767
v -0.158387883 0.261017351 -0.142793054
v -0.172275553 0.240811065 -0.130979952
v -0.190175279 0.227053384 -0.115733075
v -0.205509280 0.209538865 -0.101539907
v -0.213384351 0.186211967 -0.089802463
v -0.225884617 0.166720943 -0.075239611
v -0.240925331 0.149705599 -0.060285514
v -0.246844384 0.126894278 -0.046851183
v -0.252508717 0.104312762 -0.032666013
v -0.264974972 0.084897501 -0.018072989
v -0.270157994 0.062310580 -0.003748981
v -0.269060975 0.039138764 0.010560387
v -0.276133057 0.017059879 0.024741996
v -0.280497982 -0.005818091 0.038713543
v -0.274707464 -0.027977339 0.053535272
v -0.274824534 -0.051230653 0.067864476
v -0.277864438 -0.075062284 0.080552632
v -0.271323289 -0.096985431 0.095175611
v -0.263402086 -0.118344328 0.110094084
v -0.262455628 -0.143016084 0.121664835
v -0.256086813 -0.166227977 0.134564535
v -0.242538992 -0.183998480 0.150265821
v -0.233160941 -0.206111546 0.163411315
v -0.226962974 -0.231114279 0.172565021
v -0.214025391 -0.251337110 0.185575333
v -0.197781046 -0.266935663 0.201053675
v -0.184124580 -0.287671891 0.212534223
v -0.172257900 -0.311309393 0.219259121
v -0.155530387 -0.329777995 0.230626401
v -0.136591452 -0.342143154 0.246083355
v -0.118266152 -0.359172162 0.257224581
v -0.101126580 -0.379930676 0.261953271
v -0.081477007 -0.397286679 0.269481909
v -0.060425266 -0.410374962 0.280778700
v -0.039091001 -0.420225831 0.294752019
v -0.016883577 -0.433962156 0.303087298
v 0.005190752 -0.450063340 0.304447271
v 0.028689555 -0.463258905 0.308546854
v 0.052917903 -0.473463633 0.316104508
v 0.075963108 -0.479378002 0.329703797
v 0.100817742 -0.487790924 0.337280192
v 0.126423977 -0.496606753 0.340998519
v 0.151985870 -0.505908169 0.337651098
v 0.178431415 -0.512614030 0.338696959
v 0.205054762 -0.517395064 0.342951294
v 0.230293915 -0.520008825 0.353292779
v 0.256496297 -0.522630685 0.360430045
v 0.283737736 -0.525137583 0.362329298
v 0.310854144 -0.526844325 0.359904759
v 0.337118117 -0.527347433 0.352053976
v 0.364246019 -0.526417680 0.348915730
v 0.391589920 -0.524457996 0.348311060
v 0.418439178 -0.522118536 0.352993900
v 0.444980396 -0.519449685 0.359261696
v 0.472000029 -0.515351108 0.359028817
v 0.498757640 -0.510067378 0.356183299
v 0.523952229 -0.503143289 0.348412880
v 0.546682583 -0.494394816 0.335825505
v 0.570899741 -0.485099331 0.327273717
v 0.596066168 -0.475576524 0.321987276
v 0.621189105 -0.465599201 0.317622370
v 0.647144464 -0.456825845 0.318299864
v 0.672946315 -0.447628164 0.318705857
v 0.697072037 -0.435914557 0.313448256
v 0.719796109 -0.422712219 0.305618443
v 0.740193398 -0.408011156 0.294921810
v 0.756207023 -0.391496060 0.280029254
v 0.771562908 -0.374178046 0.265345982
v 0.789859180 -0.357093775 0.254257409
v 0.808596515 -0.339790098 0.244183560
v 0.827304532 -0.322231050 0.234567715
v 0.848671817 -0.306180250 0.228506952
v 0.870445501 -0.290416608 0.223110379
v 0.889507043 -0.272745898 0.214621718
v 0.904369264 -0.253073708 0.202639764
v 0.917872201 -0.232808379 0.190047940
v 0.926533097 -0.211539777 0.175235149
v 0.930333438 -0.189787992 0.158998247
v 0.933712584 -0.167660841 0.143171720
v 0.940811619 -0.145322838 0.129020199
v 0.949083403 -0.122915191 0.115549756
v 0.956614722 -0.100295870 0.102001023
v 0.968206352 -0.078555476 0.090067367
v 0.981954570 -0.057609107 0.078921637
v 0.992709243 -0.035797584 0.066404309
v 0.996823971 -0.012886906 0.052016753
v 0.998673477 0.010175915 0.037297382
v 0.998547172 0.033207555 0.022483608
v 0.992263718 0.055467040 0.007869112
v 0.982231846 0.076862096 -0.006038581
v 0.972760369 0.098614055 -0.019770724
v 0.967447903 0.121438834 -0.033965308
v 0.962581950 0.144337363 -0.048247511
v 0.958343518 0.167216790 -0.062703196
v 0.958313583 0.190083437 -0.077820961
v 0.958710323 0.212663852 -0.093369077
v 0.954917148 0.234947713 -0.108786315
v 0.945142245 0.256221645 -0.123016580
v 0.933757118 0.276967092 -0.136872832
v 0.919954194 0.296743420 -0.149773326
v 0.900592043 0.313624917 -0.159225279
v 0.879621100 0.329362340 -0.167258699
v 0.861132384 0.346789618 -0.177394615
v 0.845115053 0.365403976 -0.189598724
v 0.828307140 0.383458747 -0.201578593
v 0.813879306 0.402034977 -0.215577011
v 0.801849007 0.420742228 -0.231615945
v 0.787797369 0.438460451 -0.247057015
v 0.768639456 0.453946658 -0.258931374
v 0.747465220 0.468062398 -0.269148500
v 0.724353355 0.480413133 -0.276901243
v 0.698780909 0.489813638 -0.279766670
v 0.672922029 0.498637941 -0.281995281
v 0.648457047 0.509145950 -0.288320199
v 0.624411840 0.519728661 -0.296182631
v 0.600510512 0.529889740 -0.304871319
v 0.578957390 0.540554360 -0.318019170
v 0.556900678 0.550088181 -0.331168845
v 0.531674067 0.557126937 -0.338961585
v 0.505304641 0.562598728 -0.344129892
v 0.478226965 0.566124901 -0.344696727
v 0.451189973 0.567938254 -0.340509477
v 0.423951787 0.569997512 -0.339267854
v 0.396788078 0.572204692 -0.342304745
v 0.369775728 0.573621532 -0.346439474
v 0.344376502 0.574578370 -0.356686420
v 0.318059698 0.573846527 -0.363803903
v 0.290741419 0.571587698 -0.364419192
v 0.263680451 0.568399699 -0.362322112
v 0.237912553 0.564841948 -0.353686778
v 0.211564736 0.560469689 -0.347980360
v 0.184773677 0.554798255 -0.346554632
v 0.158673583 0.547448409 -0.349883532
v 0.133233874 0.538444977 -0.354450604
v 0.107565629 0.529333136 -0.351572251
v 0.082571929 0.520088149 -0.345529047
v 0.059175678 0.512465524 -0.333439848
v 0.034984375 0.502029234 -0.326267268
v 0.011178242 0.489089663 -0.322718922
v -0.010989163 0.473032762 -0.324137222
v -0.033280427 0.458172550 -0.318691354
v -0.054911358 0.444814382 -0.308882772
v -0.075749984 0.433856441 -0.294985572
v -0.096273579 0.417586171 -0.286874460
v -0.114358440 0.397445723 -0.283485849
v -0.131848139 0.377475628 -0.277423738
v -0.149943001 0.360754227 -0.265718980
v -0.168085940 0.346385321 -0.251235295
v -0.183947575 0.326397492 -0.241245059
v -0.195368839 0.302129021 -0.235781984
v -0.208480978 0.280645208 -0.225051047
v -0.224051735 0.264257642 -0.209666866
v -0.236461404 0.243421357 -0.197106448
v -0.242568957 0.218231194 -0.188859810
v -0.250630851 0.195011466 -0.176918360
v -0.262996336 0.176262830 -0.161356856
v -0.270501006 0.153614324 -0.148072314
v -0.270225292 0.128209865 -0.137922422
v -0.275022702 0.105214618 -0.123896849
v -0.283418190 0.084401951 -0.108582030
v -0.282455521 0.060454200 -0.095751923
v -0.278856595 0.036783192 -0.082811071
v -0.283102473 0.014540026 -0.067761045
v -0.282267004 -0.008614623 -0.053398153
v -0.272356368 -0.030435393 -0.040239409
v -0.269825069 -0.053229822 -0.025472595
v -0.267972956 -0.076143815 -0.011083703
v -0.255743393 -0.095816945 0.002959943
v -0.246163851 -0.116737438 0.017695505
v -0.242224207 -0.140051595 0.031353011
v -0.228931324 -0.158810049 0.045841836
v -0.213790703 -0.175866366 0.060706465
v -0.204481369 -0.197854913 0.073796251
v -0.191033838 -0.217261334 0.087395423
v -0.171932310 -0.229347546 0.102794299
v -0.156269242 -0.247129538 0.116400997
v -0.141948735 -0.267221564 0.127665286
v -0.122404109 -0.279429484 0.142059973
v -0.102084917 -0.289796498 0.156917852
v -0.083741944 -0.306911347 0.167476296
v -0.063489124 -0.321313162 0.178570565
v -0.041638481 -0.328049377 0.193242766
v -0.019404089 -0.335693843 0.207034752
v 0.002823052 -0.348983786 0.215451512
v 0.026243813 -0.359339604 0.224672796
v 0.049518492 -0.363060243 0.238120701
v 0.072848051 -0.365562478 0.251842426
v 0.097861158 -0.371984200 0.260692567
v 0.123604880 -0.380223733 0.264837206
v 0.149248860 -0.382679849 0.274170832
v 0.172353497 -0.380034945 0.288606646
v 0.197580292 -0.379496955 0.299032419
v 0.224189429 -0.380291962 0.305005130
v 0.251515843 -0.382003823 0.305566203
v 0.278073146 -0.379361055 0.311758545
v 0.302406414 -0.373736946 0.322696573
v 0.326256339 -0.367173453 0.334270121
v 0.352464250 -0.361472733 0.339972484
v 0.379153861 -0.356158859 0.339660495
v 0.405577740 -0.349812843 0.336961111
v 0.431224480 -0.340715866 0.340328014
v 0.455598438 -0.330339248 0.346878079
v 0.478330737 -0.319196682 0.357388916
v 0.502720778 -0.307542495 0.361429559
v 0.527126751 -0.295160414 0.361945042
v 0.550401466 -0.282451929 0.355116882
v 0.573082475 -0.268334784 0.349277830
v 0.595717437 -0.252872128 0.348593521
v 0.617799080 -0.236718857 0.349177284
v 0.639215733 -0.220836313 0.355520804
v 0.660475488 -0.204193068 0.359891216
v 0.680995990 -0.186153151 0.357711864
v 0.700362226 -0.167380529 0.353153482
v 0.716594137 -0.148240752 0.342198958
v 0.731637112 -0.128326033 0.330881233
v 0.748178245 -0.107377463 0.324718708
v 0.764294474 -0.085898680 0.319158027
v 0.781223024 -0.064533741 0.317298588
v 0.799094492 -0.043831819 0.319289239
v 0.815223532 -0.021916689 0.317122769
v 0.828343688 0.000978350 0.309683398
v 0.840285942 0.024220342 0.301393966
v 0.848038532 0.047168466 0.288729398
v 0.852155252 0.069541257 0.273422364
v 0.856741854 0.092780670 0.259672874
v 0.863947215 0.117166263 0.249423850
v 0.870616741 0.141766119 0.239307568
v 0.879627075 0.166595408 0.232114990
v 0.890425650 0.191291389 0.227059464
v 0.899309352 0.216242542 0.220119823
v 0.903170869 0.240951538 0.209002395
v 0.904899478 0.265388684 0.196680915
v 0.904598936 0.289358819 0.183483362
v 0.898198418 0.310696475 0.167618683
v 0.888872463 0.330598201 0.151220818
v 0.881542171 0.352225455 0.136149823
v 0.877333732 0.375748721 0.122700099
v 0.872248967 0.399031610 0.109134353
v 0.868728649 0.422974676 0.096330962
v 0.868657061 0.447885229 0.084878039
v 0.868174393 0.472615043 0.073070265
v 0.863221555 0.495870468 0.059590534
v 0.853526077 0.516923473 0.044952284
v 0.842528670 0.537240617 0.030190598
v 0.827448740 0.554576003 0.015387964
v 0.808481686 0.568361215 0.001198454
v 0.788779416 0.581572978 -0.012556772
v 0.771412815 0.597404265 -0.026614211
v 0.755799618 0.614820830 -0.040928470
v 0.739350875 0.631505512 -0.055178702
v 0.724933698 0.649562356 -0.069869384
v 0.713505079 0.669228510 -0.085184817
v 0.701221820 0.688086236 -0.100824609
v 0.684517800 0.703622023 -0.115886088
v 0.664399481 0.715931615 -0.129869651
v 0.643368842 0.727061183 -0.143480174
v 0.619302253 0.733828097 -0.154570368
v 0.593522338 0.737198852 -0.163266965
v 0.567839133 0.740844377 -0.172124581
v 0.543896579 0.747650496 -0.183549673
v 0.520324765 0.754763233 -0.195623293
v 0.496829945 0.761567998 -0.207969277
v 0.476362736 0.771195278 -0.223414466
v 0.456594131 0.780745416 -0.239826055
v 0.433655555 0.786268645 -0.253555083
v 0.408364224 0.787883531 -0.264024630
v 0.382786117 0.788327142 -0.273882098
v 0.356253608 0.785169367 -0.279621360
v 0.329566921 0.779188332 -0.281563607
v 0.302919334 0.773721402 -0.284760855
v 0.276760123 0.770394915 -0.292232711
v 0.250766586 0.766568146 -0.300083564
v 0.226181989 0.764213474 -0.311889080
v 0.202646722 0.761952022 -0.325773207
v 0.177908450 0.756479926 -0.335984670
v 0.152434677 0.747996752 -0.341541597
v 0.127168902 0.738316043 -0.345826191
v 0.102621247 0.726408931 -0.343825570
v 0.078662855 0.713735362 -0.339696047
v 0.054230483 0.701480721 -0.340764331
v 0.030077864 0.688844311 -0.343748337
v 0.006968268 0.676343792 -0.351333788
v -0.015047557 0.663187728 -0.360997968
v -0.037352177 0.647756898 -0.364234215
v -0.059236979 0.631234191 -0.364450202
v -0.080010127 0.614590562 -0.358533430
v -0.099926811 0.598077556 -0.349534303
v -0.120203147 0.579802041 -0.347343103
v -0.139701535 0.560586816 -0.346697466
v -0.157274569 0.540247538 -0.352015593
v -0.174344373 0.519036071 -0.353506395
v -0.191221486 0.497812741 -0.349445328
v -0.207541355 0.478535249 -0.339004544
v -0.223326226 0.458691362 -0.328875098
v -0.237922027 0.436058084 -0.323714566
v -0.249857064 0.411569265 -0.323590406
v -0.260508975 0.386563040 -0.322354673
v -0.271847996 0.362701825 -0.315015536
v -0.284096528 0.342186044 -0.301694011
v -0.294726650 0.319485294 -0.291028606
v -0.302147907 0.293974693 -0.284805175
v -0.305739571 0.266984436 -0.282047752
v -0.311532215 0.241876276 -0.272699703
v -0.319736176 0.220084495 -0.258442124
v -0.325408957 0.196387552 -0.246290936
v -0.325453117 0.170227684 -0.238853906
v -0.323647334 0.144219082 -0.231036149
v -0.325694082 0.120350461 -0.218021705
v -0.329387989 0.097903056 -0.203202997
v -0.325797311 0.073069136 -0.192512838
v -0.317626806 0.048651864 -0.183544921
v -0.315570524 0.025384269 -0.169473672
v -0.314503489 0.002666937 -0.154629899
v -0.304971784 -0.019999341 -0.143045214
v -0.293289775 -0.041608795 -0.131333529
v -0.289166547 -0.063825517 -0.116127819
v -0.280870515 -0.085526706 -0.101891841
v -0.263885393 -0.103312955 -0.090143194
v -0.252142287 -0.123311129 -0.075628960
v -0.244123071 -0.144558904 -0.060648073
v -0.226750491 -0.160462754 -0.047180883
v -0.209194509 -0.175780098 -0.033043361
v -0.197626285 -0.195721864 -0.018441526
v -0.180158013 -0.210948219 -0.004106849
v -0.159008064 -0.220535779 0.010181678
v -0.142557712 -0.236844784 0.024402960
v -0.124399156 -0.251425477 0.038347688
v -0.102102012 -0.256613533 0.053151196
v -0.081435438 -0.267205650 0.067533943
v -0.061754476 -0.281034558 0.080194441
v -0.039288592 -0.285530668 0.094782258
v -0.016687319 -0.288168630 0.109732808
v 0.005651489 -0.298572154 0.121379716
v 0.029169965 -0.303796686 0.134213493
v 0.051197938 -0.300023131 0.149888257
v 0.075105664 -0.301723271 0.163132624
v 0.100154802 -0.307837204 0.172258039
v 0.124133017 -0.305821462 0.185191620
v 0.145404960 -0.298503281 0.200723985
v 0.170008891 -0.295726311 0.212412645
v 0.196524124 -0.296114592 0.219181562
v 0.220754971 -0.289992764 0.230349862
v 0.240472220 -0.278896553 0.245788998
v 0.263928717 -0.270386247 0.257067136
v 0.290031709 -0.264543955 0.262152823
v 0.314668172 -0.255403746 0.269249767
v 0.336082611 -0.242803663 0.280436035
v 0.354567618 -0.228375078 0.294512401
v 0.376951123 -0.214976057 0.302936886
v 0.401392266 -0.202785038 0.304398842
v 0.423984638 -0.188066111 0.308375331
v 0.444266055 -0.171282703 0.315841738
v 0.460129018 -0.153553938 0.329445021
v 0.478991647 -0.135370209 0.337137823
v 0.498589823 -0.116696021 0.340965914
v 0.518633339 -0.098300785 0.337669377
v 0.536797720 -0.077943169 0.338607947
v 0.553494751 -0.056493157 0.342161682
v 0.567455147 -0.035286316 0.352345743
v 0.581580551 -0.013397043 0.360363789
v 0.596364382 0.009619326 0.362281306
v 0.610380397 0.032912273 0.360028578
v 0.622954384 0.055982988 0.352200971
v 0.634634224 0.080464923 0.348932134
v 0.645498402 0.105634333 0.348318508
v 0.655790185 0.130563293 0.352861327
v 0.665647726 0.155332632 0.359209601
v 0.674476462 0.181193549 0.359106124
v 0.682124016 0.207375627 0.356278174
v 0.687645278 0.232963362 0.348678995
v 0.690380172 0.257172132 0.336106638
v 0.693253729 0.282909295 0.327425036
v 0.696408081 0.309634980 0.322155415
v 0.699097946 0.336523218 0.317709549
v 0.703244512 0.363606065 0.318345139
v 0.706993497 0.390741189 0.318827367
v 0.707760920 0.417567999 0.313677333
v 0.706526186 0.443824814 0.305864349
v 0.702934181 0.468748380 0.295259679
v 0.695705833 0.490616981 0.280416238
v 0.687401226 0.512200006 0.265700492
v 0.680634709 0.536271730 0.254554941
v 0.673918896 0.560881564 0.244492929
v 0.666927070 0.585557273 0.234846620
v 0.662476867 0.611896018 0.228740212
v 0.658536944 0.638495633 0.223381836
v 0.651703119 0.663605781 0.214975213
v 0.641112034 0.685882071 0.203015844
v 0.629368148 0.707227530 0.190443905
v 0.614542990 0.724802182 0.175676572
v 0.597014361 0.738236122 0.159445081
v 0.578924705 0.751398069 0.143600114
v 0.562335453 0.767931618 0.129421161
v 0.546267806 0.785609831 0.115956852
v 0.529658188 0.802710764 0.102406720
v 0.515641042 0.822952050 0.090445813
v 0.503376936 0.844805742 0.079310332
v 0.489031540 0.864470141 0.066833503
v 0.470636272 0.878747296 0.052464830
v 0.451027279 0.891030213 0.037747740
v 0.430557053 0.901596944 0.022936098
v 0.407932983 0.906363999 0.008307275
v 0.384330438 0.907331893 -0.005613404
v 0.360659509 0.908914019 -0.019347250
v 0.337936470 0.914648466 -0.033535886
v 0.315377918 0.920898924 -0.047820394
v 0.293089572 0.927613868 -0.062265676
v 0.272758687 0.938095286 -0.077372773
v 0.252906733 0.948871797 -0.092914601
v 0.231416950 0.955859415 -0.108339911
v 0.208051499 0.957054422 -0.122590126
v 0.184397145 0.956523860 -0.136452892
v 0.160509931 0.953678501 -0.149505477
v 0.136517767 0.945145585 -0.159548371
v 0.112822522 0.934154488 -0.167899236
v 0.088910084 0.924698136 -0.177343105
v 0.064988094 0.918635711 -0.189286482
v 0.041220370 0.912033469 -0.201265888
v 0.018074238 0.907736244 -0.215229196
v -0.004078363 0.905676165 -0.231258817
v -0.026270092 0.901418921 -0.246725633
v -0.048838108 0.891620347 -0.258657255
v -0.071121655 0.879339425 -0.268885495
v -0.092903951 0.865321348 -0.277698173
v -0.113058534 0.847078792 -0.280797931
v -0.132463917 0.827760411 -0.282171198
v -0.152937293 0.810605096 -0.288008772
v -0.173417685 0.794161339 -0.295891457
v -0.193453029 0.777571856 -0.304475915
v -0.212865928 0.763327987 -0.317566288
v -0.231502821 0.748231209 -0.330804244
v -0.249393875 0.729171953 -0.338752740
v -0.266407264 0.708300065 -0.343939911
v -0.282058741 0.685936515 -0.344719871
v -0.296136413 0.662775133 -0.340583438
v -0.310479967 0.639535131 -0.339169415
v -0.324962991 0.616447511 -0.342194430
v -0.338683494 0.593097579 -0.346175560
v -0.351267165 0.570991225 -0.356369691
v -0.362755688 0.547369310 -0.363730158
v -0.373357139 0.522093974 -0.364412169
v -0.383010047 0.496592739 -0.362496803
v -0.391733720 0.472058609 -0.353955314
v -0.400001810 0.446706490 -0.348026427
v -0.407333608 0.420321607 -0.346587235
v -0.412899661 0.393762300 -0.349717188
v -0.416633177 0.367058740 -0.354472958
v -0.420370636 0.340069752 -0.351722154
v -0.423653882 0.313570427 -0.345875850
v -0.427664940 0.289277184 -0.333823119
v -0.429624131 0.263063500 -0.326464697
v -0.429209679 0.235982346 -0.322729559
v -0.425200231 0.208906655 -0.324197503
v -0.422224729 0.182252017 -0.318968443
v -0.420219874 0.156807432 -0.309386800
v -0.420195307 0.133323267 -0.295353636
v -0.415275057 0.107621228 -0.287188786
v -0.405917016 0.082268733 -0.283588752
v -0.396116124 0.057538337 -0.277792908
v -0.389438952 0.033709474 -0.266284624
v -0.385226742 0.011026818 -0.251648277
v -0.374926901 -0.012284998 -0.241562951
v -0.358732609 -0.033648959 -0.236074731
v -0.345553662 -0.055167916 -0.225524466
v -0.338029056 -0.076537005 -0.210243505
v -0.325477219 -0.097190304 -0.197563863
v -0.306148131 -0.114353941 -0.189178929
v -0.289075881 -0.132121380 -0.177416924
v -0.277942432 -0.151670320 -0.161948313
v -0.261613607 -0.168939847 -0.148520465
v -0.238949658 -0.180438442 -0.138400030
v -0.220420620 -0.195062195 -0.124523313
v -0.206023102 -0.212352211 -0.109063427
v -0.184471579 -0.222782026 -0.096149116
v -0.161681290 -0.230304827 -0.083316775
v -0.143753300 -0.244144098 -0.068287968
v -0.122998548 -0.254330989 -0.053890210
v -0.099069853 -0.255635414 -0.040748499
v -0.077559566 -0.263633247 -0.025983395
v -0.056483422 -0.272812815 -0.011587734
v -0.033342181 -0.271795829 0.002525523
v -0.010349664 -0.272119848 0.017217947
v 0.012140775 -0.279456783 0.030885044
v 0.035092087 -0.277109302 0.045318543
v 0.056956823 -0.270817190 0.060177375
v 0.080720340 -0.272463264 0.073357455
v 0.104220131 -0.269843826 0.086868847
v 0.123748847 -0.258456694 0.102262016
v 0.146627543 -0.252496242 0.116000593
v 0.171151895 -0.249295388 0.127180180
v 0.191197760 -0.237782658 0.141487406
v 0.209573363 -0.224365631 0.156433279
v 0.233081739 -0.215824422 0.167157449
v 0.255344997 -0.204691245 0.178123193
v 0.271622798 -0.188528426 0.192669111
v 0.288442016 -0.172230179 0.206593023
v 0.310330849 -0.158531745 0.215211378
v 0.330485481 -0.142662974 0.224274471
v 0.344762339 -0.123774683 0.237552074
v 0.357504460 -0.104199608 0.251454616
v 0.374610673 -0.084922753 0.260491272
v 0.393888137 -0.065937604 0.264554635
v 0.408013957 -0.044339343 0.273765917
v 0.416395100 -0.022606871 0.288124061
v 0.427412232 0.000000000 0.298726471
l 1 2
l 2 3
l 3 4
l 4 5
l 5 6
l 6 7
l 7 8
l 8 9
l 9 10
l 10 11
l 11 12
l 12 13
l 13 14
l 14 15
l 15 16
l 16 17
l 17 18
l 18 19
l 19 20
l 20 21
l 21 22
l 22 23
l 23 24
l 24 25
l 25 26
l 26 27
l 27 28
l 28 29
l 29 30
l 30 31
l 31 32
l 32 33
l 33 34
l 34 35
l 35 36
l 36 37
l 37 38
l 38 39
l 39 40
l 40 41
l 41 42
l 42 43
l 43 44
l 44 45
l 45 46
l 46 47
l 47 48
l 48 49
l 49 50
l 50 51
l 51 52
l 52 53
l 53 54
l 54 55
l 55 56
l 56 57
l 57 58
l 58 59
l 59 60
l 60 61
l 61 62
l 62 63
l 63 64
l 64 65
l 65 66
l 66 67
l 67 68
l 68 69
l 69 70
l 70 71
l 71 72
l 72 73
l 73 74
l 74 75
l 75 76
l 76 77
l 77 78
l 78 79
l 79 80
l 80 81
l 81 82
l 82 83
l 83 84
l 84 85
l 85 86
l 86 87
l 87 88
l 88 89
l 89 90
l 90 91
l 91 92
l 92 93
l 93 94
l 94 95
l 95 96
l 96 97
l 97 98
l 98 99
l 99 100
l 100 101
l 101 102
l 102 103
l 103 104
l 104 105
l 105 106
l 106 107
l 107 108
l 108 109
l 109 110
l 110 111
l 111 112
l 112 113
l 113 114
l 114 115
l 115 116
l 116 117
l 117 118
l 118 119
l 119 120
l 120 121
l 121 122
l 122 123
l 123 124
l 124 125
l 125 126
l 126 127
l 127 128
l 128 129
l 129 130
l 130 131
l 131 132
l 132 133
l 133 134
l 134 135
l 135 136
l 136 137
l 137 138
l 138 139
l 139 140
l 140 141
l 141 142
l 142 143
l 143 144
l 144 145
l 145 146
l 146 147
l 147 148
l 148 149
l 149 150
l 150 151
l 151 152
l 152 153
l 153 154
l 154 155
l 155 156
l 156 157
l 157 158
l 158 159
l 159 160
l 160 161
l 161 162
l 162 163
l 163 164
l 164 165
l 165 166
l 166 167
l 167 168
l 168 169
l 169 170
l 170 171
l 171 172
l 172 173
l 173 174
l 174 175
l 175 176
l 176 177
l 177 178
l 178 179
l 179 180
l 180 181
l 181 182
l 182 183
l 183 184
l 184 185
l 185 186
l 186 187
l 187 188
l 188 189
l 189 190
l 190 191
l 191 192
l 192 193
l 193 194
l 194 195
l 195 196
l 196 197
l 197 198
l 198 199
l 199 200
l 200 201
l 201 202
l 202 203
l 203 204
l 204 205
l 205 206
l 206 207
l 207 208
l 208 209
l 209 210
l 210 211
l 211 212
l 212 213
l 213 214
l 214 215
l 215 216
l 216 217
l 217 218
l 218 219
l 219 220
l 220 221
l 221 222
l 222 223
l 223 224
l 224 225
l 225 226
l 226 227
l 227 228
l 228 229
l 229 230
l 230 231
l 231 232
l 232 233
l 233 234
l 234 235
l 235 236
l 236 237
l 237 238
l 238 239
l 239 240
l 240 241
l 241 242
l 242 243
l 243 244
l 244 245
l 245 246
l 246 247
l 247 248
l 248 249
l 249 250
l 250 251
l 251 252
l 252 253
l 253 254
l 254 255
l 255 256
l 256 257
l 257 258
l 258 259
l 259 260
l 260 261
l 261 262
l 262 263
l 263 264
l 264 265
l 265 266
l 266 267
l 267 268
l 268 269
l 269 270
l 270 271
l 271 272
l 272 273
l 273 274
l 274 275
l 275 276
l 276 277
l 277 278
l 278 279
l 279 280
l 280 281
l 281 282
l 282 283
l 283 284
l 284 285
l 285 286
l 286 287
l 287 288
l 288 289
l 289 290
l 290 291
l 291 292
l 292 293
l 293 294
l 294 295
l 295 296
l 296 297
l 297 298
l 298 299
l 299 300
l 300 301
l 301 302
l 302 303
l 303 304
l 304 305
l 305 306
l 306 307
l 307 308
l 308 309
l 309 310
l 310 311
l 311 312
l 312 313
l 313 314
l 314 315
l 315 316
l 316 317
l 317 318
l 318 319
l 319 320
l 320 321
l 321 322
l 322 323
l 323 324
l 324 325
l 325 326
l 326 327
l 327 328
l 328 329
l 329 330
l 330 331
l 331 332
l 332 333
l 333 334
l 334 335
l 335 336
l 336 337
l 337 338
l 338 339
l 339 340
l 340 341
l 341 342
l 342 343
l 343 344
l 344 345
l 345 346
l 346 347
l 347 348
l 348 349
l 349 350
l 350 351
l 351 352
l 352 353
l 353 354
l 354 355
l 355 356
l 356 357
l 357 358
l 358 359
l 359 360
l 360 361
l 361 362
l 362 363
l 363 364
l 364 365
l 365 366
l 366 367
l 367 368
l 368 369
l 369 370
l 370 371
l 371 372
l 372 373
l 373 374
l 374 375
l 375 376
l 376 377
l 377 378
l 378 379
l 379 380
l 380 381
l 381 382
l 382 383
l 383 384
l 384 385
l 385 386
l 386 387
l 387 388
l 388 389
l 389 390
l 390 391
l 391 392
l 392 393
l 393 394
l 394 395
l 395 396
l 396 397
l 397 398
l 398 399
l 399 400
l 400 401
l 401 402
l 402 403
l 403 404
l 404 405
l 405 406
l 406 407
l 407 408
l 408 409
l 409 410
l 410 411
l 411 412
l 412 413
l 413 414
l 414 415
l 415 416
l 416 417
l 417 418
l 418 419
l 419 420
l 420 421
l 421 422
l 422 423
l 423 424
l 424 425
l 425 426
l 426 427
l 427 428
l 428 429
l 429 430
l 430 431
l 431 432
l 432 433
l 433 434
l 434 435
l 435 436
l 436 437
l 437 438
l 438 439
l 439 440
l 440 441
l 441 442
l 442 443
l 443 444
l 444 445
l 445 446
l 446 447
l 447 448
l 448 449
l 449 450
l 450 451
l 451 452
l 452 453
l 453 454
l 454 455
l 455 456
l 456 457
l 457 458
l 458 459
l 459 460
l 460 461
l 461 462
l 462 463
l 463 464
l 464 465
l 465 466
l 466 467
l 467 468
l 468 469
l 469 470
l 470 471
l 471 472
l 472 473
l 473 474
l 474 475
l 475 476
l 476 477
l 477 478
l 478 479
l 479 480
l 480 481
l 481 482
l 482 483
l 483 484
l 484 485
l 485 486
l 486 487
l 487 488
l 488 489
l 489 490
l 490 491
l 491 492
l 492 493
l 493 494
l 494 495
l 495 496
l 496 497
l 497 498
l 498 499
l 499 500
l 500 501
l 501 502
l 502 503
l 503 504
l 504 505
l 505 506
l 506 507
l 507 508
l 508 509
l 509 510
l 510 511
l 511 512
l 512 513
l 513 514
l 514 515
l 515 516
l 516 517
l 517 518
l 518 519
l 519 520
l 520 521
l 521 522
l 522 523
l 523 524
l 524 525
l 525 526
l 526 527
l 527 528
l 528 529
l 529 530
l 530 531
l 531 532
l 532 533
l 533 534
l 534 535
l 535 536
l 536 537
l 537 538
l 538 539
l 539 540
l 540 541
l 541 542
l 542 543
l 543 544
l 544 545
l 545 546
l 546 547
l 547 548
l 548 549
l 549 550
l 550 551
l 551 552
l 552 553
l 553 554
l 554 555
l 555 556
l 556 557
l 557 558
l 558 559
l 559 560
l 560 561
l 561 562
l 562 563
l 563 564
l 564 565
l 565 566
l 566 567
l 567 568
l 568 569
l 569 570
l 570 571
l 571 572
l 572 573
l 573 574
l 574 575
l 575 576
l 576 577
l 577 578
l 578 579
l 579 580
l 580 581
l 581 582
l 582 583
l 583 584
l 584 585
l 585 586
l 586 587
l 587 588
l 588 589
l 589 590
l 590 591
l 591 592
l 592 593
l 593 594
l 594 595
l 595 596
l 596 597
l 597 598
l 598 599
l 599 600
l 600 601
l 601 602
l 602 603
l 603 604
l 604 605
l 605 606
l 606 607
l 607 608
l 608 609
l 609 610
l 610 611
l 611 612
l 612 613
l 613 614
l 614 615
l 615 616
l 616 617
l 617 618
l 618 619
l 619 620
l 620 621
l 621 622
l 622 623
l 623 624
l 624 625
l 625 626
l 626 627
l 627 628
l 628 629
l 629 630
l 630 631
l 631 632
l 632 633
l 633 634
l 634 635
l 635 636
l 636 637
l 637 638
l 638 639
l 639 640
l 640 641
l 641 642
l 642 643
l 643 644
l 644 645
l 645 646
l 646 647
l 647 648
l 648 649
l 649 650
l 650 651
l 651 652
l 652 653
l 653 654
l 654 655
l 655 656
l 656 657
l 657 658
l 658 659
l 659 660
l 660 661
l 661 662
l 662 663
l 663 664
l 664 665
l 665 666
l 666 667
l 667 668
l 668 669
l 669 670
l 670 671
l 671 672
l 672 673
l 673 674
l 674 675
l 675 676
l 676 677
l 677 678
l 678 679
l 679 680
l 680 681
l 681 682
l 682 683
l 683 684
l 684 685
l 685 686
l 686 687
l 687 688
l 688 689
l 689 690
l 690 691
l 691 692
l 692 693
l 693 694
l 694 695
l 695 696
l 696 697
l 697 698
l 698 699
l 699 700
l 700 701
l 701 702
l 702 703
l 703 704
l 704 705
l 705 706
l 706 707
l 707 708
l 708 709
l 709 710
l 710 711
l 711 712
l 712 713
l 713 714
l 714 715
l 715 716
l 716 717
l 717 718
l 718 719
l 719 720
l 720 721
l 721 722
l 722 723
l 723 724
l 724 725
l 725 726
l 726 727
l 727 728
l 728 729
l 729 730
l 730 731
l 731 732
l 732 733
l 733 734
l 734 735
l 735 736
l 736 737
l 737 738
l 738 739
l 739 740
l 740 741
l 741 742
l 742 743
l 743 744
l 744 745
l 745 746
l 746 747
l 747 748
l 748 749
l 749 750
l 750 751
l 751 752
l 752 753
l 753 754
l 754 755
l 755 756
l 756 757
l 757 758
l 758 759
l 759 760
l 760 761
l 761 762
l 762 763
l 763 764
l 764 765
l 765 766
l 766 767
l 767 768
l 768 769
l 769 770
l 770 771
l 771 772
l 772 773
l 773 774
l 774 775
l 775 776
l 776 777
l 777 778
l 778 779
l 779 780
l 780 781
l 781 782
l 782 783
l 783 784
l 784 785
l 785 786
l 786 787
l 787 788
l 788 789
l 789 790
l 790 791
l 791 792
l 792 793
l 793 794
l 794 795
l 795 796
l 796 797
l 797 798
l 798 799
l 799 800
l 800 801
l 801 802
l 802 803
l 803 804
l 804 805
l 805 806
l 806 807
l 807 808
l 808 809
l 809 810
l 810 811
l 811 812
l 812 813
l 813 814
l 814 815
l 815 816
l 816 817
l 817 818
l 818 819
l 819 820
l 820 821
l 821 822
l 822 823
l 823 824
l 824 825
l 825 826
l 826 827
l 827 828
l 828 829
l 829 830
l 830 831
l 831 832
l 832 833
l 833 834
l 834 835
l 835 836
l 836 837
l 837 838
l 838 839
l 839 840
l 840 841
l 841 842
l 842 843
l 843 844
l 844 845
l 845 846
l 846 847
l 847 848
l 848 849
l 849 850
l 850 851
l 851 852
l 852 853
l 853 854
l 854 855
l 855 856
l 856 857
l 857 858
l 858 859
l 859 860
l 860 861
l 861 862
l 862 863
l 863 864
l 864 865
l 865 866
l 866 867
l 867 868
l 868 869
l 869 870
l 870 871
l 871 872
l 872 873
l 873 874
l 874 875
l 875 876
l 876 877
l 877 878
l 878 879
l 879 880
l 880 881
l 881 882
l 882 883
l 883 884
l 884 885
l 885 886
l 886 887
l 887 888
l 888 889
l 889 890
l 890 891
l 891 892
l 892 893
l 893 894
l 894 895
l 895 896
l 896 897
l 897 898
l 898 899
l 899 900
l 900 901
l 901 902
l 902 903
l 903 904
l 904 905
l 905 906
l 906 907
l 907 908
l 908 909
l 909 910
l 910 911
l 911 912
l 912 913
l 913 914
l 914 915
l 915 916
l 916 917
l 917 918
l 918 919
l 919 920
l 920 921
l 921 922
l 922 923
l 923 924
l 924 925
l 925 926
l 926 927
l 927 928
l 928 929
l 929 930
l 930 931
l 931 932
l 932 933
l 933 934
l 934 935
l 935 936
l 936 937
l 937 938
l 938 939
l 939 940
l 940 941
l 941 942
l 942 943
l 943 944
l 944 945
l 945 946
l 946 947
l 947 948
l 948 949
l 949 950
l 950 951
l 951 952
l 952 953
l 953 954
l 954 955
l 955 956
l 956 957
l 957 958
l 958 959
l 959 960
l 960 961
l 961 962
l 962 963
l 963 964
l 964 965
l 965 966
l 966 967
l 967 968
l 968 969
l 969 970
l 970 971
l 971 972
l 972 973
l 973 974
l 974 975
l 975 976
l 976 977
l 977 978
l 978 979
l 979 980
l 980 981
l 981 982
l 982 983
l 983 984
l 984 985
l 985 986
l 986 987
l 987 988
l 988 989
l 989 990
l 990 991
l 991 992
l 992 993
l 993 994
l 994 995
l 995 996
l 996 997
l 997 998
l 998 999
l 999 1000
l 1000 1001
l 1001 1002
l 1002 1003
l 1003 1004
l 1004 1005
l 1005 1006
l 1006 1007
l 1007 1008
l 1008 1009
l 1009 1010
l 1010 1011
l 1011 1012
l 1012 1013
l 1013 1014
l 1014 1015
l 1015 1016
l 1016 1017
l 1017 1018
l 1018 1019
l 1019 1020
l 1020 1021
l 1021 1022
l 1022 1023
l 1023 1024
l 1024 1025
l 1025 1026
l 1026 1027
l 1027 1028
l 1028 1029
l 1029 1030
l 1030 1031
l 1031 1032
l 1032 1033
l 1033 1034
l 1034 1035
l 1035 1036
l 1036 1037
l 1037 1038
l 1038 1039
l 1039 1040
l 1040 1041
l 1041 1042
l 1042 1043
l 1043 1044
l 1044 1045
l 1045 1046
l 1046 1047
l 1047 1048
l 1048 1049
l 1049 1050
l 1050 1051
l 1051 1052
l 1052 1053
l 1053 1054
l 1054 1055
l 1055 1056
l 1056 1057
l 1057 1058
l 1058 1059
l 1059 1060
l 1060 1061
l 1061 1062
l 1062 1063
l 1063 1064
l 1064 1065
l 1065 1066
l 1066 1067
l 1067 1068
l 1068 1069
l 1069 1070
l 1070 1071
l 1071 1072
l 1072 1073
l 1073 1074
l 1074 1075
l 1075 1076
l 1076 1077
l 1077 1078
l 1078 1079
l 1079 1080
l 1080 1081
l 1081 1082
l 1082 1083
l 1083 1084
l 1084 1085
l 1085 1086
l 1086 1087
l 1087 1088
l 1088 1089
l 1089 1090
l 1090 1091
l 1091 1092
l 1092 1093
l 1093 1094
l 1094 1095
l 1095 1096
l 1096 1097
l 1097 1098
l 1098 1099
l 1099 1100
l 1100 1101
l 1101 1102
l 1102 1103
l 1103 1104
l 1104 1105
l 1105 1106
l 1106 1107
l 1107 1108
l 1108 1109
l 1109 1110
l 1110 1111
l 1111 1112
l 1112 1113
l 1113 1114
l 1114 1115
l 1115 1116
l 1116 1117
l 1117 1118
l 1118 1119
l 1119 1120
l 1120 1121
l 1121 1122
l 1122 1123
l 1123 1124
l 1124 1125
l 1125 1126
l 1126 1127
l 1127 1128
l 1128 1129
l 1129 1130
l 1130 1131
l 1131 1132
l 1132 1133
l 1133 1134
l 1134 1135
l 1135 1136
l 1136 1137
l 1137 1138
l 1138 1139
l 1139 1140
l 1140 1141
l 1141 1142
l 1142 1143
l 1143 1144
l 1144 1145
l 1145 1146
l 1146 1147
l 1147 1148
l 1148 1149
l 1149 1150
l 1150 1151
l 1151 1152
l 1152 1153
l 1153 1154
l 1154 1155
l 1155 1156
l 1156 1157
l 1157 1158
l 1158 1159
l 1159 1160
l 1160 1161
l 1161 1162
l 1162 1163
l 1163 1164
l 1164 1165
l 1165 1166
l 1166 1167
l 1167 1168
l 1168 1169
l 1169 1170
l 1170 1171
l 1171 1172
l 1172 1173
l 1173 1174
l 1174 1175
l 1175 1176
l 1176 1177
l 1177 1178
l 1178 1179
l 1179 1180
l 1180 1181
l 1181 1182
l 1182 1183
l 1183 1184
l 1184 1185
l 1185 1186
l 1186 1187
l 1187 1188
l 1188 1189
l 1189 1190
l 1190 1191
l 1191 1192
l 1192 1193
l 1193 1194
l 1194 1195
l 1195 1196
l 1196 1197
l 1197 1198
l 1198 1199
l 1199 1200
l 1200 1201
l 1201 1202
l 1202 1203
l 1203 1204
l 1204 1205
l 1205 1206
l 1206 1207
l 1207 1208
l 1208 1209
l 1209 1210
l 1210 1211
l 1211 1212
l 1212 1213
l 1213 1214
l 1214 1215
l 1215 1216
l 1216 1217
l 1217 1218
l 1218 1219
l 1219 1220
l 1220 1221
l 1221 1222
l 1222 1223
l 1223 1224
l 1224 1225
l 1225 1226
l 1226 1227
l 1227 1228
l 1228 1229
l 1229 1230
l 1230 1231
l 1231 1232
l 1232 1233
l 1233 1234
l 1234 1235
l 1235 1236
l 1236 1237
l 1237 1238
l 1238 1239
l 1239 1240
l 1240 1241
l 1241 1242
l 1242 1243
l 1243 1244
l 1244 1245
l 1245 1246
l 1246 1247
l 1247 1248
l 1248 1249
l 1249 1250
l 1250 1251
l 1251 1252
l 1252 1253
l 1253 1254
l 1254 1255
l 1255 1256
l 1256 1257
l 1257 1258
l 1258 1259
l 1259 1260
l 1260 1261
l 1261 1262
l 1262 1263
l 1263 1264
l 1264 1265
l 1265 1266
l 1266 1267
l 1267 1268
l 1268 1269
l 1269 1270
l 1270 1271
l 1271 1272
l 1272 1273
l 1273 1274
l 1274 1275
l 1275 1276
l 1276 1277
l 1277 1278
l 1278 1279
l 1279 1280
l 1280 1281
l 1281 1282
l 1282 1283
l 1283 1284
l 1284 1285
l 1285 1286
l 1286 1287
l 1287 1288
l 1288 1289
l 1289 1290
l 1290 1291
l 1291 1292
l 1292 1293
l 1293 1294
l 1294 1295
l 1295 1296
l 1296 1297
l 1297 1298
l 1298 1299
l 1299 1300
l 1300 1301
l 1301 1302
l 1302 1303
l 1303 1304
l 1304 1305
l 1305 1306
l 1306 1307
l 1307 1308
l 1308 1309
l 1309 1310
l 1310 1311
l 1311 1312
l 1312 1313
l 1313 1314
l 1314 1315
l 1315 1316
l 1316 1317
l 1317 1318
l 1318 1319
l 1319 1320
l 1320 1321
l 1321 1322
l 1322 1323
l 1323 1324
l 1324 1325
l 1325 1326
l 1326 1327
l 1327 1328
l 1328 1329
l 1329 1330
l 1330 1331
l 1331 1332
l 1332 1333
l 1333 1334
l 1334 1335
l 1335 1336
l 1336 1337
l 1337 1338
l 1338 1339
l 1339 1340
l 1340 1341
l 1341 1342
l 1342 1343
l 1343 1344
l 1344 1345
l 1345 1346
l 1346 1347
l 1347 1348
l 1348 1349
l 1349 1350
l 1350 1351
l 1351 1352
l 1352 1353
l 1353 1354
l 1354 1355
l 1355 1356
l 1356 1357
l 1357 1358
l 1358 1359
l 1359 1360
l 1360 1361
l 1361 1362
l 1362 1363
l 1363 1364
l 1364 1365
l 1365 1366
l 1366 1367
l 1367 1368
l 1368 1369
l 1369 1370
l 1370 1371
l 1371 1372
l 1372 1373
l 1373 1374
l 1374 1375
l 1375 1376
l 1376 1377
l 1377 1378
l 1378 1379
l 1379 1380
l 1380 1381
l 1381 1382
l 1382 1383
l 1383 1384
l 1384 1385
l 1385 1386
l 1386 1387
l 1387 1388
l 1388 1389
l 1389 1390
l 1390 1391
l 1391 1392
l 1392 1393
l 1393 1394
l 1394 1395
l 1395 1396
l 1396 1397
l 1397 1398
l 1398 1399
l 1399 1400
l 1400 1401
l 1401 1402
l 1402 1403
l 1403 1404
l 1404 1405
l 1405 1406
l 1406 1407
l 1407 1408
l 1408 1409
l 1409 1410
l 1410 1411
l 1411 1412
l 1412 1413
l 1413 1414
l 1414 1415
l 1415 1416
l 1416 1417
l 1417 1418
l 1418 1419
l 1419 1420
l 1420 1421
l 1421 1422
l 1422 1423
l 1423 1424
l 1424 1425
l 1425 1426
l 1426 1427
l 1427 1428
l 1428 1429
l 1429 1430
l 1430 1431
l 1431 1432
l 1432 1433
l 1433 1434
l 1434 1435
l 1435 1436
l 1436 1437
l 1437 1438
l 1438 1439
l 1439 1440
l 1440 1441
l 1441 1442
l 1442 1443
l 1443 1444
l 1444 1445
l 1445 1446
l 1446 1447
l 1447 1448
l 1448 1449
l 1449 1450
l 1450 1451
l 1451 1452
l 1452 1453
l 1453 1454
l 1454 1455
l 1455 1456
l 1456 1457
l 1457 1458
l 1458 1459
l 1459 1460
l 1460 1461
l 1461 1462
l 1462 1463
l 1463 1464
l 1464 1465
l 1465 1466
l 1466 1467
l 1467 1468
l 1468 1469
l 1469 1470
l 1470 1471
l 1471 1472
l 1472 1473
l 1473 1474
l 1474 1475
l 1475 1476
l 1476 1477
l 1477 1478
l 1478 1479
l 1479 1480
l 1480 1481
l 1481 1482
l 1482 1483
l 1483 1484
l 1484 1485
l 1485 1486
l 1486 1487
l 1487 1488
l 1488 1489
l 1489 1490
l 1490 1491
l 1491 1492
l 1492 1493
l 1493 1494
l 1494 1495
l 1495 1496
l 1496 1497
l 1497 1498
l 1498 1499
l 1499 1500
l 1500 1501
l 1501 1502
l 1502 1503
l 1503 1504
l 1504 1505
l 1505 1506
l 1506 1507
l 1507 1508
l 1508 1509
l 1509 1510
l 1510 1511
l 1511 1512
l 1512 1513
l 1513 1514
l 1514 1515
l 1515 1516
l 1516 1517
l 1517 1518
l 1518 1519
l 1519 1520
l 1520 1521
l 1521 1522
l 1522 1523
l 1523 1524
l 1524 1525
l 1525 1526
l 1526 1527
l 1527 1528
l 1528 1529
l 1529 1530
l 1530 1531
l 1531 1532
l 1532 1533
l 1533 1534
l 1534 1535
l 1535 1536
l 1536 1537
l 1537 1538
l 1538 1539
l 1539 1540
l 1540 1541
l 1541 1542
l 1542 1543
l 1543 1544
l 1544 1545
l 1545 1546
l 1546 1547
l 1547 1548
l 1548 1549
l 1549 1550
l 1550 1551
l 1551 1552
l 1552 1553
l 1553 1554
l 1554 1555
l 1555 1556
l 1556 1557
l 1557 1558
l 1558 1559
l 1559 1560
l 1560 1561
l 1561 1562
l 1562 1563
l 1563 1564
l 1564 1565
l 1565 1566
l 1566 1567
l 1567 1568
l 1568 1569
l 1569 1570
l 1570 1571
l 1571 1572
l 1572 1573
l 1573 1574
l 1574 1575
l 1575 1576
l 1576 1577
l 1577 1578
l 1578 1579
l 1579 1580
l 1580 1581
l 1581 1582
l 1582 1583
l 1583 1584
l 1584 1585
l 1585 1586
l 1586 1587
l 1587 1588
l 1588 1589
l 1589 1590
l 1590 1591
l 1591 1592
l 1592 1593
l 1593 1594
l 1594 1595
l 1595 1596
l 1596 1597
l 1597 1598
l 1598 1599
l 1599 1600
l 1600 1601
l 1601 1602
l 1602 1603
l 1603 1604
l 1604 1605
l 1605 1606
l 1606 1607
l 1607 1608
l 1608 1609
l 1609 1610
l 1610 1611
l 1611 1612
l 1612 1613
l 1613 1614
l 1614 1615
l 1615 1616
l 1616 1617
l 1617 1618
l 1618 1619
l 1619 1620
l 1620 1621
l 1621 1622
l 1622 1623
l 1623 1624
l 1624 1625
l 1625 1626
l 1626 1627
l 1627 1628
l 1628 1629
l 1629 1630
l 1630 1631
l 1631 1632
l 1632 1633
l 1633 1634
l 1634 1635
l 1635 1636
l 1636 1637
l 1637 1638
l 1638 1639
l 1639 1640
l 1640 1641
l 1641 1642
l 1642 1643
l 1643 1644
l 1644 1645
l 1645 1646
l 1646 1647
l 1647 1648
l 1648 1649
l 1649 1650
l 1650 1651
l 1651 1652
l 1652 1653
l 1653 1654
l 1654 1655
l 1655 1656
l 1656 1657
l 1657 1658
l 1658 1659
l 1659 1660
l 1660 1661
l 1661 1662
l 1662 1663
l 1663 1664
l 1664 1665
l 1665 1666
l 1666 1667
l 1667 1668
l 1668 1669
l 1669 1670
l 1670 1671
l 1671 1672
l 1672 1673
l 1673 1674
l 1674 1675
l 1675 1676
l 1676 1677
l 1677 1678
l 1678 1679
l 1679 1680
l 1680 1681
l 1681 1682
l 1682 1683
l 1683 1684
l 1684 1685
l 1685 1686
l 1686 1687
l 1687 1688
l 1688 1689
l 1689 1690
l 1690 1691
l 1691 1692
l 1692 1693
l 1693 1694
l 1694 1695
l 1695 1696
l 1696 1697
l 1697 1698
l 1698 1699
l 1699 1700
l 1700 1701
l 1701 1702
l 1702 1703
l 1703 1704
l 1704 1705
l 1705 1706
l 1706 1707
l 1707 1708
l 1708 1709
l 1709 1710
l 1710 1711
l 1711 1712
l 1712 1713
l 1713 1714
l 1714 1715
l 1715 1716
l 1716 1717
l 1717 1718
l 1718 1719
l 1719 1720
l 1720 1721
l 1721 1722
l 1722 1723
l 1723 1724
l 1724 1725
l 1725 1726
l 1726 1727
l 1727 1728
l 1728 1729
l 1729 1730
l 1730 1731
l 1731 1732
l 1732 1733
l 1733 1734
l 1734 1735
l 1735 1736
l 1736 1737
l 1737 1738
l 1738 1739
l 1739 1740
l 1740 1741
l 1741 1742
l 1742 1743
l 1743 1744
l 1744 1745
l 1745 1746
l 1746 1747
l 1747 1748
l 1748 1749
l 1749 1750
l 1750 1751
l 1751 1752
l 1752 1753
l 1753 1754
l 1754 1755
l 1755 1756
l 1756 1757
l 1757 1758
l 1758 1759
l 1759 1760
l 1760 1761
l 1761 1762
l 1762 1763
l 1763 1764
l 1764 1765
l 1765 1766
l 1766 1767
l 1767 1768
l 1768 1769
l 1769 1770
l 1770 1771
l 1771 1772
l 1772 1773
l 1773 1774
l 1774 1775
l 1775 1776
l 1776 1777
l 1777 1778
l 1778 1779
l 1779 1780
l 1780 1781
l 1781 1782
l 1782 1783
l 1783 1784
l 1784 1785
l 1785 1786
l 1786 1787
l 1787 1788
l 1788 1789
l 1789 1790
l 1790 1791
l 1791 1792
l 1792 1793
l 1793 1794
l 1794 1795
l 1795 1796
l 1796 1797
l 1797 1798
l 1798 1799
l 1799 1800
l 1800 1801
l 1801 1802
l 1802 1803
l 1803 1804
l 1804 1805
l 1805 1806
l 1806 1807
l 1807 1808
l 1808 1809
l 1809 1810
l 1810 1811
l 1811 1812
l 1812 1813
l 1813 1814
l 1814 1815
l 1815 1816
l 1816 1817
l 1817 1818
l 1818 1819
l 1819 1820
l 1820 1821
l 1821 1822
l 1822 1823
l 1823 1824
l 1824 1825
l 1825 1826
l 1826 1827
l 1827 1828
l 1828 1829
l 1829 1830
l 1830 1831
l 1831 1832
l 1832 1833
l 1833 1834
l 1834 1835
l 1835 1836
l 1836 1837
l 1837 1838
l 1838 1839
l 1839 1840
l 1840 1841
l 1841 1842
l 1842 1843
l 1843 1844
l 1844 1845
l 1845 1846
l 1846 1847
l 1847 1848
l 1848 1849
l 1849 1850
l 1850 1851
l 1851 1852
l 1852 1853
l 1853 1854
l 1854 1855
l 1855 1856
l 1856 1857
l 1857 1858
l 1858 1859
l 1859 1860
l 1860 1861
l 1861 1862
l 1862 1863
l 1863 1864
l 1864 1865
l 1865 1866
l 1866 1867
l 1867 1868
l 1868 1869
l 1869 1870
l 1870 1871
l 1871 1872
l 1872 1873
l 1873 1874
l 1874 1875
l 1875 1876
l 1876 1877
l 1877 1878
l 1878 1879
l 1879 1880
l 1880 1881
l 1881 1882
l 1882 1883
l 1883 1884
l 1884 1885
l 1885 1886
l 1886 1887
l 1887 1888
l 1888 1889
l 1889 1890
l 1890 1891
l 1891 1892
l 1892 1893
l 1893 1894
l 1894 1895
l 1895 1896
l 1896 1897
l 1897 1898
l 1898 1899
l 1899 1900
l 1900 1901
l 1901 1902
l 1902 1903
l 1903 1904
l 1904 1905
l 1905 1906
l 1906 1907
l 1907 1908
l 1908 1909
l 1909 1910
l 1910 1911
l 1911 1912
l 1912 1913
l 1913 1914
l 1914 1915
l 1915 1916
l 1916 1917
l 1917 1918
l 1918 1919
l 1919 1920
l 1920 1921
l 1921 1922
l 1922 1923
l 1923 1924
l 1924 1925
l 1925 1926
l 1926 1927
l 1927 1928
l 1928 1929
l 1929 1930
l 1930 1931
l 1931 1932
l 1932 1933
l 1933 1934
l 1934 1935
l 1935 1936
l 1936 1937
l 1937 1938
l 1938 1939
l 1939 1940
l 1940 1941
l 1941 1942
l 1942 1943
l 1943 1944
l 1944 1945
l 1945 1946
l 1946 1947
l 1947 1948
l 1948 1949
l 1949 1950
l 1950 1951
l 1951 1952
l 1952 1953
l 1953 1954
l 1954 1955
l 1955 1956
l 1956 1957
l 1957 1958
l 1958 1959
l 1959 1960
l 1960 1961
l 1961 1962
l 1962 1963
l 1963 1964
l 1964 1965
l 1965 1966
l 1966 1967
l 1967 1968
l 1968 1969
l 1969 1970
l 1970 1971
l 1971 1972
l 1972 1973
l 1973 1974
l 1974 1975
l 1975 1976
l 1976 1977
l 1977 1978
l 1978 1979
l 1979 1980
l 1980 1981
l 1981 1982
l 1982 1983
l 1983 1984
l 1984 1985
l 1985 1986
l 1986 1987
l 1987 1988
l 1988 1989
l 1989 1990
l 1990 1991
l 1991 1992
l 1992 1993
l 1993 1994
l 1994 1995
l 1995 1996
l 1996 1997
l 1997 1998
l 1998 1999
l 1999 2000
l 2000 2001
l 2001 2002
l 2002 2003
l 2003 2004
l 2004 2005
l 2005 2006
l 2006 2007
l 2007 2008
l 2008 2009
l 2009 2010
l 2010 2011
l 2011 2012
l 2012 2013
l 2013 2014
l 2014 2015
l 2015 2016
l 2016 2017
l 2017 2018
l 2018 2019
l 2019 2020
l 2020 2021
l 2021 2022
l 2022 2023
l 2023 2024
l 2024 2025
l 2025 2026
l 2026 2027
l 2027 2028
l 2028 2029
l 2029 2030
l 2030 2031
l 2031 2032
l 2032 2033
l 2033 2034
l 2034 2035
l 2035 2036
l 2036 2037
l 2037 2038
l 2038 2039
l 2039 2040
l 2040 2041
l 2041 2042
l 2042 2043
l 2043 2044
l 2044 2045
l 2045 2046
l 2046 2047
l 2047 2048
l 2048 2049
l 2049 2050
l 2050 2051
l 2051 2052
l 2052 2053
l 2053 2054
l 2054 2055
l 2055 2056
l 2056 2057
l 2057 2058
l 2058 2059
l 2059 2060
l 2060 2061
l 2061 2062
l 2062 2063
l 2063 2064
l 2064 2065
l 2065 2066
l 2066 2067
l 2067 2068
l 2068 2069
l 2069 2070
l 2070 2071
l 2071 2072
l 2072 2073
l 2073 2074
l 2074 2075
l 2075 2076
l 2076 2077
l 2077 2078
l 2078 2079
l 2079 2080
l 2080 2081
l 2081 2082
l 2082 2083
l 2083 2084
l 2084 2085
l 2085 2086
l 2086 2087
l 2087 2088
l 2088 2089
l 2089 2090
l 2090 2091
l 2091 2092
l 2092 2093
l 2093 2094
l 2094 2095
l 2095 2096
l 2096 2097
l 2097 2098
l 2098 2099
l 2099 2100
l 2100 2101
l 2101 2102
l 2102 2103
l 2103 2104
l 2104 2105
l 2105 2106
l 2106 2107
l 2107 2108
l 2108 2109
l 2109 2110
l 2110 2111
l 2111 2112
l 2112 2113
l 2113 2114
l 2114 2115
l 2115 2116
l 2116 2117
l 2117 2118
l 2118 2119
l 2119 2120
l 2120 2121
l 2121 2122
l 2122 2123
l 2123 2124
l 2124 2125
l 2125 2126
l 2126 2127
l 2127 2128
l 2128 2129
l 2129 2130
l 2130 2131
l 2131 2132
l 2132 2133
l 2133 2134
l 2134 2135
l 2135 2136
l 2136 2137
l 2137 2138
l 2138 2139
l 2139 2140
l 2140 2141
l 2141 2142
l 2142 2143
l 2143 2144
l 2144 2145
l 2145 2146
l 2146 2147
l 2147 2148
l 2148 2149
l 2149 2150
l 2150 2151
l 2151 2152
l 2152 2153
l 2153 2154
l 2154 2155
l 2155 2156
l 2156 2157
l 2157 2158
l 2158 2159
l 2159 2160
l 2160 2161
l 2161 2162
l 2162 2163
l 2163 2164
l 2164 2165
l 2165 2166
l 2166 2167
l 2167 2168
l 2168 2169
l 2169 2170
l 2170 2171
l 2171 2172
l 2172 2173
l 2173 2174
l 2174 2175
l 2175 2176
l 2176 2177
l 2177 2178
l 2178 2179
l 2179 2180
l 2180 2181
l 2181 2182
l 2182 2183
l 2183 2184
l 2184 2185
l 2185 2186
l 2186 2187
l 2187 2188
l 2188 2189
l 2189 2190
l 2190 2191
l 2191 2192
l 2192 2193
l 2193 2194
l 2194 2195
l 2195 2196
l 2196 2197
l 2197 2198
l 2198 2199
l 2199 2200
l 2200 2201
l 2201 2202
l 2202 2203
l 2203 2204
l 2204 2205
l 2205 2206
l 2206 2207
l 2207 2208
l 2208 2209
l 2209 2210
l 2210 2211
l 2211 2212
l 2212 2213
l 2213 2214
l 2214 2215
l 2215 2216
l 2216 2217
l 2217 2218
l 2218 2219
l 2219 2220
l 2220 2221
l 2221 2222
l 2222 2223
l 2223 2224
l 2224 2225
l 2225 2226
l 2226 2227
l 2227 2228
l 2228 2229
l 2229 2230
l 2230 2231
l 2231 2232
l 2232 2233
l 2233 2234
l 2234 2235
l 2235 2236
l 2236 2237
l 2237 2238
l 2238 2239
l 2239 2240
l 2240 2241
l 2241 2242
l 2242 2243
l 2243 2244
l 2244 2245
l 2245 2246
l 2246 2247
l 2247 2248
l 2248 2249
l 2249 2250
l 2250 2251
l 2251 2252
l 2252 2253
l 2253 2254
l 2254 2255
l 2255 2256
l 2256 2257
l 2257 2258
l 2258 2259
l 2259 2260
l 2260 2261
l 2261 2262
l 2262 2263
l 2263 2264
l 2264 2265
l 2265 2266
l 2266 2267
l 2267 2268
l 2268 2269
l 2269 2270
l 2270 2271
l 2271 2272
l 2272 2273
l 2273 2274
l 2274 2275
l 2275 2276
l 2276 2277
l 2277 2278
l 2278 2279
l 2279 2280
l 2280 2281
l 2281 2282
l 2282 2283
l 2283 2284
l 2284 2285
l 2285 2286
l 2286 2287
l 2287 2288
l 2288 2289
l 2289 2290
l 2290 2291
l 2291 2292
l 2292 2293
l 2293 2294
l 2294 2295
l 2295 2296
l 2296 2297
l 2297 2298
l 2298 2299
l 2299 2300
l 2300 2301
l 2301 2302
l 2302 2303
l 2303 2304
l 2304 2305
l 2305 2306
l 2306 2307
l 2307 2308
l 2308 2309
l 2309 2310
l 2310 2311
l 2311 2312
l 2312 2313
l 2313 2314
l 2314 2315
l 2315 2316
l 2316 2317
l 2317 2318
l 2318 2319
l 2319 2320
l 2320 2321
l 2321 2322
l 2322 2323
l 2323 2324
l 2324 2325
l 2325 2326
l 2326 2327
l 2327 2328
l 2328 2329
l 2329 2330
l 2330 2331
l 2331 2332
l 2332 2333
l 2333 2334
l 2334 2335
l 2335 2336
l 2336 2337
l 2337 2338
l 2338 2339
l 2339 2340
l 2340 2341
l 2341 2342
l 2342 2343
l 2343 2344
l 2344 2345
l 2345 2346
l 2346 2347
l 2347 2348
l 2348 2349
l 2349 2350
l 2350 2351
l 2351 2352
l 2352 2353
l 2353 2354
l 2354 2355
l 2355 2356
l 2356 2357
l 2357 2358
l 2358 2359
l 2359 2360
l 2360 2361
l 2361 2362
l 2362 2363
l 2363 2364
l 2364 2365
l 2365 2366
l 2366 2367
l 2367 2368
l 2368 2369
l 2369 2370
l 2370 2371
l 2371 2372
l 2372 2373
l 2373 2374
l 2374 2375
l 2375 2376
l 2376 2377
l 2377 2378
l 2378 2379
l 2379 2380
l 2380 2381
l 2381 2382
l 2382 2383
l 2383 2384
l 2384 2385
l 2385 2386
l 2386 2387
l 2387 2388
l 2388 2389
l 2389 2390
l 2390 2391
l 2391 2392
l 2392 2393
l 2393 2394
l 2394 2395
l 2395 2396
l 2396 2397
l 2397 2398
l 2398 2399
l 2399 2400
l 2400 2401
l 2401 2402
l 2402 2403
l 2403 2404
l 2404 2405
l 2405 2406
l 2406 2407
l 2407 2408
l 2408 2409
l 2409 2410
l 2410 2411
l 2411 2412
l 2412 2413
l 2413 2414
l 2414 2415
l 2415 2416
l 2416 2417
l 2417 2418
l 2418 2419
l 2419 2420
l 2420 2421
l 2421 2422
l 2422 2423
l 2423 2424
l 2424 2425
l 2425 2426
l 2426 2427
l 2427 2428
l 2428 2429
l 2429 2430
l 2430 2431
l 2431 2432
l 2432 2433
l 2433 2434
l 2434 2435
l 2435 2436
l 2436 2437
l 2437 2438
l 2438 2439
l 2439 2440
l 2440 2441
l 2441 2442
l 2442 2443
l 2443 2444
l 2444 2445
l 2445 2446
l 2446 2447
l 2447 2448
l 2448 2449
l 2449 2450
l 2450 2451
l 2451 2452
l 2452 2453
l 2453 2454
l 2454 2455
l 2455 2456
l 2456 2457
l 2457 2458
l 2458 2459
l 2459 2460
l 2460 2461
l 2461 2462
l 2462 2463
l 2463 2464
l 2464 2465
l 2465 2466
l 2466 2467
l 2467 2468
l 2468 2469
l 2469 2470
l 2470 2471
l 2471 2472
l 2472 2473
l 2473 2474
l 2474 2475
l 2475 2476
l 2476 2477
l 2477 2478
l 2478 2479
l 2479 2480
l 2480 2481
l 2481 2482
l 2482 2483
l 2483 2484
l 2484 2485
l 2485 2486
l 2486 2487
l 2487 2488
l 2488 2489
l 2489 2490
l 2490 2491
l 2491 2492
l 2492 2493
l 2493 2494
l 2494 2495
l 2495 2496
l 2496 2497
l 2497 2498
l 2498 2499
l 2499 2500
l 2500 2501
l 2501 2502
l 2502 2503
l 2503 2504
l 2504 2505
l 2505 2506
l 2506 2507
l 2507 2508
l 2508 2509
l 2509 2510
l 2510 2511
l 2511 2512
l 2512 2513
l 2513 2514
l 2514 2515
l 2515 2516
l 2516 2517
l 2517 2518
l 2518 2519
l 2519 2520
l 2520 2521
l 2521 2522
l 2522 2523
l 2523 2524
l 2524 2525
l 2525 2526
l 2526 2527
l 2527 2528
l 2528 2529
l 2529 2530
l 2530 2531
l 2531 2532
l 2532 2533
l 2533 2534
l 2534 2535
l 2535 2536
l 2536 2537
l 2537 2538
l 2538 2539
l 2539 2540
l 2540 2541
l 2541 2542
l 2542 2543
l 2543 2544
l 2544 2545
l 2545 2546
l 2546 2547
l 2547 2548
l 2548 2549
l 2549 2550
l 2550 2551
l 2551 2552
l 2552 2553
l 2553 2554
l 2554 2555
l 2555 2556
l 2556 2557
l 2557 2558
l 2558 2559
l 2559 2560
l 2560 2561
l 2561 2562
l 2562 2563
l 2563 2564
l 2564 2565
l 2565 2566
l 2566 2567
l 2567 2568
l 2568 2569
l 2569 2570
l 2570 2571
l 2571 2572
l 2572 2573
l 2573 2574
l 2574 2575
l 2575 2576
l 2576 2577
l 2577 2578
l 2578 2579
l 2579 2580
l 2580 2581
l 2581 2582
l 2582 2583
l 2583 2584
l 2584 2585
l 2585 2586
l 2586 2587
l 2587 2588
l 2588 2589
l 2589 2590
l 2590 2591
l 2591 2592
l 2592 2593
l 2593 2594
l 2594 2595
l 2595 2596
l 2596 2597
l 2597 2598
l 2598 2599
l 2599 2600
l 2600 2601
l 2601 2602
l 2602 2603
l 2603 2604
l 2604 2605
l 2605 2606
l 2606 2607
l 2607 2608
l 2608 2609
l 2609 2610
l 2610 2611
l 2611 2612
l 2612 2613
l 2613 2614
l 2614 2615
l 2615 2616
l 2616 2617
l 2617 2618
l 2618 2619
l 2619 2620
l 2620 2621
l 2621 2622
l 2622 2623
l 2623 2624
l 2624 2625
l 2625 2626
l 2626 2627
l 2627 2628
l 2628 2629
l 2629 2630
l 2630 2631
l 2631 2632
l 2632 2633
l 2633 2634
l 2634 2635
l 2635 2636
l 2636 2637
l 2637 2638
l 2638 2639
l 2639 2640
l 2640 2641
l 2641 2642
l 2642 2643
l 2643 2644
l 2644 2645
l 2645 2646
l 2646 2647
l 2647 2648
l 2648 2649
l 2649 2650
l 2650 2651
l 2651 2652
l 2652 2653
l 2653 2654
l 2654 2655
l 2655 2656
l 2656 2657
l 2657 2658
l 2658 2659
l 2659 2660
l 2660 2661
l 2661 2662
l 2662 2663
l 2663 2664
l 2664 2665
l 2665 2666
l 2666 2667
l 2667 2668
l 2668 2669
l 2669 2670
l 2670 2671
l 2671 2672
l 2672 2673
l 2673 2674
l 2674 2675
l 2675 2676
l 2676 2677
l 2677 2678
l 2678 2679
l 2679 2680
l 2680 2681
l 2681 2682
l 2682 2683
l 2683 2684
l 2684 2685
l 2685 2686
l 2686 2687
l 2687 2688
l 2688 2689
l 2689 2690
l 2690 2691
l 2691 2692
l 2692 2693
l 2693 2694
l 2694 2695
l 2695 2696
l 2696 2697
l 2697 2698
l 2698 2699
l 2699 2700
l 2700 2701
l 2701 2702
l 2702 2703
l 2703 2704
l 2704 2705
l 2705 2706
l 2706 2707
l 2707 2708
l 2708 2709
l 2709 2710
l 2710 2711
l 2711 2712
l 2712 2713
l 2713 2714
l 2714 2715
l 2715 2716
l 2716 2717
l 2717 2718
l 2718 2719
l 2719 2720
l 2720 2721
l 2721 2722
l 2722 2723
l 2723 2724
l 2724 2725
l 2725 2726
l 2726 2727
l 2727 2728
l 2728 2729
l 2729 2730
l 2730 2731
l 2731 2732
l 2732 2733
l 2733 2734
l 2734 2735
l 2735 2736
l 2736 2737
l 2737 2738
l 2738 2739
l 2739 2740
l 2740 2741
l 2741 2742
l 2742 2743
l 2743 2744
l 2744 2745
l 2745 2746
l 2746 2747
l 2747 2748
l 2748 2749
l 2749 2750
l 2750 2751
l 2751 2752
l 2752 2753
l 2753 2754
l 2754 2755
l 2755 2756
l 2756 2757
l 2757 2758
l 2758 2759
l 2759 2760
l 2760 2761
l 2761 2762
l 2762 2763
l 2763 2764
l 2764 2765
l 2765 2766
l 2766 2767
l 2767 2768
l 2768 2769
l 2769 2770
l 2770 2771
l 2771 2772
l 2772 2773
l 2773 2774
l 2774 2775
l 2775 2776
l 2776 2777
l 2777 2778
l 2778 2779
l 2779 2780
l 2780 2781
l 2781 2782
l 2782 2783
l 2783 2784
l 2784 2785
l 2785 2786
l 2786 2787
l 2787 2788
l 2788 2789
l 2789 2790
l 2790 2791
l 2791 2792
l 2792 2793
l 2793 2794
l 2794 2795
l 2795 2796
l 2796 2797
l 2797 2798
l 2798 2799
l 2799 2800
l 2800 2801
l 2801 2802
l 2802 2803
l 2803 2804
l 2804 2805
l 2805 2806
l 2806 2807
l 2807 2808
l 2808 2809
l 2809 2810
l 2810 2811
l 2811 2812
l 2812 2813
l 2813 2814
l 2814 2815
l 2815 2816
l 2816 2817
l 2817 2818
l 2818 2819
l 2819 2820
l 2820 2821
l 2821 2822
l 2822 2823
l 2823 2824
l 2824 2825
l 2825 2826
l 2826 2827
l 2827 2828
l 2828 2829
l 2829 2830
l 2830 2831
l 2831 2832
l 2832 2833
l 2833 2834
l 2834 2835
l 2835 2836
l 2836 2837
l 2837 2838
l 2838 2839
l 2839 2840
l 2840 2841
l 2841 2842
l 2842 2843
l 2843 2844
l 2844 2845
l 2845 2846
l 2846 2847
l 2847 2848
l 2848 2849
l 2849 2850
l 2850 2851
l 2851 2852
l 2852 2853
l 2853 2854
l 2854 2855
l 2855 2856
l 2856 2857
l 2857 2858
l 2858 2859
l 2859 2860
l 2860 2861
l 2861 2862
l 2862 2863
l 2863 2864
l 2864 2865
l 2865 2866
l 2866 2867
l 2867 2868
l 2868 2869
l 2869 2870
l 2870 2871
l 2871 2872
l 2872 2873
l 2873 2874
l 2874 2875
l 2875 2876
l 2876 2877
l 2877 2878
l 2878 2879
l 2879 2880
l 2880 2881
l 2881 2882
l 2882 2883
l 2883 2884
l 2884 2885
l 2885 2886
l 2886 2887
l 2887 2888
l 2888 2889
l 2889 2890
l 2890 2891
l 2891 2892
l 2892 2893
l 2893 2894
l 2894 2895
l 2895 2896
l 2896 2897
l 2897 2898
l 2898 2899
l 2899 2900
l 2900 2901
l 2901 2902
l 2902 2903
l 2903 2904
l 2904 2905
l 2905 2906
l 2906 2907
l 2907 2908
l 2908 2909
l 2909 2910
l 2910 2911
l 2911 2912
l 2912 2913
l 2913 2914
l 2914 2915
l 2915 2916
l 2916 2917
l 2917 2918
l 2918 2919
l 2919 2920
l 2920 2921
l 2921 2922
l 2922 2923
l 2923 2924
l 2924 2925
l 2925 2926
l 2926 2927
l 2927 2928
l 2928 2929
l 2929 2930
l 2930 2931
l 2931 2932
l 2932 2933
l 2933 2934
l 2934 2935
l 2935 2936
l 2936 2937
l 2937 2938
l 2938 2939
l 2939 2940
l 2940 2941
l 2941 2942
l 2942 2943
l 2943 2944
l 2944 2945
l 2945 2946
l 2946 2947
l 2947 2948
l 2948 2949
l 2949 2950
l 2950 2951
l 2951 2952
l 2952 2953
l 2953 2954
l 2954 2955
l 2955 2956
l 2956 2957
l 2957 2958
l 2958 2959
l 2959 2960
l 2960 2961
l 2961 2962
l 2962 2963
l 2963 2964
l 2964 2965
l 2965 2966
l 2966 2967
l 2967 2968
l 2968 2969
l 2969 2970
l 2970 2971
l 2971 2972
l 2972 2973
l 2973 2974
l 2974 2975
l 2975 2976
l 2976 2977
l 2977 2978
l 2978 2979
l 2979 2980
l 2980 2981
l 2981 2982
l 2982 2983
l 2983 2984
l 2984 2985
l 2985 2986
l 2986 2987
l 2987 2988
l 2988 2989
l 2989 2990
l 2990 2991
l 2991 2992
l 2992 2993
l 2993 2994
l 2994 2995
l 2995 2996
l 2996 2997
l 2997 2998
l 2998 2999
l 2999 3000
l 3000 3001
l 3001 3002
l 3002 3003
l 3003 3004
l 3004 3005
l 3005 3006
l 3006 3007
l 3007 3008
l 3008 3009
l 3009 3010
l 3010 3011
l 3011 3012
l 3012 3013
l 3013 3014
l 3014 3015
l 3015 3016
l 3016 3017
l 3017 3018
l 3018 3019
l 3019 3020
l 3020 3021
l 3021 3022
l 3022 3023
l 3023 3024
l 3024 3025
l 3025 3026
l 3026 3027
l 3027 3028
l 3028 3029
l 3029 3030
l 3030 3031
l 3031 3032
l 3032 3033
l 3033 3034
l 3034 3035
l 3035 3036
l 3036 3037
l 3037 3038
l 3038 3039
l 3039 3040
l 3040 3041
l 3041 3042
l 3042 3043
l 3043 3044
l 3044 3045
l 3045 3046
l 3046 3047
l 3047 3048
l 3048 3049
l 3049 3050
l 3050 3051
l 3051 3052
l 3052 3053
l 3053 3054
l 3054 3055
l 3055 3056
l 3056 3057
l 3057 3058
l 3058 3059
l 3059 3060
l 3060 3061
l 3061 3062
l 3062 3063
l 3063 3064
l 3064 3065
l 3065 3066
l 3066 3067
l 3067 3068
l 3068 3069
l 3069 3070
l 3070 3071
l 3071 3072
l 3072 3073
l 3073 3074
l 3074 3075
l 3075 3076
l 3076 3077
l 3077 3078
l 3078 3079
l 3079 3080
l 3080 3081
l 3081 3082
l 3082 3083
l 3083 3084
l 3084 3085
l 3085 3086
l 3086 3087
l 3087 3088
l 3088 3089
l 3089 3090
l 3090 3091
l 3091 3092
l 3092 3093
l 3093 3094
l 3094 3095
l 3095 3096
l 3096 3097
l 3097 3098
l 3098 3099
l 3099 3100
l 3100 3101
l 3101 3102
l 3102 3103
l 3103 3104
l 3104 3105
l 3105 3106
l 3106 3107
l 3107 3108
l 3108 3109
l 3109 3110
l 3110 3111
l 3111 3112
l 3112 3113
l 3113 3114
l 3114 3115
l 3115 3116
l 3116 3117
l 3117 3118
l 3118 3119
l 3119 3120
l 3120 3121
l 3121 3122
l 3122 3123
l 3123 3124
l 3124 3125
l 3125 3126
l 3126 3127
l 3127 3128
l 3128 3129
l 3129 3130
l 3130 3131
l 3131 3132
l 3132 3133
l 3133 3134
l 3134 3135
l 3135 3136
l 3136 3137
l 3137 3138
l 3138 3139
l 3139 3140
l 3140 3141
l 3141 3142
l 3142 3143
l 3143 3144
l 3144 3145
l 3145 3146
l 3146 3147
l 3147 3148
l 3148 3149
l 3149 3150
l 3150 3151
l 3151 3152
l 3152 3153
l 3153 3154
l 3154 3155
l 3155 3156
l 3156 3157
l 3157 3158
l 3158 3159
l 3159 3160
l 3160 3161
l 3161 3162
l 3162 3163
l 3163 3164
l 3164 3165
l 3165 3166
l 3166 3167
l 3167 3168
l 3168 3169
l 3169 3170
l 3170 3171
l 3171 3172
l 3172 3173
l 3173 3174
l 3174 3175
l 3175 3176
l 3176 3177
l 3177 3178
l 3178 3179
l 3179 3180
l 3180 3181
l 3181 3182
l 3182 3183
l 3183 3184
l 3184 3185
l 3185 3186
l 3186 3187
l 3187 3188
l 3188 3189
l 3189 3190
l 3190 3191
l 3191 3192
l 3192 3193
l 3193 3194
l 3194 3195
l 3195 3196
l 3196 3197
l 3197 3198
l 3198 3199
l 3199 3200
l 3200 3201
l 3201 3202
l 3202 3203
l 3203 3204
l 3204 3205
l 3205 3206
l 3206 3207
l 3207 3208
l 3208 3209
l 3209 3210
l 3210 3211
l 3211 3212
l 3212 3213
l 3213 3214
l 3214 3215
l 3215 3216
l 3216 3217
l 3217 3218
l 3218 3219
l 3219 3220
l 3220 3221
l 3221 3222
l 3222 3223
l 3223 3224
l 3224 3225
l 3225 3226
l 3226 3227
l 3227 3228
l 3228 3229
l 3229 3230
l 3230 3231
l 3231 3232
l 3232 3233
l 3233 3234
l 3234 3235
l 3235 3236
l 3236 3237
l 3237 3238
l 3238 3239
l 3239 3240
l 3240 3241
l 3241 3242
l 3242 3243
l 3243 3244
l 3244 3245
l 3245 3246
l 3246 3247
l 3247 3248
l 3248 3249
l 3249 3250
l 3250 3251
l 3251 3252
l 3252 3253
l 3253 3254
l 3254 3255
l 3255 3256
l 3256 3257
l 3257 3258
l 3258 3259
l 3259 3260
l 3260 3261
l 3261 3262
l 3262 3263
l 3263 3264
l 3264 3265
l 3265 3266
l 3266 3267
l 3267 3268
l 3268 3269
l 3269 3270
l 3270 3271
l 3271 3272
l 3272 3273
l 3273 3274
l 3274 3275
l 3275 3276
l 3276 3277
l 3277 3278
l 3278 3279
l 3279 3280
l 3280 3281
l 3281 3282
l 3282 3283
l 3283 3284
l 3284 3285
l 3285 3286
l 3286 3287
l 3287 3288
l 3288 3289
l 3289 3290
l 3290 3291
l 3291 3292
l 3292 3293
l 3293 3294
l 3294 3295
l 3295 3296
l 3296 3297
l 3297 3298
l 3298 3299
l 3299 3300
l 3300 3301
l 3301 3302
l 3302 3303
l 3303 3304
l 3304 3305
l 3305 3306
l 3306 3307
l 3307 3308
l 3308 3309
l 3309 3310
l 3310 3311
l 3311 3312
l 3312 3313
l 3313 3314
l 3314 3315
l 3315 3316
l 3316 3317
l 3317 3318
l 3318 3319
l 3319 3320
l 3320 3321
l 3321 3322
l 3322 3323
l 3323 3324
l 3324 3325
l 3325 3326
l 3326 3327
l 3327 3328
l 3328 3329
l 3329 3330
l 3330 3331
l 3331 3332
l 3332 3333
l 3333 3334
l 3334 3335
l 3335 3336
l 3336 3337
l 3337 3338
l 3338 3339
l 3339 3340
l 3340 3341
l 3341 3342
l 3342 3343
l 3343 3344
l 3344 3345
l 3345 3346
l 3346 3347
l 3347 3348
l 3348 3349
l 3349 3350
l 3350 3351
l 3351 3352
l 3352 3353
l 3353 3354
l 3354 3355
l 3355 3356
l 3356 3357
l 3357 3358
l 3358 3359
l 3359 3360
l 3360 3361
l 3361 3362
l 3362 3363
l 3363 3364
l 3364 3365
l 3365 3366
l 3366 3367
l 3367 3368
l 3368 3369
l 3369 3370
l 3370 3371
l 3371 3372
l 3372 3373
l 3373 3374
l 3374 3375
l 3375 3376
l 3376 3377
l 3377 3378
l 3378 3379
l 3379 3380
l 3380 3381
l 3381 3382
l 3382 3383
l 3383 3384
l 3384 3385
l 3385 3386
l 3386 3387
l 3387 3388
l 3388 3389
l 3389 3390
l 3390 3391
l 3391 3392
l 3392 3393
l 3393 3394
l 3394 3395
l 3395 3396
l 3396 3397
l 3397 3398
l 3398 3399
l 3399 3400
l 3400 3401
l 3401 3402
l 3402 3403
l 3403 3404
l 3404 3405
l 3405 3406
l 3406 3407
l 3407 3408
l 3408 3409
l 3409 3410
l 3410 3411
l 3411 3412
l 3412 3413
l 3413 3414
l 3414 3415
l 3415 3416
l 3416 3417
l 3417 3418
l 3418 3419
l 3419 3420
l 3420 3421
l 3421 3422
l 3422 3423
l 3423 3424
l 3424 3425
l 3425 3426
l 3426 3427
l 3427 3428
l 3428 3429
l 3429 3430
l 3430 3431
l 3431 3432
l 3432 3433
l 3433 3434
l 3434 3435
l 3435 3436
l 3436 3437
l 3437 3438
l 3438 3439
l 3439 3440
l 3440 3441
l 3441 3442
l 3442 3443
l 3443 3444
l 3444 3445
l 3445 3446
l 3446 3447
l 3447 3448
l 3448 3449
l 3449 3450
l 3450 3451
l 3451 3452
l 3452 3453
l 3453 3454
l 3454 3455
l 3455 3456
l 3456 3457
l 3457 3458
l 3458 3459
l 3459 3460
l 3460 3461
l 3461 3462
l 3462 3463
l 3463 3464
l 3464 3465
l 3465 3466
l 3466 3467
l 3467 3468
l 3468 3469
l 3469 3470
l 3470 3471
l 3471 3472
l 3472 3473
l 3473 3474
l 3474 3475
l 3475 3476
l 3476 3477
l 3477 3478
l 3478 3479
l 3479 3480
l 3480 3481
l 3481 3482
l 3482 3483
l 3483 3484
l 3484 3485
l 3485 3486
l 3486 3487
l 3487 3488
l 3488 3489
l 3489 3490
l 3490 3491
l 3491 3492
l 3492 3493
l 3493 3494
l 3494 3495
l 3495 3496
l 3496 3497
l 3497 3498
l 3498 3499
l 3499 3500
l 3500 3501
l 3501 3502
l 3502 3503
l 3503 3504
l 3504 3505
l 3505 3506
l 3506 3507
l 3507 3508
l 3508 3509
l 3509 3510
l 3510 3511
l 3511 3512
l 3512 3513
l 3513 3514
l 3514 3515
l 3515 3516
l 3516 3517
l 3517 3518
l 3518 3519
l 3519 3520
l 3520 3521
l 3521 3522
l 3522 3523
l 3523 3524
l 3524 3525
l 3525 3526
l 3526 3527
l 3527 3528
l 3528 3529
l 3529 3530
l 3530 3531
l 3531 3532
l 3532 3533
l 3533 3534
l 3534 3535
l 3535 3536
l 3536 3537
l 3537 3538
l 3538 3539
l 3539 3540
l 3540 3541
l 3541 3542
l 3542 3543
l 3543 3544
l 3544 3545
l 3545 3546
l 3546 3547
l 3547 3548
l 3548 3549
l 3549 3550
l 3550 3551
l 3551 3552
l 3552 3553
l 3553 3554
l 3554 3555
l 3555 3556
l 3556 3557
l 3557 3558
l 3558 3559
l 3559 3560
l 3560 3561
l 3561 3562
l 3562 3563
l 3563 3564
l 3564 3565
l 3565 3566
l 3566 3567
l 3567 3568
l 3568 3569
l 3569 3570
l 3570 3571
l 3571 3572
l 3572 3573
l 3573 3574
l 3574 3575
l 3575 3576
l 3576 3577
l 3577 3578
l 3578 3579
l 3579 3580
l 3580 3581
l 3581 3582
l 3582 3583
l 3583 3584
l 3584 3585
l 3585 3586
l 3586 3587
l 3587 3588
l 3588 3589
l 3589 3590
l 3590 3591
l 3591 3592
l 3592 3593
l 3593 3594
l 3594 3595
l 3595 3596
l 3596 3597
l 3597 3598
l 3598 3599
l 3599 3600
l 3600 3601
o B
v -0.427412232 0.000000000 -0.298726471
v -0.440289233 -0.023256016 -0.304906426
v -0.454477905 -0.046684629 -0.305405992
v -0.464431247 -0.071461472 -0.311524113
v -0.470780518 -0.095701586 -0.322251516
v -0.475848601 -0.119829878 -0.334024450
v -0.482866304 -0.145703887 -0.339779251
v -0.490397352 -0.171849802 -0.339754648
v -0.497024199 -0.198198374 -0.336863838
v -0.500790804 -0.225150562 -0.340210611
v -0.502868202 -0.251614231 -0.346557242
v -0.503439940 -0.276894051 -0.357150634
v -0.504324504 -0.303880174 -0.361361516
v -0.504585764 -0.331251715 -0.362034576
v -0.504052218 -0.357793196 -0.355334926
v -0.502007937 -0.384398286 -0.349318515
v -0.498724884 -0.411612664 -0.348620852
v -0.494565290 -0.438662026 -0.349079462
v -0.490325635 -0.465000502 -0.355354236
v -0.485370960 -0.491516972 -0.359879650
v -0.478843393 -0.518051956 -0.357815807
v -0.471137573 -0.543936087 -0.353415357
v -0.461661865 -0.567217557 -0.342555396
v -0.450927940 -0.589720233 -0.331178751
v -0.439949912 -0.614015092 -0.324906963
v -0.428325637 -0.638225899 -0.319366282
v -0.417110990 -0.663055427 -0.317338881
v -0.406973504 -0.688455054 -0.319352293
v -0.395010170 -0.712914061 -0.317355538
v -0.380756686 -0.735136840 -0.309967148
v -0.365645645 -0.756471502 -0.301718047
v -0.348891835 -0.774061234 -0.289193422
v -0.330946439 -0.788048268 -0.273892758
v -0.312434417 -0.802765986 -0.260076751
v -0.294106486 -0.820362985 -0.249785067
v -0.275345854 -0.837613114 -0.239663226
v -0.257418832 -0.856977503 -0.232389120
v -0.240463767 -0.877929687 -0.227331529
v -0.222457676 -0.897396441 -0.220496893
v -0.202330110 -0.912285543 -0.209443017
v -0.181442667 -0.925098514 -0.197133388
v -0.160054953 -0.936124064 -0.184064871
v -0.138115146 -0.941272060 -0.168556117
v -0.116088104 -0.942780472 -0.152296516
v -0.093585129 -0.945253028 -0.136863082
v -0.070739941 -0.951623952 -0.123129622
v -0.047733936 -0.957855923 -0.109570062
v -0.024849421 -0.965686296 -0.096741757
v -0.002691874 -0.977061264 -0.085282207
v 0.019473944 -0.988068445 -0.073502185
v 0.042386971 -0.994506771 -0.060060926
v 0.065541077 -0.995642293 -0.045429492
v 0.088643992 -0.995283520 -0.030671177
v 0.111003167 -0.990009395 -0.015860346
v 0.131988276 -0.979573149 -0.001653693
v 0.152779766 -0.968158519 0.012107113
v 0.174803627 -0.959956694 0.026158375
v 0.197455027 -0.954124236 0.040472893
v 0.219842324 -0.947213333 0.054722620
v 0.242504593 -0.942650782 0.069399303
v 0.265229619 -0.941551443 0.084705985
v 0.287634711 -0.939388529 0.100340134
v 0.309144521 -0.931843854 0.115423401
v 0.329351216 -0.919697084 0.129419992
v 0.348932427 -0.906195187 0.143046811
v 0.366078531 -0.888049092 0.154203169
v 0.380966537 -0.866750788 0.162936103
v 0.396006058 -0.845607318 0.171776618
v 0.413038811 -0.827432509 0.183157784
v 0.430223213 -0.809807704 0.195243083
v 0.447068746 -0.792045373 0.207555038
v 0.465032478 -0.778253075 0.222954807
v 0.482636016 -0.765145485 0.239376730
v 0.498158121 -0.747444438 0.253190270
v 0.511267655 -0.725774010 0.263694259
v 0.523463707 -0.703299390 0.273583328
v 0.532942158 -0.678346071 0.279434207
v 0.539942912 -0.651912939 0.281417610
v 0.547326269 -0.625722207 0.284551273
v 0.556409767 -0.600955599 0.291981226
v 0.564988717 -0.576119702 0.299825346
v 0.574203160 -0.553156597 0.311526980
v 0.583058029 -0.531239765 0.325420998
v 0.589659204 -0.506839012 0.335775154
v 0.593886470 -0.480334405 0.341374117
v 0.596965526 -0.453463783 0.345749784
v 0.597737403 -0.426183649 0.343878437
v 0.597510450 -0.399086461 0.339697078
v 0.597873666 -0.371753206 0.340664221
v 0.597792993 -0.344493647 0.343639773
v 0.597343055 -0.318188962 0.351092122
v 0.595838464 -0.292601331 0.360799019
v 0.592451454 -0.265721921 0.364217718
v 0.587878490 -0.238684484 0.364451478
v 0.582669432 -0.212537987 0.358762976
v 0.577200570 -0.187279854 0.349661088
v 0.570340369 -0.160869073 0.347390600
v 0.562298045 -0.134696667 0.346633460
v 0.552375054 -0.109709503 0.351912863
v 0.541399714 -0.084800116 0.353623294
v 0.530339044 -0.060034539 0.349608260
v 0.520680716 -0.036627243 0.339349970
v 0.510416777 -0.013504253 0.329058957
v 0.497074979 0.009887289 0.323888060
v 0.481121088 0.031981160 0.322904726
v 0.463550590 0.052880837 0.322446694
v 0.447540027 0.073937149 0.315239360
v 0.434886552 0.094269422 0.302040144
v 0.419742465 0.114169717 0.291244767
v 0.400951149 0.132754316 0.284290306
v 0.378402081 0.148134477 0.282206900
v 0.358703098 0.164811340 0.273009300
v 0.342996423 0.182097024 0.258898061
v 0.324734826 0.198112911 0.246611412
v 0.301653520 0.210341319 0.239025373
v 0.277632670 0.220627794 0.231396915
v 0.257241272 0.233356807 0.218507126
v 0.239179718 0.247096858 0.203571812
v 0.215568415 0.255500616 0.192778947
v 0.190051378 0.259394346 0.183948092
v 0.167989148 0.267740151 0.170206357
v 0.147865634 0.277833523 0.155069476
v 0.123414133 0.280070910 0.143375152
v 0.098790605 0.279460161 0.131804680
v 0.077081732 0.285840533 0.116657473
v 0.054090505 0.288723948 0.102361215
v 0.030474560 0.281992336 0.090596094
v 0.007286773 0.280524773 0.076147717
v -0.015248143 0.283388946 0.061131454
v -0.037449841 0.275576203 0.047618022
v -0.059071824 0.266826137 0.033546749
v -0.082069606 0.265611773 0.018933128
v -0.103758849 0.257470064 0.004587130
v -0.121948260 0.242983592 -0.009676322
v -0.143901374 0.235659733 -0.023952384
v -0.165330706 0.226552093 -0.037859702
v -0.180345527 0.209289352 -0.052637434
v -0.199032354 0.195573226 -0.067095364
v -0.220518615 0.184665138 -0.079716643
v -0.235109880 0.166936488 -0.094255281
v -0.247650515 0.147990299 -0.109250647
v -0.267029284 0.132873943 -0.121003543
v -0.282715202 0.114546988 -0.133747135
v -0.289614672 0.093285461 -0.149382013
v -0.301938212 0.072804184 -0.162744731
v -0.318965971 0.053429633 -0.171871574
v -0.328479137 0.031245289 -0.184683249
v -0.331663519 0.009006412 -0.200282801
v -0.340399332 -0.014104425 -0.212106197
v -0.353030682 -0.037432219 -0.218865478
v -0.358935471 -0.061769579 -0.229915169
v -0.358227380 -0.084398809 -0.245316676
v -0.361383786 -0.109087742 -0.256708896
v -0.368084515 -0.134919270 -0.262027760
v -0.371509315 -0.161006166 -0.268938075
v -0.370333627 -0.185909626 -0.279963250
v -0.365950954 -0.208874609 -0.294186728
v -0.364344780 -0.234885207 -0.302699658
v -0.364736765 -0.262170301 -0.304350376
v -0.362198939 -0.289035921 -0.308144694
v -0.356761991 -0.314896062 -0.315350924
v -0.348498606 -0.337563012 -0.328335755
v -0.340775986 -0.362255851 -0.336971942
v -0.333213205 -0.388234584 -0.340934241
v -0.326136796 -0.414507935 -0.337698592
v -0.316482173 -0.440027103 -0.338505032
v -0.305154425 -0.464749872 -0.342001247
v -0.292764026 -0.486950287 -0.352083581
v -0.279846879 -0.509513493 -0.360299789
v -0.266238379 -0.533242409 -0.362234683
v -0.252015291 -0.556425720 -0.360144962
v -0.237350134 -0.578233964 -0.352339575
v -0.221024786 -0.599874775 -0.348947618
v -0.203695126 -0.621116571 -0.348325846
v -0.186292330 -0.641742935 -0.352739021
v -0.168862579 -0.661894919 -0.359161317
v -0.149991855 -0.681656248 -0.359180182
v -0.130281774 -0.700513459 -0.356369137
v -0.110110086 -0.717267290 -0.348931541
v -0.089891932 -0.730872397 -0.336373616
v -0.068390889 -0.745235224 -0.327570245
v -0.046126902 -0.760358045 -0.322316794
v -0.023493798 -0.775105776 -0.317795282
v -0.001352307 -0.791244266 -0.318391986
v 0.020991477 -0.807092281 -0.318946180
v 0.044441826 -0.820180465 -0.313897412
v 0.068313928 -0.831194892 -0.306100589
v 0.092103749 -0.839558013 -0.295582377
v 0.114860233 -0.843280850 -0.280785139
v 0.137825636 -0.845835805 -0.266039225
v 0.162290980 -0.850871724 -0.254838728
v 0.187229430 -0.856264913 -0.244790126
v 0.212347962 -0.861397817 -0.235115755
v 0.237779012 -0.869535186 -0.228969707
v 0.263204532 -0.878312006 -0.223645054
v 0.288652722 -0.883892718 -0.215315377
v 0.313312602 -0.884782759 -0.203377392
v 0.337679386 -0.884221695 -0.190824285
v 0.360155040 -0.879249263 -0.176099455
v 0.380175431 -0.869919597 -0.159873004
v 0.400168711 -0.859908412 -0.144010844
v 0.422452130 -0.852748916 -0.129806488
v 0.445551881 -0.846645790 -0.116348092
v 0.468379991 -0.839777508 -0.102796856
v 0.492777770 -0.836584002 -0.090810983
v 0.517828493 -0.835761600 -0.079685520
v 0.541923711 -0.832166890 -0.067246744
v 0.563109391 -0.822483236 -0.052895813
v 0.583054897 -0.810751818 -0.038180933
v 0.601907456 -0.797505028 -0.023371363
v 0.616622899 -0.779681548 -0.008729139
v 0.628365968 -0.759192962 0.005203348
v 0.640647312 -0.738897163 0.018939718
v 0.656157168 -0.721327284 0.033122942
v 0.672110338 -0.704198648 0.047409547
v 0.688300337 -0.687461042 0.061845493
v 0.706957123 -0.674218453 0.076944573
v 0.725682620 -0.661575412 0.092478327
v 0.741842137 -0.645788360 0.107910957
v 0.753716317 -0.625646834 0.122179772
v 0.764155320 -0.604418068 0.136048789
v 0.772686202 -0.581942451 0.149132558
v 0.776229852 -0.556749780 0.159227994
v 0.777396353 -0.530661421 0.167596302
v 0.779970725 -0.505066175 0.177012850
v 0.785585476 -0.481027578 0.188937530
v 0.790674878 -0.456889965 0.200915677
v 0.797476619 -0.434325127 0.214834922
v 0.805856523 -0.413706456 0.230852745
v 0.812353946 -0.392086227 0.246350752
v 0.814125925 -0.367583608 0.258349730
v 0.813507857 -0.342153289 0.268592239
v 0.811151473 -0.316377640 0.277472009
v 0.804294299 -0.290086017 0.280659984
v 0.796065992 -0.263967343 0.282012933
v 0.790218621 -0.237887731 0.287772258
v 0.785072935 -0.212136527 0.295670164
v 0.779545848 -0.186692086 0.304188699
v 0.775835615 -0.162882196 0.317243006
v 0.771076672 -0.139405411 0.330540385
v 0.762455225 -0.114761833 0.338591088
v 0.751779377 -0.090044710 0.343795213
v 0.739179135 -0.065837815 0.344718856
v 0.725108006 -0.042667121 0.340618556
v 0.711068091 -0.019246838 0.339091407
v 0.697252279 0.004246707 0.342110451
v 0.682835706 0.027199583 0.345989924
v 0.669019026 0.048572112 0.356150072
v 0.653392805 0.069635286 0.363677163
v 0.635854078 0.090695117 0.364405786
v 0.617661752 0.111023429 0.362617047
v 0.599890368 0.130080683 0.354141444
v 0.581222670 0.149084907 0.348081396
v 0.561191937 0.167756855 0.346630742
v 0.540199321 0.184972087 0.349612382
v 0.518235111 0.200586751 0.354479095
v 0.495994954 0.216336470 0.351835902
v 0.473947882 0.231457541 0.346116144
v 0.454215183 0.246211375 0.334102353
v 0.431914447 0.260049274 0.326613577
v 0.407720182 0.272203387 0.322775170
v 0.381855056 0.281152239 0.324240348
v 0.356791079 0.290758210 0.319178896
v 0.333187198 0.300656251 0.309759425
v 0.312384681 0.311481335 0.295657129
v 0.287348542 0.319003828 0.287427727
v 0.260581835 0.322500235 0.283677677
v 0.234067875 0.325108871 0.278073554
v 0.209755592 0.330078810 0.266693842
v 0.187754922 0.336880509 0.251961159
v 0.162346641 0.338568821 0.241807936
v 0.135925488 0.334119503 0.236279844
v 0.110712837 0.332216891 0.225881144
v 0.088227745 0.335279067 0.210677482
v 0.064164208 0.333805069 0.197910961
v 0.040008600 0.324741098 0.189427154
v 0.016370131 0.317627949 0.177796079
v -0.006132170 0.316605679 0.162395165
v -0.028978845 0.310280229 0.148886237
v -0.049656220 0.295528124 0.138764799
v -0.071144641 0.285626977 0.124970443
v -0.093143250 0.280933583 0.109473241
v -0.112452230 0.266823477 0.096486150
v -0.129546680 0.249909158 0.083739479
v -0.150015260 0.240203837 0.068728198
v -0.168738142 0.226703158 0.054301987
v -0.180982626 0.206117536 0.041166231
v -0.197814482 0.190499468 0.026410780
v -0.215818151 0.176201888 0.012009378
v -0.225785328 0.155301269 -0.002110730
v -0.236440894 0.134923440 -0.016789792
v -0.253361142 0.118380552 -0.030467754
v -0.262106471 0.096998947 -0.044887431
v -0.266408796 0.074654141 -0.059749018
v -0.278646169 0.054268744 -0.073000186
v -0.287387339 0.032281641 -0.086452762
v -0.286354323 0.009701462 -0.101823690
v -0.291387398 -0.013351361 -0.115651963
v -0.300018111 -0.036572824 -0.126787301
v -0.299253015 -0.059736274 -0.141026226
v -0.295630378 -0.082153835 -0.156040943
v -0.298330496 -0.106812182 -0.167134704
v -0.299303589 -0.131767745 -0.177726985
v -0.292650373 -0.153789281 -0.192164278
v -0.285782262 -0.176098403 -0.206202660
v -0.283568868 -0.201760099 -0.214998936
v -0.278956391 -0.227033744 -0.223921805
v -0.268909971 -0.248573898 -0.237055671
v -0.257298510 -0.268738933 -0.251111089
v -0.247997663 -0.292726572 -0.260309600
v -0.240105692 -0.318621579 -0.264325119
v -0.227591631 -0.341306075 -0.273272595
v -0.212282280 -0.358951518 -0.287326248
v -0.197175791 -0.378714302 -0.298416670
v -0.182426470 -0.400783818 -0.304807176
v -0.168219776 -0.424205851 -0.305287305
v -0.150873505 -0.444525949 -0.311288303
v -0.132298289 -0.461469636 -0.321803849
v -0.113231250 -0.476970174 -0.333777291
v -0.093513175 -0.495115872 -0.339584805
v -0.073744927 -0.513803669 -0.339842786
v -0.053477719 -0.531890862 -0.336765852
v -0.031304657 -0.547672637 -0.340092336
v -0.008758959 -0.561776910 -0.346248593
v 0.013406024 -0.573922184 -0.356872913
v 0.036919122 -0.587106337 -0.361290537
v 0.061088634 -0.599956080 -0.362082337
v 0.084910047 -0.611748807 -0.355554102
v 0.109422296 -0.622210423 -0.349359113
v 0.135083884 -0.631846316 -0.348647962
v 0.161013950 -0.640624219 -0.348980525
v 0.186360052 -0.648992907 -0.355186034
v 0.212148789 -0.656822407 -0.359867453
v 0.238704041 -0.663279320 -0.357916192
v 0.265252992 -0.668422878 -0.353678445
v 0.290316340 -0.670786044 -0.342910881
v 0.315208601 -0.671634331 -0.331477678
v 0.341798425 -0.673061290 -0.325095764
v 0.368645654 -0.673916430 -0.319575182
v 0.395839284 -0.675338557 -0.317378481
v 0.423053964 -0.678034756 -0.319392240
v 0.450288056 -0.678768585 -0.317588957
v 0.476595021 -0.676390138 -0.310251897
v 0.502509801 -0.672834028 -0.302043403
v 0.525941995 -0.666168134 -0.289659205
v 0.546640709 -0.656710711 -0.274365621
v 0.568178193 -0.647034264 -0.260482498
v 0.592212834 -0.638855643 -0.250147739
v 0.616163766 -0.630150922 -0.240020240
v 0.641564553 -0.623091350 -0.232663822
v 0.667966663 -0.617677312 -0.227599537
v 0.693591248 -0.610741649 -0.220865923
v 0.716144368 -0.599803272 -0.209885495
v 0.737155245 -0.587181921 -0.197587788
v 0.756869459 -0.573332435 -0.184567529
v 0.771657618 -0.556291742 -0.169099237
v 0.783167402 -0.537455409 -0.152834501
v 0.795657416 -0.518599636 -0.137367596
v 0.811792117 -0.501235808 -0.123612921
v 0.827941534 -0.483700190 -0.110060329
v 0.845358680 -0.466941433 -0.097200494
v 0.865629859 -0.452479148 -0.085731302
v 0.885654069 -0.437907849 -0.073983856
v 0.902050239 -0.420615997 -0.060588982
v 0.913771401 -0.400610432 -0.045965638
v 0.924235416 -0.379995140 -0.031217878
v 0.931478503 -0.358209871 -0.016394136
v 0.931981639 -0.334828959 -0.002143622
v 0.930452603 -0.311075159 0.011473058
v 0.932501920 -0.287624154 0.025419915
v 0.937743619 -0.264827914 0.039732360
v 0.941957747 -0.241782220 0.053984735
v 0.948181738 -0.219500141 0.068632237
v 0.957625724 -0.198788299 0.083919271
v 0.966132077 -0.177940986 0.099544148
v 0.969602207 -0.155446439 0.114672791
v 0.968215513 -0.131927282 0.128693611
v 0.965336162 -0.108333974 0.142350885
v 0.957364085 -0.084747318 0.153639347
v 0.945398053 -0.061708504 0.162439749
v 0.933486049 -0.038640155 0.171236584
v 0.925056429 -0.015159448 0.182520912
v 0.917380153 0.008218729 0.194625786
v 0.909279104 0.031365075 0.206863072
v 0.905190370 0.053703997 0.222167546
v 0.901754577 0.075367436 0.238609475
v 0.893451729 0.097289337 0.252592182
v 0.880342811 0.118925987 0.263160407
v 0.866075986 0.140121437 0.273107660
v 0.848444420 0.160092835 0.279176642
v 0.828245331 0.178512024 0.281241268
v 0.808329382 0.197082914 0.284233261
v 0.790488826 0.216545371 0.291571210
v 0.772401427 0.235612139 0.299398361
v 0.756144923 0.254388320 0.310889920
v 0.740814178 0.272369270 0.324799397
v 0.722389168 0.289511654 0.335428049
v 0.700857012 0.305505377 0.341103041
v 0.678482254 0.320666025 0.345649233
v 0.654645810 0.333984608 0.344014740
v 0.630491717 0.346255740 0.339792161
v 0.606385286 0.359142493 0.340501175
v 0.582162459 0.371652130 0.343456045
v 0.558549955 0.383405118 0.350650819
v 0.535195498 0.393901317 0.360433642
v 0.509852785 0.403318750 0.364190679
v 0.483757289 0.411741712 0.364452733
v 0.458080331 0.419197611 0.359185374
v 0.433180651 0.425982078 0.349967900
v 0.406624868 0.432093805 0.347463001
v 0.379698377 0.437070391 0.346565967
v 0.352934993 0.439862734 0.351675457
v 0.325788708 0.441582341 0.353802957
v 0.298699235 0.443192556 0.349876808
v 0.273354234 0.445337549 0.339945546
v 0.248214250 0.446991735 0.329361048
v 0.221309367 0.445979386 0.324168178
v 0.194342700 0.442187404 0.322849712
v 0.167689282 0.436143211 0.322757941
v 0.141593940 0.431615661 0.315673765
v 0.117606546 0.429596859 0.302750844
v 0.093064701 0.425561664 0.291658016
v 0.067888092 0.417646009 0.284479729
v 0.043824829 0.404716061 0.282539478
v 0.019925519 0.394831526 0.273521501
v -0.002722809 0.388585220 0.259686126
v -0.025320893 0.380085201 0.247142858
v -0.046935160 0.365540441 0.239286522
v -0.067075039 0.348723358 0.231995479
v -0.087746840 0.335962271 0.219463840
v -0.108400747 0.326750363 0.204162831
v -0.126910316 0.309946016 0.193175675
v -0.142038390 0.288901485 0.184566899
v -0.159515860 0.272882459 0.170976899
v -0.177900728 0.260003987 0.155692581
v -0.191433923 0.239576407 0.143840419
v -0.202040889 0.217235421 0.132472811
v -0.217514243 0.200658662 0.117412283
v -0.230933464 0.181873636 0.103026489
v -0.236077739 0.157925433 0.091219958
v -0.245109502 0.136442641 0.076884964
v -0.258275921 0.117917990 0.061816504
v -0.261995060 0.094698364 0.048231716
v -0.263863374 0.071402623 0.034260628
v -0.273136790 0.050360731 0.019628434
v -0.276487603 0.027453434 0.005268498
v -0.271810362 0.004626839 -0.008959568
v -0.275049331 -0.018261791 -0.023315847
v -0.277310421 -0.041437697 -0.037167758
v -0.269186880 -0.062806515 -0.051908016
v -0.265186367 -0.085583555 -0.066455747
v -0.265701363 -0.109733148 -0.079038916
v -0.257046041 -0.131083900 -0.093506257
v -0.245737234 -0.150738725 -0.108566627
v -0.241017766 -0.174759416 -0.120486278
v -0.232301151 -0.197286877 -0.133103854
v -0.216775315 -0.213380733 -0.148651472
v -0.204087377 -0.233520475 -0.162178109
v -0.194793111 -0.257570944 -0.171344833
v -0.179708892 -0.276545846 -0.183972995
v -0.161388849 -0.289490602 -0.199655544
v -0.144832568 -0.307732125 -0.211656200
v -0.130024325 -0.329750612 -0.218422076
v -0.111253364 -0.346448119 -0.229293630
v -0.090861072 -0.356337268 -0.244638532
v -0.070405545 -0.370353765 -0.256200217
v -0.050510483 -0.388001175 -0.261867746
v -0.029050434 -0.403316151 -0.268493433
v -0.006389714 -0.413998290 -0.279287393
v 0.015971445 -0.420574878 -0.293646168
v 0.039762845 -0.431040972 -0.302342626
v 0.063797079 -0.443870351 -0.304301825
v 0.088770842 -0.454182249 -0.307817142
v 0.114240228 -0.461367794 -0.314908944
v 0.138218417 -0.464572705 -0.327744735
v 0.163592390 -0.468972836 -0.336697453
v 0.190116113 -0.474193203 -0.340907772
v 0.216699453 -0.480045031 -0.337806622
v 0.243781859 -0.483349358 -0.338334514
v 0.270946210 -0.484722995 -0.341799899
v 0.296450756 -0.484020730 -0.351589258
v 0.322328051 -0.482916467 -0.360133705
v 0.349650885 -0.481791582 -0.362153078
v 0.376807132 -0.479864358 -0.360378735
v 0.402935645 -0.476951915 -0.352611381
v 0.429635060 -0.472468468 -0.348968336
v 0.456478017 -0.466902361 -0.348329820
v 0.482831537 -0.460943287 -0.352493912
v 0.508729158 -0.454783647 -0.359038849
v 0.534970475 -0.447186629 -0.359302084
v 0.560799117 -0.438404778 -0.356518792
v 0.585290928 -0.428322766 -0.349921170
v 0.607110149 -0.416734039 -0.338050311
v 0.629257618 -0.404163554 -0.328025180
v 0.652874324 -0.391346148 -0.322558077
v 0.676358890 -0.378027123 -0.317907666
v 0.700866043 -0.365775926 -0.318414083
v 0.725250436 -0.353290814 -0.319093534
v 0.747745892 -0.338564042 -0.314225090
v 0.768543418 -0.322469393 -0.306452785
v 0.787804570 -0.305447644 -0.297090255
v 0.801825330 -0.287045573 -0.282478358
v 0.813894858 -0.267881435 -0.267032461
v 0.829200919 -0.248439309 -0.255385102
v 0.845521181 -0.228812858 -0.245363369
v 0.861578368 -0.208863774 -0.235604142
v 0.880415581 -0.189984743 -0.229338357
v 0.899942775 -0.171473898 -0.224054197
v 0.916861384 -0.151552298 -0.215958447
v 0.929092819 -0.130093965 -0.204070419
v 0.939906054 -0.108222962 -0.191561383
v 0.946125563 -0.085983553 -0.176950580
v 0.947190030 -0.063912077 -0.160739014
v 0.947437454 -0.041585252 -0.144829747
v 0.951175974 -0.018527250 -0.130550851
v 0.956445456 0.004783364 -0.117103816
v 0.960853674 0.028206720 -0.103544352
v 0.969035208 0.051363809 -0.091477830
v 0.979841888 0.073986084 -0.080367504
v 0.987994273 0.097002514 -0.068026076
v 0.989376763 0.120277733 -0.053721668
v 0.988201193 0.143390518 -0.039011062
v 0.985321077 0.166264998 -0.024207035
v 0.976513438 0.187616737 -0.009532574
v 0.963789278 0.207494525 0.004422856
v 0.951354489 0.227696873 0.018159512
v 0.942731818 0.249494466 0.032324469
v 0.934923435 0.271558160 0.046614673
v 0.927416527 0.293616896 0.061032130
v 0.924119936 0.316269222 0.076105727
v 0.921573493 0.338732349 0.091621352
v 0.915248240 0.360402839 0.107076065
v 0.903020184 0.380286751 0.121392786
v 0.889028511 0.399353194 0.135273730
v 0.873166734 0.417365178 0.148437162
v 0.852603233 0.432241983 0.158666362
v 0.830008781 0.445312681 0.167068919
v 0.808379259 0.459297754 0.176398192
v 0.789557139 0.475309804 0.188260346
v 0.770484574 0.490960514 0.200230692
v 0.753429660 0.507333509 0.214025250
v 0.738972713 0.524287036 0.230008994
v 0.722929835 0.540094701 0.245587338
v 0.702186676 0.553081306 0.257758742
v 0.679363255 0.564287986 0.268029695
v 0.655498207 0.574180593 0.277076408
v 0.629067316 0.580334573 0.280483223
v 0.602080894 0.585022773 0.281769962
v 0.576165775 0.591743023 0.287315394
v 0.550960376 0.599079195 0.295243198
v 0.525781160 0.605867342 0.303647630
v 0.502850118 0.613529075 0.316540090
v 0.479925659 0.620225818 0.329980885
v 0.454177008 0.624035242 0.338279631
v 0.427330076 0.625984932 0.343516541
v 0.400055992 0.626066453 0.344786501
v 0.372996787 0.624276383 0.340765266
v 0.345754543 0.622554993 0.338952082
v 0.318534341 0.621139327 0.341947955
v 0.291459524 0.618897285 0.345497097
v 0.265749905 0.616394256 0.354614905
v 0.240006252 0.612387433 0.362976077
v 0.213279531 0.606591156 0.364391307
v 0.186826087 0.599827096 0.362844926
v 0.161688431 0.592828131 0.354496269
v 0.136265270 0.585055378 0.348180407
v 0.110455532 0.575909928 0.346710575
v 0.085353380 0.565390938 0.348369111
v 0.061571371 0.553106179 0.354193525
v 0.037361584 0.540583479 0.352039052
v 0.013742678 0.527918380 0.346577663
v -0.008471395 0.517174424 0.334652304
v -0.031008865 0.503907175 0.326877371
v -0.053000553 0.488144604 0.322834075
v -0.072918675 0.469377406 0.324279641
v -0.092966939 0.451466337 0.319551496
v -0.112648387 0.434876419 0.310460546
v -0.131847278 0.421530106 0.296217073
v -0.150113051 0.402904547 0.287854691
v -0.165730897 0.380959713 0.283800631
v -0.180163319 0.358470203 0.278575211
v -0.195534589 0.338518401 0.267912097
v -0.211905139 0.322790635 0.252632848
v -0.225237135 0.301170942 0.242342603
v -0.233687185 0.275818636 0.236646093
v -0.243465808 0.252406064 0.226529769
v -0.256367801 0.233612309 0.211538996
v -0.266408368 0.211848290 0.198572353
v -0.269870208 0.186384221 0.189867861
v -0.274183036 0.161979751 0.178518746
v -0.283398470 0.141354517 0.163261821
v -0.288703232 0.118377055 0.149585643
v -0.285372614 0.093250281 0.139415164
v -0.286140974 0.069507107 0.125804263
v -0.292271936 0.047864848 0.110255546
v -0.289162399 0.024202013 0.097117131
v -0.281678715 0.001240399 0.084545291
v -0.282069268 -0.021437114 0.069575561
v -0.279293469 -0.044261923 0.055088495
v -0.266845701 -0.064688368 0.041960738
v -0.260217971 -0.086706438 0.027228627
v -0.256278912 -0.109369688 0.012812756
v -0.242733000 -0.128138341 -0.001327877
v -0.229186153 -0.146721858 -0.015966138
v -0.222306979 -0.169344358 -0.029680372
v -0.207785449 -0.187387249 -0.044064833
v -0.189696103 -0.201214472 -0.058931778
v -0.176991272 -0.221210827 -0.072328831
v -0.161884841 -0.239474462 -0.085658761
v -0.141443273 -0.249112304 -0.100984453
v -0.123047232 -0.263727607 -0.115038942
v -0.106602130 -0.282510726 -0.126089111
v -0.085778935 -0.292927488 -0.140199886
v -0.064180582 -0.299707563 -0.155338410
v -0.043450821 -0.313133894 -0.166710007
v -0.021901519 -0.325906641 -0.177077251
v 0.000751137 -0.330559087 -0.191323682
v 0.023639295 -0.334408250 -0.205561366
v 0.047424336 -0.343996773 -0.214669540
v 0.071945592 -0.351904392 -0.223342208
v 0.096004248 -0.353586558 -0.235985029
v 0.118999058 -0.351978415 -0.250581637
v 0.144517613 -0.354617619 -0.260046345
v 0.171133855 -0.359693569 -0.263979968
v 0.197062167 -0.359169142 -0.272825516
v 0.219962482 -0.353932654 -0.286596729
v 0.244269194 -0.349464137 -0.297996721
v 0.270586275 -0.346445188 -0.304686928
v 0.297928852 -0.344711331 -0.305149674
v 0.324011316 -0.338811243 -0.310968382
v 0.347780637 -0.330247350 -0.321178152
v 0.370173277 -0.320412856 -0.333433205
v 0.395348678 -0.311287479 -0.339319482
v 0.421011914 -0.302289888 -0.339986059
v 0.446439636 -0.292757356 -0.336672386
v 0.470690191 -0.280394536 -0.339931621
v 0.493687922 -0.266912536 -0.345827252
v 0.514678375 -0.252844777 -0.356466115
v 0.537146667 -0.238070504 -0.361192383
v 0.559698006 -0.222555055 -0.362157628
v 0.581203806 -0.206850360 -0.355879067
v 0.601779805 -0.189979304 -0.349470913
v 0.622170024 -0.171668629 -0.348684131
v 0.641925279 -0.152699568 -0.348826829
v 0.661042219 -0.134039820 -0.354926498
v 0.679871247 -0.114807043 -0.359837529
v 0.697871412 -0.094237816 -0.358051408
v 0.714730376 -0.073055806 -0.353978594
v 0.728496582 -0.051885666 -0.343423006
v 0.740714174 -0.030225558 -0.331902551
v 0.754182686 -0.007311529 -0.325351227
v 0.767340578 0.016112234 -0.319857964
v 0.781042517 0.039620213 -0.317400329
v 0.795964832 0.062538908 -0.319401665
v 0.809293618 0.086327230 -0.317899036
v 0.819357612 0.110769080 -0.310634284
v 0.828197710 0.135409590 -0.302487835
v 0.833247079 0.159330108 -0.290288221
v 0.834477808 0.182076227 -0.275033396
v 0.835738166 0.205593622 -0.261044374
v 0.839505672 0.230667578 -0.250638421
v 0.842817168 0.255931161 -0.240500544
v 0.848128403 0.281713707 -0.233011808
v 0.855461636 0.307644908 -0.227932330
v 0.861212746 0.333589346 -0.221312121
v 0.862082760 0.358695132 -0.210484272
v 0.860593538 0.383168436 -0.198202649
v 0.857514623 0.407111271 -0.185256261
v 0.849368326 0.428198882 -0.169851436
v 0.837995330 0.447110982 -0.153579088
v 0.826930336 0.466798837 -0.138059077
v 0.818888921 0.489071874 -0.124269227
v 0.810797748 0.511501573 -0.110726091
v 0.803816187 0.534613599 -0.097813624
v 0.800245503 0.559247350 -0.086325194
v 0.796615246 0.583769247 -0.074625749
v 0.789025976 0.606407231 -0.061302452
v 0.776734951 0.626075871 -0.046691215
v 0.763289820 0.644885868 -0.031946598
v 0.747475583 0.661541768 -0.017116163
v 0.727029508 0.672857508 -0.002837917
v 0.705250403 0.682437524 0.010796057
v 0.685267351 0.694899361 0.024723954
v 0.667441658 0.710045822 0.039035083
v 0.648954329 0.724432141 0.053291171
v 0.631931479 0.740119355 0.067913873
v 0.617833781 0.758007303 0.083179629
v 0.603321967 0.775231824 0.098795674
v 0.585123399 0.788854169 0.113965796
v 0.563655420 0.798523181 0.128009055
v 0.541429166 0.806902219 0.141694549
v 0.516914384 0.810887893 0.153104817
v 0.490976473 0.810950524 0.161967880
v 0.464999762 0.810935177 0.170725195
v 0.440222420 0.814147471 0.181920932
v 0.415950451 0.818140408 0.194041825
v 0.391626196 0.821546888 0.206213088
v 0.369829761 0.828125906 0.221430019
v 0.349056251 0.835129126 0.237890399
v 0.325891301 0.838065443 0.252029113
v 0.300669381 0.836464460 0.262652350
v 0.275298207 0.833635258 0.272658312
v 0.249461855 0.827335665 0.278929030
v 0.223800624 0.817936765 0.281074268
v 0.198152480 0.808733763 0.283931098
v 0.172649721 0.801818879 0.291181552
v 0.147368716 0.794484962 0.298866983
v 0.122876268 0.787950476 0.309089081
v 0.100030920 0.783000202 0.323421724
v 0.076590512 0.775164311 0.335029879
v 0.052471349 0.763496118 0.340823801
v 0.028692624 0.750685233 0.345513337
v 0.005843969 0.735721947 0.344134624
v -0.016173011 0.719938117 0.339893884
v -0.038692581 0.704445038 0.340327803
v -0.060976635 0.688736085 0.343266286
v -0.082345295 0.673155705 0.350194438
v -0.102437301 0.657328905 0.360055591
v -0.122469904 0.639259417 0.364159665
v -0.141990626 0.620002122 0.364453460
v -0.160502276 0.600599007 0.359621404
v -0.177980294 0.581656554 0.350300565
v -0.195646804 0.560964374 0.347536915
v -0.212512628 0.539391428 0.346512834
v -0.227413071 0.516953116 0.351426219
v -0.241422691 0.493668333 0.353937114
v -0.255355946 0.470357871 0.350152665
v -0.268932205 0.448709418 0.340558949
v -0.282032164 0.427313812 0.329671411
v -0.293575067 0.402995480 0.324455220
v -0.302802760 0.377395928 0.322797310
v -0.309671742 0.350924295 0.323029018
v -0.317661342 0.325628402 0.316120154
v -0.326825777 0.303222180 0.303493106
v -0.334728758 0.279793417 0.292082479
v -0.339497867 0.253873799 0.284673112
v -0.339144406 0.226546522 0.282827380
v -0.341289556 0.200710605 0.274047729
v -0.345960178 0.177533071 0.260502985
v -0.349121161 0.153750239 0.247688782
v -0.346495173 0.127897973 0.239561834
v -0.340616542 0.102212803 0.232608760
v -0.338584419 0.077870322 0.220284471
v -0.340188307 0.055380720 0.204823820
v -0.334170698 0.031185291 0.193618901
v -0.322275842 0.008048217 0.185226476
v -0.315776838 -0.014892596 0.171822805
v -0.313193243 -0.037132265 0.156384247
v -0.301681328 -0.058706073 0.144357973
v -0.286441413 -0.078329685 0.133214632
v -0.278482098 -0.099639083 0.118259294
v -0.268450879 -0.120317702 0.103764818
v -0.250199175 -0.136441429 0.091700839
v -0.234518949 -0.153853735 0.077663135
v -0.224350939 -0.174194020 0.062547422
v -0.206093842 -0.188925134 0.048786841
v -0.185771370 -0.200632207 0.035068055
v -0.171152772 -0.218335218 0.020414311
v -0.152766111 -0.232375815 0.006042893
v -0.130258244 -0.238589458 -0.008148675
v -0.111211667 -0.251651887 -0.022592903
v -0.091970125 -0.264788909 -0.036384881
v -0.069325151 -0.267826768 -0.051083938
v -0.047091543 -0.273895553 -0.065799842
v -0.026118538 -0.286095093 -0.078240352
v -0.003141167 -0.288733211 -0.092628038
v 0.019456139 -0.287376656 -0.107760020
v 0.042928236 -0.293913703 -0.119888399
v 0.066927846 -0.297014734 -0.132346100
v 0.088494669 -0.290991920 -0.147764638
v 0.112039439 -0.288628929 -0.161503372
v 0.137641799 -0.291506948 -0.170731097
v 0.161643109 -0.287280313 -0.183134084
v 0.181512171 -0.276920414 -0.198869768
v 0.205175641 -0.270454201 -0.211081805
v 0.231504522 -0.267464769 -0.217961414
v 0.255188384 -0.258801240 -0.228578384
v 0.273515525 -0.245370841 -0.243798958
v 0.295161428 -0.233561043 -0.255598369
v 0.319809718 -0.223871740 -0.261686411
v 0.343500691 -0.212147480 -0.267969104
v 0.363671684 -0.197074690 -0.278510801
v 0.379699068 -0.180246551 -0.293006003
v 0.399833731 -0.163939919 -0.301922831
v 0.422185263 -0.148454848 -0.304267854
v 0.443035942 -0.131207353 -0.307430898
v 0.461253758 -0.111954418 -0.314393598
v 0.475287166 -0.092147161 -0.327038984
v 0.490697979 -0.071694591 -0.336373649
v 0.507504213 -0.050559177 -0.340883302
v 0.524972808 -0.029666294 -0.337959172
v 0.540508066 -0.007241417 -0.338133151
v 0.554286404 0.016216438 -0.341560102
v 0.565540232 0.039239007 -0.350989954
v 0.576390714 0.062624871 -0.359934136
v 0.588001130 0.087372636 -0.362056339
v 0.598835682 0.112382687 -0.360665088
v 0.608357856 0.136902914 -0.352950725
v 0.616705845 0.162610034 -0.348991960
v 0.624169186 0.188988459 -0.348331860
v 0.631023294 0.215163982 -0.352189984
v 0.637497493 0.240967056 -0.358810651
v 0.642913449 0.267724440 -0.359445126
v 0.647053382 0.294692744 -0.356694478
v 0.649510138 0.321155962 -0.350446170
v 0.649356463 0.345895002 -0.338650202
v 0.648367342 0.371250339 -0.328365935
v 0.647888437 0.398110275 -0.322869952
v 0.646860731 0.425071199 -0.318098399
v 0.647209141 0.452463346 -0.318413106
v 0.647435522 0.479858934 -0.319260306
v 0.644855709 0.506667312 -0.314651241
v 0.640194272 0.532558399 -0.306911128
v 0.634069249 0.557594635 -0.297721784
v 0.624339202 0.578698794 -0.283293372
v 0.612895039 0.598184559 -0.267769694
v 0.602603188 0.620587594 -0.255938260
v 0.592744139 0.644143839 -0.245943788
v 0.582385032 0.667531487 -0.236098014
v 0.574208972 0.692883190 -0.229710106
v 0.566792613 0.718754968 -0.224460719
v 0.557047415 0.743061374 -0.216541489
v 0.543753093 0.763932346 -0.204772231
v 0.529376032 0.783676090 -0.192308045
v 0.512632715 0.799693410 -0.177813561
v 0.493586721 0.810918351 -0.161617273
v 0.473875457 0.821339187 -0.145659954
v 0.455068002 0.835115357 -0.131304929
v 0.436830052 0.850569930 -0.117869434
v 0.418067364 0.865261150 -0.104301506
v 0.401150122 0.883003426 -0.092152497
v 0.386039753 0.903017598 -0.081057419
v 0.369503723 0.921063851 -0.068815253
v 0.349574766 0.933214809 -0.054558409
v 0.328536858 0.942865213 -0.039852168
v 0.306962206 0.951038822 -0.025053994
v 0.283986043 0.953257323 -0.010356483
v 0.260494875 0.951223215 0.003631608
v 0.236842016 0.949399711 0.017368604
v 0.213498244 0.951602255 0.031515173
v 0.190327126 0.954883145 0.045808990
v 0.167048183 0.957386815 0.060083195
v 0.145079422 0.963967069 0.075029625
v 0.124224766 0.972716275 0.090537613
v 0.102438485 0.978223717 0.106128798
v 0.079217240 0.976920034 0.120543042
v 0.055848538 0.973336491 0.134436823
v 0.032549416 0.967753976 0.147687776
v 0.009831612 0.956581658 0.158064007
v -0.012183624 0.942580879 0.166503596
v -0.034521481 0.929683497 0.175735826
v -0.057396895 0.920259431 0.187528499
v -0.080084277 0.910567470 0.199500854
v -0.102497494 0.902772498 0.213146487
v -0.124230437 0.897743103 0.229092483
v -0.145652861 0.890977589 0.244759151
v -0.166763549 0.878798125 0.257120186
v -0.187245458 0.863751579 0.267419897
v -0.207080422 0.847283512 0.276652004
v -0.224812630 0.826787388 0.280299214
v -0.241393057 0.804983035 0.281566355
v -0.259212796 0.784930585 0.286821407
v -0.277365021 0.765980008 0.294781535
v -0.294987472 0.746700113 0.303065798
v -0.312383574 0.729779329 0.315773801
v -0.328923297 0.712616988 0.329301089
v -0.344239664 0.691723901 0.337942697
v -0.358371596 0.668822534 0.343215020
v -0.371112248 0.644726009 0.344864841
v -0.382019934 0.619886484 0.340929812
v -0.392988317 0.594901887 0.338801985
v -0.404297306 0.570098886 0.341771851
v -0.414802785 0.545019873 0.345179412
v -0.424479005 0.520995745 0.354075976
v -0.432847097 0.496413392 0.362743056
v -0.440054107 0.470051194 0.364372149
v -0.446280398 0.443432562 0.363148282
v -0.451665806 0.417845519 0.354984971
v -0.456507249 0.391785458 0.348308669
v -0.460326268 0.364673134 0.346811541
v -0.462663702 0.337526093 0.348084003
v -0.462776222 0.310783542 0.354049203
v -0.462797845 0.283522771 0.352269577
v -0.462403724 0.256646590 0.347118406
v -0.463074659 0.231918784 0.335333894
v -0.461849363 0.205922343 0.327182533
v -0.458141788 0.179141413 0.322895829
v -0.450765443 0.152790264 0.324317267
v -0.443998037 0.126720692 0.319982756
v -0.438043286 0.101433615 0.311431804
v -0.434888661 0.078116669 0.297372819
v -0.427295803 0.053459522 0.288310912
v -0.415292637 0.029416166 0.283922714
v -0.401784911 0.006257579 0.279110462
v -0.390958007 -0.016627708 0.268696917
v -0.384651731 -0.038397337 0.253337387
v -0.371837522 -0.060233330 0.242880122
v -0.353469904 -0.079549104 0.237006441
v -0.336981686 -0.098953772 0.227181063
v -0.325920909 -0.119019796 0.212415585
v -0.311615711 -0.138066808 0.199235882
v -0.290939033 -0.153155618 0.190278495
v -0.270991269 -0.168038741 0.179243165
v -0.256610300 -0.185572450 0.164149751
v -0.239063871 -0.201120042 0.150298168
v -0.215388322 -0.209974935 0.140055041
v -0.194402066 -0.221325640 0.126640466
v -0.178076236 -0.236796576 0.111063385
v -0.155904350 -0.245438708 0.097761520
v -0.131926927 -0.249096418 0.085354276
v -0.111747445 -0.259531298 0.070426999
v -0.090477210 -0.268048747 0.055885620
v -0.066653642 -0.266732256 0.042739475
v -0.043922372 -0.270429224 0.028055280
v -0.022106485 -0.277792550 0.013619614
v 0.000864208 -0.274933294 -0.000545358
v 0.023536888 -0.271034207 -0.015137266
v 0.046759004 -0.275266186 -0.028896498
v 0.069632085 -0.271289764 -0.043239439
v 0.090117095 -0.261299844 -0.058110752
v 0.113604226 -0.258866101 -0.071658691
v 0.136909979 -0.254373468 -0.084871557
v 0.155060263 -0.240913992 -0.100125921
v 0.176243100 -0.230978997 -0.114336056
v 0.200584179 -0.225235445 -0.125358891
v 0.219816566 -0.211886818 -0.139314987
v 0.235480841 -0.195639940 -0.154585223
v 0.256681513 -0.183185745 -0.166249822
v 0.278261118 -0.170291136 -0.176381211
v 0.293240215 -0.152495286 -0.190424544
v 0.306846806 -0.133860213 -0.204873845
v 0.326053051 -0.117044126 -0.214316338
v 0.344695941 -0.099138690 -0.222721799
v 0.357643085 -0.078609779 -0.235124617
v 0.366509429 -0.057468060 -0.249971221
v 0.380440722 -0.036019463 -0.259698143
v 0.397333775 -0.014809292 -0.263589250
v 0.408961495 0.008404337 -0.272321269
v 0.415199360 0.031214626 -0.285759386
v 0.422159619 0.054735515 -0.297517832
v 0.431478061 0.079465962 -0.304537835
v 0.442624166 0.104497170 -0.304997051
v 0.449566399 0.130353142 -0.310599631
v 0.453129178 0.155502138 -0.320470134
v 0.454628687 0.179815021 -0.332941258
v 0.458098867 0.206315229 -0.339013955
v 0.461713213 0.233278621 -0.340698961
v 0.465087723 0.260258919 -0.337302423
v 0.465527905 0.287518831 -0.339762972
v 0.464231526 0.314213854 -0.345383185
v 0.461425294 0.339320074 -0.356037161
v 0.458651569 0.365996458 -0.361089156
v 0.455258272 0.393157515 -0.362672206
v 0.451249962 0.419585306 -0.357240109
v 0.445903263 0.445360385 -0.349746777
v 0.439092709 0.471884295 -0.348726842
v 0.431374324 0.498171148 -0.348688211
v 0.423606730 0.523767457 -0.354597805
v 0.415267524 0.549311541 -0.359793923
v 0.405354424 0.574789162 -0.358212566
v 0.394371683 0.599572210 -0.354339899
v 0.381981341 0.621689196 -0.344053238
v 0.368432115 0.642484071 -0.332422097
v 0.354305576 0.664925619 -0.325656631
v 0.339608859 0.687423840 -0.320196127
v 0.324977298 0.710333712 -0.317408415
v 0.311500844 0.734132423 -0.319392073
v 0.296656544 0.757042687 -0.318266563
v 0.279632510 0.777291832 -0.311088319
v 0.261872536 0.796560330 -0.303021726
v 0.243009582 0.812283919 -0.291054440
v 0.223420402 0.823965446 -0.275847941
v 0.203149213 0.835803276 -0.261723716
v 0.182629456 0.850623509 -0.251222171
v 0.161733819 0.865161008 -0.241023268
v 0.140918813 0.880634846 -0.232337978
v 0.121322863 0.899157286 -0.227398958
v 0.101301399 0.916932740 -0.221634240
v 0.079545255 0.929782167 -0.211250314
v 0.057151671 0.939797767 -0.198994063
v 0.034487459 0.948301123 -0.186149943
v 0.011985969 0.951063787 -0.170834033
v -0.010034911 0.949747331 -0.154551359
v -0.032555120 0.948837573 -0.138956531
v -0.056010079 0.951852550 -0.125116066
v -0.079645349 0.955057094 -0.111585138
v -0.103374755 0.959301057 -0.098596688
v -0.126903616 0.967376058 -0.087078389
v -0.150334179 0.975572407 -0.075443980
v -0.173938370 0.979599446 -0.062220149
v -0.197076443 0.977865064 -0.047625485
v -0.219976207 0.974651958 -0.032884898
v -0.242135452 0.968575291 -0.018052214
v -0.261702661 0.955867131 -0.003730422
v -0.280227339 0.940956299 0.009925731
v -0.300366699 0.928715070 0.023825903
v -0.322017396 0.919857032 0.038134865
v -0.343323084 0.910127099 0.052395695
v -0.365034345 0.902036810 0.066983841
v -0.387402329 0.897659750 0.082220871
v -0.409415829 0.892851197 0.097825399
v -0.430005735 0.883300757 0.113053523
v -0.448529743 0.868799658 0.127127128
v -0.466262246 0.853025639 0.140850855
v -0.481279103 0.833345165 0.152429669
v -0.493358133 0.810426298 0.161377511
v -0.505235965 0.787300118 0.170076477
v -0.519384209 0.766642512 0.181146107
v -0.534142822 0.746975573 0.193285904
v -0.548292686 0.726806223 0.205323917
v -0.563814305 0.709640498 0.219979528
v -0.579469865 0.693950628 0.236124047
v -0.593298164 0.675609876 0.250984212
v -0.603874027 0.652952531 0.262140035
v -0.613106753 0.629175019 0.272205189
v -0.619546097 0.603421755 0.278679452
v -0.623068527 0.576329354 0.280906003
v -0.626638251 0.549295962 0.283626369
v -0.632212568 0.523444770 0.290788474
v -0.637384005 0.497642402 0.298500363
v -0.642797630 0.472780616 0.308496900
v -0.648957151 0.450216293 0.322805184
v -0.652947463 0.425944372 0.334692067
v -0.653748411 0.399180913 0.340562593
v -0.653371944 0.372185001 0.345322738
v -0.650703813 0.345003026 0.344237946
v -0.646836753 0.318192267 0.339981468
v -0.643421964 0.291072280 0.340167293
v -0.639774519 0.264054451 0.343120085
v -0.635785019 0.237844263 0.349778901
v -0.631053758 0.212734513 0.359711476
v -0.624307767 0.186667933 0.364127581
v -0.616241117 0.160460906 0.364453617
v -0.607537290 0.135030426 0.359986814
v -0.598793263 0.110805740 0.350602759
v -0.588618755 0.085612726 0.347604680
v -0.577285677 0.060683594 0.346465643
v -0.564296429 0.037059583 0.351201299
v -0.550087641 0.013924006 0.354061280
v -0.535822976 -0.009202101 0.350384541
v -0.522404150 -0.031347391 0.341988907
v -0.509963139 -0.052624363 0.330113863
v -0.493794331 -0.074095686 0.324745017
v -0.475475592 -0.094189827 0.322752551
v -0.455125369 -0.112472765 0.323248601
v -0.436289896 -0.131222321 0.316562903
v -0.420404596 -0.149680206 0.304254500
v -0.403527089 -0.167546734 0.292515164
v -0.382840689 -0.183825612 0.284947684
v -0.358487578 -0.196201426 0.283074413
v -0.336416919 -0.209935782 0.274584539
v -0.317715124 -0.224657624 0.261340589
v -0.298373055 -0.238591859 0.248245295
v -0.274400282 -0.248448445 0.239848466
v -0.248732371 -0.254893239 0.233236391
v -0.226028369 -0.264188195 0.221088322
v -0.206931183 -0.276104869 0.205526894
v -0.182847118 -0.282230483 0.194113690
v -0.156749962 -0.282238003 0.185896916
v -0.133216146 -0.286786050 0.172674797
v -0.112448430 -0.295039339 0.157091853
v -0.088041893 -0.295163127 0.144897712
v -0.063537740 -0.290387347 0.133973914
v -0.040835166 -0.292772619 0.119127593
v -0.017973925 -0.293868875 0.104521040
v 0.004819235 -0.285510412 0.092360653
v 0.027456415 -0.279132291 0.078491878
v 0.050198744 -0.279648096 0.063337272
v 0.071890739 -0.270748029 0.049478698
v 0.091503209 -0.257750256 0.035880410
v 0.113846406 -0.252592711 0.021204120
v 0.135022132 -0.243338728 0.006826506
v 0.150873246 -0.226148901 -0.007332445
v 0.170873928 -0.214607178 -0.021913938
v 0.191857385 -0.204252924 -0.035643872
v 0.205304936 -0.185788529 -0.050304507
v 0.220615232 -0.168626224 -0.065065471
v 0.241176583 -0.155717350 -0.077523663
v 0.254534969 -0.136730619 -0.091831639
v 0.263423644 -0.115940516 -0.107026771
v 0.279747470 -0.097985886 -0.119346683
v 0.293923502 -0.078318028 -0.131656245
v 0.299384576 -0.056425993 -0.146806725
v 0.307319687 -0.034397443 -0.160872498
v 0.321547685 -0.013006875 -0.170241184
v 0.329497541 0.010227601 -0.182303538
v 0.329291532 0.032537859 -0.198083109
v 0.334150646 0.056447757 -0.210545515
v 0.343609617 0.081159985 -0.217537880
v 0.347117532 0.106195606 -0.227962382
v 0.343872918 0.128760410 -0.243009052
v 0.343167722 0.153273982 -0.255037234
v 0.345692646 0.179537996 -0.261519827
v 0.346529817 0.206023532 -0.267480098
v 0.342647699 0.231025148 -0.277789066
v 0.335038142 0.252916004 -0.292410324
v 0.329785380 0.278214131 -0.301518141
v 0.326232234 0.305119714 -0.304234522
v 0.320747223 0.331658214 -0.307068360
v 0.312135699 0.356767266 -0.313914476
v 0.301078947 0.378464614 -0.326384479
v 0.289980437 0.401396069 -0.336071467
v 0.278950732 0.426014696 -0.340812813
v 0.268463883 0.451160439 -0.338096631
v 0.255838460 0.475341684 -0.337941739
v 0.241405205 0.498408290 -0.341336963
v 0.226158314 0.519133056 -0.350436279
v 0.210435368 0.539423731 -0.359748492
v 0.193844685 0.561137716 -0.361965672
v 0.176636193 0.582311546 -0.360927027
v 0.159283061 0.602109082 -0.353295017
v 0.140384394 0.621361682 -0.349013447
v 0.120434065 0.640163531 -0.348333977
v 0.100327271 0.658324030 -0.351911701
v 0.080428478 0.675956591 -0.358602311
v 0.059225588 0.693124696 -0.359572348
v 0.037217865 0.709258063 -0.356857581
v 0.014847412 0.723762433 -0.350929945
v -0.007179947 0.735100023 -0.339209466
v -0.030086945 0.745861320 -0.328760713
v -0.054125651 0.757791285 -0.323156343
v -0.078521974 0.769277044 -0.318278035
v -0.102699940 0.782148217 -0.318417948
v -0.126892276 0.795000428 -0.319356851
v -0.151857218 0.805217350 -0.315047823
v -0.176981443 0.813047181 -0.307336783
v -0.202058711 0.819276293 -0.298307068
v -0.225354462 0.820538167 -0.284039777
v -0.247880221 0.819355676 -0.268452173
v -0.272430016 0.820412973 -0.256453069
v -0.297885237 0.822553731 -0.246481304
v -0.323393530 0.824076671 -0.236559696
v -0.349650203 0.828392366 -0.230061044
v -0.376032757 0.833747208 -0.224844074
v -0.402126450 0.836454778 -0.217084693
v -0.426828414 0.834408490 -0.205422053
v -0.451013863 0.830827738 -0.193002974
v -0.473092512 0.823556424 -0.178614808
v -0.491897806 0.811913277 -0.162432497
v -0.510163209 0.799176768 -0.146431326
v -0.530948966 0.788709748 -0.132007028
v -0.553089084 0.779677622 -0.118582318
v -0.574750344 0.769764186 -0.104998695
v -0.597900117 0.762156452 -0.092521012
v -0.622322572 0.757162472 -0.081093951
v -0.646125989 0.751042465 -0.068983802
v -0.667063225 0.740242470 -0.055109427
v -0.685338506 0.726035702 -0.040406094
v -0.702578687 0.710697577 -0.025611139
v -0.715245358 0.691417092 -0.010901809
v -0.724313109 0.669667124 0.003107624
v -0.733543854 0.647814517 0.016846987
v -0.746169581 0.628052557 0.030984653
v -0.759776242 0.609014355 0.045280830
v -0.772717804 0.589501233 0.059552870
v -0.788592475 0.572938452 0.074478768
v -0.805974608 0.558455506 0.089972953
v -0.821006374 0.541756034 0.105573003
v -0.830644403 0.520614491 0.120017401
v -0.838251693 0.498234850 0.133919101
v -0.844118707 0.475027847 0.147215651
v -0.844776105 0.449752823 0.157668766
v -0.842504491 0.423769474 0.166130908
v -0.841272954 0.397987411 0.175317885
v -0.843401354 0.373324803 0.187077923
v -0.845271832 0.348730676 0.199061840
v -0.848585150 0.325184900 0.212625282
v -0.854135784 0.303565672 0.228552742
v -0.858086894 0.281480012 0.244265248
v -0.857120573 0.257178882 0.256725206
v -0.853221207 0.232071458 0.267040209
v -0.847831392 0.206891013 0.276372816
v -0.837886229 0.181699641 0.280147798
v -0.826161994 0.156942976 0.281414002
v -0.816479801 0.131894905 0.286516609
v -0.808039164 0.107052966 0.294493033
v -0.799022123 0.082517074 0.302720606
v -0.791979078 0.059244843 0.315334064
v -0.784419487 0.036667413 0.328907933
v -0.773044626 0.013465784 0.337734122
v -0.759247581 -0.009633933 0.343028222
v -0.743786613 -0.032071358 0.344883292
v -0.726768969 -0.053207266 0.340999213
v -0.709624426 -0.074427085 0.338711972
v -0.692826612 -0.095897855 0.341662747
v -0.675402386 -0.116787513 0.344996516
v -0.658522806 -0.136479038 0.353775298
v -0.640622463 -0.155232305 0.362585790
v -0.620573236 -0.173781720 0.364359962
v -0.599812374 -0.191594245 0.363315370
v -0.579558502 -0.208179268 0.355256179
v -0.558704085 -0.224470196 0.348383380
v -0.536412714 -0.240366809 0.346873500
v -0.513409965 -0.255003451 0.347933957
v -0.489752650 -0.267443151 0.353979950
v -0.465558075 -0.280008670 0.352410952
v -0.441472525 -0.292040671 0.347436437
v -0.419793203 -0.304026229 0.335732535
v -0.396255514 -0.314963443 0.327370671
v -0.370815053 -0.324082085 0.322948038
v -0.344041611 -0.329731021 0.324352068
v -0.317744492 -0.335682124 0.320248872
v -0.292482989 -0.342002308 0.311857196
v -0.270324927 -0.349946604 0.297815314
v -0.245022608 -0.354663264 0.288613788
v -0.218193380 -0.355259803 0.284017698
v -0.191365783 -0.353823674 0.279467042
v -0.165987554 -0.354668445 0.269199845
v -0.143786228 -0.359146213 0.253802583
v -0.118544136 -0.357965498 0.243245266
v -0.092934725 -0.350753500 0.237229295
v -0.068088623 -0.344899981 0.227615229
v -0.045112153 -0.344130192 0.212993896
v -0.021669574 -0.340450809 0.199678329
v 0.001431487 -0.329729319 0.190215701
v 0.023748878 -0.318231147 0.179690220
v 0.045945048 -0.313335147 0.164692294
v 0.067843305 -0.305175423 0.150747869
v 0.086720207 -0.288647778 0.140378518
v 0.106311705 -0.274895321 0.127183942
v 0.127550100 -0.267488913 0.111618701
v 0.145641307 -0.252105203 0.098208083
v 0.159825665 -0.232345117 0.085903802
v 0.178239760 -0.218981911 0.071007293
v 0.195790569 -0.204335095 0.056427519
v 0.205780591 -0.182710657 0.043266309
v 0.218923607 -0.163705109 0.028628182
v 0.235997705 -0.148241361 0.014199266
v 0.244380114 -0.126657771 0.000015568
v 0.251096964 -0.104644159 -0.014540259
v 0.265427872 -0.085940888 -0.028338608
v 0.272861037 -0.063915134 -0.042647531
v 0.273232437 -0.041106089 -0.057520757
v 0.281628710 -0.019090824 -0.071174207
v 0.288714985 0.003588389 -0.084308816
v 0.285358593 0.025933441 -0.099508711
v 0.286021454 0.049256727 -0.113813692
v 0.292256457 0.073499804 -0.124833647
v 0.289570482 0.096836872 -0.138691326
v 0.282170111 0.118118420 -0.154044222
v 0.280648734 0.142587529 -0.165904539
v 0.279451514 0.167761552 -0.175880364
v 0.270790669 0.189454189 -0.189784730
v 0.260346707 0.209927449 -0.204379975
v 0.254102535 0.234598603 -0.214050533
v 0.247033714 0.259524157 -0.222274850
v 0.234921730 0.280673649 -0.234520197
v 0.220164927 0.298123952 -0.249507259
v 0.207475044 0.320255900 -0.259427640
v 0.196473992 0.345033731 -0.263356092
v 0.181331466 0.366156788 -0.271958897
v 0.164019052 0.382425600 -0.285169776
v 0.146327698 0.399235374 -0.297172864
v 0.128649607 0.418826608 -0.304377601
v 0.111606454 0.440280172 -0.304877734
v 0.091911878 0.458445351 -0.310334612
v 0.071233041 0.473346743 -0.319982044
v 0.050370583 0.485798496 -0.332594291
v 0.028467053 0.501051412 -0.338794285
v 0.006184522 0.516638035 -0.340770066
v -0.016169641 0.532110869 -0.337319812
v -0.040131369 0.545123547 -0.339630753
v -0.064444975 0.556342260 -0.345048164
v -0.088015287 0.565419257 -0.355714326
v -0.112927618 0.575211926 -0.361008067
v -0.138589196 0.584729045 -0.362660922
v -0.163930060 0.593381767 -0.357510162
v -0.189226903 0.600538941 -0.349878989
v -0.215891127 0.606734787 -0.348755531
v -0.242779020 0.612003447 -0.348629793
v -0.269100464 0.616899539 -0.354400375
v -0.295582818 0.621284449 -0.359774972
v -0.322762554 0.624254632 -0.358322287
v -0.349838243 0.625965853 -0.354574965
v -0.375240350 0.625227985 -0.344455320
v -0.399911654 0.622798211 -0.332758426
v -0.426299213 0.620580049 -0.325864531
v -0.453045218 0.617922590 -0.320426335
v -0.480055846 0.615250050 -0.316999176
v -0.507417242 0.613882487 -0.318149300
v -0.534688587 0.611518142 -0.317700928
v -0.560743036 0.606073544 -0.311315519
v -0.586043787 0.599207555 -0.303282268
v -0.608755041 0.589757674 -0.291403161
v -0.628180298 0.577778491 -0.276219860
v -0.647984421 0.565228429 -0.262045270
v -0.670567745 0.553827809 -0.251512589
v -0.693109363 0.541990769 -0.241327081
v -0.716388328 0.530597544 -0.232579710
v -0.741841281 0.521709900 -0.227620442
v -0.766866751 0.512159269 -0.221910614
v -0.788363440 0.498826265 -0.211606673
v -0.807581696 0.483572405 -0.199360282
v -0.825631052 0.467406614 -0.186552832
v -0.838531712 0.448738718 -0.171265693
v -0.847526169 0.428598582 -0.154979303
v -0.857042938 0.408183264 -0.139361074
v -0.870492056 0.388743018 -0.125506549
v -0.884239303 0.369247738 -0.111981334
v -0.898881630 0.350110732 -0.098972100
v -0.916862712 0.332924519 -0.087448997
v -0.934963872 0.315920278 -0.075839158
v -0.949505117 0.296866020 -0.062648984
v -0.958658924 0.275540863 -0.048060482
v -0.966368315 0.253738625 -0.033321560
v -0.971261520 0.231287335 -0.018489691
v -0.969089242 0.208072476 -0.004150256
v -0.964388772 0.184767702 0.009516456
v -0.962717586 0.161254725 0.023410674
v -0.964825131 0.137957251 0.037719600
v -0.966020984 0.114566866 0.051982619
v -0.968778713 0.091555112 0.066560183
v -0.975170242 0.069670731 0.081786626
v -0.981087334 0.047924323 0.097385724
v -0.982201875 0.025264317 0.112631439
v -0.977899312 0.002143522 0.126716237
v -0.972101378 -0.020862870 0.140454013
v -0.961643865 -0.043271953 0.152088851
v -0.946895864 -0.064557731 0.161068390
v -0.931811621 -0.085738614 0.169754360
v -0.919935758 -0.107798646 0.180788158
v -0.909293322 -0.129960021 0.192936837
v -0.897900931 -0.151810635 0.204967200
v -0.889751316 -0.173501340 0.219574509
v -0.883059042 -0.194631052 0.235720101
v -0.873233331 -0.215360221 0.250629556
v -0.858051013 -0.235196210 0.261835140
v -0.841228730 -0.254355371 0.271930132
v -0.821394931 -0.271966340 0.278500341
v -0.798983419 -0.287584082 0.280768364
v -0.776603392 -0.303176818 0.283430559
v -0.756205148 -0.320021727 0.290555490
v -0.735698347 -0.336506246 0.298282811
v -0.716075453 -0.352754821 0.308196471
v -0.698877293 -0.368631092 0.322476284
v -0.679264012 -0.383382519 0.334496840
v -0.655894238 -0.396432391 0.340405551
v -0.631773590 -0.408547232 0.345204033
v -0.606431943 -0.418735433 0.344263415
v -0.580852461 -0.427648362 0.340002861
v -0.555200454 -0.437089044 0.340071868
v -0.529545026 -0.446306790 0.343040996
v -0.504412647 -0.454850078 0.349564457
v -0.479966590 -0.462238408 0.359534908
v -0.453753745 -0.468274463 0.364108329
v -0.426779531 -0.473199774 0.364453313
v -0.400045590 -0.477195115 0.360719469
v -0.374350683 -0.480574604 0.351766402
v -0.347479316 -0.483190823 0.347637569
v -0.320132256 -0.484629087 0.346457534
v -0.293170905 -0.484010565 0.351127935
v -0.266101202 -0.482048962 0.354126925
v -0.238999807 -0.480042559 0.350482985
v -0.213114604 -0.478292712 0.342239187
v -0.188526924 -0.477075692 0.330294012
v -0.162031065 -0.472645035 0.324872965
v -0.135748288 -0.465702911 0.322763564
v -0.110147834 -0.456050023 0.323357962
v -0.084821142 -0.447949103 0.316740956
v -0.061081194 -0.442268733 0.304565088
v -0.037477792 -0.435611329 0.292705719
v -0.013488517 -0.424799132 0.285087444
v 0.008734764 -0.408922334 0.283201434
v 0.031087082 -0.395598732 0.274821414
v 0.052782427 -0.385663438 0.261692390
v 0.074061770 -0.375043758 0.248491463
v 0.093911909 -0.358411900 0.239993498
v 0.111423003 -0.338509128 0.233513834
v 0.130117630 -0.322559628 0.221433960
v 0.149503113 -0.311136914 0.205848969
v 0.166120348 -0.292712764 0.194341737
v 0.178127648 -0.269506865 0.186193084
v 0.192944120 -0.250600621 0.173044589
v 0.209908011 -0.236075496 0.157405100
v 0.221376156 -0.214549873 0.145151455
v 0.228342717 -0.190528046 0.134309731
v 0.240806095 -0.171362243 0.119507471
v 0.252449175 -0.151699830 0.104855574
v 0.255697721 -0.127671014 0.092650456
v 0.260272656 -0.104563457 0.078856429
v 0.271259599 -0.084640839 0.063686594
v 0.273555106 -0.061310380 0.049791766
v 0.270908524 -0.037898701 0.036239748
v 0.276473569 -0.015662865 0.021554058
v 0.278269309 0.007369608 0.007174050
v 0.270284531 0.029359004 -0.006971310
v 0.269080298 0.052414633 -0.021580688
v 0.269740117 0.075819786 -0.035294810
v 0.259706472 0.096341671 -0.049940158
v 0.251372314 0.117754628 -0.064715897
v 0.249405439 0.141950304 -0.077188281
v 0.238855429 0.162664827 -0.091463235
v 0.224402456 0.180045524 -0.106681485
v 0.215869106 0.202717734 -0.119085186
v 0.205093165 0.224457718 -0.131331347
v 0.188268278 0.239531119 -0.146425606
v 0.172293659 0.256577226 -0.160559557
v 0.159835935 0.279007408 -0.169991878
v 0.142952993 0.296872157 -0.181989809
v 0.123075989 0.307019533 -0.197739505
v 0.104074730 0.322266586 -0.210265604
v 0.086491814 0.341999925 -0.217333002
v 0.065928100 0.356747334 -0.227681839
v 0.044407078 0.364358979 -0.242659763
v 0.022335759 0.374925570 -0.254779761
v 0.000044217 0.388837947 -0.261889066
v -0.023013308 0.402266152 -0.267291927
v -0.047006296 0.410409120 -0.277532873
v -0.069932232 0.413716605 -0.292177198
v -0.094788720 0.420667796 -0.301348690
v -0.120258723 0.429521305 -0.304801988
v -0.146262685 0.437257186 -0.306898401
v -0.172524958 0.441216996 -0.313702256
v -0.196905291 0.441432494 -0.326106292
v -0.222321658 0.442091781 -0.335929046
v -0.249243900 0.443631714 -0.340742454
v -0.276397745 0.445905178 -0.338127268
v -0.303676212 0.445883225 -0.337851790
v -0.330800943 0.443711843 -0.341238729
v -0.356259612 0.439742596 -0.350218805
v -0.381467200 0.435120006 -0.359668080
v -0.408379688 0.430401145 -0.361923040
v -0.435111010 0.424881305 -0.361014336
v -0.460688740 0.418610647 -0.353415153
v -0.486470366 0.410723770 -0.349023152
v -0.512350698 0.401682293 -0.348353616
v -0.537789182 0.392059221 -0.350622306
v -0.562458015 0.382626052 -0.357986431
v -0.587427221 0.371816462 -0.359643735
v -0.611891464 0.359724344 -0.356946766
v -0.635127868 0.346572382 -0.351170625
v -0.655368874 0.332255189 -0.339491181
v -0.675444820 0.316894516 -0.328967077
v -0.697093823 0.301055679 -0.323317370
v -0.718514888 0.284687991 -0.318395095
v -0.741057080 0.269131637 -0.318461662
v -0.763614038 0.253589089 -0.319445228
v -0.784237864 0.236172433 -0.315271422
v -0.802771018 0.217483673 -0.307574414
v -0.819911791 0.198108305 -0.298619150
v -0.831846863 0.178015089 -0.284423253
v -0.841166201 0.157491560 -0.268809904
v -0.853350219 0.136190611 -0.256742032
v -0.866989185 0.114585922 -0.246782047
v -0.880067500 0.092643064 -0.236832748
v -0.895949872 0.071307276 -0.230292049
v -0.912861411 0.050356971 -0.225093481
v -0.927347899 0.028460667 -0.217404765
v -0.936970741 0.005598150 -0.205789037
v -0.944954139 -0.017517375 -0.193381971
v -0.948794006 -0.040478582 -0.179048250
v -0.947168672 -0.062541001 -0.162871651
v -0.944261180 -0.084608040 -0.146855979
v -0.944475720 -0.107860450 -0.132400673
v -0.946674887 -0.131674236 -0.118982090
v -0.947853590 -0.155466928 -0.105398227
v -0.951693359 -0.179518760 -0.092898300
v -0.958500368 -0.203501719 -0.081476846
v -0.964096019 -0.227452223 -0.069398268
v -0.964254789 -0.251028726 -0.055550125
v -0.960078260 -0.273797983 -0.040848908
v -0.954440400 -0.296176056 -0.026056486
v -0.943263837 -0.316344144 -0.011338543
v -0.928174993 -0.334430355 0.002686786
v -0.913006298 -0.352667317 0.016429305
v -0.901223036 -0.372945320 0.030561742
v -0.890609716 -0.393799504 0.044859790
v -0.879248190 -0.414273811 0.059130742
v -0.871777335 -0.435972213 0.074042419
v -0.866931184 -0.458079494 0.089526216
v -0.859127282 -0.479147768 0.105131521
v -0.844874876 -0.497478216 0.119596774
v -0.828530767 -0.514549105 0.133504792
v -0.810690229 -0.530486099 0.146833327
v -0.788614978 -0.542765724 0.157340558
v -0.764514688 -0.552723509 0.165820557
v -0.741032192 -0.563465309 0.174979092
v -0.720098269 -0.576693035 0.186718453
v -0.699142291 -0.589692722 0.198711645
v -0.679703634 -0.603442552 0.212219938
v -0.663065585 -0.618334310 0.228135091
v -0.645338723 -0.632054484 0.243879638
v -0.623391342 -0.642448656 0.256409080
v -0.599319097 -0.650563966 0.266736410
v -0.574557487 -0.657479324 0.276216675
v -0.547794242 -0.660764696 0.280826334
v -0.520455079 -0.662007827 0.282559595
v -0.493465106 -0.664269530 0.286524254
v -0.467450430 -0.668107676 0.294299815
v -0.441508330 -0.671397342 0.302500974
v -0.417582628 -0.675856604 0.315067566
v -0.394079166 -0.679569358 0.328667792
v -0.368282544 -0.680207989 0.337593677
v -0.341426405 -0.678610947 0.342902321
v -0.314437856 -0.675575393 0.346042342
v -0.287893265 -0.670150708 0.342023764
v -0.261318315 -0.664492200 0.338742635
v -0.234518375 -0.659459487 0.341561635
v -0.207939282 -0.653618139 0.344830002
v -0.182651651 -0.647710684 0.353503915
v -0.157781718 -0.640505123 0.362413049
v -0.132091473 -0.631288465 0.364348355
v -0.106703878 -0.621074434 0.363432175
v -0.082622898 -0.610724213 0.355500265
v -0.058584671 -0.599749579 0.348451222
v -0.034198621 -0.587304432 0.346930392
v -0.010572781 -0.573665218 0.347800349
v 0.011371214 -0.558427644 0.353919722
v 0.033663276 -0.542729253 0.352541241
v 0.055455536 -0.526861654 0.347706187
v 0.076099114 -0.513099516 0.336096049
v 0.096646736 -0.497346583 0.327544148
v 0.116497976 -0.479022248 0.323009705
v 0.133891715 -0.457900407 0.324359574
v 0.151259605 -0.437244757 0.320494322
v 0.168501831 -0.417656355 0.312247547
v 0.185762236 -0.401621632 0.298243672
v 0.201652337 -0.381461808 0.288893336
v 0.214663946 -0.358028586 0.284108682
v 0.225674915 -0.333466520 0.279796200
v 0.238090629 -0.311263205 0.269629312
v 0.252300074 -0.293619954 0.254237546
v 0.262955620 -0.270753319 0.243601756
v 0.268526639 -0.244793191 0.237437361
v 0.274657863 -0.219954913 0.228015486
v 0.284423474 -0.199057342 0.213532213
v 0.292138475 -0.176709547 0.200086902
v 0.293497129 -0.151326482 0.190486168
v 0.293397438 -0.126154238 0.180136627
v 0.299093711 -0.104091378 0.165236175
v 0.302173329 -0.081000729 0.151197361
v 0.296449579 -0.056633050 0.140733111
v 0.293041799 -0.032885977 0.127677223
v 0.296210904 -0.010616707 0.112122588
v 0.291225154 0.012562149 0.098614468
v 0.280045448 0.034235851 0.086402754
v 0.275993582 0.056735216 0.071557829
v 0.271776923 0.079150719 0.056871702
v 0.257352419 0.098067583 0.043695894
v 0.246310222 0.118387032 0.029094037
v 0.240582284 0.140717663 0.014649147
v 0.225482841 0.158280998 0.000450483
v 0.208882221 0.174238007 -0.014077050
v 0.198789483 0.195489512 -0.027908606
v 0.182954013 0.212567533 -0.042183482
v 0.162704662 0.223238390 -0.057094942
v 0.146913979 0.240683136 -0.070819280
v 0.130203988 0.257601437 -0.083902470
v 0.108993239 0.265228509 -0.098977939
v 0.088489689 0.276157491 -0.113391332
v 0.069872225 0.292884049 -0.124431770
v 0.047967809 0.301546663 -0.138192666
v 0.025670785 0.304612205 -0.153607507
v 0.003226984 0.314340579 -0.165621418
v -0.019614668 0.325114288 -0.175476299
v -0.042912695 0.327651663 -0.189272512
v -0.065827625 0.327621421 -0.203980803
v -0.090576015 0.333286063 -0.213830216
v -0.115961807 0.338700207 -0.221913894
v -0.140387144 0.337847103 -0.234049726
v -0.162603361 0.332692622 -0.249133901
v -0.188039357 0.331533454 -0.259204734
v -0.215093266 0.333215142 -0.263162975
v -0.240854065 0.329612224 -0.271665721
v -0.263404036 0.321862250 -0.284698849
v -0.286337375 0.313810597 -0.296893268
v -0.311827291 0.307105824 -0.304242128
v -0.338720170 0.301879603 -0.304800386
v -0.363963649 0.292853432 -0.310120716
v -0.386818553 0.281417137 -0.319598080
v -0.407416238 0.268624036 -0.332318792
v -0.431012896 0.256207856 -0.338616913
v -0.455087259 0.243583361 -0.340813023
v -0.479137286 0.230911193 -0.337325344
v -0.501754238 0.215675328 -0.339521360
v -0.522969021 0.199275079 -0.344788845
v -0.541880723 0.182539094 -0.355465159
v -0.562008889 0.164953532 -0.360942355
v -0.582283803 0.146571303 -0.362648981
v -0.601666629 0.128048965 -0.357701540
v -0.619682618 0.108932956 -0.349977745
v -0.637473025 0.088136821 -0.348778256
v -0.654540698 0.066700338 -0.348589072
v -0.671015982 0.045574045 -0.354256004
v -0.687108060 0.024116383 -0.359766216
v -0.702284240 0.001370343 -0.358410393
v -0.716308692 -0.021872623 -0.354757144
v -0.727422687 -0.044777509 -0.344761920
v -0.736632321 -0.067771897 -0.333018056
v -0.746793462 -0.092196564 -0.326031557
v -0.756771244 -0.117157616 -0.320611299
v -0.766804071 -0.142365439 -0.317087753
v -0.778175350 -0.167289563 -0.318197533
v -0.788688061 -0.192571180 -0.317870971
v -0.795902358 -0.218210171 -0.311565435
v -0.801495386 -0.243835382 -0.303570289
v -0.803657461 -0.268388324 -0.291794154
v -0.802018482 -0.291169224 -0.276639743
v -0.799969290 -0.314489598 -0.262402991
v -0.800225934 -0.339768985 -0.251832557
v -0.800124439 -0.365235325 -0.241661927
v -0.800663781 -0.391124386 -0.232839740
v -0.804465198 -0.417809502 -0.227854847
v -0.807564665 -0.444430088 -0.222208708
v -0.805733215 -0.469693373 -0.211998892
v -0.801063582 -0.493786463 -0.199763357
v -0.795097389 -0.517298820 -0.186997924
v -0.784551330 -0.537420528 -0.171746004
v -0.770840819 -0.554696608 -0.155457201
v -0.757071130 -0.572500161 -0.139810556
v -0.745980486 -0.593362124 -0.125937197
v -0.735025329 -0.614556750 -0.112418286
v -0.724722124 -0.636325723 -0.099383278
v -0.717714185 -0.660187685 -0.087853093
v -0.710996300 -0.684112343 -0.076271450
v -0.700878635 -0.705872812 -0.063120908
v -0.686193749 -0.723847543 -0.048539116
v -0.670408412 -0.740748878 -0.033802432
v -0.652795796 -0.755509539 -0.018971738
v -0.631248434 -0.764371781 -0.004612084
v -0.608404549 -0.770932682 0.009066223
v -0.586719873 -0.780191015 0.022952708
v -0.567009832 -0.792789786 0.037261425
v -0.546811703 -0.804643331 0.051526839
v -0.527606989 -0.817632174 0.066091818
v -0.511096376 -0.833364734 0.081306126
v -0.494552933 -0.848676977 0.096899194
v -0.475028032 -0.860209747 0.112165905
v -0.452544330 -0.867078596 0.126263541
v -0.429470896 -0.872567468 0.140017456
v -0.404798994 -0.873715595 0.151718120
v -0.379120941 -0.870467462 0.160734008
v -0.353371497 -0.866797356 0.169403036
v -0.328302943 -0.866350024 0.180393128
v -0.303735863 -0.867130093 0.192551562
v -0.279092258 -0.867083661 0.204578971
v -0.256039694 -0.869770013 0.219121550
v -0.234207429 -0.873590002 0.235268160
v -0.211320356 -0.874508997 0.250235465
v -0.186738121 -0.870236869 0.261498959
v -0.161985961 -0.864154877 0.271614861
v -0.137216568 -0.854756256 0.278310236
v -0.113025065 -0.842078985 0.280625657
v -0.088887422 -0.829362446 0.283237734
v -0.064540654 -0.818979070 0.290298263
v -0.040460122 -0.808389738 0.298042654
v -0.016980884 -0.798401395 0.307858389
v 0.005053123 -0.790449876 0.322104224
v 0.027162514 -0.779940601 0.334267608
v 0.049513164 -0.765239635 0.340232142
v 0.071384402 -0.749433557 0.345074187
v 0.092130667 -0.731668069 0.344300033
v 0.111821274 -0.713067065 0.340033686
v 0.132000453 -0.694629231 0.339966352
v 0.152007842 -0.676115357 0.342953456
v 0.171193157 -0.657718662 0.349326229
v 0.189026160 -0.639455887 0.359333009
v 0.206459632 -0.619011227 0.364086782
v 0.223269726 -0.597348472 0.364452702
v 0.239148336 -0.575441537 0.360899923
v 0.253987928 -0.554189374 0.351960252
v 0.268691146 -0.531576875 0.347681310
v 0.282587477 -0.507978893 0.346436436
v 0.294506189 -0.483771371 0.351005314
v 0.305221366 -0.458851145 0.354211068
v 0.315934055 -0.433870089 0.350614044
v 0.326288520 -0.409999808 0.342595115
v 0.336551723 -0.387672433 0.330544072
v 0.344861298 -0.362149303 0.325043546
v 0.350896860 -0.335653832 0.322759440
v 0.354108857 -0.308478737 0.323496257
v 0.358569680 -0.282244448 0.316978362
v 0.364386624 -0.258451046 0.304995116
v 0.369455239 -0.234535623 0.292959825
v 0.371021305 -0.208295244 0.285207071
v 0.367587149 -0.181253356 0.282744855
v 0.365585552 -0.155127686 0.275098279
v 0.366642467 -0.131213746 0.262109775
v 0.367163198 -0.107506017 0.248779166
v 0.362160389 -0.082260726 0.239671191
v 0.352017303 -0.057593447 0.233869706
v 0.346355040 -0.033615716 0.221898944
v 0.345205992 -0.011158140 0.206280398
v 0.336731728 0.012102113 0.194639392
v 0.321643872 0.033462040 0.186551380
v 0.311484162 0.055313079 0.173532638
v 0.306555808 0.077079280 0.157827844
v 0.292925234 0.097271890 0.145483572
v 0.274670763 0.114466035 0.134755851
v 0.262731011 0.134120637 0.120154680
v 0.251387847 0.153740419 0.105332560
v 0.231747387 0.167885831 0.093058733
v 0.213160469 0.182426895 0.079366757
v 0.200527468 0.201344114 0.064191710
v 0.181088331 0.214420951 0.050234961
v 0.158967442 0.222676392 0.036752311
v 0.141656805 0.237683862 0.022052901
v 0.122228709 0.250148522 0.007673088
v 0.099037580 0.253225214 -0.006456056
v 0.077926760 0.262556470 -0.021101108
v 0.057563757 0.274165987 -0.034797063
v 0.034730197 0.274997778 -0.049420312
v 0.011889384 0.277197829 -0.064217586
v -0.010476462 0.286628021 -0.076710596
v -0.033768752 0.287089188 -0.090935413
v -0.055804943 0.282085104 -0.106188768
v -0.079822884 0.284741684 -0.118718826
v -0.104109471 0.285468419 -0.130867970
v -0.125368761 0.277704790 -0.145876687
v -0.147718087 0.271176713 -0.160114026
v -0.173313893 0.270385466 -0.169642125
v -0.197038286 0.263814404 -0.181540771
v -0.215296902 0.250942288 -0.197222061
v -0.237455668 0.240999381 -0.209865933
v -0.262998465 0.234421246 -0.217070007
v -0.285686423 0.223120831 -0.227279781
v -0.302498378 0.207602639 -0.242146680
v -0.321894909 0.192823564 -0.254410896
v -0.344398651 0.179369274 -0.261744299
v -0.367072287 0.165217696 -0.266969758
v -0.385488281 0.147719944 -0.277082805
v -0.398967789 0.128898491 -0.291749054
v -0.416497780 0.110038189 -0.301058366
v -0.435997772 0.091468571 -0.304781279
v -0.454964907 0.072034087 -0.306659834
v -0.470618220 0.050564239 -0.313429644
v -0.482141502 0.029007685 -0.325684896
v -0.494323203 0.006788147 -0.335728167
v -0.508075918 -0.016389009 -0.340653624
v -0.522606209 -0.039447556 -0.338195086
v -0.535220505 -0.063633927 -0.337725257
v -0.545815217 -0.088701382 -0.341094849
v -0.554283586 -0.113380648 -0.349152573
v -0.561696520 -0.137835197 -0.358992630
v -0.569807793 -0.163833506 -0.361873747
v -0.577230577 -0.190113408 -0.361124472
v -0.583468538 -0.215710088 -0.353564685
v -0.588359767 -0.242201835 -0.349034105
v -0.592264690 -0.269336885 -0.348379862
v -0.595438906 -0.296363736 -0.350511503
v -0.598426712 -0.322601754 -0.357888494
v -0.600354942 -0.349729785 -0.359711424
v -0.600901105 -0.377015412 -0.357030910
v -0.599963431 -0.403724510 -0.351368169
v -0.596613034 -0.428317665 -0.339754863
v -0.592226593 -0.453184083 -0.329161487
v -0.588136444 -0.479683859 -0.323470343
v -0.583466977 -0.506229132 -0.318507986
v -0.580013657 -0.533397949 -0.318507479
v -0.576618753 -0.560578893 -0.319532785
v -0.570712086 -0.586937355 -0.315483997
v -0.562668853 -0.612002456 -0.307800400
v -0.553403341 -0.636184892 -0.298914022
v -0.541104034 -0.656101579 -0.284784004
v -0.527190214 -0.673820417 -0.269153019
v -0.513870329 -0.694389666 -0.257016723
v -0.500984533 -0.716456902 -0.247067984
v -0.487519641 -0.738155217 -0.237093816
v -0.475864626 -0.762053236 -0.230515295
v -0.465061312 -0.786718910 -0.225334256
v -0.452339361 -0.809707481 -0.217710710
v -0.436508849 -0.828826699 -0.206138258
v -0.419676456 -0.846573791 -0.193740497
v -0.401103790 -0.860659380 -0.179455778
v -0.380786286 -0.869424782 -0.163288256
v -0.359866736 -0.877004617 -0.147262318
v -0.339311824 -0.887833481 -0.132775003
v -0.319193597 -0.900769898 -0.119362268
v -0.298618312 -0.912775790 -0.105778435
v -0.279008992 -0.927205737 -0.093258681
v -0.260848563 -0.944289083 -0.081842915
v -0.242190875 -0.960340532 -0.069793606
v -0.221362915 -0.971421905 -0.055968382
v -0.199233848 -0.978223516 -0.041270383
v -0.176780656 -0.983561719 -0.026480451
v -0.153738574 -0.983032089 -0.011754570
v -0.130736368 -0.978010162 0.002285582
v -0.107570079 -0.972918273 0.016031436
v -0.084144782 -0.971740187 0.030159404
v -0.060747192 -0.971943030 0.044459218
v -0.037340349 -0.971286992 0.058729295
v -0.014622386 -0.974576078 0.073628030
v 0.007237680 -0.980463088 0.089102091
v 0.029520466 -0.983331438 0.104711885
v 0.052355027 -0.979199327 0.119196153
v 0.075036938 -0.972572784 0.133110171
v 0.097409065 -0.964140002 0.146468034
v 0.118496539 -0.950270076 0.157024968
v 0.138436589 -0.933474874 0.165521922
v 0.158767209 -0.917537436 0.174655278
v 0.180143060 -0.905021232 0.186376281
v 0.201337835 -0.892423107 0.198378305
v 0.222493284 -0.881437595 0.211839130
v 0.243383213 -0.873524431 0.227740734
v 0.263735352 -0.864172666 0.243514633
v 0.283089404 -0.849559276 0.256107857
v 0.301385815 -0.831943137 0.266446941
v 0.318952885 -0.813196192 0.275985074
v 0.334226642 -0.790991238 0.280673229
v 0.347923474 -0.767299376 0.282423434
v 0.362328307 -0.744346614 0.286308454
v 0.377718441 -0.723023120 0.294080317
v 0.392585486 -0.701495594 0.302246897
v 0.407569227 -0.682279756 0.314753718
v 0.421706334 -0.663161469 0.328385760
v 0.434188571 -0.640626540 0.337434325
v 0.445151452 -0.616061421 0.342759479
v 0.454922337 -0.590728536 0.346025943
v 0.462348059 -0.564663346 0.342075367
v 0.469543722 -0.538471560 0.338714146
v 0.477420468 -0.512363303 0.341478012
v 0.484482316 -0.486073896 0.344698784
v 0.490900587 -0.460886289 0.353295239
v 0.495982137 -0.435522369 0.362280046
v 0.499653340 -0.408492601 0.364338473
v 0.502289131 -0.381249606 0.363505496
v 0.504195758 -0.355079578 0.355687137
v 0.505536667 -0.328717443 0.348504905
v 0.505736524 -0.301340612 0.346976947
v 0.504549309 -0.274074203 0.347702119
v 0.501153858 -0.247585578 0.353879116
v 0.497476736 -0.220568249 0.352648370
v 0.493419643 -0.193900228 0.347897670
v 0.490683997 -0.169202884 0.336385192
v 0.486230088 -0.143747354 0.327685249
v 0.479148304 -0.117683014 0.323096248
v 0.468470461 -0.092493935 0.324375159
v 0.458083490 -0.067565088 0.320694615
v 0.448585054 -0.043211485 0.312563642
v 0.442283466 -0.020494221 0.298589954
v 0.431812143 0.002883795 0.289123560
v 0.417123032 0.025274140 0.284191509
v 0.400304505 0.046342165 0.280067304
v 0.386258668 0.067596252 0.269980088
v 0.377108409 0.088339155 0.254621868
v 0.361840427 0.108354165 0.243895489
v 0.341492334 0.125345436 0.237614279
v 0.322163439 0.142176701 0.228345251
v 0.307952942 0.160428203 0.213973891
v 0.291849333 0.177641824 0.200423610
v 0.270071181 0.190677120 0.190710571
v 0.247570529 0.202086611 0.180504025
v 0.230458083 0.217210387 0.165685905
v 0.211551547 0.230711943 0.151567852
v 0.187378181 0.237031807 0.141028247
v 0.164630797 0.244792516 0.128083420
v 0.146275124 0.257798445 0.112548500
v 0.123526979 0.264308271 0.098960787
v 0.099093164 0.264262259 0.086813709
v 0.077173857 0.270855573 0.071991673
v 0.055425896 0.277657141 0.057277202
v 0.031988177 0.273764308 0.044079647
v 0.008854114 0.273072156 0.029519249
v -0.013591938 0.278398500 0.015059815
v -0.036199583 0.273320603 0.000847720
v -0.057957609 0.265749209 -0.013654182
v -0.081441236 0.266471996 -0.027515718
v -0.103972914 0.260532617 -0.041766574
v -0.122736979 0.247402005 -0.056677029
v -0.145418443 0.241251819 -0.070470224
v -0.168218546 0.234428202 -0.083503323
v -0.184915401 0.219266683 -0.098535022
v -0.203893247 0.205954070 -0.113006304
v -0.227297965 0.197137010 -0.124080223
v -0.245287720 0.181841211 -0.137755956
v -0.258148122 0.163394712 -0.153223606
v -0.276984231 0.147860664 -0.165369789
v -0.297229355 0.132684419 -0.175121312
v -0.310406665 0.113223438 -0.188826541
v -0.320765168 0.092845802 -0.203629960
v -0.336615449 0.073281491 -0.214034118
v -0.353681681 0.053550490 -0.221562708
v -0.364341612 0.031483180 -0.233592721
v -0.369887283 0.009407838 -0.248770781
v -0.380473260 -0.013697296 -0.258987105
v -0.394452851 -0.036915834 -0.262974266
v -0.403227613 -0.061425513 -0.271379524
v -0.406904504 -0.085072649 -0.284239893
v -0.410180359 -0.109059761 -0.296621165
v -0.415918837 -0.134753646 -0.304109295
v -0.423677962 -0.161023693 -0.304732252
v -0.427396116 -0.187589155 -0.309912479
v -0.428202176 -0.213473815 -0.318467679
v -0.426007841 -0.237249199 -0.331895479
v -0.425795483 -0.263842269 -0.338418256
v -0.425641264 -0.291011639 -0.340834851
v -0.425525769 -0.318196261 -0.337336278
v -0.422476837 -0.345299139 -0.339398512
v -0.417737735 -0.371736651 -0.344491734
v -0.411598531 -0.396228101 -0.355179180
v -0.405257939 -0.422145910 -0.360868557
v -0.398297623 -0.448611042 -0.362636856
v -0.390786438 -0.474386424 -0.357925205
v -0.382166586 -0.499172314 -0.350092518
v -0.371923807 -0.524541651 -0.348801851
v -0.360767881 -0.549571724 -0.348539066
v -0.349589387 -0.573942788 -0.354083185
v -0.337986265 -0.598097346 -0.359742760
v -0.324812301 -0.622061016 -0.358508593
v -0.310662386 -0.645250490 -0.354964891
v -0.295470007 -0.665746749 -0.345115211
v -0.279328267 -0.684502693 -0.333315073
v -0.262336382 -0.704736685 -0.326218202
v -0.244789859 -0.725107112 -0.320818041
v -0.227016415 -0.745587694 -0.317183172
v -0.210113307 -0.767147070 -0.318239656
v -0.192551699 -0.788159873 -0.318035299
v -0.173144330 -0.806433766 -0.311844539
v -0.152988635 -0.823240181 -0.303893609
v -0.132196339 -0.836585267 -0.292239436
v -0.111224193 -0.845683960 -0.277118972
v -0.089604847 -0.854551632 -0.262807163
v -0.067289035 -0.866386356 -0.252190480
v -0.044644635 -0.878053451 -0.242036635
v -0.021898191 -0.890370415 -0.233123279
v 0.000053654 -0.906000260 -0.228105858
v 0.022235574 -0.921071506 -0.222534703
v 0.045490456 -0.931213835 -0.212437166
v 0.069025628 -0.938190222 -0.200213763
v 0.092645886 -0.943772329 -0.187473470
v 0.115397842 -0.943839101 -0.172284423
v 0.137059307 -0.939680053 -0.155999970
v 0.159180520 -0.935623952 -0.140328704
v 0.182779481 -0.935311593 -0.126419420
v 0.206642022 -0.935375206 -0.112907571
v 0.230698364 -0.936166978 -0.099840375
v 0.255110179 -0.940891391 -0.088300183
v 0.279446108 -0.946003368 -0.076751390
v 0.303437382 -0.947143800 -0.063636660
v 0.326181352 -0.942481595 -0.049074151
v 0.348462734 -0.936281527 -0.034340068
v 0.369835363 -0.927775945 -0.019510115
v 0.388240130 -0.913628912 -0.005010794
v 0.404931057 -0.896822870 0.008805468
v 0.422529305 -0.880962422 0.022572017
v 0.442398342 -0.868559409 0.036801511
v 0.462233602 -0.856110903 0.051069313
v 0.482579231 -0.844976101 0.065621722
v 0.504143766 -0.837531389 0.080823883
v 0.525378567 -0.829950257 0.096410844
v 0.544668594 -0.818048004 0.111698546
v 0.561146367 -0.801290972 0.125809043
v 0.576731253 -0.783449735 0.139621542
v 0.590097363 -0.763144246 0.152083272
v 0.599010778 -0.738877473 0.161122215
v 0.606875158 -0.713883582 0.169199187
v 0.617594550 -0.691065045 0.179814486
v 0.629629003 -0.669641263 0.191987045
v 0.640942598 -0.647743165 0.204005722
v 0.653870101 -0.628386549 0.218431585
v 0.667354783 -0.610795481 0.234578144
v 0.678826636 -0.591037946 0.249646133
v 0.686450490 -0.567331643 0.261008231
v 0.692480625 -0.542574852 0.271143565
v 0.695711249 -0.516339556 0.278066755
v 0.695645243 -0.489035095 0.280459063
v 0.695429628 -0.461745996 0.282998676
v 0.697362751 -0.435319245 0.289921528
v 0.699091013 -0.409077407 0.297691147
v 0.700971873 -0.383562799 0.307333954
v 0.704080838 -0.360310299 0.321518395
v 0.705046708 -0.335932671 0.333851387
v 0.702382809 -0.309362449 0.339978487
v 0.698472402 -0.282674033 0.344890086
v 0.692341723 -0.256056955 0.344393284
v 0.684902161 -0.230013224 0.340112552
v 0.677797642 -0.203618418 0.339811711
v 0.670609001 -0.177327244 0.342824927
v 0.663101038 -0.151775222 0.348965158
v 0.655166827 -0.127524725 0.359001648
v 0.645118427 -0.102661514 0.364054843
v 0.633660730 -0.077750563 0.364449175
v 0.621526306 -0.053521815 0.361192878
v 0.609504856 -0.030551028 0.352272126
v 0.596260739 -0.007103515 0.347743574
v 0.581757210 0.016127573 0.346396447
v 0.565811370 0.037923907 0.350791888
v 0.548637691 0.058891392 0.354329064
v 0.531408441 0.079925567 0.350804791
v 0.514865166 0.100153896 0.343130367
v 0.499867522 0.119537957 0.330922068
v 0.481122765 0.138700822 0.325292145
v 0.460498713 0.156371843 0.322727623
v 0.437843084 0.171731127 0.323687500
v 0.416572999 0.187774415 0.317324379
v 0.397932658 0.203868691 0.305643865
v 0.379264340 0.219463444 0.293330222
v 0.356770895 0.233027587 0.285480222
v 0.331253671 0.242559863 0.282923941
v 0.307033735 0.252725765 0.275559043
v 0.286068264 0.264562026 0.262827060
v 0.265507456 0.276125592 0.249257474
v 0.240904995 0.283528674 0.239955680
v 0.214259144 0.285798000 0.234367500
v 0.190238882 0.291689857 0.222570190
v 0.169818479 0.301076446 0.206916222
v 0.145385890 0.304549149 0.195101855
v 0.119454908 0.301031974 0.187071318
v 0.095254150 0.301800692 0.174253693
v 0.073585654 0.307436113 0.158514365
v 0.049453086 0.305183289 0.145926592
v 0.025758808 0.296691205 0.135357870
v 0.002748679 0.294834429 0.120849064
v -0.019843435 0.294195983 0.105932617
v -0.041555820 0.283617296 0.093568373
v -0.062946492 0.273510308 0.080009235
v -0.085541910 0.270961649 0.064832305
v -0.106382616 0.260293783 0.050761016
v -0.123751165 0.244081144 0.037364804
v -0.144930556 0.235364666 0.022649457
v -0.165144195 0.224257455 0.008268308
v -0.178606969 0.205229600 -0.005796572
v -0.196335232 0.190475877 -0.020479210
v -0.216231527 0.178013176 -0.034155285
v -0.227825868 0.158310866 -0.048749587
v -0.240024077 0.138916823 -0.063565414
v -0.258632439 0.123393162 -0.076111359
v -0.270191559 0.103084972 -0.090253326
v -0.275659063 0.081167212 -0.105553319
v -0.288808921 0.060986205 -0.118250218
v -0.300984364 0.039902908 -0.130269753
v -0.304241385 0.017444527 -0.145165386
v -0.308456966 -0.005359900 -0.159518803
v -0.319360515 -0.028428413 -0.169219176
v -0.324753626 -0.052494161 -0.180973010
v -0.321957992 -0.074696941 -0.196539837
v -0.323126060 -0.098847537 -0.209351394
v -0.328923033 -0.124501127 -0.216749368
v -0.329602979 -0.149886096 -0.226780080
v -0.323801077 -0.172108663 -0.241460897
v -0.319443719 -0.195972134 -0.253934670
v -0.317709735 -0.222056840 -0.261568848
v -0.315833228 -0.248781416 -0.266554083
v -0.308911926 -0.273296940 -0.276521893
v -0.298430776 -0.293936485 -0.291188982
v -0.289712947 -0.318077436 -0.300683659
v -0.282109270 -0.343856250 -0.304766936
v -0.273776837 -0.369740954 -0.306351852
v -0.261970476 -0.393550281 -0.313102779
v -0.248200922 -0.413861471 -0.325122391
v -0.234067316 -0.434751766 -0.335468706
v -0.219834911 -0.457612029 -0.340545998
v -0.206054760 -0.481136658 -0.338306373
v -0.190494043 -0.503539823 -0.337561630
v -0.173147990 -0.524507026 -0.340948911
v -0.155144107 -0.543498422 -0.348724253
v -0.136884263 -0.561285165 -0.358752486
v -0.117567034 -0.580449504 -0.361795788
v -0.097658731 -0.599160301 -0.361281935
v -0.077822470 -0.616541985 -0.353842416
v -0.056619650 -0.633095198 -0.349051085
v -0.034346559 -0.649079552 -0.348420461
v -0.011796747 -0.664362525 -0.350291085
v 0.010108953 -0.679101820 -0.357687125
v 0.033254425 -0.693339406 -0.359817111
v 0.057211344 -0.706416210 -0.357162273
v 0.081362614 -0.717968124 -0.351708369
v 0.104757557 -0.726411738 -0.340219633
v 0.128797864 -0.733949676 -0.329487747
v 0.154183684 -0.742513656 -0.323710695
v 0.179888421 -0.750579839 -0.318663959
v 0.205608681 -0.759981321 -0.318524814
v 0.231286598 -0.769514113 -0.319624984
v 0.257405939 -0.776538178 -0.315817442
v 0.283360452 -0.780968784 -0.308154337
v 0.309166265 -0.784052757 -0.299489526
v 0.333005170 -0.782953608 -0.286127239
v 0.355404458 -0.779097533 -0.270787797
v 0.379174150 -0.775902666 -0.257588096
v 0.404624741 -0.774503429 -0.247474961
v 0.430067744 -0.772514560 -0.237452009
v 0.456631291 -0.773106331 -0.230799854
v 0.483505023 -0.774890769 -0.225643607
v 0.509805666 -0.774292487 -0.218131689
v 0.534116775 -0.769136172 -0.206633437
v 0.557636174 -0.762394787 -0.194248833
v 0.579685409 -0.753511298 -0.180725927
v 0.596992904 -0.739712510 -0.164617219
v 0.612589451 -0.724146033 -0.148295813
v 0.631054491 -0.710386913 -0.133522646
v 0.651810247 -0.698503734 -0.120106718
v 0.671941126 -0.685772068 -0.106517712
v 0.693669698 -0.674862296 -0.093931022
v 0.717190234 -0.666586067 -0.082519003
v 0.740107949 -0.657522292 -0.070529336
v 0.759703201 -0.644320209 -0.056772771
v 0.776007017 -0.627876481 -0.042088217
v 0.791165350 -0.610467313 -0.027304531
v 0.801560892 -0.589922280 -0.012560646
v 0.807801159 -0.567244003 0.001513508
v 0.813866769 -0.544312414 0.015260242
v 0.823451595 -0.522895633 0.029371270
v 0.834450248 -0.502245664 0.043674497
v 0.844641550 -0.481160299 0.057939940
v 0.857849601 -0.462364181 0.072803969
v 0.873158959 -0.445666133 0.088256095
v 0.886182026 -0.427361367 0.103882454
v 0.893223094 -0.405288649 0.118418350
v 0.897833764 -0.382119559 0.132344004
v 0.900822788 -0.358433092 0.145779409
v 0.898427774 -0.333360884 0.156466979
v 0.892734776 -0.307931078 0.164997699
v 0.887823624 -0.282534847 0.174046174
v 0.886480254 -0.257774554 0.185706340
v 0.885102903 -0.233165108 0.197725309
v 0.884957809 -0.209265783 0.211072780
v 0.887519330 -0.187030651 0.226908449
v 0.888759289 -0.164715042 0.242760514
v 0.884922352 -0.140855932 0.255522297
v 0.877752914 -0.116499767 0.265883710
v 0.869327125 -0.092269200 0.275543687
v 0.856808837 -0.068450276 0.280456844
v 0.842103330 -0.045373844 0.282238740
v 0.828239500 -0.022044440 0.285898546
v 0.816405026 0.001445763 0.293650576
v 0.804107715 0.024578148 0.301716651
v 0.793880437 0.046779079 0.314068033
v 0.783519018 0.068139706 0.327767519
v 0.769465075 0.089599502 0.337124251
v 0.752746268 0.110665505 0.342481754
v 0.734839453 0.131050467 0.345991438
v 0.715153268 0.149710584 0.342270577
v 0.695209076 0.168117142 0.338698196
v 0.675655856 0.187136456 0.341309291
v 0.655575789 0.205545157 0.344409583
v 0.636146853 0.222904361 0.352807489
v 0.616064964 0.239117994 0.361969409
v 0.593829885 0.254855093 0.364319010
v 0.570869149 0.269773939 0.363678443
v 0.548469363 0.283565422 0.356125306
v 0.525757892 0.296893256 0.348678861
v 0.501579896 0.309716459 0.347064009
v 0.476839414 0.321369857 0.347138553
v 0.451704731 0.330786519 0.352713444
v 0.425965041 0.339785224 0.352831999
v 0.400390523 0.348471785 0.348244869
v 0.377125650 0.357409063 0.336923279
v 0.352609158 0.365264694 0.327926321
v 0.326324236 0.371188721 0.322844526
v 0.299129213 0.373518384 0.323825588
v 0.272144919 0.375483222 0.321069303
v 0.246055576 0.378207391 0.313176075
v 0.222949051 0.383059855 0.299271207
v 0.197500965 0.384727566 0.289554521
v 0.170887111 0.382269175 0.284311843
v 0.144393577 0.376892091 0.280551028
v 0.118984298 0.374112245 0.270652097
v 0.096318411 0.375493674 0.255363185
v 0.071589993 0.371417511 0.244445178
v 0.047091925 0.361514763 0.237911365
v 0.023239913 0.351873368 0.228962715
v 0.000370301 0.346886797 0.215129177
v -0.022172521 0.341407915 0.201087029
v -0.043921058 0.328477526 0.191128069
v -0.064342691 0.313457876 0.181229941
v -0.085622853 0.304855857 0.166589854
v -0.106399717 0.294756339 0.152298014
v -0.123409091 0.276585134 0.141582692
v -0.140598972 0.259662214 0.128870247
v -0.160506726 0.249165983 0.113397786
v -0.177126581 0.232461340 0.099644257
v -0.188211183 0.210578667 0.087625502
v -0.203929271 0.193853111 0.072854743
v -0.220307495 0.178063087 0.058077621
v -0.228035676 0.155659591 0.044832119
v -0.237662316 0.134568561 0.030359189
v -0.252921040 0.117225191 0.015870571
v -0.259324498 0.094932975 0.001629340
v -0.262247975 0.072048893 -0.012818575
v -0.273441283 0.051470206 -0.026749887
v -0.279114002 0.028854740 -0.040944071
v -0.276025028 0.006142351 -0.055844006
v -0.280582070 -0.016843386 -0.069790579
v -0.285532348 -0.040175067 -0.082715177
v -0.280220008 -0.062130302 -0.097653499
v -0.276746858 -0.084946192 -0.112231626
v -0.279662937 -0.109735410 -0.123391764
v -0.274859241 -0.132975603 -0.136894765
v -0.264191435 -0.152733456 -0.152464799
v -0.258599062 -0.176369532 -0.165003176
v -0.255020747 -0.201659082 -0.174463181
v -0.244088674 -0.222608068 -0.187994142
v -0.230589651 -0.240931489 -0.202980400
v -0.220331594 -0.263822185 -0.213685443
v -0.210977464 -0.288277158 -0.220975607
v -0.196454318 -0.308171325 -0.232813390
v -0.179364895 -0.323098537 -0.248134934
v -0.163677337 -0.342985159 -0.258573568
v -0.149542204 -0.366079489 -0.262675697
v -0.131948418 -0.385323554 -0.270900973
v -0.112690955 -0.400251588 -0.283022875
v -0.092850459 -0.413546254 -0.296199187
v -0.072680194 -0.430387615 -0.303920356
v -0.052959948 -0.449389231 -0.304649717
v -0.031171193 -0.465084114 -0.309587846
v -0.008548125 -0.477921060 -0.317866399
v 0.013528785 -0.486860766 -0.331419204
v 0.037192152 -0.498855456 -0.338148086
v 0.061382002 -0.511182248 -0.340882042
v 0.085527548 -0.523674229 -0.337365422
v 0.110962720 -0.533535059 -0.339232446
v 0.136637574 -0.541590064 -0.344112021
v 0.161218999 -0.547450159 -0.354740520
v 0.187072991 -0.553718127 -0.360765756
v 0.213760710 -0.559759279 -0.362571344
v 0.240146021 -0.564998261 -0.358255230
v 0.266068976 -0.568823228 -0.350260343
v 0.293289688 -0.571443474 -0.348830467
v 0.320647017 -0.573096094 -0.348459244
v 0.347460419 -0.574395157 -0.353819274
v 0.374214196 -0.575244801 -0.359627074
v 0.401550092 -0.574650279 -0.358640527
v 0.428683010 -0.572826740 -0.355257046
v 0.453967139 -0.568865053 -0.345622039
v 0.478019056 -0.563205828 -0.333737960
v 0.503751089 -0.557428366 -0.326468017
v 0.529925326 -0.551263644 -0.321092179
v 0.556260401 -0.544881069 -0.317290541
v 0.583176935 -0.539778169 -0.318262540
v 0.609931324 -0.533927002 -0.318196839
v 0.635164369 -0.525219527 -0.312219946
v 0.659398191 -0.515107892 -0.304316234
v 0.680985043 -0.502899247 -0.292863078
v 0.698799585 -0.488522265 -0.277793054
v 0.716535717 -0.473411338 -0.263364038
v 0.737265366 -0.459035743 -0.252673339
v 0.758075695 -0.444332160 -0.242538235
v 0.779385831 -0.429742387 -0.233484555
v 0.803333720 -0.417411126 -0.228412066
v 0.826995605 -0.404735026 -0.222952837
v 0.846881503 -0.388878505 -0.213026874
v 0.863945618 -0.371221127 -0.200819761
v 0.879847059 -0.352858533 -0.188116407
v 0.890610788 -0.332757571 -0.173020816
v 0.896996989 -0.311639712 -0.156748070
v 0.903519172 -0.290144104 -0.141038222
v 0.913976152 -0.269032150 -0.127069490
v 0.925068017 -0.247896958 -0.113568642
v 0.936715935 -0.226860871 -0.100448406
v 0.952090820 -0.207331349 -0.088888701
v 0.967891990 -0.188106697 -0.077375883
v 0.980119203 -0.167395989 -0.064324946
v 0.986614177 -0.145095203 -0.049794374
v 0.991415608 -0.122469065 -0.035063843
v 0.993874008 -0.099592753 -0.020237543
v 0.989999026 -0.076728578 -0.005709853
v 0.982809345 -0.054174452 0.008128772
v 0.976716057 -0.031272850 0.021886588
v 0.974778689 -0.007927904 0.036107755
v 0.972906327 0.015412995 0.050379122
v 0.972245559 0.038613818 0.064907783
v 0.975502057 0.061206466 0.080089250
v 0.978656252 0.083541164 0.095666981
v 0.977223089 0.106145004 0.110994630
v 0.970019264 0.128500587 0.125127076
v 0.961401010 0.150560377 0.138950375
v 0.949761558 0.171842899 0.151534679
v 0.932434090 0.190984636 0.160665312
v 0.913816565 0.209440733 0.168706286
v 0.898351817 0.229409914 0.179216160
v 0.884912919 0.249973248 0.191403287
v 0.870686237 0.270106679 0.203412641
v 0.859320425 0.290486443 0.217734574
v 0.849937229 0.310583312 0.233861503
v 0.837867956 0.329909025 0.249035877
v 0.820457600 0.347642977 0.260500758
v 0.801287820 0.364417098 0.270656137
v 0.779641943 0.379483140 0.277817027
v 0.755403874 0.392038473 0.280289311
v 0.731053807 0.404377298 0.282752910
v 0.708425098 0.418221709 0.289531726
v 0.685951090 0.431866622 0.297324383
v 0.664073249 0.445265494 0.306789512
v 0.644844510 0.458767368 0.320909695
v 0.623785737 0.470913537 0.333419421
v 0.599054968 0.480852018 0.339715859
v 0.573591393 0.489713651 0.344699740
v 0.547163605 0.496618089 0.344491940
v 0.520622389 0.502011319 0.340195945
v 0.493913865 0.507827646 0.339651413
v 0.467275885 0.513586174 0.342691603
v 0.440826081 0.518592257 0.347437780
v 0.415842244 0.522824494 0.357893346
v 0.389415688 0.525465516 0.364018123
v 0.362029083 0.526800991 0.364441637
v 0.334886997 0.527217009 0.361532924
v 0.308945701 0.527136972 0.352660027
v 0.282090692 0.526226929 0.347809903
v 0.254787514 0.524098137 0.346439850
v 0.228051044 0.520080642 0.350532859
v 0.201558038 0.514516151 0.354384829
v 0.174935966 0.508925782 0.351020400
v 0.149263123 0.503463743 0.343717287
v 0.125196403 0.499163183 0.331353773
v 0.099565906 0.491451942 0.325572134
v 0.074335288 0.481450411 0.322703962
v 0.050256562 0.468433180 0.323822519
v 0.026201437 0.456882111 0.317715969
v 0.003252298 0.447531047 0.306384694
v -0.019150757 0.438409303 0.293759536
v -0.041589475 0.424785769 0.285841603
v -0.061914852 0.406714646 0.283081869
v -0.082050163 0.389726507 0.276078924
v -0.102217275 0.376280733 0.263643894
v -0.122004405 0.363697982 0.249796763
v -0.140059691 0.345486699 0.240292738
v -0.154314072 0.322768580 0.234930441
v -0.170563948 0.304011817 0.223298634
v -0.188295201 0.290169983 0.207680858
v -0.202868267 0.270403226 0.195641786
v -0.211771512 0.245790593 0.187646701
v -0.223432871 0.224451823 0.175029270
v -0.238445671 0.207842784 0.159277263
v -0.247933201 0.185635462 0.146502972
v -0.251169676 0.160575481 0.136093783
v -0.259822690 0.139055112 0.121701458
v -0.270052346 0.118973474 0.106668256
v -0.271128146 0.094907018 0.094175502
v -0.271636498 0.071178007 0.080791515
v -0.279669114 0.049920155 0.065622113
v -0.280322436 0.026555256 0.051472723
v -0.273717956 0.003655156 0.038156487
v -0.275353940 -0.019187392 0.023420796
v -0.275303780 -0.042219717 0.009040665
v -0.264868919 -0.063018334 -0.005007264
v -0.259471161 -0.085429285 -0.019729777
v -0.257957555 -0.108907582 -0.033386324
v -0.246213920 -0.128549754 -0.047949295
v -0.234316775 -0.148084427 -0.062781547
v -0.228998575 -0.171655295 -0.075408953
v -0.216705004 -0.191606110 -0.089447091
v -0.199619283 -0.206386566 -0.104791052
v -0.187174062 -0.226782651 -0.117887421
v -0.174802132 -0.247883340 -0.129520594
v -0.156570460 -0.261548148 -0.144269003
v -0.138147038 -0.275438275 -0.158770717
v -0.122588232 -0.295504666 -0.168705843
v -0.103910982 -0.311685805 -0.180282127
v -0.082982691 -0.319761200 -0.195681634
v -0.062073333 -0.331644388 -0.208689744
v -0.041950523 -0.348411386 -0.216353841
v -0.019837168 -0.361014370 -0.226165802
v 0.002603370 -0.366829860 -0.240274873
v 0.025607989 -0.373269302 -0.253294875
v 0.049552928 -0.383502466 -0.261321885
v 0.074081805 -0.394493188 -0.265997556
v 0.099084111 -0.399875788 -0.275759767
v 0.122228711 -0.400106862 -0.290427476
v 0.147573532 -0.403359465 -0.300180105
v 0.173920919 -0.408300553 -0.304744737
v 0.200735664 -0.413116939 -0.305949541
v 0.227316304 -0.413683033 -0.312660795
v 0.251843849 -0.410990736 -0.324347970
v 0.276715590 -0.407941836 -0.335119786
v 0.303531288 -0.405834021 -0.340409656
v 0.330771748 -0.404424277 -0.338488156
v 0.357844231 -0.401113164 -0.337341351
v 0.384449363 -0.395415935 -0.340760710
v 0.409725925 -0.388256080 -0.348145935
v 0.433869166 -0.380251875 -0.358327482
v 0.459723392 -0.371950175 -0.361684932
v 0.485524299 -0.362919341 -0.361495728
v 0.510155357 -0.353370465 -0.354240891
v 0.534586666 -0.342251449 -0.349111515
v 0.559053150 -0.329884234 -0.348474325
v 0.583040361 -0.316895604 -0.349983984
v 0.606216504 -0.304252634 -0.357387816
v 0.629525793 -0.290347843 -0.359958355
v 0.652192919 -0.275138672 -0.357337894
v 0.673684862 -0.259063660 -0.352184081
v 0.692085823 -0.242219385 -0.340873974
v 0.709786563 -0.224406486 -0.329938184
v 0.729054147 -0.205838031 -0.324033216
v 0.748028815 -0.186739050 -0.318860258
v 0.768171931 -0.168193675 -0.318525679
v 0.788488770 -0.149826478 -0.319721178
v 0.806921539 -0.129961704 -0.316264660
v 0.822843303 -0.108981159 -0.308628735
v 0.837618650 -0.087519149 -0.300133060
v 0.847833711 -0.065840949 -0.286952411
v 0.854790716 -0.044197140 -0.271622703
v 0.862731654 -0.021683945 -0.258212033
v 0.873214945 0.001541045 -0.248080097
v 0.883127394 0.025034487 -0.237992589
v 0.895747553 0.048368445 -0.231184684
v 0.909734400 0.071393672 -0.226065122
v 0.921509153 0.094982986 -0.218740963
v 0.928305440 0.118939884 -0.207367598
v 0.933203724 0.142920920 -0.195002463
v 0.935692069 0.166626492 -0.181586664
v 0.931682586 0.188439728 -0.165559049
v 0.925070224 0.209440097 -0.149212481
v 0.921144058 0.232063018 -0.134339788
v 0.920150683 0.255952127 -0.120911938
v 0.918138839 0.279684570 -0.107320689
v 0.918253672 0.303961652 -0.094657234
v 0.921706630 0.328655128 -0.083244896
v 0.924323865 0.353187854 -0.071310143
v 0.921936055 0.376739944 -0.057644673
v 0.914952435 0.398824836 -0.042975072
v 0.906582747 0.420343706 -0.028198382
v 0.893413997 0.439206244 -0.013435062
v 0.876262603 0.455266240 0.000676330
v 0.858634660 0.471140294 0.014423642
v 0.843876871 0.489396661 0.028515791
v 0.830659168 0.508699121 0.042822685
v 0.816626584 0.527452945 0.057082876
v 0.805791494 0.547735351 0.071908693
v 0.798022882 0.569033183 0.087336769
v 0.788034088 0.589156668 0.102981518
v 0.771880742 0.605711555 0.117574500
v 0.753477808 0.620512270 0.131512742
v 0.733971664 0.634214611 0.145033916
v 0.710751558 0.643821011 0.155866029
v 0.685578088 0.650508865 0.164433695
v 0.660697749 0.657724350 0.173386799
v 0.638038834 0.667869205 0.184978840
v 0.615588304 0.678020887 0.197016149
v 0.594176166 0.688794820 0.210237360
v 0.575544017 0.701283880 0.226000169
v 0.556433754 0.712789909 0.241920349
v 0.533674893 0.720587409 0.254886619
v 0.508771797 0.725482459 0.265272189
v 0.483419459 0.729235564 0.275000898
v 0.456581342 0.729318782 0.280228647
v 0.429326173 0.726913725 0.282044818
v 0.402213117 0.725251562 0.285524494
v 0.375889385 0.725539140 0.293183604
v 0.349653254 0.725253074 0.301137753
v 0.325154105 0.726351542 0.313324000
v 0.301460142 0.727095385 0.327090192
v 0.276039106 0.724700911 0.336785545
v 0.249639446 0.719599094 0.342172882
v 0.223298061 0.713193722 0.345915011
v 0.197615239 0.704389779 0.342490146
v 0.172129005 0.695133068 0.338683811
v 0.146234929 0.686531489 0.341125128
v 0.120624371 0.677211700 0.344147720
v 0.096184237 0.667959988 0.352270580
v 0.072568775 0.657702897 0.361627256
v 0.048368404 0.645286814 0.364291607
v 0.024518543 0.631809400 0.363868212
v 0.001891131 0.618254490 0.356605878
v -0.020361979 0.604293210 0.348916559
v -0.042897338 0.588792885 0.347155731
v -0.064694517 0.572261884 0.346981160
v -0.084703986 0.554352211 0.352466006
v -0.104524630 0.535645996 0.353054406
v -0.124044936 0.516914933 0.348676884
v -0.142732637 0.500265877 0.337621040
v -0.161017924 0.482338011 0.328221971
v -0.178436258 0.461788163 0.323102873
v -0.193206393 0.438853501 0.323744761
v -0.207294323 0.415704100 0.321490731
v -0.221729845 0.393725342 0.313786330
v -0.236670899 0.375341600 0.300048347
v -0.249998397 0.353754696 0.290035815
v -0.260321908 0.329163615 0.284452698
v -0.267651485 0.303063824 0.281067166
v -0.276831565 0.279114377 0.271376435
v -0.288163244 0.259061486 0.256618703
v -0.296470416 0.235813618 0.245018813
v -0.299306133 0.209631848 0.238197681
v -0.301505686 0.183892002 0.229606647
v -0.307332607 0.161044092 0.216034918
v -0.313230171 0.138765822 0.201744453
v -0.312180521 0.113557755 0.191544857
v -0.307959950 0.088435745 0.181948887
v -0.309783460 0.065433086 0.167487562
v -0.310836702 0.042477865 0.153022193
v -0.303018252 0.018943838 0.142108590
v -0.295550719 -0.004089626 0.129645897
v -0.295138819 -0.026608193 0.114249117
v -0.288563659 -0.049132188 0.100336304
v -0.274100325 -0.069037112 0.088422305
v -0.266099608 -0.090624459 0.073711779
v -0.260100242 -0.112542466 0.058871245
v -0.244153373 -0.129999208 0.045563643
v -0.229518143 -0.148022606 0.031190723
v -0.221224304 -0.169587933 0.016676825
v -0.204754588 -0.185945819 0.002404837
v -0.185548130 -0.198800236 -0.011989586
v -0.172227437 -0.217987914 -0.025996070
v -0.155133422 -0.233856844 -0.040132670
v -0.133542768 -0.241577142 -0.055015595
v -0.115027686 -0.255844443 -0.069101574
v -0.096860792 -0.271387336 -0.081932821
v -0.075003372 -0.277289346 -0.096778031
v -0.053114470 -0.284280692 -0.111454623
v -0.032444595 -0.298114208 -0.122749773
v -0.009664119 -0.305138850 -0.136053553
v 0.012763466 -0.304590704 -0.151692724
v 0.036298109 -0.310210717 -0.164460386
v 0.060365087 -0.319057743 -0.173765837
v 0.084134763 -0.319403520 -0.187111330
v 0.106463884 -0.315559029 -0.202291036
v 0.131423801 -0.316740135 -0.213295090
v 0.157497468 -0.320071205 -0.220351520
v 0.181990330 -0.316592045 -0.232017031
v 0.203050380 -0.308249473 -0.247410802
v 0.227779744 -0.303326255 -0.258121635
v 0.254742458 -0.301383658 -0.262417680
v 0.280043208 -0.294880545 -0.270393781
v 0.302428290 -0.284860444 -0.282204486
v 0.323124932 -0.273256892 -0.295705621
v 0.347292155 -0.263075942 -0.303640015
v 0.373225096 -0.254336064 -0.304561081
v 0.397313055 -0.242388599 -0.309214501
v 0.419314268 -0.228307875 -0.317213963
v 0.437405157 -0.212842646 -0.330800537
v 0.458821660 -0.197364051 -0.337836934
v 0.480856620 -0.181544590 -0.340942959
v 0.503107469 -0.165916866 -0.337472322
v 0.523664592 -0.147983589 -0.339042214
v 0.542733570 -0.128925564 -0.343692351
v 0.559310175 -0.109801849 -0.354216057
v 0.576694313 -0.089794212 -0.360645739
v 0.594377835 -0.068916136 -0.362484967
v 0.611293693 -0.047759029 -0.359313071
v 0.626743782 -0.026506842 -0.351485232
v 0.641567764 -0.003681460 -0.348859877
v 0.655661122 0.019829032 -0.348373635
v 0.669177076 0.043062950 -0.353538604
v 0.682261266 0.066378487 -0.359502855
v 0.694374079 0.090886360 -0.358773609
v 0.705395294 0.115827066 -0.355862856
v 0.713967598 0.140312487 -0.347429905
v 0.719777278 0.163943006 -0.334794092
v 0.726254697 0.189242581 -0.326774087
v 0.732885546 0.215309391 -0.321432162
v 0.739288452 0.241612661 -0.317408980
v 0.747121076 0.267865712 -0.318266826
v 0.754329780 0.294288984 -0.318382200
v 0.758389143 0.320720897 -0.312686622
v 0.760614980 0.346893373 -0.304810289
v 0.759966650 0.371819372 -0.293656074
v 0.755514417 0.394316976 -0.278652202
v 0.750234532 0.416943028 -0.264112240
v 0.746940744 0.441881840 -0.253274712
v 0.743516379 0.467140586 -0.243162738
v 0.740235294 0.492702112 -0.233919404
v 0.740245411 0.519622781 -0.228770378
v 0.740020007 0.546499786 -0.223458225
v 0.735346407 0.571588519 -0.213760301
v 0.727575970 0.594892572 -0.201573438
v 0.718680921 0.617524267 -0.188918268
v 0.706010555 0.636565063 -0.173947996
v 0.690298334 0.652064322 -0.157691343
v 0.674189845 0.667669375 -0.141929591
v 0.660152590 0.686521904 -0.127878626
v 0.646544566 0.706140558 -0.114390869
v 0.633110143 0.726047934 -0.101202234
v 0.622772741 0.748635060 -0.089611847
v 0.613023637 0.771548877 -0.078134085
v 0.600465124 0.792116348 -0.065178391
v 0.583800843 0.808319274 -0.050690539
v 0.565962895 0.823047719 -0.035964481
v 0.546905467 0.835954758 -0.021143373
v 0.524938335 0.843298890 -0.006578909
v 0.501633170 0.847351853 0.007288072
v 0.478451571 0.852331280 0.021032852
v 0.456792321 0.861265422 0.035242434
v 0.435235847 0.870403448 0.049518212
v 0.414229782 0.880332533 0.064015080
v 0.395606662 0.893560520 0.079169664
v 0.377304991 0.906765708 0.094735799
v 0.356734432 0.916198645 0.110117088
v 0.333608690 0.920203926 0.124278094
v 0.310071816 0.922767072 0.138114806
v 0.285881431 0.922551055 0.150862117
v 0.260912123 0.916141766 0.160108186
v 0.235962228 0.908066180 0.168124727
v 0.211089163 0.903296483 0.178469774
v 0.186651014 0.900888306 0.190674973
v 0.162220297 0.897536220 0.202670374
v 0.138822112 0.896662097 0.216852445
v 0.116635171 0.897591426 0.232941241
v 0.093990575 0.896050653 0.248261518
v 0.070248941 0.888947134 0.259868514
v 0.046523988 0.879701902 0.270048694
v 0.023150530 0.867646338 0.277474956
v 0.000801434 0.852007063 0.280099777
v -0.021338975 0.836020537 0.282459802
v -0.044038055 0.822212117 0.289045340
v -0.066514151 0.808585494 0.296863926
v -0.088544126 0.795023575 0.305816017
v -0.109614275 0.783596010 0.319109519
v -0.130099019 0.770823879 0.332041213
v -0.150345325 0.754017105 0.339447850
v -0.169963404 0.735540017 0.344505565
v -0.188332916 0.715323249 0.344593400
v -0.205349157 0.694250972 0.340304966
v -0.222781033 0.673200515 0.339492970
v -0.240184635 0.652230865 0.342555301
v -0.256840256 0.631022604 0.347078352
v -0.272155614 0.610799566 0.357457863
v -0.286690092 0.588673742 0.363980131
v -0.300514319 0.564995292 0.364434137
v -0.313426465 0.541068095 0.361843583
v -0.325317808 0.517991058 0.353031118
v -0.336891592 0.493806296 0.347871054
v -0.347614555 0.468607433 0.346480456
v -0.356460496 0.443029232 0.350297056
v -0.363731733 0.416984717 0.354406728
v -0.371046690 0.390770432 0.351220023
v -0.377987157 0.365347023 0.344257927
v -0.385285976 0.342050767 0.331809114
v -0.390333426 0.315827283 0.325828996
v -0.393221533 0.288858690 0.322704679
v -0.392794919 0.261489991 0.323935196
v -0.393569785 0.234776737 0.318076805
v -0.395331704 0.209657448 0.307731528
v -0.398091500 0.186097280 0.294238481
v -0.396445472 0.159923864 0.286239838
v -0.390012905 0.133551415 0.283240404
v -0.384030660 0.107814375 0.276601818
v -0.381140567 0.083588169 0.264458987
v -0.379407240 0.060333915 0.250340459
v -0.371823578 0.035883607 0.240632160
v -0.358165134 0.012742456 0.235438079
v -0.348790096 -0.010348907 0.224033318
v -0.344618053 -0.032476750 0.208460287
v -0.334172533 -0.054572223 0.196202748
v -0.316567023 -0.073901307 0.188175388
v -0.302753744 -0.094024547 0.175768990
v -0.294805571 -0.114978763 0.160078451
v -0.279941367 -0.133864245 0.147084012
v -0.259057052 -0.148229886 0.136814300
v -0.243573658 -0.165657000 0.122558216
v -0.230854745 -0.184203489 0.107410112
v -0.210274794 -0.196623925 0.094787544
v -0.189213482 -0.207729443 0.081574189
v -0.173891124 -0.224488213 0.066427611
v -0.153781604 -0.236298469 0.052197804
v -0.130313426 -0.240832246 0.038954868
v -0.110585354 -0.252476442 0.024201293
v -0.090375760 -0.263474365 0.009819638
v -0.067160040 -0.264151367 -0.004222188
v -0.044680219 -0.269168514 -0.018960797
v -0.023234727 -0.278965469 -0.032610556
v -0.000331050 -0.278088192 -0.047143370
v 0.022425401 -0.276140956 -0.061990491
v 0.045808520 -0.281647904 -0.074880280
v 0.069314069 -0.280908532 -0.088685011
v 0.090229936 -0.272357796 -0.104069390
v 0.113969818 -0.270375061 -0.117361257
v 0.138492523 -0.269550314 -0.128841117
v 0.159282555 -0.260008344 -0.143457095
v 0.179859424 -0.249798803 -0.158092134
v 0.204687126 -0.245037439 -0.168246707
v 0.227820951 -0.236212963 -0.179655962
v 0.245398830 -0.221837993 -0.194631646
v 0.264899983 -0.208312203 -0.208105063
v 0.288880830 -0.198042189 -0.216031871
v 0.310457258 -0.184442865 -0.225639294
v 0.326284825 -0.167324688 -0.239514357
v 0.342304894 -0.149808151 -0.252781755
v 0.362249729 -0.133188840 -0.261109776
v 0.383486074 -0.116625471 -0.265587804
v 0.399988353 -0.096972436 -0.275160382
v 0.410904287 -0.076542416 -0.289792318
v 0.425305131 -0.055564999 -0.299774544
v 0.441690421 -0.034417853 -0.304715758
v 0.458487047 -0.012931255 -0.305667637
v 0.471315956 0.010374913 -0.312308910
v 0.480396987 0.033431986 -0.323740026
v 0.488994556 0.056834337 -0.334838976
v 0.499470588 0.081588882 -0.340244858
v 0.510747799 0.106430350 -0.338619675
v 0.520397133 0.131935551 -0.337189708
v 0.527634073 0.158163168 -0.340609999
v 0.533013073 0.183956868 -0.347699084
v 0.537015429 0.209032893 -0.357996953
v 0.541546032 0.235762591 -0.361595966
v 0.545435218 0.262831606 -0.361656003
v 0.548361958 0.289119680 -0.354543421
v 0.549784200 0.315882058 -0.349170767
v 0.550111030 0.343293806 -0.348516834
v 0.549634045 0.370585190 -0.349802209
v 0.549090634 0.396991392 -0.357153519
v 0.547543721 0.424061231 -0.360070606
v 0.544513279 0.451192041 -0.357477657
v 0.540210027 0.477734977 -0.352552165
v 0.533800585 0.501903010 -0.341378230
v 0.526156073 0.525758695 -0.330289927
v 0.518551985 0.551388841 -0.324290044
v 0.510330610 0.577010988 -0.319023727
v 0.503099395 0.603415428 -0.318549606
v 0.496183874 0.629915268 -0.319813014
v 0.487133472 0.655487868 -0.316580606
v 0.475886317 0.679321429 -0.309007251
v 0.463698641 0.702397954 -0.300617647
v 0.449235378 0.721610199 -0.287595536
v 0.433259298 0.737791646 -0.272273845
v 0.416912413 0.755077542 -0.258706987
v 0.401132937 0.775078662 -0.248562420
v 0.384850529 0.794696568 -0.238463734
v 0.369868641 0.816535730 -0.231506664
v 0.355884899 0.839569947 -0.226416451
v 0.340454786 0.861001769 -0.219233373
v 0.322377822 0.878185200 -0.207953879
v 0.303364451 0.893611118 -0.195604356
v 0.283514882 0.906896079 -0.182268712
v 0.262334859 0.913592080 -0.166301145
v 0.240665185 0.917405717 -0.149935724
v 0.218770741 0.924163548 -0.134989747
v 0.197110900 0.934277361 -0.121553497
v 0.175129212 0.943459916 -0.107971367
v 0.153589768 0.954594251 -0.095251968
v 0.133235718 0.968984058 -0.083827759
v 0.112692572 0.982688050 -0.071939262
v 0.090739299 0.991642452 -0.058341950
v 0.067928682 0.995696869 -0.043683747
v 0.044977648 0.998261336 -0.028912460
v 0.022151816 0.995501456 -0.014134547
v -0.000016647 0.987768782 0.000005359
v -0.022201259 0.979365980 0.013754471
v -0.045182498 0.974531153 0.027833568
v -0.068406811 0.971729581 0.042143356
v -0.091517347 0.967904149 0.056400017
v -0.114526151 0.967442992 0.071197675
v -0.137020323 0.970364987 0.086607193
v -0.159481506 0.970961867 0.102261732
v -0.181638997 0.964439973 0.116898754
v -0.203263063 0.954960902 0.130846910
v -0.224446099 0.944079041 0.144420670
v -0.243739018 0.928053539 0.155359346
v -0.261295197 0.908835790 0.163974307
v -0.279111895 0.890001807 0.172873874
v -0.298518063 0.874474945 0.184398169
v -0.317885371 0.859255165 0.196450149
v -0.336998341 0.844063898 0.208875968
v -0.356654393 0.833010684 0.224426443
v -0.375808058 0.822246921 0.240814462
v -0.393433876 0.806376087 0.254335410
v -0.409271469 0.786555227 0.264741958
v -0.424318379 0.765834718 0.274528631
v -0.436888655 0.742186399 0.280014135
v -0.447322594 0.716895981 0.281864579
v -0.458271552 0.692016451 0.285209482
v -0.470634412 0.668750400 0.292778899
v -0.482461495 0.645295174 0.300646783
v -0.494714359 0.623972488 0.312690490
v -0.506348637 0.603352081 0.326512934
v -0.516016478 0.579815475 0.336441525
v -0.523694593 0.554065234 0.341904686
v -0.530215116 0.527772775 0.345842236
v -0.534304743 0.500911017 0.342665996
v -0.537787424 0.474040897 0.338664984
v -0.542076012 0.447088065 0.340965159
v -0.545626068 0.420063989 0.343966429
v -0.548696382 0.394040609 0.351821390
v -0.550537432 0.368411405 0.361337645
v -0.550710926 0.341247021 0.364266503
v -0.549769492 0.313858172 0.364027561
v -0.548163842 0.287470469 0.357008626
v -0.546052193 0.261337646 0.349117706
v -0.542719405 0.234203865 0.347234675
v -0.538153342 0.207222763 0.346850699
v -0.531547938 0.181182183 0.352260362
v -0.524056744 0.154990157 0.353244048
v -0.516412759 0.128999748 0.349047053
v -0.510169594 0.104669661 0.338216677
v -0.502846683 0.080250561 0.328477585
v -0.492688201 0.055305300 0.323327484
v -0.479296738 0.031551492 0.323670846
v -0.465128945 0.008408598 0.321854510
v -0.452212316 -0.014558813 0.314311861
v -0.442657311 -0.036330490 0.300748783
v -0.429890527 -0.058099251 0.290452112
v -0.413038091 -0.078711354 0.284580095
v -0.393126573 -0.097203917 0.281514639
v -0.376051445 -0.116397060 0.271932129
v -0.363257737 -0.135675803 0.257385544
v -0.346746735 -0.153844694 0.245551863
v -0.325061979 -0.168650485 0.238466406
v -0.303025615 -0.182324494 0.230206164
v -0.285110194 -0.197898903 0.216873378
v -0.268412800 -0.213591183 0.202355822
v -0.245764567 -0.224565135 0.191943211
v -0.221339543 -0.232199789 0.182617783
v -0.201488832 -0.244197029 0.168324165
v -0.181903951 -0.256008989 0.153695421
v -0.157688142 -0.260741150 0.142347063
v -0.133480172 -0.264015999 0.130332361
v -0.113162228 -0.273791458 0.115011703
v -0.090385939 -0.278978071 0.100909857
v -0.066054404 -0.275107232 0.089163620
v -0.043097375 -0.277582626 0.074523046
v -0.020981235 -0.282756470 0.059622161
v 0.001929327 -0.277094049 0.046251111
v 0.024621888 -0.272032966 0.031975039
v 0.047574776 -0.274624858 0.017440573
v 0.069843902 -0.268011164 0.003141752
v 0.089988206 -0.256589912 -0.011204958
v 0.112931952 -0.253003679 -0.025314376
v 0.135126932 -0.245927387 -0.039338050
v 0.152031526 -0.230453110 -0.054188106
v 0.172934288 -0.220155114 -0.068421382
v 0.195328728 -0.211597328 -0.081161651
v 0.211057256 -0.195221260 -0.095915024
v 0.226992197 -0.178793432 -0.110676255
v 0.248618525 -0.166711375 -0.122117467
v 0.265788951 -0.150028896 -0.135238491
v 0.275519077 -0.129829249 -0.150924741
v 0.291096617 -0.111425386 -0.163889886
v 0.310271267 -0.094295604 -0.173100390
v 0.321937081 -0.073433062 -0.186259711
v 0.328517413 -0.051835733 -0.201610848
v 0.340805554 -0.030183867 -0.212905501
v 0.356118117 -0.008689930 -0.219736408
v 0.364570492 0.014660808 -0.231247923
v 0.366818619 0.037171982 -0.246697337
v 0.373645432 0.061333693 -0.257660497
v 0.384275353 0.086134195 -0.262165001
v 0.390422229 0.111576802 -0.269890851
v 0.392124537 0.136191767 -0.281411108
v 0.391179243 0.159770026 -0.295178942
v 0.393201766 0.185853446 -0.303337230
v 0.397361885 0.212877232 -0.304494955
v 0.398068900 0.239790727 -0.308846283
v 0.395852613 0.265912186 -0.316597822
v 0.390475806 0.289092575 -0.330191257
v 0.386542876 0.315118169 -0.337529938
v 0.382605817 0.341932541 -0.341001714
v 0.379045513 0.368894103 -0.337576818
v 0.372724562 0.395432756 -0.338853883
v 0.364653038 0.421208914 -0.343279066
v 0.355334020 0.444778893 -0.353699855
v 0.345588970 0.469323693 -0.360526966
v 0.335239500 0.494648906 -0.362399325
v 0.324259846 0.519462649 -0.359647967
v 0.312567577 0.542988314 -0.351806129
v 0.299199147 0.566648205 -0.348890967
v 0.284846890 0.590005172 -0.348305312
v 0.270424921 0.612734155 -0.353229311
v 0.255799541 0.635074286 -0.359364241
v 0.239677558 0.657145886 -0.358914668
v 0.222644044 0.678443861 -0.356043420
v 0.204878630 0.697492784 -0.347981886
v 0.186616426 0.713592576 -0.335372081
v 0.167182450 0.730888224 -0.327050134
v 0.147122054 0.748814450 -0.321738847
v 0.126707905 0.766559613 -0.317520987
v 0.106988530 0.785579473 -0.318277987
v 0.086902565 0.804202544 -0.318554863
v 0.065358931 0.820119078 -0.313107902
v 0.043164757 0.834181932 -0.305256422
v 0.020729651 0.845336092 -0.294365976
v -0.001297767 0.851853199 -0.279420730
v -0.023772411 0.857541441 -0.264798742
v -0.047389997 0.865995078 -0.253817551
v -0.071382286 0.874627908 -0.243726552
v -0.095581095 0.883372859 -0.234348958
v -0.119493369 0.895689048 -0.229102092
v -0.143430438 0.907981582 -0.223920025
v -0.167859571 0.915630744 -0.214422992
v -0.192125878 0.919510709 -0.202254484
v -0.216325585 0.922125463 -0.189642129
v -0.239153863 0.919907554 -0.174782081
v -0.260192488 0.913212964 -0.158539556
v -0.281410574 0.906043282 -0.142732232
v -0.304537027 0.902116736 -0.128609378
v -0.328230313 0.899118909 -0.115132670
v -0.351777561 0.895388047 -0.101585514
v -0.376430286 0.895750805 -0.089680495
v -0.401350016 0.898307973 -0.078524366
v -0.425638994 0.897711843 -0.065965049
v -0.447835484 0.890729355 -0.051557937
v -0.469148269 0.881728750 -0.036836246
v -0.489491651 0.870939385 -0.022020341
v -0.506293630 0.855030629 -0.007420798
v -0.520653364 0.836253883 0.006473529
v -0.535634862 0.817860280 0.020206215
v -0.553477179 0.802668027 0.034404915
v -0.571548530 0.787785048 0.048684925
v -0.589939717 0.773545805 0.063151598
v -0.610231164 0.763019140 0.078280456
v -0.630440969 0.752949756 0.093834986
v -0.648417996 0.739233177 0.109243635
v -0.662748573 0.720697673 0.123453066
v -0.675903749 0.701022149 0.137302637
v -0.687037747 0.679606190 0.150163056
v -0.693029403 0.654597670 0.159551209
v -0.697344384 0.628733408 0.167576304
v -0.704369084 0.604336640 0.177763668
v -0.713510442 0.581545395 0.189969651
v -0.721792911 0.558311341 0.201951885
v -0.731679757 0.537001287 0.216000194
v -0.742736972 0.517713795 0.232052506
v -0.751937025 0.497030114 0.247458790
v -0.756776973 0.472833133 0.259255877
v -0.759538708 0.447530245 0.269460066
v -0.759785871 0.421299081 0.277117330
v -0.756311692 0.394266510 0.279912469
v -0.752259302 0.367249430 0.282173509
v -0.750362114 0.340707145 0.288571482
v -0.748661725 0.314486285 0.296417654
v -0.746701810 0.288617597 0.305180212
v -0.746247311 0.264596222 0.318368560
v -0.744490786 0.240598122 0.331452806
v -0.739055737 0.214940706 0.339130084
v -0.731753283 0.189014597 0.344277563
v -0.722366855 0.163365593 0.344692110
v -0.711518121 0.138539709 0.340465740
v -0.700821615 0.113400450 0.339349446
v -0.690261069 0.088277110 0.342393364
v -0.679085074 0.063671115 0.346640614
v -0.668222269 0.040707638 0.356925410
v -0.655399876 0.017663135 0.363860571
v -0.640795562 -0.005536524 0.364424641
v -0.625503624 -0.028071730 0.362190172
v -0.610488201 -0.049287768 0.353483268
v -0.594437964 -0.070674342 0.347942876
v -0.577049727 -0.091830429 0.346526068
v -0.558479999 -0.111567600 0.350003939
v -0.538753788 -0.130008088 0.354426846
v -0.518849063 -0.148590522 0.351450636
v -0.499187562 -0.166505175 0.345235112
v -0.481646957 -0.183757689 0.333138962
v -0.461166387 -0.200403497 0.326107282
v -0.438664661 -0.215513472 0.322700889
v -0.414194026 -0.227777768 0.324053986
v -0.390773186 -0.240738418 0.318466869
v -0.369061748 -0.253816314 0.308483027
v -0.349638619 -0.267218378 0.294714710
v -0.325714881 -0.277902122 0.286637440
v -0.299449802 -0.284561346 0.283393663
v -0.273732489 -0.290966559 0.277124026
v -0.250674693 -0.299407494 0.265267143
v -0.229457170 -0.308794904 0.250901707
v -0.204342340 -0.313520084 0.241044283
v -0.177497277 -0.312120161 0.235909123
v -0.152587344 -0.314293759 0.224709687
v -0.130929881 -0.320652862 0.209255143
v -0.106638695 -0.321880289 0.196811757
v -0.081371236 -0.315394667 0.188703430
v -0.057089303 -0.312176109 0.176499563
v -0.034783921 -0.314622997 0.160885796
v -0.011202985 -0.310596241 0.147703911
v 0.011198177 -0.298624659 0.137530129
v 0.033816844 -0.292524652 0.123409663
v 0.056148474 -0.290195392 0.108150446
v 0.076852892 -0.278078906 0.095393431
v 0.096280197 -0.264167827 0.082355802
v 0.118135867 -0.258053481 0.067234885
v 0.138107469 -0.246122551 0.052935904
v 0.152919864 -0.227310095 0.039746502
v 0.172121383 -0.214790300 0.024983084
v 0.191455476 -0.202345726 0.010597942
v 0.203064462 -0.182275977 -0.003440316
v 0.217471468 -0.164321169 -0.018185897
v 0.236264363 -0.150002597 -0.031835263
v 0.246502278 -0.129447909 -0.046341181
v 0.254889642 -0.108228962 -0.061199905
v 0.270278874 -0.089902426 -0.074214781
v 0.280997305 -0.068906504 -0.087889240
v 0.282966071 -0.046391387 -0.103283836
v 0.291760522 -0.024338600 -0.116774793
v 0.302752130 -0.002307547 -0.128117279
v 0.304318392 0.020618576 -0.142593243
v 0.304375186 0.043486471 -0.157369057
v 0.311292635 0.067675096 -0.167777276
v 0.314515520 0.092280628 -0.178987685
v 0.310218776 0.114677169 -0.193771957
v 0.306927489 0.138038564 -0.207446662
v 0.308622750 0.163950343 -0.215681214
v 0.306831276 0.189456228 -0.225044230
v 0.299236561 0.211667910 -0.238648987
v 0.290844887 0.233686310 -0.252203335
v 0.285114564 0.258916709 -0.260875263
v 0.280440105 0.285504368 -0.265126949
v 0.270733168 0.309327777 -0.274547287
v 0.257702970 0.328549337 -0.289054399
v 0.245648240 0.350804299 -0.299317600
v 0.234148667 0.374852645 -0.305084519
v 0.223007157 0.399852938 -0.305716836
v 0.208384734 0.422165366 -0.311976975
v 0.192153355 0.441047014 -0.323107877
v 0.175342865 0.459296099 -0.334498477
v 0.158198102 0.479935876 -0.340152464
v 0.141217209 0.501204985 -0.339569241
v 0.123347816 0.521688199 -0.337052300
v 0.103442222 0.540240860 -0.340435559
v 0.083012693 0.557027039 -0.347172626
v 0.062634598 0.572094897 -0.357607775
v 0.041036480 0.588396188 -0.361492738
v 0.018804712 0.604343999 -0.361848195
v -0.003188585 0.619116526 -0.354918615
v -0.026207866 0.632732487 -0.349240349
v -0.050367160 0.645685788 -0.348565392
v -0.074827146 0.657847541 -0.349581950
v -0.098537829 0.669537509 -0.356830869
v -0.123207297 0.680682479 -0.360187854
v -0.148673967 0.690527181 -0.357638390
v -0.174245208 0.699038376 -0.352985296
v -0.198693699 0.704594064 -0.341973669
v -0.223317183 0.708778155 -0.330701251
v -0.249541101 0.713823480 -0.324585697
v -0.276027826 0.718224871 -0.319010976
v -0.302789552 0.723447368 -0.317243880
v -0.329397076 0.729775056 -0.319218349
v -0.356274424 0.733956748 -0.316953520
v -0.382632116 0.735036717 -0.309482893
v -0.408754110 0.734915319 -0.301168403
v -0.432644530 0.731163020 -0.288424843
v -0.454390573 0.724495341 -0.273113008
v -0.477156139 0.717879106 -0.259398059
v -0.502131926 0.713054012 -0.249169720
v -0.527039090 0.707643329 -0.239053906
v -0.553245870 0.704244713 -0.231901636
v -0.580138773 0.702458274 -0.226838188
v -0.606354521 0.698809307 -0.219844455
v -0.630037126 0.690821028 -0.208690995
v -0.652515162 0.681090086 -0.196361093
v -0.673610975 0.669744518 -0.183133704
v -0.689542895 0.654193101 -0.167248353
v -0.702910198 0.636740288 -0.150857590
v -0.718780598 0.620300174 -0.135810822
v -0.737722825 0.605730543 -0.122361959
v -0.756036072 0.590484494 -0.108791341
v -0.775698926 0.576363563 -0.096001761
v -0.797788762 0.564846449 -0.084550422
v -0.819495518 0.553008649 -0.072723028
v -0.837796434 0.537852483 -0.059218075
v -0.851993652 0.519534409 -0.044575118
v -0.864937153 0.500400677 -0.029811069
v -0.873304836 0.478998655 -0.015014284
v -0.876774445 0.455801693 -0.000837138
v -0.879435733 0.432226458 0.012912786
v -0.885539590 0.409534405 0.026973344
v -0.893799876 0.387650694 0.041286751
v -0.901031684 0.365365279 0.055536988
v -0.910461210 0.344277725 0.070236587
v -0.922652506 0.325081259 0.085559906
v -0.933705340 0.305479595 0.101202711
v -0.939726936 0.283465088 0.116250439
v -0.941360239 0.259930056 0.130224793
v -0.941526268 0.236130208 0.143823847
v -0.936377665 0.211643012 0.154870374
v -0.927471908 0.187206535 0.163541256
v -0.918901285 0.162725687 0.172406906
v -0.913953965 0.138340777 0.183856849
v -0.909397405 0.114140591 0.195922500
v -0.904643394 0.090158542 0.208288645
v -0.903794802 0.067574407 0.223762235
v -0.903136021 0.045624856 0.240166784
v -0.897391898 0.022705490 0.253840180
v -0.887148063 -0.000486696 0.264285507
v -0.875740040 -0.023393336 0.274120388
v -0.860667223 -0.045477854 0.279784372
v -0.843056617 -0.066405841 0.281696857
v -0.825956729 -0.087554692 0.284933325
v -0.810968926 -0.109243894 0.292430731
v -0.795599750 -0.130552421 0.300284083
v -0.782224332 -0.151278710 0.312157240
v -0.769352757 -0.171121232 0.326026465
v -0.753041110 -0.190555120 0.336147119
v -0.733762292 -0.209252028 0.341673612
v -0.713511738 -0.227207319 0.345894251
v -0.691628481 -0.243491789 0.343803318
v -0.669347688 -0.258931656 0.339707215
v -0.647224447 -0.274981615 0.340843102
v -0.624880846 -0.290594416 0.343831151
v -0.603160381 -0.305335601 0.351507222
v -0.581318025 -0.318804693 0.361129713
v -0.557323357 -0.331487391 0.364247022
v -0.532573992 -0.343293592 0.364429177
v -0.508260730 -0.354056052 0.358369631
v -0.484410548 -0.364132873 0.349441883
v -0.458838930 -0.373703054 0.347305093
v -0.432798665 -0.382137016 0.346737948
v -0.406648612 -0.388338508 0.352082247
v -0.379956418 -0.393732671 0.353413917
v -0.353349728 -0.398933415 0.349318378
v -0.328774859 -0.404562758 0.338744789
v -0.303841997 -0.409400577 0.328731534
v -0.277026433 -0.411913791 0.323577405
v -0.249786755 -0.411148145 0.323600063
v -0.222695571 -0.409134498 0.322178138
v -0.196311836 -0.408220504 0.314781371
v -0.172504247 -0.409690089 0.301373044
v -0.147408309 -0.408582381 0.290825603
v -0.121345862 -0.403332354 0.284705441
v -0.095743313 -0.394105872 0.281864262
v -0.070807004 -0.387726133 0.272430298
v -0.047723497 -0.385064814 0.258078231
v -0.024048363 -0.379056440 0.246030279
v -0.000842646 -0.366912915 0.238708061
v 0.021422731 -0.353437946 0.230743466
v 0.043534408 -0.344409941 0.217623629
v 0.065158843 -0.337177396 0.202903722
v 0.085479169 -0.322416789 0.192303157
v 0.103428864 -0.304030168 0.183217861
v 0.123162680 -0.291632942 0.169073722
v 0.142781997 -0.280053497 0.154299767
v 0.158387883 -0.261017351 0.142793054
v 0.172275553 -0.240811065 0.130979952
v 0.190175279 -0.227053384 0.115733075
v 0.205509280 -0.209538865 0.101539907
v 0.213384351 -0.186211967 0.089802463
v 0.225884617 -0.166720943 0.075239611
v 0.240925331 -0.149705599 0.060285514
v 0.246844384 -0.126894278 0.046851183
v 0.252508717 -0.104312762 0.032666013
v 0.264974972 -0.084897501 0.018072989
v 0.270157994 -0.062310580 0.003748981
v 0.269060975 -0.039138764 -0.010560387
v 0.276133057 -0.017059879 -0.024741996
v 0.280497982 0.005818091 -0.038713543
v 0.274707464 0.027977339 -0.053535272
v 0.274824534 0.051230653 -0.067864476
v 0.277864438 0.075062284 -0.080552632
v 0.271323289 0.096985431 -0.095175611
v 0.263402086 0.118344328 -0.110094084
v 0.262455628 0.143016084 -0.121664835
v 0.256086813 0.166227977 -0.134564535
v 0.242538992 0.183998480 -0.150265821
v 0.233160941 0.206111546 -0.163411315
v 0.226962974 0.231114279 -0.172565021
v 0.214025391 0.251337110 -0.185575333
v 0.197781046 0.266935663 -0.201053675
v 0.184124580 0.287671891 -0.212534223
v 0.172257900 0.311309393 -0.219259121
v 0.155530387 0.329777995 -0.230626401
v 0.136591452 0.342143154 -0.246083355
v 0.118266152 0.359172162 -0.257224581
v 0.101126580 0.379930676 -0.261953271
v 0.081477007 0.397286679 -0.269481909
v 0.060425266 0.410374962 -0.280778700
v 0.039091001 0.420225831 -0.294752019
v 0.016883577 0.433962156 -0.303087298
v -0.005190752 0.450063340 -0.304447271
v -0.028689555 0.463258905 -0.308546854
v -0.052917903 0.473463633 -0.316104508
v -0.075963108 0.479378002 -0.329703797
v -0.100817742 0.487790924 -0.337280192
v -0.126423977 0.496606753 -0.340998519
v -0.151985870 0.505908169 -0.337651098
v -0.178431415 0.512614030 -0.338696959
v -0.205054762 0.517395064 -0.342951294
v -0.230293915 0.520008825 -0.353292779
v -0.256496297 0.522630685 -0.360430045
v -0.283737736 0.525137583 -0.362329298
v -0.310854144 0.526844325 -0.359904759
v -0.337118117 0.527347433 -0.352053976
v -0.364246019 0.526417680 -0.348915730
v -0.391589920 0.524457996 -0.348311060
v -0.418439178 0.522118536 -0.352993900
v -0.444980396 0.519449685 -0.359261696
v -0.472000029 0.515351108 -0.359028817
v -0.498757640 0.510067378 -0.356183299
v -0.523952229 0.503143289 -0.348412880
v -0.546682583 0.494394816 -0.335825505
v -0.570899741 0.485099331 -0.327273717
v -0.596066168 0.475576524 -0.321987276
v -0.621189105 0.465599201 -0.317622370
v -0.647144464 0.456825845 -0.318299864
v -0.672946315 0.447628164 -0.318705857
v -0.697072037 0.435914557 -0.313448256
v -0.719796109 0.422712219 -0.305618443
v -0.740193398 0.408011156 -0.294921810
v -0.756207023 0.391496060 -0.280029254
v -0.771562908 0.374178046 -0.265345982
v -0.789859180 0.357093775 -0.254257409
v -0.808596515 0.339790098 -0.244183560
v -0.827304532 0.322231050 -0.234567715
v -0.848671817 0.306180250 -0.228506952
v -0.870445501 0.290416608 -0.223110379
v -0.889507043 0.272745898 -0.214621718
v -0.904369264 0.253073708 -0.202639764
v -0.917872201 0.232808379 -0.190047940
v -0.926533097 0.211539777 -0.175235149
v -0.930333438 0.189787992 -0.158998247
v -0.933712584 0.167660841 -0.143171720
v -0.940811619 0.145322838 -0.129020199
v -0.949083403 0.122915191 -0.115549756
v -0.956614722 0.100295870 -0.102001023
v -0.968206352 0.078555476 -0.090067367
v -0.981954570 0.057609107 -0.078921637
v -0.992709243 0.035797584 -0.066404309
v -0.996823971 0.012886906 -0.052016753
v -0.998673477 -0.010175915 -0.037297382
v -0.998547172 -0.033207555 -0.022483608
v -0.992263718 -0.055467040 -0.007869112
v -0.982231846 -0.076862096 0.006038581
v -0.972760369 -0.098614055 0.019770724
v -0.967447903 -0.121438834 0.033965308
v -0.962581950 -0.144337363 0.048247511
v -0.958343518 -0.167216790 0.062703196
v -0.958313583 -0.190083437 0.077820961
v -0.958710323 -0.212663852 0.093369077
v -0.954917148 -0.234947713 0.108786315
v -0.945142245 -0.256221645 0.123016580
v -0.933757118 -0.276967092 0.136872832
v -0.919954194 -0.296743420 0.149773326
v -0.900592043 -0.313624917 0.159225279
v -0.879621100 -0.329362340 0.167258699
v -0.861132384 -0.346789618 0.177394615
v -0.845115053 -0.365403976 0.189598724
v -0.828307140 -0.383458747 0.201578593
v -0.813879306 -0.402034977 0.215577011
v -0.801849007 -0.420742228 0.231615945
v -0.787797369 -0.438460451 0.247057015
v -0.768639456 -0.453946658 0.258931374
v -0.747465220 -0.468062398 0.269148500
v -0.724353355 -0.480413133 0.276901243
v -0.698780909 -0.489813638 0.279766670
v -0.672922029 -0.498637941 0.281995281
v -0.648457047 -0.509145950 0.288320199
v -0.624411840 -0.519728661 0.296182631
v -0.600510512 -0.529889740 0.304871319
v -0.578957390 -0.540554360 0.318019170
v -0.556900678 -0.550088181 0.331168845
v -0.531674067 -0.557126937 0.338961585
v -0.505304641 -0.562598728 0.344129892
v -0.478226965 -0.566124901 0.344696727
v -0.451189973 -0.567938254 0.340509477
v -0.423951787 -0.569997512 0.339267854
v -0.396788078 -0.572204692 0.342304745
v -0.369775728 -0.573621532 0.346439474
v -0.344376502 -0.574578370 0.356686420
v -0.318059698 -0.573846527 0.363803903
v -0.290741419 -0.571587698 0.364419192
v -0.263680451 -0.568399699 0.362322112
v -0.237912553 -0.564841948 0.353686778
v -0.211564736 -0.560469689 0.347980360
v -0.184773677 -0.554798255 0.346554632
v -0.158673583 -0.547448409 0.349883532
v -0.133233874 -0.538444977 0.354450604
v -0.107565629 -0.529333136 0.351572251
v -0.082571929 -0.520088149 0.345529047
v -0.059175678 -0.512465524 0.333439848
v -0.034984375 -0.502029234 0.326267268
v -0.011178242 -0.489089663 0.322718922
v 0.010989163 -0.473032762 0.324137222
v 0.033280427 -0.458172550 0.318691354
v 0.054911358 -0.444814382 0.308882772
v 0.075749984 -0.433856441 0.294985572
v 0.096273579 -0.417586171 0.286874460
v 0.114358440 -0.397445723 0.283485849
v 0.131848139 -0.377475628 0.277423738
v 0.149943001 -0.360754227 0.265718980
v 0.168085940 -0.346385321 0.251235295
v 0.183947575 -0.326397492 0.241245059
v 0.195368839 -0.302129021 0.235781984
v 0.208480978 -0.280645208 0.225051047
v 0.224051735 -0.264257642 0.209666866
v 0.236461404 -0.243421357 0.197106448
v 0.242568957 -0.218231194 0.188859810
v 0.250630851 -0.195011466 0.176918360
v 0.262996336 -0.176262830 0.161356856
v 0.270501006 -0.153614324 0.148072314
v 0.270225292 -0.128209865 0.137922422
v 0.275022702 -0.105214618 0.123896849
v 0.283418190 -0.084401951 0.108582030
v 0.282455521 -0.060454200 0.095751923
v 0.278856595 -0.036783192 0.082811071
v 0.283102473 -0.014540026 0.067761045
v 0.282267004 0.008614623 0.053398153
v 0.272356368 0.030435393 0.040239409
v 0.269825069 0.053229822 0.025472595
v 0.267972956 0.076143815 0.011083703
v 0.255743393 0.095816945 -0.002959943
v 0.246163851 0.116737438 -0.017695505
v 0.242224207 0.140051595 -0.031353011
v 0.228931324 0.158810049 -0.045841836
v 0.213790703 0.175866366 -0.060706465
v 0.204481369 0.197854913 -0.073796251
v 0.191033838 0.217261334 -0.087395423
v 0.171932310 0.229347546 -0.102794299
v 0.156269242 0.247129538 -0.116400997
v 0.141948735 0.267221564 -0.127665286
v 0.122404109 0.279429484 -0.142059973
v 0.102084917 0.289796498 -0.156917852
v 0.083741944 0.306911347 -0.167476296
v 0.063489124 0.321313162 -0.178570565
v 0.041638481 0.328049377 -0.193242766
v 0.019404089 0.335693843 -0.207034752
v -0.002823052 0.348983786 -0.215451512
v -0.026243813 0.359339604 -0.224672796
v -0.049518492 0.363060243 -0.238120701
v -0.072848051 0.365562478 -0.251842426
v -0.097861158 0.371984200 -0.260692567
v -0.123604880 0.380223733 -0.264837206
v -0.149248860 0.382679849 -0.274170832
v -0.172353497 0.380034945 -0.288606646
v -0.197580292 0.379496955 -0.299032419
v -0.224189429 0.380291962 -0.305005130
v -0.251515843 0.382003823 -0.305566203
v -0.278073146 0.379361055 -0.311758545
v -0.302406414 0.373736946 -0.322696573
v -0.326256339 0.367173453 -0.334270121
v -0.352464250 0.361472733 -0.339972484
v -0.379153861 0.356158859 -0.339660495
v -0.405577740 0.349812843 -0.336961111
v -0.431224480 0.340715866 -0.340328014
v -0.455598438 0.330339248 -0.346878079
v -0.478330737 0.319196682 -0.357388916
v -0.502720778 0.307542495 -0.361429559
v -0.527126751 0.295160414 -0.361945042
v -0.550401466 0.282451929 -0.355116882
v -0.573082475 0.268334784 -0.349277830
v -0.595717437 0.252872128 -0.348593521
v -0.617799080 0.236718857 -0.349177284
v -0.639215733 0.220836313 -0.355520804
v -0.660475488 0.204193068 -0.359891216
v -0.680995990 0.186153151 -0.357711864
v -0.700362226 0.167380529 -0.353153482
v -0.716594137 0.148240752 -0.342198958
v -0.731637112 0.128326033 -0.330881233
v -0.748178245 0.107377463 -0.324718708
v -0.764294474 0.085898680 -0.319158027
v -0.781223024 0.064533741 -0.317298588
v -0.799094492 0.043831819 -0.319289239
v -0.815223532 0.021916689 -0.317122769
v -0.828343688 -0.000978350 -0.309683398
v -0.840285942 -0.024220342 -0.301393966
v -0.848038532 -0.047168466 -0.288729398
v -0.852155252 -0.069541257 -0.273422364
v -0.856741854 -0.092780670 -0.259672874
v -0.863947215 -0.117166263 -0.249423850
v -0.870616741 -0.141766119 -0.239307568
v -0.879627075 -0.166595408 -0.232114990
v -0.890425650 -0.191291389 -0.227059464
v -0.899309352 -0.216242542 -0.220119823
v -0.903170869 -0.240951538 -0.209002395
v -0.904899478 -0.265388684 -0.196680915
v -0.904598936 -0.289358819 -0.183483362
v -0.898198418 -0.310696475 -0.167618683
v -0.888872463 -0.330598201 -0.151220818
v -0.881542171 -0.352225455 -0.136149823
v -0.877333732 -0.375748721 -0.122700099
v -0.872248967 -0.399031610 -0.109134353
v -0.868728649 -0.422974676 -0.096330962
v -0.868657061 -0.447885229 -0.084878039
v -0.868174393 -0.472615043 -0.073070265
v -0.863221555 -0.495870468 -0.059590534
v -0.853526077 -0.516923473 -0.044952284
v -0.842528670 -0.537240617 -0.030190598
v -0.827448740 -0.554576003 -0.015387964
v -0.808481686 -0.568361215 -0.001198454
v -0.788779416 -0.581572978 0.012556772
v -0.771412815 -0.597404265 0.026614211
v -0.755799618 -0.614820830 0.040928470
v -0.739350875 -0.631505512 0.055178702
v -0.724933698 -0.649562356 0.069869384
v -0.713505079 -0.669228510 0.085184817
v -0.701221820 -0.688086236 0.100824609
v -0.684517800 -0.703622023 0.115886088
v -0.664399481 -0.715931615 0.129869651
v -0.643368842 -0.727061183 0.143480174
v -0.619302253 -0.733828097 0.154570368
v -0.593522338 -0.737198852 0.163266965
v -0.567839133 -0.740844377 0.172124581
v -0.543896579 -0.747650496 0.183549673
v -0.520324765 -0.754763233 0.195623293
v -0.496829945 -0.761567998 0.207969277
v -0.476362736 -0.771195278 0.223414466
v -0.456594131 -0.780745416 0.239826055
v -0.433655555 -0.786268645 0.253555083
v -0.408364224 -0.787883531 0.264024630
v -0.382786117 -0.788327142 0.273882098
v -0.356253608 -0.785169367 0.279621360
v -0.329566921 -0.779188332 0.281563607
v -0.302919334 -0.773721402 0.284760855
v -0.276760123 -0.770394915 0.292232711
v -0.250766586 -0.766568146 0.300083564
v -0.226181989 -0.764213474 0.311889080
v -0.202646722 -0.761952022 0.325773207
v -0.177908450 -0.756479926 0.335984670
v -0.152434677 -0.747996752 0.341541597
v -0.127168902 -0.738316043 0.345826191
v -0.102621247 -0.726408931 0.343825570
v -0.078662855 -0.713735362 0.339696047
v -0.054230483 -0.701480721 0.340764331
v -0.030077864 -0.688844311 0.343748337
v -0.006968268 -0.676343792 0.351333788
v 0.015047557 -0.663187728 0.360997968
v 0.037352177 -0.647756898 0.364234215
v 0.059236979 -0.631234191 0.364450202
v 0.080010127 -0.614590562 0.358533430
v 0.099926811 -0.598077556 0.349534303
v 0.120203147 -0.579802041 0.347343103
v 0.139701535 -0.560586816 0.346697466
v 0.157274569 -0.540247538 0.352015593
v 0.174344373 -0.519036071 0.353506395
v 0.191221486 -0.497812741 0.349445328
v 0.207541355 -0.478535249 0.339004544
v 0.223326226 -0.458691362 0.328875098
v 0.237922027 -0.436058084 0.323714566
v 0.249857064 -0.411569265 0.323590406
v 0.260508975 -0.386563040 0.322354673
v 0.271847996 -0.362701825 0.315015536
v 0.284096528 -0.342186044 0.301694011
v 0.294726650 -0.319485294 0.291028606
v 0.302147907 -0.293974693 0.284805175
v 0.305739571 -0.266984436 0.282047752
v 0.311532215 -0.241876276 0.272699703
v 0.319736176 -0.220084495 0.258442124
v 0.325408957 -0.196387552 0.246290936
v 0.325453117 -0.170227684 0.238853906
v 0.323647334 -0.144219082 0.231036149
v 0.325694082 -0.120350461 0.218021705
v 0.329387989 -0.097903056 0.203202997
v 0.325797311 -0.073069136 0.192512838
v 0.317626806 -0.048651864 0.183544921
v 0.315570524 -0.025384269 0.169473672
v 0.314503489 -0.002666937 0.154629899
v 0.304971784 0.019999341 0.143045214
v 0.293289775 0.041608795 0.131333529
v 0.289166547 0.063825517 0.116127819
v 0.280870515 0.085526706 0.101891841
v 0.263885393 0.103312955 0.090143194
v 0.252142287 0.123311129 0.075628960
v 0.244123071 0.144558904 0.060648073
v 0.226750491 0.160462754 0.047180883
v 0.209194509 0.175780098 0.033043361
v 0.197626285 0.195721864 0.018441526
v 0.180158013 0.210948219 0.004106849
v 0.159008064 0.220535779 -0.010181678
v 0.142557712 0.236844784 -0.024402960
v 0.124399156 0.251425477 -0.038347688
v 0.102102012 0.256613533 -0.053151196
v 0.081435438 0.267205650 -0.067533943
v 0.061754476 0.281034558 -0.080194441
v 0.039288592 0.285530668 -0.094782258
v 0.016687319 0.288168630 -0.109732808
v -0.005651489 0.298572154 -0.121379716
v -0.029169965 0.303796686 -0.134213493
v -0.051197938 0.300023131 -0.149888257
v -0.075105664 0.301723271 -0.163132624
v -0.100154802 0.307837204 -0.172258039
v -0.124133017 0.305821462 -0.185191620
v -0.145404960 0.298503281 -0.200723985
v -0.170008891 0.295726311 -0.212412645
v -0.196524124 0.296114592 -0.219181562
v -0.220754971 0.289992764 -0.230349862
v -0.240472220 0.278896553 -0.245788998
v -0.263928717 0.270386247 -0.257067136
v -0.290031709 0.264543955 -0.262152823
v -0.314668172 0.255403746 -0.269249767
v -0.336082611 0.242803663 -0.280436035
v -0.354567618 0.228375078 -0.294512401
v -0.376951123 0.214976057 -0.302936886
v -0.401392266 0.202785038 -0.304398842
v -0.423984638 0.188066111 -0.308375331
v -0.444266055 0.171282703 -0.315841738
v -0.460129018 0.153553938 -0.329445021
v -0.478991647 0.135370209 -0.337137823
v -0.498589823 0.116696021 -0.340965914
v -0.518633339 0.098300785 -0.337669377
v -0.536797720 0.077943169 -0.338607947
v -0.553494751 0.056493157 -0.342161682
v -0.567455147 0.035286316 -0.352345743
v -0.581580551 0.013397043 -0.360363789
v -0.596364382 -0.009619326 -0.362281306
v -0.610380397 -0.032912273 -0.360028578
v -0.622954384 -0.055982988 -0.352200971
v -0.634634224 -0.080464923 -0.348932134
v -0.645498402 -0.105634333 -0.348318508
v -0.655790185 -0.130563293 -0.352861327
v -0.665647726 -0.155332632 -0.359209601
v -0.674476462 -0.181193549 -0.359106124
v -0.682124016 -0.207375627 -0.356278174
v -0.687645278 -0.232963362 -0.348678995
v -0.690380172 -0.257172132 -0.336106638
v -0.693253729 -0.282909295 -0.327425036
v -0.696408081 -0.309634980 -0.322155415
v -0.699097946 -0.336523218 -0.317709549
v -0.703244512 -0.363606065 -0.318345139
v -0.706993497 -0.390741189 -0.318827367
v -0.707760920 -0.417567999 -0.313677333
v -0.706526186 -0.443824814 -0.305864349
v -0.702934181 -0.468748380 -0.295259679
v -0.695705833 -0.490616981 -0.280416238
v -0.687401226 -0.512200006 -0.265700492
v -0.680634709 -0.536271730 -0.254554941
v -0.673918896 -0.560881564 -0.244492929
v -0.666927070 -0.585557273 -0.234846620
v -0.662476867 -0.611896018 -0.228740212
v -0.658536944 -0.638495633 -0.223381836
v -0.651703119 -0.663605781 -0.214975213
v -0.641112034 -0.685882071 -0.203015844
v -0.629368148 -0.707227530 -0.190443905
v -0.614542990 -0.724802182 -0.175676572
v -0.597014361 -0.738236122 -0.159445081
v -0.578924705 -0.751398069 -0.143600114
v -0.562335453 -0.767931618 -0.129421161
v -0.546267806 -0.785609831 -0.115956852
v -0.529658188 -0.802710764 -0.102406720
v -0.515641042 -0.822952050 -0.090445813
v -0.503376936 -0.844805742 -0.079310332
v -0.489031540 -0.864470141 -0.066833503
v -0.470636272 -0.878747296 -0.052464830
v -0.451027279 -0.891030213 -0.037747740
v -0.430557053 -0.901596944 -0.022936098
v -0.407932983 -0.906363999 -0.008307275
v -0.384330438 -0.907331893 0.005613404
v -0.360659509 -0.908914019 0.019347250
v -0.337936470 -0.914648466 0.033535886
v -0.315377918 -0.920898924 0.047820394
v -0.293089572 -0.927613868 0.062265676
v -0.272758687 -0.938095286 0.077372773
v -0.252906733 -0.948871797 0.092914601
v -0.231416950 -0.955859415 0.108339911
v -0.208051499 -0.957054422 0.122590126
v -0.184397145 -0.956523860 0.136452892
v -0.160509931 -0.953678501 0.149505477
v -0.136517767 -0.945145585 0.159548371
v -0.112822522 -0.934154488 0.167899236
v -0.088910084 -0.924698136 0.177343105
v -0.064988094 -0.918635711 0.189286482
v -0.041220370 -0.912033469 0.201265888
v -0.018074238 -0.907736244 0.215229196
v 0.004078363 -0.905676165 0.231258817
v 0.026270092 -0.901418921 0.246725633
v 0.048838108 -0.891620347 0.258657255
v 0.071121655 -0.879339425 0.268885495
v 0.092903951 -0.865321348 0.277698173
v 0.113058534 -0.847078792 0.280797931
v 0.132463917 -0.827760411 0.282171198
v 0.152937293 -0.810605096 0.288008772
v 0.173417685 -0.794161339 0.295891457
v 0.193453029 -0.777571856 0.304475915
v 0.212865928 -0.763327987 0.317566288
v 0.231502821 -0.748231209 0.330804244
v 0.249393875 -0.729171953 0.338752740
v 0.266407264 -0.708300065 0.343939911
v 0.282058741 -0.685936515 0.344719871
v 0.296136413 -0.662775133 0.340583438
v 0.310479967 -0.639535131 0.339169415
v 0.324962991 -0.616447511 0.342194430
v 0.338683494 -0.593097579 0.346175560
v 0.351267165 -0.570991225 0.356369691
v 0.362755688 -0.547369310 0.363730158
v 0.373357139 -0.522093974 0.364412169
v 0.383010047 -0.496592739 0.362496803
v 0.391733720 -0.472058609 0.353955314
v 0.400001810 -0.446706490 0.348026427
v 0.407333608 -0.420321607 0.346587235
v 0.412899661 -0.393762300 0.349717188
v 0.416633177 -0.367058740 0.354472958
v 0.420370636 -0.340069752 0.351722154
v 0.423653882 -0.313570427 0.345875850
v 0.427664940 -0.289277184 0.333823119
v 0.429624131 -0.263063500 0.326464697
v 0.429209679 -0.235982346 0.322729559
v 0.425200231 -0.208906655 0.324197503
v 0.422224729 -0.182252017 0.318968443
v 0.420219874 -0.156807432 0.309386800
v 0.420195307 -0.133323267 0.295353636
v 0.415275057 -0.107621228 0.287188786
v 0.405917016 -0.082268733 0.283588752
v 0.396116124 -0.057538337 0.277792908
v 0.389438952 -0.033709474 0.266284624
v 0.385226742 -0.011026818 0.251648277
v 0.374926901 0.012284998 0.241562951
v 0.358732609 0.033648959 0.236074731
v 0.345553662 0.055167916 0.225524466
v 0.338029056 0.076537005 0.210243505
v 0.325477219 0.097190304 0.197563863
v 0.306148131 0.114353941 0.189178929
v 0.289075881 0.132121380 0.177416924
v 0.277942432 0.151670320 0.161948313
v 0.261613607 0.168939847 0.148520465
v 0.238949658 0.180438442 0.138400030
v 0.220420620 0.195062195 0.124523313
v 0.206023102 0.212352211 0.109063427
v 0.184471579 0.222782026 0.096149116
v 0.161681290 0.230304827 0.083316775
v 0.143753300 0.244144098 0.068287968
v 0.122998548 0.254330989 0.053890210
v 0.099069853 0.255635414 0.040748499
v 0.077559566 0.263633247 0.025983395
v 0.056483422 0.272812815 0.011587734
v 0.033342181 0.271795829 -0.002525523
v 0.010349664 0.272119848 -0.017217947
v -0.012140775 0.279456783 -0.030885044
v -0.035092087 0.277109302 -0.045318543
v -0.056956823 0.270817190 -0.060177375
v -0.080720340 0.272463264 -0.073357455
v -0.104220131 0.269843826 -0.086868847
v -0.123748847 0.258456694 -0.102262016
v -0.146627543 0.252496242 -0.116000593
v -0.171151895 0.249295388 -0.127180180
v -0.191197760 0.237782658 -0.141487406
v -0.209573363 0.224365631 -0.156433279
v -0.233081739 0.215824422 -0.167157449
v -0.255344997 0.204691245 -0.178123193
v -0.271622798 0.188528426 -0.192669111
v -0.288442016 0.172230179 -0.206593023
v -0.310330849 0.158531745 -0.215211378
v -0.330485481 0.142662974 -0.224274471
v -0.344762339 0.123774683 -0.237552074
v -0.357504460 0.104199608 -0.251454616
v -0.374610673 0.084922753 -0.260491272
v -0.393888137 0.065937604 -0.264554635
v -0.408013957 0.044339343 -0.273765917
v -0.416395100 0.022606871 -0.288124061
v -0.427412232 0.000000000 -0.298726471
l 3602 3603
l 3603 3604
l 3604 3605
l 3605 3606
l 3606 3607
l 3607 3608
l 3608 3609
l 3609 3610
l 3610 3611
l 3611 3612
l 3612 3613
l 3613 3614
l 3614 3615
l 3615 3616
l 3616 3617
l 3617 3618
l 3618 3619
l 3619 3620
l 3620 3621
l 3621 3622
l 3622 3623
l 3623 3624
l 3624 3625
l 3625 3626
l 3626 3627
l 3627 3628
l 3628 3629
l 3629 3630
l 3630 3631
l 3631 3632
l 3632 3633
l 3633 3634
l 3634 3635
l 3635 3636
l 3636 3637
l 3637 3638
l 3638 3639
l 3639 3640
l 3640 3641
l 3641 3642
l 3642 3643
l 3643 3644
l 3644 3645
l 3645 3646
l 3646 3647
l 3647 3648
l 3648 3649
l 3649 3650
l 3650 3651
l 3651 3652
l 3652 3653
l 3653 3654
l 3654 3655
l 3655 3656
l 3656 3657
l 3657 3658
l 3658 3659
l 3659 3660
l 3660 3661
l 3661 3662
l 3662 3663
l 3663 3664
l 3664 3665
l 3665 3666
l 3666 3667
l 3667 3668
l 3668 3669
l 3669 3670
l 3670 3671
l 3671 3672
l 3672 3673
l 3673 3674
l 3674 3675
l 3675 3676
l 3676 3677
l 3677 3678
l 3678 3679
l 3679 3680
l 3680 3681
l 3681 3682
l 3682 3683
l 3683 3684
l 3684 3685
l 3685 3686
l 3686 3687
l 3687 3688
l 3688 3689
l 3689 3690
l 3690 3691
l 3691 3692
l 3692 3693
l 3693 3694
l 3694 3695
l 3695 3696
l 3696 3697
l 3697 3698
l 3698 3699
l 3699 3700
l 3700 3701
l 3701 3702
l 3702 3703
l 3703 3704
l 3704 3705
l 3705 3706
l 3706 3707
l 3707 3708
l 3708 3709
l 3709 3710
l 3710 3711
l 3711 3712
l 3712 3713
l 3713 3714
l 3714 3715
l 3715 3716
l 3716 3717
l 3717 3718
l 3718 3719
l 3719 3720
l 3720 3721
l 3721 3722
l 3722 3723
l 3723 3724
l 3724 3725
l 3725 3726
l 3726 3727
l 3727 3728
l 3728 3729
l 3729 3730
l 3730 3731
l 3731 3732
l 3732 3733
l 3733 3734
l 3734 3735
l 3735 3736
l 3736 3737
l 3737 3738
l 3738 3739
l 3739 3740
l 3740 3741
l 3741 3742
l 3742 3743
l 3743 3744
l 3744 3745
l 3745 3746
l 3746 3747
l 3747 3748
l 3748 3749
l 3749 3750
l 3750 3751
l 3751 3752
l 3752 3753
l 3753 3754
l 3754 3755
l 3755 3756
l 3756 3757
l 3757 3758
l 3758 3759
l 3759 3760
l 3760 3761
l 3761 3762
l 3762 3763
l 3763 3764
l 3764 3765
l 3765 3766
l 3766 3767
l 3767 3768
l 3768 3769
l 3769 3770
l 3770 3771
l 3771 3772
l 3772 3773
l 3773 3774
l 3774 3775
l 3775 3776
l 3776 3777
l 3777 3778
l 3778 3779
l 3779 3780
l 3780 3781
l 3781 3782
l 3782 3783
l 3783 3784
l 3784 3785
l 3785 3786
l 3786 3787
l 3787 3788
l 3788 3789
l 3789 3790
l 3790 3791
l 3791 3792
l 3792 3793
l 3793 3794
l 3794 3795
l 3795 3796
l 3796 3797
l 3797 3798
l 3798 3799
l 3799 3800
l 3800 3801
l 3801 3802
l 3802 3803
l 3803 3804
l 3804 3805
l 3805 3806
l 3806 3807
l 3807 3808
l 3808 3809
l 3809 3810
l 3810 3811
l 3811 3812
l 3812 3813
l 3813 3814
l 3814 3815
l 3815 3816
l 3816 3817
l 3817 3818
l 3818 3819
l 3819 3820
l 3820 3821
l 3821 3822
l 3822 3823
l 3823 3824
l 3824 3825
l 3825 3826
l 3826 3827
l 3827 3828
l 3828 3829
l 3829 3830
l 3830 3831
l 3831 3832
l 3832 3833
l 3833 3834
l 3834 3835
l 3835 3836
l 3836 3837
l 3837 3838
l 3838 3839
l 3839 3840
l 3840 3841
l 3841 3842
l 3842 3843
l 3843 3844
l 3844 3845
l 3845 3846
l 3846 3847
l 3847 3848
l 3848 3849
l 3849 3850
l 3850 3851
l 3851 3852
l 3852 3853
l 3853 3854
l 3854 3855
l 3855 3856
l 3856 3857
l 3857 3858
l 3858 3859
l 3859 3860
l 3860 3861
l 3861 3862
l 3862 3863
l 3863 3864
l 3864 3865
l 3865 3866
l 3866 3867
l 3867 3868
l 3868 3869
l 3869 3870
l 3870 3871
l 3871 3872
l 3872 3873
l 3873 3874
l 3874 3875
l 3875 3876
l 3876 3877
l 3877 3878
l 3878 3879
l 3879 3880
l 3880 3881
l 3881 3882
l 3882 3883
l 3883 3884
l 3884 3885
l 3885 3886
l 3886 3887
l 3887 3888
l 3888 3889
l 3889 3890
l 3890 3891
l 3891 3892
l 3892 3893
l 3893 3894
l 3894 3895
l 3895 3896
l 3896 3897
l 3897 3898
l 3898 3899
l 3899 3900
l 3900 3901
l 3901 3902
l 3902 3903
l 3903 3904
l 3904 3905
l 3905 3906
l 3906 3907
l 3907 3908
l 3908 3909
l 3909 3910
l 3910 3911
l 3911 3912
l 3912 3913
l 3913 3914
l 3914 3915
l 3915 3916
l 3916 3917
l 3917 3918
l 3918 3919
l 3919 3920
l 3920 3921
l 3921 3922
l 3922 3923
l 3923 3924
l 3924 3925
l 3925 3926
l 3926 3927
l 3927 3928
l 3928 3929
l 3929 3930
l 3930 3931
l 3931 3932
l 3932 3933
l 3933 3934
l 3934 3935
l 3935 3936
l 3936 3937
l 3937 3938
l 3938 3939
l 3939 3940
l 3940 3941
l 3941 3942
l 3942 3943
l 3943 3944
l 3944 3945
l 3945 3946
l 3946 3947
l 3947 3948
l 3948 3949
l 3949 3950
l 3950 3951
l 3951 3952
l 3952 3953
l 3953 3954
l 3954 3955
l 3955 3956
l 3956 3957
l 3957 3958
l 3958 3959
l 3959 3960
l 3960 3961
l 3961 3962
l 3962 3963
l 3963 3964
l 3964 3965
l 3965 3966
l 3966 3967
l 3967 3968
l 3968 3969
l 3969 3970
l 3970 3971
l 3971 3972
l 3972 3973
l 3973 3974
l 3974 3975
l 3975 3976
l 3976 3977
l 3977 3978
l 3978 3979
l 3979 3980
l 3980 3981
l 3981 3982
l 3982 3983
l 3983 3984
l 3984 3985
l 3985 3986
l 3986 3987
l 3987 3988
l 3988 3989
l 3989 3990
l 3990 3991
l 3991 3992
l 3992 3993
l 3993 3994
l 3994 3995
l 3995 3996
l 3996 3997
l 3997 3998
l 3998 3999
l 3999 4000
l 4000 4001
l 4001 4002
l 4002 4003
l 4003 4004
l 4004 4005
l 4005 4006
l 4006 4007
l 4007 4008
l 4008 4009
l 4009 4010
l 4010 4011
l 4011 4012
l 4012 4013
l 4013 4014
l 4014 4015
l 4015 4016
l 4016 4017
l 4017 4018
l 4018 4019
l 4019 4020
l 4020 4021
l 4021 4022
l 4022 4023
l 4023 4024
l 4024 4025
l 4025 4026
l 4026 4027
l 4027 4028
l 4028 4029
l 4029 4030
l 4030 4031
l 4031 4032
l 4032 4033
l 4033 4034
l 4034 4035
l 4035 4036
l 4036 4037
l 4037 4038
l 4038 4039
l 4039 4040
l 4040 4041
l 4041 4042
l 4042 4043
l 4043 4044
l 4044 4045
l 4045 4046
l 4046 4047
l 4047 4048
l 4048 4049
l 4049 4050
l 4050 4051
l 4051 4052
l 4052 4053
l 4053 4054
l 4054 4055
l 4055 4056
l 4056 4057
l 4057 4058
l 4058 4059
l 4059 4060
l 4060 4061
l 4061 4062
l 4062 4063
l 4063 4064
l 4064 4065
l 4065 4066
l 4066 4067
l 4067 4068
l 4068 4069
l 4069 4070
l 4070 4071
l 4071 4072
l 4072 4073
l 4073 4074
l 4074 4075
l 4075 4076
l 4076 4077
l 4077 4078
l 4078 4079
l 4079 4080
l 4080 4081
l 4081 4082
l 4082 4083
l 4083 4084
l 4084 4085
l 4085 4086
l 4086 4087
l 4087 4088
l 4088 4089
l 4089 4090
l 4090 4091
l 4091 4092
l 4092 4093
l 4093 4094
l 4094 4095
l 4095 4096
l 4096 4097
l 4097 4098
l 4098 4099
l 4099 4100
l 4100 4101
l 4101 4102
l 4102 4103
l 4103 4104
l 4104 4105
l 4105 4106
l 4106 4107
l 4107 4108
l 4108 4109
l 4109 4110
l 4110 4111
l 4111 4112
l 4112 4113
l 4113 4114
l 4114 4115
l 4115 4116
l 4116 4117
l 4117 4118
l 4118 4119
l 4119 4120
l 4120 4121
l 4121 4122
l 4122 4123
l 4123 4124
l 4124 4125
l 4125 4126
l 4126 4127
l 4127 4128
l 4128 4129
l 4129 4130
l 4130 4131
l 4131 4132
l 4132 4133
l 4133 4134
l 4134 4135
l 4135 4136
l 4136 4137
l 4137 4138
l 4138 4139
l 4139 4140
l 4140 4141
l 4141 4142
l 4142 4143
l 4143 4144
l 4144 4145
l 4145 4146
l 4146 4147
l 4147 4148
l 4148 4149
l 4149 4150
l 4150 4151
l 4151 4152
l 4152 4153
l 4153 4154
l 4154 4155
l 4155 4156
l 4156 4157
l 4157 4158
l 4158 4159
l 4159 4160
l 4160 4161
l 4161 4162
l 4162 4163
l 4163 4164
l 4164 4165
l 4165 4166
l 4166 4167
l 4167 4168
l 4168 4169
l 4169 4170
l 4170 4171
l 4171 4172
l 4172 4173
l 4173 4174
l 4174 4175
l 4175 4176
l 4176 4177
l 4177 4178
l 4178 4179
l 4179 4180
l 4180 4181
l 4181 4182
l 4182 4183
l 4183 4184
l 4184 4185
l 4185 4186
l 4186 4187
l 4187 4188
l 4188 4189
l 4189 4190
l 4190 4191
l 4191 4192
l 4192 4193
l 4193 4194
l 4194 4195
l 4195 4196
l 4196 4197
l 4197 4198
l 4198 4199
l 4199 4200
l 4200 4201
l 4201 4202
l 4202 4203
l 4203 4204
l 4204 4205
l 4205 4206
l 4206 4207
l 4207 4208
l 4208 4209
l 4209 4210
l 4210 4211
l 4211 4212
l 4212 4213
l 4213 4214
l 4214 4215
l 4215 4216
l 4216 4217
l 4217 4218
l 4218 4219
l 4219 4220
l 4220 4221
l 4221 4222
l 4222 4223
l 4223 4224
l 4224 4225
l 4225 4226
l 4226 4227
l 4227 4228
l 4228 4229
l 4229 4230
l 4230 4231
l 4231 4232
l 4232 4233
l 4233 4234
l 4234 4235
l 4235 4236
l 4236 4237
l 4237 4238
l 4238 4239
l 4239 4240
l 4240 4241
l 4241 4242
l 4242 4243
l 4243 4244
l 4244 4245
l 4245 4246
l 4246 4247
l 4247 4248
l 4248 4249
l 4249 4250
l 4250 4251
l 4251 4252
l 4252 4253
l 4253 4254
l 4254 4255
l 4255 4256
l 4256 4257
l 4257 4258
l 4258 4259
l 4259 4260
l 4260 4261
l 4261 4262
l 4262 4263
l 4263 4264
l 4264 4265
l 4265 4266
l 4266 4267
l 4267 4268
l 4268 4269
l 4269 4270
l 4270 4271
l 4271 4272
l 4272 4273
l 4273 4274
l 4274 4275
l 4275 4276
l 4276 4277
l 4277 4278
l 4278 4279
l 4279 4280
l 4280 4281
l 4281 4282
l 4282 4283
l 4283 4284
l 4284 4285
l 4285 4286
l 4286 4287
l 4287 4288
l 4288 4289
l 4289 4290
l 4290 4291
l 4291 4292
l 4292 4293
l 4293 4294
l 4294 4295
l 4295 4296
l 4296 4297
l 4297 4298
l 4298 4299
l 4299 4300
l 4300 4301
l 4301 4302
l 4302 4303
l 4303 4304
l 4304 4305
l 4305 4306
l 4306 4307
l 4307 4308
l 4308 4309
l 4309 4310
l 4310 4311
l 4311 4312
l 4312 4313
l 4313 4314
l 4314 4315
l 4315 4316
l 4316 4317
l 4317 4318
l 4318 4319
l 4319 4320
l 4320 4321
l 4321 4322
l 4322 4323
l 4323 4324
l 4324 4325
l 4325 4326
l 4326 4327
l 4327 4328
l 4328 4329
l 4329 4330
l 4330 4331
l 4331 4332
l 4332 4333
l 4333 4334
l 4334 4335
l 4335 4336
l 4336 4337
l 4337 4338
l 4338 4339
l 4339 4340
l 4340 4341
l 4341 4342
l 4342 4343
l 4343 4344
l 4344 4345
l 4345 4346
l 4346 4347
l 4347 4348
l 4348 4349
l 4349 4350
l 4350 4351
l 4351 4352
l 4352 4353
l 4353 4354
l 4354 4355
l 4355 4356
l 4356 4357
l 4357 4358
l 4358 4359
l 4359 4360
l 4360 4361
l 4361 4362
l 4362 4363
l 4363 4364
l 4364 4365
l 4365 4366
l 4366 4367
l 4367 4368
l 4368 4369
l 4369 4370
l 4370 4371
l 4371 4372
l 4372 4373
l 4373 4374
l 4374 4375
l 4375 4376
l 4376 4377
l 4377 4378
l 4378 4379
l 4379 4380
l 4380 4381
l 4381 4382
l 4382 4383
l 4383 4384
l 4384 4385
l 4385 4386
l 4386 4387
l 4387 4388
l 4388 4389
l 4389 4390
l 4390 4391
l 4391 4392
l 4392 4393
l 4393 4394
l 4394 4395
l 4395 4396
l 4396 4397
l 4397 4398
l 4398 4399
l 4399 4400
l 4400 4401
l 4401 4402
l 4402 4403
l 4403 4404
l 4404 4405
l 4405 4406
l 4406 4407
l 4407 4408
l 4408 4409
l 4409 4410
l 4410 4411
l 4411 4412
l 4412 4413
l 4413 4414
l 4414 4415
l 4415 4416
l 4416 4417
l 4417 4418
l 4418 4419
l 4419 4420
l 4420 4421
l 4421 4422
l 4422 4423
l 4423 4424
l 4424 4425
l 4425 4426
l 4426 4427
l 4427 4428
l 4428 4429
l 4429 4430
l 4430 4431
l 4431 4432
l 4432 4433
l 4433 4434
l 4434 4435
l 4435 4436
l 4436 4437
l 4437 4438
l 4438 4439
l 4439 4440
l 4440 4441
l 4441 4442
l 4442 4443
l 4443 4444
l 4444 4445
l 4445 4446
l 4446 4447
l 4447 4448
l 4448 4449
l 4449 4450
l 4450 4451
l 4451 4452
l 4452 4453
l 4453 4454
l 4454 4455
l 4455 4456
l 4456 4457
l 4457 4458
l 4458 4459
l 4459 4460
l 4460 4461
l 4461 4462
l 4462 4463
l 4463 4464
l 4464 4465
l 4465 4466
l 4466 4467
l 4467 4468
l 4468 4469
l 4469 4470
l 4470 4471
l 4471 4472
l 4472 4473
l 4473 4474
l 4474 4475
l 4475 4476
l 4476 4477
l 4477 4478
l 4478 4479
l 4479 4480
l 4480 4481
l 4481 4482
l 4482 4483
l 4483 4484
l 4484 4485
l 4485 4486
l 4486 4487
l 4487 4488
l 4488 4489
l 4489 4490
l 4490 4491
l 4491 4492
l 4492 4493
l 4493 4494
l 4494 4495
l 4495 4496
l 4496 4497
l 4497 4498
l 4498 4499
l 4499 4500
l 4500 4501
l 4501 4502
l 4502 4503
l 4503 4504
l 4504 4505
l 4505 4506
l 4506 4507
l 4507 4508
l 4508 4509
l 4509 4510
l 4510 4511
l 4511 4512
l 4512 4513
l 4513 4514
l 4514 4515
l 4515 4516
l 4516 4517
l 4517 4518
l 4518 4519
l 4519 4520
l 4520 4521
l 4521 4522
l 4522 4523
l 4523 4524
l 4524 4525
l 4525 4526
l 4526 4527
l 4527 4528
l 4528 4529
l 4529 4530
l 4530 4531
l 4531 4532
l 4532 4533
l 4533 4534
l 4534 4535
l 4535 4536
l 4536 4537
l 4537 4538
l 4538 4539
l 4539 4540
l 4540 4541
l 4541 4542
l 4542 4543
l 4543 4544
l 4544 4545
l 4545 4546
l 4546 4547
l 4547 4548
l 4548 4549
l 4549 4550
l 4550 4551
l 4551 4552
l 4552 4553
l 4553 4554
l 4554 4555
l 4555 4556
l 4556 4557
l 4557 4558
l 4558 4559
l 4559 4560
l 4560 4561
l 4561 4562
l 4562 4563
l 4563 4564
l 4564 4565
l 4565 4566
l 4566 4567
l 4567 4568
l 4568 4569
l 4569 4570
l 4570 4571
l 4571 4572
l 4572 4573
l 4573 4574
l 4574 4575
l 4575 4576
l 4576 4577
l 4577 4578
l 4578 4579
l 4579 4580
l 4580 4581
l 4581 4582
l 4582 4583
l 4583 4584
l 4584 4585
l 4585 4586
l 4586 4587
l 4587 4588
l 4588 4589
l 4589 4590
l 4590 4591
l 4591 4592
l 4592 4593
l 4593 4594
l 4594 4595
l 4595 4596
l 4596 4597
l 4597 4598
l 4598 4599
l 4599 4600
l 4600 4601
l 4601 4602
l 4602 4603
l 4603 4604
l 4604 4605
l 4605 4606
l 4606 4607
l 4607 4608
l 4608 4609
l 4609 4610
l 4610 4611
l 4611 4612
l 4612 4613
l 4613 4614
l 4614 4615
l 4615 4616
l 4616 4617
l 4617 4618
l 4618 4619
l 4619 4620
l 4620 4621
l 4621 4622
l 4622 4623
l 4623 4624
l 4624 4625
l 4625 4626
l 4626 4627
l 4627 4628
l 4628 4629
l 4629 4630
l 4630 4631
l 4631 4632
l 4632 4633
l 4633 4634
l 4634 4635
l 4635 4636
l 4636 4637
l 4637 4638
l 4638 4639
l 4639 4640
l 4640 4641
l 4641 4642
l 4642 4643
l 4643 4644
l 4644 4645
l 4645 4646
l 4646 4647
l 4647 4648
l 4648 4649
l 4649 4650
l 4650 4651
l 4651 4652
l 4652 4653
l 4653 4654
l 4654 4655
l 4655 4656
l 4656 4657
l 4657 4658
l 4658 4659
l 4659 4660
l 4660 4661
l 4661 4662
l 4662 4663
l 4663 4664
l 4664 4665
l 4665 4666
l 4666 4667
l 4667 4668
l 4668 4669
l 4669 4670
l 4670 4671
l 4671 4672
l 4672 4673
l 4673 4674
l 4674 4675
l 4675 4676
l 4676 4677
l 4677 4678
l 4678 4679
l 4679 4680
l 4680 4681
l 4681 4682
l 4682 4683
l 4683 4684
l 4684 4685
l 4685 4686
l 4686 4687
l 4687 4688
l 4688 4689
l 4689 4690
l 4690 4691
l 4691 4692
l 4692 4693
l 4693 4694
l 4694 4695
l 4695 4696
l 4696 4697
l 4697 4698
l 4698 4699
l 4699 4700
l 4700 4701
l 4701 4702
l 4702 4703
l 4703 4704
l 4704 4705
l 4705 4706
l 4706 4707
l 4707 4708
l 4708 4709
l 4709 4710
l 4710 4711
l 4711 4712
l 4712 4713
l 4713 4714
l 4714 4715
l 4715 4716
l 4716 4717
l 4717 4718
l 4718 4719
l 4719 4720
l 4720 4721
l 4721 4722
l 4722 4723
l 4723 4724
l 4724 4725
l 4725 4726
l 4726 4727
l 4727 4728
l 4728 4729
l 4729 4730
l 4730 4731
l 4731 4732
l 4732 4733
l 4733 4734
l 4734 4735
l 4735 4736
l 4736 4737
l 4737 4738
l 4738 4739
l 4739 4740
l 4740 4741
l 4741 4742
l 4742 4743
l 4743 4744
l 4744 4745
l 4745 4746
l 4746 4747
l 4747 4748
l 4748 4749
l 4749 4750
l 4750 4751
l 4751 4752
l 4752 4753
l 4753 4754
l 4754 4755
l 4755 4756
l 4756 4757
l 4757 4758
l 4758 4759
l 4759 4760
l 4760 4761
l 4761 4762
l 4762 4763
l 4763 4764
l 4764 4765
l 4765 4766
l 4766 4767
l 4767 4768
l 4768 4769
l 4769 4770
l 4770 4771
l 4771 4772
l 4772 4773
l 4773 4774
l 4774 4775
l 4775 4776
l 4776 4777
l 4777 4778
l 4778 4779
l 4779 4780
l 4780 4781
l 4781 4782
l 4782 4783
l 4783 4784
l 4784 4785
l 4785 4786
l 4786 4787
l 4787 4788
l 4788 4789
l 4789 4790
l 4790 4791
l 4791 4792
l 4792 4793
l 4793 4794
l 4794 4795
l 4795 4796
l 4796 4797
l 4797 4798
l 4798 4799
l 4799 4800
l 4800 4801
l 4801 4802
l 4802 4803
l 4803 4804
l 4804 4805
l 4805 4806
l 4806 4807
l 4807 4808
l 4808 4809
l 4809 4810
l 4810 4811
l 4811 4812
l 4812 4813
l 4813 4814
l 4814 4815
l 4815 4816
l 4816 4817
l 4817 4818
l 4818 4819
l 4819 4820
l 4820 4821
l 4821 4822
l 4822 4823
l 4823 4824
l 4824 4825
l 4825 4826
l 4826 4827
l 4827 4828
l 4828 4829
l 4829 4830
l 4830 4831
l 4831 4832
l 4832 4833
l 4833 4834
l 4834 4835
l 4835 4836
l 4836 4837
l 4837 4838
l 4838 4839
l 4839 4840
l 4840 4841
l 4841 4842
l 4842 4843
l 4843 4844
l 4844 4845
l 4845 4846
l 4846 4847
l 4847 4848
l 4848 4849
l 4849 4850
l 4850 4851
l 4851 4852
l 4852 4853
l 4853 4854
l 4854 4855
l 4855 4856
l 4856 4857
l 4857 4858
l 4858 4859
l 4859 4860
l 4860 4861
l 4861 4862
l 4862 4863
l 4863 4864
l 4864 4865
l 4865 4866
l 4866 4867
l 4867 4868
l 4868 4869
l 4869 4870
l 4870 4871
l 4871 4872
l 4872 4873
l 4873 4874
l 4874 4875
l 4875 4876
l 4876 4877
l 4877 4878
l 4878 4879
l 4879 4880
l 4880 4881
l 4881 4882
l 4882 4883
l 4883 4884
l 4884 4885
l 4885 4886
l 4886 4887
l 4887 4888
l 4888 4889
l 4889 4890
l 4890 4891
l 4891 4892
l 4892 4893
l 4893 4894
l 4894 4895
l 4895 4896
l 4896 4897
l 4897 4898
l 4898 4899
l 4899 4900
l 4900 4901
l 4901 4902
l 4902 4903
l 4903 4904
l 4904 4905
l 4905 4906
l 4906 4907
l 4907 4908
l 4908 4909
l 4909 4910
l 4910 4911
l 4911 4912
l 4912 4913
l 4913 4914
l 4914 4915
l 4915 4916
l 4916 4917
l 4917 4918
l 4918 4919
l 4919 4920
l 4920 4921
l 4921 4922
l 4922 4923
l 4923 4924
l 4924 4925
l 4925 4926
l 4926 4927
l 4927 4928
l 4928 4929
l 4929 4930
l 4930 4931
l 4931 4932
l 4932 4933
l 4933 4934
l 4934 4935
l 4935 4936
l 4936 4937
l 4937 4938
l 4938 4939
l 4939 4940
l 4940 4941
l 4941 4942
l 4942 4943
l 4943 4944
l 4944 4945
l 4945 4946
l 4946 4947
l 4947 4948
l 4948 4949
l 4949 4950
l 4950 4951
l 4951 4952
l 4952 4953
l 4953 4954
l 4954 4955
l 4955 4956
l 4956 4957
l 4957 4958
l 4958 4959
l 4959 4960
l 4960 4961
l 4961 4962
l 4962 4963
l 4963 4964
l 4964 4965
l 4965 4966
l 4966 4967
l 4967 4968
l 4968 4969
l 4969 4970
l 4970 4971
l 4971 4972
l 4972 4973
l 4973 4974
l 4974 4975
l 4975 4976
l 4976 4977
l 4977 4978
l 4978 4979
l 4979 4980
l 4980 4981
l 4981 4982
l 4982 4983
l 4983 4984
l 4984 4985
l 4985 4986
l 4986 4987
l 4987 4988
l 4988 4989
l 4989 4990
l 4990 4991
l 4991 4992
l 4992 4993
l 4993 4994
l 4994 4995
l 4995 4996
l 4996 4997
l 4997 4998
l 4998 4999
l 4999 5000
l 5000 5001
l 5001 5002
l 5002 5003
l 5003 5004
l 5004 5005
l 5005 5006
l 5006 5007
l 5007 5008
l 5008 5009
l 5009 5010
l 5010 5011
l 5011 5012
l 5012 5013
l 5013 5014
l 5014 5015
l 5015 5016
l 5016 5017
l 5017 5018
l 5018 5019
l 5019 5020
l 5020 5021
l 5021 5022
l 5022 5023
l 5023 5024
l 5024 5025
l 5025 5026
l 5026 5027
l 5027 5028
l 5028 5029
l 5029 5030
l 5030 5031
l 5031 5032
l 5032 5033
l 5033 5034
l 5034 5035
l 5035 5036
l 5036 5037
l 5037 5038
l 5038 5039
l 5039 5040
l 5040 5041
l 5041 5042
l 5042 5043
l 5043 5044
l 5044 5045
l 5045 5046
l 5046 5047
l 5047 5048
l 5048 5049
l 5049 5050
l 5050 5051
l 5051 5052
l 5052 5053
l 5053 5054
l 5054 5055
l 5055 5056
l 5056 5057
l 5057 5058
l 5058 5059
l 5059 5060
l 5060 5061
l 5061 5062
l 5062 5063
l 5063 5064
l 5064 5065
l 5065 5066
l 5066 5067
l 5067 5068
l 5068 5069
l 5069 5070
l 5070 5071
l 5071 5072
l 5072 5073
l 5073 5074
l 5074 5075
l 5075 5076
l 5076 5077
l 5077 5078
l 5078 5079
l 5079 5080
l 5080 5081
l 5081 5082
l 5082 5083
l 5083 5084
l 5084 5085
l 5085 5086
l 5086 5087
l 5087 5088
l 5088 5089
l 5089 5090
l 5090 5091
l 5091 5092
l 5092 5093
l 5093 5094
l 5094 5095
l 5095 5096
l 5096 5097
l 5097 5098
l 5098 5099
l 5099 5100
l 5100 5101
l 5101 5102
l 5102 5103
l 5103 5104
l 5104 5105
l 5105 5106
l 5106 5107
l 5107 5108
l 5108 5109
l 5109 5110
l 5110 5111
l 5111 5112
l 5112 5113
l 5113 5114
l 5114 5115
l 5115 5116
l 5116 5117
l 5117 5118
l 5118 5119
l 5119 5120
l 5120 5121
l 5121 5122
l 5122 5123
l 5123 5124
l 5124 5125
l 5125 5126
l 5126 5127
l 5127 5128
l 5128 5129
l 5129 5130
l 5130 5131
l 5131 5132
l 5132 5133
l 5133 5134
l 5134 5135
l 5135 5136
l 5136 5137
l 5137 5138
l 5138 5139
l 5139 5140
l 5140 5141
l 5141 5142
l 5142 5143
l 5143 5144
l 5144 5145
l 5145 5146
l 5146 5147
l 5147 5148
l 5148 5149
l 5149 5150
l 5150 5151
l 5151 5152
l 5152 5153
l 5153 5154
l 5154 5155
l 5155 5156
l 5156 5157
l 5157 5158
l 5158 5159
l 5159 5160
l 5160 5161
l 5161 5162
l 5162 5163
l 5163 5164
l 5164 5165
l 5165 5166
l 5166 5167
l 5167 5168
l 5168 5169
l 5169 5170
l 5170 5171
l 5171 5172
l 5172 5173
l 5173 5174
l 5174 5175
l 5175 5176
l 5176 5177
l 5177 5178
l 5178 5179
l 5179 5180
l 5180 5181
l 5181 5182
l 5182 5183
l 5183 5184
l 5184 5185
l 5185 5186
l 5186 5187
l 5187 5188
l 5188 5189
l 5189 5190
l 5190 5191
l 5191 5192
l 5192 5193
l 5193 5194
l 5194 5195
l 5195 5196
l 5196 5197
l 5197 5198
l 5198 5199
l 5199 5200
l 5200 5201
l 5201 5202
l 5202 5203
l 5203 5204
l 5204 5205
l 5205 5206
l 5206 5207
l 5207 5208
l 5208 5209
l 5209 5210
l 5210 5211
l 5211 5212
l 5212 5213
l 5213 5214
l 5214 5215
l 5215 5216
l 5216 5217
l 5217 5218
l 5218 5219
l 5219 5220
l 5220 5221
l 5221 5222
l 5222 5223
l 5223 5224
l 5224 5225
l 5225 5226
l 5226 5227
l 5227 5228
l 5228 5229
l 5229 5230
l 5230 5231
l 5231 5232
l 5232 5233
l 5233 5234
l 5234 5235
l 5235 5236
l 5236 5237
l 5237 5238
l 5238 5239
l 5239 5240
l 5240 5241
l 5241 5242
l 5242 5243
l 5243 5244
l 5244 5245
l 5245 5246
l 5246 5247
l 5247 5248
l 5248 5249
l 5249 5250
l 5250 5251
l 5251 5252
l 5252 5253
l 5253 5254
l 5254 5255
l 5255 5256
l 5256 5257
l 5257 5258
l 5258 5259
l 5259 5260
l 5260 5261
l 5261 5262
l 5262 5263
l 5263 5264
l 5264 5265
l 5265 5266
l 5266 5267
l 5267 5268
l 5268 5269
l 5269 5270
l 5270 5271
l 5271 5272
l 5272 5273
l 5273 5274
l 5274 5275
l 5275 5276
l 5276 5277
l 5277 5278
l 5278 5279
l 5279 5280
l 5280 5281
l 5281 5282
l 5282 5283
l 5283 5284
l 5284 5285
l 5285 5286
l 5286 5287
l 5287 5288
l 5288 5289
l 5289 5290
l 5290 5291
l 5291 5292
l 5292 5293
l 5293 5294
l 5294 5295
l 5295 5296
l 5296 5297
l 5297 5298
l 5298 5299
l 5299 5300
l 5300 5301
l 5301 5302
l 5302 5303
l 5303 5304
l 5304 5305
l 5305 5306
l 5306 5307
l 5307 5308
l 5308 5309
l 5309 5310
l 5310 5311
l 5311 5312
l 5312 5313
l 5313 5314
l 5314 5315
l 5315 5316
l 5316 5317
l 5317 5318
l 5318 5319
l 5319 5320
l 5320 5321
l 5321 5322
l 5322 5323
l 5323 5324
l 5324 5325
l 5325 5326
l 5326 5327
l 5327 5328
l 5328 5329
l 5329 5330
l 5330 5331
l 5331 5332
l 5332 5333
l 5333 5334
l 5334 5335
l 5335 5336
l 5336 5337
l 5337 5338
l 5338 5339
l 5339 5340
l 5340 5341
l 5341 5342
l 5342 5343
l 5343 5344
l 5344 5345
l 5345 5346
l 5346 5347
l 5347 5348
l 5348 5349
l 5349 5350
l 5350 5351
l 5351 5352
l 5352 5353
l 5353 5354
l 5354 5355
l 5355 5356
l 5356 5357
l 5357 5358
l 5358 5359
l 5359 5360
l 5360 5361
l 5361 5362
l 5362 5363
l 5363 5364
l 5364 5365
l 5365 5366
l 5366 5367
l 5367 5368
l 5368 5369
l 5369 5370
l 5370 5371
l 5371 5372
l 5372 5373
l 5373 5374
l 5374 5375
l 5375 5376
l 5376 5377
l 5377 5378
l 5378 5379
l 5379 5380
l 5380 5381
l 5381 5382
l 5382 5383
l 5383 5384
l 5384 5385
l 5385 5386
l 5386 5387
l 5387 5388
l 5388 5389
l 5389 5390
l 5390 5391
l 5391 5392
l 5392 5393
l 5393 5394
l 5394 5395
l 5395 5396
l 5396 5397
l 5397 5398
l 5398 5399
l 5399 5400
l 5400 5401
l 5401 5402
l 5402 5403
l 5403 5404
l 5404 5405
l 5405 5406
l 5406 5407
l 5407 5408
l 5408 5409
l 5409 5410
l 5410 5411
l 5411 5412
l 5412 5413
l 5413 5414
l 5414 5415
l 5415 5416
l 5416 5417
l 5417 5418
l 5418 5419
l 5419 5420
l 5420 5421
l 5421 5422
l 5422 5423
l 5423 5424
l 5424 5425
l 5425 5426
l 5426 5427
l 5427 5428
l 5428 5429
l 5429 5430
l 5430 5431
l 5431 5432
l 5432 5433
l 5433 5434
l 5434 5435
l 5435 5436
l 5436 5437
l 5437 5438
l 5438 5439
l 5439 5440
l 5440 5441
l 5441 5442
l 5442 5443
l 5443 5444
l 5444 5445
l 5445 5446
l 5446 5447
l 5447 5448
l 5448 5449
l 5449 5450
l 5450 5451
l 5451 5452
l 5452 5453
l 5453 5454
l 5454 5455
l 5455 5456
l 5456 5457
l 5457 5458
l 5458 5459
l 5459 5460
l 5460 5461
l 5461 5462
l 5462 5463
l 5463 5464
l 5464 5465
l 5465 5466
l 5466 5467
l 5467 5468
l 5468 5469
l 5469 5470
l 5470 5471
l 5471 5472
l 5472 5473
l 5473 5474
l 5474 5475
l 5475 5476
l 5476 5477
l 5477 5478
l 5478 5479
l 5479 5480
l 5480 5481
l 5481 5482
l 5482 5483
l 5483 5484
l 5484 5485
l 5485 5486
l 5486 5487
l 5487 5488
l 5488 5489
l 5489 5490
l 5490 5491
l 5491 5492
l 5492 5493
l 5493 5494
l 5494 5495
l 5495 5496
l 5496 5497
l 5497 5498
l 5498 5499
l 5499 5500
l 5500 5501
l 5501 5502
l 5502 5503
l 5503 5504
l 5504 5505
l 5505 5506
l 5506 5507
l 5507 5508
l 5508 5509
l 5509 5510
l 5510 5511
l 5511 5512
l 5512 5513
l 5513 5514
l 5514 5515
l 5515 5516
l 5516 5517
l 5517 5518
l 5518 5519
l 5519 5520
l 5520 5521
l 5521 5522
l 5522 5523
l 5523 5524
l 5524 5525
l 5525 5526
l 5526 5527
l 5527 5528
l 5528 5529
l 5529 5530
l 5530 5531
l 5531 5532
l 5532 5533
l 5533 5534
l 5534 5535
l 5535 5536
l 5536 5537
l 5537 5538
l 5538 5539
l 5539 5540
l 5540 5541
l 5541 5542
l 5542 5543
l 5543 5544
l 5544 5545
l 5545 5546
l 5546 5547
l 5547 5548
l 5548 5549
l 5549 5550
l 5550 5551
l 5551 5552
l 5552 5553
l 5553 5554
l 5554 5555
l 5555 5556
l 5556 5557
l 5557 5558
l 5558 5559
l 5559 5560
l 5560 5561
l 5561 5562
l 5562 5563
l 5563 5564
l 5564 5565
l 5565 5566
l 5566 5567
l 5567 5568
l 5568 5569
l 5569 5570
l 5570 5571
l 5571 5572
l 5572 5573
l 5573 5574
l 5574 5575
l 5575 5576
l 5576 5577
l 5577 5578
l 5578 5579
l 5579 5580
l 5580 5581
l 5581 5582
l 5582 5583
l 5583 5584
l 5584 5585
l 5585 5586
l 5586 5587
l 5587 5588
l 5588 5589
l 5589 5590
l 5590 5591
l 5591 5592
l 5592 5593
l 5593 5594
l 5594 5595
l 5595 5596
l 5596 5597
l 5597 5598
l 5598 5599
l 5599 5600
l 5600 5601
l 5601 5602
l 5602 5603
l 5603 5604
l 5604 5605
l 5605 5606
l 5606 5607
l 5607 5608
l 5608 5609
l 5609 5610
l 5610 5611
l 5611 5612
l 5612 5613
l 5613 5614
l 5614 5615
l 5615 5616
l 5616 5617
l 5617 5618
l 5618 5619
l 5619 5620
l 5620 5621
l 5621 5622
l 5622 5623
l 5623 5624
l 5624 5625
l 5625 5626
l 5626 5627
l 5627 5628
l 5628 5629
l 5629 5630
l 5630 5631
l 5631 5632
l 5632 5633
l 5633 5634
l 5634 5635
l 5635 5636
l 5636 5637
l 5637 5638
l 5638 5639
l 5639 5640
l 5640 5641
l 5641 5642
l 5642 5643
l 5643 5644
l 5644 5645
l 5645 5646
l 5646 5647
l 5647 5648
l 5648 5649
l 5649 5650
l 5650 5651
l 5651 5652
l 5652 5653
l 5653 5654
l 5654 5655
l 5655 5656
l 5656 5657
l 5657 5658
l 5658 5659
l 5659 5660
l 5660 5661
l 5661 5662
l 5662 5663
l 5663 5664
l 5664 5665
l 5665 5666
l 5666 5667
l 5667 5668
l 5668 5669
l 5669 5670
l 5670 5671
l 5671 5672
l 5672 5673
l 5673 5674
l 5674 5675
l 5675 5676
l 5676 5677
l 5677 5678
l 5678 5679
l 5679 5680
l 5680 5681
l 5681 5682
l 5682 5683
l 5683 5684
l 5684 5685
l 5685 5686
l 5686 5687
l 5687 5688
l 5688 5689
l 5689 5690
l 5690 5691
l 5691 5692
l 5692 5693
l 5693 5694
l 5694 5695
l 5695 5696
l 5696 5697
l 5697 5698
l 5698 5699
l 5699 5700
l 5700 5701
l 5701 5702
l 5702 5703
l 5703 5704
l 5704 5705
l 5705 5706
l 5706 5707
l 5707 5708
l 5708 5709
l 5709 5710
l 5710 5711
l 5711 5712
l 5712 5713
l 5713 5714
l 5714 5715
l 5715 5716
l 5716 5717
l 5717 5718
l 5718 5719
l 5719 5720
l 5720 5721
l 5721 5722
l 5722 5723
l 5723 5724
l 5724 5725
l 5725 5726
l 5726 5727
l 5727 5728
l 5728 5729
l 5729 5730
l 5730 5731
l 5731 5732
l 5732 5733
l 5733 5734
l 5734 5735
l 5735 5736
l 5736 5737
l 5737 5738
l 5738 5739
l 5739 5740
l 5740 5741
l 5741 5742
l 5742 5743
l 5743 5744
l 5744 5745
l 5745 5746
l 5746 5747
l 5747 5748
l 5748 5749
l 5749 5750
l 5750 5751
l 5751 5752
l 5752 5753
l 5753 5754
l 5754 5755
l 5755 5756
l 5756 5757
l 5757 5758
l 5758 5759
l 5759 5760
l 5760 5761
l 5761 5762
l 5762 5763
l 5763 5764
l 5764 5765
l 5765 5766
l 5766 5767
l 5767 5768
l 5768 5769
l 5769 5770
l 5770 5771
l 5771 5772
l 5772 5773
l 5773 5774
l 5774 5775
l 5775 5776
l 5776 5777
l 5777 5778
l 5778 5779
l 5779 5780
l 5780 5781
l 5781 5782
l 5782 5783
l 5783 5784
l 5784 5785
l 5785 5786
l 5786 5787
l 5787 5788
l 5788 5789
l 5789 5790
l 5790 5791
l 5791 5792
l 5792 5793
l 5793 5794
l 5794 5795
l 5795 5796
l 5796 5797
l 5797 5798
l 5798 5799
l 5799 5800
l 5800 5801
l 5801 5802
l 5802 5803
l 5803 5804
l 5804 5805
l 5805 5806
l 5806 5807
l 5807 5808
l 5808 5809
l 5809 5810
l 5810 5811
l 5811 5812
l 5812 5813
l 5813 5814
l 5814 5815
l 5815 5816
l 5816 5817
l 5817 5818
l 5818 5819
l 5819 5820
l 5820 5821
l 5821 5822
l 5822 5823
l 5823 5824
l 5824 5825
l 5825 5826
l 5826 5827
l 5827 5828
l 5828 5829
l 5829 5830
l 5830 5831
l 5831 5832
l 5832 5833
l 5833 5834
l 5834 5835
l 5835 5836
l 5836 5837
l 5837 5838
l 5838 5839
l 5839 5840
l 5840 5841
l 5841 5842
l 5842 5843
l 5843 5844
l 5844 5845
l 5845 5846
l 5846 5847
l 5847 5848
l 5848 5849
l 5849 5850
l 5850 5851
l 5851 5852
l 5852 5853
l 5853 5854
l 5854 5855
l 5855 5856
l 5856 5857
l 5857 5858
l 5858 5859
l 5859 5860
l 5860 5861
l 5861 5862
l 5862 5863
l 5863 5864
l 5864 5865
l 5865 5866
l 5866 5867
l 5867 5868
l 5868 5869
l 5869 5870
l 5870 5871
l 5871 5872
l 5872 5873
l 5873 5874
l 5874 5875
l 5875 5876
l 5876 5877
l 5877 5878
l 5878 5879
l 5879 5880
l 5880 5881
l 5881 5882
l 5882 5883
l 5883 5884
l 5884 5885
l 5885 5886
l 5886 5887
l 5887 5888
l 5888 5889
l 5889 5890
l 5890 5891
l 5891 5892
l 5892 5893
l 5893 5894
l 5894 5895
l 5895 5896
l 5896 5897
l 5897 5898
l 5898 5899
l 5899 5900
l 5900 5901
l 5901 5902
l 5902 5903
l 5903 5904
l 5904 5905
l 5905 5906
l 5906 5907
l 5907 5908
l 5908 5909
l 5909 5910
l 5910 5911
l 5911 5912
l 5912 5913
l 5913 5914
l 5914 5915
l 5915 5916
l 5916 5917
l 5917 5918
l 5918 5919
l 5919 5920
l 5920 5921
l 5921 5922
l 5922 5923
l 5923 5924
l 5924 5925
l 5925 5926
l 5926 5927
l 5927 5928
l 5928 5929
l 5929 5930
l 5930 5931
l 5931 5932
l 5932 5933
l 5933 5934
l 5934 5935
l 5935 5936
l 5936 5937
l 5937 5938
l 5938 5939
l 5939 5940
l 5940 5941
l 5941 5942
l 5942 5943
l 5943 5944
l 5944 5945
l 5945 5946
l 5946 5947
l 5947 5948
l 5948 5949
l 5949 5950
l 5950 5951
l 5951 5952
l 5952 5953
l 5953 5954
l 5954 5955
l 5955 5956
l 5956 5957
l 5957 5958
l 5958 5959
l 5959 5960
l 5960 5961
l 5961 5962
l 5962 5963
l 5963 5964
l 5964 5965
l 5965 5966
l 5966 5967
l 5967 5968
l 5968 5969
l 5969 5970
l 5970 5971
l 5971 5972
l 5972 5973
l 5973 5974
l 5974 5975
l 5975 5976
l 5976 5977
l 5977 5978
l 5978 5979
l 5979 5980
l 5980 5981
l 5981 5982
l 5982 5983
l 5983 5984
l 5984 5985
l 5985 5986
l 5986 5987
l 5987 5988
l 5988 5989
l 5989 5990
l 5990 5991
l 5991 5992
l 5992 5993
l 5993 5994
l 5994 5995
l 5995 5996
l 5996 5997
l 5997 5998
l 5998 5999
l 5999 6000
l 6000 6001
l 6001 6002
l 6002 6003
l 6003 6004
l 6004 6005
l 6005 6006
l 6006 6007
l 6007 6008
l 6008 6009
l 6009 6010
l 6010 6011
l 6011 6012
l 6012 6013
l 6013 6014
l 6014 6015
l 6015 6016
l 6016 6017
l 6017 6018
l 6018 6019
l 6019 6020
l 6020 6021
l 6021 6022
l 6022 6023
l 6023 6024
l 6024 6025
l 6025 6026
l 6026 6027
l 6027 6028
l 6028 6029
l 6029 6030
l 6030 6031
l 6031 6032
l 6032 6033
l 6033 6034
l 6034 6035
l 6035 6036
l 6036 6037
l 6037 6038
l 6038 6039
l 6039 6040
l 6040 6041
l 6041 6042
l 6042 6043
l 6043 6044
l 6044 6045
l 6045 6046
l 6046 6047
l 6047 6048
l 6048 6049
l 6049 6050
l 6050 6051
l 6051 6052
l 6052 6053
l 6053 6054
l 6054 6055
l 6055 6056
l 6056 6057
l 6057 6058
l 6058 6059
l 6059 6060
l 6060 6061
l 6061 6062
l 6062 6063
l 6063 6064
l 6064 6065
l 6065 6066
l 6066 6067
l 6067 6068
l 6068 6069
l 6069 6070
l 6070 6071
l 6071 6072
l 6072 6073
l 6073 6074
l 6074 6075
l 6075 6076
l 6076 6077
l 6077 6078
l 6078 6079
l 6079 6080
l 6080 6081
l 6081 6082
l 6082 6083
l 6083 6084
l 6084 6085
l 6085 6086
l 6086 6087
l 6087 6088
l 6088 6089
l 6089 6090
l 6090 6091
l 6091 6092
l 6092 6093
l 6093 6094
l 6094 6095
l 6095 6096
l 6096 6097
l 6097 6098
l 6098 6099
l 6099 6100
l 6100 6101
l 6101 6102
l 6102 6103
l 6103 6104
l 6104 6105
l 6105 6106
l 6106 6107
l 6107 6108
l 6108 6109
l 6109 6110
l 6110 6111
l 6111 6112
l 6112 6113
l 6113 6114
l 6114 6115
l 6115 6116
l 6116 6117
l 6117 6118
l 6118 6119
l 6119 6120
l 6120 6121
l 6121 6122
l 6122 6123
l 6123 6124
l 6124 6125
l 6125 6126
l 6126 6127
l 6127 6128
l 6128 6129
l 6129 6130
l 6130 6131
l 6131 6132
l 6132 6133
l 6133 6134
l 6134 6135
l 6135 6136
l 6136 6137
l 6137 6138
l 6138 6139
l 6139 6140
l 6140 6141
l 6141 6142
l 6142 6143
l 6143 6144
l 6144 6145
l 6145 6146
l 6146 6147
l 6147 6148
l 6148 6149
l 6149 6150
l 6150 6151
l 6151 6152
l 6152 6153
l 6153 6154
l 6154 6155
l 6155 6156
l 6156 6157
l 6157 6158
l 6158 6159
l 6159 6160
l 6160 6161
l 6161 6162
l 6162 6163
l 6163 6164
l 6164 6165
l 6165 6166
l 6166 6167
l 6167 6168
l 6168 6169
l 6169 6170
l 6170 6171
l 6171 6172
l 6172 6173
l 6173 6174
l 6174 6175
l 6175 6176
l 6176 6177
l 6177 6178
l 6178 6179
l 6179 6180
l 6180 6181
l 6181 6182
l 6182 6183
l 6183 6184
l 6184 6185
l 6185 6186
l 6186 6187
l 6187 6188
l 6188 6189
l 6189 6190
l 6190 6191
l 6191 6192
l 6192 6193
l 6193 6194
l 6194 6195
l 6195 6196
l 6196 6197
l 6197 6198
l 6198 6199
l 6199 6200
l 6200 6201
l 6201 6202
l 6202 6203
l 6203 6204
l 6204 6205
l 6205 6206
l 6206 6207
l 6207 6208
l 6208 6209
l 6209 6210
l 6210 6211
l 6211 6212
l 6212 6213
l 6213 6214
l 6214 6215
l 6215 6216
l 6216 6217
l 6217 6218
l 6218 6219
l 6219 6220
l 6220 6221
l 6221 6222
l 6222 6223
l 6223 6224
l 6224 6225
l 6225 6226
l 6226 6227
l 6227 6228
l 6228 6229
l 6229 6230
l 6230 6231
l 6231 6232
l 6232 6233
l 6233 6234
l 6234 6235
l 6235 6236
l 6236 6237
l 6237 6238
l 6238 6239
l 6239 6240
l 6240 6241
l 6241 6242
l 6242 6243
l 6243 6244
l 6244 6245
l 6245 6246
l 6246 6247
l 6247 6248
l 6248 6249
l 6249 6250
l 6250 6251
l 6251 6252
l 6252 6253
l 6253 6254
l 6254 6255
l 6255 6256
l 6256 6257
l 6257 6258
l 6258 6259
l 6259 6260
l 6260 6261
l 6261 6262
l 6262 6263
l 6263 6264
l 6264 6265
l 6265 6266
l 6266 6267
l 6267 6268
l 6268 6269
l 6269 6270
l 6270 6271
l 6271 6272
l 6272 6273
l 6273 6274
l 6274 6275
l 6275 6276
l 6276 6277
l 6277 6278
l 6278 6279
l 6279 6280
l 6280 6281
l 6281 6282
l 6282 6283
l 6283 6284
l 6284 6285
l 6285 6286
l 6286 6287
l 6287 6288
l 6288 6289
l 6289 6290
l 6290 6291
l 6291 6292
l 6292 6293
l 6293 6294
l 6294 6295
l 6295 6296
l 6296 6297
l 6297 6298
l 6298 6299
l 6299 6300
l 6300 6301
l 6301 6302
l 6302 6303
l 6303 6304
l 6304 6305
l 6305 6306
l 6306 6307
l 6307 6308
l 6308 6309
l 6309 6310
l 6310 6311
l 6311 6312
l 6312 6313
l 6313 6314
l 6314 6315
l 6315 6316
l 6316 6317
l 6317 6318
l 6318 6319
l 6319 6320
l 6320 6321
l 6321 6322
l 6322 6323
l 6323 6324
l 6324 6325
l 6325 6326
l 6326 6327
l 6327 6328
l 6328 6329
l 6329 6330
l 6330 6331
l 6331 6332
l 6332 6333
l 6333 6334
l 6334 6335
l 6335 6336
l 6336 6337
l 6337 6338
l 6338 6339
l 6339 6340
l 6340 6341
l 6341 6342
l 6342 6343
l 6343 6344
l 6344 6345
l 6345 6346
l 6346 6347
l 6347 6348
l 6348 6349
l 6349 6350
l 6350 6351
l 6351 6352
l 6352 6353
l 6353 6354
l 6354 6355
l 6355 6356
l 6356 6357
l 6357 6358
l 6358 6359
l 6359 6360
l 6360 6361
l 6361 6362
l 6362 6363
l 6363 6364
l 6364 6365
l 6365 6366
l 6366 6367
l 6367 6368
l 6368 6369
l 6369 6370
l 6370 6371
l 6371 6372
l 6372 6373
l 6373 6374
l 6374 6375
l 6375 6376
l 6376 6377
l 6377 6378
l 6378 6379
l 6379 6380
l 6380 6381
l 6381 6382
l 6382 6383
l 6383 6384
l 6384 6385
l 6385 6386
l 6386 6387
l 6387 6388
l 6388 6389
l 6389 6390
l 6390 6391
l 6391 6392
l 6392 6393
l 6393 6394
l 6394 6395
l 6395 6396
l 6396 6397
l 6397 6398
l 6398 6399
l 6399 6400
l 6400 6401
l 6401 6402
l 6402 6403
l 6403 6404
l 6404 6405
l 6405 6406
l 6406 6407
l 6407 6408
l 6408 6409
l 6409 6410
l 6410 6411
l 6411 6412
l 6412 6413
l 6413 6414
l 6414 6415
l 6415 6416
l 6416 6417
l 6417 6418
l 6418 6419
l 6419 6420
l 6420 6421
l 6421 6422
l 6422 6423
l 6423 6424
l 6424 6425
l 6425 6426
l 6426 6427
l 6427 6428
l 6428 6429
l 6429 6430
l 6430 6431
l 6431 6432
l 6432 6433
l 6433 6434
l 6434 6435
l 6435 6436
l 6436 6437
l 6437 6438
l 6438 6439
l 6439 6440
l 6440 6441
l 6441 6442
l 6442 6443
l 6443 6444
l 6444 6445
l 6445 6446
l 6446 6447
l 6447 6448
l 6448 6449
l 6449 6450
l 6450 6451
l 6451 6452
l 6452 6453
l 6453 6454
l 6454 6455
l 6455 6456
l 6456 6457
l 6457 6458
l 6458 6459
l 6459 6460
l 6460 6461
l 6461 6462
l 6462 6463
l 6463 6464
l 6464 6465
l 6465 6466
l 6466 6467
l 6467 6468
l 6468 6469
l 6469 6470
l 6470 6471
l 6471 6472
l 6472 6473
l 6473 6474
l 6474 6475
l 6475 6476
l 6476 6477
l 6477 6478
l 6478 6479
l 6479 6480
l 6480 6481
l 6481 6482
l 6482 6483
l 6483 6484
l 6484 6485
l 6485 6486
l 6486 6487
l 6487 6488
l 6488 6489
l 6489 6490
l 6490 6491
l 6491 6492
l 6492 6493
l 6493 6494
l 6494 6495
l 6495 6496
l 6496 6497
l 6497 6498
l 6498 6499
l 6499 6500
l 6500 6501
l 6501 6502
l 6502 6503
l 6503 6504
l 6504 6505
l 6505 6506
l 6506 6507
l 6507 6508
l 6508 6509
l 6509 6510
l 6510 6511
l 6511 6512
l 6512 6513
l 6513 6514
l 6514 6515
l 6515 6516
l 6516 6517
l 6517 6518
l 6518 6519
l 6519 6520
l 6520 6521
l 6521 6522
l 6522 6523
l 6523 6524
l 6524 6525
l 6525 6526
l 6526 6527
l 6527 6528
l 6528 6529
l 6529 6530
l 6530 6531
l 6531 6532
l 6532 6533
l 6533 6534
l 6534 6535
l 6535 6536
l 6536 6537
l 6537 6538
l 6538 6539
l 6539 6540
l 6540 6541
l 6541 6542
l 6542 6543
l 6543 6544
l 6544 6545
l 6545 6546
l 6546 6547
l 6547 6548
l 6548 6549
l 6549 6550
l 6550 6551
l 6551 6552
l 6552 6553
l 6553 6554
l 6554 6555
l 6555 6556
l 6556 6557
l 6557 6558
l 6558 6559
l 6559 6560
l 6560 6561
l 6561 6562
l 6562 6563
l 6563 6564
l 6564 6565
l 6565 6566
l 6566 6567
l 6567 6568
l 6568 6569
l 6569 6570
l 6570 6571
l 6571 6572
l 6572 6573
l 6573 6574
l 6574 6575
l 6575 6576
l 6576 6577
l 6577 6578
l 6578 6579
l 6579 6580
l 6580 6581
l 6581 6582
l 6582 6583
l 6583 6584
l 6584 6585
l 6585 6586
l 6586 6587
l 6587 6588
l 6588 6589
l 6589 6590
l 6590 6591
l 6591 6592
l 6592 6593
l 6593 6594
l 6594 6595
l 6595 6596
l 6596 6597
l 6597 6598
l 6598 6599
l 6599 6600
l 6600 6601
l 6601 6602
l 6602 6603
l 6603 6604
l 6604 6605
l 6605 6606
l 6606 6607
l 6607 6608
l 6608 6609
l 6609 6610
l 6610 6611
l 6611 6612
l 6612 6613
l 6613 6614
l 6614 6615
l 6615 6616
l 6616 6617
l 6617 6618
l 6618 6619
l 6619 6620
l 6620 6621
l 6621 6622
l 6622 6623
l 6623 6624
l 6624 6625
l 6625 6626
l 6626 6627
l 6627 6628
l 6628 6629
l 6629 6630
l 6630 6631
l 6631 6632
l 6632 6633
l 6633 6634
l 6634 6635
l 6635 6636
l 6636 6637
l 6637 6638
l 6638 6639
l 6639 6640
l 6640 6641
l 6641 6642
l 6642 6643
l 6643 6644
l 6644 6645
l 6645 6646
l 6646 6647
l 6647 6648
l 6648 6649
l 6649 6650
l 6650 6651
l 6651 6652
l 6652 6653
l 6653 6654
l 6654 6655
l 6655 6656
l 6656 6657
l 6657 6658
l 6658 6659
l 6659 6660
l 6660 6661
l 6661 6662
l 6662 6663
l 6663 6664
l 6664 6665
l 6665 6666
l 6666 6667
l 6667 6668
l 6668 6669
l 6669 6670
l 6670 6671
l 6671 6672
l 6672 6673
l 6673 6674
l 6674 6675
l 6675 6676
l 6676 6677
l 6677 6678
l 6678 6679
l 6679 6680
l 6680 6681
l 6681 6682
l 6682 6683
l 6683 6684
l 6684 6685
l 6685 6686
l 6686 6687
l 6687 6688
l 6688 6689
l 6689 6690
l 6690 6691
l 6691 6692
l 6692 6693
l 6693 6694
l 6694 6695
l 6695 6696
l 6696 6697
l 6697 6698
l 6698 6699
l 6699 6700
l 6700 6701
l 6701 6702
l 6702 6703
l 6703 6704
l 6704 6705
l 6705 6706
l 6706 6707
l 6707 6708
l 6708 6709
l 6709 6710
l 6710 6711
l 6711 6712
l 6712 6713
l 6713 6714
l 6714 6715
l 6715 6716
l 6716 6717
l 6717 6718
l 6718 6719
l 6719 6720
l 6720 6721
l 6721 6722
l 6722 6723
l 6723 6724
l 6724 6725
l 6725 6726
l 6726 6727
l 6727 6728
l 6728 6729
l 6729 6730
l 6730 6731
l 6731 6732
l 6732 6733
l 6733 6734
l 6734 6735
l 6735 6736
l 6736 6737
l 6737 6738
l 6738 6739
l 6739 6740
l 6740 6741
l 6741 6742
l 6742 6743
l 6743 6744
l 6744 6745
l 6745 6746
l 6746 6747
l 6747 6748
l 6748 6749
l 6749 6750
l 6750 6751
l 6751 6752
l 6752 6753
l 6753 6754
l 6754 6755
l 6755 6756
l 6756 6757
l 6757 6758
l 6758 6759
l 6759 6760
l 6760 6761
l 6761 6762
l 6762 6763
l 6763 6764
l 6764 6765
l 6765 6766
l 6766 6767
l 6767 6768
l 6768 6769
l 6769 6770
l 6770 6771
l 6771 6772
l 6772 6773
l 6773 6774
l 6774 6775
l 6775 6776
l 6776 6777
l 6777 6778
l 6778 6779
l 6779 6780
l 6780 6781
l 6781 6782
l 6782 6783
l 6783 6784
l 6784 6785
l 6785 6786
l 6786 6787
l 6787 6788
l 6788 6789
l 6789 6790
l 6790 6791
l 6791 6792
l 6792 6793
l 6793 6794
l 6794 6795
l 6795 6796
l 6796 6797
l 6797 6798
l 6798 6799
l 6799 6800
l 6800 6801
l 6801 6802
l 6802 6803
l 6803 6804
l 6804 6805
l 6805 6806
l 6806 6807
l 6807 6808
l 6808 6809
l 6809 6810
l 6810 6811
l 6811 6812
l 6812 6813
l 6813 6814
l 6814 6815
l 6815 6816
l 6816 6817
l 6817 6818
l 6818 6819
l 6819 6820
l 6820 6821
l 6821 6822
l 6822 6823
l 6823 6824
l 6824 6825
l 6825 6826
l 6826 6827
l 6827 6828
l 6828 6829
l 6829 6830
l 6830 6831
l 6831 6832
l 6832 6833
l 6833 6834
l 6834 6835
l 6835 6836
l 6836 6837
l 6837 6838
l 6838 6839
l 6839 6840
l 6840 6841
l 6841 6842
l 6842 6843
l 6843 6844
l 6844 6845
l 6845 6846
l 6846 6847
l 6847 6848
l 6848 6849
l 6849 6850
l 6850 6851
l 6851 6852
l 6852 6853
l 6853 6854
l 6854 6855
l 6855 6856
l 6856 6857
l 6857 6858
l 6858 6859
l 6859 6860
l 6860 6861
l 6861 6862
l 6862 6863
l 6863 6864
l 6864 6865
l 6865 6866
l 6866 6867
l 6867 6868
l 6868 6869
l 6869 6870
l 6870 6871
l 6871 6872
l 6872 6873
l 6873 6874
l 6874 6875
l 6875 6876
l 6876 6877
l 6877 6878
l 6878 6879
l 6879 6880
l 6880 6881
l 6881 6882
l 6882 6883
l 6883 6884
l 6884 6885
l 6885 6886
l 6886 6887
l 6887 6888
l 6888 6889
l 6889 6890
l 6890 6891
l 6891 6892
l 6892 6893
l 6893 6894
l 6894 6895
l 6895 6896
l 6896 6897
l 6897 6898
l 6898 6899
l 6899 6900
l 6900 6901
l 6901 6902
l 6902 6903
l 6903 6904
l 6904 6905
l 6905 6906
l 6906 6907
l 6907 6908
l 6908 6909
l 6909 6910
l 6910 6911
l 6911 6912
l 6912 6913
l 6913 6914
l 6914 6915
l 6915 6916
l 6916 6917
l 6917 6918
l 6918 6919
l 6919 6920
l 6920 6921
l 6921 6922
l 6922 6923
l 6923 6924
l 6924 6925
l 6925 6926
l 6926 6927
l 6927 6928
l 6928 6929
l 6929 6930
l 6930 6931
l 6931 6932
l 6932 6933
l 6933 6934
l 6934 6935
l 6935 6936
l 6936 6937
l 6937 6938
l 6938 6939
l 6939 6940
l 6940 6941
l 6941 6942
l 6942 6943
l 6943 6944
l 6944 6945
l 6945 6946
l 6946 6947
l 6947 6948
l 6948 6949
l 6949 6950
l 6950 6951
l 6951 6952
l 6952 6953
l 6953 6954
l 6954 6955
l 6955 6956
l 6956 6957
l 6957 6958
l 6958 6959
l 6959 6960
l 6960 6961
l 6961 6962
l 6962 6963
l 6963 6964
l 6964 6965
l 6965 6966
l 6966 6967
l 6967 6968
l 6968 6969
l 6969 6970
l 6970 6971
l 6971 6972
l 6972 6973
l 6973 6974
l 6974 6975
l 6975 6976
l 6976 6977
l 6977 6978
l 6978 6979
l 6979 6980
l 6980 6981
l 6981 6982
l 6982 6983
l 6983 6984
l 6984 6985
l 6985 6986
l 6986 6987
l 6987 6988
l 6988 6989
l 6989 6990
l 6990 6991
l 6991 6992
l 6992 6993
l 6993 6994
l 6994 6995
l 6995 6996
l 6996 6997
l 6997 6998
l 6998 6999
l 6999 7000
l 7000 7001
l 7001 7002
l 7002 7003
l 7003 7004
l 7004 7005
l 7005 7006
l 7006 7007
l 7007 7008
l 7008 7009
l 7009 7010
l 7010 7011
l 7011 7012
l 7012 7013
l 7013 7014
l 7014 7015
l 7015 7016
l 7016 7017
l 7017 7018
l 7018 7019
l 7019 7020
l 7020 7021
l 7021 7022
l 7022 7023
l 7023 7024
l 7024 7025
l 7025 7026
l 7026 7027
l 7027 7028
l 7028 7029
l 7029 7030
l 7030 7031
l 7031 7032
l 7032 7033
l 7033 7034
l 7034 7035
l 7035 7036
l 7036 7037
l 7037 7038
l 7038 7039
l 7039 7040
l 7040 7041
l 7041 7042
l 7042 7043
l 7043 7044
l 7044 7045
l 7045 7046
l 7046 7047
l 7047 7048
l 7048 7049
l 7049 7050
l 7050 7051
l 7051 7052
l 7052 7053
l 7053 7054
l 7054 7055
l 7055 7056
l 7056 7057
l 7057 7058
l 7058 7059
l 7059 7060
l 7060 7061
l 7061 7062
l 7062 7063
l 7063 7064
l 7064 7065
l 7065 7066
l 7066 7067
l 7067 7068
l 7068 7069
l 7069 7070
l 7070 7071
l 7071 7072
l 7072 7073
l 7073 7074
l 7074 7075
l 7075 7076
l 7076 7077
l 7077 7078
l 7078 7079
l 7079 7080
l 7080 7081
l 7081 7082
l 7082 7083
l 7083 7084
l 7084 7085
l 7085 7086
l 7086 7087
l 7087 7088
l 7088 7089
l 7089 7090
l 7090 7091
l 7091 7092
l 7092 7093
l 7093 7094
l 7094 7095
l 7095 7096
l 7096 7097
l 7097 7098
l 7098 7099
l 7099 7100
l 7100 7101
l 7101 7102
l 7102 7103
l 7103 7104
l 7104 7105
l 7105 7106
l 7106 7107
l 7107 7108
l 7108 7109
l 7109 7110
l 7110 7111
l 7111 7112
l 7112 7113
l 7113 7114
l 7114 7115
l 7115 7116
l 7116 7117
l 7117 7118
l 7118 7119
l 7119 7120
l 7120 7121
l 7121 7122
l 7122 7123
l 7123 7124
l 7124 7125
l 7125 7126
l 7126 7127
l 7127 7128
l 7128 7129
l 7129 7130
l 7130 7131
l 7131 7132
l 7132 7133
l 7133 7134
l 7134 7135
l 7135 7136
l 7136 7137
l 7137 7138
l 7138 7139
l 7139 7140
l 7140 7141
l 7141 7142
l 7142 7143
l 7143 7144
l 7144 7145
l 7145 7146
l 7146 7147
l 7147 7148
l 7148 7149
l 7149 7150
l 7150 7151
l 7151 7152
l 7152 7153
l 7153 7154
l 7154 7155
l 7155 7156
l 7156 7157
l 7157 7158
l 7158 7159
l 7159 7160
l 7160 7161
l 7161 7162
l 7162 7163
l 7163 7164
l 7164 7165
l 7165 7166
l 7166 7167
l 7167 7168
l 7168 7169
l 7169 7170
l 7170 7171
l 7171 7172
l 7172 7173
l 7173 7174
l 7174 7175
l 7175 7176
l 7176 7177
l 7177 7178
l 7178 7179
l 7179 7180
l 7180 7181
l 7181 7182
l 7182 7183
l 7183 7184
l 7184 7185
l 7185 7186
l 7186 7187
l 7187 7188
l 7188 7189
l 7189 7190
l 7190 7191
l 7191 7192
l 7192 7193
l 7193 7194
l 7194 7195
l 7195 7196
l 7196 7197
l 7197 7198
l 7198 7199
l 7199 7200
l 7200 7201
l 7201 7202
