# meshed torus II achiral_de015 (canonical 3601-point closed polylines)
o A
v 0.423174238 0.000000000 0.298924976
v 0.436334606 0.023803686 0.305556218
v 0.452826763 0.045725896 0.300298234
v 0.462740893 0.071331516 0.307046469
v 0.468106062 0.095160962 0.319415515
v 0.471308125 0.117833944 0.334493733
v 0.478702026 0.144476365 0.340449416
v 0.486992311 0.170669777 0.338376899
v 0.494537593 0.196514330 0.331339289
v 0.498272042 0.224327896 0.334863215
v 0.500224165 0.251270664 0.341467967
v 0.499490694 0.273449716 0.358850603
v 0.500663622 0.301322003 0.362552876
v 0.500984750 0.329547291 0.364283378
v 0.500785146 0.355367737 0.353899798
v 0.498825009 0.380998771 0.343103283
v 0.495312826 0.409057448 0.342519329
v 0.490768583 0.436936330 0.341857183
v 0.487363733 0.461735687 0.354386334
v 0.482967246 0.487771363 0.362251663
v 0.476347978 0.515154688 0.359740408
v 0.468687237 0.542149641 0.356361413
v 0.458973355 0.563077936 0.340864539
v 0.447744135 0.582626539 0.324352454
v 0.436504134 0.607954414 0.318794992
v 0.424388374 0.632859095 0.313057127
v 0.413186830 0.658362195 0.312032231
v 0.405412582 0.684373401 0.319929259
v 0.394136937 0.709778207 0.320027629
v 0.379536873 0.732726800 0.312271200
v 0.364126592 0.754938726 0.303957242
v 0.347177854 0.772542527 0.290893108
v 0.329193621 0.779956733 0.270397547
v 0.310195623 0.792814944 0.254755448
v 0.291346959 0.811332212 0.244665991
v 0.271835421 0.828884037 0.234121083
v 0.253412734 0.848486470 0.226675677
v 0.240242247 0.873475075 0.227889696
v 0.223937551 0.895716381 0.224170723
v 0.203039118 0.910309592 0.211968240
v 0.181603220 0.923645937 0.199216263
v 0.159692763 0.935481181 0.185880114
v 0.137810491 0.936707079 0.168567506
v 0.116823725 0.931440457 0.150360997
v 0.093955842 0.932507109 0.134285792
v 0.070372797 0.940060710 0.120620614
v 0.046568789 0.946425611 0.106735048
v 0.022702844 0.952774028 0.093041186
v 0.002212180 0.969947470 0.084225852
v -0.017682225 0.987914457 0.075491993
v -0.040999276 0.994235585 0.061599506
v -0.064802001 0.995245715 0.046355860
v -0.088572519 0.995047938 0.031030063
v -0.111866227 0.991635874 0.015679797
v -0.131209738 0.976564935 0.001891553
v -0.149146813 0.958639130 -0.010598712
v -0.171092923 0.948399890 -0.024593883
v -0.194547948 0.942476943 -0.039247951
v -0.217710636 0.935347010 -0.053829491
v -0.240855081 0.929351468 -0.068620619
v -0.263573990 0.935354423 -0.084188332
v -0.285973350 0.940554835 -0.100415912
v -0.307736793 0.932020379 -0.115751084
v -0.328481496 0.919414244 -0.130266455
v -0.348703607 0.905740492 -0.144551178
v -0.366337584 0.887653994 -0.156291915
v -0.376676119 0.861727184 -0.160418437
v -0.388660791 0.836980127 -0.165825832
v -0.406889981 0.819254324 -0.178135837
v -0.424771823 0.801196912 -0.190550783
v -0.442063744 0.782527443 -0.202864795
v -0.461226988 0.771660006 -0.220184476
v -0.480159247 0.763989430 -0.239701737
v -0.496382173 0.747180472 -0.254796572
v -0.509781702 0.724754286 -0.265635666
v -0.522299042 0.701603475 -0.275995384
v -0.532072308 0.676315142 -0.282415333
v -0.534946343 0.648668886 -0.277474038
v -0.540626849 0.621439260 -0.277222897
v -0.550558023 0.596329975 -0.285640946
v -0.559491152 0.570680166 -0.293530754
v -0.569168222 0.547799108 -0.305911984
v -0.579937753 0.531130631 -0.326033052
v -0.586904916 0.507034334 -0.337616163
v -0.591138542 0.479645886 -0.343265337
v -0.594298517 0.451978866 -0.348147485
v -0.593933934 0.424777070 -0.342026511
v -0.592409642 0.398414834 -0.332187553
v -0.593207625 0.370338764 -0.334206036
v -0.593289045 0.342218021 -0.337235450
v -0.593117860 0.315872121 -0.345688065
v -0.592579022 0.293351752 -0.362628329
v -0.589026578 0.265760955 -0.365789785
v -0.584213019 0.237890384 -0.365962961
v -0.578976508 0.211728755 -0.358629524
v -0.574150765 0.188126635 -0.344011640
v -0.567268585 0.160898376 -0.341682585
v -0.559228018 0.133833955 -0.340063369
v -0.549085760 0.110265632 -0.350903302
v -0.537746914 0.085601617 -0.354790639
v -0.526237564 0.060092639 -0.350693359
v -0.517598013 0.037364087 -0.338081918
v -0.509124870 0.015206785 -0.324336817
v -0.495464885 -0.009027448 -0.319231861
v -0.478697181 -0.030847810 -0.320962782
v -0.460158801 -0.051089731 -0.323394915
v -0.443594207 -0.072752948 -0.315893063
v -0.433476381 -0.092565700 -0.299894191
v -0.419408270 -0.112720031 -0.287634440
v -0.400278788 -0.132057868 -0.280354151
v -0.375699279 -0.145504884 -0.282950205
v -0.355442618 -0.162683398 -0.273288638
v -0.342179873 -0.180354786 -0.257261838
v -0.324938697 -0.197024012 -0.243858946
v -0.301230756 -0.209122637 -0.236922301
v -0.275796221 -0.217476145 -0.231936777
v -0.255010827 -0.230565106 -0.218544946
v -0.239949121 -0.246183398 -0.201645123
v -0.215917316 -0.255346768 -0.190324040
v -0.189127088 -0.255944539 -0.184472011
v -0.166551047 -0.264536416 -0.170236966
v -0.148722864 -0.277303538 -0.153781272
v -0.123685392 -0.279388238 -0.142164966
v -0.098576034 -0.275975433 -0.132185415
v -0.077969789 -0.284432311 -0.116442384
v -0.054973679 -0.288512722 -0.101714189
v -0.031460364 -0.278761438 -0.091227292
v -0.007564229 -0.276496127 -0.076385050
v 0.014073696 -0.283423514 -0.061144195
v 0.036670967 -0.275226554 -0.047587165
v 0.057593142 -0.263712333 -0.033981470
v 0.080725765 -0.265922724 -0.019566085
v 0.103419177 -0.258192409 -0.004884059
v 0.119292278 -0.240492811 0.008841269
v 0.141963759 -0.234146259 0.023285036
v 0.164571502 -0.226872952 0.036947545
v 0.176803157 -0.207453156 0.051608247
v 0.195633431 -0.192926147 0.066804110
v 0.219577941 -0.185280752 0.078171268
v 0.234143468 -0.167024725 0.092933153
v 0.243991056 -0.146894742 0.108489041
v 0.265340661 -0.133624755 0.119011154
v 0.281930092 -0.115187825 0.131685102
v 0.285518213 -0.093420323 0.148291874
v 0.297734878 -0.072273902 0.162459948
v 0.318085298 -0.054724764 0.168959452
v 0.328533026 -0.031776842 0.181734862
v 0.327297119 -0.010189885 0.199424636
v 0.336217938 0.013550561 0.211880220
v 0.352359994 0.036112604 0.215297742
v 0.358483903 0.061327804 0.226548250
v 0.353792001 0.081756927 0.244708644
v 0.357407090 0.107205522 0.256363580
v 0.365965728 0.133118196 0.259541027
v 0.370506145 0.159791282 0.265062116
v 0.369351443 0.185381323 0.276108347
v 0.362244318 0.205261888 0.293991561
v 0.360732562 0.232060387 0.302908274
v 0.363030640 0.259275491 0.301055785
v 0.361120587 0.286658363 0.303377630
v 0.355556052 0.313456482 0.310413296
v 0.345849464 0.332859698 0.328344559
v 0.338069939 0.358092565 0.337367508
v 0.330140767 0.384698058 0.342600620
v 0.325176091 0.410518352 0.332926013
v 0.315463080 0.436557784 0.333011852
v 0.303725184 0.462085022 0.336258421
v 0.291307495 0.482919686 0.349916235
v 0.278433591 0.504561043 0.361348928
v 0.264542643 0.529106773 0.363473493
v 0.250057707 0.552932645 0.361979002
v 0.237151295 0.572746054 0.346540359
v 0.220406565 0.594804358 0.342916138
v 0.202445932 0.616635890 0.342047074
v 0.185073818 0.637279728 0.347867207
v 0.169667285 0.656360046 0.361722588
v 0.150362949 0.676777594 0.361201979
v 0.130159898 0.696371819 0.358397113
v 0.109735564 0.713403149 0.350300139
v 0.090852414 0.724208480 0.332271135
v 0.069133492 0.737971388 0.321583502
v 0.046106072 0.753469506 0.316151002
v 0.022600771 0.768064859 0.310335750
v 0.001554376 0.785594582 0.315518274
v -0.018793014 0.803593061 0.322840440
v -0.042913775 0.816743756 0.316623583
v -0.067456601 0.828296890 0.308615350
v -0.092192589 0.838308593 0.299390572
v -0.113665339 0.839267883 0.281351844
v -0.134156723 0.837050233 0.262054325
v -0.159118949 0.841578190 0.250014636
v -0.184882077 0.847049623 0.239705533
v -0.210685230 0.851365981 0.228957203
v -0.236260279 0.861721716 0.225206606
v -0.260562008 0.876118438 0.226173474
v -0.286352018 0.882690905 0.218430218
v -0.311680716 0.883549352 0.205872760
v -0.336837069 0.883257027 0.192948533
v -0.360365395 0.879352316 0.178377556
v -0.375877025 0.864747716 0.159980872
v -0.391559368 0.849483053 0.142233237
v -0.415151510 0.843097228 0.128149682
v -0.439036952 0.836782845 0.114381309
v -0.462472825 0.829343580 0.100403885
v -0.487914774 0.827595241 0.088932761
v -0.514405017 0.832505926 0.080347027
v -0.540143255 0.832990571 0.069250371
v -0.561767346 0.822768723 0.054255105
v -0.582318282 0.810771395 0.038968403
v -0.602195822 0.797769776 0.023612645
v -0.616657031 0.779374790 0.008687792
v -0.621541571 0.754469033 -0.003732254
v -0.629758375 0.731002370 -0.016583016
v -0.646710006 0.713764496 -0.031208436
v -0.663283473 0.696118183 -0.045833282
v -0.679030526 0.677680926 -0.060387570
v -0.699910615 0.667274137 -0.075752220
v -0.722797390 0.662181365 -0.091533098
v -0.740533639 0.648177396 -0.107557491
v -0.752257199 0.627002150 -0.122190267
v -0.762990562 0.605163695 -0.136606498
v -0.772176716 0.582339260 -0.150462162
v -0.772097503 0.555454858 -0.158241701
v -0.767861591 0.527832868 -0.162553730
v -0.769776628 0.501421263 -0.171460188
v -0.776251909 0.476935819 -0.184049434
v -0.781614708 0.452013081 -0.196299133
v -0.787973908 0.428341063 -0.209890691
v -0.801110573 0.412650222 -0.229311755
v -0.811404769 0.394613418 -0.248002656
v -0.812384550 0.368934210 -0.259657068
v -0.811686711 0.342734162 -0.270288884
v -0.809567926 0.316306124 -0.280041455
v -0.800588891 0.289843131 -0.280241926
v -0.789162016 0.264305229 -0.276229781
v -0.782798294 0.237525097 -0.281251294
v -0.777706391 0.210931309 -0.289424267
v -0.771527751 0.184431079 -0.297126309
v -0.770274886 0.162081544 -0.313733814
v -0.769278537 0.141474286 -0.332854401
v -0.759983617 0.116050526 -0.340379727
v -0.748882868 0.090594571 -0.345739390
v -0.736164250 0.065776991 -0.347758604
v -0.721220115 0.044858514 -0.336171909
v -0.706816185 0.021592046 -0.332285299
v -0.692808776 -0.002747687 -0.335651496
v -0.677974385 -0.026555809 -0.339073905
v -0.665673815 -0.046988764 -0.353985233
v -0.650812727 -0.067493548 -0.365435949
v -0.632645147 -0.089164739 -0.365951596
v -0.613717114 -0.110123604 -0.365344696
v -0.597551741 -0.127735262 -0.350864207
v -0.579401209 -0.146570674 -0.342332273
v -0.558870373 -0.165978378 -0.340998080
v -0.537617873 -0.183705145 -0.343799311
v -0.516056987 -0.197750655 -0.355273684
v -0.493102668 -0.213855050 -0.352934789
v -0.469943257 -0.229268485 -0.348042580
v -0.453905223 -0.243783900 -0.330151819
v -0.431509597 -0.258095637 -0.321999813
v -0.406901310 -0.271077984 -0.317095688
v -0.380792287 -0.277628716 -0.325123829
v -0.355055801 -0.287401963 -0.320039516
v -0.330765321 -0.297490043 -0.310392420
v -0.313345423 -0.309831926 -0.292119545
v -0.287520437 -0.317744074 -0.283795602
v -0.260407632 -0.320344913 -0.281971706
v -0.233323522 -0.321460968 -0.278778934
v -0.207835827 -0.325972405 -0.267693942
v -0.189128605 -0.335921984 -0.249388296
v -0.162930726 -0.337907725 -0.238941591
v -0.136184652 -0.330351041 -0.237091390
v -0.110321539 -0.328547131 -0.226142212
v -0.089592441 -0.334341586 -0.209275234
v -0.065148078 -0.333457181 -0.195998450
v -0.041038589 -0.322378229 -0.189260214
v -0.016956526 -0.314107555 -0.178025729
v 0.004664742 -0.316309724 -0.161473703
v 0.028141496 -0.310349312 -0.147550839
v 0.047445068 -0.292476994 -0.139639693
v 0.069557070 -0.282260789 -0.125309233
v 0.091886244 -0.281425708 -0.108979300
v 0.111830090 -0.267131115 -0.095766942
v 0.126959540 -0.247542433 -0.084354909
v 0.148272185 -0.239614567 -0.068949879
v 0.168082388 -0.227160672 -0.054163104
v 0.177547218 -0.204454214 -0.042071057
v 0.194691792 -0.188306718 -0.026765537
v 0.214931760 -0.177130142 -0.012653817
v 0.222927813 -0.155040269 0.001209780
v 0.232981992 -0.133877015 0.016239254
v 0.252603681 -0.119691975 0.029202121
v 0.261681878 -0.097669928 0.043907750
v 0.262714946 -0.074701808 0.058969653
v 0.276919686 -0.055186658 0.071682066
v 0.287042398 -0.033161993 0.084907626
v 0.282300601 -0.011212810 0.100678932
v 0.287419759 0.012468241 0.115142775
v 0.299635639 0.035272959 0.124607065
v 0.298796991 0.058936683 0.139060695
v 0.292111398 0.079930332 0.155124762
v 0.296007705 0.105030529 0.165815507
v 0.299027287 0.130629092 0.175097428
v 0.291127427 0.151829762 0.190246108
v 0.282731862 0.173022640 0.205476498
v 0.281954101 0.199208938 0.213134276
v 0.278843345 0.225343024 0.220519124
v 0.268171053 0.246740751 0.234314641
v 0.254995142 0.264641684 0.250491754
v 0.245150405 0.288973853 0.260706176
v 0.240463829 0.316401810 0.259937609
v 0.227395091 0.339670075 0.269304708
v 0.211433581 0.355151134 0.285557491
v 0.195795662 0.374116446 0.298273690
v 0.180542908 0.396543080 0.305612813
v 0.168954519 0.421460736 0.300022489
v 0.150918647 0.442205393 0.306567185
v 0.132151257 0.458687100 0.318020874
v 0.113651827 0.471278313 0.334036105
v 0.093462266 0.490155167 0.340036712
v 0.073814964 0.509490175 0.339016278
v 0.054671938 0.528264859 0.331181543
v 0.031755432 0.544468702 0.334626116
v 0.008549670 0.558975446 0.340357449
v -0.011367047 0.568432065 0.357962633
v -0.035409774 0.582153355 0.362395300
v -0.060284618 0.595489490 0.364225737
v -0.083535827 0.607375816 0.354880593
v -0.106889847 0.617434100 0.343299338
v -0.133381006 0.627294036 0.342580991
v -0.160213094 0.636143722 0.341702394
v -0.184083552 0.644558025 0.353429281
v -0.208903783 0.652696745 0.362409913
v -0.236248868 0.659487719 0.359942022
v -0.263766184 0.665244011 0.356838648
v -0.287235080 0.666593689 0.342129608
v -0.309355838 0.665496446 0.324944309
v -0.336963124 0.667169202 0.319187584
v -0.364656029 0.667948259 0.313491230
v -0.392473327 0.669492688 0.311739054
v -0.419176356 0.674522563 0.319533577
v -0.446890817 0.676629603 0.320572241
v -0.474001809 0.674300095 0.312856138
v -0.500833843 0.670908119 0.304579600
v -0.524885303 0.664435682 0.292206844
v -0.539830499 0.651983054 0.271715594
v -0.559384275 0.640720731 0.255467895
v -0.584533505 0.632576429 0.245410594
v -0.609135109 0.623400624 0.234897619
v -0.634588796 0.615200024 0.226362412
v -0.662779414 0.613556651 0.225918235
v -0.690646492 0.610481841 0.223613606
v -0.714021092 0.599538654 0.212434161
v -0.735752369 0.586675390 0.199696028
v -0.756425838 0.572735465 0.186409037
v -0.767886560 0.553993456 0.169178882
v -0.772852247 0.532954696 0.150945460
v -0.784079487 0.513058107 0.134778707
v -0.801668475 0.495620556 0.121121590
v -0.818304875 0.477438882 0.107243281
v -0.834879351 0.459144271 0.093526850
v -0.859391946 0.448657251 0.084600205
v -0.884597704 0.439395736 0.075968297
v -0.901171725 0.421767547 0.062163155
v -0.913059128 0.401118280 0.046923000
v -0.923860041 0.379940484 0.031599703
v -0.931792412 0.357752924 0.016238388
v -0.927493220 0.333645963 0.002399116
v -0.919813027 0.309483544 -0.010104431
v -0.920559515 0.285263668 -0.024060564
v -0.926133139 0.261724536 -0.038716616
v -0.930509466 0.237889890 -0.053301739
v -0.935641033 0.214491513 -0.068069545
v -0.951332853 0.196999588 -0.083629678
v -0.966425166 0.179609559 -0.099826996
v -0.969143821 0.156451979 -0.115208637
v -0.967538371 0.132235294 -0.129731927
v -0.964744296 0.107989822 -0.144025453
v -0.957061196 0.083985939 -0.155914131
v -0.938928902 0.062809581 -0.160170176
v -0.922256735 0.040866822 -0.165406109
v -0.914860979 0.016523563 -0.177676998
v -0.907100338 -0.007668970 -0.190105070
v -0.898456130 -0.031622014 -0.202387174
v -0.897412082 -0.053716078 -0.219573676
v -0.899418807 -0.074039006 -0.239102071
v -0.892267458 -0.096147311 -0.254385834
v -0.878559230 -0.118377735 -0.265242139
v -0.863801583 -0.140160182 -0.275620152
v -0.846011572 -0.160561021 -0.282288141
v -0.822833664 -0.175926594 -0.277513435
v -0.801123835 -0.193356259 -0.276906235
v -0.783428691 -0.213745259 -0.285340618
v -0.764799214 -0.233502081 -0.293250554
v -0.748721160 -0.252665062 -0.305339986
v -0.738930355 -0.269924490 -0.325464730
v -0.721019248 -0.287215642 -0.337396372
v -0.698676311 -0.303604473 -0.343068217
v -0.675609660 -0.319182852 -0.348057030
v -0.651283669 -0.331489690 -0.342271853
v -0.627202412 -0.342217908 -0.332282318
v -0.602637890 -0.355821380 -0.334081264
v -0.577730139 -0.368868737 -0.337135515
v -0.554124337 -0.380891952 -0.345210604
v -0.533988714 -0.390815095 -0.362283020
v -0.507948338 -0.400382399 -0.365769570
v -0.481000294 -0.408968882 -0.365967350
v -0.455236078 -0.416406113 -0.359078150
v -0.432144575 -0.422974770 -0.344296810
v -0.404861245 -0.429426783 -0.341731823
v -0.377139650 -0.434787810 -0.340079284
v -0.351450345 -0.436762251 -0.350510054
v -0.324440385 -0.437996105 -0.354929567
v -0.296495102 -0.439555650 -0.350856768
v -0.272092106 -0.442237128 -0.338706112
v -0.248766129 -0.445064921 -0.324515927
v -0.220958931 -0.444127490 -0.319432589
v -0.193797353 -0.439499381 -0.320727284
v -0.167345519 -0.432226780 -0.323662105
v -0.140477115 -0.427527105 -0.316181582
v -0.117989516 -0.427385956 -0.300582949
v -0.093847830 -0.424501171 -0.287932958
v -0.067842207 -0.416604555 -0.280428543
v -0.044562111 -0.401015211 -0.283087886
v -0.019984568 -0.390820772 -0.273669415
v 0.001968717 -0.386768403 -0.257971033
v 0.024570726 -0.379601218 -0.244244651
v 0.046450572 -0.364471048 -0.236898785
v 0.065409832 -0.345449894 -0.232379555
v 0.086614571 -0.332672588 -0.219208841
v 0.107436746 -0.326896462 -0.202088820
v 0.126830234 -0.310042585 -0.190553574
v 0.139571677 -0.286321591 -0.184967041
v 0.157496252 -0.269868241 -0.170890771
v 0.177187450 -0.260338755 -0.154272142
v 0.190962343 -0.239346663 -0.142397370
v 0.199177944 -0.215244547 -0.132720739
v 0.215895708 -0.200368503 -0.117063169
v 0.230443248 -0.182353169 -0.102238464
v 0.232920923 -0.157120961 -0.091679002
v 0.241577878 -0.134679867 -0.076969692
v 0.257836637 -0.118758219 -0.061684824
v 0.261512427 -0.094980176 -0.047992503
v 0.260464711 -0.071055964 -0.034553322
v 0.272761909 -0.051426783 -0.020098832
v 0.276884322 -0.027863633 -0.005426620
v 0.268382184 -0.005607855 0.008267084
v 0.272698539 0.017534368 0.022846218
v 0.277224693 0.040843695 0.036401177
v 0.266002320 0.060802281 0.051030453
v 0.261367582 0.084040177 0.066263276
v 0.265755622 0.108837550 0.077636220
v 0.256700288 0.130539803 0.092339336
v 0.242992633 0.148212406 0.107940385
v 0.240655565 0.173117504 0.118732960
v 0.232402622 0.196504457 0.131177890
v 0.214930851 0.209962729 0.147671838
v 0.201646480 0.230331328 0.161945468
v 0.195473063 0.256474761 0.168491805
v 0.180004235 0.276427848 0.181214221
v 0.160282667 0.285292797 0.198887599
v 0.143123496 0.303760892 0.211700626
v 0.130895981 0.328504545 0.214865448
v 0.111437207 0.345709797 0.226017014
v 0.091174627 0.351370174 0.243883830
v 0.070264289 0.365935846 0.255834838
v 0.051043626 0.385166936 0.259603745
v 0.029696792 0.401853062 0.264612562
v 0.006346520 0.413071170 0.275260085
v -0.014435065 0.415513766 0.293551017
v -0.038894316 0.426547575 0.302492625
v -0.062597710 0.440485554 0.302535888
v -0.087495797 0.452240496 0.303145485
v -0.113913497 0.459874516 0.309762078
v -0.135652881 0.460493494 0.326978674
v -0.161071939 0.464635371 0.337071293
v -0.188316033 0.469833610 0.342502228
v -0.213624977 0.477280647 0.333349832
v -0.241096937 0.480848560 0.332837191
v -0.269156800 0.482220835 0.336111254
v -0.293629858 0.480916105 0.349153413
v -0.318501977 0.479370525 0.361226599
v -0.346685923 0.478381046 0.363382019
v -0.374577605 0.476502103 0.362374797
v -0.398218347 0.474229404 0.347144076
v -0.425348802 0.469605831 0.342941700
v -0.453008274 0.463757200 0.342104742
v -0.479804597 0.457585446 0.346273153
v -0.504197022 0.452525521 0.359614493
v -0.531033513 0.445084558 0.361266549
v -0.557735363 0.436185207 0.358477373
v -0.582353053 0.425924272 0.350584519
v -0.600665920 0.414164834 0.332566340
v -0.622803140 0.401224508 0.321714435
v -0.647173681 0.387931845 0.316296720
v -0.670944405 0.373783693 0.310440422
v -0.696185774 0.363094951 0.315453715
v -0.721522552 0.353363060 0.322877187
v -0.744353581 0.338065799 0.316821808
v -0.765923850 0.321610134 0.308828533
v -0.786238794 0.304278159 0.299652452
v -0.797145544 0.285669265 0.281734052
v -0.804554582 0.266481923 0.262381696
v -0.819995904 0.246405329 0.250267777
v -0.836733227 0.226063609 0.239970721
v -0.852460627 0.205151946 0.229232422
v -0.873319760 0.187138295 0.225338778
v -0.897294626 0.172204450 0.226336087
v -0.915133784 0.152409662 0.218747523
v -0.927579849 0.130326955 0.206200835
v -0.938921436 0.107865297 0.193285405
v -0.946433134 0.085174196 0.178772934
v -0.940712501 0.064654775 0.160379092
v -0.934328523 0.043737063 0.142611324
v -0.939421483 0.019873672 0.128491189
v -0.944832966 -0.004235473 0.114728174
v -0.949039131 -0.028464049 0.100755530
v -0.959076656 -0.051879055 0.089236275
v -0.975621905 -0.073143696 0.080657840
v -0.988049592 -0.095739277 0.069630924
v -0.988989936 -0.119645089 0.054647319
v -0.987823280 -0.143414458 0.039362716
v -0.985455056 -0.167049098 0.024008364
v -0.975966479 -0.188432460 0.009055059
v -0.956137404 -0.204254318 -0.003389445
v -0.938977411 -0.222275573 -0.016219584
v -0.931454763 -0.245251449 -0.030842525
v -0.923440326 -0.268094155 -0.045469058
v -0.914292067 -0.290556224 -0.060017952
v -0.912811945 -0.313928993 -0.075397469
v -0.917481143 -0.336852932 -0.091288115
v -0.915502957 -0.359434738 -0.107630088
v -0.902587902 -0.379749174 -0.122404409
v -0.888121559 -0.399318062 -0.136817465
v -0.871992972 -0.417925694 -0.150628042
v -0.847871380 -0.430003558 -0.158192496
v -0.821420154 -0.438995815 -0.162536713
v -0.799069838 -0.453054400 -0.171656348
v -0.780297272 -0.470059149 -0.184241576
v -0.760617986 -0.486270406 -0.196484119
v -0.742766747 -0.502899782 -0.210232670
v -0.735037450 -0.521787963 -0.229726361
v -0.723411162 -0.539121029 -0.248244531
v -0.700978883 -0.551747298 -0.259818093
v -0.677382464 -0.563163575 -0.270440706
v -0.652896515 -0.573390437 -0.280116641
v -0.625216018 -0.577412342 -0.280019924
v -0.597280569 -0.579050967 -0.276059100
v -0.570642084 -0.585882806 -0.281379367
v -0.544679457 -0.593579516 -0.289543569
v -0.518344228 -0.600307756 -0.297330234
v -0.498150892 -0.609552633 -0.314196765
v -0.479256874 -0.618084088 -0.333197818
v -0.452274122 -0.621423793 -0.340464047
v -0.424562212 -0.623263275 -0.345814582
v -0.396685077 -0.623303792 -0.347547385
v -0.371275241 -0.619631739 -0.335849546
v -0.343931846 -0.617625008 -0.332339008
v -0.315876371 -0.616371937 -0.335697366
v -0.287937036 -0.614158432 -0.339234634
v -0.264252787 -0.612657480 -0.354388995
v -0.239081498 -0.608813240 -0.365447106
v -0.211484172 -0.602641015 -0.365955430
v -0.184178993 -0.595466131 -0.365239491
v -0.161228526 -0.589258537 -0.350459628
v -0.136025352 -0.581743530 -0.342317188
v -0.109353458 -0.572428875 -0.340974237
v -0.083904389 -0.561681187 -0.344066736
v -0.061493007 -0.548967161 -0.355429413
v -0.036618320 -0.536010045 -0.352873705
v -0.012292046 -0.522559065 -0.347886812
v 0.007897220 -0.515113426 -0.329781953
v 0.030979850 -0.501647362 -0.321925082
v 0.053808502 -0.485727566 -0.317097137
v 0.071573682 -0.465498473 -0.325246542
v 0.092132752 -0.447208892 -0.319929984
v 0.112241627 -0.430454466 -0.310059559
v 0.131226642 -0.420514450 -0.291947911
v 0.150110796 -0.401176963 -0.283674131
v 0.164718876 -0.378179632 -0.282149736
v 0.178308613 -0.354747374 -0.278632112
v 0.194072828 -0.334316992 -0.267417372
v 0.211481395 -0.322188332 -0.249193847
v 0.225257555 -0.299792555 -0.238787736
v 0.230826795 -0.272910176 -0.236886903
v 0.240982825 -0.249048810 -0.226112597
v 0.255716051 -0.233396546 -0.209193594
v 0.266119325 -0.211198486 -0.195969649
v 0.267288823 -0.184668838 -0.189300623
v 0.271103476 -0.159506462 -0.177992943
v 0.283081108 -0.141390735 -0.161408079
v 0.288509161 -0.117736167 -0.147519547
v 0.281949568 -0.092227271 -0.139261532
v 0.282418122 -0.067757015 -0.125210053
v 0.292145023 -0.047819744 -0.108939534
v 0.288525808 -0.023554072 -0.095770571
v 0.278188688 -0.001091135 -0.084311268
v 0.281058868 0.021460391 -0.068903229
v 0.279003710 0.044795647 -0.054121869
v 0.263183822 0.063641940 -0.042028309
v 0.256557107 0.086288881 -0.026700979
v 0.256027663 0.109619841 -0.012468784
v 0.239885607 0.126700570 0.001362759
v 0.225899476 0.145526264 0.016434039
v 0.222315661 0.169468537 0.029386629
v 0.206793024 0.187469903 0.044093047
v 0.186995913 0.199121837 0.059162162
v 0.176413672 0.220859012 0.071763472
v 0.161275405 0.239811697 0.085087098
v 0.139535339 0.246005105 0.100938636
v 0.120867789 0.261414899 0.115358188
v 0.106097250 0.282554921 0.124895959
v 0.084670748 0.292286332 0.139447647
v 0.062959469 0.296373883 0.155419708
v 0.042596731 0.311668921 0.165847045
v 0.021090411 0.325791169 0.175364272
v -0.001250108 0.328096975 0.190685011
v -0.024062684 0.330782298 0.205746439
v -0.047604751 0.342430631 0.213057079
v -0.072332530 0.351346876 0.220757311
v -0.096061675 0.351390694 0.234771423
v -0.118204795 0.348208947 0.250729543
v -0.144367249 0.350823735 0.260699089
v -0.170862802 0.359062566 0.260140547
v -0.197537280 0.358140353 0.269498392
v -0.218379861 0.350870143 0.286041987
v -0.242658733 0.345892120 0.298463284
v -0.269632138 0.342780910 0.305516108
v -0.297074059 0.343827452 0.300072054
v -0.323758575 0.337286411 0.306706630
v -0.346729106 0.328095996 0.318551077
v -0.366710277 0.317545310 0.334170800
v -0.392753500 0.308278585 0.340157608
v -0.418952660 0.299835795 0.338685436
v -0.444439052 0.291332565 0.331172496
v -0.469342808 0.278399819 0.334695804
v -0.492725156 0.264471596 0.340811167
v -0.510335876 0.251120345 0.358334969
v -0.533678305 0.236059726 0.362441771
v -0.556951644 0.220090529 0.364258939
v -0.578087998 0.204984702 0.354411220
v -0.597840516 0.188759988 0.343195356
v -0.618771475 0.169753267 0.342563164
v -0.638961551 0.149993237 0.341798148
v -0.657339989 0.132794785 0.353923792
v -0.676033748 0.114356062 0.362363627
v -0.694628400 0.093188815 0.359883735
v -0.712349378 0.071393023 0.356665602
v -0.724106826 0.051290736 0.341548541
v -0.733481721 0.030995682 0.324715137
v -0.747696433 0.007236659 0.319070514
v -0.761107227 -0.017002076 0.313361913
v -0.775398658 -0.040914123 0.312004643
v -0.792163661 -0.062277016 0.319866672
v -0.806598899 -0.086027749 0.320412548
v -0.816984393 -0.111175625 0.312686322
v -0.826294066 -0.136564638 0.304397909
v -0.831242878 -0.160711830 0.291650600
v -0.827009295 -0.179691123 0.271150257
v -0.826345049 -0.202465542 0.255252353
v -0.830665100 -0.228542350 0.245187434
v -0.833806363 -0.254606366 0.234662980
v -0.838436638 -0.281002495 0.226346678
v -0.850103499 -0.306740308 0.226087456
v -0.860019144 -0.332940875 0.223572258
v -0.860796449 -0.358680958 0.212165821
v -0.859348862 -0.383888330 0.199419890
v -0.856777743 -0.408824102 0.186322121
v -0.847094622 -0.428914411 0.169928225
v -0.829979631 -0.441857845 0.151535080
v -0.816380275 -0.459727850 0.135008208
v -0.809008347 -0.483375322 0.121355004
v -0.800537244 -0.506520099 0.107480201
v -0.791925004 -0.529655238 0.093762939
v -0.793864827 -0.556237927 0.084827557
v -0.797274188 -0.582884109 0.076220102
v -0.789297664 -0.605736037 0.062431669
v -0.776449777 -0.625803105 0.047193215
v -0.762632327 -0.645149301 0.031871142
v -0.746617383 -0.662437149 0.016507846
v -0.723255025 -0.669745681 0.002654836
v -0.698274331 -0.674051692 -0.009858340
v -0.677101458 -0.685836662 -0.023812260
v -0.658779548 -0.701630175 -0.038469266
v -0.639644627 -0.716498061 -0.053055888
v -0.621214694 -0.731810818 -0.067820549
v -0.612897502 -0.753792861 -0.083373789
v -0.604437819 -0.775217891 -0.099560754
v -0.585168189 -0.788329418 -0.114950080
v -0.562938383 -0.798063385 -0.129477182
v -0.540135433 -0.806755515 -0.143774960
v -0.515308287 -0.811028861 -0.155692462
v -0.488163251 -0.804705793 -0.159979230
v -0.461006095 -0.799969190 -0.165194615
v -0.435989748 -0.804607706 -0.177462605
v -0.410945136 -0.808866090 -0.189896266
v -0.385700672 -0.812221080 -0.202176525
v -0.365578244 -0.821443641 -0.219338637
v -0.348475604 -0.832604611 -0.238867636
v -0.325591987 -0.836489425 -0.254190122
v -0.299549121 -0.834564699 -0.265054297
v -0.273420441 -0.831503583 -0.275441166
v -0.247120930 -0.825143281 -0.282167027
v -0.222797230 -0.811655911 -0.277435793
v -0.197343366 -0.800362240 -0.276756888
v -0.171097661 -0.794049370 -0.285199584
v -0.144982380 -0.786617466 -0.293118822
v -0.120154134 -0.780578883 -0.304417428
v -0.099453088 -0.778998011 -0.323599881
v -0.076376365 -0.772164754 -0.337472978
v -0.051550680 -0.759853307 -0.343136711
v -0.027109146 -0.746548011 -0.348191079
v -0.004655170 -0.730972697 -0.344407017
v 0.015088538 -0.714582908 -0.332700493
v 0.038366110 -0.698981589 -0.334036427
v 0.061417682 -0.682881813 -0.337099146
v 0.082973070 -0.667450247 -0.345127499
v 0.101049966 -0.654165085 -0.362222860
v 0.121527956 -0.635466718 -0.365762192
v 0.141559850 -0.615500657 -0.365968917
v 0.160038343 -0.596035252 -0.359156536
v 0.176490408 -0.578567339 -0.344351051
v 0.194777817 -0.557327465 -0.341749692
v 0.212303268 -0.535188982 -0.340105407
v 0.225914662 -0.513291336 -0.350454391
v 0.239426430 -0.489895992 -0.354980377
v 0.253681516 -0.465807932 -0.350916322
v 0.267368976 -0.444562916 -0.339826424
v 0.280756368 -0.425556083 -0.324500458
v 0.292713935 -0.400434067 -0.319415372
v 0.301036713 -0.374180433 -0.320861486
v 0.306805636 -0.347356159 -0.323640226
v 0.314989913 -0.321337214 -0.316157616
v 0.325255723 -0.301411370 -0.300437689
v 0.333750096 -0.278543381 -0.287908301
v 0.338658826 -0.251804470 -0.280473121
v 0.335520818 -0.223962676 -0.283125973
v 0.337815850 -0.197466670 -0.273638107
v 0.344400828 -0.176200808 -0.257851586
v 0.348346315 -0.152746399 -0.244213494
v 0.344879386 -0.126367217 -0.236977163
v 0.336805137 -0.100775702 -0.232343631
v 0.335296094 -0.076112067 -0.219120262
v 0.339660369 -0.054927561 -0.202053584
v 0.333547518 -0.029964695 -0.190571461
v 0.318411280 -0.007731075 -0.184927146
v 0.312138474 0.015736391 -0.170815892
v 0.312640868 0.037617269 -0.154233582
v 0.300249337 0.059458827 -0.142418157
v 0.282712475 0.077884603 -0.132677860
v 0.277318427 0.099578147 -0.117001347
v 0.267887160 0.120771838 -0.102197568
v 0.246571479 0.134540735 -0.091656399
v 0.230699449 0.152599656 -0.076919978
v 0.224016473 0.174343749 -0.061642839
v 0.204535095 0.188455693 -0.047979603
v 0.182865445 0.198616847 -0.034507750
v 0.171149325 0.218614473 -0.020059732
v 0.152051408 0.233034973 -0.005385397
v 0.128390960 0.235747001 0.008312822
v 0.109895885 0.250309762 0.022865216
v 0.091212155 0.264961582 0.036443609
v 0.068319716 0.264098958 0.051077865
v 0.045564797 0.270770243 0.066303391
v 0.025560534 0.286048654 0.077677880
v 0.002149358 0.287882342 0.092393575
v -0.019874624 0.283945642 0.107984299
v -0.043051011 0.293423200 0.118721349
v -0.067625543 0.296751822 0.131217576
v -0.087586610 0.287369645 0.147735373
v -0.111810855 0.284999256 0.161986819
v -0.137869027 0.291557111 0.168519563
v -0.162683786 0.286964302 0.181263695
v -0.179627348 0.273530263 0.198939821
v -0.203931843 0.266805347 0.211738622
v -0.231540835 0.267348308 0.214877955
v -0.255753522 0.257961968 0.226049853
v -0.270035717 0.242534794 0.243972080
v -0.292653350 0.230704887 0.255868459
v -0.318610935 0.222549686 0.259523817
v -0.343204453 0.211201694 0.264640901
v -0.363838451 0.195610147 0.275358850
v -0.375634996 0.178296943 0.293579162
v -0.396682894 0.161653243 0.302519246
v -0.420002489 0.147072379 0.302419631
v -0.441850825 0.130313197 0.303166597
v -0.460781131 0.110367434 0.309781933
v -0.471240114 0.091368618 0.327126132
v -0.486700498 0.070682420 0.337089816
v -0.503860743 0.048885886 0.342477610
v -0.522122131 0.029872979 0.333202649
v -0.537904455 0.007078165 0.332848134
v -0.552030402 -0.017205659 0.336120990
v -0.562070872 -0.039485139 0.349332080
v -0.572197152 -0.062330637 0.361234453
v -0.584282483 -0.087811359 0.363388122
v -0.595443076 -0.113419491 0.362246884
v -0.604284848 -0.135433968 0.346961934
v -0.612671307 -0.161701886 0.342940125
v -0.620199462 -0.188952129 0.342100740
v -0.627053791 -0.215549171 0.346435394
v -0.633784035 -0.239532877 0.359779079
v -0.639508132 -0.266816819 0.361257929
v -0.643888770 -0.294619466 0.358467331
v -0.646594274 -0.321810628 0.352514268
v -0.644445732 -0.342887926 0.333932980
v -0.642770200 -0.367717857 0.321836765
v -0.642209481 -0.395475288 0.316434906
v -0.640589449 -0.423085448 0.310541660
v -0.642656030 -0.450437738 0.315401193
v -0.645713710 -0.477384312 0.322917736
v -0.642716121 -0.504711143 0.317010035
v -0.638055469 -0.531442618 0.309030954
v -0.632052908 -0.557480578 0.299899659
v -0.620635002 -0.575862083 0.282090651
v -0.607009778 -0.591218201 0.262688672
v -0.596266057 -0.614113349 0.250508007
v -0.585930054 -0.638348161 0.240222367
v -0.574619805 -0.661947578 0.229493641
v -0.568133453 -0.688704231 0.225481070
v -0.565917214 -0.716862542 0.226497718
v -0.556671040 -0.741886402 0.219049057
v -0.542813141 -0.763117642 0.206512562
v -0.528107161 -0.783540945 0.193605523
v -0.511477162 -0.800775253 0.179145858
v -0.490650489 -0.805236889 0.160754209
v -0.469145966 -0.809145737 0.142967936
v -0.450281786 -0.824566820 0.128815292
v -0.431380897 -0.840486426 0.115057388
v -0.411818649 -0.855391501 0.101089303
v -0.395583878 -0.874995095 0.089527748
v -0.384312652 -0.899469221 0.080956940
v -0.370059821 -0.921009453 0.069993141
v -0.349292683 -0.932899108 0.055020193
v -0.327662496 -0.942826018 0.039737600
v -0.305598152 -0.951624526 0.024384601
v -0.282261796 -0.953222921 0.009405845
v -0.259085156 -0.942937990 -0.003061443
v -0.235202393 -0.935883250 -0.015874247
v -0.211339816 -0.939761064 -0.030495135
v -0.187375951 -0.943182336 -0.045123261
v -0.163220596 -0.945393331 -0.059669523
v -0.141738721 -0.954744564 -0.075038646
v -0.123541052 -0.969460625 -0.090916613
v -0.102637238 -0.978242081 -0.107261258
v -0.078663659 -0.976182641 -0.122049098
v -0.054632040 -0.972369867 -0.136467690
v -0.030673746 -0.967372874 -0.150644646
v -0.008323695 -0.953682296 -0.159683534
v 0.011036889 -0.933355303 -0.163018401
v 0.033153275 -0.918429237 -0.170864019
v 0.056902834 -0.909650989 -0.183467785
v 0.080372032 -0.899717846 -0.195735151
v 0.103410738 -0.891108297 -0.209216270
v 0.123859884 -0.892730203 -0.228575061
v 0.144485474 -0.891068195 -0.247400455
v 0.166056594 -0.877177921 -0.259134527
v 0.187085010 -0.861550248 -0.269790530
v 0.207493863 -0.844667136 -0.279625551
v 0.224072570 -0.822197980 -0.280104642
v 0.238339667 -0.798132285 -0.276075635
v 0.256471554 -0.777396153 -0.280853659
v 0.275295202 -0.757943254 -0.289052095
v 0.293406074 -0.737616004 -0.296718261
v 0.310998493 -0.723506005 -0.313064736
v 0.327276850 -0.710997680 -0.332308299
v 0.342745064 -0.688931029 -0.340106747
v 0.357180885 -0.665213476 -0.345495761
v 0.370231372 -0.640558721 -0.347835017
v 0.378778549 -0.616247591 -0.336420500
v 0.389381456 -0.591096443 -0.332109690
v 0.401235181 -0.565642230 -0.335505757
v 0.412167783 -0.539797461 -0.338864033
v 0.421846099 -0.517842030 -0.353457975
v 0.430078685 -0.494075811 -0.365368393
v 0.437353633 -0.466751820 -0.365940792
v 0.443610661 -0.439201146 -0.365490795
v 0.448714156 -0.415666265 -0.351407367
v 0.453654126 -0.390163374 -0.342380708
v 0.457721161 -0.362204286 -0.341075816
v 0.460065512 -0.334561476 -0.343493412
v 0.459173405 -0.308901790 -0.355144818
v 0.459090384 -0.280870533 -0.353129417
v 0.458342417 -0.253024870 -0.348396535
v 0.460860018 -0.231364060 -0.330832656
v 0.459834974 -0.205022461 -0.322243844
v 0.456353273 -0.177429140 -0.317234283
v 0.446827840 -0.152255696 -0.325049520
v 0.439865260 -0.125607503 -0.320399178
v 0.433890812 -0.099773885 -0.311130539
v 0.434136075 -0.078547282 -0.292612865
v 0.425837744 -0.052885910 -0.284195038
v 0.412676093 -0.029048864 -0.281849650
v 0.397725381 -0.006391605 -0.279259267
v 0.386508206 0.017101874 -0.268424186
v 0.384048794 0.038094777 -0.249964987
v 0.370698948 0.060683567 -0.239451735
v 0.349907096 0.078336544 -0.237045022
v 0.332994701 0.098126906 -0.226874326
v 0.325115432 0.118375212 -0.210364048
v 0.311057299 0.137946158 -0.196730282
v 0.288582200 0.151779848 -0.189524075
v 0.267540234 0.166309374 -0.178839711
v 0.256201115 0.185003303 -0.162530597
v 0.238558685 0.201095022 -0.148356630
v 0.213201242 0.207486059 -0.139905946
v 0.191436046 0.218853030 -0.126121319
v 0.178259694 0.236714431 -0.109818747
v 0.155322397 0.245541787 -0.096307681
v 0.130379842 0.246000859 -0.085255384
v 0.111154974 0.258250713 -0.069867715
v 0.090077555 0.267990027 -0.055037838
v 0.066093001 0.262927312 -0.042955572
v 0.042719387 0.266751324 -0.027647430
v 0.021980558 0.277674364 -0.013396033
v -0.000924797 0.272947727 0.000585857
v -0.023561114 0.267633461 0.015314842
v -0.046441905 0.275567128 0.028319668
v -0.069978666 0.270973148 0.043020724
v -0.089080469 0.258038572 0.058056438
v -0.113108036 0.257610697 0.071130772
v -0.137058255 0.254130226 0.084049471
v -0.152966284 0.238162956 0.099758963
v -0.174466369 0.227605020 0.114659912
v -0.200305758 0.225185576 0.123776453
v -0.219884810 0.211315701 0.138032479
v -0.232538809 0.193403286 0.154281078
v -0.254911265 0.181644474 0.165504236
v -0.278017158 0.169978448 0.174331401
v -0.291664470 0.151503438 0.189144283
v -0.303352175 0.132309772 0.204705953
v -0.323506238 0.115737043 0.213690803
v -0.344136496 0.098862770 0.219969100
v -0.357034138 0.077795153 0.232746734
v -0.362395281 0.057045952 0.249803227
v -0.376339593 0.034907396 0.260465731
v -0.396351774 0.015431376 0.259438705
v -0.407961044 -0.008611335 0.268744677
v -0.411984820 -0.030788161 0.284468030
v -0.417982607 -0.054247546 0.297727001
v -0.427319323 -0.079651806 0.305587133
v -0.441238635 -0.103391096 0.299762857
v -0.447941226 -0.130073826 0.306160893
v -0.451379204 -0.155686246 0.316329035
v -0.450448901 -0.177730203 0.333548980
v -0.454189345 -0.205051976 0.339774952
v -0.458588617 -0.232308177 0.339262050
v -0.463053328 -0.258694034 0.331101880
v -0.463152537 -0.286764022 0.334477495
v -0.461712878 -0.314187424 0.339916632
v -0.457965771 -0.335909974 0.357526709
v -0.455313043 -0.363366704 0.362296326
v -0.451911306 -0.391383299 0.364155712
v -0.448237716 -0.417369115 0.355298694
v -0.443083221 -0.442151218 0.343398870
v -0.435911164 -0.469487291 0.342618818
v -0.427705645 -0.496526790 0.341658367
v -0.420763817 -0.520983143 0.353058388
v -0.413206447 -0.545860665 0.362507788
v -0.403026780 -0.572135792 0.360067714
v -0.391902057 -0.597957224 0.356992292
v -0.379517370 -0.618164893 0.342695267
v -0.365932356 -0.635467512 0.325253703
v -0.351404947 -0.658981690 0.319429582
v -0.336109202 -0.682086640 0.313759063
v -0.321264508 -0.705666585 0.311745804
v -0.309968767 -0.730385782 0.319516093
v -0.295855307 -0.754330900 0.320911145
v -0.278347514 -0.775169993 0.313218305
v -0.260135494 -0.795175334 0.304967910
v -0.241006079 -0.811344740 0.292819051
v -0.222215341 -0.816508995 0.272371763
v -0.201791690 -0.825765088 0.255904685
v -0.180657338 -0.841656371 0.245866337
v -0.158997310 -0.856512728 0.235374144
v -0.137594085 -0.872500531 0.226730396
v -0.119948938 -0.894533667 0.226208289
v -0.101450900 -0.915621190 0.224046335
v -0.079084145 -0.928575493 0.213004378
v -0.056058310 -0.938967201 0.200284557
v -0.032751551 -0.948228696 0.187208534
v -0.010285429 -0.949728014 0.171093506
v 0.009098664 -0.940603577 0.152666128
v 0.030994665 -0.936096354 0.135929494
v 0.055370214 -0.940444873 0.122265582
v 0.079815079 -0.943647137 0.108403856
v 0.104310362 -0.946510859 0.094630367
v 0.127176424 -0.959883377 0.085425230
v 0.149148572 -0.975522897 0.077039112
v 0.173104831 -0.979594919 0.063447481
v 0.196844586 -0.977499071 0.048215364
v 0.220393240 -0.974210279 0.032897832
v 0.243309950 -0.968471588 0.017510616
v 0.260777320 -0.951420287 0.003550081
v 0.276039604 -0.931188487 -0.008982153
v 0.295934837 -0.917271216 -0.022841806
v 0.318413635 -0.908342471 -0.037502300
v 0.340448244 -0.898267315 -0.052094228
v 0.362435953 -0.888460033 -0.066807035
v 0.385810994 -0.890888219 -0.082352199
v 0.408748299 -0.893671532 -0.098477664
v 0.429447279 -0.883230266 -0.113971708
v 0.448359193 -0.868036707 -0.128512949
v 0.466611794 -0.851852830 -0.142826434
v 0.482209555 -0.832218165 -0.155073465
v 0.489371801 -0.805356677 -0.159640809
v 0.497211884 -0.778770469 -0.164454384
v 0.512773693 -0.758593490 -0.176628032
v 0.528127486 -0.738366878 -0.189081966
v 0.542705329 -0.717435546 -0.201288790
v 0.560010602 -0.703302827 -0.218151906
v 0.577885624 -0.693451507 -0.237707846
v 0.592194204 -0.675510850 -0.253448369
v 0.602523987 -0.651539646 -0.264340434
v 0.611900085 -0.626975291 -0.274763627
v 0.618712374 -0.600881347 -0.282028443
v 0.618148688 -0.573046060 -0.277652391
v 0.619458384 -0.545222518 -0.276335108
v 0.625908570 -0.518980917 -0.284653644
v 0.631397977 -0.492400468 -0.292609589
v 0.637286741 -0.467230634 -0.303355985
v 0.645467687 -0.448071648 -0.322456840
v 0.650390551 -0.424906218 -0.337076133
v 0.650950092 -0.397208982 -0.342779457
v 0.650451790 -0.369392313 -0.347874728
v 0.647193037 -0.342158809 -0.344975958
v 0.641691562 -0.317166103 -0.333056069
v 0.638470761 -0.289370536 -0.333809296
v 0.634860499 -0.261490951 -0.336916805
v 0.630993683 -0.234956215 -0.344150619
v 0.627698228 -0.212927318 -0.361515957
v 0.620662000 -0.186267678 -0.365723240
v 0.612221381 -0.159274134 -0.365975581
v 0.603373071 -0.133652694 -0.360055219
v 0.595517248 -0.111150884 -0.344927011
v 0.585191954 -0.085201489 -0.341837430
v 0.573661968 -0.059424754 -0.340233153
v 0.560600120 -0.036939238 -0.349633318
v 0.546083143 -0.014411448 -0.355229602
v 0.531315200 0.009373180 -0.351209310
v 0.518361511 0.031529135 -0.340957544
v 0.508044367 0.051987209 -0.324972385
v 0.491356476 0.074212566 -0.319773620
v 0.472541645 0.094415381 -0.318847073
v 0.451113194 0.110984593 -0.324226258
v 0.431836856 0.130300991 -0.316792703
v 0.417976872 0.148677260 -0.302053331
v 0.402556901 0.166747296 -0.288562358
v 0.381365889 0.183698556 -0.280668198
v 0.355300680 0.193901473 -0.283338625
v 0.332579603 0.207954184 -0.274475247
v 0.315699070 0.223336005 -0.259481940
v 0.297793182 0.238012921 -0.245059073
v 0.273261973 0.248225997 -0.236513088
v 0.246107848 0.252012014 -0.233180983
v 0.222392818 0.261183713 -0.220850027
v 0.207021888 0.275703603 -0.203015019
v 0.182246075 0.282342453 -0.191163318
v 0.155338280 0.278781490 -0.186002029
v 0.131193808 0.283494107 -0.172209168
v 0.112454059 0.294705634 -0.155296606
v 0.087349804 0.294896390 -0.142879366
v 0.062884576 0.286886300 -0.133838785
v 0.040608332 0.290936712 -0.118362980
v 0.017986675 0.293659948 -0.103334572
v -0.004266200 0.281970048 -0.092544762
v -0.027469082 0.275422170 -0.078151576
v -0.049849257 0.279672008 -0.062814748
v -0.071950932 0.269972519 -0.048848511
v -0.090453542 0.254501259 -0.035748909
v -0.113398355 0.252315779 -0.021171166
v -0.135297752 0.243249008 -0.006573486
v -0.148639496 0.223501701 0.007066135
v -0.169630556 0.212786182 0.021900664
v -0.191785823 0.204139400 0.035258368
v -0.202470280 0.183973917 0.049837713
v -0.217984408 0.166315470 0.065113753
v -0.240937295 0.155797066 0.076516682
v -0.254593028 0.136218864 0.091096695
v -0.260152507 0.114599416 0.106792494
v -0.278384896 0.097802657 0.118191786
v -0.293657355 0.078256843 0.130115838
v -0.295389922 0.056247262 0.146354228
v -0.303734771 0.033691219 0.160868080
v -0.321376567 0.013622438 0.167639474
v -0.329217497 -0.010460512 0.180169401
v -0.325238355 -0.031704473 0.197763368
v -0.330332964 -0.056307989 0.210720758
v -0.343390037 -0.080475271 0.214154551
v -0.346533694 -0.106302545 0.225152508
v -0.340064441 -0.126463227 0.242559106
v -0.339472470 -0.151598263 0.254976282
v -0.343555704 -0.178335839 0.259698352
v -0.345636716 -0.205413191 0.263882701
v -0.341770820 -0.231347559 0.274028257
v -0.331534961 -0.249408245 0.292751285
v -0.326487837 -0.275711526 0.301817868
v -0.323836148 -0.303046692 0.302900634
v -0.319660101 -0.330250713 0.302607867
v -0.310751254 -0.356255068 0.309267901
v -0.298916301 -0.374965455 0.325665335
v -0.287559351 -0.397567287 0.336604750
v -0.276120360 -0.422790077 0.342334273
v -0.267498939 -0.447864270 0.333965358
v -0.254925490 -0.472403564 0.332556108
v -0.239944185 -0.496162129 0.335879377
v -0.224708858 -0.515838715 0.348007961
v -0.209245558 -0.534883473 0.361033486
v -0.192250708 -0.557384111 0.363237388
v -0.174597501 -0.579195581 0.362953349
v -0.159103168 -0.597398567 0.348032546
v -0.139933888 -0.616792361 0.342980651
v -0.119263392 -0.636081535 0.342193908
v -0.098653663 -0.654498483 0.345628435
v -0.080476225 -0.671515360 0.358994912
v -0.059115668 -0.689176455 0.361453893
v -0.036495099 -0.705933358 0.358718484
v -0.013512230 -0.721197277 0.353549814
v 0.006347844 -0.729342269 0.335347179
v 0.028793000 -0.738844260 0.322242369
v 0.053664772 -0.751200928 0.316888449
v 0.078899185 -0.762511736 0.310951261
v 0.102501966 -0.776638493 0.314796596
v 0.124814356 -0.791865098 0.322773168
v 0.150353355 -0.802154998 0.317630704
v 0.176218116 -0.810404509 0.309697839
v 0.202132970 -0.817263194 0.300789141
v 0.224107852 -0.816223922 0.283562602
v 0.243861070 -0.811150218 0.263994875
v 0.268831454 -0.811739430 0.251312618
v 0.295112246 -0.813812011 0.241066197
v 0.321279290 -0.814709614 0.230368383
v 0.348000691 -0.820600141 0.225608845
v 0.374008971 -0.831618818 0.226685883
v 0.400555317 -0.835727799 0.220042755
v 0.425805637 -0.833281317 0.207536877
v 0.450736708 -0.829722276 0.194662601
v 0.474420562 -0.823791623 0.180674759
v 0.490056532 -0.808862308 0.162687308
v 0.503255705 -0.791461559 0.144744792
v 0.523635705 -0.779668342 0.129599581
v 0.546497998 -0.770269402 0.115853970
v 0.568765483 -0.759814514 0.101896661
v 0.593437426 -0.753975587 0.090132884
v 0.620351988 -0.755176386 0.081560230
v 0.646252475 -0.752948162 0.070837398
v 0.666499081 -0.740154487 0.055906893
v 0.685309818 -0.725569351 0.040629047
v 0.703320413 -0.710078035 0.025279238
v 0.716117225 -0.690487583 0.010201470
v 0.717774979 -0.665219739 -0.002332290
v 0.722003379 -0.640576182 -0.015044852
v 0.736332899 -0.621104404 -0.029653549
v 0.750449058 -0.601442455 -0.044285393
v 0.763577686 -0.581049584 -0.058836258
v 0.781427098 -0.565878611 -0.074155018
v 0.802867531 -0.556447351 -0.089999044
v 0.820693379 -0.542397765 -0.106366703
v 0.830069090 -0.520279317 -0.121203779
v 0.837801245 -0.497216478 -0.135635361
v 0.844448711 -0.473671415 -0.149826654
v 0.843197437 -0.447665302 -0.159281706
v 0.834090142 -0.421120936 -0.162666328
v 0.830500525 -0.394537086 -0.170130347
v 0.833693681 -0.369427905 -0.182751279
v 0.835743718 -0.344036192 -0.195040318
v 0.838399244 -0.319400208 -0.208281032
v 0.849134759 -0.301806237 -0.227517557
v 0.857655265 -0.283106848 -0.246620847
v 0.855440286 -0.257622721 -0.258500818
v 0.851298456 -0.231762903 -0.269181515
v 0.845862829 -0.205887359 -0.279167542
v 0.833863125 -0.180717680 -0.280169982
v 0.819030141 -0.157003292 -0.276080013
v 0.808698652 -0.131421541 -0.280366396
v 0.800150007 -0.105746949 -0.288594689
v 0.790489684 -0.080301834 -0.296288251
v 0.785670800 -0.057910788 -0.312027863
v 0.782336663 -0.037837479 -0.331492040
v 0.770185578 -0.014027650 -0.339775125
v 0.755825129 0.009727556 -0.345199773
v 0.740141727 0.032854845 -0.348459270
v 0.722394736 0.052557221 -0.339022469
v 0.704612502 0.072958324 -0.332108422
v 0.687471257 0.095207858 -0.335391901
v 0.669565533 0.116828872 -0.338682562
v 0.654442214 0.135639164 -0.352965942
v 0.637300242 0.153830044 -0.365241633
v 0.616424736 0.172888254 -0.365931771
v 0.594857547 0.191154232 -0.365624220
v 0.576182470 0.206614821 -0.351909321
v 0.555972149 0.222663953 -0.342417918
v 0.533041183 0.239171018 -0.341135677
v 0.509574068 0.254083366 -0.343196615
v 0.486447274 0.265119803 -0.355004839
v 0.461523239 0.277928781 -0.353279016
v 0.436430839 0.290097981 -0.348686722
v 0.418169252 0.302300575 -0.331415252
v 0.394554534 0.313574992 -0.322432665
v 0.368491610 0.323254464 -0.317326385
v 0.341760169 0.326570902 -0.324850397
v 0.314881136 0.332521773 -0.320677459
v 0.289060577 0.339038771 -0.311654284
v 0.270336274 0.349035351 -0.293130142
v 0.243871084 0.353626418 -0.284502120
v 0.216647479 0.353245431 -0.281703742
v 0.189642967 0.350159210 -0.279630836
v 0.163490095 0.350875411 -0.269008200
v 0.143818378 0.358488103 -0.250417933
v 0.117643722 0.357141228 -0.239846171
v 0.092349141 0.347188783 -0.237095688
v 0.067011966 0.340988079 -0.227326526
v 0.045224910 0.342917820 -0.211047664
v 0.021549109 0.339905948 -0.197181299
v -0.001231037 0.326744041 -0.189675681
v -0.023715086 0.314407729 -0.179342547
v -0.045591341 0.312489527 -0.163189056
v -0.067965232 0.304759833 -0.148853554
v -0.085535019 0.285551475 -0.140218986
v -0.105489675 0.271168890 -0.126662672
v -0.127423692 0.267728683 -0.110341482
v -0.146077455 0.251725838 -0.096698803
v -0.157783036 0.229553676 -0.085816309
v -0.177301131 0.217652505 -0.070441491
v -0.195913047 0.203964594 -0.055582676
v -0.202614020 0.180442050 -0.043506075
v -0.216475412 0.161176650 -0.028216820
v -0.235968868 0.148044336 -0.013947646
v -0.242940528 0.125667510 0.000121215
v -0.248105462 0.103020322 0.014738289
v -0.265588722 0.086340601 0.027785272
v -0.272824220 0.063425368 0.042459642
v -0.269870265 0.040485880 0.057486645
v -0.280070673 0.018785899 0.070793043
v -0.288572810 -0.003867937 0.083514230
v -0.282056187 -0.025416216 0.099148942
v -0.282322417 -0.049287054 0.114113981
v -0.292123063 -0.073321963 0.123261918
v -0.289289396 -0.097362807 0.137392247
v -0.278823770 -0.116577674 0.153758242
v -0.278305500 -0.141773553 0.165301692
v -0.279053975 -0.167726691 0.173855993
v -0.269308846 -0.188783715 0.188455566
v -0.257346232 -0.207579073 0.204228321
v -0.251610917 -0.232955721 0.213592647
v -0.246516852 -0.259192158 0.219545916
v -0.233958164 -0.280748587 0.232061640
v -0.217854745 -0.294678075 0.249381615
v -0.204600875 -0.317190567 0.260159973
v -0.196577925 -0.343938959 0.259180469
v -0.180663000 -0.365399374 0.268402608
v -0.162875253 -0.379563721 0.283789000
v -0.144805820 -0.395335385 0.297392442
v -0.126482932 -0.415207913 0.305584825
v -0.111875575 -0.438543705 0.299763000
v -0.091379314 -0.456906130 0.305912146
v -0.070191412 -0.472001745 0.315746550
v -0.050257698 -0.481146745 0.333222562
v -0.027747612 -0.497023323 0.339560468
v -0.005171310 -0.513061302 0.341215265
v 0.015320760 -0.529355294 0.331135976
v 0.040146232 -0.542471208 0.334297030
v 0.065239557 -0.553996144 0.339262512
v 0.086243777 -0.560675764 0.356875202
v 0.111708834 -0.570866634 0.362175864
v 0.138126992 -0.580789003 0.364070062
v 0.163074473 -0.589593602 0.356004983
v 0.187233397 -0.596456300 0.343560856
v 0.214781987 -0.602721916 0.342664083
v 0.242561541 -0.607922497 0.341561853
v 0.267675503 -0.613004644 0.352373445
v 0.293018206 -0.617816580 0.362625921
v 0.321027813 -0.620920477 0.360218755
v 0.349071949 -0.622977583 0.357176558
v 0.373943011 -0.621877656 0.344937242
v 0.395545261 -0.617819778 0.327207549
v 0.422460459 -0.615266804 0.319618585
v 0.450020210 -0.612353127 0.313968220
v 0.477782100 -0.609932084 0.311673192
v 0.504935459 -0.611264143 0.319408431
v 0.532699706 -0.609921877 0.321174758
v 0.559269212 -0.603995633 0.313499338
v 0.585426868 -0.597066909 0.305269664
v 0.608756938 -0.587643768 0.293328502
v 0.622154080 -0.573409786 0.272962643
v 0.639505615 -0.559457821 0.256247454
v 0.663358684 -0.548033574 0.246223475
v 0.686540701 -0.535671864 0.235748009
v 0.710507081 -0.523943005 0.226971265
v 0.738158357 -0.518327222 0.226345671
v 0.765439389 -0.511729031 0.224336226
v 0.787364457 -0.497961328 0.213447373
v 0.807219199 -0.482329754 0.200742490
v 0.826195329 -0.465922512 0.187678156
v 0.838213587 -0.446767859 0.171677907
v 0.839112727 -0.425373192 0.153240199
v 0.844936014 -0.403844157 0.136431083
v 0.859974773 -0.384196316 0.122743479
v 0.874099402 -0.363984984 0.108888750
v 0.887870726 -0.343536229 0.095094255
v 0.910091190 -0.329228015 0.085785499
v 0.934179868 -0.317013082 0.077484064
v 0.949061528 -0.297752701 0.063985188
v 0.958166344 -0.275725805 0.048756950
v 0.966124180 -0.253317883 0.033442147
v 0.971807840 -0.230359596 0.018045538
v 0.964873975 -0.206984500 0.004037674
v 0.953919519 -0.184137116 -0.008507679
v 0.950475742 -0.160080144 -0.022332405
v 0.952930677 -0.136019017 -0.036994734
v 0.954163454 -0.111823349 -0.051589359
v 0.955431697 -0.087744277 -0.066284832
v 0.968209809 -0.068029365 -0.081820113
v 0.981404082 -0.049020493 -0.097916411
v 0.981930186 -0.025888172 -0.113452662
v 0.977182193 -0.002102767 -0.128001413
v 0.971251121 0.021554353 -0.142323256
v 0.961753695 0.044657791 -0.155056523
v 0.942533661 0.064359117 -0.160979775
v 0.922236545 0.083440993 -0.165619717
v 0.909571360 0.106017115 -0.176483477
v 0.898689396 0.128959227 -0.188941315
v 0.886827567 0.151537297 -0.201154470
v 0.882269419 0.173405248 -0.218024629
v 0.881759809 0.193810933 -0.237578066
v 0.872417705 0.214774066 -0.253313938
v 0.855898333 0.234980790 -0.264211591
v 0.838413004 0.254613989 -0.274640513
v 0.818386051 0.272673709 -0.281908486
v 0.793413831 0.284985863 -0.277540546
v 0.769316659 0.298957942 -0.276233249
v 0.748994623 0.316766365 -0.284557896
v 0.727929330 0.333878020 -0.292520030
v 0.708297742 0.350695273 -0.303266974
v 0.695063949 0.366782812 -0.322369168
v 0.676780118 0.381822529 -0.337003628
v 0.652452868 0.395072184 -0.342714094
v 0.627532488 0.407438035 -0.347816750
v 0.601855121 0.417088834 -0.344947452
v 0.577133212 0.423705590 -0.333027772
v 0.550975934 0.433639654 -0.333768851
v 0.524566214 0.443272251 -0.336883537
v 0.499220537 0.452059830 -0.344091260
v 0.478161640 0.459284377 -0.361472788
v 0.451265026 0.465315369 -0.365716180
v 0.423416955 0.470252615 -0.365976489
v 0.396586589 0.474193782 -0.360103579
v 0.372997196 0.477575439 -0.344966711
v 0.345213478 0.480359024 -0.341852946
v 0.317022485 0.481993794 -0.340256080
v 0.291034073 0.480769088 -0.349597874
v 0.264369079 0.478248813 -0.355274617
v 0.236454824 0.476091626 -0.351261631
v 0.210791834 0.474771019 -0.341078886
v 0.187906092 0.475046936 -0.325045048
v 0.160494325 0.470473383 -0.319838127
v 0.133882835 0.463103173 -0.318842581
v 0.109319288 0.451690648 -0.324313234
v 0.083294097 0.443475127 -0.316886695
v 0.060561932 0.439569963 -0.302224147
v 0.037456476 0.434263968 -0.288659391
v 0.012648135 0.423271471 -0.280754537
v -0.008423137 0.404857933 -0.283407754
v -0.031353919 0.391128496 -0.274599436
v -0.052802023 0.383131859 -0.259676671
v -0.074058604 0.374091537 -0.245185290
v -0.094458040 0.357072719 -0.236575311
v -0.110294653 0.334662578 -0.233326301
v -0.129352360 0.317811632 -0.221017306
v -0.149328243 0.310878359 -0.203160830
v -0.166649030 0.291965210 -0.191295258
v -0.175870367 0.266420188 -0.186164488
v -0.191144706 0.247101674 -0.172402898
v -0.209761222 0.235689464 -0.155458365
v -0.221581930 0.213541031 -0.142986205
v -0.225658434 0.188088585 -0.134014785
v -0.239021051 0.169417168 -0.118612416
v -0.252444810 0.151117218 -0.103361683
v -0.252667381 0.126278940 -0.092521339
v -0.257112949 0.102599558 -0.078330839
v -0.271195685 0.084692783 -0.062988093
v -0.272872243 0.060608218 -0.048996340
v -0.267561989 0.037057076 -0.035931623
v -0.276071898 0.015648009 -0.021337683
v -0.278235004 -0.007929316 -0.006749817
v -0.266836400 -0.029059205 0.007007202
v -0.266078679 -0.052626943 0.022009279
v -0.269547687 -0.076081985 0.035082336
v -0.256677824 -0.094925147 0.049659093
v -0.248047111 -0.116758834 0.064932484
v -0.249286201 -0.141976224 0.076344267
v -0.238283591 -0.163208150 0.090910689
v -0.221573554 -0.178007917 0.106616391
v -0.214954894 -0.201875027 0.118088768
v -0.204753755 -0.224486069 0.129952374
v -0.186060838 -0.236249715 0.146159052
v -0.169841954 -0.253957092 0.160702907
v -0.160142697 -0.278837937 0.167501605
v -0.142394524 -0.296911268 0.180019268
v -0.121713059 -0.303183013 0.197596897
v -0.102216680 -0.319016644 0.210570757
v -0.086757240 -0.341691469 0.214065323
v -0.065306635 -0.356422837 0.225019769
v -0.044423761 -0.360037257 0.242374990
v -0.021851644 -0.371014132 0.254845000
v 0.000025551 -0.386895985 0.259662193
v 0.023073496 -0.401270952 0.263770537
v 0.047888996 -0.409827611 0.273872603
v 0.068620935 -0.409026377 0.292622654
v 0.094287303 -0.416643792 0.301714311
v 0.119783842 -0.426842228 0.302890303
v 0.145840649 -0.435703275 0.302525610
v 0.173024433 -0.439770790 0.309192481
v 0.195122143 -0.437912474 0.325520630
v 0.220372526 -0.438202492 0.336532999
v 0.248025935 -0.439658263 0.342288192
v 0.274265538 -0.443544985 0.333979727
v 0.301829503 -0.443701909 0.332513409
v 0.329817021 -0.441344210 0.335844042
v 0.354321607 -0.436883474 0.347918952
v 0.378320288 -0.431916892 0.361003804
v 0.406118531 -0.427191576 0.363215194
v 0.433613765 -0.421561811 0.362973529
v 0.456918729 -0.416194023 0.348072990
v 0.482951224 -0.408113821 0.342986169
v 0.509592062 -0.398647063 0.342206790
v 0.535433102 -0.388825948 0.345617783
v 0.558903461 -0.380520632 0.358990219
v 0.584412073 -0.369693886 0.361482195
v 0.609703440 -0.357329717 0.358754467
v 0.633843071 -0.343956894 0.353607631
v 0.650230797 -0.330080053 0.335415795
v 0.668995504 -0.314533905 0.322300058
v 0.691417870 -0.298144842 0.316952841
v 0.713078967 -0.280952258 0.311022248
v 0.736482617 -0.266499508 0.314867389
v 0.760268011 -0.253701581 0.322854357
v 0.781162935 -0.235768329 0.317720620
v 0.800397309 -0.216606308 0.309794306
v 0.818419751 -0.196759307 0.300890876
v 0.827617559 -0.176775539 0.283662998
v 0.832217534 -0.156905462 0.264096533
v 0.844249276 -0.135009810 0.251424950
v 0.858192454 -0.112634174 0.241183682
v 0.871040028 -0.089818330 0.230490671
v 0.888584351 -0.068814422 0.225753217
v 0.910338306 -0.050798261 0.226840303
v 0.926194187 -0.029117462 0.220187629
v 0.935652179 -0.005575511 0.207686263
v 0.943975005 0.018195471 0.194816031
v 0.949603449 0.041947988 0.180824086
v 0.943542688 0.062695488 0.162831559
v 0.934186202 0.082427667 0.144886339
v 0.933131962 0.105958064 0.129750270
v 0.935317753 0.130581479 0.116007036
v 0.936293188 0.155163114 0.102051979
v 0.939687310 0.179799464 0.089203072
v 0.953552122 0.202954464 0.080942708
v 0.965443003 0.226511121 0.071223380
v 0.963933885 0.250426894 0.056442614
v 0.959682989 0.273849141 0.041168029
v 0.954256691 0.296978960 0.025820276
v 0.942994906 0.317480666 0.010719325
v 0.921443997 0.330687755 -0.001875921
v 0.901325433 0.345618030 -0.014545345
v 0.890588286 0.367279137 -0.029148919
v 0.879662168 0.388875716 -0.043782997
v 0.867632003 0.409933050 -0.058336948
v 0.862140353 0.432708769 -0.073630263
v 0.863618610 0.456097057 -0.089454369
v 0.859643500 0.478462252 -0.105830556
v 0.844412776 0.497016632 -0.120692321
v 0.827525534 0.514517383 -0.135131775
v 0.809709911 0.531277908 -0.149331768
v 0.786244318 0.542372407 -0.158990655
v 0.758493907 0.546518715 -0.162405235
v 0.733093912 0.555365776 -0.169689530
v 0.712294873 0.569781221 -0.182320930
v 0.690717722 0.583312368 -0.194621064
v 0.669912088 0.596934383 -0.207748415
v 0.659131883 0.614558683 -0.226924261
v 0.646734889 0.630868020 -0.246162957
v 0.623162544 0.640703409 -0.258117215
v 0.598313725 0.648955358 -0.268813114
v 0.572884763 0.656109837 -0.278877080
v 0.545041176 0.657208541 -0.280143965
v 0.517164659 0.654933939 -0.276028492
v 0.489663782 0.657405808 -0.280072670
v 0.462944711 0.661659889 -0.288316615
v 0.435918107 0.664827900 -0.296029354
v 0.413608070 0.670749743 -0.311463710
v 0.394381865 0.677127763 -0.331041076
v 0.367763138 0.677428667 -0.339574101
v 0.340066204 0.675644830 -0.345020269
v 0.312307240 0.672449576 -0.348519770
v 0.286579239 0.665799536 -0.339271133
v 0.260358797 0.659351353 -0.332057528
v 0.232710080 0.654390676 -0.335284073
v 0.205215294 0.648388553 -0.338107493
v 0.181027871 0.643336710 -0.350566587
v 0.158036308 0.637097599 -0.364975157
v 0.131510601 0.627407203 -0.365918150
v 0.105334236 0.616705027 -0.365833478
v 0.082781772 0.607131340 -0.352700791
v 0.059452535 0.596739853 -0.342470153
v 0.034218020 0.584026734 -0.341221877
v 0.010024225 0.570125094 -0.342718982
v -0.010402279 0.554770130 -0.354749645
v -0.033212096 0.538525494 -0.353494783
v -0.055606788 0.521823877 -0.349119158
v -0.074978487 0.510965176 -0.332302211
v -0.095763045 0.495565110 -0.322703710
v -0.116424084 0.476983907 -0.317447106
v -0.131925330 0.454910912 -0.324517471
v -0.149404498 0.433667181 -0.321077230
v -0.167079306 0.413511549 -0.312432210
v -0.184579597 0.401506939 -0.293897894
v -0.200939006 0.380413241 -0.284945104
v -0.213584131 0.356298192 -0.281451981
v -0.222950728 0.330722120 -0.280167524
v -0.235577170 0.307670660 -0.269763145
v -0.251376423 0.293670290 -0.251214600
v -0.262430248 0.270071801 -0.240414138
v -0.265790018 0.243231187 -0.237141475
v -0.271531801 0.217699332 -0.227977724
v -0.282838484 0.198634479 -0.212079376
v -0.291601194 0.176866924 -0.197832381
v -0.291083943 0.150672620 -0.189849419
v -0.289939772 0.124930599 -0.180068029
v -0.297690116 0.104165956 -0.164162725
v -0.301858800 0.081215805 -0.149570826
v -0.293543512 0.056725394 -0.140648366
v -0.289445679 0.032398491 -0.127443713
v -0.296433477 0.011338601 -0.111129428
v -0.291502195 -0.012716173 -0.097255415
v -0.276758748 -0.033235015 -0.086626083
v -0.274409790 -0.056093613 -0.071271252
v -0.271721204 -0.078892676 -0.056368648
v -0.254436860 -0.095988426 -0.044206316
v -0.243067476 -0.116835503 -0.029049593
v -0.240697442 -0.140292074 -0.014743728
v -0.224651657 -0.157512849 -0.000539026
v -0.206413799 -0.171889657 0.013905656
v -0.199562134 -0.194976996 0.027015191
v -0.183008644 -0.212523485 0.041649317
v -0.161065073 -0.220128308 0.056663633
v -0.145928290 -0.238655068 0.070309455
v -0.130408892 -0.257238665 0.082741375
v -0.108422953 -0.262039588 0.098260563
v -0.087269281 -0.272710986 0.113322201
v -0.070498451 -0.292522458 0.122518063
v -0.047872636 -0.301668777 0.136493869
v -0.026016681 -0.300740207 0.153001796
v -0.003255354 -0.311325083 0.165026924
v 0.019210000 -0.324612239 0.173169429
v 0.042714940 -0.326458635 0.187447470
v 0.064563238 -0.323790841 0.203536542
v 0.089745960 -0.329883602 0.213474346
v 0.115319271 -0.338065933 0.218933524
v 0.140574073 -0.337347535 0.231094035
v 0.160013654 -0.329054967 0.248772145
v 0.186036626 -0.327585975 0.259725271
v 0.213460702 -0.332862323 0.258815127
v 0.239896464 -0.328784969 0.267906628
v 0.261171242 -0.319862043 0.282765815
v 0.282991676 -0.310813190 0.296905935
v 0.309008834 -0.303668176 0.305301352
v 0.336425657 -0.301388907 0.299851982
v 0.362272682 -0.291914612 0.305552174
v 0.385784727 -0.280188931 0.314882905
v 0.402807160 -0.266665976 0.332741030
v 0.427218904 -0.254007636 0.339249937
v 0.451841739 -0.241191401 0.341650254
v 0.475768223 -0.230744805 0.331112069
v 0.498898914 -0.214815825 0.334116136
v 0.520878826 -0.197857188 0.338624395
v 0.536549302 -0.182258903 0.356127511
v 0.557110506 -0.164448313 0.362057536
v 0.578110631 -0.145600369 0.363985760
v 0.597553452 -0.127393370 0.356653410
v 0.614728746 -0.109301602 0.343718034
v 0.633005747 -0.087769325 0.342707770
v 0.650444583 -0.065527464 0.341634894
v 0.666596403 -0.045379311 0.351705744
v 0.682474113 -0.025305166 0.362584569
v 0.698181903 -0.001905062 0.360365807
v 0.712958072 0.022023335 0.357356100
v 0.723754410 0.044764701 0.345764112
v 0.730064933 0.065683014 0.327839103
v 0.740079014 0.090659552 0.319906529
v 0.750227545 0.116454739 0.314286849
v 0.759912009 0.142473828 0.309505732
v 0.773553495 0.165847960 0.317330637
v 0.785951707 0.190378059 0.321543737
v 0.793086984 0.216694429 0.314098255
v 0.799058417 0.243101130 0.305913592
v 0.801913896 0.268413096 0.294531066
v 0.795801643 0.287158830 0.274388433
v 0.790908796 0.308463416 0.257062588
v 0.791753798 0.334873951 0.246991511
v 0.791538247 0.361159863 0.236552885
v 0.791829614 0.387748194 0.227393150
v 0.799297411 0.414924604 0.226459183
v 0.806342694 0.442142975 0.224860021
v 0.804681355 0.468098755 0.214392161
v 0.800021435 0.492949565 0.201715994
v 0.794275169 0.517383936 0.188680877
v 0.783492461 0.537604209 0.173007684
v 0.765031779 0.548413695 0.154550284
v 0.748206935 0.562854165 0.137536894
v 0.737586717 0.585141643 0.123774095
v 0.726216213 0.607031518 0.109935382
v 0.714271919 0.628567637 0.096074312
v 0.711130479 0.654638560 0.086447518
v 0.711522291 0.681681704 0.078262005
v 0.702121448 0.704254228 0.065132842
v 0.686819239 0.722533727 0.049912378
v 0.670648965 0.739972719 0.034603343
v 0.653075688 0.755822349 0.019212891
v 0.629478901 0.761178810 0.005049743
v 0.604157254 0.761887958 -0.007516576
v 0.580903780 0.769236478 -0.021231891
v 0.560719867 0.782558121 -0.035898088
v 0.539851475 0.794858114 -0.050498396
v 0.518949290 0.806933942 -0.065162035
v 0.506712128 0.826891688 -0.080662282
v 0.496305573 0.847665490 -0.096687078
v 0.476485481 0.859383709 -0.112344139
v 0.453215784 0.866192650 -0.126908812
v 0.429512411 0.871892630 -0.141248349
v 0.404789838 0.874644280 -0.154289736
v 0.378427954 0.867066200 -0.160558859
v 0.352181894 0.857574731 -0.165013600
v 0.326227356 0.856259811 -0.175536492
v 0.300865162 0.857232813 -0.188017199
v 0.275319898 0.857046086 -0.200156706
v 0.252112869 0.860316056 -0.215160639
v 0.234720706 0.870348048 -0.235068445
v 0.213170856 0.873888976 -0.252228094
v 0.187626122 0.868617341 -0.263166164
v 0.162140844 0.862239109 -0.273643888
v 0.136802554 0.853398084 -0.281756758
v 0.114142937 0.837140696 -0.277939463
v 0.090955544 0.821692945 -0.275672840
v 0.065769143 0.811751589 -0.283756401
v 0.040853866 0.801030730 -0.291772424
v 0.016660923 0.790875855 -0.301762940
v -0.003887256 0.786470447 -0.320630356
v -0.025389502 0.777914435 -0.336179402
v -0.048384189 0.762612284 -0.342179056
v -0.070880422 0.746265245 -0.347341594
v -0.091649812 0.728108639 -0.345851031
v -0.108801369 0.709224297 -0.333677660
v -0.129486225 0.690516191 -0.333434685
v -0.150250189 0.671574955 -0.336604257
v -0.170018621 0.652759030 -0.342604307
v -0.186190878 0.637556529 -0.360094145
v -0.203812752 0.616907231 -0.365657460
v -0.221089950 0.594516131 -0.365981210
v -0.237144473 0.572281510 -0.361309788
v -0.250985935 0.552967779 -0.346017425
v -0.266224945 0.529847330 -0.341975892
v -0.280742589 0.505622470 -0.340441405
v -0.292110619 0.481836974 -0.348329040
v -0.301881532 0.457256017 -0.355634225
v -0.312905255 0.431511117 -0.351679764
v -0.323497086 0.407444822 -0.342773761
v -0.334391157 0.387878160 -0.325788366
v -0.343106213 0.361548695 -0.320356528
v -0.349426041 0.334554916 -0.318087126
v -0.350281846 0.307524808 -0.324896268
v -0.355025062 0.280613253 -0.317636494
v -0.361502968 0.257681594 -0.304172517
v -0.368100885 0.235690624 -0.289436280
v -0.370024820 0.208667428 -0.281328531
v -0.363941838 0.181461410 -0.283448986
v -0.361840329 0.154683645 -0.275593897
v -0.363654460 0.131107142 -0.261640927
v -0.366546004 0.108909277 -0.246191104
v -0.361716646 0.082865755 -0.236754034
v -0.348458301 0.058483774 -0.234485750
v -0.342067115 0.033706884 -0.222438083
v -0.345429609 0.012821331 -0.204369870
v -0.337041022 -0.011339046 -0.192310833
v -0.318464294 -0.031351649 -0.187461535
v -0.307896369 -0.053842283 -0.173971364
v -0.306979492 -0.075676076 -0.156741874
v -0.293651206 -0.096899520 -0.143773851
v -0.272222189 -0.111895407 -0.135417343
v -0.260457291 -0.132092248 -0.120278085
v -0.251923830 -0.152828819 -0.104735432
v -0.230924780 -0.165678371 -0.093348633
v -0.211143961 -0.179534296 -0.079803885
v -0.201828151 -0.200343580 -0.064404800
v -0.181845578 -0.214064330 -0.050121262
v -0.157975862 -0.219290045 -0.037432800
v -0.141839924 -0.235689533 -0.022642178
v -0.123106324 -0.249679734 -0.008191293
v -0.099172744 -0.249592638 0.005502288
v -0.077287702 -0.258606095 0.020761888
v -0.058743184 -0.273701984 0.033647789
v -0.035917516 -0.272584348 0.048215875
v -0.012757612 -0.273591286 0.063447145
v 0.008998193 -0.286280444 0.074973812
v 0.033215740 -0.287595515 0.089348303
v 0.053750412 -0.278647847 0.105172331
v 0.078130127 -0.281797022 0.117886876
v 0.102961213 -0.285344913 0.128756909
v 0.122925405 -0.275714515 0.144337413
v 0.144981816 -0.268172236 0.159339906
v 0.171253168 -0.270475729 0.166723414
v 0.195755932 -0.263845422 0.178785008
v 0.211471916 -0.248946530 0.195931007
v 0.233953867 -0.238544326 0.209329401
v 0.260782587 -0.234768630 0.213648649
v 0.284209653 -0.223253409 0.223925062
v 0.299315328 -0.207010535 0.240004644
v 0.317501076 -0.191384690 0.253878665
v 0.340666473 -0.178198717 0.260868642
v 0.364883446 -0.165853684 0.262830231
v 0.384530898 -0.147936521 0.272379628
v 0.393086634 -0.129171879 0.291398540
v 0.411485104 -0.109925293 0.300842534
v 0.431881398 -0.091603194 0.303488326
v 0.452300434 -0.073134240 0.301832129
v 0.468504042 -0.050948535 0.308554509
v 0.478013428 -0.030125362 0.323579103
v 0.489014220 -0.008273674 0.335925991
v 0.503116184 0.015543396 0.341743055
v 0.518417988 0.037969098 0.336489496
v 0.531871574 0.061713510 0.332207722
v 0.542739961 0.087605467 0.335590494
v 0.550448856 0.111782223 0.346542087
v 0.556804144 0.134978702 0.360665298
v 0.565462368 0.161789262 0.363057714
v 0.573184363 0.188907194 0.363707511
v 0.579320651 0.212216548 0.349185736
v 0.584179645 0.238715437 0.343024384
v 0.588115909 0.266714251 0.342294329
v 0.591290160 0.294358518 0.344775905
v 0.594732369 0.319005074 0.358171752
v 0.597008529 0.346453401 0.361680000
v 0.597754554 0.374600419 0.359005872
v 0.597246134 0.402469424 0.354683084
v 0.592669980 0.423763977 0.336900399
v 0.587356096 0.446987823 0.322718784
v 0.583206866 0.474458766 0.317419268
v 0.577994426 0.501628108 0.311536290
v 0.575491895 0.529091213 0.314232317
v 0.575292252 0.555990414 0.322698251
v 0.569366342 0.582931862 0.318361994
v 0.561270510 0.608859123 0.310474927
v 0.552112111 0.634154203 0.301812123
v 0.538903179 0.652235586 0.285190815
v 0.523449203 0.665405312 0.265524990
v 0.509364236 0.685570864 0.252257318
v 0.495976050 0.708297501 0.242048585
v 0.481708972 0.730272981 0.231395781
v 0.470580642 0.755101176 0.225877887
v 0.464626877 0.782712931 0.227027395
v 0.453313086 0.807311479 0.221215743
v 0.436819990 0.826608998 0.208744217
v 0.419602993 0.845011978 0.195904200
v 0.401334652 0.861597288 0.182205191
v 0.380181653 0.866322302 0.164296289
v 0.358407215 0.867007842 0.146282084
v 0.336921988 0.876103633 0.130877030
v 0.316118588 0.889479820 0.117156184
v 0.294780630 0.901741374 0.103216658
v 0.274168174 0.915524284 0.090109055
v 0.259730707 0.938243710 0.081700134
v 0.244600745 0.959992182 0.072243467
v 0.223007832 0.970427619 0.057714919
v 0.200281417 0.977525970 0.042447837
v 0.177270765 0.983449057 0.027105428
v 0.153896587 0.983758250 0.011943245
v 0.132116410 0.971221691 -0.000841816
v 0.109807689 0.959402220 -0.013349727
v 0.085629732 0.959643314 -0.027933836
v 0.061431899 0.959974986 -0.042573165
v 0.037201422 0.959078117 -0.057134359
v 0.014244243 0.963873483 -0.072350956
v -0.005906797 0.975892881 -0.088125517
v -0.027361307 0.983602549 -0.104538641
v -0.050852065 0.978936080 -0.119476192
v -0.074177042 0.972089264 -0.133934200
v -0.097275239 0.964076080 -0.148154667
v -0.118306116 0.949264574 -0.158462806
v -0.134823958 0.926605421 -0.161989457
v -0.153979981 0.907434670 -0.168686173
v -0.176359268 0.895599205 -0.181286057
v -0.198334127 0.882748943 -0.193612097
v -0.220015450 0.869968910 -0.206367103
v -0.240752083 0.868176152 -0.225356359
v -0.260889211 0.865236023 -0.244767965
v -0.280582431 0.849552199 -0.257204540
v -0.299389083 0.831355555 -0.267935597
v -0.317555183 0.812260279 -0.278198650
v -0.331782091 0.788377615 -0.280307287
v -0.342525226 0.762564049 -0.276091820
v -0.357049224 0.738986267 -0.279362270
v -0.373184358 0.717284950 -0.287648776
v -0.388503211 0.694810940 -0.295407804
v -0.404030171 0.676983680 -0.309902652
v -0.418614742 0.663317462 -0.329818839
v -0.431315002 0.640295814 -0.339094973
v -0.442548313 0.614926740 -0.344590435
v -0.452696837 0.588899969 -0.348722558
v -0.458846013 0.562876730 -0.340091029
v -0.464949540 0.536762523 -0.331979576
v -0.473302189 0.509929951 -0.335019056
v -0.480713265 0.482786764 -0.337896679
v -0.487433106 0.458506733 -0.349197908
v -0.492603745 0.435726793 -0.364586424
v -0.496305808 0.407765442 -0.365894306
v -0.498926404 0.379603437 -0.365904750
v -0.500831561 0.354728860 -0.354010026
v -0.502403307 0.329685838 -0.342543495
v -0.502820147 0.301430660 -0.341349302
v -0.501837393 0.273381298 -0.341923553
v -0.497748714 0.248185802 -0.354021653
v -0.493765141 0.220586127 -0.353828833
v -0.489298596 0.192983235 -0.349575062
v -0.488194984 0.170282210 -0.333807392
v -0.484594093 0.145232769 -0.323119057
v -0.477708931 0.118307593 -0.317867360
v -0.466071679 0.093557568 -0.322563395
v -0.454448925 0.068580775 -0.321574818
v -0.444130166 0.043400147 -0.313882979
v -0.441657385 0.022602800 -0.295417160
v -0.431220108 -0.001430632 -0.285613899
v -0.416267621 -0.024201659 -0.281050600
v -0.397390288 -0.043984133 -0.280974925
v -0.382630520 -0.065850775 -0.270791461
v -0.377172178 -0.086343361 -0.252504709
v -0.361901876 -0.107108535 -0.241270995
v -0.340309813 -0.123120029 -0.237091662
v -0.319713977 -0.139477040 -0.228961573
v -0.305966818 -0.158085053 -0.213973417
v -0.292573017 -0.176404375 -0.198669976
v -0.269603013 -0.188758990 -0.190038702
v -0.245769789 -0.199009945 -0.181002504
v -0.229952229 -0.215003025 -0.165432111
v -0.212528876 -0.229840134 -0.150494136
v -0.187307164 -0.234588074 -0.141136054
v -0.163511380 -0.241477847 -0.128450401
v -0.147930344 -0.257218634 -0.112180531
v -0.124589848 -0.264583865 -0.098101554
v -0.099253740 -0.260717781 -0.087541282
v -0.077433834 -0.268424534 -0.072216734
v -0.056440675 -0.277409409 -0.057257158
v -0.033243517 -0.270671991 -0.044978064
v -0.009527368 -0.269411311 -0.029997291
v 0.012351823 -0.278364848 -0.015643775
v 0.035433805 -0.273039241 -0.001287945
v 0.056229864 -0.262624586 0.012963911
v 0.079800497 -0.266679605 0.026215395
v 0.103184022 -0.260910886 0.040736952
v 0.119983722 -0.244791806 0.055732454
v 0.143176658 -0.239036394 0.069762036
v 0.167073735 -0.234818827 0.081866850
v 0.182100170 -0.218036382 0.097253835
v 0.200751494 -0.203762798 0.112425839
v 0.226048006 -0.198045428 0.121695724
v 0.245208831 -0.182538083 0.135476234
v 0.253944838 -0.162473113 0.152145910
v 0.273364504 -0.146731422 0.164671389
v 0.296037692 -0.133448492 0.172391321
v 0.309403978 -0.113546641 0.186322720
v 0.316286088 -0.092885815 0.202753557
v 0.332795027 -0.073063591 0.213337920
v 0.352430130 -0.054516344 0.218240413
v 0.363983359 -0.031741618 0.230057521
v 0.365101025 -0.010743040 0.248080827
v 0.375718392 0.013001672 0.259189769
v 0.392929135 0.034907124 0.258594156
v 0.401818266 0.060174623 0.267343476
v 0.404323484 0.083508055 0.281597380
v 0.405795141 0.106674929 0.296355259
v 0.411371532 0.133014325 0.304979936
v 0.421899522 0.158407224 0.299960641
v 0.425715511 0.185686211 0.305142588
v 0.426460887 0.212249710 0.313895845
v 0.422184987 0.233418195 0.332008657
v 0.422101954 0.260772370 0.338897176
v 0.421919221 0.288568867 0.342035302
v 0.423817047 0.314586416 0.331369690
v 0.420510945 0.342443939 0.333909701
v 0.415694290 0.369959248 0.337890951
v 0.409072990 0.391189709 0.355193155
v 0.402712058 0.417320220 0.361917014
v 0.395706316 0.444651585 0.363886846
v 0.388456619 0.470498848 0.357402728
v 0.380468522 0.493953320 0.344011968
v 0.369829931 0.520077184 0.342750378
v 0.358166516 0.545823093 0.341716866
v 0.347558935 0.569622669 0.350927086
v 0.337225385 0.592782418 0.362494300
v 0.323756442 0.617541783 0.360531240
v 0.309359138 0.641704762 0.357558506
v 0.294152239 0.662174002 0.346718627
v 0.278563978 0.677399735 0.328717776
v 0.261068867 0.697522453 0.320227530
v 0.242883440 0.718453337 0.314645724
v 0.224147606 0.738927832 0.309427035
v 0.209522739 0.761776629 0.316933555
v 0.193725587 0.784187245 0.321803615
v 0.173715319 0.802771564 0.314579831
v 0.153052991 0.820282416 0.306430652
v 0.131888672 0.834892627 0.295479475
v 0.112355490 0.838447357 0.275508585
v 0.091368913 0.843464822 0.257795678
v 0.068332970 0.856298032 0.247608327
v 0.044915785 0.868263290 0.237195355
v 0.021392572 0.880518921 0.227747572
v 0.000577776 0.899487547 0.226579914
v -0.020195169 0.918491951 0.225296938
v -0.043941937 0.929338218 0.215152511
v -0.068141530 0.936699692 0.202497684
v -0.092473031 0.942913819 0.189485019
v -0.115640413 0.943383898 0.174064818
v -0.133804083 0.932112551 0.155591566
v -0.154074458 0.923336392 0.138421304
v -0.178710752 0.924051535 0.124599401
v -0.203386136 0.924112558 0.110775989
v -0.227979952 0.923301052 0.096864785
v -0.252641470 0.931979639 0.086997616
v -0.276441356 0.944889052 0.078902977
v -0.300845694 0.947680834 0.066056961
v -0.324135269 0.942574315 0.050842795
v -0.347080550 0.936309839 0.035538441
v -0.369326811 0.928208804 0.020153975
v -0.385337605 0.910235506 0.005870914
v -0.397566866 0.888057868 -0.006713631
v -0.414453970 0.870355295 -0.020347699
v -0.435601001 0.858625830 -0.035016970
v -0.456157994 0.845817228 -0.049621819
v -0.476449075 0.832701089 -0.064261658
v -0.499705530 0.830448817 -0.079734495
v -0.523003098 0.831113421 -0.095704698
v -0.542775414 0.819477378 -0.111449985
v -0.559576538 0.802008229 -0.126028474
v -0.575590260 0.783636876 -0.140382240
v -0.589729413 0.763257737 -0.153658922
v -0.595427589 0.736496672 -0.160193659
v -0.598986835 0.708803320 -0.164585712
v -0.609393505 0.684898969 -0.174774916
v -0.621977812 0.662867887 -0.187274068
v -0.633617505 0.640138309 -0.199433030
v -0.646937760 0.620518280 -0.214093314
v -0.663874475 0.609652586 -0.233955256
v -0.677328727 0.592781211 -0.251487631
v -0.684511724 0.567755171 -0.262513318
v -0.690630159 0.542217079 -0.273017201
v -0.694794624 0.515777952 -0.281617277
v -0.690977730 0.488123455 -0.278117601
v -0.687609751 0.460455597 -0.275308221
v -0.690336306 0.433484010 -0.283256970
v -0.692340029 0.406442646 -0.291301787
v -0.694329924 0.380124389 -0.300951902
v -0.699860614 0.359681697 -0.319599985
v -0.702471759 0.336986458 -0.335658006
v -0.699591203 0.309568205 -0.341844622
v -0.695491528 0.282070725 -0.347044508
v -0.689136677 0.255130998 -0.346353300
v -0.680268612 0.231201899 -0.334200125
v -0.673079033 0.204367580 -0.333223394
v -0.665878116 0.177204605 -0.336429659
v -0.658209127 0.150852396 -0.341917145
v -0.652208827 0.129379003 -0.359242947
v -0.642208046 0.104431180 -0.365618058
v -0.630329984 0.078765102 -0.365978272
v -0.617924762 0.054104928 -0.362018125
v -0.607153301 0.032918437 -0.346735928
v -0.593794985 0.008870117 -0.342047789
v -0.579022014 -0.015202215 -0.340551825
v -0.563181412 -0.036536753 -0.347578466
v -0.545933586 -0.056323621 -0.355853795
v -0.528197701 -0.078004994 -0.351940100
v -0.511414185 -0.098603522 -0.343697022
v -0.499255209 -0.117226299 -0.326406161
v -0.480077634 -0.137119718 -0.320677576
v -0.459205231 -0.155476551 -0.317653271
v -0.435585535 -0.168528436 -0.325120297
v -0.413826585 -0.185138310 -0.318104009
v -0.395799607 -0.201432292 -0.305359017
v -0.380007928 -0.217495372 -0.289916958
v -0.356963875 -0.231732065 -0.281778411
v -0.330214554 -0.239249706 -0.283403677
v -0.305277847 -0.249437178 -0.276211665
v -0.284460924 -0.261630853 -0.262846272
v -0.266844000 -0.274783124 -0.246816707
v -0.241678018 -0.282858848 -0.237028700
v -0.213778263 -0.282121751 -0.235179719
v -0.188819005 -0.287884227 -0.223193902
v -0.171744177 -0.300378372 -0.205225495
v -0.146543463 -0.304287723 -0.193055451
v -0.120259670 -0.297266188 -0.188147273
v -0.095304464 -0.297980976 -0.174883188
v -0.075550357 -0.307359830 -0.157577856
v -0.050591325 -0.305732916 -0.144435344
v -0.027365067 -0.293397897 -0.136292011
v -0.003807420 -0.291515054 -0.121315452
v 0.018335500 -0.294360441 -0.105592615
v 0.039846256 -0.282546481 -0.093820901
v 0.060898027 -0.270592345 -0.080723163
v 0.083617286 -0.271765653 -0.065322434
v 0.105344752 -0.261063019 -0.050894582
v 0.120772873 -0.241889561 -0.038370017
v 0.142511291 -0.234208805 -0.023449589
v 0.163870224 -0.225064554 -0.009091921
v 0.175116267 -0.204045770 0.004580226
v 0.192643457 -0.188110382 0.019925302
v 0.214980600 -0.179161482 0.032751172
v 0.225521872 -0.158764849 0.047340391
v 0.236179500 -0.138369261 0.062519001
v 0.257312413 -0.124851438 0.074154676
v 0.270231694 -0.104201363 0.088409705
v 0.271463088 -0.081784077 0.104269570
v 0.284831325 -0.061265344 0.117423183
v 0.300192041 -0.041279651 0.127921899
v 0.301861343 -0.018926374 0.143259966
v 0.304421346 0.003894635 0.158491629
v 0.318067476 0.026194270 0.166325816
v 0.324094909 0.050890187 0.178015907
v 0.318709626 0.071952695 0.194856519
v 0.319341818 0.096435493 0.208556363
v 0.327865195 0.121931599 0.213474675
v 0.329052751 0.148047498 0.223242473
v 0.322179344 0.169463871 0.238844818
v 0.316199592 0.192279073 0.253200690
v 0.314683557 0.218812808 0.260979070
v 0.315497030 0.246085375 0.262251244
v 0.308803298 0.271890550 0.271652818
v 0.296208060 0.288334128 0.290453061
v 0.287458984 0.313231878 0.300306385
v 0.280280157 0.339660204 0.303774266
v 0.273732020 0.366430741 0.301403262
v 0.261557019 0.391049081 0.308160209
v 0.247537172 0.409684566 0.322425939
v 0.233188409 0.428935712 0.335553306
v 0.218590313 0.452443118 0.341406590
v 0.205532306 0.476352575 0.337060617
v 0.190968619 0.499299522 0.331982834
v 0.173031779 0.520899173 0.335400635
v 0.154839485 0.539853160 0.343820827
v 0.137841485 0.554941801 0.360140117
v 0.118084629 0.574944537 0.362899856
v 0.097583753 0.594336537 0.363975121
v 0.079569170 0.610785336 0.350250169
v 0.058589207 0.627182214 0.343052711
v 0.035591066 0.643631461 0.342373756
v 0.012360452 0.659255235 0.343990098
v -0.007940336 0.673667022 0.357366068
v -0.031027063 0.688357949 0.361865206
v -0.055641606 0.702039510 0.359238036
v -0.080622806 0.714570239 0.355265892
v -0.101962462 0.720810564 0.338287469
v -0.124601339 0.726406701 0.323111813
v -0.150882454 0.735443121 0.317857188
v -0.177388610 0.743399164 0.312019015
v -0.203128247 0.753472193 0.313667598
v -0.226931313 0.765800771 0.322557117
v -0.253529105 0.773292494 0.318954921
v -0.280271414 0.778123110 0.311114501
v -0.307004302 0.781841331 0.302676347
v -0.329601430 0.778991878 0.286620631
v -0.348327729 0.771366157 0.266862298
v -0.372300600 0.767730501 0.253036502
v -0.398656056 0.766382620 0.242861426
v -0.424756513 0.763922945 0.232246432
v -0.451816905 0.764834869 0.226002372
v -0.479063894 0.772284157 0.227210659
v -0.506284917 0.774319204 0.222182514
v -0.531039271 0.768631916 0.209739126
v -0.555335831 0.761890056 0.196925890
v -0.578644319 0.753536244 0.183361921
v -0.593263648 0.737448690 0.165672969
v -0.603816680 0.718448212 0.147592266
v -0.621169780 0.703128793 0.131936389
v -0.642670990 0.690886609 0.118233025
v -0.663442056 0.677668221 0.104311756
v -0.684825990 0.665219898 0.090963360
v -0.711548467 0.662535178 0.082412056
v -0.737977317 0.659521766 0.073205234
v -0.757670768 0.645758924 0.058912067
v -0.774498772 0.628909541 0.043652100
v -0.790416505 0.611264687 0.028314710
v -0.802165083 0.591038407 0.013096480
v -0.801545431 0.566041722 0.000134933
v -0.800949000 0.540756408 -0.012295792
v -0.811728607 0.519167507 -0.026790759
v -0.823237547 0.497882386 -0.041435106
v -0.833669388 0.475998444 -0.056003068
v -0.847913674 0.457304746 -0.071149161
v -0.867841038 0.444867025 -0.086877319
v -0.884998186 0.429787495 -0.103280204
v -0.892165409 0.407085919 -0.118329452
v -0.896914226 0.383256533 -0.132806676
v -0.900513625 0.359085177 -0.147046370
v -0.897962648 0.333674528 -0.157957412
v -0.885577744 0.308540621 -0.161624499
v -0.876717025 0.282783047 -0.167823330
v -0.876385370 0.257427094 -0.180311994
v -0.875169406 0.232011527 -0.192662400
v -0.873588789 0.206772194 -0.205238981
v -0.881036125 0.187135613 -0.223896543
v -0.888140235 0.168178015 -0.243444667
v -0.883934373 0.143701966 -0.256340809
v -0.876519019 0.118621597 -0.267108910
v -0.867999730 0.093694607 -0.277405924
v -0.853937197 0.069852834 -0.280449807
v -0.835920605 0.048482426 -0.276142038
v -0.821277993 0.024880188 -0.278690283
v -0.809521564 0.000541749 -0.287019631
v -0.796700413 -0.023431078 -0.294822178
v -0.787459673 -0.045674248 -0.308521954
v -0.782350833 -0.064861668 -0.328625077
v -0.768263440 -0.086650483 -0.338633255
v -0.750978730 -0.108340717 -0.344176961
v -0.732664659 -0.129393872 -0.348574261
v -0.712435972 -0.147136601 -0.340851669
v -0.692066526 -0.164319144 -0.331903354
v -0.672096666 -0.184108545 -0.334766166
v -0.651471464 -0.203239232 -0.337695012
v -0.632643554 -0.220649972 -0.347918697
v -0.615263810 -0.235617822 -0.364194629
v -0.592227356 -0.251820160 -0.365863163
v -0.568475692 -0.267176371 -0.365927050
v -0.546907239 -0.280530695 -0.355232141
v -0.525797108 -0.293308950 -0.342611718
v -0.500939736 -0.306753404 -0.341465466
v -0.475599283 -0.318960657 -0.341447398
v -0.451357236 -0.327136946 -0.353341958
v -0.425098023 -0.336186078 -0.354134650
v -0.398555961 -0.345007644 -0.349932585
v -0.377248411 -0.354367570 -0.335257336
v -0.354019327 -0.362908849 -0.323509193
v -0.326956900 -0.369271096 -0.318302905
v -0.299614535 -0.370859102 -0.321999023
v -0.272106014 -0.371712040 -0.322153925
v -0.244975712 -0.374194835 -0.314555207
v -0.224801597 -0.381160645 -0.296878781
v -0.199253501 -0.383514892 -0.286254172
v -0.172101562 -0.381399393 -0.280753869
v -0.145851710 -0.373269285 -0.281752534
v -0.119599509 -0.370258197 -0.271667501
v -0.098578176 -0.374345299 -0.253872252
v -0.073424477 -0.371040177 -0.242094366
v -0.048975542 -0.360161064 -0.236985973
v -0.025167465 -0.348667423 -0.229907826
v -0.001996759 -0.344079887 -0.215470129
v 0.020164748 -0.341719940 -0.199615876
v 0.042483833 -0.328745259 -0.189557845
v 0.061670390 -0.310870038 -0.182207313
v 0.083217613 -0.302814131 -0.167085192
v 0.104441028 -0.295724759 -0.151685092
v 0.121116206 -0.276491390 -0.141686954
v 0.137530349 -0.257718804 -0.129749381
v 0.158372319 -0.250371081 -0.113649799
v 0.176186843 -0.234072455 -0.099326752
v 0.184447238 -0.209740247 -0.088888644
v 0.200144115 -0.192077116 -0.073697109
v 0.219030559 -0.179737870 -0.058685101
v 0.225203366 -0.156581760 -0.046062956
v 0.233778914 -0.134496029 -0.031508037
v 0.251893019 -0.119281553 -0.017090970
v 0.259385192 -0.096541336 -0.002525388
v 0.258375676 -0.073132711 0.011448621
v 0.271133644 -0.053154701 0.025291525
v 0.278886383 -0.030541906 0.039427881
v 0.272286843 -0.008184670 0.054381709
v 0.276693802 0.015291925 0.068905358
v 0.285342295 0.038145528 0.080598255
v 0.278646235 0.059801759 0.095804399
v 0.273491394 0.082367714 0.111124965
v 0.279872811 0.107330930 0.120609903
v 0.275654533 0.131759477 0.134142717
v 0.261585317 0.148834699 0.151028872
v 0.255866472 0.173040717 0.164150250
v 0.255411926 0.199577147 0.171376749
v 0.244575598 0.221552298 0.184861147
v 0.228872419 0.236294231 0.201730862
v 0.218357433 0.259686149 0.213035137
v 0.211652355 0.286097033 0.217334300
v 0.197040140 0.307395181 0.228782241
v 0.178751220 0.317580264 0.247178137
v 0.162638487 0.337979739 0.258322164
v 0.150903918 0.363002328 0.258484204
v 0.132955817 0.382965847 0.266608089
v 0.113386239 0.396888126 0.280058138
v 0.093596564 0.407992063 0.295634045
v 0.072820638 0.425036117 0.304455312
v 0.054974654 0.445886435 0.300276824
v 0.032832342 0.462243880 0.304604805
v 0.009487833 0.475652728 0.312665195
v -0.011201137 0.481502090 0.330924155
v -0.035379575 0.493755437 0.338431122
v -0.060207560 0.506258491 0.342403677
v -0.082378408 0.520059854 0.331831455
v -0.108479034 0.530189184 0.333639890
v -0.135161441 0.538734961 0.337282311
v -0.157337625 0.542843465 0.353939066
v -0.183087207 0.549006813 0.361732494
v -0.210555131 0.555440551 0.363752153
v -0.237105734 0.560993266 0.358419465
v -0.261411264 0.564815355 0.344653064
v -0.289387600 0.567469236 0.342804352
v -0.317609893 0.569048803 0.341822910
v -0.343944430 0.570517015 0.349861186
v -0.368936987 0.572109816 0.362363232
v -0.397121138 0.571649273 0.360736271
v -0.425210220 0.570076819 0.357820874
v -0.450877676 0.566274154 0.348007198
v -0.471512611 0.559531901 0.329901313
v -0.497062887 0.553171957 0.320641853
v -0.524042065 0.546735692 0.315105356
v -0.550804878 0.539507400 0.309670831
v -0.577875369 0.536696380 0.316357860
v -0.605006907 0.533391395 0.322127946
v -0.630838086 0.524349120 0.315206687
v -0.655929503 0.514122409 0.307094684
v -0.679173335 0.502331881 0.296746049
v -0.691797438 0.486752917 0.277012426
v -0.705248904 0.470365546 0.258763620
v -0.727139144 0.455799949 0.248413296
v -0.748591627 0.440569758 0.238030883
v -0.770039919 0.425112408 0.228184167
v -0.796331306 0.415100612 0.226688392
v -0.822941763 0.405728876 0.225840283
v -0.843920202 0.389951603 0.216142829
v -0.861660351 0.371901660 0.203515747
v -0.878445221 0.353204634 0.190529412
v -0.890275643 0.333020274 0.175412627
v -0.889171752 0.311705784 0.156971655
v -0.889916700 0.289720857 0.139583205
v -0.901720709 0.268150734 0.125677562
v -0.913215648 0.246305620 0.111871282
v -0.923645633 0.224047916 0.097884446
v -0.940811629 0.204821236 0.086917447
v -0.962495406 0.188849896 0.078280801
v -0.979082629 0.169668983 0.066541636
v -0.985799384 0.146760681 0.051443000
v -0.990840154 0.123513947 0.036141690
v -0.994011901 0.100045450 0.020760671
v -0.985769787 0.077496984 0.006410832
v -0.971694979 0.056449460 -0.006189055
v -0.963482452 0.033364248 -0.019783307
v -0.962817835 0.009192001 -0.034452395
v -0.960948462 -0.014954944 -0.049060148
v -0.958580322 -0.039011291 -0.063687759
v -0.966993656 -0.060791397 -0.079143591
v -0.978388991 -0.081145233 -0.095086286
v -0.977592053 -0.104000695 -0.110871803
v -0.969859962 -0.126965942 -0.125459054
v -0.960965608 -0.149649518 -0.139823095
v -0.949609971 -0.171659912 -0.153228688
v -0.928605210 -0.189136930 -0.159900238
v -0.905632214 -0.205013253 -0.164274659
v -0.888982976 -0.225139322 -0.174284897
v -0.875254150 -0.246468291 -0.186797169
v -0.860465541 -0.267279443 -0.198968787
v -0.848862853 -0.288140290 -0.213442850
v -0.846997326 -0.308202653 -0.233277291
v -0.838581009 -0.327929774 -0.250974170
v -0.819785875 -0.345875078 -0.262091680
v -0.799957116 -0.363082354 -0.272612689
v -0.778555429 -0.379091177 -0.281485201
v -0.752267997 -0.388537973 -0.278165990
v -0.726084531 -0.398115324 -0.275058997
v -0.703367205 -0.412939554 -0.282934348
v -0.680304822 -0.427189989 -0.290997771
v -0.657743381 -0.441052435 -0.300460716
v -0.642030889 -0.455402461 -0.318974976
v -0.623357879 -0.468247447 -0.335333286
v -0.597743255 -0.478362377 -0.341628400
v -0.571460280 -0.487410914 -0.346852368
v -0.544600088 -0.494311513 -0.346619471
v -0.519268577 -0.497456195 -0.334480846
v -0.492179239 -0.503332158 -0.333084087
v -0.464761968 -0.509480442 -0.336316795
v -0.437561046 -0.514775185 -0.341041212
v -0.414720045 -0.519401889 -0.356953358
v -0.388592093 -0.522135124 -0.365607653
v -0.360339732 -0.523412578 -0.365977555
v -0.332343571 -0.523699344 -0.363917556
v -0.309138892 -0.523905124 -0.347907886
v -0.282066448 -0.523193538 -0.342089607
v -0.253892617 -0.521189630 -0.340615258
v -0.227534978 -0.517041099 -0.347195419
v -0.202142761 -0.510826339 -0.355982369
v -0.174721071 -0.505092385 -0.352091858
v -0.148581372 -0.499565866 -0.344201931
v -0.126505733 -0.497394508 -0.326812266
v -0.100066020 -0.489646446 -0.320863866
v -0.074098028 -0.479705611 -0.317537307
v -0.051660277 -0.464731148 -0.325262068
v -0.026882873 -0.453034681 -0.318375945
v -0.003642882 -0.443626724 -0.306618452
v 0.017784867 -0.437747972 -0.290082598
v 0.041042846 -0.423857135 -0.281955006
v 0.060103960 -0.403683096 -0.283431116
v 0.080584951 -0.386151093 -0.276424430
v 0.101018819 -0.373069105 -0.263224847
v 0.120797338 -0.363718695 -0.247032795
v 0.139622302 -0.345187653 -0.237146978
v 0.151796179 -0.320042612 -0.235392698
v 0.168400074 -0.300512947 -0.223451475
v 0.187333274 -0.291067074 -0.205513964
v 0.202449776 -0.270553037 -0.193313028
v 0.208379986 -0.244032540 -0.188388193
v 0.220472708 -0.222164421 -0.175174834
v 0.237876523 -0.208929509 -0.157878919
v 0.248031453 -0.186098341 -0.144686591
v 0.247744736 -0.159766287 -0.136594225
v 0.256766817 -0.137847371 -0.121666833
v 0.269674929 -0.119652498 -0.105889607
v 0.269391198 -0.095127109 -0.094003806
v 0.268213797 -0.070922855 -0.081040970
v 0.279664158 -0.051284842 -0.065640173
v 0.280412039 -0.027077969 -0.051167999
v 0.270360291 -0.004554512 -0.038694193
v 0.273269445 0.018340879 -0.023736215
v 0.275307592 0.041448104 -0.009404140
v 0.261993194 0.061175853 0.004267580
v 0.255718770 0.084001848 0.019606767
v 0.258149874 0.107967758 0.032440238
v 0.245140747 0.126936869 0.047035535
v 0.231733379 0.145587092 0.062197775
v 0.229351744 0.170501794 0.073895269
v 0.217171227 0.191607914 0.088092066
v 0.197801069 0.202986549 0.103957355
v 0.185563494 0.224171212 0.117242829
v 0.175110008 0.247153950 0.127632251
v 0.156123710 0.259223474 0.142898724
v 0.136979750 0.271731902 0.158198061
v 0.123348722 0.293959184 0.166203531
v 0.104354303 0.310856826 0.177749563
v 0.083190406 0.315985949 0.194492831
v 0.061751829 0.327630692 0.208288838
v 0.042977490 0.346787064 0.213406288
v 0.020435428 0.360042583 0.223006285
v -0.001797968 0.364019104 0.238472387
v -0.024735892 0.369018510 0.252965612
v -0.049018144 0.379761256 0.260954246
v -0.072802354 0.393199811 0.262050687
v -0.098798111 0.399192624 0.271413905
v -0.119240271 0.395651345 0.290135795
v -0.145304236 0.399257787 0.300120465
v -0.172080144 0.404965837 0.303814183
v -0.198838477 0.411600639 0.301254961
v -0.226294521 0.412142266 0.308024145
v -0.249421840 0.408367243 0.322091888
v -0.272984704 0.404415613 0.335423720
v -0.300571766 0.402294010 0.341290350
v -0.327832001 0.401665964 0.337179626
v -0.354886843 0.399380784 0.331904189
v -0.382320542 0.393416366 0.335335291
v -0.407603105 0.386011208 0.343576271
v -0.428751399 0.377865081 0.360033026
v -0.455595688 0.369541912 0.362857685
v -0.482251964 0.360278502 0.363998014
v -0.505215042 0.351849940 0.350446582
v -0.529382039 0.340821818 0.343060070
v -0.554578576 0.327990406 0.342394489
v -0.579164647 0.314545205 0.343875877
v -0.601310329 0.303148253 0.357230117
v -0.624959280 0.289458680 0.361913950
v -0.648443925 0.273915161 0.359299643
v -0.671089007 0.257518107 0.355383204
v -0.686552615 0.241439408 0.338536748
v -0.701868098 0.223951018 0.323214520
v -0.721999454 0.204788277 0.317971846
v -0.741275998 0.184928009 0.312145523
v -0.761838397 0.166138744 0.312371227
v -0.783731169 0.150077285 0.320246109
v -0.803384036 0.130477102 0.318890444
v -0.819966423 0.108949869 0.311044197
v -0.835514835 0.086918646 0.302544610
v -0.843178451 0.065597381 0.286315478
v -0.845046417 0.045436914 0.266586953
v -0.853047528 0.022427453 0.252946385
v -0.863963073 -0.001597004 0.242765965
v -0.873773459 -0.025905947 0.232145749
v -0.887247346 -0.049441819 0.226151107
v -0.906397012 -0.070205586 0.227354534
v -0.920487906 -0.093497922 0.222075894
v -0.926818840 -0.118094131 0.209629859
v -0.932002578 -0.142768797 0.196814041
v -0.935236763 -0.167293031 0.183211877
v -0.927426574 -0.187549224 0.165441563
v -0.915439822 -0.205694407 0.147377835
v -0.910073307 -0.228274486 0.131809508
v -0.909086611 -0.252996045 0.118104390
v -0.906888748 -0.277516423 0.104180139
v -0.905903226 -0.302259849 0.090922100
v -0.915948590 -0.327196008 0.082438232
v -0.925291824 -0.352064476 0.073153536
v -0.921881029 -0.375831270 0.058780980
v -0.914653173 -0.398520914 0.043520229
v -0.906300318 -0.420767947 0.028182275
v -0.893526097 -0.440350562 0.012981477
v -0.870945545 -0.451177584 0.000070635
v -0.848307079 -0.462405165 -0.012399351
v -0.834285296 -0.482061294 -0.026928442
v -0.820670482 -0.502065432 -0.041572092
v -0.806031350 -0.521390132 -0.056139307
v -0.796264397 -0.542746188 -0.071307516
v -0.794436572 -0.566162055 -0.087042675
v -0.788790127 -0.588290369 -0.103447792
v -0.771742486 -0.604991773 -0.118455987
v -0.752756559 -0.620158329 -0.132929793
v -0.732944906 -0.634467688 -0.147167471
v -0.709048358 -0.643636716 -0.157878295
v -0.681028623 -0.644170093 -0.161512383
v -0.654169402 -0.648378959 -0.167894709
v -0.631546633 -0.659796825 -0.180427258
v -0.608416807 -0.670403202 -0.192775315
v -0.585184868 -0.680530219 -0.205278021
v -0.569664818 -0.695523399 -0.223339588
v -0.555647655 -0.710438489 -0.242791269
v -0.533104659 -0.718967250 -0.256838299
v -0.507405938 -0.723872297 -0.267584501
v -0.481340901 -0.727735943 -0.277863211
v -0.453634554 -0.725686353 -0.280107535
v -0.426347169 -0.719583388 -0.275898068
v -0.398701881 -0.717815965 -0.279083666
v -0.371673999 -0.718520035 -0.287387411
v -0.344483796 -0.718111551 -0.295164105
v -0.320893010 -0.720484255 -0.309539903
v -0.301370079 -0.724594570 -0.329503006
v -0.275281663 -0.721779689 -0.338900155
v -0.248074935 -0.716362719 -0.344415933
v -0.220955818 -0.709689743 -0.348606738
v -0.196096067 -0.699748095 -0.340150377
v -0.171275898 -0.689664033 -0.331896012
v -0.144529076 -0.681037434 -0.334913425
v -0.118069297 -0.671475336 -0.337812414
v -0.094271862 -0.662946189 -0.348905894
v -0.072740668 -0.654135570 -0.364493028
v -0.047751658 -0.641071389 -0.365881848
v -0.023214953 -0.627003259 -0.365914492
v -0.001706225 -0.614171652 -0.354295695
v 0.019596700 -0.601086296 -0.342572349
v 0.042941784 -0.585161991 -0.341398707
v 0.065336368 -0.568220113 -0.341839483
v 0.083619178 -0.550394633 -0.353898290
v 0.103848098 -0.531240851 -0.353959656
v 0.123851535 -0.511698305 -0.349727303
v 0.141820265 -0.497547059 -0.334247763
v 0.160186009 -0.480348181 -0.323284808
v 0.178243731 -0.459217787 -0.318052549
v 0.191899088 -0.435513554 -0.322488832
v 0.205535442 -0.411583334 -0.321821706
v 0.220178473 -0.388617121 -0.314199809
v 0.235726945 -0.374427897 -0.295925007
v 0.249419764 -0.352274492 -0.285887402
v 0.259602029 -0.327010503 -0.281051319
v 0.264767148 -0.300117801 -0.281306874
v 0.274126867 -0.275418882 -0.271193573
v 0.287676960 -0.259061783 -0.252989982
v 0.295975015 -0.234751567 -0.241624120
v 0.296919299 -0.207927781 -0.237156853
v 0.298183388 -0.181614656 -0.229366107
v 0.305238438 -0.159414197 -0.214558846
v 0.312773106 -0.138158329 -0.199075682
v 0.310829731 -0.112373394 -0.189530069
v 0.304354012 -0.087140472 -0.181604174
v 0.307807570 -0.064707690 -0.166220689
v 0.310478906 -0.042203302 -0.151090443
v 0.300354164 -0.018722988 -0.141465322
v 0.291836490 0.004609455 -0.129099231
v 0.295388252 0.026444739 -0.112897366
v 0.288494601 0.049780149 -0.098699917
v 0.270660476 0.068270223 -0.088214489
v 0.262911830 0.090379256 -0.072987821
v 0.259819821 0.112735779 -0.058032267
v 0.241501845 0.128323744 -0.045590602
v 0.226340743 0.146557676 -0.030815809
v 0.221109199 0.169618328 -0.016429397
v 0.203894961 0.186050878 -0.001973146
v 0.183037859 0.196508887 0.012142959
v 0.171670482 0.217430377 0.025810028
v 0.154560634 0.234233189 0.040085847
v 0.131846099 0.238471508 0.054918851
v 0.113361660 0.253601832 0.069227519
v 0.096648444 0.271301888 0.081101396
v 0.074309382 0.274657793 0.096389703
v 0.051899671 0.281039998 0.111642614
v 0.032663808 0.298297030 0.121031096
v 0.008991337 0.305473553 0.134667170
v -0.012646653 0.300921671 0.151523706
v -0.036798743 0.306571652 0.164851769
v -0.060337187 0.318665578 0.171702689
v -0.084619882 0.318738961 0.185368535
v -0.105151755 0.311936369 0.202060544
v -0.130800691 0.313628002 0.213074125
v -0.157307780 0.319487571 0.217625660
v -0.182847042 0.316162213 0.229179030
v -0.200393142 0.304706390 0.247469292
v -0.225917236 0.299753824 0.258602065
v -0.253686622 0.300342711 0.259409884
v -0.279836528 0.293918265 0.266963515
v -0.301498002 0.283151080 0.279935286
v -0.319797686 0.270561502 0.295856869
v -0.344482180 0.259928941 0.304664830
v -0.371275637 0.253835928 0.300021313
v -0.395896034 0.241475353 0.304770580
v -0.418366088 0.226860943 0.313088057
v -0.433089057 0.211177168 0.331330553
v -0.455225787 0.195351082 0.338574999
v -0.477791310 0.179119419 0.342186531
v -0.500210549 0.165743685 0.331581768
v -0.521153640 0.147127175 0.333723249
v -0.541006549 0.127344293 0.337354276
v -0.555527975 0.109059732 0.352992510
v -0.572501673 0.089101487 0.361833803
v -0.590818258 0.067642376 0.363826435
v -0.607825205 0.046774412 0.357654294
v -0.622406374 0.026790752 0.344176149
v -0.637633695 0.003078292 0.342774982
v -0.651976075 -0.021277995 0.341764410
v -0.665331915 -0.043736772 0.350700634
v -0.678286640 -0.065446096 0.362498409
v -0.690786235 -0.090710065 0.360624919
v -0.702262055 -0.116392377 0.357676717
v -0.710343133 -0.140685093 0.347071739
v -0.713832136 -0.162181879 0.329054848
v -0.720154108 -0.188016831 0.320412779
v -0.726805073 -0.214938938 0.314851385
v -0.732743049 -0.242045272 0.309601601
v -0.742931698 -0.267201264 0.316963043
v -0.752208096 -0.292982189 0.322018016
v -0.755913393 -0.320052942 0.314862542
v -0.758340359 -0.347033929 0.306731971
v -0.758181918 -0.372814116 0.295894858
v -0.749906537 -0.390898228 0.275965006
v -0.741871871 -0.410858927 0.258166710
v -0.739086614 -0.437072349 0.247963059
v -0.735394434 -0.463114768 0.237564906
v -0.731820289 -0.489387797 0.228068223
v -0.735289678 -0.517331000 0.226870546
v -0.738908743 -0.545260972 0.225669523
v -0.734167196 -0.570957910 0.215600189
v -0.726262067 -0.594992282 0.202958453
v -0.717343053 -0.618474346 0.189958126
v -0.704456162 -0.637768467 0.174580579
v -0.684825055 -0.646195883 0.156102130
v -0.665946952 -0.657630460 0.138898905
v -0.652335421 -0.678172634 0.125072151
v -0.638188914 -0.698395717 0.111256605
v -0.623302368 -0.717981593 0.097317881
v -0.614667095 -0.742390747 0.086624806
v -0.610450487 -0.768980768 0.077963045
v -0.600462123 -0.792120812 0.065923857
v -0.583058805 -0.808439985 0.050779206
v -0.564705914 -0.823569310 0.035474497
v -0.545639853 -0.837721393 0.020106835
v -0.522477785 -0.842429559 0.005579849
v -0.497311815 -0.838252584 -0.006595142
v -0.472802515 -0.840124603 -0.019831072
v -0.451044397 -0.850675047 -0.034502122
v -0.428743458 -0.860121777 -0.049109668
v -0.406327640 -0.869145258 -0.063747153
v -0.391022639 -0.886800765 -0.079204908
v -0.378168295 -0.906260617 -0.095153464
v -0.357353103 -0.915850418 -0.110911041
v -0.333404410 -0.919547575 -0.125497771
v -0.309170186 -0.922078191 -0.139860161
v -0.284383602 -0.921988493 -0.153189126
v -0.259217700 -0.911294144 -0.159792605
v -0.234539851 -0.898234650 -0.164192077
v -0.209009075 -0.892889025 -0.174327025
v -0.183754956 -0.890506066 -0.186837623
v -0.158473305 -0.886948279 -0.199008741
v -0.134706657 -0.886436392 -0.213600811
v -0.116058510 -0.894035783 -0.233447642
v -0.094581052 -0.895462187 -0.251047332
v -0.069992493 -0.886975164 -0.262119740
v -0.045592079 -0.877285112 -0.272640373
v -0.021559061 -0.865550472 -0.281369237
v -0.001117615 -0.846524133 -0.277964547
v 0.019503279 -0.827764702 -0.275034983
v 0.043121213 -0.814447038 -0.282960296
v 0.066383238 -0.800524126 -0.291022578
v 0.089058616 -0.786941728 -0.300590791
v 0.108992944 -0.779659938 -0.319178666
v 0.129021976 -0.768866344 -0.335391282
v 0.149784266 -0.750754720 -0.341642792
v 0.169908433 -0.731579105 -0.346865102
v 0.188337841 -0.710888988 -0.346429012
v 0.202787294 -0.689844176 -0.334293916
v 0.220521186 -0.668503477 -0.333094978
v 0.238590243 -0.646985201 -0.336324849
v 0.255799351 -0.625300528 -0.341158603
v 0.270391330 -0.607180542 -0.357140404
v 0.284858111 -0.585177716 -0.365610238
v 0.298987143 -0.560678686 -0.365977897
v 0.312109732 -0.535978779 -0.363788537
v 0.322959784 -0.515492666 -0.347735147
v 0.334798951 -0.491074850 -0.342086340
v 0.345979186 -0.465136868 -0.340610575
v 0.354377875 -0.439858347 -0.347373588
v 0.360577251 -0.414422573 -0.355972917
v 0.368099334 -0.387436773 -0.352080893
v 0.375238104 -0.361743792 -0.344069289
v 0.383461545 -0.341117764 -0.326717063
v 0.388725180 -0.314044105 -0.320850335
v 0.391807207 -0.286410301 -0.317623331
v 0.388850101 -0.259597321 -0.325279045
v 0.389877084 -0.232223943 -0.318356594
v 0.392275729 -0.207332840 -0.306493110
v 0.396849603 -0.185532319 -0.290062579
v 0.395213441 -0.158491762 -0.281933714
v 0.386490068 -0.132520927 -0.282885150
v 0.379984575 -0.106386677 -0.276534139
v 0.377714925 -0.082182102 -0.263392542
v 0.378588213 -0.060358691 -0.247144447
v 0.370843092 -0.035108778 -0.237225392
v 0.354110150 -0.012724605 -0.235508173
v 0.344406918 0.011009598 -0.223584452
v 0.344719834 0.032165980 -0.205657786
v 0.333493288 0.055033991 -0.193446394
v 0.313052715 0.072931543 -0.188012605
v 0.298699111 0.093529092 -0.175185098
v 0.295045919 0.114866519 -0.158037004
v 0.279527813 0.134422011 -0.144812142
v 0.256003474 0.146285705 -0.136739687
v 0.240629039 0.164359792 -0.121830086
v 0.230496822 0.184228506 -0.106033086
v 0.208645792 0.195360660 -0.094107440
v 0.186569404 0.205377438 -0.081194033
v 0.173772306 0.224282032 -0.065713762
v 0.153042054 0.236482463 -0.051179816
v 0.128431805 0.237951306 -0.038697481
v 0.109484106 0.251118234 -0.023746574
v 0.089864816 0.263508196 -0.009408357
v 0.066218107 0.260730076 0.004261559
v 0.043071800 0.265709204 0.019602026
v 0.022909612 0.278878840 0.032436066
v -0.000188584 0.276690478 0.047118871
v -0.022841846 0.272737803 0.062318599
v -0.046062497 0.282179723 0.073976885
v -0.070390041 0.280911342 0.088215332
v -0.089417536 0.268984565 0.104074906
v -0.113879621 0.268023908 0.117268900
v -0.139071876 0.269136094 0.127740305
v -0.158362964 0.257676902 0.143058472
v -0.178431648 0.246569304 0.158308979
v -0.204497701 0.244828402 0.166192073
v -0.228174749 0.235578744 0.177849165
v -0.242327198 0.219064445 0.194666222
v -0.262660810 0.205454217 0.208390232
v -0.288388131 0.197704487 0.213356384
v -0.310437947 0.183660177 0.223095080
v -0.324016455 0.165709665 0.238674493
v -0.339180965 0.147670392 0.253055223
v -0.359978478 0.131131698 0.260868443
v -0.382752684 0.116098849 0.262126916
v -0.399989341 0.095761606 0.271530177
v -0.406173261 0.075990214 0.290323402
v -0.421470520 0.054495325 0.300191825
v -0.438931882 0.033399902 0.303675482
v -0.457042862 0.012625602 0.301312074
v -0.470146743 -0.011509092 0.308076280
v -0.477288027 -0.033701419 0.322353937
v -0.484756820 -0.056525171 0.335473658
v -0.495555835 -0.082000506 0.341334698
v -0.507581587 -0.106443708 0.336970078
v -0.517940637 -0.131577145 0.331935363
v -0.525256568 -0.158682488 0.335360923
v -0.530249373 -0.184455118 0.343832109
v -0.532787343 -0.207054630 0.360121035
v -0.537751560 -0.234729374 0.362874216
v -0.541787026 -0.262658058 0.363939378
v -0.544854954 -0.286840416 0.350161746
v -0.546167206 -0.313465251 0.343057257
v -0.546356635 -0.341740094 0.342386044
v -0.545744159 -0.369713372 0.344090479
v -0.545819962 -0.394596888 0.357490785
v -0.544506357 -0.421950735 0.361894361
v -0.541502943 -0.449952245 0.359275735
v -0.537342669 -0.477583469 0.355280310
v -0.530134354 -0.498564654 0.338212674
v -0.521684226 -0.520373784 0.323171320
v -0.513923572 -0.547060869 0.317923994
v -0.505150140 -0.573309350 0.312092910
v -0.498037569 -0.600229080 0.312600210
v -0.493829771 -0.627063483 0.320431417
v -0.485369593 -0.653489064 0.318829955
v -0.473875914 -0.678110398 0.310978186
v -0.461496914 -0.702114260 0.302579762
v -0.446619423 -0.720342280 0.288119722
v -0.429653188 -0.729924630 0.267646003
v -0.412767275 -0.746558032 0.253194700
v -0.396479185 -0.767324958 0.243026420
v -0.379429240 -0.787242738 0.232417873
v -0.364650992 -0.809954502 0.226289761
v -0.355038190 -0.836514281 0.227513271
v -0.340946000 -0.859857250 0.222389949
v -0.322035287 -0.876818255 0.209953355
v -0.302526332 -0.892797607 0.197146488
v -0.282261679 -0.907011796 0.183571209
v -0.260691638 -0.909572312 0.165840966
v -0.239077943 -0.907282651 0.147761452
v -0.216563916 -0.912785510 0.132147692
v -0.194169628 -0.923310451 0.118448109
v -0.171396938 -0.932672136 0.104529502
v -0.148941908 -0.943094575 0.091231718
v -0.131392608 -0.963449149 0.082730961
v -0.113660567 -0.983260274 0.073498965
v -0.091029564 -0.991312111 0.059170746
v -0.067562252 -0.995363908 0.043912331
v -0.043969242 -0.998213390 0.028576025
v -0.020687265 -0.996036371 0.013364123
v -0.000647636 -0.981061717 0.000415032
v 0.019709663 -0.966082780 -0.012048821
v 0.043591190 -0.962587011 -0.026563737
v 0.067618948 -0.959731549 -0.041208938
v 0.091515782 -0.955653843 -0.055778333
v 0.114987379 -0.956686074 -0.070932609
v 0.136626633 -0.965839796 -0.086653855
v 0.158855582 -0.971109449 -0.103050225
v 0.181537509 -0.963790338 -0.118081935
v 0.203748861 -0.953943598 -0.132562202
v 0.225578744 -0.942964515 -0.146806177
v 0.244804768 -0.926120560 -0.157631452
v 0.258197098 -0.901508522 -0.161300537
v 0.274218616 -0.879513861 -0.167599363
v 0.294763727 -0.864669363 -0.180115032
v 0.314836223 -0.849036695 -0.192471203
v 0.334520374 -0.833060617 -0.204958957
v 0.354977750 -0.826069486 -0.222950498
v 0.374683604 -0.820549046 -0.242407474
v 0.392674661 -0.804623952 -0.256557782
v 0.408871019 -0.784083205 -0.267315211
v 0.424311820 -0.762737105 -0.277605491
v 0.436564178 -0.738358647 -0.282481787
v 0.442928230 -0.711342817 -0.277143357
v 0.453123260 -0.685591733 -0.278585565
v 0.466237736 -0.661959481 -0.286920920
v 0.478440001 -0.637667861 -0.294729754
v 0.491324044 -0.617401926 -0.308557503
v 0.504062888 -0.602175924 -0.328663802
v 0.513725815 -0.578024466 -0.338557021
v 0.521491035 -0.551400353 -0.344108559
v 0.528135995 -0.524297302 -0.348487184
v 0.530945824 -0.497552776 -0.340670463
v 0.533272247 -0.470981814 -0.331830264
v 0.537942200 -0.443260706 -0.334725355
v 0.541691526 -0.415381012 -0.337662419
v 0.545080677 -0.390008667 -0.347997655
v 0.547300373 -0.367157739 -0.364232018
v 0.547263588 -0.338983144 -0.365858103
v 0.546125603 -0.310722596 -0.365930328
v 0.544507708 -0.284730649 -0.356523295
v 0.542799417 -0.260212244 -0.343045013
v 0.539467091 -0.232189194 -0.341456674
v 0.534800593 -0.204471084 -0.341636953
v 0.527472426 -0.179985025 -0.353608312
v 0.519757486 -0.153268304 -0.354113152
v 0.511651104 -0.126499829 -0.349906757
v 0.507149670 -0.103823699 -0.334921118
v 0.500584231 -0.079794003 -0.323480626
v 0.490170223 -0.054018714 -0.318271222
v 0.475607983 -0.030842696 -0.322263092
v 0.460522185 -0.007810500 -0.322113018
v 0.446900750 0.015782594 -0.314511644
v 0.441138659 0.036225117 -0.296624091
v 0.428140809 0.058503729 -0.286209507
v 0.410640867 0.079373718 -0.280941735
v 0.388964503 0.096210696 -0.281698145
v 0.371362060 0.115917434 -0.271610990
v 0.362747793 0.135459649 -0.253679698
v 0.345367291 0.154082149 -0.242038319
v 0.322261429 0.167630315 -0.237138073
v 0.299252508 0.180591386 -0.229842492
v 0.282343497 0.196941563 -0.215293862
v 0.267431037 0.213609148 -0.199552475
v 0.243869766 0.224200286 -0.189642293
v 0.218286124 0.229713442 -0.182135193
v 0.199479634 0.242802782 -0.166938217
v 0.181246136 0.255909628 -0.151615919
v 0.155866122 0.258248362 -0.141728722
v 0.131110857 0.261011156 -0.129672268
v 0.113169307 0.273920176 -0.113542668
v 0.089500075 0.278941911 -0.099253378
v 0.064856627 0.271650594 -0.088808815
v 0.041452871 0.274475074 -0.073608270
v 0.020403840 0.282588895 -0.058609860
v -0.002022425 0.274076797 -0.046038843
v -0.025061555 0.268532774 -0.031426281
v -0.047934810 0.274550542 -0.017014800
v -0.070733086 0.267371932 -0.002478973
v -0.089372757 0.253219561 0.011530602
v -0.113083193 0.252315314 0.025324868
v -0.135990305 0.245401843 0.039503674
v -0.150240999 0.227220503 0.054313007
v -0.171984679 0.217335113 0.068819508
v -0.195621932 0.211182613 0.080531892
v -0.209409010 0.193198839 0.095744517
v -0.224926927 0.176005407 0.111059027
v -0.249013341 0.166840020 0.120539950
v -0.266519228 0.149296953 0.134085103
v -0.272373797 0.127960953 0.150966179
v -0.288255901 0.108978536 0.164523340
v -0.310140210 0.093869821 0.171195490
v -0.321929775 0.072351919 0.184653362
v -0.324861947 0.051026771 0.201549965
v -0.337883318 0.028943503 0.212900507
v -0.355649008 0.008265656 0.217173215
v -0.364650445 -0.015947340 0.228616504
v -0.362424616 -0.036762365 0.247018865
v -0.369814284 -0.061682490 0.258169142
v -0.382895756 -0.086072951 0.259389037
v -0.389539625 -0.112193699 0.266596368
v -0.390333363 -0.136667586 0.279180217
v -0.387254049 -0.158410750 0.295496057
v -0.389214970 -0.185209093 0.304325379
v -0.395962998 -0.211809945 0.300197851
v -0.396592920 -0.239328962 0.304502227
v -0.394106944 -0.266138721 0.312556871
v -0.386961095 -0.286414569 0.330817482
v -0.383040934 -0.313229402 0.338342412
v -0.378953822 -0.340724458 0.342329867
v -0.377466158 -0.366802573 0.331770214
v -0.370707227 -0.393971067 0.333588401
v -0.362326295 -0.420730380 0.337138925
v -0.352788542 -0.442218553 0.352426867
v -0.342899356 -0.466281474 0.361741499
v -0.332311964 -0.492430960 0.363759020
v -0.321329473 -0.517539053 0.360140382
v -0.310883823 -0.538917809 0.344998932
v -0.296979856 -0.563236812 0.342816147
v -0.282011396 -0.587215132 0.341845907
v -0.268039807 -0.609577222 0.349908977
v -0.254933730 -0.630917273 0.362404887
v -0.238318460 -0.653688544 0.360783404
v -0.220849744 -0.675742603 0.357879688
v -0.202958606 -0.694518228 0.348038736
v -0.185559223 -0.707515964 0.329944809
v -0.165636319 -0.724760807 0.320733389
v -0.144830950 -0.743106169 0.315207169
v -0.123504890 -0.760824691 0.309799282
v -0.105630894 -0.781335072 0.316556641
v -0.087272276 -0.801586740 0.322278656
v -0.064995116 -0.817482863 0.315348339
v -0.042178924 -0.832103306 0.307246907
v -0.019158626 -0.844266438 0.296855293
v 0.000831618 -0.845587148 0.277100492
v 0.022009125 -0.847219349 0.258908164
v 0.046530825 -0.856741636 0.248586100
v 0.071340746 -0.865505442 0.238211840
v 0.096329670 -0.874181564 0.228423997
v 0.119643172 -0.889935657 0.226988334
v 0.142654257 -0.906246808 0.226108675
v 0.167639768 -0.914249221 0.216368528
v 0.192616387 -0.918355056 0.203748447
v 0.217571658 -0.921307362 0.190768663
v 0.240848425 -0.919267477 0.175613745
v 0.257595649 -0.906044484 0.157157933
v 0.276073952 -0.894099263 0.139794068
v 0.300521591 -0.891359947 0.125906863
v 0.325002205 -0.888174111 0.112104408
v 0.349215673 -0.883906798 0.098130772
v 0.374831823 -0.886980471 0.087225358
v 0.400382245 -0.895506735 0.078603556
v 0.425604795 -0.897895947 0.066824382
v 0.448188964 -0.890161584 0.051720701
v 0.470097234 -0.880893789 0.036420808
v 0.491468421 -0.870542149 0.021056310
v 0.506858401 -0.852736664 0.006417984
v 0.514775109 -0.828517619 -0.005812477
v 0.527304104 -0.807280055 -0.018949223
v 0.546635292 -0.792756539 -0.033609910
v 0.565326423 -0.777358728 -0.048221970
v 0.583587716 -0.761499867 -0.062835654
v 0.606132743 -0.755473301 -0.078267080
v 0.629373027 -0.753161906 -0.094170179
v 0.647848660 -0.739815515 -0.110003289
v 0.662203000 -0.720301981 -0.124602616
v 0.675663020 -0.700002914 -0.138981430
v 0.687357481 -0.678221616 -0.152549540
v 0.689722657 -0.651044261 -0.159385505
v 0.689424497 -0.623118506 -0.163757959
v 0.696006022 -0.597775905 -0.173550881
v 0.705579886 -0.574297956 -0.186084271
v 0.714110476 -0.550244463 -0.198275023
v 0.724286183 -0.528481499 -0.212549939
v 0.739600170 -0.515305751 -0.232317584
v 0.751163704 -0.497429871 -0.250220483
v 0.755138845 -0.471814295 -0.261457471
v 0.757821160 -0.445708178 -0.272004535
v 0.758786818 -0.419045552 -0.281153629
v 0.751533650 -0.392064357 -0.278143363
v 0.744045590 -0.365194633 -0.274664661
v 0.743034404 -0.338065344 -0.282447302
v 0.741444477 -0.311011698 -0.290542353
v 0.739673550 -0.284480015 -0.299767810
v 0.742297389 -0.263228278 -0.318106977
v 0.742338417 -0.240801885 -0.334861609
v 0.735942464 -0.214056217 -0.341302608
v 0.728239925 -0.187354710 -0.346562724
v 0.718541684 -0.161297829 -0.346937438
v 0.706510545 -0.138772783 -0.334822817
v 0.695634432 -0.113363609 -0.332874662
v 0.684912451 -0.087396420 -0.336146593
v 0.673529137 -0.062040010 -0.340556789
v 0.664155235 -0.040582249 -0.356270882
v 0.651531609 -0.017788166 -0.365563596
v 0.636337941 0.006064382 -0.365973547
v 0.620405842 0.029211090 -0.364403214
v 0.607138997 0.048372736 -0.348573464
v 0.591122972 0.069967973 -0.342157770
v 0.573286233 0.091870874 -0.340719186
v 0.554714427 0.111265729 -0.346610969
v 0.535093125 0.128285225 -0.356193880
v 0.514632219 0.147427942 -0.352337728
v 0.494804309 0.165677963 -0.345004054
v 0.480420229 0.182445346 -0.327461010
v 0.459048638 0.199635766 -0.321170849
v 0.436081251 0.215322329 -0.317401103
v 0.410918720 0.225014390 -0.325487101
v 0.387031659 0.238516270 -0.318824160
v 0.365487000 0.252011768 -0.307633132
v 0.348826789 0.266283856 -0.290547936
v 0.324086170 0.277342422 -0.282451137
v 0.297179840 0.282097373 -0.282678281
v 0.270839130 0.287963189 -0.277157789
v 0.247719046 0.296759198 -0.264569091
v 0.229357794 0.308010491 -0.247774869
v 0.203479608 0.313073618 -0.237601845
v 0.175851449 0.308492201 -0.236109909
v 0.150248394 0.310749849 -0.224338356
v 0.131370717 0.320422077 -0.206665970
v 0.106145763 0.321445068 -0.194197805
v 0.080842986 0.312077982 -0.188487534
v 0.055902608 0.308430938 -0.176021187
v 0.035244502 0.314854281 -0.158949446
v 0.010750886 0.310501717 -0.145570752
v -0.010654498 0.295016782 -0.137623754
v -0.033869112 0.289003420 -0.122880962
v -0.056116213 0.289976515 -0.106899594
v -0.076611828 0.276560890 -0.094574118
v -0.095214005 0.260845957 -0.082123696
v -0.117745796 0.257644319 -0.066667143
v -0.138563839 0.245889273 -0.051998158
v -0.150844871 0.224555686 -0.039795528
v -0.170830497 0.212765134 -0.024702999
v -0.191387912 0.202237555 -0.010463626
v -0.200451812 0.180374273 0.003220206
v -0.214824487 0.161631134 0.018526252
v -0.236064893 0.150056276 0.031384965
v -0.245911914 0.128841567 0.046079605
v -0.251838426 0.106690668 0.061230023
v -0.270086261 0.090241575 0.073117815
v -0.281259301 0.068584110 0.087028795
v -0.279317176 0.046175375 0.102891771
v -0.288861289 0.023735633 0.116627681
v -0.302497757 0.002272305 0.126645390
v -0.302536690 -0.020566776 0.141645742
v -0.300762916 -0.043034700 0.157196001
v -0.309622821 -0.067274797 0.166490912
v -0.314112974 -0.092458487 0.176976833
v -0.306694442 -0.113065773 0.193415603
v -0.303388314 -0.136946387 0.207513157
v -0.307730522 -0.163226490 0.213256893
v -0.306211612 -0.189369144 0.222320140
v -0.297139417 -0.210409865 0.237345201
v -0.287616319 -0.231477919 0.252283552
v -0.282021254 -0.257358781 0.260943707
v -0.279823935 -0.284704148 0.261468828
v -0.269852725 -0.309487781 0.270758242
v -0.255500414 -0.325515211 0.288458896
v -0.242975745 -0.347801736 0.299694877
v -0.232032439 -0.372876170 0.303930534
v -0.222312366 -0.398699875 0.300915328
v -0.206974064 -0.421470185 0.307712538
v -0.190565473 -0.438585369 0.321300060
v -0.173792729 -0.455198126 0.335125598
v -0.156196386 -0.476542152 0.341021440
v -0.139861941 -0.498449945 0.337485262
v -0.122594833 -0.519317799 0.331723588
v -0.101942248 -0.538329394 0.335185184
v -0.081246304 -0.554920557 0.342982890
v -0.062500564 -0.567366628 0.359777788
v -0.040257561 -0.584506778 0.362760552
v -0.017340623 -0.600976863 0.364060095
v 0.002893686 -0.615012208 0.350938767
v 0.025664630 -0.628382807 0.343076273
v 0.050653601 -0.641615527 0.342441374
v 0.075833874 -0.653978860 0.343683213
v 0.097975635 -0.665524244 0.356875209
v 0.122672130 -0.676985099 0.362024677
v 0.148898793 -0.687253943 0.359439894
v 0.175355301 -0.696374539 0.355662858
v 0.197569355 -0.699944574 0.339153894
v 0.220523095 -0.702299577 0.323534082
v 0.247766380 -0.707721633 0.318234218
v 0.275105731 -0.712068819 0.312435046
v 0.302332866 -0.717940137 0.312366393
v 0.328065184 -0.726581878 0.320274289
v 0.355395544 -0.731500394 0.319251249
v 0.382551089 -0.732687393 0.311432991
v 0.409569092 -0.732805096 0.303067587
v 0.432998829 -0.728376457 0.289101088
v 0.449352767 -0.717804924 0.268619529
v 0.471505007 -0.710190483 0.253743700
v 0.497460342 -0.705348667 0.243603138
v 0.523012732 -0.699432447 0.233018438
v 0.549858419 -0.696371563 0.226418435
v 0.577859884 -0.700080462 0.227684191
v 0.605250284 -0.698790438 0.223077928
v 0.629040464 -0.689855718 0.210661557
v 0.652236669 -0.679937641 0.197873927
v 0.674308720 -0.668618609 0.184383644
v 0.687013977 -0.650931048 0.166802225
v 0.694884053 -0.630708309 0.148677692
v 0.709702976 -0.613031674 0.132899501
v 0.729394036 -0.598036158 0.119211969
v 0.748237720 -0.582177023 0.105306258
v 0.767569126 -0.566756091 0.091852858
v 0.793626509 -0.560339951 0.083251881
v 0.819518564 -0.553973416 0.074197084
v 0.837454499 -0.537935646 0.060023955
v 0.851903971 -0.519001550 0.044770690
v 0.865345260 -0.499400768 0.029438038
v 0.875237736 -0.478093922 0.014124734
v 0.873424836 -0.453512436 0.000535471
v 0.869281106 -0.428501537 -0.011962492
v 0.874427359 -0.404866197 -0.026092977
v 0.882986980 -0.382235362 -0.040740383
v 0.890396329 -0.359154842 -0.055312558
v 0.901938059 -0.338669855 -0.070445593
v 0.920023495 -0.323653667 -0.086148553
v 0.935055981 -0.306436692 -0.102533699
v 0.939182884 -0.283013796 -0.117602293
v 0.940701696 -0.258770046 -0.132090654
v 0.941036705 -0.234341877 -0.146343085
v 0.935207761 -0.209507440 -0.157348779
v 0.919560936 -0.186272122 -0.161067159
v 0.907223791 -0.161971787 -0.167226487
v 0.903470147 -0.136893422 -0.179712544
v 0.898860464 -0.111877725 -0.192079020
v 0.893714606 -0.087039164 -0.204540560
v 0.896759187 -0.065571390 -0.222421725
v 0.901012430 -0.045560030 -0.241887876
v 0.895406640 -0.022315553 -0.256197644
v 0.884654552 0.001523973 -0.266969756
v 0.872837790 0.025064066 -0.277274638
v 0.857010287 0.047254846 -0.282442597
v 0.835957064 0.065346581 -0.277125759
v 0.817659350 0.086167585 -0.278306892
v 0.802744517 0.108700437 -0.286659749
v 0.786823228 0.130728065 -0.294486422
v 0.774582602 0.151549575 -0.308068045
v 0.766974977 0.169883641 -0.328177844
v 0.750210163 0.189560264 -0.338363888
v 0.730170703 0.208726270 -0.343935486
v 0.709206518 0.227128160 -0.348404710
v 0.686756598 0.242034165 -0.340889054
v 0.664249333 0.256246938 -0.331778549
v 0.641791762 0.273162105 -0.334619602
v 0.618783360 0.289343447 -0.337575366
v 0.597690569 0.304109104 -0.347556417
v 0.578543277 0.316594371 -0.363952782
v 0.553587981 0.329542762 -0.365844472
v 0.527987658 0.341566665 -0.365938826
v 0.504061788 0.352140593 -0.356906301
v 0.481613722 0.361886963 -0.343152972
v 0.455218911 0.371854702 -0.341504442
v 0.428414717 0.380702941 -0.340260531
v 0.403567448 0.385506777 -0.352328300
v 0.376568274 0.390688354 -0.354305038
v 0.349077129 0.395862975 -0.350131271
v 0.326503462 0.402188528 -0.335793274
v 0.302522020 0.407590936 -0.323723442
v 0.274845303 0.410263282 -0.318544978
v 0.247508032 0.408308776 -0.321914047
v 0.220161830 0.405328243 -0.322475103
v 0.192936755 0.404145269 -0.314902046
v 0.171819017 0.408132767 -0.297518540
v 0.146363587 0.407226656 -0.286612771
v 0.119612316 0.401938825 -0.280342335
v 0.094466518 0.389866770 -0.282013380
v 0.068848692 0.383313191 -0.271984805
v 0.047409032 0.384384232 -0.254305947
v 0.022981886 0.377858366 -0.242416668
v 0.000141514 0.363950397 -0.237126664
v -0.021833387 0.349192115 -0.230277655
v -0.044211009 0.341297133 -0.215961787
v -0.065823147 0.336196512 -0.199987029
v -0.086308913 0.320504968 -0.189772974
v -0.102810717 0.300040377 -0.182620346
v -0.123045247 0.288858298 -0.167592009
v -0.143160220 0.279272899 -0.152095792
v -0.157291038 0.258140017 -0.141957503
v -0.170845785 0.237158157 -0.130195225
v -0.190410810 0.226897931 -0.114131631
v -0.205977428 0.208525966 -0.099765850
v -0.210896243 0.183302980 -0.089351911
v -0.223922940 0.163523926 -0.074182078
v -0.241136031 0.148921950 -0.059137495
v -0.244457264 0.125209508 -0.046434526
v -0.249675582 0.102106770 -0.031984042
v -0.265549102 0.084583919 -0.017550761
v -0.270187242 0.061064131 -0.002957994
v -0.265810642 0.037995582 0.010970967
v -0.275482798 0.016394718 0.024893648
v -0.280415115 -0.006962533 0.038971497
v -0.270874354 -0.027995139 0.053759305
v -0.271671795 -0.051873795 0.068444637
v -0.277617663 -0.075651388 0.080011308
v -0.268460512 -0.096464226 0.095155620
v -0.259956227 -0.117881275 0.110525555
v -0.262681137 -0.143388495 0.120174438
v -0.255534483 -0.167141800 0.133566777
v -0.239269267 -0.182146198 0.150454249
v -0.229555442 -0.204862383 0.164180246
v -0.226471795 -0.231378327 0.170731410
v -0.213002195 -0.252087407 0.184031434
v -0.195274753 -0.264206858 0.201083285
v -0.181471290 -0.285740158 0.212737782
v -0.171568011 -0.311254882 0.216759545
v -0.154282990 -0.330506211 0.228133994
v -0.134777053 -0.338098276 0.246552323
v -0.116069222 -0.356091487 0.257773391
v -0.100338014 -0.378756643 0.259364479
v -0.080374412 -0.396902479 0.266259295
v -0.058955622 -0.409273970 0.278511067
v -0.038326097 -0.416189603 0.295166189
v -0.015461710 -0.430292048 0.304014503
v 0.005127966 -0.448390827 0.300351019
v 0.029134588 -0.461821242 0.304256803
v 0.054116305 -0.472111580 0.312095908
v 0.075404743 -0.475109575 0.330353289
v 0.100941947 -0.483874183 0.338129640
v 0.127251283 -0.492846958 0.342453640
v 0.151074122 -0.503591388 0.331934959
v 0.178257864 -0.510198833 0.333463477
v 0.205875635 -0.515124560 0.336944125
v 0.229480526 -0.516630402 0.351920105
v 0.255235602 -0.518860648 0.361656830
v 0.283319059 -0.521528208 0.363697093
v 0.310769978 -0.523354717 0.360525318
v 0.334513459 -0.523983773 0.345298008
v 0.362444451 -0.522871369 0.342839811
v 0.390625021 -0.520653285 0.341893028
v 0.417026169 -0.518500371 0.349513063
v 0.441885239 -0.516742812 0.362366484
v 0.469755663 -0.512512663 0.360875941
v 0.497382871 -0.507183784 0.357994113
v 0.522445162 -0.500016902 0.348498175
v 0.542022507 -0.490604378 0.330412802
v 0.566366127 -0.480843613 0.320920107
v 0.592244268 -0.470845479 0.315414473
v 0.617777768 -0.460065894 0.309931703
v 0.644215261 -0.453512103 0.316395364
v 0.670649863 -0.446682261 0.322448828
v 0.695070095 -0.434278695 0.315632156
v 0.718569933 -0.420773911 0.307548280
v 0.740426923 -0.406071501 0.297657221
v 0.752662015 -0.388922974 0.279034807
v 0.763164589 -0.370793428 0.260166829
v 0.781815649 -0.353094078 0.248730676
v 0.801023768 -0.335107580 0.238362649
v 0.819461777 -0.316503942 0.227718892
v 0.843334037 -0.302294564 0.225080311
v 0.869009608 -0.290533562 0.225755378
v 0.888282264 -0.272527605 0.216839558
v 0.903455661 -0.252259427 0.204232922
v 0.917596171 -0.231478276 0.191265875
v 0.926786751 -0.209900145 0.176224382
v 0.922960979 -0.188919958 0.157777784
v 0.920584225 -0.167075715 0.140331321
v 0.929348496 -0.144110637 0.126415146
v 0.937824075 -0.120919580 0.112620460
v 0.945151866 -0.097456933 0.098630937
v 0.959449960 -0.076030256 0.087623058
v 0.978797607 -0.057278302 0.079026475
v 0.992818723 -0.036089453 0.067380761
v 0.996463024 -0.012488974 0.052298457
v 0.998359013 0.011225137 0.037001543
v 0.999045706 0.034962673 0.021639007
v 0.990713157 0.056928689 0.006943553
v 0.972920524 0.075137700 -0.005327383
v 0.959578703 0.095910760 -0.018412006
v 0.955532454 0.119747702 -0.033066513
v 0.950504287 0.143435113 -0.047681355
v 0.944771138 0.166943537 -0.062283826
v 0.949514124 0.189785770 -0.077699807
v 0.958239138 0.211470535 -0.093576372
v 0.955305684 0.234020763 -0.109446118
v 0.944625648 0.255758552 -0.124053126
v 0.932835820 0.277065104 -0.138440535
v 0.919072271 0.297565382 -0.152116219
v 0.896160186 0.312291203 -0.159088080
v 0.871216078 0.324855946 -0.163453379
v 0.851554332 0.342225673 -0.173077428
v 0.835155285 0.361554356 -0.185624628
v 0.817756641 0.380218070 -0.197827538
v 0.802920418 0.399229677 -0.211970409
v 0.798159208 0.418914899 -0.231669339
v 0.787955888 0.437472242 -0.249726683
v 0.767147721 0.452853060 -0.261050444
v 0.745229122 0.467273710 -0.271613997
v 0.722166765 0.480556947 -0.281040235
v 0.695061560 0.487773162 -0.280049704
v 0.667629958 0.493341143 -0.276330460
v 0.642370443 0.504025717 -0.282322861
v 0.617627461 0.515074856 -0.290425835
v 0.593247618 0.525714899 -0.299631568
v 0.575579326 0.537834362 -0.317954426
v 0.555732310 0.548216766 -0.334755195
v 0.529053259 0.554861865 -0.341217635
v 0.501806616 0.560322879 -0.346487111
v 0.474204396 0.563731393 -0.346941668
v 0.448665720 0.563417332 -0.334835325
v 0.421111007 0.565444019 -0.332820662
v 0.393124921 0.567887794 -0.336102293
v 0.365363949 0.569456546 -0.340473103
v 0.341987226 0.571025898 -0.356162693
v 0.315972765 0.570331625 -0.365552089
v 0.287803046 0.567831658 -0.365972237
v 0.259904142 0.564345827 -0.364481500
v 0.236769346 0.561382541 -0.348682706
v 0.210254036 0.557118896 -0.342175050
v 0.182596869 0.551374752 -0.340745834
v 0.156794527 0.543837146 -0.346526209
v 0.132683676 0.534257197 -0.356248465
v 0.106267307 0.524911681 -0.352401481
v 0.080906618 0.515676236 -0.345169221
v 0.059412545 0.510638193 -0.327599876
v 0.034322372 0.499613556 -0.321250333
v 0.009802538 0.486481246 -0.317400790
v -0.010393667 0.468621516 -0.325503317
v -0.033366706 0.453605658 -0.318940532
v -0.055293133 0.440603766 -0.307860993
v -0.075613284 0.432479929 -0.290668816
v -0.096827656 0.415613630 -0.282580064
v -0.113509716 0.393984454 -0.282675344
v -0.130789793 0.373247174 -0.277313188
v -0.149236871 0.356651876 -0.264823014
v -0.167693929 0.345659380 -0.247932289
v -0.184125084 0.325041736 -0.237742175
v -0.192794124 0.298411154 -0.236268617
v -0.206579717 0.276704505 -0.224526246
v -0.223812454 0.264313310 -0.206909685
v -0.236394450 0.242485105 -0.194385996
v -0.239843386 0.215764271 -0.188599545
v -0.247999181 0.191893858 -0.176230225
v -0.263135700 0.176435314 -0.159197959
v -0.270643692 0.152771146 -0.145777775
v -0.266766337 0.126637220 -0.137844805
v -0.272024759 0.103199636 -0.123132875
v -0.283244918 0.083963910 -0.107117169
v -0.280970063 0.059574029 -0.094713373
v -0.275411665 0.035838365 -0.082356387
v -0.282804821 0.014325583 -0.066903823
v -0.282117607 -0.009529116 -0.052224645
v -0.268845480 -0.030260362 -0.040033026
v -0.267387196 -0.053446567 -0.024915983
v -0.267724874 -0.076528371 -0.010692721
v -0.252631730 -0.094730505 0.003002011
v -0.242471503 -0.116033791 0.018289655
v -0.242008916 -0.140227215 0.031156744
v -0.227842004 -0.158880462 0.045853146
v -0.210795270 -0.174210662 0.060994539
v -0.204505724 -0.197916840 0.072933288
v -0.190537163 -0.217881678 0.086807160
v -0.169756713 -0.226484323 0.102662680
v -0.154143762 -0.245197413 0.116469736
v -0.141479201 -0.267288120 0.126432731
v -0.121255182 -0.278038646 0.141387090
v -0.100473554 -0.286624179 0.156980645
v -0.082969741 -0.305537223 0.166389116
v -0.062765433 -0.321245745 0.176780955
v -0.041158424 -0.324863255 0.192755203
v -0.018611645 -0.332108686 0.207170939
v 0.002778558 -0.347851553 0.213184218
v 0.026591381 -0.358794809 0.222017171
v 0.049569490 -0.360727439 0.236853709
v 0.072520684 -0.361711305 0.251982763
v 0.098088474 -0.368481277 0.260930548
v 0.123334554 -0.379349552 0.261212154
v 0.149919702 -0.381928977 0.270513940
v 0.170886416 -0.376733448 0.288013903
v 0.196300536 -0.375741289 0.299456714
v 0.223506553 -0.376765638 0.305328996
v 0.250588015 -0.380922115 0.300621340
v 0.277861892 -0.377825892 0.307440576
v 0.300955359 -0.371326812 0.320546391
v 0.323081508 -0.363944955 0.334867232
v 0.350132367 -0.358186754 0.340787585
v 0.377143292 -0.353661156 0.337835458
v 0.403592201 -0.348143983 0.331566594
v 0.429987422 -0.338600411 0.335054770
v 0.454462253 -0.327888774 0.342384296
v 0.473961575 -0.317000140 0.359532047
v 0.499399897 -0.305166832 0.362676000
v 0.524585949 -0.292420041 0.364197082
v 0.547189913 -0.280427855 0.353117052
v 0.569183352 -0.266679292 0.343083981
v 0.592444397 -0.250601389 0.342464284
v 0.615023895 -0.233931576 0.343588080
v 0.635486343 -0.219563569 0.356700160
v 0.657008695 -0.202969123 0.362077293
v 0.678211247 -0.184426675 0.359509055
v 0.698514685 -0.165149055 0.355800804
v 0.712032198 -0.147045240 0.339458270
v 0.724617073 -0.127804382 0.323698831
v 0.741968766 -0.106125385 0.318363652
v 0.758429162 -0.083864295 0.312578214
v 0.776132969 -0.062362308 0.312365695
v 0.795649007 -0.043500869 0.320288994
v 0.812658487 -0.021542053 0.319429756
v 0.826230768 0.002013026 0.311625373
v 0.838791151 0.025939032 0.303273574
v 0.845790172 0.048823708 0.289440379
v 0.843964832 0.068208065 0.268956688
v 0.847298568 0.091323848 0.253973282
v 0.854968741 0.116592756 0.243843941
v 0.861496474 0.141999731 0.233268700
v 0.871040354 0.167260071 0.226556662
v 0.887224317 0.190409565 0.227838062
v 0.898816116 0.215303418 0.223368870
v 0.901854578 0.240538142 0.210961317
v 0.903746864 0.265698944 0.198182045
v 0.903906028 0.290518018 0.184715308
v 0.894174882 0.310016966 0.167167976
v 0.879851953 0.326304173 0.149029371
v 0.870895891 0.347534315 0.133212405
v 0.866666769 0.371924045 0.119530047
v 0.861280860 0.395959749 0.105628977
v 0.856413806 0.420201145 0.092142995
v 0.862665751 0.446291928 0.083526875
v 0.869003691 0.472211933 0.074520562
v 0.863137552 0.495558954 0.060385609
v 0.852999198 0.517112808 0.045134552
v 0.841804619 0.538079173 0.029803468
v 0.827526193 0.556738661 0.014484653
v 0.804921790 0.566515574 0.000864325
v 0.780808045 0.574333592 -0.011639161
v 0.762127594 0.589701313 -0.025755037
v 0.745995970 0.607733134 -0.040403994
v 0.728932334 0.624948972 -0.054978167
v 0.713517251 0.643065187 -0.069837520
v 0.708748234 0.666077480 -0.085429954
v 0.702575455 0.688162826 -0.101715990
v 0.684322436 0.703070871 -0.116918758
v 0.663528865 0.715616449 -0.131417145
v 0.642031005 0.727205436 -0.145683023
v 0.617498294 0.733892626 -0.156996901
v 0.589672012 0.730767163 -0.160792188
v 0.562343004 0.730673800 -0.166703900
v 0.538308357 0.738826030 -0.179132935
v 0.514002280 0.746296945 -0.191516785
v 0.489546143 0.753128456 -0.203930370
v 0.471619760 0.765524014 -0.221623264
v 0.455909302 0.778611567 -0.241106078
v 0.432971886 0.784653257 -0.255680677
v 0.406871889 0.786132284 -0.266477260
v 0.380543180 0.786516961 -0.276802602
v 0.353555230 0.783010912 -0.282456218
v 0.327792461 0.772659315 -0.277176236
v 0.300912457 0.765736572 -0.277907816
v 0.274046020 0.762915257 -0.286285856
v 0.247162521 0.758966012 -0.294137687
v 0.222824013 0.757456183 -0.307309491
v 0.203054725 0.759214132 -0.327423764
v 0.178069701 0.753703584 -0.338088108
v 0.151822353 0.744777740 -0.343688328
v 0.125825609 0.734710356 -0.348301118
v 0.102113546 0.721717838 -0.341271111
v 0.079238107 0.708256683 -0.331876569
v 0.053899522 0.696090775 -0.334468185
v 0.028927933 0.683149203 -0.337450389
v 0.005921851 0.671096242 -0.346881504
v -0.013904780 0.659993391 -0.363491166
v -0.036844585 0.643917684 -0.365824549
v -0.059329540 0.626760301 -0.365950567
v -0.079871744 0.610272515 -0.357508086
v -0.098748656 0.594961967 -0.343318529
v -0.119771921 0.576160300 -0.341572165
v -0.140009781 0.556480069 -0.340196827
v -0.155893415 0.536651863 -0.351879466
v -0.172812256 0.515107855 -0.354485539
v -0.190097228 0.493107507 -0.350340955
v -0.206169051 0.475624024 -0.336608973
v -0.221981192 0.457201047 -0.323950271
v -0.237133944 0.433881302 -0.318798975
v -0.248267445 0.408797676 -0.321590579
v -0.258030778 0.383104219 -0.322815178
v -0.269559825 0.358403923 -0.315269843
v -0.282702358 0.341096609 -0.298357647
v -0.293795478 0.318496762 -0.286992023
v -0.301732663 0.292422297 -0.280280334
v -0.302450860 0.264492938 -0.282363758
v -0.308410510 0.238686814 -0.272467874
v -0.318544583 0.219579965 -0.255703035
v -0.324717430 0.195779102 -0.243029866
v -0.323576280 0.169125683 -0.237053550
v -0.320042476 0.142772957 -0.230981396
v -0.322778236 0.118827105 -0.217067406
v -0.328869640 0.097736726 -0.200690857
v -0.325090967 0.072241803 -0.189954464
v -0.313940223 0.048202224 -0.183405824
v -0.312019123 0.024519647 -0.168805747
v -0.314132383 0.002531127 -0.152727176
v -0.302502460 -0.019991101 -0.142236107
v -0.289592913 -0.041499440 -0.130883582
v -0.288879603 -0.063615691 -0.114925236
v -0.280448189 -0.085904928 -0.100439937
v -0.260476728 -0.101982969 -0.090029026
v -0.248376322 -0.122493849 -0.074947528
v -0.243861062 -0.144656481 -0.059831607
v -0.225221135 -0.159798787 -0.046637945
v -0.206174028 -0.174025770 -0.032591878
v -0.197878717 -0.196125535 -0.018136730
v -0.179457583 -0.211532824 -0.003498367
v -0.156778220 -0.217966731 0.010360979
v -0.141701414 -0.236139035 0.024424734
v -0.123659291 -0.251700249 0.038391507
v -0.100620812 -0.253008121 0.053150238
v -0.079575911 -0.264301001 0.067999799
v -0.061459130 -0.280960268 0.079443500
v -0.038710805 -0.283035224 0.094518225
v -0.015859561 -0.284811368 0.109944005
v 0.005563452 -0.298660425 0.119799792
v 0.029865230 -0.303650089 0.133028979
v 0.050702121 -0.296260317 0.149853745
v 0.075284224 -0.297907368 0.163706433
v 0.100246003 -0.307553490 0.170225543
v 0.125022010 -0.305469582 0.183365077
v 0.143756801 -0.295044754 0.200573537
v 0.169141230 -0.292484665 0.212488579
v 0.196426440 -0.295752495 0.216307012
v 0.221552558 -0.289398149 0.227606768
v 0.237286797 -0.275592517 0.246010063
v 0.261799539 -0.267230632 0.257339991
v 0.289041250 -0.263496019 0.259363029
v 0.314475379 -0.254423637 0.265891670
v 0.335704051 -0.241250905 0.277796112
v 0.350977477 -0.226027246 0.294806364
v 0.374035557 -0.212257011 0.303675364
v 0.399487010 -0.202159905 0.300525833
v 0.422592329 -0.187264245 0.303988141
v 0.443401282 -0.169868534 0.311588380
v 0.455881816 -0.152352511 0.329828835
v 0.475272157 -0.133739507 0.337897380
v 0.495303345 -0.114466209 0.342595397
v 0.515860894 -0.098307057 0.332121651
v 0.534314110 -0.077311791 0.333325092
v 0.551452251 -0.055084172 0.336729081
v 0.563807416 -0.034726943 0.351356643
v 0.577494388 -0.013012435 0.361564157
v 0.592816738 0.010671384 0.363629190
v 0.607146587 0.034295758 0.360956810
v 0.618672008 0.055009350 0.345632712
v 0.630547591 0.080240331 0.342865253
v 0.641581637 0.106266524 0.341942329
v 0.651844502 0.130834130 0.349066095
v 0.661720166 0.153565685 0.362320514
v 0.670835278 0.180242085 0.360976391
v 0.678852496 0.207214616 0.358118385
v 0.684176189 0.232877672 0.349002839
v 0.684901917 0.254598349 0.330934411
v 0.687358980 0.280572150 0.321123445
v 0.690429788 0.308148550 0.315640261
v 0.692603049 0.335766742 0.310071918
v 0.698827048 0.362323154 0.316199449
v 0.705082315 0.388862531 0.322629971
v 0.705389090 0.416274879 0.315937849
v 0.704253161 0.443361555 0.307876429
v 0.701417419 0.469663304 0.298196897
v 0.691953052 0.488592721 0.279693765
v 0.680660400 0.506134821 0.260714199
v 0.673452122 0.530724141 0.249125776
v 0.666355663 0.556070348 0.238773266
v 0.658299747 0.580974498 0.228071932
v 0.656455160 0.608660660 0.225184198
v 0.657922142 0.636870883 0.225977561
v 0.651057763 0.662402126 0.217329513
v 0.640078181 0.685223972 0.204736874
v 0.628167357 0.707366374 0.191783088
v 0.613405387 0.725716249 0.176862468
v 0.593093998 0.732182257 0.158426188
v 0.572526208 0.739835431 0.140891687
v 0.556144050 0.758132629 0.126944396
v 0.539482089 0.776360646 0.113157812
v 0.522030480 0.793669040 0.099164068
v 0.509374373 0.816039475 0.088038554
v 0.501636730 0.841855008 0.079462902
v 0.489519377 0.864278936 0.067959244
v 0.470309877 0.878481302 0.052899722
v 0.450150141 0.891115956 0.037605933
v 0.429411787 0.902688585 0.022245464
v 0.406165412 0.905823863 0.007489890
v 0.381810438 0.898486046 -0.004823474
v 0.357220924 0.895900060 -0.017852455
v 0.334178074 0.903218157 -0.032499990
v 0.310849836 0.909704354 -0.047118136
v 0.287314308 0.915376736 -0.061708684
v 0.269028605 0.929858312 -0.077108909
v 0.253842970 0.947654610 -0.092957631
v 0.232670064 0.955820338 -0.108866008
v 0.208461825 0.956384436 -0.123480984
v 0.184124165 0.955764633 -0.137877313
v 0.159601063 0.953096392 -0.151600749
v 0.135927728 0.939820551 -0.158782721
v 0.113307361 0.923432665 -0.163139768
v 0.088872933 0.913722297 -0.172584023
v 0.064162059 0.908106172 -0.185145620
v 0.039580795 0.901286784 -0.197361157
v 0.015813406 0.896658218 -0.211363746
v -0.003933250 0.901397111 -0.230989937
v -0.024996097 0.901235337 -0.249210969
v -0.048233508 0.889961493 -0.260623353
v -0.071137303 0.877180046 -0.271207104
v -0.093566489 0.862905245 -0.280721407
v -0.112577820 0.842319205 -0.280051984
v -0.130077550 0.820477007 -0.276196812
v -0.151146707 0.802871648 -0.281995549
v -0.172363547 0.786025442 -0.290119809
v -0.193015116 0.768430568 -0.298045526
v -0.212055215 0.757649933 -0.315401758
v -0.229954332 0.746703708 -0.334055284
v -0.248191021 0.726288449 -0.340884066
v -0.265619050 0.704652964 -0.346189246
v -0.281541771 0.681791857 -0.347301584
v -0.293079366 0.658951268 -0.335343579
v -0.307385287 0.635434968 -0.332605527
v -0.322479999 0.611747192 -0.335921636
v -0.336707104 0.587733499 -0.339889862
v -0.348986884 0.567608729 -0.355320970
v -0.360345421 0.544491962 -0.365505696
v -0.371147272 0.518356362 -0.365966954
v -0.380961712 0.491907884 -0.364972240
v -0.389026634 0.469861927 -0.349492824
v -0.397437634 0.444611711 -0.342241145
v -0.405127512 0.417429125 -0.340850456
v -0.410553882 0.390886569 -0.345788176
v -0.413071795 0.365273100 -0.356332757
v -0.416970454 0.337513193 -0.352649698
v -0.420344741 0.310459266 -0.346074547
v -0.425823093 0.289185699 -0.328320500
v -0.427762611 0.261996019 -0.321561051
v -0.427654381 0.234170252 -0.317186029
v -0.421199304 0.208012210 -0.325360445
v -0.418281251 0.180688348 -0.319394252
v -0.416514495 0.154933665 -0.308889510
v -0.418999960 0.133418477 -0.291228316
v -0.413910592 0.106823169 -0.283080969
v -0.402929353 0.081856666 -0.282402755
v -0.392062675 0.057102480 -0.277915437
v -0.385240109 0.032803056 -0.265964490
v -0.384655462 0.011601893 -0.248543481
v -0.374100418 -0.012526218 -0.238250695
v -0.354661657 -0.032602841 -0.236683935
v -0.341512202 -0.054801685 -0.225256810
v -0.337952746 -0.075808707 -0.207935208
v -0.324957179 -0.097087144 -0.195115466
v -0.303347735 -0.112854440 -0.188922780
v -0.285478233 -0.130803642 -0.177041588
v -0.278213860 -0.151203935 -0.160213316
v -0.261266095 -0.169003534 -0.146579297
v -0.236308665 -0.177670657 -0.138702966
v -0.217544905 -0.192913609 -0.124131843
v -0.206099896 -0.212049414 -0.107958639
v -0.183773741 -0.222176983 -0.095164979
v -0.159817256 -0.227402001 -0.083259349
v -0.143660664 -0.243364321 -0.067830123
v -0.122702055 -0.254366655 -0.053100341
v -0.098186234 -0.252207616 -0.040954299
v -0.076478552 -0.260855060 -0.025742407
v -0.056653144 -0.272654062 -0.011578500
v -0.033476231 -0.268459469 0.002174670
v -0.009951898 -0.268574995 0.017363764
v 0.011709431 -0.279374076 0.030274048
v 0.035119839 -0.276295152 0.044980738
v 0.056272541 -0.267456352 0.060080296
v 0.080173026 -0.272035609 0.072359883
v 0.104358772 -0.269736610 0.085949751
v 0.121595006 -0.255304547 0.101772718
v 0.145202150 -0.249489989 0.115926425
v 0.170849583 -0.249143453 0.125608565
v 0.190527701 -0.236761645 0.140334635
v 0.206953562 -0.221760159 0.156142998
v 0.231456652 -0.214379869 0.166119426
v 0.255091970 -0.204376492 0.176021800
v 0.269148919 -0.187188451 0.191625994
v 0.285132898 -0.170273060 0.206406225
v 0.308540852 -0.158094591 0.213145227
v 0.329704498 -0.142568850 0.221342155
v 0.342816179 -0.123134301 0.235702919
v 0.353514636 -0.103212279 0.251310695
v 0.370950187 -0.083433740 0.260894313
v 0.392657476 -0.066338398 0.260637297
v 0.407236041 -0.043970306 0.269968870
v 0.412831589 -0.022857879 0.286943737
v 0.423174238 0.000000000 0.298924976
l 1 2
l 2 3
l 3 4
l 4 5
l 5 6
l 6 7
l 7 8
l 8 9
l 9 10
l 10 11
l 11 12
l 12 13
l 13 14
l 14 15
l 15 16
l 16 17
l 17 18
l 18 19
l 19 20
l 20 21
l 21 22
l 22 23
l 23 24
l 24 25
l 25 26
l 26 27
l 27 28
l 28 29
l 29 30
l 30 31
l 31 32
l 32 33
l 33 34
l 34 35
l 35 36
l 36 37
l 37 38
l 38 39
l 39 40
l 40 41
l 41 42
l 42 43
l 43 44
l 44 45
l 45 46
l 46 47
l 47 48
l 48 49
l 49 50
l 50 51
l 51 52
l 52 53
l 53 54
l 54 55
l 55 56
l 56 57
l 57 58
l 58 59
l 59 60
l 60 61
l 61 62
l 62 63
l 63 64
l 64 65
l 65 66
l 66 67
l 67 68
l 68 69
l 69 70
l 70 71
l 71 72
l 72 73
l 73 74
l 74 75
l 75 76
l 76 77
l 77 78
l 78 79
l 79 80
l 80 81
l 81 82
l 82 83
l 83 84
l 84 85
l 85 86
l 86 87
l 87 88
l 88 89
l 89 90
l 90 91
l 91 92
l 92 93
l 93 94
l 94 95
l 95 96
l 96 97
l 97 98
l 98 99
l 99 100
l 100 101
l 101 102
l 102 103
l 103 104
l 104 105
l 105 106
l 106 107
l 107 108
l 108 109
l 109 110
l 110 111
l 111 112
l 112 113
l 113 114
l 114 115
l 115 116
l 116 117
l 117 118
l 118 119
l 119 120
l 120 121
l 121 122
l 122 123
l 123 124
l 124 125
l 125 126
l 126 127
l 127 128
l 128 129
l 129 130
l 130 131
l 131 132
l 132 133
l 133 134
l 134 135
l 135 136
l 136 137
l 137 138
l 138 139
l 139 140
l 140 141
l 141 142
l 142 143
l 143 144
l 144 145
l 145 146
l 146 147
l 147 148
l 148 149
l 149 150
l 150 151
l 151 152
l 152 153
l 153 154
l 154 155
l 155 156
l 156 157
l 157 158
l 158 159
l 159 160
l 160 161
l 161 162
l 162 163
l 163 164
l 164 165
l 165 166
l 166 167
l 167 168
l 168 169
l 169 170
l 170 171
l 171 172
l 172 173
l 173 174
l 174 175
l 175 176
l 176 177
l 177 178
l 178 179
l 179 180
l 180 181
l 181 182
l 182 183
l 183 184
l 184 185
l 185 186
l 186 187
l 187 188
l 188 189
l 189 190
l 190 191
l 191 192
l 192 193
l 193 194
l 194 195
l 195 196
l 196 197
l 197 198
l 198 199
l 199 200
l 200 201
l 201 202
l 202 203
l 203 204
l 204 205
l 205 206
l 206 207
l 207 208
l 208 209
l 209 210
l 210 211
l 211 212
l 212 213
l 213 214
l 214 215
l 215 216
l 216 217
l 217 218
l 218 219
l 219 220
l 220 221
l 221 222
l 222 223
l 223 224
l 224 225
l 225 226
l 226 227
l 227 228
l 228 229
l 229 230
l 230 231
l 231 232
l 232 233
l 233 234
l 234 235
l 235 236
l 236 237
l 237 238
l 238 239
l 239 240
l 240 241
l 241 242
l 242 243
l 243 244
l 244 245
l 245 246
l 246 247
l 247 248
l 248 249
l 249 250
l 250 251
l 251 252
l 252 253
l 253 254
l 254 255
l 255 256
l 256 257
l 257 258
l 258 259
l 259 260
l 260 261
l 261 262
l 262 263
l 263 264
l 264 265
l 265 266
l 266 267
l 267 268
l 268 269
l 269 270
l 270 271
l 271 272
l 272 273
l 273 274
l 274 275
l 275 276
l 276 277
l 277 278
l 278 279
l 279 280
l 280 281
l 281 282
l 282 283
l 283 284
l 284 285
l 285 286
l 286 287
l 287 288
l 288 289
l 289 290
l 290 291
l 291 292
l 292 293
l 293 294
l 294 295
l 295 296
l 296 297
l 297 298
l 298 299
l 299 300
l 300 301
l 301 302
l 302 303
l 303 304
l 304 305
l 305 306
l 306 307
l 307 308
l 308 309
l 309 310
l 310 311
l 311 312
l 312 313
l 313 314
l 314 315
l 315 316
l 316 317
l 317 318
l 318 319
l 319 320
l 320 321
l 321 322
l 322 323
l 323 324
l 324 325
l 325 326
l 326 327
l 327 328
l 328 329
l 329 330
l 330 331
l 331 332
l 332 333
l 333 334
l 334 335
l 335 336
l 336 337
l 337 338
l 338 339
l 339 340
l 340 341
l 341 342
l 342 343
l 343 344
l 344 345
l 345 346
l 346 347
l 347 348
l 348 349
l 349 350
l 350 351
l 351 352
l 352 353
l 353 354
l 354 355
l 355 356
l 356 357
l 357 358
l 358 359
l 359 360
l 360 361
l 361 362
l 362 363
l 363 364
l 364 365
l 365 366
l 366 367
l 367 368
l 368 369
l 369 370
l 370 371
l 371 372
l 372 373
l 373 374
l 374 375
l 375 376
l 376 377
l 377 378
l 378 379
l 379 380
l 380 381
l 381 382
l 382 383
l 383 384
l 384 385
l 385 386
l 386 387
l 387 388
l 388 389
l 389 390
l 390 391
l 391 392
l 392 393
l 393 394
l 394 395
l 395 396
l 396 397
l 397 398
l 398 399
l 399 400
l 400 401
l 401 402
l 402 403
l 403 404
l 404 405
l 405 406
l 406 407
l 407 408
l 408 409
l 409 410
l 410 411
l 411 412
l 412 413
l 413 414
l 414 415
l 415 416
l 416 417
l 417 418
l 418 419
l 419 420
l 420 421
l 421 422
l 422 423
l 423 424
l 424 425
l 425 426
l 426 427
l 427 428
l 428 429
l 429 430
l 430 431
l 431 432
l 432 433
l 433 434
l 434 435
l 435 436
l 436 437
l 437 438
l 438 439
l 439 440
l 440 441
l 441 442
l 442 443
l 443 444
l 444 445
l 445 446
l 446 447
l 447 448
l 448 449
l 449 450
l 450 451
l 451 452
l 452 453
l 453 454
l 454 455
l 455 456
l 456 457
l 457 458
l 458 459
l 459 460
l 460 461
l 461 462
l 462 463
l 463 464
l 464 465
l 465 466
l 466 467
l 467 468
l 468 469
l 469 470
l 470 471
l 471 472
l 472 473
l 473 474
l 474 475
l 475 476
l 476 477
l 477 478
l 478 479
l 479 480
l 480 481
l 481 482
l 482 483
l 483 484
l 484 485
l 485 486
l 486 487
l 487 488
l 488 489
l 489 490
l 490 491
l 491 492
l 492 493
l 493 494
l 494 495
l 495 496
l 496 497
l 497 498
l 498 499
l 499 500
l 500 501
l 501 502
l 502 503
l 503 504
l 504 505
l 505 506
l 506 507
l 507 508
l 508 509
l 509 510
l 510 511
l 511 512
l 512 513
l 513 514
l 514 515
l 515 516
l 516 517
l 517 518
l 518 519
l 519 520
l 520 521
l 521 522
l 522 523
l 523 524
l 524 525
l 525 526
l 526 527
l 527 528
l 528 529
l 529 530
l 530 531
l 531 532
l 532 533
l 533 534
l 534 535
l 535 536
l 536 537
l 537 538
l 538 539
l 539 540
l 540 541
l 541 542
l 542 543
l 543 544
l 544 545
l 545 546
l 546 547
l 547 548
l 548 549
l 549 550
l 550 551
l 551 552
l 552 553
l 553 554
l 554 555
l 555 556
l 556 557
l 557 558
l 558 559
l 559 560
l 560 561
l 561 562
l 562 563
l 563 564
l 564 565
l 565 566
l 566 567
l 567 568
l 568 569
l 569 570
l 570 571
l 571 572
l 572 573
l 573 574
l 574 575
l 575 576
l 576 577
l 577 578
l 578 579
l 579 580
l 580 581
l 581 582
l 582 583
l 583 584
l 584 585
l 585 586
l 586 587
l 587 588
l 588 589
l 589 590
l 590 591
l 591 592
l 592 593
l 593 594
l 594 595
l 595 596
l 596 597
l 597 598
l 598 599
l 599 600
l 600 601
l 601 602
l 602 603
l 603 604
l 604 605
l 605 606
l 606 607
l 607 608
l 608 609
l 609 610
l 610 611
l 611 612
l 612 613
l 613 614
l 614 615
l 615 616
l 616 617
l 617 618
l 618 619
l 619 620
l 620 621
l 621 622
l 622 623
l 623 624
l 624 625
l 625 626
l 626 627
l 627 628
l 628 629
l 629 630
l 630 631
l 631 632
l 632 633
l 633 634
l 634 635
l 635 636
l 636 637
l 637 638
l 638 639
l 639 640
l 640 641
l 641 642
l 642 643
l 643 644
l 644 645
l 645 646
l 646 647
l 647 648
l 648 649
l 649 650
l 650 651
l 651 652
l 652 653
l 653 654
l 654 655
l 655 656
l 656 657
l 657 658
l 658 659
l 659 660
l 660 661
l 661 662
l 662 663
l 663 664
l 664 665
l 665 666
l 666 667
l 667 668
l 668 669
l 669 670
l 670 671
l 671 672
l 672 673
l 673 674
l 674 675
l 675 676
l 676 677
l 677 678
l 678 679
l 679 680
l 680 681
l 681 682
l 682 683
l 683 684
l 684 685
l 685 686
l 686 687
l 687 688
l 688 689
l 689 690
l 690 691
l 691 692
l 692 693
l 693 694
l 694 695
l 695 696
l 696 697
l 697 698
l 698 699
l 699 700
l 700 701
l 701 702
l 702 703
l 703 704
l 704 705
l 705 706
l 706 707
l 707 708
l 708 709
l 709 710
l 710 711
l 711 712
l 712 713
l 713 714
l 714 715
l 715 716
l 716 717
l 717 718
l 718 719
l 719 720
l 720 721
l 721 722
l 722 723
l 723 724
l 724 725
l 725 726
l 726 727
l 727 728
l 728 729
l 729 730
l 730 731
l 731 732
l 732 733
l 733 734
l 734 735
l 735 736
l 736 737
l 737 738
l 738 739
l 739 740
l 740 741
l 741 742
l 742 743
l 743 744
l 744 745
l 745 746
l 746 747
l 747 748
l 748 749
l 749 750
l 750 751
l 751 752
l 752 753
l 753 754
l 754 755
l 755 756
l 756 757
l 757 758
l 758 759
l 759 760
l 760 761
l 761 762
l 762 763
l 763 764
l 764 765
l 765 766
l 766 767
l 767 768
l 768 769
l 769 770
l 770 771
l 771 772
l 772 773
l 773 774
l 774 775
l 775 776
l 776 777
l 777 778
l 778 779
l 779 780
l 780 781
l 781 782
l 782 783
l 783 784
l 784 785
l 785 786
l 786 787
l 787 788
l 788 789
l 789 790
l 790 791
l 791 792
l 792 793
l 793 794
l 794 795
l 795 796
l 796 797
l 797 798
l 798 799
l 799 800
l 800 801
l 801 802
l 802 803
l 803 804
l 804 805
l 805 806
l 806 807
l 807 808
l 808 809
l 809 810
l 810 811
l 811 812
l 812 813
l 813 814
l 814 815
l 815 816
l 816 817
l 817 818
l 818 819
l 819 820
l 820 821
l 821 822
l 822 823
l 823 824
l 824 825
l 825 826
l 826 827
l 827 828
l 828 829
l 829 830
l 830 831
l 831 832
l 832 833
l 833 834
l 834 835
l 835 836
l 836 837
l 837 838
l 838 839
l 839 840
l 840 841
l 841 842
l 842 843
l 843 844
l 844 845
l 845 846
l 846 847
l 847 848
l 848 849
l 849 850
l 850 851
l 851 852
l 852 853
l 853 854
l 854 855
l 855 856
l 856 857
l 857 858
l 858 859
l 859 860
l 860 861
l 861 862
l 862 863
l 863 864
l 864 865
l 865 866
l 866 867
l 867 868
l 868 869
l 869 870
l 870 871
l 871 872
l 872 873
l 873 874
l 874 875
l 875 876
l 876 877
l 877 878
l 878 879
l 879 880
l 880 881
l 881 882
l 882 883
l 883 884
l 884 885
l 885 886
l 886 887
l 887 888
l 888 889
l 889 890
l 890 891
l 891 892
l 892 893
l 893 894
l 894 895
l 895 896
l 896 897
l 897 898
l 898 899
l 899 900
l 900 901
l 901 902
l 902 903
l 903 904
l 904 905
l 905 906
l 906 907
l 907 908
l 908 909
l 909 910
l 910 911
l 911 912
l 912 913
l 913 914
l 914 915
l 915 916
l 916 917
l 917 918
l 918 919
l 919 920
l 920 921
l 921 922
l 922 923
l 923 924
l 924 925
l 925 926
l 926 927
l 927 928
l 928 929
l 929 930
l 930 931
l 931 932
l 932 933
l 933 934
l 934 935
l 935 936
l 936 937
l 937 938
l 938 939
l 939 940
l 940 941
l 941 942
l 942 943
l 943 944
l 944 945
l 945 946
l 946 947
l 947 948
l 948 949
l 949 950
l 950 951
l 951 952
l 952 953
l 953 954
l 954 955
l 955 956
l 956 957
l 957 958
l 958 959
l 959 960
l 960 961
l 961 962
l 962 963
l 963 964
l 964 965
l 965 966
l 966 967
l 967 968
l 968 969
l 969 970
l 970 971
l 971 972
l 972 973
l 973 974
l 974 975
l 975 976
l 976 977
l 977 978
l 978 979
l 979 980
l 980 981
l 981 982
l 982 983
l 983 984
l 984 985
l 985 986
l 986 987
l 987 988
l 988 989
l 989 990
l 990 991
l 991 992
l 992 993
l 993 994
l 994 995
l 995 996
l 996 997
l 997 998
l 998 999
l 999 1000
l 1000 1001
l 1001 1002
l 1002 1003
l 1003 1004
l 1004 1005
l 1005 1006
l 1006 1007
l 1007 1008
l 1008 1009
l 1009 1010
l 1010 1011
l 1011 1012
l 1012 1013
l 1013 1014
l 1014 1015
l 1015 1016
l 1016 1017
l 1017 1018
l 1018 1019
l 1019 1020
l 1020 1021
l 1021 1022
l 1022 1023
l 1023 1024
l 1024 1025
l 1025 1026
l 1026 1027
l 1027 1028
l 1028 1029
l 1029 1030
l 1030 1031
l 1031 1032
l 1032 1033
l 1033 1034
l 1034 1035
l 1035 1036
l 1036 1037
l 1037 1038
l 1038 1039
l 1039 1040
l 1040 1041
l 1041 1042
l 1042 1043
l 1043 1044
l 1044 1045
l 1045 1046
l 1046 1047
l 1047 1048
l 1048 1049
l 1049 1050
l 1050 1051
l 1051 1052
l 1052 1053
l 1053 1054
l 1054 1055
l 1055 1056
l 1056 1057
l 1057 1058
l 1058 1059
l 1059 1060
l 1060 1061
l 1061 1062
l 1062 1063
l 1063 1064
l 1064 1065
l 1065 1066
l 1066 1067
l 1067 1068
l 1068 1069
l 1069 1070
l 1070 1071
l 1071 1072
l 1072 1073
l 1073 1074
l 1074 1075
l 1075 1076
l 1076 1077
l 1077 1078
l 1078 1079
l 1079 1080
l 1080 1081
l 1081 1082
l 1082 1083
l 1083 1084
l 1084 1085
l 1085 1086
l 1086 1087
l 1087 1088
l 1088 1089
l 1089 1090
l 1090 1091
l 1091 1092
l 1092 1093
l 1093 1094
l 1094 1095
l 1095 1096
l 1096 1097
l 1097 1098
l 1098 1099
l 1099 1100
l 1100 1101
l 1101 1102
l 1102 1103
l 1103 1104
l 1104 1105
l 1105 1106
l 1106 1107
l 1107 1108
l 1108 1109
l 1109 1110
l 1110 1111
l 1111 1112
l 1112 1113
l 1113 1114
l 1114 1115
l 1115 1116
l 1116 1117
l 1117 1118
l 1118 1119
l 1119 1120
l 1120 1121
l 1121 1122
l 1122 1123
l 1123 1124
l 1124 1125
l 1125 1126
l 1126 1127
l 1127 1128
l 1128 1129
l 1129 1130
l 1130 1131
l 1131 1132
l 1132 1133
l 1133 1134
l 1134 1135
l 1135 1136
l 1136 1137
l 1137 1138
l 1138 1139
l 1139 1140
l 1140 1141
l 1141 1142
l 1142 1143
l 1143 1144
l 1144 1145
l 1145 1146
l 1146 1147
l 1147 1148
l 1148 1149
l 1149 1150
l 1150 1151
l 1151 1152
l 1152 1153
l 1153 1154
l 1154 1155
l 1155 1156
l 1156 1157
l 1157 1158
l 1158 1159
l 1159 1160
l 1160 1161
l 1161 1162
l 1162 1163
l 1163 1164
l 1164 1165
l 1165 1166
l 1166 1167
l 1167 1168
l 1168 1169
l 1169 1170
l 1170 1171
l 1171 1172
l 1172 1173
l 1173 1174
l 1174 1175
l 1175 1176
l 1176 1177
l 1177 1178
l 1178 1179
l 1179 1180
l 1180 1181
l 1181 1182
l 1182 1183
l 1183 1184
l 1184 1185
l 1185 1186
l 1186 1187
l 1187 1188
l 1188 1189
l 1189 1190
l 1190 1191
l 1191 1192
l 1192 1193
l 1193 1194
l 1194 1195
l 1195 1196
l 1196 1197
l 1197 1198
l 1198 1199
l 1199 1200
l 1200 1201
l 1201 1202
l 1202 1203
l 1203 1204
l 1204 1205
l 1205 1206
l 1206 1207
l 1207 1208
l 1208 1209
l 1209 1210
l 1210 1211
l 1211 1212
l 1212 1213
l 1213 1214
l 1214 1215
l 1215 1216
l 1216 1217
l 1217 1218
l 1218 1219
l 1219 1220
l 1220 1221
l 1221 1222
l 1222 1223
l 1223 1224
l 1224 1225
l 1225 1226
l 1226 1227
l 1227 1228
l 1228 1229
l 1229 1230
l 1230 1231
l 1231 1232
l 1232 1233
l 1233 1234
l 1234 1235
l 1235 1236
l 1236 1237
l 1237 1238
l 1238 1239
l 1239 1240
l 1240 1241
l 1241 1242
l 1242 1243
l 1243 1244
l 1244 1245
l 1245 1246
l 1246 1247
l 1247 1248
l 1248 1249
l 1249 1250
l 1250 1251
l 1251 1252
l 1252 1253
l 1253 1254
l 1254 1255
l 1255 1256
l 1256 1257
l 1257 1258
l 1258 1259
l 1259 1260
l 1260 1261
l 1261 1262
l 1262 1263
l 1263 1264
l 1264 1265
l 1265 1266
l 1266 1267
l 1267 1268
l 1268 1269
l 1269 1270
l 1270 1271
l 1271 1272
l 1272 1273
l 1273 1274
l 1274 1275
l 1275 1276
l 1276 1277
l 1277 1278
l 1278 1279
l 1279 1280
l 1280 1281
l 1281 1282
l 1282 1283
l 1283 1284
l 1284 1285
l 1285 1286
l 1286 1287
l 1287 1288
l 1288 1289
l 1289 1290
l 1290 1291
l 1291 1292
l 1292 1293
l 1293 1294
l 1294 1295
l 1295 1296
l 1296 1297
l 1297 1298
l 1298 1299
l 1299 1300
l 1300 1301
l 1301 1302
l 1302 1303
l 1303 1304
l 1304 1305
l 1305 1306
l 1306 1307
l 1307 1308
l 1308 1309
l 1309 1310
l 1310 1311
l 1311 1312
l 1312 1313
l 1313 1314
l 1314 1315
l 1315 1316
l 1316 1317
l 1317 1318
l 1318 1319
l 1319 1320
l 1320 1321
l 1321 1322
l 1322 1323
l 1323 1324
l 1324 1325
l 1325 1326
l 1326 1327
l 1327 1328
l 1328 1329
l 1329 1330
l 1330 1331
l 1331 1332
l 1332 1333
l 1333 1334
l 1334 1335
l 1335 1336
l 1336 1337
l 1337 1338
l 1338 1339
l 1339 1340
l 1340 1341
l 1341 1342
l 1342 1343
l 1343 1344
l 1344 1345
l 1345 1346
l 1346 1347
l 1347 1348
l 1348 1349
l 1349 1350
l 1350 1351
l 1351 1352
l 1352 1353
l 1353 1354
l 1354 1355
l 1355 1356
l 1356 1357
l 1357 1358
l 1358 1359
l 1359 1360
l 1360 1361
l 1361 1362
l 1362 1363
l 1363 1364
l 1364 1365
l 1365 1366
l 1366 1367
l 1367 1368
l 1368 1369
l 1369 1370
l 1370 1371
l 1371 1372
l 1372 1373
l 1373 1374
l 1374 1375
l 1375 1376
l 1376 1377
l 1377 1378
l 1378 1379
l 1379 1380
l 1380 1381
l 1381 1382
l 1382 1383
l 1383 1384
l 1384 1385
l 1385 1386
l 1386 1387
l 1387 1388
l 1388 1389
l 1389 1390
l 1390 1391
l 1391 1392
l 1392 1393
l 1393 1394
l 1394 1395
l 1395 1396
l 1396 1397
l 1397 1398
l 1398 1399
l 1399 1400
l 1400 1401
l 1401 1402
l 1402 1403
l 1403 1404
l 1404 1405
l 1405 1406
l 1406 1407
l 1407 1408
l 1408 1409
l 1409 1410
l 1410 1411
l 1411 1412
l 1412 1413
l 1413 1414
l 1414 1415
l 1415 1416
l 1416 1417
l 1417 1418
l 1418 1419
l 1419 1420
l 1420 1421
l 1421 1422
l 1422 1423
l 1423 1424
l 1424 1425
l 1425 1426
l 1426 1427
l 1427 1428
l 1428 1429
l 1429 1430
l 1430 1431
l 1431 1432
l 1432 1433
l 1433 1434
l 1434 1435
l 1435 1436
l 1436 1437
l 1437 1438
l 1438 1439
l 1439 1440
l 1440 1441
l 1441 1442
l 1442 1443
l 1443 1444
l 1444 1445
l 1445 1446
l 1446 1447
l 1447 1448
l 1448 1449
l 1449 1450
l 1450 1451
l 1451 1452
l 1452 1453
l 1453 1454
l 1454 1455
l 1455 1456
l 1456 1457
l 1457 1458
l 1458 1459
l 1459 1460
l 1460 1461
l 1461 1462
l 1462 1463
l 1463 1464
l 1464 1465
l 1465 1466
l 1466 1467
l 1467 1468
l 1468 1469
l 1469 1470
l 1470 1471
l 1471 1472
l 1472 1473
l 1473 1474
l 1474 1475
l 1475 1476
l 1476 1477
l 1477 1478
l 1478 1479
l 1479 1480
l 1480 1481
l 1481 1482
l 1482 1483
l 1483 1484
l 1484 1485
l 1485 1486
l 1486 1487
l 1487 1488
l 1488 1489
l 1489 1490
l 1490 1491
l 1491 1492
l 1492 1493
l 1493 1494
l 1494 1495
l 1495 1496
l 1496 1497
l 1497 1498
l 1498 1499
l 1499 1500
l 1500 1501
l 1501 1502
l 1502 1503
l 1503 1504
l 1504 1505
l 1505 1506
l 1506 1507
l 1507 1508
l 1508 1509
l 1509 1510
l 1510 1511
l 1511 1512
l 1512 1513
l 1513 1514
l 1514 1515
l 1515 1516
l 1516 1517
l 1517 1518
l 1518 1519
l 1519 1520
l 1520 1521
l 1521 1522
l 1522 1523
l 1523 1524
l 1524 1525
l 1525 1526
l 1526 1527
l 1527 1528
l 1528 1529
l 1529 1530
l 1530 1531
l 1531 1532
l 1532 1533
l 1533 1534
l 1534 1535
l 1535 1536
l 1536 1537
l 1537 1538
l 1538 1539
l 1539 1540
l 1540 1541
l 1541 1542
l 1542 1543
l 1543 1544
l 1544 1545
l 1545 1546
l 1546 1547
l 1547 1548
l 1548 1549
l 1549 1550
l 1550 1551
l 1551 1552
l 1552 1553
l 1553 1554
l 1554 1555
l 1555 1556
l 1556 1557
l 1557 1558
l 1558 1559
l 1559 1560
l 1560 1561
l 1561 1562
l 1562 1563
l 1563 1564
l 1564 1565
l 1565 1566
l 1566 1567
l 1567 1568
l 1568 1569
l 1569 1570
l 1570 1571
l 1571 1572
l 1572 1573
l 1573 1574
l 1574 1575
l 1575 1576
l 1576 1577
l 1577 1578
l 1578 1579
l 1579 1580
l 1580 1581
l 1581 1582
l 1582 1583
l 1583 1584
l 1584 1585
l 1585 1586
l 1586 1587
l 1587 1588
l 1588 1589
l 1589 1590
l 1590 1591
l 1591 1592
l 1592 1593
l 1593 1594
l 1594 1595
l 1595 1596
l 1596 1597
l 1597 1598
l 1598 1599
l 1599 1600
l 1600 1601
l 1601 1602
l 1602 1603
l 1603 1604
l 1604 1605
l 1605 1606
l 1606 1607
l 1607 1608
l 1608 1609
l 1609 1610
l 1610 1611
l 1611 1612
l 1612 1613
l 1613 1614
l 1614 1615
l 1615 1616
l 1616 1617
l 1617 1618
l 1618 1619
l 1619 1620
l 1620 1621
l 1621 1622
l 1622 1623
l 1623 1624
l 1624 1625
l 1625 1626
l 1626 1627
l 1627 1628
l 1628 1629
l 1629 1630
l 1630 1631
l 1631 1632
l 1632 1633
l 1633 1634
l 1634 1635
l 1635 1636
l 1636 1637
l 1637 1638
l 1638 1639
l 1639 1640
l 1640 1641
l 1641 1642
l 1642 1643
l 1643 1644
l 1644 1645
l 1645 1646
l 1646 1647
l 1647 1648
l 1648 1649
l 1649 1650
l 1650 1651
l 1651 1652
l 1652 1653
l 1653 1654
l 1654 1655
l 1655 1656
l 1656 1657
l 1657 1658
l 1658 1659
l 1659 1660
l 1660 1661
l 1661 1662
l 1662 1663
l 1663 1664
l 1664 1665
l 1665 1666
l 1666 1667
l 1667 1668
l 1668 1669
l 1669 1670
l 1670 1671
l 1671 1672
l 1672 1673
l 1673 1674
l 1674 1675
l 1675 1676
l 1676 1677
l 1677 1678
l 1678 1679
l 1679 1680
l 1680 1681
l 1681 1682
l 1682 1683
l 1683 1684
l 1684 1685
l 1685 1686
l 1686 1687
l 1687 1688
l 1688 1689
l 1689 1690
l 1690 1691
l 1691 1692
l 1692 1693
l 1693 1694
l 1694 1695
l 1695 1696
l 1696 1697
l 1697 1698
l 1698 1699
l 1699 1700
l 1700 1701
l 1701 1702
l 1702 1703
l 1703 1704
l 1704 1705
l 1705 1706
l 1706 1707
l 1707 1708
l 1708 1709
l 1709 1710
l 1710 1711
l 1711 1712
l 1712 1713
l 1713 1714
l 1714 1715
l 1715 1716
l 1716 1717
l 1717 1718
l 1718 1719
l 1719 1720
l 1720 1721
l 1721 1722
l 1722 1723
l 1723 1724
l 1724 1725
l 1725 1726
l 1726 1727
l 1727 1728
l 1728 1729
l 1729 1730
l 1730 1731
l 1731 1732
l 1732 1733
l 1733 1734
l 1734 1735
l 1735 1736
l 1736 1737
l 1737 1738
l 1738 1739
l 1739 1740
l 1740 1741
l 1741 1742
l 1742 1743
l 1743 1744
l 1744 1745
l 1745 1746
l 1746 1747
l 1747 1748
l 1748 1749
l 1749 1750
l 1750 1751
l 1751 1752
l 1752 1753
l 1753 1754
l 1754 1755
l 1755 1756
l 1756 1757
l 1757 1758
l 1758 1759
l 1759 1760
l 1760 1761
l 1761 1762
l 1762 1763
l 1763 1764
l 1764 1765
l 1765 1766
l 1766 1767
l 1767 1768
l 1768 1769
l 1769 1770
l 1770 1771
l 1771 1772
l 1772 1773
l 1773 1774
l 1774 1775
l 1775 1776
l 1776 1777
l 1777 1778
l 1778 1779
l 1779 1780
l 1780 1781
l 1781 1782
l 1782 1783
l 1783 1784
l 1784 1785
l 1785 1786
l 1786 1787
l 1787 1788
l 1788 1789
l 1789 1790
l 1790 1791
l 1791 1792
l 1792 1793
l 1793 1794
l 1794 1795
l 1795 1796
l 1796 1797
l 1797 1798
l 1798 1799
l 1799 1800
l 1800 1801
l 1801 1802
l 1802 1803
l 1803 1804
l 1804 1805
l 1805 1806
l 1806 1807
l 1807 1808
l 1808 1809
l 1809 1810
l 1810 1811
l 1811 1812
l 1812 1813
l 1813 1814
l 1814 1815
l 1815 1816
l 1816 1817
l 1817 1818
l 1818 1819
l 1819 1820
l 1820 1821
l 1821 1822
l 1822 1823
l 1823 1824
l 1824 1825
l 1825 1826
l 1826 1827
l 1827 1828
l 1828 1829
l 1829 1830
l 1830 1831
l 1831 1832
l 1832 1833
l 1833 1834
l 1834 1835
l 1835 1836
l 1836 1837
l 1837 1838
l 1838 1839
l 1839 1840
l 1840 1841
l 1841 1842
l 1842 1843
l 1843 1844
l 1844 1845
l 1845 1846
l 1846 1847
l 1847 1848
l 1848 1849
l 1849 1850
l 1850 1851
l 1851 1852
l 1852 1853
l 1853 1854
l 1854 1855
l 1855 1856
l 1856 1857
l 1857 1858
l 1858 1859
l 1859 1860
l 1860 1861
l 1861 1862
l 1862 1863
l 1863 1864
l 1864 1865
l 1865 1866
l 1866 1867
l 1867 1868
l 1868 1869
l 1869 1870
l 1870 1871
l 1871 1872
l 1872 1873
l 1873 1874
l 1874 1875
l 1875 1876
l 1876 1877
l 1877 1878
l 1878 1879
l 1879 1880
l 1880 1881
l 1881 1882
l 1882 1883
l 1883 1884
l 1884 1885
l 1885 1886
l 1886 1887
l 1887 1888
l 1888 1889
l 1889 1890
l 1890 1891
l 1891 1892
l 1892 1893
l 1893 1894
l 1894 1895
l 1895 1896
l 1896 1897
l 1897 1898
l 1898 1899
l 1899 1900
l 1900 1901
l 1901 1902
l 1902 1903
l 1903 1904
l 1904 1905
l 1905 1906
l 1906 1907
l 1907 1908
l 1908 1909
l 1909 1910
l 1910 1911
l 1911 1912
l 1912 1913
l 1913 1914
l 1914 1915
l 1915 1916
l 1916 1917
l 1917 1918
l 1918 1919
l 1919 1920
l 1920 1921
l 1921 1922
l 1922 1923
l 1923 1924
l 1924 1925
l 1925 1926
l 1926 1927
l 1927 1928
l 1928 1929
l 1929 1930
l 1930 1931
l 1931 1932
l 1932 1933
l 1933 1934
l 1934 1935
l 1935 1936
l 1936 1937
l 1937 1938
l 1938 1939
l 1939 1940
l 1940 1941
l 1941 1942
l 1942 1943
l 1943 1944
l 1944 1945
l 1945 1946
l 1946 1947
l 1947 1948
l 1948 1949
l 1949 1950
l 1950 1951
l 1951 1952
l 1952 1953
l 1953 1954
l 1954 1955
l 1955 1956
l 1956 1957
l 1957 1958
l 1958 1959
l 1959 1960
l 1960 1961
l 1961 1962
l 1962 1963
l 1963 1964
l 1964 1965
l 1965 1966
l 1966 1967
l 1967 1968
l 1968 1969
l 1969 1970
l 1970 1971
l 1971 1972
l 1972 1973
l 1973 1974
l 1974 1975
l 1975 1976
l 1976 1977
l 1977 1978
l 1978 1979
l 1979 1980
l 1980 1981
l 1981 1982
l 1982 1983
l 1983 1984
l 1984 1985
l 1985 1986
l 1986 1987
l 1987 1988
l 1988 1989
l 1989 1990
l 1990 1991
l 1991 1992
l 1992 1993
l 1993 1994
l 1994 1995
l 1995 1996
l 1996 1997
l 1997 1998
l 1998 1999
l 1999 2000
l 2000 2001
l 2001 2002
l 2002 2003
l 2003 2004
l 2004 2005
l 2005 2006
l 2006 2007
l 2007 2008
l 2008 2009
l 2009 2010
l 2010 2011
l 2011 2012
l 2012 2013
l 2013 2014
l 2014 2015
l 2015 2016
l 2016 2017
l 2017 2018
l 2018 2019
l 2019 2020
l 2020 2021
l 2021 2022
l 2022 2023
l 2023 2024
l 2024 2025
l 2025 2026
l 2026 2027
l 2027 2028
l 2028 2029
l 2029 2030
l 2030 2031
l 2031 2032
l 2032 2033
l 2033 2034
l 2034 2035
l 2035 2036
l 2036 2037
l 2037 2038
l 2038 2039
l 2039 2040
l 2040 2041
l 2041 2042
l 2042 2043
l 2043 2044
l 2044 2045
l 2045 2046
l 2046 2047
l 2047 2048
l 2048 2049
l 2049 2050
l 2050 2051
l 2051 2052
l 2052 2053
l 2053 2054
l 2054 2055
l 2055 2056
l 2056 2057
l 2057 2058
l 2058 2059
l 2059 2060
l 2060 2061
l 2061 2062
l 2062 2063
l 2063 2064
l 2064 2065
l 2065 2066
l 2066 2067
l 2067 2068
l 2068 2069
l 2069 2070
l 2070 2071
l 2071 2072
l 2072 2073
l 2073 2074
l 2074 2075
l 2075 2076
l 2076 2077
l 2077 2078
l 2078 2079
l 2079 2080
l 2080 2081
l 2081 2082
l 2082 2083
l 2083 2084
l 2084 2085
l 2085 2086
l 2086 2087
l 2087 2088
l 2088 2089
l 2089 2090
l 2090 2091
l 2091 2092
l 2092 2093
l 2093 2094
l 2094 2095
l 2095 2096
l 2096 2097
l 2097 2098
l 2098 2099
l 2099 2100
l 2100 2101
l 2101 2102
l 2102 2103
l 2103 2104
l 2104 2105
l 2105 2106
l 2106 2107
l 2107 2108
l 2108 2109
l 2109 2110
l 2110 2111
l 2111 2112
l 2112 2113
l 2113 2114
l 2114 2115
l 2115 2116
l 2116 2117
l 2117 2118
l 2118 2119
l 2119 2120
l 2120 2121
l 2121 2122
l 2122 2123
l 2123 2124
l 2124 2125
l 2125 2126
l 2126 2127
l 2127 2128
l 2128 2129
l 2129 2130
l 2130 2131
l 2131 2132
l 2132 2133
l 2133 2134
l 2134 2135
l 2135 2136
l 2136 2137
l 2137 2138
l 2138 2139
l 2139 2140
l 2140 2141
l 2141 2142
l 2142 2143
l 2143 2144
l 2144 2145
l 2145 2146
l 2146 2147
l 2147 2148
l 2148 2149
l 2149 2150
l 2150 2151
l 2151 2152
l 2152 2153
l 2153 2154
l 2154 2155
l 2155 2156
l 2156 2157
l 2157 2158
l 2158 2159
l 2159 2160
l 2160 2161
l 2161 2162
l 2162 2163
l 2163 2164
l 2164 2165
l 2165 2166
l 2166 2167
l 2167 2168
l 2168 2169
l 2169 2170
l 2170 2171
l 2171 2172
l 2172 2173
l 2173 2174
l 2174 2175
l 2175 2176
l 2176 2177
l 2177 2178
l 2178 2179
l 2179 2180
l 2180 2181
l 2181 2182
l 2182 2183
l 2183 2184
l 2184 2185
l 2185 2186
l 2186 2187
l 2187 2188
l 2188 2189
l 2189 2190
l 2190 2191
l 2191 2192
l 2192 2193
l 2193 2194
l 2194 2195
l 2195 2196
l 2196 2197
l 2197 2198
l 2198 2199
l 2199 2200
l 2200 2201
l 2201 2202
l 2202 2203
l 2203 2204
l 2204 2205
l 2205 2206
l 2206 2207
l 2207 2208
l 2208 2209
l 2209 2210
l 2210 2211
l 2211 2212
l 2212 2213
l 2213 2214
l 2214 2215
l 2215 2216
l 2216 2217
l 2217 2218
l 2218 2219
l 2219 2220
l 2220 2221
l 2221 2222
l 2222 2223
l 2223 2224
l 2224 2225
l 2225 2226
l 2226 2227
l 2227 2228
l 2228 2229
l 2229 2230
l 2230 2231
l 2231 2232
l 2232 2233
l 2233 2234
l 2234 2235
l 2235 2236
l 2236 2237
l 2237 2238
l 2238 2239
l 2239 2240
l 2240 2241
l 2241 2242
l 2242 2243
l 2243 2244
l 2244 2245
l 2245 2246
l 2246 2247
l 2247 2248
l 2248 2249
l 2249 2250
l 2250 2251
l 2251 2252
l 2252 2253
l 2253 2254
l 2254 2255
l 2255 2256
l 2256 2257
l 2257 2258
l 2258 2259
l 2259 2260
l 2260 2261
l 2261 2262
l 2262 2263
l 2263 2264
l 2264 2265
l 2265 2266
l 2266 2267
l 2267 2268
l 2268 2269
l 2269 2270
l 2270 2271
l 2271 2272
l 2272 2273
l 2273 2274
l 2274 2275
l 2275 2276
l 2276 2277
l 2277 2278
l 2278 2279
l 2279 2280
l 2280 2281
l 2281 2282
l 2282 2283
l 2283 2284
l 2284 2285
l 2285 2286
l 2286 2287
l 2287 2288
l 2288 2289
l 2289 2290
l 2290 2291
l 2291 2292
l 2292 2293
l 2293 2294
l 2294 2295
l 2295 2296
l 2296 2297
l 2297 2298
l 2298 2299
l 2299 2300
l 2300 2301
l 2301 2302
l 2302 2303
l 2303 2304
l 2304 2305
l 2305 2306
l 2306 2307
l 2307 2308
l 2308 2309
l 2309 2310
l 2310 2311
l 2311 2312
l 2312 2313
l 2313 2314
l 2314 2315
l 2315 2316
l 2316 2317
l 2317 2318
l 2318 2319
l 2319 2320
l 2320 2321
l 2321 2322
l 2322 2323
l 2323 2324
l 2324 2325
l 2325 2326
l 2326 2327
l 2327 2328
l 2328 2329
l 2329 2330
l 2330 2331
l 2331 2332
l 2332 2333
l 2333 2334
l 2334 2335
l 2335 2336
l 2336 2337
l 2337 2338
l 2338 2339
l 2339 2340
l 2340 2341
l 2341 2342
l 2342 2343
l 2343 2344
l 2344 2345
l 2345 2346
l 2346 2347
l 2347 2348
l 2348 2349
l 2349 2350
l 2350 2351
l 2351 2352
l 2352 2353
l 2353 2354
l 2354 2355
l 2355 2356
l 2356 2357
l 2357 2358
l 2358 2359
l 2359 2360
l 2360 2361
l 2361 2362
l 2362 2363
l 2363 2364
l 2364 2365
l 2365 2366
l 2366 2367
l 2367 2368
l 2368 2369
l 2369 2370
l 2370 2371
l 2371 2372
l 2372 2373
l 2373 2374
l 2374 2375
l 2375 2376
l 2376 2377
l 2377 2378
l 2378 2379
l 2379 2380
l 2380 2381
l 2381 2382
l 2382 2383
l 2383 2384
l 2384 2385
l 2385 2386
l 2386 2387
l 2387 2388
l 2388 2389
l 2389 2390
l 2390 2391
l 2391 2392
l 2392 2393
l 2393 2394
l 2394 2395
l 2395 2396
l 2396 2397
l 2397 2398
l 2398 2399
l 2399 2400
l 2400 2401
l 2401 2402
l 2402 2403
l 2403 2404
l 2404 2405
l 2405 2406
l 2406 2407
l 2407 2408
l 2408 2409
l 2409 2410
l 2410 2411
l 2411 2412
l 2412 2413
l 2413 2414
l 2414 2415
l 2415 2416
l 2416 2417
l 2417 2418
l 2418 2419
l 2419 2420
l 2420 2421
l 2421 2422
l 2422 2423
l 2423 2424
l 2424 2425
l 2425 2426
l 2426 2427
l 2427 2428
l 2428 2429
l 2429 2430
l 2430 2431
l 2431 2432
l 2432 2433
l 2433 2434
l 2434 2435
l 2435 2436
l 2436 2437
l 2437 2438
l 2438 2439
l 2439 2440
l 2440 2441
l 2441 2442
l 2442 2443
l 2443 2444
l 2444 2445
l 2445 2446
l 2446 2447
l 2447 2448
l 2448 2449
l 2449 2450
l 2450 2451
l 2451 2452
l 2452 2453
l 2453 2454
l 2454 2455
l 2455 2456
l 2456 2457
l 2457 2458
l 2458 2459
l 2459 2460
l 2460 2461
l 2461 2462
l 2462 2463
l 2463 2464
l 2464 2465
l 2465 2466
l 2466 2467
l 2467 2468
l 2468 2469
l 2469 2470
l 2470 2471
l 2471 2472
l 2472 2473
l 2473 2474
l 2474 2475
l 2475 2476
l 2476 2477
l 2477 2478
l 2478 2479
l 2479 2480
l 2480 2481
l 2481 2482
l 2482 2483
l 2483 2484
l 2484 2485
l 2485 2486
l 2486 2487
l 2487 2488
l 2488 2489
l 2489 2490
l 2490 2491
l 2491 2492
l 2492 2493
l 2493 2494
l 2494 2495
l 2495 2496
l 2496 2497
l 2497 2498
l 2498 2499
l 2499 2500
l 2500 2501
l 2501 2502
l 2502 2503
l 2503 2504
l 2504 2505
l 2505 2506
l 2506 2507
l 2507 2508
l 2508 2509
l 2509 2510
l 2510 2511
l 2511 2512
l 2512 2513
l 2513 2514
l 2514 2515
l 2515 2516
l 2516 2517
l 2517 2518
l 2518 2519
l 2519 2520
l 2520 2521
l 2521 2522
l 2522 2523
l 2523 2524
l 2524 2525
l 2525 2526
l 2526 2527
l 2527 2528
l 2528 2529
l 2529 2530
l 2530 2531
l 2531 2532
l 2532 2533
l 2533 2534
l 2534 2535
l 2535 2536
l 2536 2537
l 2537 2538
l 2538 2539
l 2539 2540
l 2540 2541
l 2541 2542
l 2542 2543
l 2543 2544
l 2544 2545
l 2545 2546
l 2546 2547
l 2547 2548
l 2548 2549
l 2549 2550
l 2550 2551
l 2551 2552
l 2552 2553
l 2553 2554
l 2554 2555
l 2555 2556
l 2556 2557
l 2557 2558
l 2558 2559
l 2559 2560
l 2560 2561
l 2561 2562
l 2562 2563
l 2563 2564
l 2564 2565
l 2565 2566
l 2566 2567
l 2567 2568
l 2568 2569
l 2569 2570
l 2570 2571
l 2571 2572
l 2572 2573
l 2573 2574
l 2574 2575
l 2575 2576
l 2576 2577
l 2577 2578
l 2578 2579
l 2579 2580
l 2580 2581
l 2581 2582
l 2582 2583
l 2583 2584
l 2584 2585
l 2585 2586
l 2586 2587
l 2587 2588
l 2588 2589
l 2589 2590
l 2590 2591
l 2591 2592
l 2592 2593
l 2593 2594
l 2594 2595
l 2595 2596
l 2596 2597
l 2597 2598
l 2598 2599
l 2599 2600
l 2600 2601
l 2601 2602
l 2602 2603
l 2603 2604
l 2604 2605
l 2605 2606
l 2606 2607
l 2607 2608
l 2608 2609
l 2609 2610
l 2610 2611
l 2611 2612
l 2612 2613
l 2613 2614
l 2614 2615
l 2615 2616
l 2616 2617
l 2617 2618
l 2618 2619
l 2619 2620
l 2620 2621
l 2621 2622
l 2622 2623
l 2623 2624
l 2624 2625
l 2625 2626
l 2626 2627
l 2627 2628
l 2628 2629
l 2629 2630
l 2630 2631
l 2631 2632
l 2632 2633
l 2633 2634
l 2634 2635
l 2635 2636
l 2636 2637
l 2637 2638
l 2638 2639
l 2639 2640
l 2640 2641
l 2641 2642
l 2642 2643
l 2643 2644
l 2644 2645
l 2645 2646
l 2646 2647
l 2647 2648
l 2648 2649
l 2649 2650
l 2650 2651
l 2651 2652
l 2652 2653
l 2653 2654
l 2654 2655
l 2655 2656
l 2656 2657
l 2657 2658
l 2658 2659
l 2659 2660
l 2660 2661
l 2661 2662
l 2662 2663
l 2663 2664
l 2664 2665
l 2665 2666
l 2666 2667
l 2667 2668
l 2668 2669
l 2669 2670
l 2670 2671
l 2671 2672
l 2672 2673
l 2673 2674
l 2674 2675
l 2675 2676
l 2676 2677
l 2677 2678
l 2678 2679
l 2679 2680
l 2680 2681
l 2681 2682
l 2682 2683
l 2683 2684
l 2684 2685
l 2685 2686
l 2686 2687
l 2687 2688
l 2688 2689
l 2689 2690
l 2690 2691
l 2691 2692
l 2692 2693
l 2693 2694
l 2694 2695
l 2695 2696
l 2696 2697
l 2697 2698
l 2698 2699
l 2699 2700
l 2700 2701
l 2701 2702
l 2702 2703
l 2703 2704
l 2704 2705
l 2705 2706
l 2706 2707
l 2707 2708
l 2708 2709
l 2709 2710
l 2710 2711
l 2711 2712
l 2712 2713
l 2713 2714
l 2714 2715
l 2715 2716
l 2716 2717
l 2717 2718
l 2718 2719
l 2719 2720
l 2720 2721
l 2721 2722
l 2722 2723
l 2723 2724
l 2724 2725
l 2725 2726
l 2726 2727
l 2727 2728
l 2728 2729
l 2729 2730
l 2730 2731
l 2731 2732
l 2732 2733
l 2733 2734
l 2734 2735
l 2735 2736
l 2736 2737
l 2737 2738
l 2738 2739
l 2739 2740
l 2740 2741
l 2741 2742
l 2742 2743
l 2743 2744
l 2744 2745
l 2745 2746
l 2746 2747
l 2747 2748
l 2748 2749
l 2749 2750
l 2750 2751
l 2751 2752
l 2752 2753
l 2753 2754
l 2754 2755
l 2755 2756
l 2756 2757
l 2757 2758
l 2758 2759
l 2759 2760
l 2760 2761
l 2761 2762
l 2762 2763
l 2763 2764
l 2764 2765
l 2765 2766
l 2766 2767
l 2767 2768
l 2768 2769
l 2769 2770
l 2770 2771
l 2771 2772
l 2772 2773
l 2773 2774
l 2774 2775
l 2775 2776
l 2776 2777
l 2777 2778
l 2778 2779
l 2779 2780
l 2780 2781
l 2781 2782
l 2782 2783
l 2783 2784
l 2784 2785
l 2785 2786
l 2786 2787
l 2787 2788
l 2788 2789
l 2789 2790
l 2790 2791
l 2791 2792
l 2792 2793
l 2793 2794
l 2794 2795
l 2795 2796
l 2796 2797
l 2797 2798
l 2798 2799
l 2799 2800
l 2800 2801
l 2801 2802
l 2802 2803
l 2803 2804
l 2804 2805
l 2805 2806
l 2806 2807
l 2807 2808
l 2808 2809
l 2809 2810
l 2810 2811
l 2811 2812
l 2812 2813
l 2813 2814
l 2814 2815
l 2815 2816
l 2816 2817
l 2817 2818
l 2818 2819
l 2819 2820
l 2820 2821
l 2821 2822
l 2822 2823
l 2823 2824
l 2824 2825
l 2825 2826
l 2826 2827
l 2827 2828
l 2828 2829
l 2829 2830
l 2830 2831
l 2831 2832
l 2832 2833
l 2833 2834
l 2834 2835
l 2835 2836
l 2836 2837
l 2837 2838
l 2838 2839
l 2839 2840
l 2840 2841
l 2841 2842
l 2842 2843
l 2843 2844
l 2844 2845
l 2845 2846
l 2846 2847
l 2847 2848
l 2848 2849
l 2849 2850
l 2850 2851
l 2851 2852
l 2852 2853
l 2853 2854
l 2854 2855
l 2855 2856
l 2856 2857
l 2857 2858
l 2858 2859
l 2859 2860
l 2860 2861
l 2861 2862
l 2862 2863
l 2863 2864
l 2864 2865
l 2865 2866
l 2866 2867
l 2867 2868
l 2868 2869
l 2869 2870
l 2870 2871
l 2871 2872
l 2872 2873
l 2873 2874
l 2874 2875
l 2875 2876
l 2876 2877
l 2877 2878
l 2878 2879
l 2879 2880
l 2880 2881
l 2881 2882
l 2882 2883
l 2883 2884
l 2884 2885
l 2885 2886
l 2886 2887
l 2887 2888
l 2888 2889
l 2889 2890
l 2890 2891
l 2891 2892
l 2892 2893
l 2893 2894
l 2894 2895
l 2895 2896
l 2896 2897
l 2897 2898
l 2898 2899
l 2899 2900
l 2900 2901
l 2901 2902
l 2902 2903
l 2903 2904
l 2904 2905
l 2905 2906
l 2906 2907
l 2907 2908
l 2908 2909
l 2909 2910
l 2910 2911
l 2911 2912
l 2912 2913
l 2913 2914
l 2914 2915
l 2915 2916
l 2916 2917
l 2917 2918
l 2918 2919
l 2919 2920
l 2920 2921
l 2921 2922
l 2922 2923
l 2923 2924
l 2924 2925
l 2925 2926
l 2926 2927
l 2927 2928
l 2928 2929
l 2929 2930
l 2930 2931
l 2931 2932
l 2932 2933
l 2933 2934
l 2934 2935
l 2935 2936
l 2936 2937
l 2937 2938
l 2938 2939
l 2939 2940
l 2940 2941
l 2941 2942
l 2942 2943
l 2943 2944
l 2944 2945
l 2945 2946
l 2946 2947
l 2947 2948
l 2948 2949
l 2949 2950
l 2950 2951
l 2951 2952
l 2952 2953
l 2953 2954
l 2954 2955
l 2955 2956
l 2956 2957
l 2957 2958
l 2958 2959
l 2959 2960
l 2960 2961
l 2961 2962
l 2962 2963
l 2963 2964
l 2964 2965
l 2965 2966
l 2966 2967
l 2967 2968
l 2968 2969
l 2969 2970
l 2970 2971
l 2971 2972
l 2972 2973
l 2973 2974
l 2974 2975
l 2975 2976
l 2976 2977
l 2977 2978
l 2978 2979
l 2979 2980
l 2980 2981
l 2981 2982
l 2982 2983
l 2983 2984
l 2984 2985
l 2985 2986
l 2986 2987
l 2987 2988
l 2988 2989
l 2989 2990
l 2990 2991
l 2991 2992
l 2992 2993
l 2993 2994
l 2994 2995
l 2995 2996
l 2996 2997
l 2997 2998
l 2998 2999
l 2999 3000
l 3000 3001
l 3001 3002
l 3002 3003
l 3003 3004
l 3004 3005
l 3005 3006
l 3006 3007
l 3007 3008
l 3008 3009
l 3009 3010
l 3010 3011
l 3011 3012
l 3012 3013
l 3013 3014
l 3014 3015
l 3015 3016
l 3016 3017
l 3017 3018
l 3018 3019
l 3019 3020
l 3020 3021
l 3021 3022
l 3022 3023
l 3023 3024
l 3024 3025
l 3025 3026
l 3026 3027
l 3027 3028
l 3028 3029
l 3029 3030
l 3030 3031
l 3031 3032
l 3032 3033
l 3033 3034
l 3034 3035
l 3035 3036
l 3036 3037
l 3037 3038
l 3038 3039
l 3039 3040
l 3040 3041
l 3041 3042
l 3042 3043
l 3043 3044
l 3044 3045
l 3045 3046
l 3046 3047
l 3047 3048
l 3048 3049
l 3049 3050
l 3050 3051
l 3051 3052
l 3052 3053
l 3053 3054
l 3054 3055
l 3055 3056
l 3056 3057
l 3057 3058
l 3058 3059
l 3059 3060
l 3060 3061
l 3061 3062
l 3062 3063
l 3063 3064
l 3064 3065
l 3065 3066
l 3066 3067
l 3067 3068
l 3068 3069
l 3069 3070
l 3070 3071
l 3071 3072
l 3072 3073
l 3073 3074
l 3074 3075
l 3075 3076
l 3076 3077
l 3077 3078
l 3078 3079
l 3079 3080
l 3080 3081
l 3081 3082
l 3082 3083
l 3083 3084
l 3084 3085
l 3085 3086
l 3086 3087
l 3087 3088
l 3088 3089
l 3089 3090
l 3090 3091
l 3091 3092
l 3092 3093
l 3093 3094
l 3094 3095
l 3095 3096
l 3096 3097
l 3097 3098
l 3098 3099
l 3099 3100
l 3100 3101
l 3101 3102
l 3102 3103
l 3103 3104
l 3104 3105
l 3105 3106
l 3106 3107
l 3107 3108
l 3108 3109
l 3109 3110
l 3110 3111
l 3111 3112
l 3112 3113
l 3113 3114
l 3114 3115
l 3115 3116
l 3116 3117
l 3117 3118
l 3118 3119
l 3119 3120
l 3120 3121
l 3121 3122
l 3122 3123
l 3123 3124
l 3124 3125
l 3125 3126
l 3126 3127
l 3127 3128
l 3128 3129
l 3129 3130
l 3130 3131
l 3131 3132
l 3132 3133
l 3133 3134
l 3134 3135
l 3135 3136
l 3136 3137
l 3137 3138
l 3138 3139
l 3139 3140
l 3140 3141
l 3141 3142
l 3142 3143
l 3143 3144
l 3144 3145
l 3145 3146
l 3146 3147
l 3147 3148
l 3148 3149
l 3149 3150
l 3150 3151
l 3151 3152
l 3152 3153
l 3153 3154
l 3154 3155
l 3155 3156
l 3156 3157
l 3157 3158
l 3158 3159
l 3159 3160
l 3160 3161
l 3161 3162
l 3162 3163
l 3163 3164
l 3164 3165
l 3165 3166
l 3166 3167
l 3167 3168
l 3168 3169
l 3169 3170
l 3170 3171
l 3171 3172
l 3172 3173
l 3173 3174
l 3174 3175
l 3175 3176
l 3176 3177
l 3177 3178
l 3178 3179
l 3179 3180
l 3180 3181
l 3181 3182
l 3182 3183
l 3183 3184
l 3184 3185
l 3185 3186
l 3186 3187
l 3187 3188
l 3188 3189
l 3189 3190
l 3190 3191
l 3191 3192
l 3192 3193
l 3193 3194
l 3194 3195
l 3195 3196
l 3196 3197
l 3197 3198
l 3198 3199
l 3199 3200
l 3200 3201
l 3201 3202
l 3202 3203
l 3203 3204
l 3204 3205
l 3205 3206
l 3206 3207
l 3207 3208
l 3208 3209
l 3209 3210
l 3210 3211
l 3211 3212
l 3212 3213
l 3213 3214
l 3214 3215
l 3215 3216
l 3216 3217
l 3217 3218
l 3218 3219
l 3219 3220
l 3220 3221
l 3221 3222
l 3222 3223
l 3223 3224
l 3224 3225
l 3225 3226
l 3226 3227
l 3227 3228
l 3228 3229
l 3229 3230
l 3230 3231
l 3231 3232
l 3232 3233
l 3233 3234
l 3234 3235
l 3235 3236
l 3236 3237
l 3237 3238
l 3238 3239
l 3239 3240
l 3240 3241
l 3241 3242
l 3242 3243
l 3243 3244
l 3244 3245
l 3245 3246
l 3246 3247
l 3247 3248
l 3248 3249
l 3249 3250
l 3250 3251
l 3251 3252
l 3252 3253
l 3253 3254
l 3254 3255
l 3255 3256
l 3256 3257
l 3257 3258
l 3258 3259
l 3259 3260
l 3260 3261
l 3261 3262
l 3262 3263
l 3263 3264
l 3264 3265
l 3265 3266
l 3266 3267
l 3267 3268
l 3268 3269
l 3269 3270
l 3270 3271
l 3271 3272
l 3272 3273
l 3273 3274
l 3274 3275
l 3275 3276
l 3276 3277
l 3277 3278
l 3278 3279
l 3279 3280
l 3280 3281
l 3281 3282
l 3282 3283
l 3283 3284
l 3284 3285
l 3285 3286
l 3286 3287
l 3287 3288
l 3288 3289
l 3289 3290
l 3290 3291
l 3291 3292
l 3292 3293
l 3293 3294
l 3294 3295
l 3295 3296
l 3296 3297
l 3297 3298
l 3298 3299
l 3299 3300
l 3300 3301
l 3301 3302
l 3302 3303
l 3303 3304
l 3304 3305
l 3305 3306
l 3306 3307
l 3307 3308
l 3308 3309
l 3309 3310
l 3310 3311
l 3311 3312
l 3312 3313
l 3313 3314
l 3314 3315
l 3315 3316
l 3316 3317
l 3317 3318
l 3318 3319
l 3319 3320
l 3320 3321
l 3321 3322
l 3322 3323
l 3323 3324
l 3324 3325
l 3325 3326
l 3326 3327
l 3327 3328
l 3328 3329
l 3329 3330
l 3330 3331
l 3331 3332
l 3332 3333
l 3333 3334
l 3334 3335
l 3335 3336
l 3336 3337
l 3337 3338
l 3338 3339
l 3339 3340
l 3340 3341
l 3341 3342
l 3342 3343
l 3343 3344
l 3344 3345
l 3345 3346
l 3346 3347
l 3347 3348
l 3348 3349
l 3349 3350
l 3350 3351
l 3351 3352
l 3352 3353
l 3353 3354
l 3354 3355
l 3355 3356
l 3356 3357
l 3357 3358
l 3358 3359
l 3359 3360
l 3360 3361
l 3361 3362
l 3362 3363
l 3363 3364
l 3364 3365
l 3365 3366
l 3366 3367
l 3367 3368
l 3368 3369
l 3369 3370
l 3370 3371
l 3371 3372
l 3372 3373
l 3373 3374
l 3374 3375
l 3375 3376
l 3376 3377
l 3377 3378
l 3378 3379
l 3379 3380
l 3380 3381
l 3381 3382
l 3382 3383
l 3383 3384
l 3384 3385
l 3385 3386
l 3386 3387
l 3387 3388
l 3388 3389
l 3389 3390
l 3390 3391
l 3391 3392
l 3392 3393
l 3393 3394
l 3394 3395
l 3395 3396
l 3396 3397
l 3397 3398
l 3398 3399
l 3399 3400
l 3400 3401
l 3401 3402
l 3402 3403
l 3403 3404
l 3404 3405
l 3405 3406
l 3406 3407
l 3407 3408
l 3408 3409
l 3409 3410
l 3410 3411
l 3411 3412
l 3412 3413
l 3413 3414
l 3414 3415
l 3415 3416
l 3416 3417
l 3417 3418
l 3418 3419
l 3419 3420
l 3420 3421
l 3421 3422
l 3422 3423
l 3423 3424
l 3424 3425
l 3425 3426
l 3426 3427
l 3427 3428
l 3428 3429
l 3429 3430
l 3430 3431
l 3431 3432
l 3432 3433
l 3433 3434
l 3434 3435
l 3435 3436
l 3436 3437
l 3437 3438
l 3438 3439
l 3439 3440
l 3440 3441
l 3441 3442
l 3442 3443
l 3443 3444
l 3444 3445
l 3445 3446
l 3446 3447
l 3447 3448
l 3448 3449
l 3449 3450
l 3450 3451
l 3451 3452
l 3452 3453
l 3453 3454
l 3454 3455
l 3455 3456
l 3456 3457
l 3457 3458
l 3458 3459
l 3459 3460
l 3460 3461
l 3461 3462
l 3462 3463
l 3463 3464
l 3464 3465
l 3465 3466
l 3466 3467
l 3467 3468
l 3468 3469
l 3469 3470
l 3470 3471
l 3471 3472
l 3472 3473
l 3473 3474
l 3474 3475
l 3475 3476
l 3476 3477
l 3477 3478
l 3478 3479
l 3479 3480
l 3480 3481
l 3481 3482
l 3482 3483
l 3483 3484
l 3484 3485
l 3485 3486
l 3486 3487
l 3487 3488
l 3488 3489
l 3489 3490
l 3490 3491
l 3491 3492
l 3492 3493
l 3493 3494
l 3494 3495
l 3495 3496
l 3496 3497
l 3497 3498
l 3498 3499
l 3499 3500
l 3500 3501
l 3501 3502
l 3502 3503
l 3503 3504
l 3504 3505
l 3505 3506
l 3506 3507
l 3507 3508
l 3508 3509
l 3509 3510
l 3510 3511
l 3511 3512
l 3512 3513
l 3513 3514
l 3514 3515
l 3515 3516
l 3516 3517
l 3517 3518
l 3518 3519
l 3519 3520
l 3520 3521
l 3521 3522
l 3522 3523
l 3523 3524
l 3524 3525
l 3525 3526
l 3526 3527
l 3527 3528
l 3528 3529
l 3529 3530
l 3530 3531
l 3531 3532
l 3532 3533
l 3533 3534
l 3534 3535
l 3535 3536
l 3536 3537
l 3537 3538
l 3538 3539
l 3539 3540
l 3540 3541
l 3541 3542
l 3542 3543
l 3543 3544
l 3544 3545
l 3545 3546
l 3546 3547
l 3547 3548
l 3548 3549
l 3549 3550
l 3550 3551
l 3551 3552
l 3552 3553
l 3553 3554
l 3554 3555
l 3555 3556
l 3556 3557
l 3557 3558
l 3558 3559
l 3559 3560
l 3560 3561
l 3561 3562
l 3562 3563
l 3563 3564
l 3564 3565
l 3565 3566
l 3566 3567
l 3567 3568
l 3568 3569
l 3569 3570
l 3570 3571
l 3571 3572
l 3572 3573
l 3573 3574
l 3574 3575
l 3575 3576
l 3576 3577
l 3577 3578
l 3578 3579
l 3579 3580
l 3580 3581
l 3581 3582
l 3582 3583
l 3583 3584
l 3584 3585
l 3585 3586
l 3586 3587
l 3587 3588
l 3588 3589
l 3589 3590
l 3590 3591
l 3591 3592
l 3592 3593
l 3593 3594
l 3594 3595
l 3595 3596
l 3596 3597
l 3597 3598
l 3598 3599
l 3599 3600
l 3600 3601
o B
v -0.423174238 0.000000000 -0.298924976
v -0.436334606 -0.023803686 -0.305556218
v -0.452826763 -0.045725896 -0.300298234
v -0.462740893 -0.071331516 -0.307046469
v -0.468106062 -0.095160962 -0.319415515
v -0.471308125 -0.117833944 -0.334493733
v -0.478702026 -0.144476365 -0.340449416
v -0.486992311 -0.170669777 -0.338376899
v -0.494537593 -0.196514330 -0.331339289
v -0.498272042 -0.224327896 -0.334863215
v -0.500224165 -0.251270664 -0.341467967
v -0.499490694 -0.273449716 -0.358850603
v -0.500663622 -0.301322003 -0.362552876
v -0.500984750 -0.329547291 -0.364283378
v -0.500785146 -0.355367737 -0.353899798
v -0.498825009 -0.380998771 -0.343103283
v -0.495312826 -0.409057448 -0.342519329
v -0.490768583 -0.436936330 -0.341857183
v -0.487363733 -0.461735687 -0.354386334
v -0.482967246 -0.487771363 -0.362251663
v -0.476347978 -0.515154688 -0.359740408
v -0.468687237 -0.542149641 -0.356361413
v -0.458973355 -0.563077936 -0.340864539
v -0.447744135 -0.582626539 -0.324352454
v -0.436504134 -0.607954414 -0.318794992
v -0.424388374 -0.632859095 -0.313057127
v -0.413186830 -0.658362195 -0.312032231
v -0.405412582 -0.684373401 -0.319929259
v -0.394136937 -0.709778207 -0.320027629
v -0.379536873 -0.732726800 -0.312271200
v -0.364126592 -0.754938726 -0.303957242
v -0.347177854 -0.772542527 -0.290893108
v -0.329193621 -0.779956733 -0.270397547
v -0.310195623 -0.792814944 -0.254755448
v -0.291346959 -0.811332212 -0.244665991
v -0.271835421 -0.828884037 -0.234121083
v -0.253412734 -0.848486470 -0.226675677
v -0.240242247 -0.873475075 -0.227889696
v -0.223937551 -0.895716381 -0.224170723
v -0.203039118 -0.910309592 -0.211968240
v -0.181603220 -0.923645937 -0.199216263
v -0.159692763 -0.935481181 -0.185880114
v -0.137810491 -0.936707079 -0.168567506
v -0.116823725 -0.931440457 -0.150360997
v -0.093955842 -0.932507109 -0.134285792
v -0.070372797 -0.940060710 -0.120620614
v -0.046568789 -0.946425611 -0.106735048
v -0.022702844 -0.952774028 -0.093041186
v -0.002212180 -0.969947470 -0.084225852
v 0.017682225 -0.987914457 -0.075491993
v 0.040999276 -0.994235585 -0.061599506
v 0.064802001 -0.995245715 -0.046355860
v 0.088572519 -0.995047938 -0.031030063
v 0.111866227 -0.991635874 -0.015679797
v 0.131209738 -0.976564935 -0.001891553
v 0.149146813 -0.958639130 0.010598712
v 0.171092923 -0.948399890 0.024593883
v 0.194547948 -0.942476943 0.039247951
v 0.217710636 -0.935347010 0.053829491
v 0.240855081 -0.929351468 0.068620619
v 0.263573990 -0.935354423 0.084188332
v 0.285973350 -0.940554835 0.100415912
v 0.307736793 -0.932020379 0.115751084
v 0.328481496 -0.919414244 0.130266455
v 0.348703607 -0.905740492 0.144551178
v 0.366337584 -0.887653994 0.156291915
v 0.376676119 -0.861727184 0.160418437
v 0.388660791 -0.836980127 0.165825832
v 0.406889981 -0.819254324 0.178135837
v 0.424771823 -0.801196912 0.190550783
v 0.442063744 -0.782527443 0.202864795
v 0.461226988 -0.771660006 0.220184476
v 0.480159247 -0.763989430 0.239701737
v 0.496382173 -0.747180472 0.254796572
v 0.509781702 -0.724754286 0.265635666
v 0.522299042 -0.701603475 0.275995384
v 0.532072308 -0.676315142 0.282415333
v 0.534946343 -0.648668886 0.277474038
v 0.540626849 -0.621439260 0.277222897
v 0.550558023 -0.596329975 0.285640946
v 0.559491152 -0.570680166 0.293530754
v 0.569168222 -0.547799108 0.305911984
v 0.579937753 -0.531130631 0.326033052
v 0.586904916 -0.507034334 0.337616163
v 0.591138542 -0.479645886 0.343265337
v 0.594298517 -0.451978866 0.348147485
v 0.593933934 -0.424777070 0.342026511
v 0.592409642 -0.398414834 0.332187553
v 0.593207625 -0.370338764 0.334206036
v 0.593289045 -0.342218021 0.337235450
v 0.593117860 -0.315872121 0.345688065
v 0.592579022 -0.293351752 0.362628329
v 0.589026578 -0.265760955 0.365789785
v 0.584213019 -0.237890384 0.365962961
v 0.578976508 -0.211728755 0.358629524
v 0.574150765 -0.188126635 0.344011640
v 0.567268585 -0.160898376 0.341682585
v 0.559228018 -0.133833955 0.340063369
v 0.549085760 -0.110265632 0.350903302
v 0.537746914 -0.085601617 0.354790639
v 0.526237564 -0.060092639 0.350693359
v 0.517598013 -0.037364087 0.338081918
v 0.509124870 -0.015206785 0.324336817
v 0.495464885 0.009027448 0.319231861
v 0.478697181 0.030847810 0.320962782
v 0.460158801 0.051089731 0.323394915
v 0.443594207 0.072752948 0.315893063
v 0.433476381 0.092565700 0.299894191
v 0.419408270 0.112720031 0.287634440
v 0.400278788 0.132057868 0.280354151
v 0.375699279 0.145504884 0.282950205
v 0.355442618 0.162683398 0.273288638
v 0.342179873 0.180354786 0.257261838
v 0.324938697 0.197024012 0.243858946
v 0.301230756 0.209122637 0.236922301
v 0.275796221 0.217476145 0.231936777
v 0.255010827 0.230565106 0.218544946
v 0.239949121 0.246183398 0.201645123
v 0.215917316 0.255346768 0.190324040
v 0.189127088 0.255944539 0.184472011
v 0.166551047 0.264536416 0.170236966
v 0.148722864 0.277303538 0.153781272
v 0.123685392 0.279388238 0.142164966
v 0.098576034 0.275975433 0.132185415
v 0.077969789 0.284432311 0.116442384
v 0.054973679 0.288512722 0.101714189
v 0.031460364 0.278761438 0.091227292
v 0.007564229 0.276496127 0.076385050
v -0.014073696 0.283423514 0.061144195
v -0.036670967 0.275226554 0.047587165
v -0.057593142 0.263712333 0.033981470
v -0.080725765 0.265922724 0.019566085
v -0.103419177 0.258192409 0.004884059
v -0.119292278 0.240492811 -0.008841269
v -0.141963759 0.234146259 -0.023285036
v -0.164571502 0.226872952 -0.036947545
v -0.176803157 0.207453156 -0.051608247
v -0.195633431 0.192926147 -0.066804110
v -0.219577941 0.185280752 -0.078171268
v -0.234143468 0.167024725 -0.092933153
v -0.243991056 0.146894742 -0.108489041
v -0.265340661 0.133624755 -0.119011154
v -0.281930092 0.115187825 -0.131685102
v -0.285518213 0.093420323 -0.148291874
v -0.297734878 0.072273902 -0.162459948
v -0.318085298 0.054724764 -0.168959452
v -0.328533026 0.031776842 -0.181734862
v -0.327297119 0.010189885 -0.199424636
v -0.336217938 -0.013550561 -0.211880220
v -0.352359994 -0.036112604 -0.215297742
v -0.358483903 -0.061327804 -0.226548250
v -0.353792001 -0.081756927 -0.244708644
v -0.357407090 -0.107205522 -0.256363580
v -0.365965728 -0.133118196 -0.259541027
v -0.370506145 -0.159791282 -0.265062116
v -0.369351443 -0.185381323 -0.276108347
v -0.362244318 -0.205261888 -0.293991561
v -0.360732562 -0.232060387 -0.302908274
v -0.363030640 -0.259275491 -0.301055785
v -0.361120587 -0.286658363 -0.303377630
v -0.355556052 -0.313456482 -0.310413296
v -0.345849464 -0.332859698 -0.328344559
v -0.338069939 -0.358092565 -0.337367508
v -0.330140767 -0.384698058 -0.342600620
v -0.325176091 -0.410518352 -0.332926013
v -0.315463080 -0.436557784 -0.333011852
v -0.303725184 -0.462085022 -0.336258421
v -0.291307495 -0.482919686 -0.349916235
v -0.278433591 -0.504561043 -0.361348928
v -0.264542643 -0.529106773 -0.363473493
v -0.250057707 -0.552932645 -0.361979002
v -0.237151295 -0.572746054 -0.346540359
v -0.220406565 -0.594804358 -0.342916138
v -0.202445932 -0.616635890 -0.342047074
v -0.185073818 -0.637279728 -0.347867207
v -0.169667285 -0.656360046 -0.361722588
v -0.150362949 -0.676777594 -0.361201979
v -0.130159898 -0.696371819 -0.358397113
v -0.109735564 -0.713403149 -0.350300139
v -0.090852414 -0.724208480 -0.332271135
v -0.069133492 -0.737971388 -0.321583502
v -0.046106072 -0.753469506 -0.316151002
v -0.022600771 -0.768064859 -0.310335750
v -0.001554376 -0.785594582 -0.315518274
v 0.018793014 -0.803593061 -0.322840440
v 0.042913775 -0.816743756 -0.316623583
v 0.067456601 -0.828296890 -0.308615350
v 0.092192589 -0.838308593 -0.299390572
v 0.113665339 -0.839267883 -0.281351844
v 0.134156723 -0.837050233 -0.262054325
v 0.159118949 -0.841578190 -0.250014636
v 0.184882077 -0.847049623 -0.239705533
v 0.210685230 -0.851365981 -0.228957203
v 0.236260279 -0.861721716 -0.225206606
v 0.260562008 -0.876118438 -0.226173474
v 0.286352018 -0.882690905 -0.218430218
v 0.311680716 -0.883549352 -0.205872760
v 0.336837069 -0.883257027 -0.192948533
v 0.360365395 -0.879352316 -0.178377556
v 0.375877025 -0.864747716 -0.159980872
v 0.391559368 -0.849483053 -0.142233237
v 0.415151510 -0.843097228 -0.128149682
v 0.439036952 -0.836782845 -0.114381309
v 0.462472825 -0.829343580 -0.100403885
v 0.487914774 -0.827595241 -0.088932761
v 0.514405017 -0.832505926 -0.080347027
v 0.540143255 -0.832990571 -0.069250371
v 0.561767346 -0.822768723 -0.054255105
v 0.582318282 -0.810771395 -0.038968403
v 0.602195822 -0.797769776 -0.023612645
v 0.616657031 -0.779374790 -0.008687792
v 0.621541571 -0.754469033 0.003732254
v 0.629758375 -0.731002370 0.016583016
v 0.646710006 -0.713764496 0.031208436
v 0.663283473 -0.696118183 0.045833282
v 0.679030526 -0.677680926 0.060387570
v 0.699910615 -0.667274137 0.075752220
v 0.722797390 -0.662181365 0.091533098
v 0.740533639 -0.648177396 0.107557491
v 0.752257199 -0.627002150 0.122190267
v 0.762990562 -0.605163695 0.136606498
v 0.772176716 -0.582339260 0.150462162
v 0.772097503 -0.555454858 0.158241701
v 0.767861591 -0.527832868 0.162553730
v 0.769776628 -0.501421263 0.171460188
v 0.776251909 -0.476935819 0.184049434
v 0.781614708 -0.452013081 0.196299133
v 0.787973908 -0.428341063 0.209890691
v 0.801110573 -0.412650222 0.229311755
v 0.811404769 -0.394613418 0.248002656
v 0.812384550 -0.368934210 0.259657068
v 0.811686711 -0.342734162 0.270288884
v 0.809567926 -0.316306124 0.280041455
v 0.800588891 -0.289843131 0.280241926
v 0.789162016 -0.264305229 0.276229781
v 0.782798294 -0.237525097 0.281251294
v 0.777706391 -0.210931309 0.289424267
v 0.771527751 -0.184431079 0.297126309
v 0.770274886 -0.162081544 0.313733814
v 0.769278537 -0.141474286 0.332854401
v 0.759983617 -0.116050526 0.340379727
v 0.748882868 -0.090594571 0.345739390
v 0.736164250 -0.065776991 0.347758604
v 0.721220115 -0.044858514 0.336171909
v 0.706816185 -0.021592046 0.332285299
v 0.692808776 0.002747687 0.335651496
v 0.677974385 0.026555809 0.339073905
v 0.665673815 0.046988764 0.353985233
v 0.650812727 0.067493548 0.365435949
v 0.632645147 0.089164739 0.365951596
v 0.613717114 0.110123604 0.365344696
v 0.597551741 0.127735262 0.350864207
v 0.579401209 0.146570674 0.342332273
v 0.558870373 0.165978378 0.340998080
v 0.537617873 0.183705145 0.343799311
v 0.516056987 0.197750655 0.355273684
v 0.493102668 0.213855050 0.352934789
v 0.469943257 0.229268485 0.348042580
v 0.453905223 0.243783900 0.330151819
v 0.431509597 0.258095637 0.321999813
v 0.406901310 0.271077984 0.317095688
v 0.380792287 0.277628716 0.325123829
v 0.355055801 0.287401963 0.320039516
v 0.330765321 0.297490043 0.310392420
v 0.313345423 0.309831926 0.292119545
v 0.287520437 0.317744074 0.283795602
v 0.260407632 0.320344913 0.281971706
v 0.233323522 0.321460968 0.278778934
v 0.207835827 0.325972405 0.267693942
v 0.189128605 0.335921984 0.249388296
v 0.162930726 0.337907725 0.238941591
v 0.136184652 0.330351041 0.237091390
v 0.110321539 0.328547131 0.226142212
v 0.089592441 0.334341586 0.209275234
v 0.065148078 0.333457181 0.195998450
v 0.041038589 0.322378229 0.189260214
v 0.016956526 0.314107555 0.178025729
v -0.004664742 0.316309724 0.161473703
v -0.028141496 0.310349312 0.147550839
v -0.047445068 0.292476994 0.139639693
v -0.069557070 0.282260789 0.125309233
v -0.091886244 0.281425708 0.108979300
v -0.111830090 0.267131115 0.095766942
v -0.126959540 0.247542433 0.084354909
v -0.148272185 0.239614567 0.068949879
v -0.168082388 0.227160672 0.054163104
v -0.177547218 0.204454214 0.042071057
v -0.194691792 0.188306718 0.026765537
v -0.214931760 0.177130142 0.012653817
v -0.222927813 0.155040269 -0.001209780
v -0.232981992 0.133877015 -0.016239254
v -0.252603681 0.119691975 -0.029202121
v -0.261681878 0.097669928 -0.043907750
v -0.262714946 0.074701808 -0.058969653
v -0.276919686 0.055186658 -0.071682066
v -0.287042398 0.033161993 -0.084907626
v -0.282300601 0.011212810 -0.100678932
v -0.287419759 -0.012468241 -0.115142775
v -0.299635639 -0.035272959 -0.124607065
v -0.298796991 -0.058936683 -0.139060695
v -0.292111398 -0.079930332 -0.155124762
v -0.296007705 -0.105030529 -0.165815507
v -0.299027287 -0.130629092 -0.175097428
v -0.291127427 -0.151829762 -0.190246108
v -0.282731862 -0.173022640 -0.205476498
v -0.281954101 -0.199208938 -0.213134276
v -0.278843345 -0.225343024 -0.220519124
v -0.268171053 -0.246740751 -0.234314641
v -0.254995142 -0.264641684 -0.250491754
v -0.245150405 -0.288973853 -0.260706176
v -0.240463829 -0.316401810 -0.259937609
v -0.227395091 -0.339670075 -0.269304708
v -0.211433581 -0.355151134 -0.285557491
v -0.195795662 -0.374116446 -0.298273690
v -0.180542908 -0.396543080 -0.305612813
v -0.168954519 -0.421460736 -0.300022489
v -0.150918647 -0.442205393 -0.306567185
v -0.132151257 -0.458687100 -0.318020874
v -0.113651827 -0.471278313 -0.334036105
v -0.093462266 -0.490155167 -0.340036712
v -0.073814964 -0.509490175 -0.339016278
v -0.054671938 -0.528264859 -0.331181543
v -0.031755432 -0.544468702 -0.334626116
v -0.008549670 -0.558975446 -0.340357449
v 0.011367047 -0.568432065 -0.357962633
v 0.035409774 -0.582153355 -0.362395300
v 0.060284618 -0.595489490 -0.364225737
v 0.083535827 -0.607375816 -0.354880593
v 0.106889847 -0.617434100 -0.343299338
v 0.133381006 -0.627294036 -0.342580991
v 0.160213094 -0.636143722 -0.341702394
v 0.184083552 -0.644558025 -0.353429281
v 0.208903783 -0.652696745 -0.362409913
v 0.236248868 -0.659487719 -0.359942022
v 0.263766184 -0.665244011 -0.356838648
v 0.287235080 -0.666593689 -0.342129608
v 0.309355838 -0.665496446 -0.324944309
v 0.336963124 -0.667169202 -0.319187584
v 0.364656029 -0.667948259 -0.313491230
v 0.392473327 -0.669492688 -0.311739054
v 0.419176356 -0.674522563 -0.319533577
v 0.446890817 -0.676629603 -0.320572241
v 0.474001809 -0.674300095 -0.312856138
v 0.500833843 -0.670908119 -0.304579600
v 0.524885303 -0.664435682 -0.292206844
v 0.539830499 -0.651983054 -0.271715594
v 0.559384275 -0.640720731 -0.255467895
v 0.584533505 -0.632576429 -0.245410594
v 0.609135109 -0.623400624 -0.234897619
v 0.634588796 -0.615200024 -0.226362412
v 0.662779414 -0.613556651 -0.225918235
v 0.690646492 -0.610481841 -0.223613606
v 0.714021092 -0.599538654 -0.212434161
v 0.735752369 -0.586675390 -0.199696028
v 0.756425838 -0.572735465 -0.186409037
v 0.767886560 -0.553993456 -0.169178882
v 0.772852247 -0.532954696 -0.150945460
v 0.784079487 -0.513058107 -0.134778707
v 0.801668475 -0.495620556 -0.121121590
v 0.818304875 -0.477438882 -0.107243281
v 0.834879351 -0.459144271 -0.093526850
v 0.859391946 -0.448657251 -0.084600205
v 0.884597704 -0.439395736 -0.075968297
v 0.901171725 -0.421767547 -0.062163155
v 0.913059128 -0.401118280 -0.046923000
v 0.923860041 -0.379940484 -0.031599703
v 0.931792412 -0.357752924 -0.016238388
v 0.927493220 -0.333645963 -0.002399116
v 0.919813027 -0.309483544 0.010104431
v 0.920559515 -0.285263668 0.024060564
v 0.926133139 -0.261724536 0.038716616
v 0.930509466 -0.237889890 0.053301739
v 0.935641033 -0.214491513 0.068069545
v 0.951332853 -0.196999588 0.083629678
v 0.966425166 -0.179609559 0.099826996
v 0.969143821 -0.156451979 0.115208637
v 0.967538371 -0.132235294 0.129731927
v 0.964744296 -0.107989822 0.144025453
v 0.957061196 -0.083985939 0.155914131
v 0.938928902 -0.062809581 0.160170176
v 0.922256735 -0.040866822 0.165406109
v 0.914860979 -0.016523563 0.177676998
v 0.907100338 0.007668970 0.190105070
v 0.898456130 0.031622014 0.202387174
v 0.897412082 0.053716078 0.219573676
v 0.899418807 0.074039006 0.239102071
v 0.892267458 0.096147311 0.254385834
v 0.878559230 0.118377735 0.265242139
v 0.863801583 0.140160182 0.275620152
v 0.846011572 0.160561021 0.282288141
v 0.822833664 0.175926594 0.277513435
v 0.801123835 0.193356259 0.276906235
v 0.783428691 0.213745259 0.285340618
v 0.764799214 0.233502081 0.293250554
v 0.748721160 0.252665062 0.305339986
v 0.738930355 0.269924490 0.325464730
v 0.721019248 0.287215642 0.337396372
v 0.698676311 0.303604473 0.343068217
v 0.675609660 0.319182852 0.348057030
v 0.651283669 0.331489690 0.342271853
v 0.627202412 0.342217908 0.332282318
v 0.602637890 0.355821380 0.334081264
v 0.577730139 0.368868737 0.337135515
v 0.554124337 0.380891952 0.345210604
v 0.533988714 0.390815095 0.362283020
v 0.507948338 0.400382399 0.365769570
v 0.481000294 0.408968882 0.365967350
v 0.455236078 0.416406113 0.359078150
v 0.432144575 0.422974770 0.344296810
v 0.404861245 0.429426783 0.341731823
v 0.377139650 0.434787810 0.340079284
v 0.351450345 0.436762251 0.350510054
v 0.324440385 0.437996105 0.354929567
v 0.296495102 0.439555650 0.350856768
v 0.272092106 0.442237128 0.338706112
v 0.248766129 0.445064921 0.324515927
v 0.220958931 0.444127490 0.319432589
v 0.193797353 0.439499381 0.320727284
v 0.167345519 0.432226780 0.323662105
v 0.140477115 0.427527105 0.316181582
v 0.117989516 0.427385956 0.300582949
v 0.093847830 0.424501171 0.287932958
v 0.067842207 0.416604555 0.280428543
v 0.044562111 0.401015211 0.283087886
v 0.019984568 0.390820772 0.273669415
v -0.001968717 0.386768403 0.257971033
v -0.024570726 0.379601218 0.244244651
v -0.046450572 0.364471048 0.236898785
v -0.065409832 0.345449894 0.232379555
v -0.086614571 0.332672588 0.219208841
v -0.107436746 0.326896462 0.202088820
v -0.126830234 0.310042585 0.190553574
v -0.139571677 0.286321591 0.184967041
v -0.157496252 0.269868241 0.170890771
v -0.177187450 0.260338755 0.154272142
v -0.190962343 0.239346663 0.142397370
v -0.199177944 0.215244547 0.132720739
v -0.215895708 0.200368503 0.117063169
v -0.230443248 0.182353169 0.102238464
v -0.232920923 0.157120961 0.091679002
v -0.241577878 0.134679867 0.076969692
v -0.257836637 0.118758219 0.061684824
v -0.261512427 0.094980176 0.047992503
v -0.260464711 0.071055964 0.034553322
v -0.272761909 0.051426783 0.020098832
v -0.276884322 0.027863633 0.005426620
v -0.268382184 0.005607855 -0.008267084
v -0.272698539 -0.017534368 -0.022846218
v -0.277224693 -0.040843695 -0.036401177
v -0.266002320 -0.060802281 -0.051030453
v -0.261367582 -0.084040177 -0.066263276
v -0.265755622 -0.108837550 -0.077636220
v -0.256700288 -0.130539803 -0.092339336
v -0.242992633 -0.148212406 -0.107940385
v -0.240655565 -0.173117504 -0.118732960
v -0.232402622 -0.196504457 -0.131177890
v -0.214930851 -0.209962729 -0.147671838
v -0.201646480 -0.230331328 -0.161945468
v -0.195473063 -0.256474761 -0.168491805
v -0.180004235 -0.276427848 -0.181214221
v -0.160282667 -0.285292797 -0.198887599
v -0.143123496 -0.303760892 -0.211700626
v -0.130895981 -0.328504545 -0.214865448
v -0.111437207 -0.345709797 -0.226017014
v -0.091174627 -0.351370174 -0.243883830
v -0.070264289 -0.365935846 -0.255834838
v -0.051043626 -0.385166936 -0.259603745
v -0.029696792 -0.401853062 -0.264612562
v -0.006346520 -0.413071170 -0.275260085
v 0.014435065 -0.415513766 -0.293551017
v 0.038894316 -0.426547575 -0.302492625
v 0.062597710 -0.440485554 -0.302535888
v 0.087495797 -0.452240496 -0.303145485
v 0.113913497 -0.459874516 -0.309762078
v 0.135652881 -0.460493494 -0.326978674
v 0.161071939 -0.464635371 -0.337071293
v 0.188316033 -0.469833610 -0.342502228
v 0.213624977 -0.477280647 -0.333349832
v 0.241096937 -0.480848560 -0.332837191
v 0.269156800 -0.482220835 -0.336111254
v 0.293629858 -0.480916105 -0.349153413
v 0.318501977 -0.479370525 -0.361226599
v 0.346685923 -0.478381046 -0.363382019
v 0.374577605 -0.476502103 -0.362374797
v 0.398218347 -0.474229404 -0.347144076
v 0.425348802 -0.469605831 -0.342941700
v 0.453008274 -0.463757200 -0.342104742
v 0.479804597 -0.457585446 -0.346273153
v 0.504197022 -0.452525521 -0.359614493
v 0.531033513 -0.445084558 -0.361266549
v 0.557735363 -0.436185207 -0.358477373
v 0.582353053 -0.425924272 -0.350584519
v 0.600665920 -0.414164834 -0.332566340
v 0.622803140 -0.401224508 -0.321714435
v 0.647173681 -0.387931845 -0.316296720
v 0.670944405 -0.373783693 -0.310440422
v 0.696185774 -0.363094951 -0.315453715
v 0.721522552 -0.353363060 -0.322877187
v 0.744353581 -0.338065799 -0.316821808
v 0.765923850 -0.321610134 -0.308828533
v 0.786238794 -0.304278159 -0.299652452
v 0.797145544 -0.285669265 -0.281734052
v 0.804554582 -0.266481923 -0.262381696
v 0.819995904 -0.246405329 -0.250267777
v 0.836733227 -0.226063609 -0.239970721
v 0.852460627 -0.205151946 -0.229232422
v 0.873319760 -0.187138295 -0.225338778
v 0.897294626 -0.172204450 -0.226336087
v 0.915133784 -0.152409662 -0.218747523
v 0.927579849 -0.130326955 -0.206200835
v 0.938921436 -0.107865297 -0.193285405
v 0.946433134 -0.085174196 -0.178772934
v 0.940712501 -0.064654775 -0.160379092
v 0.934328523 -0.043737063 -0.142611324
v 0.939421483 -0.019873672 -0.128491189
v 0.944832966 0.004235473 -0.114728174
v 0.949039131 0.028464049 -0.100755530
v 0.959076656 0.051879055 -0.089236275
v 0.975621905 0.073143696 -0.080657840
v 0.988049592 0.095739277 -0.069630924
v 0.988989936 0.119645089 -0.054647319
v 0.987823280 0.143414458 -0.039362716
v 0.985455056 0.167049098 -0.024008364
v 0.975966479 0.188432460 -0.009055059
v 0.956137404 0.204254318 0.003389445
v 0.938977411 0.222275573 0.016219584
v 0.931454763 0.245251449 0.030842525
v 0.923440326 0.268094155 0.045469058
v 0.914292067 0.290556224 0.060017952
v 0.912811945 0.313928993 0.075397469
v 0.917481143 0.336852932 0.091288115
v 0.915502957 0.359434738 0.107630088
v 0.902587902 0.379749174 0.122404409
v 0.888121559 0.399318062 0.136817465
v 0.871992972 0.417925694 0.150628042
v 0.847871380 0.430003558 0.158192496
v 0.821420154 0.438995815 0.162536713
v 0.799069838 0.453054400 0.171656348
v 0.780297272 0.470059149 0.184241576
v 0.760617986 0.486270406 0.196484119
v 0.742766747 0.502899782 0.210232670
v 0.735037450 0.521787963 0.229726361
v 0.723411162 0.539121029 0.248244531
v 0.700978883 0.551747298 0.259818093
v 0.677382464 0.563163575 0.270440706
v 0.652896515 0.573390437 0.280116641
v 0.625216018 0.577412342 0.280019924
v 0.597280569 0.579050967 0.276059100
v 0.570642084 0.585882806 0.281379367
v 0.544679457 0.593579516 0.289543569
v 0.518344228 0.600307756 0.297330234
v 0.498150892 0.609552633 0.314196765
v 0.479256874 0.618084088 0.333197818
v 0.452274122 0.621423793 0.340464047
v 0.424562212 0.623263275 0.345814582
v 0.396685077 0.623303792 0.347547385
v 0.371275241 0.619631739 0.335849546
v 0.343931846 0.617625008 0.332339008
v 0.315876371 0.616371937 0.335697366
v 0.287937036 0.614158432 0.339234634
v 0.264252787 0.612657480 0.354388995
v 0.239081498 0.608813240 0.365447106
v 0.211484172 0.602641015 0.365955430
v 0.184178993 0.595466131 0.365239491
v 0.161228526 0.589258537 0.350459628
v 0.136025352 0.581743530 0.342317188
v 0.109353458 0.572428875 0.340974237
v 0.083904389 0.561681187 0.344066736
v 0.061493007 0.548967161 0.355429413
v 0.036618320 0.536010045 0.352873705
v 0.012292046 0.522559065 0.347886812
v -0.007897220 0.515113426 0.329781953
v -0.030979850 0.501647362 0.321925082
v -0.053808502 0.485727566 0.317097137
v -0.071573682 0.465498473 0.325246542
v -0.092132752 0.447208892 0.319929984
v -0.112241627 0.430454466 0.310059559
v -0.131226642 0.420514450 0.291947911
v -0.150110796 0.401176963 0.283674131
v -0.164718876 0.378179632 0.282149736
v -0.178308613 0.354747374 0.278632112
v -0.194072828 0.334316992 0.267417372
v -0.211481395 0.322188332 0.249193847
v -0.225257555 0.299792555 0.238787736
v -0.230826795 0.272910176 0.236886903
v -0.240982825 0.249048810 0.226112597
v -0.255716051 0.233396546 0.209193594
v -0.266119325 0.211198486 0.195969649
v -0.267288823 0.184668838 0.189300623
v -0.271103476 0.159506462 0.177992943
v -0.283081108 0.141390735 0.161408079
v -0.288509161 0.117736167 0.147519547
v -0.281949568 0.092227271 0.139261532
v -0.282418122 0.067757015 0.125210053
v -0.292145023 0.047819744 0.108939534
v -0.288525808 0.023554072 0.095770571
v -0.278188688 0.001091135 0.084311268
v -0.281058868 -0.021460391 0.068903229
v -0.279003710 -0.044795647 0.054121869
v -0.263183822 -0.063641940 0.042028309
v -0.256557107 -0.086288881 0.026700979
v -0.256027663 -0.109619841 0.012468784
v -0.239885607 -0.126700570 -0.001362759
v -0.225899476 -0.145526264 -0.016434039
v -0.222315661 -0.169468537 -0.029386629
v -0.206793024 -0.187469903 -0.044093047
v -0.186995913 -0.199121837 -0.059162162
v -0.176413672 -0.220859012 -0.071763472
v -0.161275405 -0.239811697 -0.085087098
v -0.139535339 -0.246005105 -0.100938636
v -0.120867789 -0.261414899 -0.115358188
v -0.106097250 -0.282554921 -0.124895959
v -0.084670748 -0.292286332 -0.139447647
v -0.062959469 -0.296373883 -0.155419708
v -0.042596731 -0.311668921 -0.165847045
v -0.021090411 -0.325791169 -0.175364272
v 0.001250108 -0.328096975 -0.190685011
v 0.024062684 -0.330782298 -0.205746439
v 0.047604751 -0.342430631 -0.213057079
v 0.072332530 -0.351346876 -0.220757311
v 0.096061675 -0.351390694 -0.234771423
v 0.118204795 -0.348208947 -0.250729543
v 0.144367249 -0.350823735 -0.260699089
v 0.170862802 -0.359062566 -0.260140547
v 0.197537280 -0.358140353 -0.269498392
v 0.218379861 -0.350870143 -0.286041987
v 0.242658733 -0.345892120 -0.298463284
v 0.269632138 -0.342780910 -0.305516108
v 0.297074059 -0.343827452 -0.300072054
v 0.323758575 -0.337286411 -0.306706630
v 0.346729106 -0.328095996 -0.318551077
v 0.366710277 -0.317545310 -0.334170800
v 0.392753500 -0.308278585 -0.340157608
v 0.418952660 -0.299835795 -0.338685436
v 0.444439052 -0.291332565 -0.331172496
v 0.469342808 -0.278399819 -0.334695804
v 0.492725156 -0.264471596 -0.340811167
v 0.510335876 -0.251120345 -0.358334969
v 0.533678305 -0.236059726 -0.362441771
v 0.556951644 -0.220090529 -0.364258939
v 0.578087998 -0.204984702 -0.354411220
v 0.597840516 -0.188759988 -0.343195356
v 0.618771475 -0.169753267 -0.342563164
v 0.638961551 -0.149993237 -0.341798148
v 0.657339989 -0.132794785 -0.353923792
v 0.676033748 -0.114356062 -0.362363627
v 0.694628400 -0.093188815 -0.359883735
v 0.712349378 -0.071393023 -0.356665602
v 0.724106826 -0.051290736 -0.341548541
v 0.733481721 -0.030995682 -0.324715137
v 0.747696433 -0.007236659 -0.319070514
v 0.761107227 0.017002076 -0.313361913
v 0.775398658 0.040914123 -0.312004643
v 0.792163661 0.062277016 -0.319866672
v 0.806598899 0.086027749 -0.320412548
v 0.816984393 0.111175625 -0.312686322
v 0.826294066 0.136564638 -0.304397909
v 0.831242878 0.160711830 -0.291650600
v 0.827009295 0.179691123 -0.271150257
v 0.826345049 0.202465542 -0.255252353
v 0.830665100 0.228542350 -0.245187434
v 0.833806363 0.254606366 -0.234662980
v 0.838436638 0.281002495 -0.226346678
v 0.850103499 0.306740308 -0.226087456
v 0.860019144 0.332940875 -0.223572258
v 0.860796449 0.358680958 -0.212165821
v 0.859348862 0.383888330 -0.199419890
v 0.856777743 0.408824102 -0.186322121
v 0.847094622 0.428914411 -0.169928225
v 0.829979631 0.441857845 -0.151535080
v 0.816380275 0.459727850 -0.135008208
v 0.809008347 0.483375322 -0.121355004
v 0.800537244 0.506520099 -0.107480201
v 0.791925004 0.529655238 -0.093762939
v 0.793864827 0.556237927 -0.084827557
v 0.797274188 0.582884109 -0.076220102
v 0.789297664 0.605736037 -0.062431669
v 0.776449777 0.625803105 -0.047193215
v 0.762632327 0.645149301 -0.031871142
v 0.746617383 0.662437149 -0.016507846
v 0.723255025 0.669745681 -0.002654836
v 0.698274331 0.674051692 0.009858340
v 0.677101458 0.685836662 0.023812260
v 0.658779548 0.701630175 0.038469266
v 0.639644627 0.716498061 0.053055888
v 0.621214694 0.731810818 0.067820549
v 0.612897502 0.753792861 0.083373789
v 0.604437819 0.775217891 0.099560754
v 0.585168189 0.788329418 0.114950080
v 0.562938383 0.798063385 0.129477182
v 0.540135433 0.806755515 0.143774960
v 0.515308287 0.811028861 0.155692462
v 0.488163251 0.804705793 0.159979230
v 0.461006095 0.799969190 0.165194615
v 0.435989748 0.804607706 0.177462605
v 0.410945136 0.808866090 0.189896266
v 0.385700672 0.812221080 0.202176525
v 0.365578244 0.821443641 0.219338637
v 0.348475604 0.832604611 0.238867636
v 0.325591987 0.836489425 0.254190122
v 0.299549121 0.834564699 0.265054297
v 0.273420441 0.831503583 0.275441166
v 0.247120930 0.825143281 0.282167027
v 0.222797230 0.811655911 0.277435793
v 0.197343366 0.800362240 0.276756888
v 0.171097661 0.794049370 0.285199584
v 0.144982380 0.786617466 0.293118822
v 0.120154134 0.780578883 0.304417428
v 0.099453088 0.778998011 0.323599881
v 0.076376365 0.772164754 0.337472978
v 0.051550680 0.759853307 0.343136711
v 0.027109146 0.746548011 0.348191079
v 0.004655170 0.730972697 0.344407017
v -0.015088538 0.714582908 0.332700493
v -0.038366110 0.698981589 0.334036427
v -0.061417682 0.682881813 0.337099146
v -0.082973070 0.667450247 0.345127499
v -0.101049966 0.654165085 0.362222860
v -0.121527956 0.635466718 0.365762192
v -0.141559850 0.615500657 0.365968917
v -0.160038343 0.596035252 0.359156536
v -0.176490408 0.578567339 0.344351051
v -0.194777817 0.557327465 0.341749692
v -0.212303268 0.535188982 0.340105407
v -0.225914662 0.513291336 0.350454391
v -0.239426430 0.489895992 0.354980377
v -0.253681516 0.465807932 0.350916322
v -0.267368976 0.444562916 0.339826424
v -0.280756368 0.425556083 0.324500458
v -0.292713935 0.400434067 0.319415372
v -0.301036713 0.374180433 0.320861486
v -0.306805636 0.347356159 0.323640226
v -0.314989913 0.321337214 0.316157616
v -0.325255723 0.301411370 0.300437689
v -0.333750096 0.278543381 0.287908301
v -0.338658826 0.251804470 0.280473121
v -0.335520818 0.223962676 0.283125973
v -0.337815850 0.197466670 0.273638107
v -0.344400828 0.176200808 0.257851586
v -0.348346315 0.152746399 0.244213494
v -0.344879386 0.126367217 0.236977163
v -0.336805137 0.100775702 0.232343631
v -0.335296094 0.076112067 0.219120262
v -0.339660369 0.054927561 0.202053584
v -0.333547518 0.029964695 0.190571461
v -0.318411280 0.007731075 0.184927146
v -0.312138474 -0.015736391 0.170815892
v -0.312640868 -0.037617269 0.154233582
v -0.300249337 -0.059458827 0.142418157
v -0.282712475 -0.077884603 0.132677860
v -0.277318427 -0.099578147 0.117001347
v -0.267887160 -0.120771838 0.102197568
v -0.246571479 -0.134540735 0.091656399
v -0.230699449 -0.152599656 0.076919978
v -0.224016473 -0.174343749 0.061642839
v -0.204535095 -0.188455693 0.047979603
v -0.182865445 -0.198616847 0.034507750
v -0.171149325 -0.218614473 0.020059732
v -0.152051408 -0.233034973 0.005385397
v -0.128390960 -0.235747001 -0.008312822
v -0.109895885 -0.250309762 -0.022865216
v -0.091212155 -0.264961582 -0.036443609
v -0.068319716 -0.264098958 -0.051077865
v -0.045564797 -0.270770243 -0.066303391
v -0.025560534 -0.286048654 -0.077677880
v -0.002149358 -0.287882342 -0.092393575
v 0.019874624 -0.283945642 -0.107984299
v 0.043051011 -0.293423200 -0.118721349
v 0.067625543 -0.296751822 -0.131217576
v 0.087586610 -0.287369645 -0.147735373
v 0.111810855 -0.284999256 -0.161986819
v 0.137869027 -0.291557111 -0.168519563
v 0.162683786 -0.286964302 -0.181263695
v 0.179627348 -0.273530263 -0.198939821
v 0.203931843 -0.266805347 -0.211738622
v 0.231540835 -0.267348308 -0.214877955
v 0.255753522 -0.257961968 -0.226049853
v 0.270035717 -0.242534794 -0.243972080
v 0.292653350 -0.230704887 -0.255868459
v 0.318610935 -0.222549686 -0.259523817
v 0.343204453 -0.211201694 -0.264640901
v 0.363838451 -0.195610147 -0.275358850
v 0.375634996 -0.178296943 -0.293579162
v 0.396682894 -0.161653243 -0.302519246
v 0.420002489 -0.147072379 -0.302419631
v 0.441850825 -0.130313197 -0.303166597
v 0.460781131 -0.110367434 -0.309781933
v 0.471240114 -0.091368618 -0.327126132
v 0.486700498 -0.070682420 -0.337089816
v 0.503860743 -0.048885886 -0.342477610
v 0.522122131 -0.029872979 -0.333202649
v 0.537904455 -0.007078165 -0.332848134
v 0.552030402 0.017205659 -0.336120990
v 0.562070872 0.039485139 -0.349332080
v 0.572197152 0.062330637 -0.361234453
v 0.584282483 0.087811359 -0.363388122
v 0.595443076 0.113419491 -0.362246884
v 0.604284848 0.135433968 -0.346961934
v 0.612671307 0.161701886 -0.342940125
v 0.620199462 0.188952129 -0.342100740
v 0.627053791 0.215549171 -0.346435394
v 0.633784035 0.239532877 -0.359779079
v 0.639508132 0.266816819 -0.361257929
v 0.643888770 0.294619466 -0.358467331
v 0.646594274 0.321810628 -0.352514268
v 0.644445732 0.342887926 -0.333932980
v 0.642770200 0.367717857 -0.321836765
v 0.642209481 0.395475288 -0.316434906
v 0.640589449 0.423085448 -0.310541660
v 0.642656030 0.450437738 -0.315401193
v 0.645713710 0.477384312 -0.322917736
v 0.642716121 0.504711143 -0.317010035
v 0.638055469 0.531442618 -0.309030954
v 0.632052908 0.557480578 -0.299899659
v 0.620635002 0.575862083 -0.282090651
v 0.607009778 0.591218201 -0.262688672
v 0.596266057 0.614113349 -0.250508007
v 0.585930054 0.638348161 -0.240222367
v 0.574619805 0.661947578 -0.229493641
v 0.568133453 0.688704231 -0.225481070
v 0.565917214 0.716862542 -0.226497718
v 0.556671040 0.741886402 -0.219049057
v 0.542813141 0.763117642 -0.206512562
v 0.528107161 0.783540945 -0.193605523
v 0.511477162 0.800775253 -0.179145858
v 0.490650489 0.805236889 -0.160754209
v 0.469145966 0.809145737 -0.142967936
v 0.450281786 0.824566820 -0.128815292
v 0.431380897 0.840486426 -0.115057388
v 0.411818649 0.855391501 -0.101089303
v 0.395583878 0.874995095 -0.089527748
v 0.384312652 0.899469221 -0.080956940
v 0.370059821 0.921009453 -0.069993141
v 0.349292683 0.932899108 -0.055020193
v 0.327662496 0.942826018 -0.039737600
v 0.305598152 0.951624526 -0.024384601
v 0.282261796 0.953222921 -0.009405845
v 0.259085156 0.942937990 0.003061443
v 0.235202393 0.935883250 0.015874247
v 0.211339816 0.939761064 0.030495135
v 0.187375951 0.943182336 0.045123261
v 0.163220596 0.945393331 0.059669523
v 0.141738721 0.954744564 0.075038646
v 0.123541052 0.969460625 0.090916613
v 0.102637238 0.978242081 0.107261258
v 0.078663659 0.976182641 0.122049098
v 0.054632040 0.972369867 0.136467690
v 0.030673746 0.967372874 0.150644646
v 0.008323695 0.953682296 0.159683534
v -0.011036889 0.933355303 0.163018401
v -0.033153275 0.918429237 0.170864019
v -0.056902834 0.909650989 0.183467785
v -0.080372032 0.899717846 0.195735151
v -0.103410738 0.891108297 0.209216270
v -0.123859884 0.892730203 0.228575061
v -0.144485474 0.891068195 0.247400455
v -0.166056594 0.877177921 0.259134527
v -0.187085010 0.861550248 0.269790530
v -0.207493863 0.844667136 0.279625551
v -0.224072570 0.822197980 0.280104642
v -0.238339667 0.798132285 0.276075635
v -0.256471554 0.777396153 0.280853659
v -0.275295202 0.757943254 0.289052095
v -0.293406074 0.737616004 0.296718261
v -0.310998493 0.723506005 0.313064736
v -0.327276850 0.710997680 0.332308299
v -0.342745064 0.688931029 0.340106747
v -0.357180885 0.665213476 0.345495761
v -0.370231372 0.640558721 0.347835017
v -0.378778549 0.616247591 0.336420500
v -0.389381456 0.591096443 0.332109690
v -0.401235181 0.565642230 0.335505757
v -0.412167783 0.539797461 0.338864033
v -0.421846099 0.517842030 0.353457975
v -0.430078685 0.494075811 0.365368393
v -0.437353633 0.466751820 0.365940792
v -0.443610661 0.439201146 0.365490795
v -0.448714156 0.415666265 0.351407367
v -0.453654126 0.390163374 0.342380708
v -0.457721161 0.362204286 0.341075816
v -0.460065512 0.334561476 0.343493412
v -0.459173405 0.308901790 0.355144818
v -0.459090384 0.280870533 0.353129417
v -0.458342417 0.253024870 0.348396535
v -0.460860018 0.231364060 0.330832656
v -0.459834974 0.205022461 0.322243844
v -0.456353273 0.177429140 0.317234283
v -0.446827840 0.152255696 0.325049520
v -0.439865260 0.125607503 0.320399178
v -0.433890812 0.099773885 0.311130539
v -0.434136075 0.078547282 0.292612865
v -0.425837744 0.052885910 0.284195038
v -0.412676093 0.029048864 0.281849650
v -0.397725381 0.006391605 0.279259267
v -0.386508206 -0.017101874 0.268424186
v -0.384048794 -0.038094777 0.249964987
v -0.370698948 -0.060683567 0.239451735
v -0.349907096 -0.078336544 0.237045022
v -0.332994701 -0.098126906 0.226874326
v -0.325115432 -0.118375212 0.210364048
v -0.311057299 -0.137946158 0.196730282
v -0.288582200 -0.151779848 0.189524075
v -0.267540234 -0.166309374 0.178839711
v -0.256201115 -0.185003303 0.162530597
v -0.238558685 -0.201095022 0.148356630
v -0.213201242 -0.207486059 0.139905946
v -0.191436046 -0.218853030 0.126121319
v -0.178259694 -0.236714431 0.109818747
v -0.155322397 -0.245541787 0.096307681
v -0.130379842 -0.246000859 0.085255384
v -0.111154974 -0.258250713 0.069867715
v -0.090077555 -0.267990027 0.055037838
v -0.066093001 -0.262927312 0.042955572
v -0.042719387 -0.266751324 0.027647430
v -0.021980558 -0.277674364 0.013396033
v 0.000924797 -0.272947727 -0.000585857
v 0.023561114 -0.267633461 -0.015314842
v 0.046441905 -0.275567128 -0.028319668
v 0.069978666 -0.270973148 -0.043020724
v 0.089080469 -0.258038572 -0.058056438
v 0.113108036 -0.257610697 -0.071130772
v 0.137058255 -0.254130226 -0.084049471
v 0.152966284 -0.238162956 -0.099758963
v 0.174466369 -0.227605020 -0.114659912
v 0.200305758 -0.225185576 -0.123776453
v 0.219884810 -0.211315701 -0.138032479
v 0.232538809 -0.193403286 -0.154281078
v 0.254911265 -0.181644474 -0.165504236
v 0.278017158 -0.169978448 -0.174331401
v 0.291664470 -0.151503438 -0.189144283
v 0.303352175 -0.132309772 -0.204705953
v 0.323506238 -0.115737043 -0.213690803
v 0.344136496 -0.098862770 -0.219969100
v 0.357034138 -0.077795153 -0.232746734
v 0.362395281 -0.057045952 -0.249803227
v 0.376339593 -0.034907396 -0.260465731
v 0.396351774 -0.015431376 -0.259438705
v 0.407961044 0.008611335 -0.268744677
v 0.411984820 0.030788161 -0.284468030
v 0.417982607 0.054247546 -0.297727001
v 0.427319323 0.079651806 -0.305587133
v 0.441238635 0.103391096 -0.299762857
v 0.447941226 0.130073826 -0.306160893
v 0.451379204 0.155686246 -0.316329035
v 0.450448901 0.177730203 -0.333548980
v 0.454189345 0.205051976 -0.339774952
v 0.458588617 0.232308177 -0.339262050
v 0.463053328 0.258694034 -0.331101880
v 0.463152537 0.286764022 -0.334477495
v 0.461712878 0.314187424 -0.339916632
v 0.457965771 0.335909974 -0.357526709
v 0.455313043 0.363366704 -0.362296326
v 0.451911306 0.391383299 -0.364155712
v 0.448237716 0.417369115 -0.355298694
v 0.443083221 0.442151218 -0.343398870
v 0.435911164 0.469487291 -0.342618818
v 0.427705645 0.496526790 -0.341658367
v 0.420763817 0.520983143 -0.353058388
v 0.413206447 0.545860665 -0.362507788
v 0.403026780 0.572135792 -0.360067714
v 0.391902057 0.597957224 -0.356992292
v 0.379517370 0.618164893 -0.342695267
v 0.365932356 0.635467512 -0.325253703
v 0.351404947 0.658981690 -0.319429582
v 0.336109202 0.682086640 -0.313759063
v 0.321264508 0.705666585 -0.311745804
v 0.309968767 0.730385782 -0.319516093
v 0.295855307 0.754330900 -0.320911145
v 0.278347514 0.775169993 -0.313218305
v 0.260135494 0.795175334 -0.304967910
v 0.241006079 0.811344740 -0.292819051
v 0.222215341 0.816508995 -0.272371763
v 0.201791690 0.825765088 -0.255904685
v 0.180657338 0.841656371 -0.245866337
v 0.158997310 0.856512728 -0.235374144
v 0.137594085 0.872500531 -0.226730396
v 0.119948938 0.894533667 -0.226208289
v 0.101450900 0.915621190 -0.224046335
v 0.079084145 0.928575493 -0.213004378
v 0.056058310 0.938967201 -0.200284557
v 0.032751551 0.948228696 -0.187208534
v 0.010285429 0.949728014 -0.171093506
v -0.009098664 0.940603577 -0.152666128
v -0.030994665 0.936096354 -0.135929494
v -0.055370214 0.940444873 -0.122265582
v -0.079815079 0.943647137 -0.108403856
v -0.104310362 0.946510859 -0.094630367
v -0.127176424 0.959883377 -0.085425230
v -0.149148572 0.975522897 -0.077039112
v -0.173104831 0.979594919 -0.063447481
v -0.196844586 0.977499071 -0.048215364
v -0.220393240 0.974210279 -0.032897832
v -0.243309950 0.968471588 -0.017510616
v -0.260777320 0.951420287 -0.003550081
v -0.276039604 0.931188487 0.008982153
v -0.295934837 0.917271216 0.022841806
v -0.318413635 0.908342471 0.037502300
v -0.340448244 0.898267315 0.052094228
v -0.362435953 0.888460033 0.066807035
v -0.385810994 0.890888219 0.082352199
v -0.408748299 0.893671532 0.098477664
v -0.429447279 0.883230266 0.113971708
v -0.448359193 0.868036707 0.128512949
v -0.466611794 0.851852830 0.142826434
v -0.482209555 0.832218165 0.155073465
v -0.489371801 0.805356677 0.159640809
v -0.497211884 0.778770469 0.164454384
v -0.512773693 0.758593490 0.176628032
v -0.528127486 0.738366878 0.189081966
v -0.542705329 0.717435546 0.201288790
v -0.560010602 0.703302827 0.218151906
v -0.577885624 0.693451507 0.237707846
v -0.592194204 0.675510850 0.253448369
v -0.602523987 0.651539646 0.264340434
v -0.611900085 0.626975291 0.274763627
v -0.618712374 0.600881347 0.282028443
v -0.618148688 0.573046060 0.277652391
v -0.619458384 0.545222518 0.276335108
v -0.625908570 0.518980917 0.284653644
v -0.631397977 0.492400468 0.292609589
v -0.637286741 0.467230634 0.303355985
v -0.645467687 0.448071648 0.322456840
v -0.650390551 0.424906218 0.337076133
v -0.650950092 0.397208982 0.342779457
v -0.650451790 0.369392313 0.347874728
v -0.647193037 0.342158809 0.344975958
v -0.641691562 0.317166103 0.333056069
v -0.638470761 0.289370536 0.333809296
v -0.634860499 0.261490951 0.336916805
v -0.630993683 0.234956215 0.344150619
v -0.627698228 0.212927318 0.361515957
v -0.620662000 0.186267678 0.365723240
v -0.612221381 0.159274134 0.365975581
v -0.603373071 0.133652694 0.360055219
v -0.595517248 0.111150884 0.344927011
v -0.585191954 0.085201489 0.341837430
v -0.573661968 0.059424754 0.340233153
v -0.560600120 0.036939238 0.349633318
v -0.546083143 0.014411448 0.355229602
v -0.531315200 -0.009373180 0.351209310
v -0.518361511 -0.031529135 0.340957544
v -0.508044367 -0.051987209 0.324972385
v -0.491356476 -0.074212566 0.319773620
v -0.472541645 -0.094415381 0.318847073
v -0.451113194 -0.110984593 0.324226258
v -0.431836856 -0.130300991 0.316792703
v -0.417976872 -0.148677260 0.302053331
v -0.402556901 -0.166747296 0.288562358
v -0.381365889 -0.183698556 0.280668198
v -0.355300680 -0.193901473 0.283338625
v -0.332579603 -0.207954184 0.274475247
v -0.315699070 -0.223336005 0.259481940
v -0.297793182 -0.238012921 0.245059073
v -0.273261973 -0.248225997 0.236513088
v -0.246107848 -0.252012014 0.233180983
v -0.222392818 -0.261183713 0.220850027
v -0.207021888 -0.275703603 0.203015019
v -0.182246075 -0.282342453 0.191163318
v -0.155338280 -0.278781490 0.186002029
v -0.131193808 -0.283494107 0.172209168
v -0.112454059 -0.294705634 0.155296606
v -0.087349804 -0.294896390 0.142879366
v -0.062884576 -0.286886300 0.133838785
v -0.040608332 -0.290936712 0.118362980
v -0.017986675 -0.293659948 0.103334572
v 0.004266200 -0.281970048 0.092544762
v 0.027469082 -0.275422170 0.078151576
v 0.049849257 -0.279672008 0.062814748
v 0.071950932 -0.269972519 0.048848511
v 0.090453542 -0.254501259 0.035748909
v 0.113398355 -0.252315779 0.021171166
v 0.135297752 -0.243249008 0.006573486
v 0.148639496 -0.223501701 -0.007066135
v 0.169630556 -0.212786182 -0.021900664
v 0.191785823 -0.204139400 -0.035258368
v 0.202470280 -0.183973917 -0.049837713
v 0.217984408 -0.166315470 -0.065113753
v 0.240937295 -0.155797066 -0.076516682
v 0.254593028 -0.136218864 -0.091096695
v 0.260152507 -0.114599416 -0.106792494
v 0.278384896 -0.097802657 -0.118191786
v 0.293657355 -0.078256843 -0.130115838
v 0.295389922 -0.056247262 -0.146354228
v 0.303734771 -0.033691219 -0.160868080
v 0.321376567 -0.013622438 -0.167639474
v 0.329217497 0.010460512 -0.180169401
v 0.325238355 0.031704473 -0.197763368
v 0.330332964 0.056307989 -0.210720758
v 0.343390037 0.080475271 -0.214154551
v 0.346533694 0.106302545 -0.225152508
v 0.340064441 0.126463227 -0.242559106
v 0.339472470 0.151598263 -0.254976282
v 0.343555704 0.178335839 -0.259698352
v 0.345636716 0.205413191 -0.263882701
v 0.341770820 0.231347559 -0.274028257
v 0.331534961 0.249408245 -0.292751285
v 0.326487837 0.275711526 -0.301817868
v 0.323836148 0.303046692 -0.302900634
v 0.319660101 0.330250713 -0.302607867
v 0.310751254 0.356255068 -0.309267901
v 0.298916301 0.374965455 -0.325665335
v 0.287559351 0.397567287 -0.336604750
v 0.276120360 0.422790077 -0.342334273
v 0.267498939 0.447864270 -0.333965358
v 0.254925490 0.472403564 -0.332556108
v 0.239944185 0.496162129 -0.335879377
v 0.224708858 0.515838715 -0.348007961
v 0.209245558 0.534883473 -0.361033486
v 0.192250708 0.557384111 -0.363237388
v 0.174597501 0.579195581 -0.362953349
v 0.159103168 0.597398567 -0.348032546
v 0.139933888 0.616792361 -0.342980651
v 0.119263392 0.636081535 -0.342193908
v 0.098653663 0.654498483 -0.345628435
v 0.080476225 0.671515360 -0.358994912
v 0.059115668 0.689176455 -0.361453893
v 0.036495099 0.705933358 -0.358718484
v 0.013512230 0.721197277 -0.353549814
v -0.006347844 0.729342269 -0.335347179
v -0.028793000 0.738844260 -0.322242369
v -0.053664772 0.751200928 -0.316888449
v -0.078899185 0.762511736 -0.310951261
v -0.102501966 0.776638493 -0.314796596
v -0.124814356 0.791865098 -0.322773168
v -0.150353355 0.802154998 -0.317630704
v -0.176218116 0.810404509 -0.309697839
v -0.202132970 0.817263194 -0.300789141
v -0.224107852 0.816223922 -0.283562602
v -0.243861070 0.811150218 -0.263994875
v -0.268831454 0.811739430 -0.251312618
v -0.295112246 0.813812011 -0.241066197
v -0.321279290 0.814709614 -0.230368383
v -0.348000691 0.820600141 -0.225608845
v -0.374008971 0.831618818 -0.226685883
v -0.400555317 0.835727799 -0.220042755
v -0.425805637 0.833281317 -0.207536877
v -0.450736708 0.829722276 -0.194662601
v -0.474420562 0.823791623 -0.180674759
v -0.490056532 0.808862308 -0.162687308
v -0.503255705 0.791461559 -0.144744792
v -0.523635705 0.779668342 -0.129599581
v -0.546497998 0.770269402 -0.115853970
v -0.568765483 0.759814514 -0.101896661
v -0.593437426 0.753975587 -0.090132884
v -0.620351988 0.755176386 -0.081560230
v -0.646252475 0.752948162 -0.070837398
v -0.666499081 0.740154487 -0.055906893
v -0.685309818 0.725569351 -0.040629047
v -0.703320413 0.710078035 -0.025279238
v -0.716117225 0.690487583 -0.010201470
v -0.717774979 0.665219739 0.002332290
v -0.722003379 0.640576182 0.015044852
v -0.736332899 0.621104404 0.029653549
v -0.750449058 0.601442455 0.044285393
v -0.763577686 0.581049584 0.058836258
v -0.781427098 0.565878611 0.074155018
v -0.802867531 0.556447351 0.089999044
v -0.820693379 0.542397765 0.106366703
v -0.830069090 0.520279317 0.121203779
v -0.837801245 0.497216478 0.135635361
v -0.844448711 0.473671415 0.149826654
v -0.843197437 0.447665302 0.159281706
v -0.834090142 0.421120936 0.162666328
v -0.830500525 0.394537086 0.170130347
v -0.833693681 0.369427905 0.182751279
v -0.835743718 0.344036192 0.195040318
v -0.838399244 0.319400208 0.208281032
v -0.849134759 0.301806237 0.227517557
v -0.857655265 0.283106848 0.246620847
v -0.855440286 0.257622721 0.258500818
v -0.851298456 0.231762903 0.269181515
v -0.845862829 0.205887359 0.279167542
v -0.833863125 0.180717680 0.280169982
v -0.819030141 0.157003292 0.276080013
v -0.808698652 0.131421541 0.280366396
v -0.800150007 0.105746949 0.288594689
v -0.790489684 0.080301834 0.296288251
v -0.785670800 0.057910788 0.312027863
v -0.782336663 0.037837479 0.331492040
v -0.770185578 0.014027650 0.339775125
v -0.755825129 -0.009727556 0.345199773
v -0.740141727 -0.032854845 0.348459270
v -0.722394736 -0.052557221 0.339022469
v -0.704612502 -0.072958324 0.332108422
v -0.687471257 -0.095207858 0.335391901
v -0.669565533 -0.116828872 0.338682562
v -0.654442214 -0.135639164 0.352965942
v -0.637300242 -0.153830044 0.365241633
v -0.616424736 -0.172888254 0.365931771
v -0.594857547 -0.191154232 0.365624220
v -0.576182470 -0.206614821 0.351909321
v -0.555972149 -0.222663953 0.342417918
v -0.533041183 -0.239171018 0.341135677
v -0.509574068 -0.254083366 0.343196615
v -0.486447274 -0.265119803 0.355004839
v -0.461523239 -0.277928781 0.353279016
v -0.436430839 -0.290097981 0.348686722
v -0.418169252 -0.302300575 0.331415252
v -0.394554534 -0.313574992 0.322432665
v -0.368491610 -0.323254464 0.317326385
v -0.341760169 -0.326570902 0.324850397
v -0.314881136 -0.332521773 0.320677459
v -0.289060577 -0.339038771 0.311654284
v -0.270336274 -0.349035351 0.293130142
v -0.243871084 -0.353626418 0.284502120
v -0.216647479 -0.353245431 0.281703742
v -0.189642967 -0.350159210 0.279630836
v -0.163490095 -0.350875411 0.269008200
v -0.143818378 -0.358488103 0.250417933
v -0.117643722 -0.357141228 0.239846171
v -0.092349141 -0.347188783 0.237095688
v -0.067011966 -0.340988079 0.227326526
v -0.045224910 -0.342917820 0.211047664
v -0.021549109 -0.339905948 0.197181299
v 0.001231037 -0.326744041 0.189675681
v 0.023715086 -0.314407729 0.179342547
v 0.045591341 -0.312489527 0.163189056
v 0.067965232 -0.304759833 0.148853554
v 0.085535019 -0.285551475 0.140218986
v 0.105489675 -0.271168890 0.126662672
v 0.127423692 -0.267728683 0.110341482
v 0.146077455 -0.251725838 0.096698803
v 0.157783036 -0.229553676 0.085816309
v 0.177301131 -0.217652505 0.070441491
v 0.195913047 -0.203964594 0.055582676
v 0.202614020 -0.180442050 0.043506075
v 0.216475412 -0.161176650 0.028216820
v 0.235968868 -0.148044336 0.013947646
v 0.242940528 -0.125667510 -0.000121215
v 0.248105462 -0.103020322 -0.014738289
v 0.265588722 -0.086340601 -0.027785272
v 0.272824220 -0.063425368 -0.042459642
v 0.269870265 -0.040485880 -0.057486645
v 0.280070673 -0.018785899 -0.070793043
v 0.288572810 0.003867937 -0.083514230
v 0.282056187 0.025416216 -0.099148942
v 0.282322417 0.049287054 -0.114113981
v 0.292123063 0.073321963 -0.123261918
v 0.289289396 0.097362807 -0.137392247
v 0.278823770 0.116577674 -0.153758242
v 0.278305500 0.141773553 -0.165301692
v 0.279053975 0.167726691 -0.173855993
v 0.269308846 0.188783715 -0.188455566
v 0.257346232 0.207579073 -0.204228321
v 0.251610917 0.232955721 -0.213592647
v 0.246516852 0.259192158 -0.219545916
v 0.233958164 0.280748587 -0.232061640
v 0.217854745 0.294678075 -0.249381615
v 0.204600875 0.317190567 -0.260159973
v 0.196577925 0.343938959 -0.259180469
v 0.180663000 0.365399374 -0.268402608
v 0.162875253 0.379563721 -0.283789000
v 0.144805820 0.395335385 -0.297392442
v 0.126482932 0.415207913 -0.305584825
v 0.111875575 0.438543705 -0.299763000
v 0.091379314 0.456906130 -0.305912146
v 0.070191412 0.472001745 -0.315746550
v 0.050257698 0.481146745 -0.333222562
v 0.027747612 0.497023323 -0.339560468
v 0.005171310 0.513061302 -0.341215265
v -0.015320760 0.529355294 -0.331135976
v -0.040146232 0.542471208 -0.334297030
v -0.065239557 0.553996144 -0.339262512
v -0.086243777 0.560675764 -0.356875202
v -0.111708834 0.570866634 -0.362175864
v -0.138126992 0.580789003 -0.364070062
v -0.163074473 0.589593602 -0.356004983
v -0.187233397 0.596456300 -0.343560856
v -0.214781987 0.602721916 -0.342664083
v -0.242561541 0.607922497 -0.341561853
v -0.267675503 0.613004644 -0.352373445
v -0.293018206 0.617816580 -0.362625921
v -0.321027813 0.620920477 -0.360218755
v -0.349071949 0.622977583 -0.357176558
v -0.373943011 0.621877656 -0.344937242
v -0.395545261 0.617819778 -0.327207549
v -0.422460459 0.615266804 -0.319618585
v -0.450020210 0.612353127 -0.313968220
v -0.477782100 0.609932084 -0.311673192
v -0.504935459 0.611264143 -0.319408431
v -0.532699706 0.609921877 -0.321174758
v -0.559269212 0.603995633 -0.313499338
v -0.585426868 0.597066909 -0.305269664
v -0.608756938 0.587643768 -0.293328502
v -0.622154080 0.573409786 -0.272962643
v -0.639505615 0.559457821 -0.256247454
v -0.663358684 0.548033574 -0.246223475
v -0.686540701 0.535671864 -0.235748009
v -0.710507081 0.523943005 -0.226971265
v -0.738158357 0.518327222 -0.226345671
v -0.765439389 0.511729031 -0.224336226
v -0.787364457 0.497961328 -0.213447373
v -0.807219199 0.482329754 -0.200742490
v -0.826195329 0.465922512 -0.187678156
v -0.838213587 0.446767859 -0.171677907
v -0.839112727 0.425373192 -0.153240199
v -0.844936014 0.403844157 -0.136431083
v -0.859974773 0.384196316 -0.122743479
v -0.874099402 0.363984984 -0.108888750
v -0.887870726 0.343536229 -0.095094255
v -0.910091190 0.329228015 -0.085785499
v -0.934179868 0.317013082 -0.077484064
v -0.949061528 0.297752701 -0.063985188
v -0.958166344 0.275725805 -0.048756950
v -0.966124180 0.253317883 -0.033442147
v -0.971807840 0.230359596 -0.018045538
v -0.964873975 0.206984500 -0.004037674
v -0.953919519 0.184137116 0.008507679
v -0.950475742 0.160080144 0.022332405
v -0.952930677 0.136019017 0.036994734
v -0.954163454 0.111823349 0.051589359
v -0.955431697 0.087744277 0.066284832
v -0.968209809 0.068029365 0.081820113
v -0.981404082 0.049020493 0.097916411
v -0.981930186 0.025888172 0.113452662
v -0.977182193 0.002102767 0.128001413
v -0.971251121 -0.021554353 0.142323256
v -0.961753695 -0.044657791 0.155056523
v -0.942533661 -0.064359117 0.160979775
v -0.922236545 -0.083440993 0.165619717
v -0.909571360 -0.106017115 0.176483477
v -0.898689396 -0.128959227 0.188941315
v -0.886827567 -0.151537297 0.201154470
v -0.882269419 -0.173405248 0.218024629
v -0.881759809 -0.193810933 0.237578066
v -0.872417705 -0.214774066 0.253313938
v -0.855898333 -0.234980790 0.264211591
v -0.838413004 -0.254613989 0.274640513
v -0.818386051 -0.272673709 0.281908486
v -0.793413831 -0.284985863 0.277540546
v -0.769316659 -0.298957942 0.276233249
v -0.748994623 -0.316766365 0.284557896
v -0.727929330 -0.333878020 0.292520030
v -0.708297742 -0.350695273 0.303266974
v -0.695063949 -0.366782812 0.322369168
v -0.676780118 -0.381822529 0.337003628
v -0.652452868 -0.395072184 0.342714094
v -0.627532488 -0.407438035 0.347816750
v -0.601855121 -0.417088834 0.344947452
v -0.577133212 -0.423705590 0.333027772
v -0.550975934 -0.433639654 0.333768851
v -0.524566214 -0.443272251 0.336883537
v -0.499220537 -0.452059830 0.344091260
v -0.478161640 -0.459284377 0.361472788
v -0.451265026 -0.465315369 0.365716180
v -0.423416955 -0.470252615 0.365976489
v -0.396586589 -0.474193782 0.360103579
v -0.372997196 -0.477575439 0.344966711
v -0.345213478 -0.480359024 0.341852946
v -0.317022485 -0.481993794 0.340256080
v -0.291034073 -0.480769088 0.349597874
v -0.264369079 -0.478248813 0.355274617
v -0.236454824 -0.476091626 0.351261631
v -0.210791834 -0.474771019 0.341078886
v -0.187906092 -0.475046936 0.325045048
v -0.160494325 -0.470473383 0.319838127
v -0.133882835 -0.463103173 0.318842581
v -0.109319288 -0.451690648 0.324313234
v -0.083294097 -0.443475127 0.316886695
v -0.060561932 -0.439569963 0.302224147
v -0.037456476 -0.434263968 0.288659391
v -0.012648135 -0.423271471 0.280754537
v 0.008423137 -0.404857933 0.283407754
v 0.031353919 -0.391128496 0.274599436
v 0.052802023 -0.383131859 0.259676671
v 0.074058604 -0.374091537 0.245185290
v 0.094458040 -0.357072719 0.236575311
v 0.110294653 -0.334662578 0.233326301
v 0.129352360 -0.317811632 0.221017306
v 0.149328243 -0.310878359 0.203160830
v 0.166649030 -0.291965210 0.191295258
v 0.175870367 -0.266420188 0.186164488
v 0.191144706 -0.247101674 0.172402898
v 0.209761222 -0.235689464 0.155458365
v 0.221581930 -0.213541031 0.142986205
v 0.225658434 -0.188088585 0.134014785
v 0.239021051 -0.169417168 0.118612416
v 0.252444810 -0.151117218 0.103361683
v 0.252667381 -0.126278940 0.092521339
v 0.257112949 -0.102599558 0.078330839
v 0.271195685 -0.084692783 0.062988093
v 0.272872243 -0.060608218 0.048996340
v 0.267561989 -0.037057076 0.035931623
v 0.276071898 -0.015648009 0.021337683
v 0.278235004 0.007929316 0.006749817
v 0.266836400 0.029059205 -0.007007202
v 0.266078679 0.052626943 -0.022009279
v 0.269547687 0.076081985 -0.035082336
v 0.256677824 0.094925147 -0.049659093
v 0.248047111 0.116758834 -0.064932484
v 0.249286201 0.141976224 -0.076344267
v 0.238283591 0.163208150 -0.090910689
v 0.221573554 0.178007917 -0.106616391
v 0.214954894 0.201875027 -0.118088768
v 0.204753755 0.224486069 -0.129952374
v 0.186060838 0.236249715 -0.146159052
v 0.169841954 0.253957092 -0.160702907
v 0.160142697 0.278837937 -0.167501605
v 0.142394524 0.296911268 -0.180019268
v 0.121713059 0.303183013 -0.197596897
v 0.102216680 0.319016644 -0.210570757
v 0.086757240 0.341691469 -0.214065323
v 0.065306635 0.356422837 -0.225019769
v 0.044423761 0.360037257 -0.242374990
v 0.021851644 0.371014132 -0.254845000
v -0.000025551 0.386895985 -0.259662193
v -0.023073496 0.401270952 -0.263770537
v -0.047888996 0.409827611 -0.273872603
v -0.068620935 0.409026377 -0.292622654
v -0.094287303 0.416643792 -0.301714311
v -0.119783842 0.426842228 -0.302890303
v -0.145840649 0.435703275 -0.302525610
v -0.173024433 0.439770790 -0.309192481
v -0.195122143 0.437912474 -0.325520630
v -0.220372526 0.438202492 -0.336532999
v -0.248025935 0.439658263 -0.342288192
v -0.274265538 0.443544985 -0.333979727
v -0.301829503 0.443701909 -0.332513409
v -0.329817021 0.441344210 -0.335844042
v -0.354321607 0.436883474 -0.347918952
v -0.378320288 0.431916892 -0.361003804
v -0.406118531 0.427191576 -0.363215194
v -0.433613765 0.421561811 -0.362973529
v -0.456918729 0.416194023 -0.348072990
v -0.482951224 0.408113821 -0.342986169
v -0.509592062 0.398647063 -0.342206790
v -0.535433102 0.388825948 -0.345617783
v -0.558903461 0.380520632 -0.358990219
v -0.584412073 0.369693886 -0.361482195
v -0.609703440 0.357329717 -0.358754467
v -0.633843071 0.343956894 -0.353607631
v -0.650230797 0.330080053 -0.335415795
v -0.668995504 0.314533905 -0.322300058
v -0.691417870 0.298144842 -0.316952841
v -0.713078967 0.280952258 -0.311022248
v -0.736482617 0.266499508 -0.314867389
v -0.760268011 0.253701581 -0.322854357
v -0.781162935 0.235768329 -0.317720620
v -0.800397309 0.216606308 -0.309794306
v -0.818419751 0.196759307 -0.300890876
v -0.827617559 0.176775539 -0.283662998
v -0.832217534 0.156905462 -0.264096533
v -0.844249276 0.135009810 -0.251424950
v -0.858192454 0.112634174 -0.241183682
v -0.871040028 0.089818330 -0.230490671
v -0.888584351 0.068814422 -0.225753217
v -0.910338306 0.050798261 -0.226840303
v -0.926194187 0.029117462 -0.220187629
v -0.935652179 0.005575511 -0.207686263
v -0.943975005 -0.018195471 -0.194816031
v -0.949603449 -0.041947988 -0.180824086
v -0.943542688 -0.062695488 -0.162831559
v -0.934186202 -0.082427667 -0.144886339
v -0.933131962 -0.105958064 -0.129750270
v -0.935317753 -0.130581479 -0.116007036
v -0.936293188 -0.155163114 -0.102051979
v -0.939687310 -0.179799464 -0.089203072
v -0.953552122 -0.202954464 -0.080942708
v -0.965443003 -0.226511121 -0.071223380
v -0.963933885 -0.250426894 -0.056442614
v -0.959682989 -0.273849141 -0.041168029
v -0.954256691 -0.296978960 -0.025820276
v -0.942994906 -0.317480666 -0.010719325
v -0.921443997 -0.330687755 0.001875921
v -0.901325433 -0.345618030 0.014545345
v -0.890588286 -0.367279137 0.029148919
v -0.879662168 -0.388875716 0.043782997
v -0.867632003 -0.409933050 0.058336948
v -0.862140353 -0.432708769 0.073630263
v -0.863618610 -0.456097057 0.089454369
v -0.859643500 -0.478462252 0.105830556
v -0.844412776 -0.497016632 0.120692321
v -0.827525534 -0.514517383 0.135131775
v -0.809709911 -0.531277908 0.149331768
v -0.786244318 -0.542372407 0.158990655
v -0.758493907 -0.546518715 0.162405235
v -0.733093912 -0.555365776 0.169689530
v -0.712294873 -0.569781221 0.182320930
v -0.690717722 -0.583312368 0.194621064
v -0.669912088 -0.596934383 0.207748415
v -0.659131883 -0.614558683 0.226924261
v -0.646734889 -0.630868020 0.246162957
v -0.623162544 -0.640703409 0.258117215
v -0.598313725 -0.648955358 0.268813114
v -0.572884763 -0.656109837 0.278877080
v -0.545041176 -0.657208541 0.280143965
v -0.517164659 -0.654933939 0.276028492
v -0.489663782 -0.657405808 0.280072670
v -0.462944711 -0.661659889 0.288316615
v -0.435918107 -0.664827900 0.296029354
v -0.413608070 -0.670749743 0.311463710
v -0.394381865 -0.677127763 0.331041076
v -0.367763138 -0.677428667 0.339574101
v -0.340066204 -0.675644830 0.345020269
v -0.312307240 -0.672449576 0.348519770
v -0.286579239 -0.665799536 0.339271133
v -0.260358797 -0.659351353 0.332057528
v -0.232710080 -0.654390676 0.335284073
v -0.205215294 -0.648388553 0.338107493
v -0.181027871 -0.643336710 0.350566587
v -0.158036308 -0.637097599 0.364975157
v -0.131510601 -0.627407203 0.365918150
v -0.105334236 -0.616705027 0.365833478
v -0.082781772 -0.607131340 0.352700791
v -0.059452535 -0.596739853 0.342470153
v -0.034218020 -0.584026734 0.341221877
v -0.010024225 -0.570125094 0.342718982
v 0.010402279 -0.554770130 0.354749645
v 0.033212096 -0.538525494 0.353494783
v 0.055606788 -0.521823877 0.349119158
v 0.074978487 -0.510965176 0.332302211
v 0.095763045 -0.495565110 0.322703710
v 0.116424084 -0.476983907 0.317447106
v 0.131925330 -0.454910912 0.324517471
v 0.149404498 -0.433667181 0.321077230
v 0.167079306 -0.413511549 0.312432210
v 0.184579597 -0.401506939 0.293897894
v 0.200939006 -0.380413241 0.284945104
v 0.213584131 -0.356298192 0.281451981
v 0.222950728 -0.330722120 0.280167524
v 0.235577170 -0.307670660 0.269763145
v 0.251376423 -0.293670290 0.251214600
v 0.262430248 -0.270071801 0.240414138
v 0.265790018 -0.243231187 0.237141475
v 0.271531801 -0.217699332 0.227977724
v 0.282838484 -0.198634479 0.212079376
v 0.291601194 -0.176866924 0.197832381
v 0.291083943 -0.150672620 0.189849419
v 0.289939772 -0.124930599 0.180068029
v 0.297690116 -0.104165956 0.164162725
v 0.301858800 -0.081215805 0.149570826
v 0.293543512 -0.056725394 0.140648366
v 0.289445679 -0.032398491 0.127443713
v 0.296433477 -0.011338601 0.111129428
v 0.291502195 0.012716173 0.097255415
v 0.276758748 0.033235015 0.086626083
v 0.274409790 0.056093613 0.071271252
v 0.271721204 0.078892676 0.056368648
v 0.254436860 0.095988426 0.044206316
v 0.243067476 0.116835503 0.029049593
v 0.240697442 0.140292074 0.014743728
v 0.224651657 0.157512849 0.000539026
v 0.206413799 0.171889657 -0.013905656
v 0.199562134 0.194976996 -0.027015191
v 0.183008644 0.212523485 -0.041649317
v 0.161065073 0.220128308 -0.056663633
v 0.145928290 0.238655068 -0.070309455
v 0.130408892 0.257238665 -0.082741375
v 0.108422953 0.262039588 -0.098260563
v 0.087269281 0.272710986 -0.113322201
v 0.070498451 0.292522458 -0.122518063
v 0.047872636 0.301668777 -0.136493869
v 0.026016681 0.300740207 -0.153001796
v 0.003255354 0.311325083 -0.165026924
v -0.019210000 0.324612239 -0.173169429
v -0.042714940 0.326458635 -0.187447470
v -0.064563238 0.323790841 -0.203536542
v -0.089745960 0.329883602 -0.213474346
v -0.115319271 0.338065933 -0.218933524
v -0.140574073 0.337347535 -0.231094035
v -0.160013654 0.329054967 -0.248772145
v -0.186036626 0.327585975 -0.259725271
v -0.213460702 0.332862323 -0.258815127
v -0.239896464 0.328784969 -0.267906628
v -0.261171242 0.319862043 -0.282765815
v -0.282991676 0.310813190 -0.296905935
v -0.309008834 0.303668176 -0.305301352
v -0.336425657 0.301388907 -0.299851982
v -0.362272682 0.291914612 -0.305552174
v -0.385784727 0.280188931 -0.314882905
v -0.402807160 0.266665976 -0.332741030
v -0.427218904 0.254007636 -0.339249937
v -0.451841739 0.241191401 -0.341650254
v -0.475768223 0.230744805 -0.331112069
v -0.498898914 0.214815825 -0.334116136
v -0.520878826 0.197857188 -0.338624395
v -0.536549302 0.182258903 -0.356127511
v -0.557110506 0.164448313 -0.362057536
v -0.578110631 0.145600369 -0.363985760
v -0.597553452 0.127393370 -0.356653410
v -0.614728746 0.109301602 -0.343718034
v -0.633005747 0.087769325 -0.342707770
v -0.650444583 0.065527464 -0.341634894
v -0.666596403 0.045379311 -0.351705744
v -0.682474113 0.025305166 -0.362584569
v -0.698181903 0.001905062 -0.360365807
v -0.712958072 -0.022023335 -0.357356100
v -0.723754410 -0.044764701 -0.345764112
v -0.730064933 -0.065683014 -0.327839103
v -0.740079014 -0.090659552 -0.319906529
v -0.750227545 -0.116454739 -0.314286849
v -0.759912009 -0.142473828 -0.309505732
v -0.773553495 -0.165847960 -0.317330637
v -0.785951707 -0.190378059 -0.321543737
v -0.793086984 -0.216694429 -0.314098255
v -0.799058417 -0.243101130 -0.305913592
v -0.801913896 -0.268413096 -0.294531066
v -0.795801643 -0.287158830 -0.274388433
v -0.790908796 -0.308463416 -0.257062588
v -0.791753798 -0.334873951 -0.246991511
v -0.791538247 -0.361159863 -0.236552885
v -0.791829614 -0.387748194 -0.227393150
v -0.799297411 -0.414924604 -0.226459183
v -0.806342694 -0.442142975 -0.224860021
v -0.804681355 -0.468098755 -0.214392161
v -0.800021435 -0.492949565 -0.201715994
v -0.794275169 -0.517383936 -0.188680877
v -0.783492461 -0.537604209 -0.173007684
v -0.765031779 -0.548413695 -0.154550284
v -0.748206935 -0.562854165 -0.137536894
v -0.737586717 -0.585141643 -0.123774095
v -0.726216213 -0.607031518 -0.109935382
v -0.714271919 -0.628567637 -0.096074312
v -0.711130479 -0.654638560 -0.086447518
v -0.711522291 -0.681681704 -0.078262005
v -0.702121448 -0.704254228 -0.065132842
v -0.686819239 -0.722533727 -0.049912378
v -0.670648965 -0.739972719 -0.034603343
v -0.653075688 -0.755822349 -0.019212891
v -0.629478901 -0.761178810 -0.005049743
v -0.604157254 -0.761887958 0.007516576
v -0.580903780 -0.769236478 0.021231891
v -0.560719867 -0.782558121 0.035898088
v -0.539851475 -0.794858114 0.050498396
v -0.518949290 -0.806933942 0.065162035
v -0.506712128 -0.826891688 0.080662282
v -0.496305573 -0.847665490 0.096687078
v -0.476485481 -0.859383709 0.112344139
v -0.453215784 -0.866192650 0.126908812
v -0.429512411 -0.871892630 0.141248349
v -0.404789838 -0.874644280 0.154289736
v -0.378427954 -0.867066200 0.160558859
v -0.352181894 -0.857574731 0.165013600
v -0.326227356 -0.856259811 0.175536492
v -0.300865162 -0.857232813 0.188017199
v -0.275319898 -0.857046086 0.200156706
v -0.252112869 -0.860316056 0.215160639
v -0.234720706 -0.870348048 0.235068445
v -0.213170856 -0.873888976 0.252228094
v -0.187626122 -0.868617341 0.263166164
v -0.162140844 -0.862239109 0.273643888
v -0.136802554 -0.853398084 0.281756758
v -0.114142937 -0.837140696 0.277939463
v -0.090955544 -0.821692945 0.275672840
v -0.065769143 -0.811751589 0.283756401
v -0.040853866 -0.801030730 0.291772424
v -0.016660923 -0.790875855 0.301762940
v 0.003887256 -0.786470447 0.320630356
v 0.025389502 -0.777914435 0.336179402
v 0.048384189 -0.762612284 0.342179056
v 0.070880422 -0.746265245 0.347341594
v 0.091649812 -0.728108639 0.345851031
v 0.108801369 -0.709224297 0.333677660
v 0.129486225 -0.690516191 0.333434685
v 0.150250189 -0.671574955 0.336604257
v 0.170018621 -0.652759030 0.342604307
v 0.186190878 -0.637556529 0.360094145
v 0.203812752 -0.616907231 0.365657460
v 0.221089950 -0.594516131 0.365981210
v 0.237144473 -0.572281510 0.361309788
v 0.250985935 -0.552967779 0.346017425
v 0.266224945 -0.529847330 0.341975892
v 0.280742589 -0.505622470 0.340441405
v 0.292110619 -0.481836974 0.348329040
v 0.301881532 -0.457256017 0.355634225
v 0.312905255 -0.431511117 0.351679764
v 0.323497086 -0.407444822 0.342773761
v 0.334391157 -0.387878160 0.325788366
v 0.343106213 -0.361548695 0.320356528
v 0.349426041 -0.334554916 0.318087126
v 0.350281846 -0.307524808 0.324896268
v 0.355025062 -0.280613253 0.317636494
v 0.361502968 -0.257681594 0.304172517
v 0.368100885 -0.235690624 0.289436280
v 0.370024820 -0.208667428 0.281328531
v 0.363941838 -0.181461410 0.283448986
v 0.361840329 -0.154683645 0.275593897
v 0.363654460 -0.131107142 0.261640927
v 0.366546004 -0.108909277 0.246191104
v 0.361716646 -0.082865755 0.236754034
v 0.348458301 -0.058483774 0.234485750
v 0.342067115 -0.033706884 0.222438083
v 0.345429609 -0.012821331 0.204369870
v 0.337041022 0.011339046 0.192310833
v 0.318464294 0.031351649 0.187461535
v 0.307896369 0.053842283 0.173971364
v 0.306979492 0.075676076 0.156741874
v 0.293651206 0.096899520 0.143773851
v 0.272222189 0.111895407 0.135417343
v 0.260457291 0.132092248 0.120278085
v 0.251923830 0.152828819 0.104735432
v 0.230924780 0.165678371 0.093348633
v 0.211143961 0.179534296 0.079803885
v 0.201828151 0.200343580 0.064404800
v 0.181845578 0.214064330 0.050121262
v 0.157975862 0.219290045 0.037432800
v 0.141839924 0.235689533 0.022642178
v 0.123106324 0.249679734 0.008191293
v 0.099172744 0.249592638 -0.005502288
v 0.077287702 0.258606095 -0.020761888
v 0.058743184 0.273701984 -0.033647789
v 0.035917516 0.272584348 -0.048215875
v 0.012757612 0.273591286 -0.063447145
v -0.008998193 0.286280444 -0.074973812
v -0.033215740 0.287595515 -0.089348303
v -0.053750412 0.278647847 -0.105172331
v -0.078130127 0.281797022 -0.117886876
v -0.102961213 0.285344913 -0.128756909
v -0.122925405 0.275714515 -0.144337413
v -0.144981816 0.268172236 -0.159339906
v -0.171253168 0.270475729 -0.166723414
v -0.195755932 0.263845422 -0.178785008
v -0.211471916 0.248946530 -0.195931007
v -0.233953867 0.238544326 -0.209329401
v -0.260782587 0.234768630 -0.213648649
v -0.284209653 0.223253409 -0.223925062
v -0.299315328 0.207010535 -0.240004644
v -0.317501076 0.191384690 -0.253878665
v -0.340666473 0.178198717 -0.260868642
v -0.364883446 0.165853684 -0.262830231
v -0.384530898 0.147936521 -0.272379628
v -0.393086634 0.129171879 -0.291398540
v -0.411485104 0.109925293 -0.300842534
v -0.431881398 0.091603194 -0.303488326
v -0.452300434 0.073134240 -0.301832129
v -0.468504042 0.050948535 -0.308554509
v -0.478013428 0.030125362 -0.323579103
v -0.489014220 0.008273674 -0.335925991
v -0.503116184 -0.015543396 -0.341743055
v -0.518417988 -0.037969098 -0.336489496
v -0.531871574 -0.061713510 -0.332207722
v -0.542739961 -0.087605467 -0.335590494
v -0.550448856 -0.111782223 -0.346542087
v -0.556804144 -0.134978702 -0.360665298
v -0.565462368 -0.161789262 -0.363057714
v -0.573184363 -0.188907194 -0.363707511
v -0.579320651 -0.212216548 -0.349185736
v -0.584179645 -0.238715437 -0.343024384
v -0.588115909 -0.266714251 -0.342294329
v -0.591290160 -0.294358518 -0.344775905
v -0.594732369 -0.319005074 -0.358171752
v -0.597008529 -0.346453401 -0.361680000
v -0.597754554 -0.374600419 -0.359005872
v -0.597246134 -0.402469424 -0.354683084
v -0.592669980 -0.423763977 -0.336900399
v -0.587356096 -0.446987823 -0.322718784
v -0.583206866 -0.474458766 -0.317419268
v -0.577994426 -0.501628108 -0.311536290
v -0.575491895 -0.529091213 -0.314232317
v -0.575292252 -0.555990414 -0.322698251
v -0.569366342 -0.582931862 -0.318361994
v -0.561270510 -0.608859123 -0.310474927
v -0.552112111 -0.634154203 -0.301812123
v -0.538903179 -0.652235586 -0.285190815
v -0.523449203 -0.665405312 -0.265524990
v -0.509364236 -0.685570864 -0.252257318
v -0.495976050 -0.708297501 -0.242048585
v -0.481708972 -0.730272981 -0.231395781
v -0.470580642 -0.755101176 -0.225877887
v -0.464626877 -0.782712931 -0.227027395
v -0.453313086 -0.807311479 -0.221215743
v -0.436819990 -0.826608998 -0.208744217
v -0.419602993 -0.845011978 -0.195904200
v -0.401334652 -0.861597288 -0.182205191
v -0.380181653 -0.866322302 -0.164296289
v -0.358407215 -0.867007842 -0.146282084
v -0.336921988 -0.876103633 -0.130877030
v -0.316118588 -0.889479820 -0.117156184
v -0.294780630 -0.901741374 -0.103216658
v -0.274168174 -0.915524284 -0.090109055
v -0.259730707 -0.938243710 -0.081700134
v -0.244600745 -0.959992182 -0.072243467
v -0.223007832 -0.970427619 -0.057714919
v -0.200281417 -0.977525970 -0.042447837
v -0.177270765 -0.983449057 -0.027105428
v -0.153896587 -0.983758250 -0.011943245
v -0.132116410 -0.971221691 0.000841816
v -0.109807689 -0.959402220 0.013349727
v -0.085629732 -0.959643314 0.027933836
v -0.061431899 -0.959974986 0.042573165
v -0.037201422 -0.959078117 0.057134359
v -0.014244243 -0.963873483 0.072350956
v 0.005906797 -0.975892881 0.088125517
v 0.027361307 -0.983602549 0.104538641
v 0.050852065 -0.978936080 0.119476192
v 0.074177042 -0.972089264 0.133934200
v 0.097275239 -0.964076080 0.148154667
v 0.118306116 -0.949264574 0.158462806
v 0.134823958 -0.926605421 0.161989457
v 0.153979981 -0.907434670 0.168686173
v 0.176359268 -0.895599205 0.181286057
v 0.198334127 -0.882748943 0.193612097
v 0.220015450 -0.869968910 0.206367103
v 0.240752083 -0.868176152 0.225356359
v 0.260889211 -0.865236023 0.244767965
v 0.280582431 -0.849552199 0.257204540
v 0.299389083 -0.831355555 0.267935597
v 0.317555183 -0.812260279 0.278198650
v 0.331782091 -0.788377615 0.280307287
v 0.342525226 -0.762564049 0.276091820
v 0.357049224 -0.738986267 0.279362270
v 0.373184358 -0.717284950 0.287648776
v 0.388503211 -0.694810940 0.295407804
v 0.404030171 -0.676983680 0.309902652
v 0.418614742 -0.663317462 0.329818839
v 0.431315002 -0.640295814 0.339094973
v 0.442548313 -0.614926740 0.344590435
v 0.452696837 -0.588899969 0.348722558
v 0.458846013 -0.562876730 0.340091029
v 0.464949540 -0.536762523 0.331979576
v 0.473302189 -0.509929951 0.335019056
v 0.480713265 -0.482786764 0.337896679
v 0.487433106 -0.458506733 0.349197908
v 0.492603745 -0.435726793 0.364586424
v 0.496305808 -0.407765442 0.365894306
v 0.498926404 -0.379603437 0.365904750
v 0.500831561 -0.354728860 0.354010026
v 0.502403307 -0.329685838 0.342543495
v 0.502820147 -0.301430660 0.341349302
v 0.501837393 -0.273381298 0.341923553
v 0.497748714 -0.248185802 0.354021653
v 0.493765141 -0.220586127 0.353828833
v 0.489298596 -0.192983235 0.349575062
v 0.488194984 -0.170282210 0.333807392
v 0.484594093 -0.145232769 0.323119057
v 0.477708931 -0.118307593 0.317867360
v 0.466071679 -0.093557568 0.322563395
v 0.454448925 -0.068580775 0.321574818
v 0.444130166 -0.043400147 0.313882979
v 0.441657385 -0.022602800 0.295417160
v 0.431220108 0.001430632 0.285613899
v 0.416267621 0.024201659 0.281050600
v 0.397390288 0.043984133 0.280974925
v 0.382630520 0.065850775 0.270791461
v 0.377172178 0.086343361 0.252504709
v 0.361901876 0.107108535 0.241270995
v 0.340309813 0.123120029 0.237091662
v 0.319713977 0.139477040 0.228961573
v 0.305966818 0.158085053 0.213973417
v 0.292573017 0.176404375 0.198669976
v 0.269603013 0.188758990 0.190038702
v 0.245769789 0.199009945 0.181002504
v 0.229952229 0.215003025 0.165432111
v 0.212528876 0.229840134 0.150494136
v 0.187307164 0.234588074 0.141136054
v 0.163511380 0.241477847 0.128450401
v 0.147930344 0.257218634 0.112180531
v 0.124589848 0.264583865 0.098101554
v 0.099253740 0.260717781 0.087541282
v 0.077433834 0.268424534 0.072216734
v 0.056440675 0.277409409 0.057257158
v 0.033243517 0.270671991 0.044978064
v 0.009527368 0.269411311 0.029997291
v -0.012351823 0.278364848 0.015643775
v -0.035433805 0.273039241 0.001287945
v -0.056229864 0.262624586 -0.012963911
v -0.079800497 0.266679605 -0.026215395
v -0.103184022 0.260910886 -0.040736952
v -0.119983722 0.244791806 -0.055732454
v -0.143176658 0.239036394 -0.069762036
v -0.167073735 0.234818827 -0.081866850
v -0.182100170 0.218036382 -0.097253835
v -0.200751494 0.203762798 -0.112425839
v -0.226048006 0.198045428 -0.121695724
v -0.245208831 0.182538083 -0.135476234
v -0.253944838 0.162473113 -0.152145910
v -0.273364504 0.146731422 -0.164671389
v -0.296037692 0.133448492 -0.172391321
v -0.309403978 0.113546641 -0.186322720
v -0.316286088 0.092885815 -0.202753557
v -0.332795027 0.073063591 -0.213337920
v -0.352430130 0.054516344 -0.218240413
v -0.363983359 0.031741618 -0.230057521
v -0.365101025 0.010743040 -0.248080827
v -0.375718392 -0.013001672 -0.259189769
v -0.392929135 -0.034907124 -0.258594156
v -0.401818266 -0.060174623 -0.267343476
v -0.404323484 -0.083508055 -0.281597380
v -0.405795141 -0.106674929 -0.296355259
v -0.411371532 -0.133014325 -0.304979936
v -0.421899522 -0.158407224 -0.299960641
v -0.425715511 -0.185686211 -0.305142588
v -0.426460887 -0.212249710 -0.313895845
v -0.422184987 -0.233418195 -0.332008657
v -0.422101954 -0.260772370 -0.338897176
v -0.421919221 -0.288568867 -0.342035302
v -0.423817047 -0.314586416 -0.331369690
v -0.420510945 -0.342443939 -0.333909701
v -0.415694290 -0.369959248 -0.337890951
v -0.409072990 -0.391189709 -0.355193155
v -0.402712058 -0.417320220 -0.361917014
v -0.395706316 -0.444651585 -0.363886846
v -0.388456619 -0.470498848 -0.357402728
v -0.380468522 -0.493953320 -0.344011968
v -0.369829931 -0.520077184 -0.342750378
v -0.358166516 -0.545823093 -0.341716866
v -0.347558935 -0.569622669 -0.350927086
v -0.337225385 -0.592782418 -0.362494300
v -0.323756442 -0.617541783 -0.360531240
v -0.309359138 -0.641704762 -0.357558506
v -0.294152239 -0.662174002 -0.346718627
v -0.278563978 -0.677399735 -0.328717776
v -0.261068867 -0.697522453 -0.320227530
v -0.242883440 -0.718453337 -0.314645724
v -0.224147606 -0.738927832 -0.309427035
v -0.209522739 -0.761776629 -0.316933555
v -0.193725587 -0.784187245 -0.321803615
v -0.173715319 -0.802771564 -0.314579831
v -0.153052991 -0.820282416 -0.306430652
v -0.131888672 -0.834892627 -0.295479475
v -0.112355490 -0.838447357 -0.275508585
v -0.091368913 -0.843464822 -0.257795678
v -0.068332970 -0.856298032 -0.247608327
v -0.044915785 -0.868263290 -0.237195355
v -0.021392572 -0.880518921 -0.227747572
v -0.000577776 -0.899487547 -0.226579914
v 0.020195169 -0.918491951 -0.225296938
v 0.043941937 -0.929338218 -0.215152511
v 0.068141530 -0.936699692 -0.202497684
v 0.092473031 -0.942913819 -0.189485019
v 0.115640413 -0.943383898 -0.174064818
v 0.133804083 -0.932112551 -0.155591566
v 0.154074458 -0.923336392 -0.138421304
v 0.178710752 -0.924051535 -0.124599401
v 0.203386136 -0.924112558 -0.110775989
v 0.227979952 -0.923301052 -0.096864785
v 0.252641470 -0.931979639 -0.086997616
v 0.276441356 -0.944889052 -0.078902977
v 0.300845694 -0.947680834 -0.066056961
v 0.324135269 -0.942574315 -0.050842795
v 0.347080550 -0.936309839 -0.035538441
v 0.369326811 -0.928208804 -0.020153975
v 0.385337605 -0.910235506 -0.005870914
v 0.397566866 -0.888057868 0.006713631
v 0.414453970 -0.870355295 0.020347699
v 0.435601001 -0.858625830 0.035016970
v 0.456157994 -0.845817228 0.049621819
v 0.476449075 -0.832701089 0.064261658
v 0.499705530 -0.830448817 0.079734495
v 0.523003098 -0.831113421 0.095704698
v 0.542775414 -0.819477378 0.111449985
v 0.559576538 -0.802008229 0.126028474
v 0.575590260 -0.783636876 0.140382240
v 0.589729413 -0.763257737 0.153658922
v 0.595427589 -0.736496672 0.160193659
v 0.598986835 -0.708803320 0.164585712
v 0.609393505 -0.684898969 0.174774916
v 0.621977812 -0.662867887 0.187274068
v 0.633617505 -0.640138309 0.199433030
v 0.646937760 -0.620518280 0.214093314
v 0.663874475 -0.609652586 0.233955256
v 0.677328727 -0.592781211 0.251487631
v 0.684511724 -0.567755171 0.262513318
v 0.690630159 -0.542217079 0.273017201
v 0.694794624 -0.515777952 0.281617277
v 0.690977730 -0.488123455 0.278117601
v 0.687609751 -0.460455597 0.275308221
v 0.690336306 -0.433484010 0.283256970
v 0.692340029 -0.406442646 0.291301787
v 0.694329924 -0.380124389 0.300951902
v 0.699860614 -0.359681697 0.319599985
v 0.702471759 -0.336986458 0.335658006
v 0.699591203 -0.309568205 0.341844622
v 0.695491528 -0.282070725 0.347044508
v 0.689136677 -0.255130998 0.346353300
v 0.680268612 -0.231201899 0.334200125
v 0.673079033 -0.204367580 0.333223394
v 0.665878116 -0.177204605 0.336429659
v 0.658209127 -0.150852396 0.341917145
v 0.652208827 -0.129379003 0.359242947
v 0.642208046 -0.104431180 0.365618058
v 0.630329984 -0.078765102 0.365978272
v 0.617924762 -0.054104928 0.362018125
v 0.607153301 -0.032918437 0.346735928
v 0.593794985 -0.008870117 0.342047789
v 0.579022014 0.015202215 0.340551825
v 0.563181412 0.036536753 0.347578466
v 0.545933586 0.056323621 0.355853795
v 0.528197701 0.078004994 0.351940100
v 0.511414185 0.098603522 0.343697022
v 0.499255209 0.117226299 0.326406161
v 0.480077634 0.137119718 0.320677576
v 0.459205231 0.155476551 0.317653271
v 0.435585535 0.168528436 0.325120297
v 0.413826585 0.185138310 0.318104009
v 0.395799607 0.201432292 0.305359017
v 0.380007928 0.217495372 0.289916958
v 0.356963875 0.231732065 0.281778411
v 0.330214554 0.239249706 0.283403677
v 0.305277847 0.249437178 0.276211665
v 0.284460924 0.261630853 0.262846272
v 0.266844000 0.274783124 0.246816707
v 0.241678018 0.282858848 0.237028700
v 0.213778263 0.282121751 0.235179719
v 0.188819005 0.287884227 0.223193902
v 0.171744177 0.300378372 0.205225495
v 0.146543463 0.304287723 0.193055451
v 0.120259670 0.297266188 0.188147273
v 0.095304464 0.297980976 0.174883188
v 0.075550357 0.307359830 0.157577856
v 0.050591325 0.305732916 0.144435344
v 0.027365067 0.293397897 0.136292011
v 0.003807420 0.291515054 0.121315452
v -0.018335500 0.294360441 0.105592615
v -0.039846256 0.282546481 0.093820901
v -0.060898027 0.270592345 0.080723163
v -0.083617286 0.271765653 0.065322434
v -0.105344752 0.261063019 0.050894582
v -0.120772873 0.241889561 0.038370017
v -0.142511291 0.234208805 0.023449589
v -0.163870224 0.225064554 0.009091921
v -0.175116267 0.204045770 -0.004580226
v -0.192643457 0.188110382 -0.019925302
v -0.214980600 0.179161482 -0.032751172
v -0.225521872 0.158764849 -0.047340391
v -0.236179500 0.138369261 -0.062519001
v -0.257312413 0.124851438 -0.074154676
v -0.270231694 0.104201363 -0.088409705
v -0.271463088 0.081784077 -0.104269570
v -0.284831325 0.061265344 -0.117423183
v -0.300192041 0.041279651 -0.127921899
v -0.301861343 0.018926374 -0.143259966
v -0.304421346 -0.003894635 -0.158491629
v -0.318067476 -0.026194270 -0.166325816
v -0.324094909 -0.050890187 -0.178015907
v -0.318709626 -0.071952695 -0.194856519
v -0.319341818 -0.096435493 -0.208556363
v -0.327865195 -0.121931599 -0.213474675
v -0.329052751 -0.148047498 -0.223242473
v -0.322179344 -0.169463871 -0.238844818
v -0.316199592 -0.192279073 -0.253200690
v -0.314683557 -0.218812808 -0.260979070
v -0.315497030 -0.246085375 -0.262251244
v -0.308803298 -0.271890550 -0.271652818
v -0.296208060 -0.288334128 -0.290453061
v -0.287458984 -0.313231878 -0.300306385
v -0.280280157 -0.339660204 -0.303774266
v -0.273732020 -0.366430741 -0.301403262
v -0.261557019 -0.391049081 -0.308160209
v -0.247537172 -0.409684566 -0.322425939
v -0.233188409 -0.428935712 -0.335553306
v -0.218590313 -0.452443118 -0.341406590
v -0.205532306 -0.476352575 -0.337060617
v -0.190968619 -0.499299522 -0.331982834
v -0.173031779 -0.520899173 -0.335400635
v -0.154839485 -0.539853160 -0.343820827
v -0.137841485 -0.554941801 -0.360140117
v -0.118084629 -0.574944537 -0.362899856
v -0.097583753 -0.594336537 -0.363975121
v -0.079569170 -0.610785336 -0.350250169
v -0.058589207 -0.627182214 -0.343052711
v -0.035591066 -0.643631461 -0.342373756
v -0.012360452 -0.659255235 -0.343990098
v 0.007940336 -0.673667022 -0.357366068
v 0.031027063 -0.688357949 -0.361865206
v 0.055641606 -0.702039510 -0.359238036
v 0.080622806 -0.714570239 -0.355265892
v 0.101962462 -0.720810564 -0.338287469
v 0.124601339 -0.726406701 -0.323111813
v 0.150882454 -0.735443121 -0.317857188
v 0.177388610 -0.743399164 -0.312019015
v 0.203128247 -0.753472193 -0.313667598
v 0.226931313 -0.765800771 -0.322557117
v 0.253529105 -0.773292494 -0.318954921
v 0.280271414 -0.778123110 -0.311114501
v 0.307004302 -0.781841331 -0.302676347
v 0.329601430 -0.778991878 -0.286620631
v 0.348327729 -0.771366157 -0.266862298
v 0.372300600 -0.767730501 -0.253036502
v 0.398656056 -0.766382620 -0.242861426
v 0.424756513 -0.763922945 -0.232246432
v 0.451816905 -0.764834869 -0.226002372
v 0.479063894 -0.772284157 -0.227210659
v 0.506284917 -0.774319204 -0.222182514
v 0.531039271 -0.768631916 -0.209739126
v 0.555335831 -0.761890056 -0.196925890
v 0.578644319 -0.753536244 -0.183361921
v 0.593263648 -0.737448690 -0.165672969
v 0.603816680 -0.718448212 -0.147592266
v 0.621169780 -0.703128793 -0.131936389
v 0.642670990 -0.690886609 -0.118233025
v 0.663442056 -0.677668221 -0.104311756
v 0.684825990 -0.665219898 -0.090963360
v 0.711548467 -0.662535178 -0.082412056
v 0.737977317 -0.659521766 -0.073205234
v 0.757670768 -0.645758924 -0.058912067
v 0.774498772 -0.628909541 -0.043652100
v 0.790416505 -0.611264687 -0.028314710
v 0.802165083 -0.591038407 -0.013096480
v 0.801545431 -0.566041722 -0.000134933
v 0.800949000 -0.540756408 0.012295792
v 0.811728607 -0.519167507 0.026790759
v 0.823237547 -0.497882386 0.041435106
v 0.833669388 -0.475998444 0.056003068
v 0.847913674 -0.457304746 0.071149161
v 0.867841038 -0.444867025 0.086877319
v 0.884998186 -0.429787495 0.103280204
v 0.892165409 -0.407085919 0.118329452
v 0.896914226 -0.383256533 0.132806676
v 0.900513625 -0.359085177 0.147046370
v 0.897962648 -0.333674528 0.157957412
v 0.885577744 -0.308540621 0.161624499
v 0.876717025 -0.282783047 0.167823330
v 0.876385370 -0.257427094 0.180311994
v 0.875169406 -0.232011527 0.192662400
v 0.873588789 -0.206772194 0.205238981
v 0.881036125 -0.187135613 0.223896543
v 0.888140235 -0.168178015 0.243444667
v 0.883934373 -0.143701966 0.256340809
v 0.876519019 -0.118621597 0.267108910
v 0.867999730 -0.093694607 0.277405924
v 0.853937197 -0.069852834 0.280449807
v 0.835920605 -0.048482426 0.276142038
v 0.821277993 -0.024880188 0.278690283
v 0.809521564 -0.000541749 0.287019631
v 0.796700413 0.023431078 0.294822178
v 0.787459673 0.045674248 0.308521954
v 0.782350833 0.064861668 0.328625077
v 0.768263440 0.086650483 0.338633255
v 0.750978730 0.108340717 0.344176961
v 0.732664659 0.129393872 0.348574261
v 0.712435972 0.147136601 0.340851669
v 0.692066526 0.164319144 0.331903354
v 0.672096666 0.184108545 0.334766166
v 0.651471464 0.203239232 0.337695012
v 0.632643554 0.220649972 0.347918697
v 0.615263810 0.235617822 0.364194629
v 0.592227356 0.251820160 0.365863163
v 0.568475692 0.267176371 0.365927050
v 0.546907239 0.280530695 0.355232141
v 0.525797108 0.293308950 0.342611718
v 0.500939736 0.306753404 0.341465466
v 0.475599283 0.318960657 0.341447398
v 0.451357236 0.327136946 0.353341958
v 0.425098023 0.336186078 0.354134650
v 0.398555961 0.345007644 0.349932585
v 0.377248411 0.354367570 0.335257336
v 0.354019327 0.362908849 0.323509193
v 0.326956900 0.369271096 0.318302905
v 0.299614535 0.370859102 0.321999023
v 0.272106014 0.371712040 0.322153925
v 0.244975712 0.374194835 0.314555207
v 0.224801597 0.381160645 0.296878781
v 0.199253501 0.383514892 0.286254172
v 0.172101562 0.381399393 0.280753869
v 0.145851710 0.373269285 0.281752534
v 0.119599509 0.370258197 0.271667501
v 0.098578176 0.374345299 0.253872252
v 0.073424477 0.371040177 0.242094366
v 0.048975542 0.360161064 0.236985973
v 0.025167465 0.348667423 0.229907826
v 0.001996759 0.344079887 0.215470129
v -0.020164748 0.341719940 0.199615876
v -0.042483833 0.328745259 0.189557845
v -0.061670390 0.310870038 0.182207313
v -0.083217613 0.302814131 0.167085192
v -0.104441028 0.295724759 0.151685092
v -0.121116206 0.276491390 0.141686954
v -0.137530349 0.257718804 0.129749381
v -0.158372319 0.250371081 0.113649799
v -0.176186843 0.234072455 0.099326752
v -0.184447238 0.209740247 0.088888644
v -0.200144115 0.192077116 0.073697109
v -0.219030559 0.179737870 0.058685101
v -0.225203366 0.156581760 0.046062956
v -0.233778914 0.134496029 0.031508037
v -0.251893019 0.119281553 0.017090970
v -0.259385192 0.096541336 0.002525388
v -0.258375676 0.073132711 -0.011448621
v -0.271133644 0.053154701 -0.025291525
v -0.278886383 0.030541906 -0.039427881
v -0.272286843 0.008184670 -0.054381709
v -0.276693802 -0.015291925 -0.068905358
v -0.285342295 -0.038145528 -0.080598255
v -0.278646235 -0.059801759 -0.095804399
v -0.273491394 -0.082367714 -0.111124965
v -0.279872811 -0.107330930 -0.120609903
v -0.275654533 -0.131759477 -0.134142717
v -0.261585317 -0.148834699 -0.151028872
v -0.255866472 -0.173040717 -0.164150250
v -0.255411926 -0.199577147 -0.171376749
v -0.244575598 -0.221552298 -0.184861147
v -0.228872419 -0.236294231 -0.201730862
v -0.218357433 -0.259686149 -0.213035137
v -0.211652355 -0.286097033 -0.217334300
v -0.197040140 -0.307395181 -0.228782241
v -0.178751220 -0.317580264 -0.247178137
v -0.162638487 -0.337979739 -0.258322164
v -0.150903918 -0.363002328 -0.258484204
v -0.132955817 -0.382965847 -0.266608089
v -0.113386239 -0.396888126 -0.280058138
v -0.093596564 -0.407992063 -0.295634045
v -0.072820638 -0.425036117 -0.304455312
v -0.054974654 -0.445886435 -0.300276824
v -0.032832342 -0.462243880 -0.304604805
v -0.009487833 -0.475652728 -0.312665195
v 0.011201137 -0.481502090 -0.330924155
v 0.035379575 -0.493755437 -0.338431122
v 0.060207560 -0.506258491 -0.342403677
v 0.082378408 -0.520059854 -0.331831455
v 0.108479034 -0.530189184 -0.333639890
v 0.135161441 -0.538734961 -0.337282311
v 0.157337625 -0.542843465 -0.353939066
v 0.183087207 -0.549006813 -0.361732494
v 0.210555131 -0.555440551 -0.363752153
v 0.237105734 -0.560993266 -0.358419465
v 0.261411264 -0.564815355 -0.344653064
v 0.289387600 -0.567469236 -0.342804352
v 0.317609893 -0.569048803 -0.341822910
v 0.343944430 -0.570517015 -0.349861186
v 0.368936987 -0.572109816 -0.362363232
v 0.397121138 -0.571649273 -0.360736271
v 0.425210220 -0.570076819 -0.357820874
v 0.450877676 -0.566274154 -0.348007198
v 0.471512611 -0.559531901 -0.329901313
v 0.497062887 -0.553171957 -0.320641853
v 0.524042065 -0.546735692 -0.315105356
v 0.550804878 -0.539507400 -0.309670831
v 0.577875369 -0.536696380 -0.316357860
v 0.605006907 -0.533391395 -0.322127946
v 0.630838086 -0.524349120 -0.315206687
v 0.655929503 -0.514122409 -0.307094684
v 0.679173335 -0.502331881 -0.296746049
v 0.691797438 -0.486752917 -0.277012426
v 0.705248904 -0.470365546 -0.258763620
v 0.727139144 -0.455799949 -0.248413296
v 0.748591627 -0.440569758 -0.238030883
v 0.770039919 -0.425112408 -0.228184167
v 0.796331306 -0.415100612 -0.226688392
v 0.822941763 -0.405728876 -0.225840283
v 0.843920202 -0.389951603 -0.216142829
v 0.861660351 -0.371901660 -0.203515747
v 0.878445221 -0.353204634 -0.190529412
v 0.890275643 -0.333020274 -0.175412627
v 0.889171752 -0.311705784 -0.156971655
v 0.889916700 -0.289720857 -0.139583205
v 0.901720709 -0.268150734 -0.125677562
v 0.913215648 -0.246305620 -0.111871282
v 0.923645633 -0.224047916 -0.097884446
v 0.940811629 -0.204821236 -0.086917447
v 0.962495406 -0.188849896 -0.078280801
v 0.979082629 -0.169668983 -0.066541636
v 0.985799384 -0.146760681 -0.051443000
v 0.990840154 -0.123513947 -0.036141690
v 0.994011901 -0.100045450 -0.020760671
v 0.985769787 -0.077496984 -0.006410832
v 0.971694979 -0.056449460 0.006189055
v 0.963482452 -0.033364248 0.019783307
v 0.962817835 -0.009192001 0.034452395
v 0.960948462 0.014954944 0.049060148
v 0.958580322 0.039011291 0.063687759
v 0.966993656 0.060791397 0.079143591
v 0.978388991 0.081145233 0.095086286
v 0.977592053 0.104000695 0.110871803
v 0.969859962 0.126965942 0.125459054
v 0.960965608 0.149649518 0.139823095
v 0.949609971 0.171659912 0.153228688
v 0.928605210 0.189136930 0.159900238
v 0.905632214 0.205013253 0.164274659
v 0.888982976 0.225139322 0.174284897
v 0.875254150 0.246468291 0.186797169
v 0.860465541 0.267279443 0.198968787
v 0.848862853 0.288140290 0.213442850
v 0.846997326 0.308202653 0.233277291
v 0.838581009 0.327929774 0.250974170
v 0.819785875 0.345875078 0.262091680
v 0.799957116 0.363082354 0.272612689
v 0.778555429 0.379091177 0.281485201
v 0.752267997 0.388537973 0.278165990
v 0.726084531 0.398115324 0.275058997
v 0.703367205 0.412939554 0.282934348
v 0.680304822 0.427189989 0.290997771
v 0.657743381 0.441052435 0.300460716
v 0.642030889 0.455402461 0.318974976
v 0.623357879 0.468247447 0.335333286
v 0.597743255 0.478362377 0.341628400
v 0.571460280 0.487410914 0.346852368
v 0.544600088 0.494311513 0.346619471
v 0.519268577 0.497456195 0.334480846
v 0.492179239 0.503332158 0.333084087
v 0.464761968 0.509480442 0.336316795
v 0.437561046 0.514775185 0.341041212
v 0.414720045 0.519401889 0.356953358
v 0.388592093 0.522135124 0.365607653
v 0.360339732 0.523412578 0.365977555
v 0.332343571 0.523699344 0.363917556
v 0.309138892 0.523905124 0.347907886
v 0.282066448 0.523193538 0.342089607
v 0.253892617 0.521189630 0.340615258
v 0.227534978 0.517041099 0.347195419
v 0.202142761 0.510826339 0.355982369
v 0.174721071 0.505092385 0.352091858
v 0.148581372 0.499565866 0.344201931
v 0.126505733 0.497394508 0.326812266
v 0.100066020 0.489646446 0.320863866
v 0.074098028 0.479705611 0.317537307
v 0.051660277 0.464731148 0.325262068
v 0.026882873 0.453034681 0.318375945
v 0.003642882 0.443626724 0.306618452
v -0.017784867 0.437747972 0.290082598
v -0.041042846 0.423857135 0.281955006
v -0.060103960 0.403683096 0.283431116
v -0.080584951 0.386151093 0.276424430
v -0.101018819 0.373069105 0.263224847
v -0.120797338 0.363718695 0.247032795
v -0.139622302 0.345187653 0.237146978
v -0.151796179 0.320042612 0.235392698
v -0.168400074 0.300512947 0.223451475
v -0.187333274 0.291067074 0.205513964
v -0.202449776 0.270553037 0.193313028
v -0.208379986 0.244032540 0.188388193
v -0.220472708 0.222164421 0.175174834
v -0.237876523 0.208929509 0.157878919
v -0.248031453 0.186098341 0.144686591
v -0.247744736 0.159766287 0.136594225
v -0.256766817 0.137847371 0.121666833
v -0.269674929 0.119652498 0.105889607
v -0.269391198 0.095127109 0.094003806
v -0.268213797 0.070922855 0.081040970
v -0.279664158 0.051284842 0.065640173
v -0.280412039 0.027077969 0.051167999
v -0.270360291 0.004554512 0.038694193
v -0.273269445 -0.018340879 0.023736215
v -0.275307592 -0.041448104 0.009404140
v -0.261993194 -0.061175853 -0.004267580
v -0.255718770 -0.084001848 -0.019606767
v -0.258149874 -0.107967758 -0.032440238
v -0.245140747 -0.126936869 -0.047035535
v -0.231733379 -0.145587092 -0.062197775
v -0.229351744 -0.170501794 -0.073895269
v -0.217171227 -0.191607914 -0.088092066
v -0.197801069 -0.202986549 -0.103957355
v -0.185563494 -0.224171212 -0.117242829
v -0.175110008 -0.247153950 -0.127632251
v -0.156123710 -0.259223474 -0.142898724
v -0.136979750 -0.271731902 -0.158198061
v -0.123348722 -0.293959184 -0.166203531
v -0.104354303 -0.310856826 -0.177749563
v -0.083190406 -0.315985949 -0.194492831
v -0.061751829 -0.327630692 -0.208288838
v -0.042977490 -0.346787064 -0.213406288
v -0.020435428 -0.360042583 -0.223006285
v 0.001797968 -0.364019104 -0.238472387
v 0.024735892 -0.369018510 -0.252965612
v 0.049018144 -0.379761256 -0.260954246
v 0.072802354 -0.393199811 -0.262050687
v 0.098798111 -0.399192624 -0.271413905
v 0.119240271 -0.395651345 -0.290135795
v 0.145304236 -0.399257787 -0.300120465
v 0.172080144 -0.404965837 -0.303814183
v 0.198838477 -0.411600639 -0.301254961
v 0.226294521 -0.412142266 -0.308024145
v 0.249421840 -0.408367243 -0.322091888
v 0.272984704 -0.404415613 -0.335423720
v 0.300571766 -0.402294010 -0.341290350
v 0.327832001 -0.401665964 -0.337179626
v 0.354886843 -0.399380784 -0.331904189
v 0.382320542 -0.393416366 -0.335335291
v 0.407603105 -0.386011208 -0.343576271
v 0.428751399 -0.377865081 -0.360033026
v 0.455595688 -0.369541912 -0.362857685
v 0.482251964 -0.360278502 -0.363998014
v 0.505215042 -0.351849940 -0.350446582
v 0.529382039 -0.340821818 -0.343060070
v 0.554578576 -0.327990406 -0.342394489
v 0.579164647 -0.314545205 -0.343875877
v 0.601310329 -0.303148253 -0.357230117
v 0.624959280 -0.289458680 -0.361913950
v 0.648443925 -0.273915161 -0.359299643
v 0.671089007 -0.257518107 -0.355383204
v 0.686552615 -0.241439408 -0.338536748
v 0.701868098 -0.223951018 -0.323214520
v 0.721999454 -0.204788277 -0.317971846
v 0.741275998 -0.184928009 -0.312145523
v 0.761838397 -0.166138744 -0.312371227
v 0.783731169 -0.150077285 -0.320246109
v 0.803384036 -0.130477102 -0.318890444
v 0.819966423 -0.108949869 -0.311044197
v 0.835514835 -0.086918646 -0.302544610
v 0.843178451 -0.065597381 -0.286315478
v 0.845046417 -0.045436914 -0.266586953
v 0.853047528 -0.022427453 -0.252946385
v 0.863963073 0.001597004 -0.242765965
v 0.873773459 0.025905947 -0.232145749
v 0.887247346 0.049441819 -0.226151107
v 0.906397012 0.070205586 -0.227354534
v 0.920487906 0.093497922 -0.222075894
v 0.926818840 0.118094131 -0.209629859
v 0.932002578 0.142768797 -0.196814041
v 0.935236763 0.167293031 -0.183211877
v 0.927426574 0.187549224 -0.165441563
v 0.915439822 0.205694407 -0.147377835
v 0.910073307 0.228274486 -0.131809508
v 0.909086611 0.252996045 -0.118104390
v 0.906888748 0.277516423 -0.104180139
v 0.905903226 0.302259849 -0.090922100
v 0.915948590 0.327196008 -0.082438232
v 0.925291824 0.352064476 -0.073153536
v 0.921881029 0.375831270 -0.058780980
v 0.914653173 0.398520914 -0.043520229
v 0.906300318 0.420767947 -0.028182275
v 0.893526097 0.440350562 -0.012981477
v 0.870945545 0.451177584 -0.000070635
v 0.848307079 0.462405165 0.012399351
v 0.834285296 0.482061294 0.026928442
v 0.820670482 0.502065432 0.041572092
v 0.806031350 0.521390132 0.056139307
v 0.796264397 0.542746188 0.071307516
v 0.794436572 0.566162055 0.087042675
v 0.788790127 0.588290369 0.103447792
v 0.771742486 0.604991773 0.118455987
v 0.752756559 0.620158329 0.132929793
v 0.732944906 0.634467688 0.147167471
v 0.709048358 0.643636716 0.157878295
v 0.681028623 0.644170093 0.161512383
v 0.654169402 0.648378959 0.167894709
v 0.631546633 0.659796825 0.180427258
v 0.608416807 0.670403202 0.192775315
v 0.585184868 0.680530219 0.205278021
v 0.569664818 0.695523399 0.223339588
v 0.555647655 0.710438489 0.242791269
v 0.533104659 0.718967250 0.256838299
v 0.507405938 0.723872297 0.267584501
v 0.481340901 0.727735943 0.277863211
v 0.453634554 0.725686353 0.280107535
v 0.426347169 0.719583388 0.275898068
v 0.398701881 0.717815965 0.279083666
v 0.371673999 0.718520035 0.287387411
v 0.344483796 0.718111551 0.295164105
v 0.320893010 0.720484255 0.309539903
v 0.301370079 0.724594570 0.329503006
v 0.275281663 0.721779689 0.338900155
v 0.248074935 0.716362719 0.344415933
v 0.220955818 0.709689743 0.348606738
v 0.196096067 0.699748095 0.340150377
v 0.171275898 0.689664033 0.331896012
v 0.144529076 0.681037434 0.334913425
v 0.118069297 0.671475336 0.337812414
v 0.094271862 0.662946189 0.348905894
v 0.072740668 0.654135570 0.364493028
v 0.047751658 0.641071389 0.365881848
v 0.023214953 0.627003259 0.365914492
v 0.001706225 0.614171652 0.354295695
v -0.019596700 0.601086296 0.342572349
v -0.042941784 0.585161991 0.341398707
v -0.065336368 0.568220113 0.341839483
v -0.083619178 0.550394633 0.353898290
v -0.103848098 0.531240851 0.353959656
v -0.123851535 0.511698305 0.349727303
v -0.141820265 0.497547059 0.334247763
v -0.160186009 0.480348181 0.323284808
v -0.178243731 0.459217787 0.318052549
v -0.191899088 0.435513554 0.322488832
v -0.205535442 0.411583334 0.321821706
v -0.220178473 0.388617121 0.314199809
v -0.235726945 0.374427897 0.295925007
v -0.249419764 0.352274492 0.285887402
v -0.259602029 0.327010503 0.281051319
v -0.264767148 0.300117801 0.281306874
v -0.274126867 0.275418882 0.271193573
v -0.287676960 0.259061783 0.252989982
v -0.295975015 0.234751567 0.241624120
v -0.296919299 0.207927781 0.237156853
v -0.298183388 0.181614656 0.229366107
v -0.305238438 0.159414197 0.214558846
v -0.312773106 0.138158329 0.199075682
v -0.310829731 0.112373394 0.189530069
v -0.304354012 0.087140472 0.181604174
v -0.307807570 0.064707690 0.166220689
v -0.310478906 0.042203302 0.151090443
v -0.300354164 0.018722988 0.141465322
v -0.291836490 -0.004609455 0.129099231
v -0.295388252 -0.026444739 0.112897366
v -0.288494601 -0.049780149 0.098699917
v -0.270660476 -0.068270223 0.088214489
v -0.262911830 -0.090379256 0.072987821
v -0.259819821 -0.112735779 0.058032267
v -0.241501845 -0.128323744 0.045590602
v -0.226340743 -0.146557676 0.030815809
v -0.221109199 -0.169618328 0.016429397
v -0.203894961 -0.186050878 0.001973146
v -0.183037859 -0.196508887 -0.012142959
v -0.171670482 -0.217430377 -0.025810028
v -0.154560634 -0.234233189 -0.040085847
v -0.131846099 -0.238471508 -0.054918851
v -0.113361660 -0.253601832 -0.069227519
v -0.096648444 -0.271301888 -0.081101396
v -0.074309382 -0.274657793 -0.096389703
v -0.051899671 -0.281039998 -0.111642614
v -0.032663808 -0.298297030 -0.121031096
v -0.008991337 -0.305473553 -0.134667170
v 0.012646653 -0.300921671 -0.151523706
v 0.036798743 -0.306571652 -0.164851769
v 0.060337187 -0.318665578 -0.171702689
v 0.084619882 -0.318738961 -0.185368535
v 0.105151755 -0.311936369 -0.202060544
v 0.130800691 -0.313628002 -0.213074125
v 0.157307780 -0.319487571 -0.217625660
v 0.182847042 -0.316162213 -0.229179030
v 0.200393142 -0.304706390 -0.247469292
v 0.225917236 -0.299753824 -0.258602065
v 0.253686622 -0.300342711 -0.259409884
v 0.279836528 -0.293918265 -0.266963515
v 0.301498002 -0.283151080 -0.279935286
v 0.319797686 -0.270561502 -0.295856869
v 0.344482180 -0.259928941 -0.304664830
v 0.371275637 -0.253835928 -0.300021313
v 0.395896034 -0.241475353 -0.304770580
v 0.418366088 -0.226860943 -0.313088057
v 0.433089057 -0.211177168 -0.331330553
v 0.455225787 -0.195351082 -0.338574999
v 0.477791310 -0.179119419 -0.342186531
v 0.500210549 -0.165743685 -0.331581768
v 0.521153640 -0.147127175 -0.333723249
v 0.541006549 -0.127344293 -0.337354276
v 0.555527975 -0.109059732 -0.352992510
v 0.572501673 -0.089101487 -0.361833803
v 0.590818258 -0.067642376 -0.363826435
v 0.607825205 -0.046774412 -0.357654294
v 0.622406374 -0.026790752 -0.344176149
v 0.637633695 -0.003078292 -0.342774982
v 0.651976075 0.021277995 -0.341764410
v 0.665331915 0.043736772 -0.350700634
v 0.678286640 0.065446096 -0.362498409
v 0.690786235 0.090710065 -0.360624919
v 0.702262055 0.116392377 -0.357676717
v 0.710343133 0.140685093 -0.347071739
v 0.713832136 0.162181879 -0.329054848
v 0.720154108 0.188016831 -0.320412779
v 0.726805073 0.214938938 -0.314851385
v 0.732743049 0.242045272 -0.309601601
v 0.742931698 0.267201264 -0.316963043
v 0.752208096 0.292982189 -0.322018016
v 0.755913393 0.320052942 -0.314862542
v 0.758340359 0.347033929 -0.306731971
v 0.758181918 0.372814116 -0.295894858
v 0.749906537 0.390898228 -0.275965006
v 0.741871871 0.410858927 -0.258166710
v 0.739086614 0.437072349 -0.247963059
v 0.735394434 0.463114768 -0.237564906
v 0.731820289 0.489387797 -0.228068223
v 0.735289678 0.517331000 -0.226870546
v 0.738908743 0.545260972 -0.225669523
v 0.734167196 0.570957910 -0.215600189
v 0.726262067 0.594992282 -0.202958453
v 0.717343053 0.618474346 -0.189958126
v 0.704456162 0.637768467 -0.174580579
v 0.684825055 0.646195883 -0.156102130
v 0.665946952 0.657630460 -0.138898905
v 0.652335421 0.678172634 -0.125072151
v 0.638188914 0.698395717 -0.111256605
v 0.623302368 0.717981593 -0.097317881
v 0.614667095 0.742390747 -0.086624806
v 0.610450487 0.768980768 -0.077963045
v 0.600462123 0.792120812 -0.065923857
v 0.583058805 0.808439985 -0.050779206
v 0.564705914 0.823569310 -0.035474497
v 0.545639853 0.837721393 -0.020106835
v 0.522477785 0.842429559 -0.005579849
v 0.497311815 0.838252584 0.006595142
v 0.472802515 0.840124603 0.019831072
v 0.451044397 0.850675047 0.034502122
v 0.428743458 0.860121777 0.049109668
v 0.406327640 0.869145258 0.063747153
v 0.391022639 0.886800765 0.079204908
v 0.378168295 0.906260617 0.095153464
v 0.357353103 0.915850418 0.110911041
v 0.333404410 0.919547575 0.125497771
v 0.309170186 0.922078191 0.139860161
v 0.284383602 0.921988493 0.153189126
v 0.259217700 0.911294144 0.159792605
v 0.234539851 0.898234650 0.164192077
v 0.209009075 0.892889025 0.174327025
v 0.183754956 0.890506066 0.186837623
v 0.158473305 0.886948279 0.199008741
v 0.134706657 0.886436392 0.213600811
v 0.116058510 0.894035783 0.233447642
v 0.094581052 0.895462187 0.251047332
v 0.069992493 0.886975164 0.262119740
v 0.045592079 0.877285112 0.272640373
v 0.021559061 0.865550472 0.281369237
v 0.001117615 0.846524133 0.277964547
v -0.019503279 0.827764702 0.275034983
v -0.043121213 0.814447038 0.282960296
v -0.066383238 0.800524126 0.291022578
v -0.089058616 0.786941728 0.300590791
v -0.108992944 0.779659938 0.319178666
v -0.129021976 0.768866344 0.335391282
v -0.149784266 0.750754720 0.341642792
v -0.169908433 0.731579105 0.346865102
v -0.188337841 0.710888988 0.346429012
v -0.202787294 0.689844176 0.334293916
v -0.220521186 0.668503477 0.333094978
v -0.238590243 0.646985201 0.336324849
v -0.255799351 0.625300528 0.341158603
v -0.270391330 0.607180542 0.357140404
v -0.284858111 0.585177716 0.365610238
v -0.298987143 0.560678686 0.365977897
v -0.312109732 0.535978779 0.363788537
v -0.322959784 0.515492666 0.347735147
v -0.334798951 0.491074850 0.342086340
v -0.345979186 0.465136868 0.340610575
v -0.354377875 0.439858347 0.347373588
v -0.360577251 0.414422573 0.355972917
v -0.368099334 0.387436773 0.352080893
v -0.375238104 0.361743792 0.344069289
v -0.383461545 0.341117764 0.326717063
v -0.388725180 0.314044105 0.320850335
v -0.391807207 0.286410301 0.317623331
v -0.388850101 0.259597321 0.325279045
v -0.389877084 0.232223943 0.318356594
v -0.392275729 0.207332840 0.306493110
v -0.396849603 0.185532319 0.290062579
v -0.395213441 0.158491762 0.281933714
v -0.386490068 0.132520927 0.282885150
v -0.379984575 0.106386677 0.276534139
v -0.377714925 0.082182102 0.263392542
v -0.378588213 0.060358691 0.247144447
v -0.370843092 0.035108778 0.237225392
v -0.354110150 0.012724605 0.235508173
v -0.344406918 -0.011009598 0.223584452
v -0.344719834 -0.032165980 0.205657786
v -0.333493288 -0.055033991 0.193446394
v -0.313052715 -0.072931543 0.188012605
v -0.298699111 -0.093529092 0.175185098
v -0.295045919 -0.114866519 0.158037004
v -0.279527813 -0.134422011 0.144812142
v -0.256003474 -0.146285705 0.136739687
v -0.240629039 -0.164359792 0.121830086
v -0.230496822 -0.184228506 0.106033086
v -0.208645792 -0.195360660 0.094107440
v -0.186569404 -0.205377438 0.081194033
v -0.173772306 -0.224282032 0.065713762
v -0.153042054 -0.236482463 0.051179816
v -0.128431805 -0.237951306 0.038697481
v -0.109484106 -0.251118234 0.023746574
v -0.089864816 -0.263508196 0.009408357
v -0.066218107 -0.260730076 -0.004261559
v -0.043071800 -0.265709204 -0.019602026
v -0.022909612 -0.278878840 -0.032436066
v 0.000188584 -0.276690478 -0.047118871
v 0.022841846 -0.272737803 -0.062318599
v 0.046062497 -0.282179723 -0.073976885
v 0.070390041 -0.280911342 -0.088215332
v 0.089417536 -0.268984565 -0.104074906
v 0.113879621 -0.268023908 -0.117268900
v 0.139071876 -0.269136094 -0.127740305
v 0.158362964 -0.257676902 -0.143058472
v 0.178431648 -0.246569304 -0.158308979
v 0.204497701 -0.244828402 -0.166192073
v 0.228174749 -0.235578744 -0.177849165
v 0.242327198 -0.219064445 -0.194666222
v 0.262660810 -0.205454217 -0.208390232
v 0.288388131 -0.197704487 -0.213356384
v 0.310437947 -0.183660177 -0.223095080
v 0.324016455 -0.165709665 -0.238674493
v 0.339180965 -0.147670392 -0.253055223
v 0.359978478 -0.131131698 -0.260868443
v 0.382752684 -0.116098849 -0.262126916
v 0.399989341 -0.095761606 -0.271530177
v 0.406173261 -0.075990214 -0.290323402
v 0.421470520 -0.054495325 -0.300191825
v 0.438931882 -0.033399902 -0.303675482
v 0.457042862 -0.012625602 -0.301312074
v 0.470146743 0.011509092 -0.308076280
v 0.477288027 0.033701419 -0.322353937
v 0.484756820 0.056525171 -0.335473658
v 0.495555835 0.082000506 -0.341334698
v 0.507581587 0.106443708 -0.336970078
v 0.517940637 0.131577145 -0.331935363
v 0.525256568 0.158682488 -0.335360923
v 0.530249373 0.184455118 -0.343832109
v 0.532787343 0.207054630 -0.360121035
v 0.537751560 0.234729374 -0.362874216
v 0.541787026 0.262658058 -0.363939378
v 0.544854954 0.286840416 -0.350161746
v 0.546167206 0.313465251 -0.343057257
v 0.546356635 0.341740094 -0.342386044
v 0.545744159 0.369713372 -0.344090479
v 0.545819962 0.394596888 -0.357490785
v 0.544506357 0.421950735 -0.361894361
v 0.541502943 0.449952245 -0.359275735
v 0.537342669 0.477583469 -0.355280310
v 0.530134354 0.498564654 -0.338212674
v 0.521684226 0.520373784 -0.323171320
v 0.513923572 0.547060869 -0.317923994
v 0.505150140 0.573309350 -0.312092910
v 0.498037569 0.600229080 -0.312600210
v 0.493829771 0.627063483 -0.320431417
v 0.485369593 0.653489064 -0.318829955
v 0.473875914 0.678110398 -0.310978186
v 0.461496914 0.702114260 -0.302579762
v 0.446619423 0.720342280 -0.288119722
v 0.429653188 0.729924630 -0.267646003
v 0.412767275 0.746558032 -0.253194700
v 0.396479185 0.767324958 -0.243026420
v 0.379429240 0.787242738 -0.232417873
v 0.364650992 0.809954502 -0.226289761
v 0.355038190 0.836514281 -0.227513271
v 0.340946000 0.859857250 -0.222389949
v 0.322035287 0.876818255 -0.209953355
v 0.302526332 0.892797607 -0.197146488
v 0.282261679 0.907011796 -0.183571209
v 0.260691638 0.909572312 -0.165840966
v 0.239077943 0.907282651 -0.147761452
v 0.216563916 0.912785510 -0.132147692
v 0.194169628 0.923310451 -0.118448109
v 0.171396938 0.932672136 -0.104529502
v 0.148941908 0.943094575 -0.091231718
v 0.131392608 0.963449149 -0.082730961
v 0.113660567 0.983260274 -0.073498965
v 0.091029564 0.991312111 -0.059170746
v 0.067562252 0.995363908 -0.043912331
v 0.043969242 0.998213390 -0.028576025
v 0.020687265 0.996036371 -0.013364123
v 0.000647636 0.981061717 -0.000415032
v -0.019709663 0.966082780 0.012048821
v -0.043591190 0.962587011 0.026563737
v -0.067618948 0.959731549 0.041208938
v -0.091515782 0.955653843 0.055778333
v -0.114987379 0.956686074 0.070932609
v -0.136626633 0.965839796 0.086653855
v -0.158855582 0.971109449 0.103050225
v -0.181537509 0.963790338 0.118081935
v -0.203748861 0.953943598 0.132562202
v -0.225578744 0.942964515 0.146806177
v -0.244804768 0.926120560 0.157631452
v -0.258197098 0.901508522 0.161300537
v -0.274218616 0.879513861 0.167599363
v -0.294763727 0.864669363 0.180115032
v -0.314836223 0.849036695 0.192471203
v -0.334520374 0.833060617 0.204958957
v -0.354977750 0.826069486 0.222950498
v -0.374683604 0.820549046 0.242407474
v -0.392674661 0.804623952 0.256557782
v -0.408871019 0.784083205 0.267315211
v -0.424311820 0.762737105 0.277605491
v -0.436564178 0.738358647 0.282481787
v -0.442928230 0.711342817 0.277143357
v -0.453123260 0.685591733 0.278585565
v -0.466237736 0.661959481 0.286920920
v -0.478440001 0.637667861 0.294729754
v -0.491324044 0.617401926 0.308557503
v -0.504062888 0.602175924 0.328663802
v -0.513725815 0.578024466 0.338557021
v -0.521491035 0.551400353 0.344108559
v -0.528135995 0.524297302 0.348487184
v -0.530945824 0.497552776 0.340670463
v -0.533272247 0.470981814 0.331830264
v -0.537942200 0.443260706 0.334725355
v -0.541691526 0.415381012 0.337662419
v -0.545080677 0.390008667 0.347997655
v -0.547300373 0.367157739 0.364232018
v -0.547263588 0.338983144 0.365858103
v -0.546125603 0.310722596 0.365930328
v -0.544507708 0.284730649 0.356523295
v -0.542799417 0.260212244 0.343045013
v -0.539467091 0.232189194 0.341456674
v -0.534800593 0.204471084 0.341636953
v -0.527472426 0.179985025 0.353608312
v -0.519757486 0.153268304 0.354113152
v -0.511651104 0.126499829 0.349906757
v -0.507149670 0.103823699 0.334921118
v -0.500584231 0.079794003 0.323480626
v -0.490170223 0.054018714 0.318271222
v -0.475607983 0.030842696 0.322263092
v -0.460522185 0.007810500 0.322113018
v -0.446900750 -0.015782594 0.314511644
v -0.441138659 -0.036225117 0.296624091
v -0.428140809 -0.058503729 0.286209507
v -0.410640867 -0.079373718 0.280941735
v -0.388964503 -0.096210696 0.281698145
v -0.371362060 -0.115917434 0.271610990
v -0.362747793 -0.135459649 0.253679698
v -0.345367291 -0.154082149 0.242038319
v -0.322261429 -0.167630315 0.237138073
v -0.299252508 -0.180591386 0.229842492
v -0.282343497 -0.196941563 0.215293862
v -0.267431037 -0.213609148 0.199552475
v -0.243869766 -0.224200286 0.189642293
v -0.218286124 -0.229713442 0.182135193
v -0.199479634 -0.242802782 0.166938217
v -0.181246136 -0.255909628 0.151615919
v -0.155866122 -0.258248362 0.141728722
v -0.131110857 -0.261011156 0.129672268
v -0.113169307 -0.273920176 0.113542668
v -0.089500075 -0.278941911 0.099253378
v -0.064856627 -0.271650594 0.088808815
v -0.041452871 -0.274475074 0.073608270
v -0.020403840 -0.282588895 0.058609860
v 0.002022425 -0.274076797 0.046038843
v 0.025061555 -0.268532774 0.031426281
v 0.047934810 -0.274550542 0.017014800
v 0.070733086 -0.267371932 0.002478973
v 0.089372757 -0.253219561 -0.011530602
v 0.113083193 -0.252315314 -0.025324868
v 0.135990305 -0.245401843 -0.039503674
v 0.150240999 -0.227220503 -0.054313007
v 0.171984679 -0.217335113 -0.068819508
v 0.195621932 -0.211182613 -0.080531892
v 0.209409010 -0.193198839 -0.095744517
v 0.224926927 -0.176005407 -0.111059027
v 0.249013341 -0.166840020 -0.120539950
v 0.266519228 -0.149296953 -0.134085103
v 0.272373797 -0.127960953 -0.150966179
v 0.288255901 -0.108978536 -0.164523340
v 0.310140210 -0.093869821 -0.171195490
v 0.321929775 -0.072351919 -0.184653362
v 0.324861947 -0.051026771 -0.201549965
v 0.337883318 -0.028943503 -0.212900507
v 0.355649008 -0.008265656 -0.217173215
v 0.364650445 0.015947340 -0.228616504
v 0.362424616 0.036762365 -0.247018865
v 0.369814284 0.061682490 -0.258169142
v 0.382895756 0.086072951 -0.259389037
v 0.389539625 0.112193699 -0.266596368
v 0.390333363 0.136667586 -0.279180217
v 0.387254049 0.158410750 -0.295496057
v 0.389214970 0.185209093 -0.304325379
v 0.395962998 0.211809945 -0.300197851
v 0.396592920 0.239328962 -0.304502227
v 0.394106944 0.266138721 -0.312556871
v 0.386961095 0.286414569 -0.330817482
v 0.383040934 0.313229402 -0.338342412
v 0.378953822 0.340724458 -0.342329867
v 0.377466158 0.366802573 -0.331770214
v 0.370707227 0.393971067 -0.333588401
v 0.362326295 0.420730380 -0.337138925
v 0.352788542 0.442218553 -0.352426867
v 0.342899356 0.466281474 -0.361741499
v 0.332311964 0.492430960 -0.363759020
v 0.321329473 0.517539053 -0.360140382
v 0.310883823 0.538917809 -0.344998932
v 0.296979856 0.563236812 -0.342816147
v 0.282011396 0.587215132 -0.341845907
v 0.268039807 0.609577222 -0.349908977
v 0.254933730 0.630917273 -0.362404887
v 0.238318460 0.653688544 -0.360783404
v 0.220849744 0.675742603 -0.357879688
v 0.202958606 0.694518228 -0.348038736
v 0.185559223 0.707515964 -0.329944809
v 0.165636319 0.724760807 -0.320733389
v 0.144830950 0.743106169 -0.315207169
v 0.123504890 0.760824691 -0.309799282
v 0.105630894 0.781335072 -0.316556641
v 0.087272276 0.801586740 -0.322278656
v 0.064995116 0.817482863 -0.315348339
v 0.042178924 0.832103306 -0.307246907
v 0.019158626 0.844266438 -0.296855293
v -0.000831618 0.845587148 -0.277100492
v -0.022009125 0.847219349 -0.258908164
v -0.046530825 0.856741636 -0.248586100
v -0.071340746 0.865505442 -0.238211840
v -0.096329670 0.874181564 -0.228423997
v -0.119643172 0.889935657 -0.226988334
v -0.142654257 0.906246808 -0.226108675
v -0.167639768 0.914249221 -0.216368528
v -0.192616387 0.918355056 -0.203748447
v -0.217571658 0.921307362 -0.190768663
v -0.240848425 0.919267477 -0.175613745
v -0.257595649 0.906044484 -0.157157933
v -0.276073952 0.894099263 -0.139794068
v -0.300521591 0.891359947 -0.125906863
v -0.325002205 0.888174111 -0.112104408
v -0.349215673 0.883906798 -0.098130772
v -0.374831823 0.886980471 -0.087225358
v -0.400382245 0.895506735 -0.078603556
v -0.425604795 0.897895947 -0.066824382
v -0.448188964 0.890161584 -0.051720701
v -0.470097234 0.880893789 -0.036420808
v -0.491468421 0.870542149 -0.021056310
v -0.506858401 0.852736664 -0.006417984
v -0.514775109 0.828517619 0.005812477
v -0.527304104 0.807280055 0.018949223
v -0.546635292 0.792756539 0.033609910
v -0.565326423 0.777358728 0.048221970
v -0.583587716 0.761499867 0.062835654
v -0.606132743 0.755473301 0.078267080
v -0.629373027 0.753161906 0.094170179
v -0.647848660 0.739815515 0.110003289
v -0.662203000 0.720301981 0.124602616
v -0.675663020 0.700002914 0.138981430
v -0.687357481 0.678221616 0.152549540
v -0.689722657 0.651044261 0.159385505
v -0.689424497 0.623118506 0.163757959
v -0.696006022 0.597775905 0.173550881
v -0.705579886 0.574297956 0.186084271
v -0.714110476 0.550244463 0.198275023
v -0.724286183 0.528481499 0.212549939
v -0.739600170 0.515305751 0.232317584
v -0.751163704 0.497429871 0.250220483
v -0.755138845 0.471814295 0.261457471
v -0.757821160 0.445708178 0.272004535
v -0.758786818 0.419045552 0.281153629
v -0.751533650 0.392064357 0.278143363
v -0.744045590 0.365194633 0.274664661
v -0.743034404 0.338065344 0.282447302
v -0.741444477 0.311011698 0.290542353
v -0.739673550 0.284480015 0.299767810
v -0.742297389 0.263228278 0.318106977
v -0.742338417 0.240801885 0.334861609
v -0.735942464 0.214056217 0.341302608
v -0.728239925 0.187354710 0.346562724
v -0.718541684 0.161297829 0.346937438
v -0.706510545 0.138772783 0.334822817
v -0.695634432 0.113363609 0.332874662
v -0.684912451 0.087396420 0.336146593
v -0.673529137 0.062040010 0.340556789
v -0.664155235 0.040582249 0.356270882
v -0.651531609 0.017788166 0.365563596
v -0.636337941 -0.006064382 0.365973547
v -0.620405842 -0.029211090 0.364403214
v -0.607138997 -0.048372736 0.348573464
v -0.591122972 -0.069967973 0.342157770
v -0.573286233 -0.091870874 0.340719186
v -0.554714427 -0.111265729 0.346610969
v -0.535093125 -0.128285225 0.356193880
v -0.514632219 -0.147427942 0.352337728
v -0.494804309 -0.165677963 0.345004054
v -0.480420229 -0.182445346 0.327461010
v -0.459048638 -0.199635766 0.321170849
v -0.436081251 -0.215322329 0.317401103
v -0.410918720 -0.225014390 0.325487101
v -0.387031659 -0.238516270 0.318824160
v -0.365487000 -0.252011768 0.307633132
v -0.348826789 -0.266283856 0.290547936
v -0.324086170 -0.277342422 0.282451137
v -0.297179840 -0.282097373 0.282678281
v -0.270839130 -0.287963189 0.277157789
v -0.247719046 -0.296759198 0.264569091
v -0.229357794 -0.308010491 0.247774869
v -0.203479608 -0.313073618 0.237601845
v -0.175851449 -0.308492201 0.236109909
v -0.150248394 -0.310749849 0.224338356
v -0.131370717 -0.320422077 0.206665970
v -0.106145763 -0.321445068 0.194197805
v -0.080842986 -0.312077982 0.188487534
v -0.055902608 -0.308430938 0.176021187
v -0.035244502 -0.314854281 0.158949446
v -0.010750886 -0.310501717 0.145570752
v 0.010654498 -0.295016782 0.137623754
v 0.033869112 -0.289003420 0.122880962
v 0.056116213 -0.289976515 0.106899594
v 0.076611828 -0.276560890 0.094574118
v 0.095214005 -0.260845957 0.082123696
v 0.117745796 -0.257644319 0.066667143
v 0.138563839 -0.245889273 0.051998158
v 0.150844871 -0.224555686 0.039795528
v 0.170830497 -0.212765134 0.024702999
v 0.191387912 -0.202237555 0.010463626
v 0.200451812 -0.180374273 -0.003220206
v 0.214824487 -0.161631134 -0.018526252
v 0.236064893 -0.150056276 -0.031384965
v 0.245911914 -0.128841567 -0.046079605
v 0.251838426 -0.106690668 -0.061230023
v 0.270086261 -0.090241575 -0.073117815
v 0.281259301 -0.068584110 -0.087028795
v 0.279317176 -0.046175375 -0.102891771
v 0.288861289 -0.023735633 -0.116627681
v 0.302497757 -0.002272305 -0.126645390
v 0.302536690 0.020566776 -0.141645742
v 0.300762916 0.043034700 -0.157196001
v 0.309622821 0.067274797 -0.166490912
v 0.314112974 0.092458487 -0.176976833
v 0.306694442 0.113065773 -0.193415603
v 0.303388314 0.136946387 -0.207513157
v 0.307730522 0.163226490 -0.213256893
v 0.306211612 0.189369144 -0.222320140
v 0.297139417 0.210409865 -0.237345201
v 0.287616319 0.231477919 -0.252283552
v 0.282021254 0.257358781 -0.260943707
v 0.279823935 0.284704148 -0.261468828
v 0.269852725 0.309487781 -0.270758242
v 0.255500414 0.325515211 -0.288458896
v 0.242975745 0.347801736 -0.299694877
v 0.232032439 0.372876170 -0.303930534
v 0.222312366 0.398699875 -0.300915328
v 0.206974064 0.421470185 -0.307712538
v 0.190565473 0.438585369 -0.321300060
v 0.173792729 0.455198126 -0.335125598
v 0.156196386 0.476542152 -0.341021440
v 0.139861941 0.498449945 -0.337485262
v 0.122594833 0.519317799 -0.331723588
v 0.101942248 0.538329394 -0.335185184
v 0.081246304 0.554920557 -0.342982890
v 0.062500564 0.567366628 -0.359777788
v 0.040257561 0.584506778 -0.362760552
v 0.017340623 0.600976863 -0.364060095
v -0.002893686 0.615012208 -0.350938767
v -0.025664630 0.628382807 -0.343076273
v -0.050653601 0.641615527 -0.342441374
v -0.075833874 0.653978860 -0.343683213
v -0.097975635 0.665524244 -0.356875209
v -0.122672130 0.676985099 -0.362024677
v -0.148898793 0.687253943 -0.359439894
v -0.175355301 0.696374539 -0.355662858
v -0.197569355 0.699944574 -0.339153894
v -0.220523095 0.702299577 -0.323534082
v -0.247766380 0.707721633 -0.318234218
v -0.275105731 0.712068819 -0.312435046
v -0.302332866 0.717940137 -0.312366393
v -0.328065184 0.726581878 -0.320274289
v -0.355395544 0.731500394 -0.319251249
v -0.382551089 0.732687393 -0.311432991
v -0.409569092 0.732805096 -0.303067587
v -0.432998829 0.728376457 -0.289101088
v -0.449352767 0.717804924 -0.268619529
v -0.471505007 0.710190483 -0.253743700
v -0.497460342 0.705348667 -0.243603138
v -0.523012732 0.699432447 -0.233018438
v -0.549858419 0.696371563 -0.226418435
v -0.577859884 0.700080462 -0.227684191
v -0.605250284 0.698790438 -0.223077928
v -0.629040464 0.689855718 -0.210661557
v -0.652236669 0.679937641 -0.197873927
v -0.674308720 0.668618609 -0.184383644
v -0.687013977 0.650931048 -0.166802225
v -0.694884053 0.630708309 -0.148677692
v -0.709702976 0.613031674 -0.132899501
v -0.729394036 0.598036158 -0.119211969
v -0.748237720 0.582177023 -0.105306258
v -0.767569126 0.566756091 -0.091852858
v -0.793626509 0.560339951 -0.083251881
v -0.819518564 0.553973416 -0.074197084
v -0.837454499 0.537935646 -0.060023955
v -0.851903971 0.519001550 -0.044770690
v -0.865345260 0.499400768 -0.029438038
v -0.875237736 0.478093922 -0.014124734
v -0.873424836 0.453512436 -0.000535471
v -0.869281106 0.428501537 0.011962492
v -0.874427359 0.404866197 0.026092977
v -0.882986980 0.382235362 0.040740383
v -0.890396329 0.359154842 0.055312558
v -0.901938059 0.338669855 0.070445593
v -0.920023495 0.323653667 0.086148553
v -0.935055981 0.306436692 0.102533699
v -0.939182884 0.283013796 0.117602293
v -0.940701696 0.258770046 0.132090654
v -0.941036705 0.234341877 0.146343085
v -0.935207761 0.209507440 0.157348779
v -0.919560936 0.186272122 0.161067159
v -0.907223791 0.161971787 0.167226487
v -0.903470147 0.136893422 0.179712544
v -0.898860464 0.111877725 0.192079020
v -0.893714606 0.087039164 0.204540560
v -0.896759187 0.065571390 0.222421725
v -0.901012430 0.045560030 0.241887876
v -0.895406640 0.022315553 0.256197644
v -0.884654552 -0.001523973 0.266969756
v -0.872837790 -0.025064066 0.277274638
v -0.857010287 -0.047254846 0.282442597
v -0.835957064 -0.065346581 0.277125759
v -0.817659350 -0.086167585 0.278306892
v -0.802744517 -0.108700437 0.286659749
v -0.786823228 -0.130728065 0.294486422
v -0.774582602 -0.151549575 0.308068045
v -0.766974977 -0.169883641 0.328177844
v -0.750210163 -0.189560264 0.338363888
v -0.730170703 -0.208726270 0.343935486
v -0.709206518 -0.227128160 0.348404710
v -0.686756598 -0.242034165 0.340889054
v -0.664249333 -0.256246938 0.331778549
v -0.641791762 -0.273162105 0.334619602
v -0.618783360 -0.289343447 0.337575366
v -0.597690569 -0.304109104 0.347556417
v -0.578543277 -0.316594371 0.363952782
v -0.553587981 -0.329542762 0.365844472
v -0.527987658 -0.341566665 0.365938826
v -0.504061788 -0.352140593 0.356906301
v -0.481613722 -0.361886963 0.343152972
v -0.455218911 -0.371854702 0.341504442
v -0.428414717 -0.380702941 0.340260531
v -0.403567448 -0.385506777 0.352328300
v -0.376568274 -0.390688354 0.354305038
v -0.349077129 -0.395862975 0.350131271
v -0.326503462 -0.402188528 0.335793274
v -0.302522020 -0.407590936 0.323723442
v -0.274845303 -0.410263282 0.318544978
v -0.247508032 -0.408308776 0.321914047
v -0.220161830 -0.405328243 0.322475103
v -0.192936755 -0.404145269 0.314902046
v -0.171819017 -0.408132767 0.297518540
v -0.146363587 -0.407226656 0.286612771
v -0.119612316 -0.401938825 0.280342335
v -0.094466518 -0.389866770 0.282013380
v -0.068848692 -0.383313191 0.271984805
v -0.047409032 -0.384384232 0.254305947
v -0.022981886 -0.377858366 0.242416668
v -0.000141514 -0.363950397 0.237126664
v 0.021833387 -0.349192115 0.230277655
v 0.044211009 -0.341297133 0.215961787
v 0.065823147 -0.336196512 0.199987029
v 0.086308913 -0.320504968 0.189772974
v 0.102810717 -0.300040377 0.182620346
v 0.123045247 -0.288858298 0.167592009
v 0.143160220 -0.279272899 0.152095792
v 0.157291038 -0.258140017 0.141957503
v 0.170845785 -0.237158157 0.130195225
v 0.190410810 -0.226897931 0.114131631
v 0.205977428 -0.208525966 0.099765850
v 0.210896243 -0.183302980 0.089351911
v 0.223922940 -0.163523926 0.074182078
v 0.241136031 -0.148921950 0.059137495
v 0.244457264 -0.125209508 0.046434526
v 0.249675582 -0.102106770 0.031984042
v 0.265549102 -0.084583919 0.017550761
v 0.270187242 -0.061064131 0.002957994
v 0.265810642 -0.037995582 -0.010970967
v 0.275482798 -0.016394718 -0.024893648
v 0.280415115 0.006962533 -0.038971497
v 0.270874354 0.027995139 -0.053759305
v 0.271671795 0.051873795 -0.068444637
v 0.277617663 0.075651388 -0.080011308
v 0.268460512 0.096464226 -0.095155620
v 0.259956227 0.117881275 -0.110525555
v 0.262681137 0.143388495 -0.120174438
v 0.255534483 0.167141800 -0.133566777
v 0.239269267 0.182146198 -0.150454249
v 0.229555442 0.204862383 -0.164180246
v 0.226471795 0.231378327 -0.170731410
v 0.213002195 0.252087407 -0.184031434
v 0.195274753 0.264206858 -0.201083285
v 0.181471290 0.285740158 -0.212737782
v 0.171568011 0.311254882 -0.216759545
v 0.154282990 0.330506211 -0.228133994
v 0.134777053 0.338098276 -0.246552323
v 0.116069222 0.356091487 -0.257773391
v 0.100338014 0.378756643 -0.259364479
v 0.080374412 0.396902479 -0.266259295
v 0.058955622 0.409273970 -0.278511067
v 0.038326097 0.416189603 -0.295166189
v 0.015461710 0.430292048 -0.304014503
v -0.005127966 0.448390827 -0.300351019
v -0.029134588 0.461821242 -0.304256803
v -0.054116305 0.472111580 -0.312095908
v -0.075404743 0.475109575 -0.330353289
v -0.100941947 0.483874183 -0.338129640
v -0.127251283 0.492846958 -0.342453640
v -0.151074122 0.503591388 -0.331934959
v -0.178257864 0.510198833 -0.333463477
v -0.205875635 0.515124560 -0.336944125
v -0.229480526 0.516630402 -0.351920105
v -0.255235602 0.518860648 -0.361656830
v -0.283319059 0.521528208 -0.363697093
v -0.310769978 0.523354717 -0.360525318
v -0.334513459 0.523983773 -0.345298008
v -0.362444451 0.522871369 -0.342839811
v -0.390625021 0.520653285 -0.341893028
v -0.417026169 0.518500371 -0.349513063
v -0.441885239 0.516742812 -0.362366484
v -0.469755663 0.512512663 -0.360875941
v -0.497382871 0.507183784 -0.357994113
v -0.522445162 0.500016902 -0.348498175
v -0.542022507 0.490604378 -0.330412802
v -0.566366127 0.480843613 -0.320920107
v -0.592244268 0.470845479 -0.315414473
v -0.617777768 0.460065894 -0.309931703
v -0.644215261 0.453512103 -0.316395364
v -0.670649863 0.446682261 -0.322448828
v -0.695070095 0.434278695 -0.315632156
v -0.718569933 0.420773911 -0.307548280
v -0.740426923 0.406071501 -0.297657221
v -0.752662015 0.388922974 -0.279034807
v -0.763164589 0.370793428 -0.260166829
v -0.781815649 0.353094078 -0.248730676
v -0.801023768 0.335107580 -0.238362649
v -0.819461777 0.316503942 -0.227718892
v -0.843334037 0.302294564 -0.225080311
v -0.869009608 0.290533562 -0.225755378
v -0.888282264 0.272527605 -0.216839558
v -0.903455661 0.252259427 -0.204232922
v -0.917596171 0.231478276 -0.191265875
v -0.926786751 0.209900145 -0.176224382
v -0.922960979 0.188919958 -0.157777784
v -0.920584225 0.167075715 -0.140331321
v -0.929348496 0.144110637 -0.126415146
v -0.937824075 0.120919580 -0.112620460
v -0.945151866 0.097456933 -0.098630937
v -0.959449960 0.076030256 -0.087623058
v -0.978797607 0.057278302 -0.079026475
v -0.992818723 0.036089453 -0.067380761
v -0.996463024 0.012488974 -0.052298457
v -0.998359013 -0.011225137 -0.037001543
v -0.999045706 -0.034962673 -0.021639007
v -0.990713157 -0.056928689 -0.006943553
v -0.972920524 -0.075137700 0.005327383
v -0.959578703 -0.095910760 0.018412006
v -0.955532454 -0.119747702 0.033066513
v -0.950504287 -0.143435113 0.047681355
v -0.944771138 -0.166943537 0.062283826
v -0.949514124 -0.189785770 0.077699807
v -0.958239138 -0.211470535 0.093576372
v -0.955305684 -0.234020763 0.109446118
v -0.944625648 -0.255758552 0.124053126
v -0.932835820 -0.277065104 0.138440535
v -0.919072271 -0.297565382 0.152116219
v -0.896160186 -0.312291203 0.159088080
v -0.871216078 -0.324855946 0.163453379
v -0.851554332 -0.342225673 0.173077428
v -0.835155285 -0.361554356 0.185624628
v -0.817756641 -0.380218070 0.197827538
v -0.802920418 -0.399229677 0.211970409
v -0.798159208 -0.418914899 0.231669339
v -0.787955888 -0.437472242 0.249726683
v -0.767147721 -0.452853060 0.261050444
v -0.745229122 -0.467273710 0.271613997
v -0.722166765 -0.480556947 0.281040235
v -0.695061560 -0.487773162 0.280049704
v -0.667629958 -0.493341143 0.276330460
v -0.642370443 -0.504025717 0.282322861
v -0.617627461 -0.515074856 0.290425835
v -0.593247618 -0.525714899 0.299631568
v -0.575579326 -0.537834362 0.317954426
v -0.555732310 -0.548216766 0.334755195
v -0.529053259 -0.554861865 0.341217635
v -0.501806616 -0.560322879 0.346487111
v -0.474204396 -0.563731393 0.346941668
v -0.448665720 -0.563417332 0.334835325
v -0.421111007 -0.565444019 0.332820662
v -0.393124921 -0.567887794 0.336102293
v -0.365363949 -0.569456546 0.340473103
v -0.341987226 -0.571025898 0.356162693
v -0.315972765 -0.570331625 0.365552089
v -0.287803046 -0.567831658 0.365972237
v -0.259904142 -0.564345827 0.364481500
v -0.236769346 -0.561382541 0.348682706
v -0.210254036 -0.557118896 0.342175050
v -0.182596869 -0.551374752 0.340745834
v -0.156794527 -0.543837146 0.346526209
v -0.132683676 -0.534257197 0.356248465
v -0.106267307 -0.524911681 0.352401481
v -0.080906618 -0.515676236 0.345169221
v -0.059412545 -0.510638193 0.327599876
v -0.034322372 -0.499613556 0.321250333
v -0.009802538 -0.486481246 0.317400790
v 0.010393667 -0.468621516 0.325503317
v 0.033366706 -0.453605658 0.318940532
v 0.055293133 -0.440603766 0.307860993
v 0.075613284 -0.432479929 0.290668816
v 0.096827656 -0.415613630 0.282580064
v 0.113509716 -0.393984454 0.282675344
v 0.130789793 -0.373247174 0.277313188
v 0.149236871 -0.356651876 0.264823014
v 0.167693929 -0.345659380 0.247932289
v 0.184125084 -0.325041736 0.237742175
v 0.192794124 -0.298411154 0.236268617
v 0.206579717 -0.276704505 0.224526246
v 0.223812454 -0.264313310 0.206909685
v 0.236394450 -0.242485105 0.194385996
v 0.239843386 -0.215764271 0.188599545
v 0.247999181 -0.191893858 0.176230225
v 0.263135700 -0.176435314 0.159197959
v 0.270643692 -0.152771146 0.145777775
v 0.266766337 -0.126637220 0.137844805
v 0.272024759 -0.103199636 0.123132875
v 0.283244918 -0.083963910 0.107117169
v 0.280970063 -0.059574029 0.094713373
v 0.275411665 -0.035838365 0.082356387
v 0.282804821 -0.014325583 0.066903823
v 0.282117607 0.009529116 0.052224645
v 0.268845480 0.030260362 0.040033026
v 0.267387196 0.053446567 0.024915983
v 0.267724874 0.076528371 0.010692721
v 0.252631730 0.094730505 -0.003002011
v 0.242471503 0.116033791 -0.018289655
v 0.242008916 0.140227215 -0.031156744
v 0.227842004 0.158880462 -0.045853146
v 0.210795270 0.174210662 -0.060994539
v 0.204505724 0.197916840 -0.072933288
v 0.190537163 0.217881678 -0.086807160
v 0.169756713 0.226484323 -0.102662680
v 0.154143762 0.245197413 -0.116469736
v 0.141479201 0.267288120 -0.126432731
v 0.121255182 0.278038646 -0.141387090
v 0.100473554 0.286624179 -0.156980645
v 0.082969741 0.305537223 -0.166389116
v 0.062765433 0.321245745 -0.176780955
v 0.041158424 0.324863255 -0.192755203
v 0.018611645 0.332108686 -0.207170939
v -0.002778558 0.347851553 -0.213184218
v -0.026591381 0.358794809 -0.222017171
v -0.049569490 0.360727439 -0.236853709
v -0.072520684 0.361711305 -0.251982763
v -0.098088474 0.368481277 -0.260930548
v -0.123334554 0.379349552 -0.261212154
v -0.149919702 0.381928977 -0.270513940
v -0.170886416 0.376733448 -0.288013903
v -0.196300536 0.375741289 -0.299456714
v -0.223506553 0.376765638 -0.305328996
v -0.250588015 0.380922115 -0.300621340
v -0.277861892 0.377825892 -0.307440576
v -0.300955359 0.371326812 -0.320546391
v -0.323081508 0.363944955 -0.334867232
v -0.350132367 0.358186754 -0.340787585
v -0.377143292 0.353661156 -0.337835458
v -0.403592201 0.348143983 -0.331566594
v -0.429987422 0.338600411 -0.335054770
v -0.454462253 0.327888774 -0.342384296
v -0.473961575 0.317000140 -0.359532047
v -0.499399897 0.305166832 -0.362676000
v -0.524585949 0.292420041 -0.364197082
v -0.547189913 0.280427855 -0.353117052
v -0.569183352 0.266679292 -0.343083981
v -0.592444397 0.250601389 -0.342464284
v -0.615023895 0.233931576 -0.343588080
v -0.635486343 0.219563569 -0.356700160
v -0.657008695 0.202969123 -0.362077293
v -0.678211247 0.184426675 -0.359509055
v -0.698514685 0.165149055 -0.355800804
v -0.712032198 0.147045240 -0.339458270
v -0.724617073 0.127804382 -0.323698831
v -0.741968766 0.106125385 -0.318363652
v -0.758429162 0.083864295 -0.312578214
v -0.776132969 0.062362308 -0.312365695
v -0.795649007 0.043500869 -0.320288994
v -0.812658487 0.021542053 -0.319429756
v -0.826230768 -0.002013026 -0.311625373
v -0.838791151 -0.025939032 -0.303273574
v -0.845790172 -0.048823708 -0.289440379
v -0.843964832 -0.068208065 -0.268956688
v -0.847298568 -0.091323848 -0.253973282
v -0.854968741 -0.116592756 -0.243843941
v -0.861496474 -0.141999731 -0.233268700
v -0.871040354 -0.167260071 -0.226556662
v -0.887224317 -0.190409565 -0.227838062
v -0.898816116 -0.215303418 -0.223368870
v -0.901854578 -0.240538142 -0.210961317
v -0.903746864 -0.265698944 -0.198182045
v -0.903906028 -0.290518018 -0.184715308
v -0.894174882 -0.310016966 -0.167167976
v -0.879851953 -0.326304173 -0.149029371
v -0.870895891 -0.347534315 -0.133212405
v -0.866666769 -0.371924045 -0.119530047
v -0.861280860 -0.395959749 -0.105628977
v -0.856413806 -0.420201145 -0.092142995
v -0.862665751 -0.446291928 -0.083526875
v -0.869003691 -0.472211933 -0.074520562
v -0.863137552 -0.495558954 -0.060385609
v -0.852999198 -0.517112808 -0.045134552
v -0.841804619 -0.538079173 -0.029803468
v -0.827526193 -0.556738661 -0.014484653
v -0.804921790 -0.566515574 -0.000864325
v -0.780808045 -0.574333592 0.011639161
v -0.762127594 -0.589701313 0.025755037
v -0.745995970 -0.607733134 0.040403994
v -0.728932334 -0.624948972 0.054978167
v -0.713517251 -0.643065187 0.069837520
v -0.708748234 -0.666077480 0.085429954
v -0.702575455 -0.688162826 0.101715990
v -0.684322436 -0.703070871 0.116918758
v -0.663528865 -0.715616449 0.131417145
v -0.642031005 -0.727205436 0.145683023
v -0.617498294 -0.733892626 0.156996901
v -0.589672012 -0.730767163 0.160792188
v -0.562343004 -0.730673800 0.166703900
v -0.538308357 -0.738826030 0.179132935
v -0.514002280 -0.746296945 0.191516785
v -0.489546143 -0.753128456 0.203930370
v -0.471619760 -0.765524014 0.221623264
v -0.455909302 -0.778611567 0.241106078
v -0.432971886 -0.784653257 0.255680677
v -0.406871889 -0.786132284 0.266477260
v -0.380543180 -0.786516961 0.276802602
v -0.353555230 -0.783010912 0.282456218
v -0.327792461 -0.772659315 0.277176236
v -0.300912457 -0.765736572 0.277907816
v -0.274046020 -0.762915257 0.286285856
v -0.247162521 -0.758966012 0.294137687
v -0.222824013 -0.757456183 0.307309491
v -0.203054725 -0.759214132 0.327423764
v -0.178069701 -0.753703584 0.338088108
v -0.151822353 -0.744777740 0.343688328
v -0.125825609 -0.734710356 0.348301118
v -0.102113546 -0.721717838 0.341271111
v -0.079238107 -0.708256683 0.331876569
v -0.053899522 -0.696090775 0.334468185
v -0.028927933 -0.683149203 0.337450389
v -0.005921851 -0.671096242 0.346881504
v 0.013904780 -0.659993391 0.363491166
v 0.036844585 -0.643917684 0.365824549
v 0.059329540 -0.626760301 0.365950567
v 0.079871744 -0.610272515 0.357508086
v 0.098748656 -0.594961967 0.343318529
v 0.119771921 -0.576160300 0.341572165
v 0.140009781 -0.556480069 0.340196827
v 0.155893415 -0.536651863 0.351879466
v 0.172812256 -0.515107855 0.354485539
v 0.190097228 -0.493107507 0.350340955
v 0.206169051 -0.475624024 0.336608973
v 0.221981192 -0.457201047 0.323950271
v 0.237133944 -0.433881302 0.318798975
v 0.248267445 -0.408797676 0.321590579
v 0.258030778 -0.383104219 0.322815178
v 0.269559825 -0.358403923 0.315269843
v 0.282702358 -0.341096609 0.298357647
v 0.293795478 -0.318496762 0.286992023
v 0.301732663 -0.292422297 0.280280334
v 0.302450860 -0.264492938 0.282363758
v 0.308410510 -0.238686814 0.272467874
v 0.318544583 -0.219579965 0.255703035
v 0.324717430 -0.195779102 0.243029866
v 0.323576280 -0.169125683 0.237053550
v 0.320042476 -0.142772957 0.230981396
v 0.322778236 -0.118827105 0.217067406
v 0.328869640 -0.097736726 0.200690857
v 0.325090967 -0.072241803 0.189954464
v 0.313940223 -0.048202224 0.183405824
v 0.312019123 -0.024519647 0.168805747
v 0.314132383 -0.002531127 0.152727176
v 0.302502460 0.019991101 0.142236107
v 0.289592913 0.041499440 0.130883582
v 0.288879603 0.063615691 0.114925236
v 0.280448189 0.085904928 0.100439937
v 0.260476728 0.101982969 0.090029026
v 0.248376322 0.122493849 0.074947528
v 0.243861062 0.144656481 0.059831607
v 0.225221135 0.159798787 0.046637945
v 0.206174028 0.174025770 0.032591878
v 0.197878717 0.196125535 0.018136730
v 0.179457583 0.211532824 0.003498367
v 0.156778220 0.217966731 -0.010360979
v 0.141701414 0.236139035 -0.024424734
v 0.123659291 0.251700249 -0.038391507
v 0.100620812 0.253008121 -0.053150238
v 0.079575911 0.264301001 -0.067999799
v 0.061459130 0.280960268 -0.079443500
v 0.038710805 0.283035224 -0.094518225
v 0.015859561 0.284811368 -0.109944005
v -0.005563452 0.298660425 -0.119799792
v -0.029865230 0.303650089 -0.133028979
v -0.050702121 0.296260317 -0.149853745
v -0.075284224 0.297907368 -0.163706433
v -0.100246003 0.307553490 -0.170225543
v -0.125022010 0.305469582 -0.183365077
v -0.143756801 0.295044754 -0.200573537
v -0.169141230 0.292484665 -0.212488579
v -0.196426440 0.295752495 -0.216307012
v -0.221552558 0.289398149 -0.227606768
v -0.237286797 0.275592517 -0.246010063
v -0.261799539 0.267230632 -0.257339991
v -0.289041250 0.263496019 -0.259363029
v -0.314475379 0.254423637 -0.265891670
v -0.335704051 0.241250905 -0.277796112
v -0.350977477 0.226027246 -0.294806364
v -0.374035557 0.212257011 -0.303675364
v -0.399487010 0.202159905 -0.300525833
v -0.422592329 0.187264245 -0.303988141
v -0.443401282 0.169868534 -0.311588380
v -0.455881816 0.152352511 -0.329828835
v -0.475272157 0.133739507 -0.337897380
v -0.495303345 0.114466209 -0.342595397
v -0.515860894 0.098307057 -0.332121651
v -0.534314110 0.077311791 -0.333325092
v -0.551452251 0.055084172 -0.336729081
v -0.563807416 0.034726943 -0.351356643
v -0.577494388 0.013012435 -0.361564157
v -0.592816738 -0.010671384 -0.363629190
v -0.607146587 -0.034295758 -0.360956810
v -0.618672008 -0.055009350 -0.345632712
v -0.630547591 -0.080240331 -0.342865253
v -0.641581637 -0.106266524 -0.341942329
v -0.651844502 -0.130834130 -0.349066095
v -0.661720166 -0.153565685 -0.362320514
v -0.670835278 -0.180242085 -0.360976391
v -0.678852496 -0.207214616 -0.358118385
v -0.684176189 -0.232877672 -0.349002839
v -0.684901917 -0.254598349 -0.330934411
v -0.687358980 -0.280572150 -0.321123445
v -0.690429788 -0.308148550 -0.315640261
v -0.692603049 -0.335766742 -0.310071918
v -0.698827048 -0.362323154 -0.316199449
v -0.705082315 -0.388862531 -0.322629971
v -0.705389090 -0.416274879 -0.315937849
v -0.704253161 -0.443361555 -0.307876429
v -0.701417419 -0.469663304 -0.298196897
v -0.691953052 -0.488592721 -0.279693765
v -0.680660400 -0.506134821 -0.260714199
v -0.673452122 -0.530724141 -0.249125776
v -0.666355663 -0.556070348 -0.238773266
v -0.658299747 -0.580974498 -0.228071932
v -0.656455160 -0.608660660 -0.225184198
v -0.657922142 -0.636870883 -0.225977561
v -0.651057763 -0.662402126 -0.217329513
v -0.640078181 -0.685223972 -0.204736874
v -0.628167357 -0.707366374 -0.191783088
v -0.613405387 -0.725716249 -0.176862468
v -0.593093998 -0.732182257 -0.158426188
v -0.572526208 -0.739835431 -0.140891687
v -0.556144050 -0.758132629 -0.126944396
v -0.539482089 -0.776360646 -0.113157812
v -0.522030480 -0.793669040 -0.099164068
v -0.509374373 -0.816039475 -0.088038554
v -0.501636730 -0.841855008 -0.079462902
v -0.489519377 -0.864278936 -0.067959244
v -0.470309877 -0.878481302 -0.052899722
v -0.450150141 -0.891115956 -0.037605933
v -0.429411787 -0.902688585 -0.022245464
v -0.406165412 -0.905823863 -0.007489890
v -0.381810438 -0.898486046 0.004823474
v -0.357220924 -0.895900060 0.017852455
v -0.334178074 -0.903218157 0.032499990
v -0.310849836 -0.909704354 0.047118136
v -0.287314308 -0.915376736 0.061708684
v -0.269028605 -0.929858312 0.077108909
v -0.253842970 -0.947654610 0.092957631
v -0.232670064 -0.955820338 0.108866008
v -0.208461825 -0.956384436 0.123480984
v -0.184124165 -0.955764633 0.137877313
v -0.159601063 -0.953096392 0.151600749
v -0.135927728 -0.939820551 0.158782721
v -0.113307361 -0.923432665 0.163139768
v -0.088872933 -0.913722297 0.172584023
v -0.064162059 -0.908106172 0.185145620
v -0.039580795 -0.901286784 0.197361157
v -0.015813406 -0.896658218 0.211363746
v 0.003933250 -0.901397111 0.230989937
v 0.024996097 -0.901235337 0.249210969
v 0.048233508 -0.889961493 0.260623353
v 0.071137303 -0.877180046 0.271207104
v 0.093566489 -0.862905245 0.280721407
v 0.112577820 -0.842319205 0.280051984
v 0.130077550 -0.820477007 0.276196812
v 0.151146707 -0.802871648 0.281995549
v 0.172363547 -0.786025442 0.290119809
v 0.193015116 -0.768430568 0.298045526
v 0.212055215 -0.757649933 0.315401758
v 0.229954332 -0.746703708 0.334055284
v 0.248191021 -0.726288449 0.340884066
v 0.265619050 -0.704652964 0.346189246
v 0.281541771 -0.681791857 0.347301584
v 0.293079366 -0.658951268 0.335343579
v 0.307385287 -0.635434968 0.332605527
v 0.322479999 -0.611747192 0.335921636
v 0.336707104 -0.587733499 0.339889862
v 0.348986884 -0.567608729 0.355320970
v 0.360345421 -0.544491962 0.365505696
v 0.371147272 -0.518356362 0.365966954
v 0.380961712 -0.491907884 0.364972240
v 0.389026634 -0.469861927 0.349492824
v 0.397437634 -0.444611711 0.342241145
v 0.405127512 -0.417429125 0.340850456
v 0.410553882 -0.390886569 0.345788176
v 0.413071795 -0.365273100 0.356332757
v 0.416970454 -0.337513193 0.352649698
v 0.420344741 -0.310459266 0.346074547
v 0.425823093 -0.289185699 0.328320500
v 0.427762611 -0.261996019 0.321561051
v 0.427654381 -0.234170252 0.317186029
v 0.421199304 -0.208012210 0.325360445
v 0.418281251 -0.180688348 0.319394252
v 0.416514495 -0.154933665 0.308889510
v 0.418999960 -0.133418477 0.291228316
v 0.413910592 -0.106823169 0.283080969
v 0.402929353 -0.081856666 0.282402755
v 0.392062675 -0.057102480 0.277915437
v 0.385240109 -0.032803056 0.265964490
v 0.384655462 -0.011601893 0.248543481
v 0.374100418 0.012526218 0.238250695
v 0.354661657 0.032602841 0.236683935
v 0.341512202 0.054801685 0.225256810
v 0.337952746 0.075808707 0.207935208
v 0.324957179 0.097087144 0.195115466
v 0.303347735 0.112854440 0.188922780
v 0.285478233 0.130803642 0.177041588
v 0.278213860 0.151203935 0.160213316
v 0.261266095 0.169003534 0.146579297
v 0.236308665 0.177670657 0.138702966
v 0.217544905 0.192913609 0.124131843
v 0.206099896 0.212049414 0.107958639
v 0.183773741 0.222176983 0.095164979
v 0.159817256 0.227402001 0.083259349
v 0.143660664 0.243364321 0.067830123
v 0.122702055 0.254366655 0.053100341
v 0.098186234 0.252207616 0.040954299
v 0.076478552 0.260855060 0.025742407
v 0.056653144 0.272654062 0.011578500
v 0.033476231 0.268459469 -0.002174670
v 0.009951898 0.268574995 -0.017363764
v -0.011709431 0.279374076 -0.030274048
v -0.035119839 0.276295152 -0.044980738
v -0.056272541 0.267456352 -0.060080296
v -0.080173026 0.272035609 -0.072359883
v -0.104358772 0.269736610 -0.085949751
v -0.121595006 0.255304547 -0.101772718
v -0.145202150 0.249489989 -0.115926425
v -0.170849583 0.249143453 -0.125608565
v -0.190527701 0.236761645 -0.140334635
v -0.206953562 0.221760159 -0.156142998
v -0.231456652 0.214379869 -0.166119426
v -0.255091970 0.204376492 -0.176021800
v -0.269148919 0.187188451 -0.191625994
v -0.285132898 0.170273060 -0.206406225
v -0.308540852 0.158094591 -0.213145227
v -0.329704498 0.142568850 -0.221342155
v -0.342816179 0.123134301 -0.235702919
v -0.353514636 0.103212279 -0.251310695
v -0.370950187 0.083433740 -0.260894313
v -0.392657476 0.066338398 -0.260637297
v -0.407236041 0.043970306 -0.269968870
v -0.412831589 0.022857879 -0.286943737
v -0.423174238 0.000000000 -0.298924976
l 3602 3603
l 3603 3604
l 3604 3605
l 3605 3606
l 3606 3607
l 3607 3608
l 3608 3609
l 3609 3610
l 3610 3611
l 3611 3612
l 3612 3613
l 3613 3614
l 3614 3615
l 3615 3616
l 3616 3617
l 3617 3618
l 3618 3619
l 3619 3620
l 3620 3621
l 3621 3622
l 3622 3623
l 3623 3624
l 3624 3625
l 3625 3626
l 3626 3627
l 3627 3628
l 3628 3629
l 3629 3630
l 3630 3631
l 3631 3632
l 3632 3633
l 3633 3634
l 3634 3635
l 3635 3636
l 3636 3637
l 3637 3638
l 3638 3639
l 3639 3640
l 3640 3641
l 3641 3642
l 3642 3643
l 3643 3644
l 3644 3645
l 3645 3646
l 3646 3647
l 3647 3648
l 3648 3649
l 3649 3650
l 3650 3651
l 3651 3652
l 3652 3653
l 3653 3654
l 3654 3655
l 3655 3656
l 3656 3657
l 3657 3658
l 3658 3659
l 3659 3660
l 3660 3661
l 3661 3662
l 3662 3663
l 3663 3664
l 3664 3665
l 3665 3666
l 3666 3667
l 3667 3668
l 3668 3669
l 3669 3670
l 3670 3671
l 3671 3672
l 3672 3673
l 3673 3674
l 3674 3675
l 3675 3676
l 3676 3677
l 3677 3678
l 3678 3679
l 3679 3680
l 3680 3681
l 3681 3682
l 3682 3683
l 3683 3684
l 3684 3685
l 3685 3686
l 3686 3687
l 3687 3688
l 3688 3689
l 3689 3690
l 3690 3691
l 3691 3692
l 3692 3693
l 3693 3694
l 3694 3695
l 3695 3696
l 3696 3697
l 3697 3698
l 3698 3699
l 3699 3700
l 3700 3701
l 3701 3702
l 3702 3703
l 3703 3704
l 3704 3705
l 3705 3706
l 3706 3707
l 3707 3708
l 3708 3709
l 3709 3710
l 3710 3711
l 3711 3712
l 3712 3713
l 3713 3714
l 3714 3715
l 3715 3716
l 3716 3717
l 3717 3718
l 3718 3719
l 3719 3720
l 3720 3721
l 3721 3722
l 3722 3723
l 3723 3724
l 3724 3725
l 3725 3726
l 3726 3727
l 3727 3728
l 3728 3729
l 3729 3730
l 3730 3731
l 3731 3732
l 3732 3733
l 3733 3734
l 3734 3735
l 3735 3736
l 3736 3737
l 3737 3738
l 3738 3739
l 3739 3740
l 3740 3741
l 3741 3742
l 3742 3743
l 3743 3744
l 3744 3745
l 3745 3746
l 3746 3747
l 3747 3748
l 3748 3749
l 3749 3750
l 3750 3751
l 3751 3752
l 3752 3753
l 3753 3754
l 3754 3755
l 3755 3756
l 3756 3757
l 3757 3758
l 3758 3759
l 3759 3760
l 3760 3761
l 3761 3762
l 3762 3763
l 3763 3764
l 3764 3765
l 3765 3766
l 3766 3767
l 3767 3768
l 3768 3769
l 3769 3770
l 3770 3771
l 3771 3772
l 3772 3773
l 3773 3774
l 3774 3775
l 3775 3776
l 3776 3777
l 3777 3778
l 3778 3779
l 3779 3780
l 3780 3781
l 3781 3782
l 3782 3783
l 3783 3784
l 3784 3785
l 3785 3786
l 3786 3787
l 3787 3788
l 3788 3789
l 3789 3790
l 3790 3791
l 3791 3792
l 3792 3793
l 3793 3794
l 3794 3795
l 3795 3796
l 3796 3797
l 3797 3798
l 3798 3799
l 3799 3800
l 3800 3801
l 3801 3802
l 3802 3803
l 3803 3804
l 3804 3805
l 3805 3806
l 3806 3807
l 3807 3808
l 3808 3809
l 3809 3810
l 3810 3811
l 3811 3812
l 3812 3813
l 3813 3814
l 3814 3815
l 3815 3816
l 3816 3817
l 3817 3818
l 3818 3819
l 3819 3820
l 3820 3821
l 3821 3822
l 3822 3823
l 3823 3824
l 3824 3825
l 3825 3826
l 3826 3827
l 3827 3828
l 3828 3829
l 3829 3830
l 3830 3831
l 3831 3832
l 3832 3833
l 3833 3834
l 3834 3835
l 3835 3836
l 3836 3837
l 3837 3838
l 3838 3839
l 3839 3840
l 3840 3841
l 3841 3842
l 3842 3843
l 3843 3844
l 3844 3845
l 3845 3846
l 3846 3847
l 3847 3848
l 3848 3849
l 3849 3850
l 3850 3851
l 3851 3852
l 3852 3853
l 3853 3854
l 3854 3855
l 3855 3856
l 3856 3857
l 3857 3858
l 3858 3859
l 3859 3860
l 3860 3861
l 3861 3862
l 3862 3863
l 3863 3864
l 3864 3865
l 3865 3866
l 3866 3867
l 3867 3868
l 3868 3869
l 3869 3870
l 3870 3871
l 3871 3872
l 3872 3873
l 3873 3874
l 3874 3875
l 3875 3876
l 3876 3877
l 3877 3878
l 3878 3879
l 3879 3880
l 3880 3881
l 3881 3882
l 3882 3883
l 3883 3884
l 3884 3885
l 3885 3886
l 3886 3887
l 3887 3888
l 3888 3889
l 3889 3890
l 3890 3891
l 3891 3892
l 3892 3893
l 3893 3894
l 3894 3895
l 3895 3896
l 3896 3897
l 3897 3898
l 3898 3899
l 3899 3900
l 3900 3901
l 3901 3902
l 3902 3903
l 3903 3904
l 3904 3905
l 3905 3906
l 3906 3907
l 3907 3908
l 3908 3909
l 3909 3910
l 3910 3911
l 3911 3912
l 3912 3913
l 3913 3914
l 3914 3915
l 3915 3916
l 3916 3917
l 3917 3918
l 3918 3919
l 3919 3920
l 3920 3921
l 3921 3922
l 3922 3923
l 3923 3924
l 3924 3925
l 3925 3926
l 3926 3927
l 3927 3928
l 3928 3929
l 3929 3930
l 3930 3931
l 3931 3932
l 3932 3933
l 3933 3934
l 3934 3935
l 3935 3936
l 3936 3937
l 3937 3938
l 3938 3939
l 3939 3940
l 3940 3941
l 3941 3942
l 3942 3943
l 3943 3944
l 3944 3945
l 3945 3946
l 3946 3947
l 3947 3948
l 3948 3949
l 3949 3950
l 3950 3951
l 3951 3952
l 3952 3953
l 3953 3954
l 3954 3955
l 3955 3956
l 3956 3957
l 3957 3958
l 3958 3959
l 3959 3960
l 3960 3961
l 3961 3962
l 3962 3963
l 3963 3964
l 3964 3965
l 3965 3966
l 3966 3967
l 3967 3968
l 3968 3969
l 3969 3970
l 3970 3971
l 3971 3972
l 3972 3973
l 3973 3974
l 3974 3975
l 3975 3976
l 3976 3977
l 3977 3978
l 3978 3979
l 3979 3980
l 3980 3981
l 3981 3982
l 3982 3983
l 3983 3984
l 3984 3985
l 3985 3986
l 3986 3987
l 3987 3988
l 3988 3989
l 3989 3990
l 3990 3991
l 3991 3992
l 3992 3993
l 3993 3994
l 3994 3995
l 3995 3996
l 3996 3997
l 3997 3998
l 3998 3999
l 3999 4000
l 4000 4001
l 4001 4002
l 4002 4003
l 4003 4004
l 4004 4005
l 4005 4006
l 4006 4007
l 4007 4008
l 4008 4009
l 4009 4010
l 4010 4011
l 4011 4012
l 4012 4013
l 4013 4014
l 4014 4015
l 4015 4016
l 4016 4017
l 4017 4018
l 4018 4019
l 4019 4020
l 4020 4021
l 4021 4022
l 4022 4023
l 4023 4024
l 4024 4025
l 4025 4026
l 4026 4027
l 4027 4028
l 4028 4029
l 4029 4030
l 4030 4031
l 4031 4032
l 4032 4033
l 4033 4034
l 4034 4035
l 4035 4036
l 4036 4037
l 4037 4038
l 4038 4039
l 4039 4040
l 4040 4041
l 4041 4042
l 4042 4043
l 4043 4044
l 4044 4045
l 4045 4046
l 4046 4047
l 4047 4048
l 4048 4049
l 4049 4050
l 4050 4051
l 4051 4052
l 4052 4053
l 4053 4054
l 4054 4055
l 4055 4056
l 4056 4057
l 4057 4058
l 4058 4059
l 4059 4060
l 4060 4061
l 4061 4062
l 4062 4063
l 4063 4064
l 4064 4065
l 4065 4066
l 4066 4067
l 4067 4068
l 4068 4069
l 4069 4070
l 4070 4071
l 4071 4072
l 4072 4073
l 4073 4074
l 4074 4075
l 4075 4076
l 4076 4077
l 4077 4078
l 4078 4079
l 4079 4080
l 4080 4081
l 4081 4082
l 4082 4083
l 4083 4084
l 4084 4085
l 4085 4086
l 4086 4087
l 4087 4088
l 4088 4089
l 4089 4090
l 4090 4091
l 4091 4092
l 4092 4093
l 4093 4094
l 4094 4095
l 4095 4096
l 4096 4097
l 4097 4098
l 4098 4099
l 4099 4100
l 4100 4101
l 4101 4102
l 4102 4103
l 4103 4104
l 4104 4105
l 4105 4106
l 4106 4107
l 4107 4108
l 4108 4109
l 4109 4110
l 4110 4111
l 4111 4112
l 4112 4113
l 4113 4114
l 4114 4115
l 4115 4116
l 4116 4117
l 4117 4118
l 4118 4119
l 4119 4120
l 4120 4121
l 4121 4122
l 4122 4123
l 4123 4124
l 4124 4125
l 4125 4126
l 4126 4127
l 4127 4128
l 4128 4129
l 4129 4130
l 4130 4131
l 4131 4132
l 4132 4133
l 4133 4134
l 4134 4135
l 4135 4136
l 4136 4137
l 4137 4138
l 4138 4139
l 4139 4140
l 4140 4141
l 4141 4142
l 4142 4143
l 4143 4144
l 4144 4145
l 4145 4146
l 4146 4147
l 4147 4148
l 4148 4149
l 4149 4150
l 4150 4151
l 4151 4152
l 4152 4153
l 4153 4154
l 4154 4155
l 4155 4156
l 4156 4157
l 4157 4158
l 4158 4159
l 4159 4160
l 4160 4161
l 4161 4162
l 4162 4163
l 4163 4164
l 4164 4165
l 4165 4166
l 4166 4167
l 4167 4168
l 4168 4169
l 4169 4170
l 4170 4171
l 4171 4172
l 4172 4173
l 4173 4174
l 4174 4175
l 4175 4176
l 4176 4177
l 4177 4178
l 4178 4179
l 4179 4180
l 4180 4181
l 4181 4182
l 4182 4183
l 4183 4184
l 4184 4185
l 4185 4186
l 4186 4187
l 4187 4188
l 4188 4189
l 4189 4190
l 4190 4191
l 4191 4192
l 4192 4193
l 4193 4194
l 4194 4195
l 4195 4196
l 4196 4197
l 4197 4198
l 4198 4199
l 4199 4200
l 4200 4201
l 4201 4202
l 4202 4203
l 4203 4204
l 4204 4205
l 4205 4206
l 4206 4207
l 4207 4208
l 4208 4209
l 4209 4210
l 4210 4211
l 4211 4212
l 4212 4213
l 4213 4214
l 4214 4215
l 4215 4216
l 4216 4217
l 4217 4218
l 4218 4219
l 4219 4220
l 4220 4221
l 4221 4222
l 4222 4223
l 4223 4224
l 4224 4225
l 4225 4226
l 4226 4227
l 4227 4228
l 4228 4229
l 4229 4230
l 4230 4231
l 4231 4232
l 4232 4233
l 4233 4234
l 4234 4235
l 4235 4236
l 4236 4237
l 4237 4238
l 4238 4239
l 4239 4240
l 4240 4241
l 4241 4242
l 4242 4243
l 4243 4244
l 4244 4245
l 4245 4246
l 4246 4247
l 4247 4248
l 4248 4249
l 4249 4250
l 4250 4251
l 4251 4252
l 4252 4253
l 4253 4254
l 4254 4255
l 4255 4256
l 4256 4257
l 4257 4258
l 4258 4259
l 4259 4260
l 4260 4261
l 4261 4262
l 4262 4263
l 4263 4264
l 4264 4265
l 4265 4266
l 4266 4267
l 4267 4268
l 4268 4269
l 4269 4270
l 4270 4271
l 4271 4272
l 4272 4273
l 4273 4274
l 4274 4275
l 4275 4276
l 4276 4277
l 4277 4278
l 4278 4279
l 4279 4280
l 4280 4281
l 4281 4282
l 4282 4283
l 4283 4284
l 4284 4285
l 4285 4286
l 4286 4287
l 4287 4288
l 4288 4289
l 4289 4290
l 4290 4291
l 4291 4292
l 4292 4293
l 4293 4294
l 4294 4295
l 4295 4296
l 4296 4297
l 4297 4298
l 4298 4299
l 4299 4300
l 4300 4301
l 4301 4302
l 4302 4303
l 4303 4304
l 4304 4305
l 4305 4306
l 4306 4307
l 4307 4308
l 4308 4309
l 4309 4310
l 4310 4311
l 4311 4312
l 4312 4313
l 4313 4314
l 4314 4315
l 4315 4316
l 4316 4317
l 4317 4318
l 4318 4319
l 4319 4320
l 4320 4321
l 4321 4322
l 4322 4323
l 4323 4324
l 4324 4325
l 4325 4326
l 4326 4327
l 4327 4328
l 4328 4329
l 4329 4330
l 4330 4331
l 4331 4332
l 4332 4333
l 4333 4334
l 4334 4335
l 4335 4336
l 4336 4337
l 4337 4338
l 4338 4339
l 4339 4340
l 4340 4341
l 4341 4342
l 4342 4343
l 4343 4344
l 4344 4345
l 4345 4346
l 4346 4347
l 4347 4348
l 4348 4349
l 4349 4350
l 4350 4351
l 4351 4352
l 4352 4353
l 4353 4354
l 4354 4355
l 4355 4356
l 4356 4357
l 4357 4358
l 4358 4359
l 4359 4360
l 4360 4361
l 4361 4362
l 4362 4363
l 4363 4364
l 4364 4365
l 4365 4366
l 4366 4367
l 4367 4368
l 4368 4369
l 4369 4370
l 4370 4371
l 4371 4372
l 4372 4373
l 4373 4374
l 4374 4375
l 4375 4376
l 4376 4377
l 4377 4378
l 4378 4379
l 4379 4380
l 4380 4381
l 4381 4382
l 4382 4383
l 4383 4384
l 4384 4385
l 4385 4386
l 4386 4387
l 4387 4388
l 4388 4389
l 4389 4390
l 4390 4391
l 4391 4392
l 4392 4393
l 4393 4394
l 4394 4395
l 4395 4396
l 4396 4397
l 4397 4398
l 4398 4399
l 4399 4400
l 4400 4401
l 4401 4402
l 4402 4403
l 4403 4404
l 4404 4405
l 4405 4406
l 4406 4407
l 4407 4408
l 4408 4409
l 4409 4410
l 4410 4411
l 4411 4412
l 4412 4413
l 4413 4414
l 4414 4415
l 4415 4416
l 4416 4417
l 4417 4418
l 4418 4419
l 4419 4420
l 4420 4421
l 4421 4422
l 4422 4423
l 4423 4424
l 4424 4425
l 4425 4426
l 4426 4427
l 4427 4428
l 4428 4429
l 4429 4430
l 4430 4431
l 4431 4432
l 4432 4433
l 4433 4434
l 4434 4435
l 4435 4436
l 4436 4437
l 4437 4438
l 4438 4439
l 4439 4440
l 4440 4441
l 4441 4442
l 4442 4443
l 4443 4444
l 4444 4445
l 4445 4446
l 4446 4447
l 4447 4448
l 4448 4449
l 4449 4450
l 4450 4451
l 4451 4452
l 4452 4453
l 4453 4454
l 4454 4455
l 4455 4456
l 4456 4457
l 4457 4458
l 4458 4459
l 4459 4460
l 4460 4461
l 4461 4462
l 4462 4463
l 4463 4464
l 4464 4465
l 4465 4466
l 4466 4467
l 4467 4468
l 4468 4469
l 4469 4470
l 4470 4471
l 4471 4472
l 4472 4473
l 4473 4474
l 4474 4475
l 4475 4476
l 4476 4477
l 4477 4478
l 4478 4479
l 4479 4480
l 4480 4481
l 4481 4482
l 4482 4483
l 4483 4484
l 4484 4485
l 4485 4486
l 4486 4487
l 4487 4488
l 4488 4489
l 4489 4490
l 4490 4491
l 4491 4492
l 4492 4493
l 4493 4494
l 4494 4495
l 4495 4496
l 4496 4497
l 4497 4498
l 4498 4499
l 4499 4500
l 4500 4501
l 4501 4502
l 4502 4503
l 4503 4504
l 4504 4505
l 4505 4506
l 4506 4507
l 4507 4508
l 4508 4509
l 4509 4510
l 4510 4511
l 4511 4512
l 4512 4513
l 4513 4514
l 4514 4515
l 4515 4516
l 4516 4517
l 4517 4518
l 4518 4519
l 4519 4520
l 4520 4521
l 4521 4522
l 4522 4523
l 4523 4524
l 4524 4525
l 4525 4526
l 4526 4527
l 4527 4528
l 4528 4529
l 4529 4530
l 4530 4531
l 4531 4532
l 4532 4533
l 4533 4534
l 4534 4535
l 4535 4536
l 4536 4537
l 4537 4538
l 4538 4539
l 4539 4540
l 4540 4541
l 4541 4542
l 4542 4543
l 4543 4544
l 4544 4545
l 4545 4546
l 4546 4547
l 4547 4548
l 4548 4549
l 4549 4550
l 4550 4551
l 4551 4552
l 4552 4553
l 4553 4554
l 4554 4555
l 4555 4556
l 4556 4557
l 4557 4558
l 4558 4559
l 4559 4560
l 4560 4561
l 4561 4562
l 4562 4563
l 4563 4564
l 4564 4565
l 4565 4566
l 4566 4567
l 4567 4568
l 4568 4569
l 4569 4570
l 4570 4571
l 4571 4572
l 4572 4573
l 4573 4574
l 4574 4575
l 4575 4576
l 4576 4577
l 4577 4578
l 4578 4579
l 4579 4580
l 4580 4581
l 4581 4582
l 4582 4583
l 4583 4584
l 4584 4585
l 4585 4586
l 4586 4587
l 4587 4588
l 4588 4589
l 4589 4590
l 4590 4591
l 4591 4592
l 4592 4593
l 4593 4594
l 4594 4595
l 4595 4596
l 4596 4597
l 4597 4598
l 4598 4599
l 4599 4600
l 4600 4601
l 4601 4602
l 4602 4603
l 4603 4604
l 4604 4605
l 4605 4606
l 4606 4607
l 4607 4608
l 4608 4609
l 4609 4610
l 4610 4611
l 4611 4612
l 4612 4613
l 4613 4614
l 4614 4615
l 4615 4616
l 4616 4617
l 4617 4618
l 4618 4619
l 4619 4620
l 4620 4621
l 4621 4622
l 4622 4623
l 4623 4624
l 4624 4625
l 4625 4626
l 4626 4627
l 4627 4628
l 4628 4629
l 4629 4630
l 4630 4631
l 4631 4632
l 4632 4633
l 4633 4634
l 4634 4635
l 4635 4636
l 4636 4637
l 4637 4638
l 4638 4639
l 4639 4640
l 4640 4641
l 4641 4642
l 4642 4643
l 4643 4644
l 4644 4645
l 4645 4646
l 4646 4647
l 4647 4648
l 4648 4649
l 4649 4650
l 4650 4651
l 4651 4652
l 4652 4653
l 4653 4654
l 4654 4655
l 4655 4656
l 4656 4657
l 4657 4658
l 4658 4659
l 4659 4660
l 4660 4661
l 4661 4662
l 4662 4663
l 4663 4664
l 4664 4665
l 4665 4666
l 4666 4667
l 4667 4668
l 4668 4669
l 4669 4670
l 4670 4671
l 4671 4672
l 4672 4673
l 4673 4674
l 4674 4675
l 4675 4676
l 4676 4677
l 4677 4678
l 4678 4679
l 4679 4680
l 4680 4681
l 4681 4682
l 4682 4683
l 4683 4684
l 4684 4685
l 4685 4686
l 4686 4687
l 4687 4688
l 4688 4689
l 4689 4690
l 4690 4691
l 4691 4692
l 4692 4693
l 4693 4694
l 4694 4695
l 4695 4696
l 4696 4697
l 4697 4698
l 4698 4699
l 4699 4700
l 4700 4701
l 4701 4702
l 4702 4703
l 4703 4704
l 4704 4705
l 4705 4706
l 4706 4707
l 4707 4708
l 4708 4709
l 4709 4710
l 4710 4711
l 4711 4712
l 4712 4713
l 4713 4714
l 4714 4715
l 4715 4716
l 4716 4717
l 4717 4718
l 4718 4719
l 4719 4720
l 4720 4721
l 4721 4722
l 4722 4723
l 4723 4724
l 4724 4725
l 4725 4726
l 4726 4727
l 4727 4728
l 4728 4729
l 4729 4730
l 4730 4731
l 4731 4732
l 4732 4733
l 4733 4734
l 4734 4735
l 4735 4736
l 4736 4737
l 4737 4738
l 4738 4739
l 4739 4740
l 4740 4741
l 4741 4742
l 4742 4743
l 4743 4744
l 4744 4745
l 4745 4746
l 4746 4747
l 4747 4748
l 4748 4749
l 4749 4750
l 4750 4751
l 4751 4752
l 4752 4753
l 4753 4754
l 4754 4755
l 4755 4756
l 4756 4757
l 4757 4758
l 4758 4759
l 4759 4760
l 4760 4761
l 4761 4762
l 4762 4763
l 4763 4764
l 4764 4765
l 4765 4766
l 4766 4767
l 4767 4768
l 4768 4769
l 4769 4770
l 4770 4771
l 4771 4772
l 4772 4773
l 4773 4774
l 4774 4775
l 4775 4776
l 4776 4777
l 4777 4778
l 4778 4779
l 4779 4780
l 4780 4781
l 4781 4782
l 4782 4783
l 4783 4784
l 4784 4785
l 4785 4786
l 4786 4787
l 4787 4788
l 4788 4789
l 4789 4790
l 4790 4791
l 4791 4792
l 4792 4793
l 4793 4794
l 4794 4795
l 4795 4796
l 4796 4797
l 4797 4798
l 4798 4799
l 4799 4800
l 4800 4801
l 4801 4802
l 4802 4803
l 4803 4804
l 4804 4805
l 4805 4806
l 4806 4807
l 4807 4808
l 4808 4809
l 4809 4810
l 4810 4811
l 4811 4812
l 4812 4813
l 4813 4814
l 4814 4815
l 4815 4816
l 4816 4817
l 4817 4818
l 4818 4819
l 4819 4820
l 4820 4821
l 4821 4822
l 4822 4823
l 4823 4824
l 4824 4825
l 4825 4826
l 4826 4827
l 4827 4828
l 4828 4829
l 4829 4830
l 4830 4831
l 4831 4832
l 4832 4833
l 4833 4834
l 4834 4835
l 4835 4836
l 4836 4837
l 4837 4838
l 4838 4839
l 4839 4840
l 4840 4841
l 4841 4842
l 4842 4843
l 4843 4844
l 4844 4845
l 4845 4846
l 4846 4847
l 4847 4848
l 4848 4849
l 4849 4850
l 4850 4851
l 4851 4852
l 4852 4853
l 4853 4854
l 4854 4855
l 4855 4856
l 4856 4857
l 4857 4858
l 4858 4859
l 4859 4860
l 4860 4861
l 4861 4862
l 4862 4863
l 4863 4864
l 4864 4865
l 4865 4866
l 4866 4867
l 4867 4868
l 4868 4869
l 4869 4870
l 4870 4871
l 4871 4872
l 4872 4873
l 4873 4874
l 4874 4875
l 4875 4876
l 4876 4877
l 4877 4878
l 4878 4879
l 4879 4880
l 4880 4881
l 4881 4882
l 4882 4883
l 4883 4884
l 4884 4885
l 4885 4886
l 4886 4887
l 4887 4888
l 4888 4889
l 4889 4890
l 4890 4891
l 4891 4892
l 4892 4893
l 4893 4894
l 4894 4895
l 4895 4896
l 4896 4897
l 4897 4898
l 4898 4899
l 4899 4900
l 4900 4901
l 4901 4902
l 4902 4903
l 4903 4904
l 4904 4905
l 4905 4906
l 4906 4907
l 4907 4908
l 4908 4909
l 4909 4910
l 4910 4911
l 4911 4912
l 4912 4913
l 4913 4914
l 4914 4915
l 4915 4916
l 4916 4917
l 4917 4918
l 4918 4919
l 4919 4920
l 4920 4921
l 4921 4922
l 4922 4923
l 4923 4924
l 4924 4925
l 4925 4926
l 4926 4927
l 4927 4928
l 4928 4929
l 4929 4930
l 4930 4931
l 4931 4932
l 4932 4933
l 4933 4934
l 4934 4935
l 4935 4936
l 4936 4937
l 4937 4938
l 4938 4939
l 4939 4940
l 4940 4941
l 4941 4942
l 4942 4943
l 4943 4944
l 4944 4945
l 4945 4946
l 4946 4947
l 4947 4948
l 4948 4949
l 4949 4950
l 4950 4951
l 4951 4952
l 4952 4953
l 4953 4954
l 4954 4955
l 4955 4956
l 4956 4957
l 4957 4958
l 4958 4959
l 4959 4960
l 4960 4961
l 4961 4962
l 4962 4963
l 4963 4964
l 4964 4965
l 4965 4966
l 4966 4967
l 4967 4968
l 4968 4969
l 4969 4970
l 4970 4971
l 4971 4972
l 4972 4973
l 4973 4974
l 4974 4975
l 4975 4976
l 4976 4977
l 4977 4978
l 4978 4979
l 4979 4980
l 4980 4981
l 4981 4982
l 4982 4983
l 4983 4984
l 4984 4985
l 4985 4986
l 4986 4987
l 4987 4988
l 4988 4989
l 4989 4990
l 4990 4991
l 4991 4992
l 4992 4993
l 4993 4994
l 4994 4995
l 4995 4996
l 4996 4997
l 4997 4998
l 4998 4999
l 4999 5000
l 5000 5001
l 5001 5002
l 5002 5003
l 5003 5004
l 5004 5005
l 5005 5006
l 5006 5007
l 5007 5008
l 5008 5009
l 5009 5010
l 5010 5011
l 5011 5012
l 5012 5013
l 5013 5014
l 5014 5015
l 5015 5016
l 5016 5017
l 5017 5018
l 5018 5019
l 5019 5020
l 5020 5021
l 5021 5022
l 5022 5023
l 5023 5024
l 5024 5025
l 5025 5026
l 5026 5027
l 5027 5028
l 5028 5029
l 5029 5030
l 5030 5031
l 5031 5032
l 5032 5033
l 5033 5034
l 5034 5035
l 5035 5036
l 5036 5037
l 5037 5038
l 5038 5039
l 5039 5040
l 5040 5041
l 5041 5042
l 5042 5043
l 5043 5044
l 5044 5045
l 5045 5046
l 5046 5047
l 5047 5048
l 5048 5049
l 5049 5050
l 5050 5051
l 5051 5052
l 5052 5053
l 5053 5054
l 5054 5055
l 5055 5056
l 5056 5057
l 5057 5058
l 5058 5059
l 5059 5060
l 5060 5061
l 5061 5062
l 5062 5063
l 5063 5064
l 5064 5065
l 5065 5066
l 5066 5067
l 5067 5068
l 5068 5069
l 5069 5070
l 5070 5071
l 5071 5072
l 5072 5073
l 5073 5074
l 5074 5075
l 5075 5076
l 5076 5077
l 5077 5078
l 5078 5079
l 5079 5080
l 5080 5081
l 5081 5082
l 5082 5083
l 5083 5084
l 5084 5085
l 5085 5086
l 5086 5087
l 5087 5088
l 5088 5089
l 5089 5090
l 5090 5091
l 5091 5092
l 5092 5093
l 5093 5094
l 5094 5095
l 5095 5096
l 5096 5097
l 5097 5098
l 5098 5099
l 5099 5100
l 5100 5101
l 5101 5102
l 5102 5103
l 5103 5104
l 5104 5105
l 5105 5106
l 5106 5107
l 5107 5108
l 5108 5109
l 5109 5110
l 5110 5111
l 5111 5112
l 5112 5113
l 5113 5114
l 5114 5115
l 5115 5116
l 5116 5117
l 5117 5118
l 5118 5119
l 5119 5120
l 5120 5121
l 5121 5122
l 5122 5123
l 5123 5124
l 5124 5125
l 5125 5126
l 5126 5127
l 5127 5128
l 5128 5129
l 5129 5130
l 5130 5131
l 5131 5132
l 5132 5133
l 5133 5134
l 5134 5135
l 5135 5136
l 5136 5137
l 5137 5138
l 5138 5139
l 5139 5140
l 5140 5141
l 5141 5142
l 5142 5143
l 5143 5144
l 5144 5145
l 5145 5146
l 5146 5147
l 5147 5148
l 5148 5149
l 5149 5150
l 5150 5151
l 5151 5152
l 5152 5153
l 5153 5154
l 5154 5155
l 5155 5156
l 5156 5157
l 5157 5158
l 5158 5159
l 5159 5160
l 5160 5161
l 5161 5162
l 5162 5163
l 5163 5164
l 5164 5165
l 5165 5166
l 5166 5167
l 5167 5168
l 5168 5169
l 5169 5170
l 5170 5171
l 5171 5172
l 5172 5173
l 5173 5174
l 5174 5175
l 5175 5176
l 5176 5177
l 5177 5178
l 5178 5179
l 5179 5180
l 5180 5181
l 5181 5182
l 5182 5183
l 5183 5184
l 5184 5185
l 5185 5186
l 5186 5187
l 5187 5188
l 5188 5189
l 5189 5190
l 5190 5191
l 5191 5192
l 5192 5193
l 5193 5194
l 5194 5195
l 5195 5196
l 5196 5197
l 5197 5198
l 5198 5199
l 5199 5200
l 5200 5201
l 5201 5202
l 5202 5203
l 5203 5204
l 5204 5205
l 5205 5206
l 5206 5207
l 5207 5208
l 5208 5209
l 5209 5210
l 5210 5211
l 5211 5212
l 5212 5213
l 5213 5214
l 5214 5215
l 5215 5216
l 5216 5217
l 5217 5218
l 5218 5219
l 5219 5220
l 5220 5221
l 5221 5222
l 5222 5223
l 5223 5224
l 5224 5225
l 5225 5226
l 5226 5227
l 5227 5228
l 5228 5229
l 5229 5230
l 5230 5231
l 5231 5232
l 5232 5233
l 5233 5234
l 5234 5235
l 5235 5236
l 5236 5237
l 5237 5238
l 5238 5239
l 5239 5240
l 5240 5241
l 5241 5242
l 5242 5243
l 5243 5244
l 5244 5245
l 5245 5246
l 5246 5247
l 5247 5248
l 5248 5249
l 5249 5250
l 5250 5251
l 5251 5252
l 5252 5253
l 5253 5254
l 5254 5255
l 5255 5256
l 5256 5257
l 5257 5258
l 5258 5259
l 5259 5260
l 5260 5261
l 5261 5262
l 5262 5263
l 5263 5264
l 5264 5265
l 5265 5266
l 5266 5267
l 5267 5268
l 5268 5269
l 5269 5270
l 5270 5271
l 5271 5272
l 5272 5273
l 5273 5274
l 5274 5275
l 5275 5276
l 5276 5277
l 5277 5278
l 5278 5279
l 5279 5280
l 5280 5281
l 5281 5282
l 5282 5283
l 5283 5284
l 5284 5285
l 5285 5286
l 5286 5287
l 5287 5288
l 5288 5289
l 5289 5290
l 5290 5291
l 5291 5292
l 5292 5293
l 5293 5294
l 5294 5295
l 5295 5296
l 5296 5297
l 5297 5298
l 5298 5299
l 5299 5300
l 5300 5301
l 5301 5302
l 5302 5303
l 5303 5304
l 5304 5305
l 5305 5306
l 5306 5307
l 5307 5308
l 5308 5309
l 5309 5310
l 5310 5311
l 5311 5312
l 5312 5313
l 5313 5314
l 5314 5315
l 5315 5316
l 5316 5317
l 5317 5318
l 5318 5319
l 5319 5320
l 5320 5321
l 5321 5322
l 5322 5323
l 5323 5324
l 5324 5325
l 5325 5326
l 5326 5327
l 5327 5328
l 5328 5329
l 5329 5330
l 5330 5331
l 5331 5332
l 5332 5333
l 5333 5334
l 5334 5335
l 5335 5336
l 5336 5337
l 5337 5338
l 5338 5339
l 5339 5340
l 5340 5341
l 5341 5342
l 5342 5343
l 5343 5344
l 5344 5345
l 5345 5346
l 5346 5347
l 5347 5348
l 5348 5349
l 5349 5350
l 5350 5351
l 5351 5352
l 5352 5353
l 5353 5354
l 5354 5355
l 5355 5356
l 5356 5357
l 5357 5358
l 5358 5359
l 5359 5360
l 5360 5361
l 5361 5362
l 5362 5363
l 5363 5364
l 5364 5365
l 5365 5366
l 5366 5367
l 5367 5368
l 5368 5369
l 5369 5370
l 5370 5371
l 5371 5372
l 5372 5373
l 5373 5374
l 5374 5375
l 5375 5376
l 5376 5377
l 5377 5378
l 5378 5379
l 5379 5380
l 5380 5381
l 5381 5382
l 5382 5383
l 5383 5384
l 5384 5385
l 5385 5386
l 5386 5387
l 5387 5388
l 5388 5389
l 5389 5390
l 5390 5391
l 5391 5392
l 5392 5393
l 5393 5394
l 5394 5395
l 5395 5396
l 5396 5397
l 5397 5398
l 5398 5399
l 5399 5400
l 5400 5401
l 5401 5402
l 5402 5403
l 5403 5404
l 5404 5405
l 5405 5406
l 5406 5407
l 5407 5408
l 5408 5409
l 5409 5410
l 5410 5411
l 5411 5412
l 5412 5413
l 5413 5414
l 5414 5415
l 5415 5416
l 5416 5417
l 5417 5418
l 5418 5419
l 5419 5420
l 5420 5421
l 5421 5422
l 5422 5423
l 5423 5424
l 5424 5425
l 5425 5426
l 5426 5427
l 5427 5428
l 5428 5429
l 5429 5430
l 5430 5431
l 5431 5432
l 5432 5433
l 5433 5434
l 5434 5435
l 5435 5436
l 5436 5437
l 5437 5438
l 5438 5439
l 5439 5440
l 5440 5441
l 5441 5442
l 5442 5443
l 5443 5444
l 5444 5445
l 5445 5446
l 5446 5447
l 5447 5448
l 5448 5449
l 5449 5450
l 5450 5451
l 5451 5452
l 5452 5453
l 5453 5454
l 5454 5455
l 5455 5456
l 5456 5457
l 5457 5458
l 5458 5459
l 5459 5460
l 5460 5461
l 5461 5462
l 5462 5463
l 5463 5464
l 5464 5465
l 5465 5466
l 5466 5467
l 5467 5468
l 5468 5469
l 5469 5470
l 5470 5471
l 5471 5472
l 5472 5473
l 5473 5474
l 5474 5475
l 5475 5476
l 5476 5477
l 5477 5478
l 5478 5479
l 5479 5480
l 5480 5481
l 5481 5482
l 5482 5483
l 5483 5484
l 5484 5485
l 5485 5486
l 5486 5487
l 5487 5488
l 5488 5489
l 5489 5490
l 5490 5491
l 5491 5492
l 5492 5493
l 5493 5494
l 5494 5495
l 5495 5496
l 5496 5497
l 5497 5498
l 5498 5499
l 5499 5500
l 5500 5501
l 5501 5502
l 5502 5503
l 5503 5504
l 5504 5505
l 5505 5506
l 5506 5507
l 5507 5508
l 5508 5509
l 5509 5510
l 5510 5511
l 5511 5512
l 5512 5513
l 5513 5514
l 5514 5515
l 5515 5516
l 5516 5517
l 5517 5518
l 5518 5519
l 5519 5520
l 5520 5521
l 5521 5522
l 5522 5523
l 5523 5524
l 5524 5525
l 5525 5526
l 5526 5527
l 5527 5528
l 5528 5529
l 5529 5530
l 5530 5531
l 5531 5532
l 5532 5533
l 5533 5534
l 5534 5535
l 5535 5536
l 5536 5537
l 5537 5538
l 5538 5539
l 5539 5540
l 5540 5541
l 5541 5542
l 5542 5543
l 5543 5544
l 5544 5545
l 5545 5546
l 5546 5547
l 5547 5548
l 5548 5549
l 5549 5550
l 5550 5551
l 5551 5552
l 5552 5553
l 5553 5554
l 5554 5555
l 5555 5556
l 5556 5557
l 5557 5558
l 5558 5559
l 5559 5560
l 5560 5561
l 5561 5562
l 5562 5563
l 5563 5564
l 5564 5565
l 5565 5566
l 5566 5567
l 5567 5568
l 5568 5569
l 5569 5570
l 5570 5571
l 5571 5572
l 5572 5573
l 5573 5574
l 5574 5575
l 5575 5576
l 5576 5577
l 5577 5578
l 5578 5579
l 5579 5580
l 5580 5581
l 5581 5582
l 5582 5583
l 5583 5584
l 5584 5585
l 5585 5586
l 5586 5587
l 5587 5588
l 5588 5589
l 5589 5590
l 5590 5591
l 5591 5592
l 5592 5593
l 5593 5594
l 5594 5595
l 5595 5596
l 5596 5597
l 5597 5598
l 5598 5599
l 5599 5600
l 5600 5601
l 5601 5602
l 5602 5603
l 5603 5604
l 5604 5605
l 5605 5606
l 5606 5607
l 5607 5608
l 5608 5609
l 5609 5610
l 5610 5611
l 5611 5612
l 5612 5613
l 5613 5614
l 5614 5615
l 5615 5616
l 5616 5617
l 5617 5618
l 5618 5619
l 5619 5620
l 5620 5621
l 5621 5622
l 5622 5623
l 5623 5624
l 5624 5625
l 5625 5626
l 5626 5627
l 5627 5628
l 5628 5629
l 5629 5630
l 5630 5631
l 5631 5632
l 5632 5633
l 5633 5634
l 5634 5635
l 5635 5636
l 5636 5637
l 5637 5638
l 5638 5639
l 5639 5640
l 5640 5641
l 5641 5642
l 5642 5643
l 5643 5644
l 5644 5645
l 5645 5646
l 5646 5647
l 5647 5648
l 5648 5649
l 5649 5650
l 5650 5651
l 5651 5652
l 5652 5653
l 5653 5654
l 5654 5655
l 5655 5656
l 5656 5657
l 5657 5658
l 5658 5659
l 5659 5660
l 5660 5661
l 5661 5662
l 5662 5663
l 5663 5664
l 5664 5665
l 5665 5666
l 5666 5667
l 5667 5668
l 5668 5669
l 5669 5670
l 5670 5671
l 5671 5672
l 5672 5673
l 5673 5674
l 5674 5675
l 5675 5676
l 5676 5677
l 5677 5678
l 5678 5679
l 5679 5680
l 5680 5681
l 5681 5682
l 5682 5683
l 5683 5684
l 5684 5685
l 5685 5686
l 5686 5687
l 5687 5688
l 5688 5689
l 5689 5690
l 5690 5691
l 5691 5692
l 5692 5693
l 5693 5694
l 5694 5695
l 5695 5696
l 5696 5697
l 5697 5698
l 5698 5699
l 5699 5700
l 5700 5701
l 5701 5702
l 5702 5703
l 5703 5704
l 5704 5705
l 5705 5706
l 5706 5707
l 5707 5708
l 5708 5709
l 5709 5710
l 5710 5711
l 5711 5712
l 5712 5713
l 5713 5714
l 5714 5715
l 5715 5716
l 5716 5717
l 5717 5718
l 5718 5719
l 5719 5720
l 5720 5721
l 5721 5722
l 5722 5723
l 5723 5724
l 5724 5725
l 5725 5726
l 5726 5727
l 5727 5728
l 5728 5729
l 5729 5730
l 5730 5731
l 5731 5732
l 5732 5733
l 5733 5734
l 5734 5735
l 5735 5736
l 5736 5737
l 5737 5738
l 5738 5739
l 5739 5740
l 5740 5741
l 5741 5742
l 5742 5743
l 5743 5744
l 5744 5745
l 5745 5746
l 5746 5747
l 5747 5748
l 5748 5749
l 5749 5750
l 5750 5751
l 5751 5752
l 5752 5753
l 5753 5754
l 5754 5755
l 5755 5756
l 5756 5757
l 5757 5758
l 5758 5759
l 5759 5760
l 5760 5761
l 5761 5762
l 5762 5763
l 5763 5764
l 5764 5765
l 5765 5766
l 5766 5767
l 5767 5768
l 5768 5769
l 5769 5770
l 5770 5771
l 5771 5772
l 5772 5773
l 5773 5774
l 5774 5775
l 5775 5776
l 5776 5777
l 5777 5778
l 5778 5779
l 5779 5780
l 5780 5781
l 5781 5782
l 5782 5783
l 5783 5784
l 5784 5785
l 5785 5786
l 5786 5787
l 5787 5788
l 5788 5789
l 5789 5790
l 5790 5791
l 5791 5792
l 5792 5793
l 5793 5794
l 5794 5795
l 5795 5796
l 5796 5797
l 5797 5798
l 5798 5799
l 5799 5800
l 5800 5801
l 5801 5802
l 5802 5803
l 5803 5804
l 5804 5805
l 5805 5806
l 5806 5807
l 5807 5808
l 5808 5809
l 5809 5810
l 5810 5811
l 5811 5812
l 5812 5813
l 5813 5814
l 5814 5815
l 5815 5816
l 5816 5817
l 5817 5818
l 5818 5819
l 5819 5820
l 5820 5821
l 5821 5822
l 5822 5823
l 5823 5824
l 5824 5825
l 5825 5826
l 5826 5827
l 5827 5828
l 5828 5829
l 5829 5830
l 5830 5831
l 5831 5832
l 5832 5833
l 5833 5834
l 5834 5835
l 5835 5836
l 5836 5837
l 5837 5838
l 5838 5839
l 5839 5840
l 5840 5841
l 5841 5842
l 5842 5843
l 5843 5844
l 5844 5845
l 5845 5846
l 5846 5847
l 5847 5848
l 5848 5849
l 5849 5850
l 5850 5851
l 5851 5852
l 5852 5853
l 5853 5854
l 5854 5855
l 5855 5856
l 5856 5857
l 5857 5858
l 5858 5859
l 5859 5860
l 5860 5861
l 5861 5862
l 5862 5863
l 5863 5864
l 5864 5865
l 5865 5866
l 5866 5867
l 5867 5868
l 5868 5869
l 5869 5870
l 5870 5871
l 5871 5872
l 5872 5873
l 5873 5874
l 5874 5875
l 5875 5876
l 5876 5877
l 5877 5878
l 5878 5879
l 5879 5880
l 5880 5881
l 5881 5882
l 5882 5883
l 5883 5884
l 5884 5885
l 5885 5886
l 5886 5887
l 5887 5888
l 5888 5889
l 5889 5890
l 5890 5891
l 5891 5892
l 5892 5893
l 5893 5894
l 5894 5895
l 5895 5896
l 5896 5897
l 5897 5898
l 5898 5899
l 5899 5900
l 5900 5901
l 5901 5902
l 5902 5903
l 5903 5904
l 5904 5905
l 5905 5906
l 5906 5907
l 5907 5908
l 5908 5909
l 5909 5910
l 5910 5911
l 5911 5912
l 5912 5913
l 5913 5914
l 5914 5915
l 5915 5916
l 5916 5917
l 5917 5918
l 5918 5919
l 5919 5920
l 5920 5921
l 5921 5922
l 5922 5923
l 5923 5924
l 5924 5925
l 5925 5926
l 5926 5927
l 5927 5928
l 5928 5929
l 5929 5930
l 5930 5931
l 5931 5932
l 5932 5933
l 5933 5934
l 5934 5935
l 5935 5936
l 5936 5937
l 5937 5938
l 5938 5939
l 5939 5940
l 5940 5941
l 5941 5942
l 5942 5943
l 5943 5944
l 5944 5945
l 5945 5946
l 5946 5947
l 5947 5948
l 5948 5949
l 5949 5950
l 5950 5951
l 5951 5952
l 5952 5953
l 5953 5954
l 5954 5955
l 5955 5956
l 5956 5957
l 5957 5958
l 5958 5959
l 5959 5960
l 5960 5961
l 5961 5962
l 5962 5963
l 5963 5964
l 5964 5965
l 5965 5966
l 5966 5967
l 5967 5968
l 5968 5969
l 5969 5970
l 5970 5971
l 5971 5972
l 5972 5973
l 5973 5974
l 5974 5975
l 5975 5976
l 5976 5977
l 5977 5978
l 5978 5979
l 5979 5980
l 5980 5981
l 5981 5982
l 5982 5983
l 5983 5984
l 5984 5985
l 5985 5986
l 5986 5987
l 5987 5988
l 5988 5989
l 5989 5990
l 5990 5991
l 5991 5992
l 5992 5993
l 5993 5994
l 5994 5995
l 5995 5996
l 5996 5997
l 5997 5998
l 5998 5999
l 5999 6000
l 6000 6001
l 6001 6002
l 6002 6003
l 6003 6004
l 6004 6005
l 6005 6006
l 6006 6007
l 6007 6008
l 6008 6009
l 6009 6010
l 6010 6011
l 6011 6012
l 6012 6013
l 6013 6014
l 6014 6015
l 6015 6016
l 6016 6017
l 6017 6018
l 6018 6019
l 6019 6020
l 6020 6021
l 6021 6022
l 6022 6023
l 6023 6024
l 6024 6025
l 6025 6026
l 6026 6027
l 6027 6028
l 6028 6029
l 6029 6030
l 6030 6031
l 6031 6032
l 6032 6033
l 6033 6034
l 6034 6035
l 6035 6036
l 6036 6037
l 6037 6038
l 6038 6039
l 6039 6040
l 6040 6041
l 6041 6042
l 6042 6043
l 6043 6044
l 6044 6045
l 6045 6046
l 6046 6047
l 6047 6048
l 6048 6049
l 6049 6050
l 6050 6051
l 6051 6052
l 6052 6053
l 6053 6054
l 6054 6055
l 6055 6056
l 6056 6057
l 6057 6058
l 6058 6059
l 6059 6060
l 6060 6061
l 6061 6062
l 6062 6063
l 6063 6064
l 6064 6065
l 6065 6066
l 6066 6067
l 6067 6068
l 6068 6069
l 6069 6070
l 6070 6071
l 6071 6072
l 6072 6073
l 6073 6074
l 6074 6075
l 6075 6076
l 6076 6077
l 6077 6078
l 6078 6079
l 6079 6080
l 6080 6081
l 6081 6082
l 6082 6083
l 6083 6084
l 6084 6085
l 6085 6086
l 6086 6087
l 6087 6088
l 6088 6089
l 6089 6090
l 6090 6091
l 6091 6092
l 6092 6093
l 6093 6094
l 6094 6095
l 6095 6096
l 6096 6097
l 6097 6098
l 6098 6099
l 6099 6100
l 6100 6101
l 6101 6102
l 6102 6103
l 6103 6104
l 6104 6105
l 6105 6106
l 6106 6107
l 6107 6108
l 6108 6109
l 6109 6110
l 6110 6111
l 6111 6112
l 6112 6113
l 6113 6114
l 6114 6115
l 6115 6116
l 6116 6117
l 6117 6118
l 6118 6119
l 6119 6120
l 6120 6121
l 6121 6122
l 6122 6123
l 6123 6124
l 6124 6125
l 6125 6126
l 6126 6127
l 6127 6128
l 6128 6129
l 6129 6130
l 6130 6131
l 6131 6132
l 6132 6133
l 6133 6134
l 6134 6135
l 6135 6136
l 6136 6137
l 6137 6138
l 6138 6139
l 6139 6140
l 6140 6141
l 6141 6142
l 6142 6143
l 6143 6144
l 6144 6145
l 6145 6146
l 6146 6147
l 6147 6148
l 6148 6149
l 6149 6150
l 6150 6151
l 6151 6152
l 6152 6153
l 6153 6154
l 6154 6155
l 6155 6156
l 6156 6157
l 6157 6158
l 6158 6159
l 6159 6160
l 6160 6161
l 6161 6162
l 6162 6163
l 6163 6164
l 6164 6165
l 6165 6166
l 6166 6167
l 6167 6168
l 6168 6169
l 6169 6170
l 6170 6171
l 6171 6172
l 6172 6173
l 6173 6174
l 6174 6175
l 6175 6176
l 6176 6177
l 6177 6178
l 6178 6179
l 6179 6180
l 6180 6181
l 6181 6182
l 6182 6183
l 6183 6184
l 6184 6185
l 6185 6186
l 6186 6187
l 6187 6188
l 6188 6189
l 6189 6190
l 6190 6191
l 6191 6192
l 6192 6193
l 6193 6194
l 6194 6195
l 6195 6196
l 6196 6197
l 6197 6198
l 6198 6199
l 6199 6200
l 6200 6201
l 6201 6202
l 6202 6203
l 6203 6204
l 6204 6205
l 6205 6206
l 6206 6207
l 6207 6208
l 6208 6209
l 6209 6210
l 6210 6211
l 6211 6212
l 6212 6213
l 6213 6214
l 6214 6215
l 6215 6216
l 6216 6217
l 6217 6218
l 6218 6219
l 6219 6220
l 6220 6221
l 6221 6222
l 6222 6223
l 6223 6224
l 6224 6225
l 6225 6226
l 6226 6227
l 6227 6228
l 6228 6229
l 6229 6230
l 6230 6231
l 6231 6232
l 6232 6233
l 6233 6234
l 6234 6235
l 6235 6236
l 6236 6237
l 6237 6238
l 6238 6239
l 6239 6240
l 6240 6241
l 6241 6242
l 6242 6243
l 6243 6244
l 6244 6245
l 6245 6246
l 6246 6247
l 6247 6248
l 6248 6249
l 6249 6250
l 6250 6251
l 6251 6252
l 6252 6253
l 6253 6254
l 6254 6255
l 6255 6256
l 6256 6257
l 6257 6258
l 6258 6259
l 6259 6260
l 6260 6261
l 6261 6262
l 6262 6263
l 6263 6264
l 6264 6265
l 6265 6266
l 6266 6267
l 6267 6268
l 6268 6269
l 6269 6270
l 6270 6271
l 6271 6272
l 6272 6273
l 6273 6274
l 6274 6275
l 6275 6276
l 6276 6277
l 6277 6278
l 6278 6279
l 6279 6280
l 6280 6281
l 6281 6282
l 6282 6283
l 6283 6284
l 6284 6285
l 6285 6286
l 6286 6287
l 6287 6288
l 6288 6289
l 6289 6290
l 6290 6291
l 6291 6292
l 6292 6293
l 6293 6294
l 6294 6295
l 6295 6296
l 6296 6297
l 6297 6298
l 6298 6299
l 6299 6300
l 6300 6301
l 6301 6302
l 6302 6303
l 6303 6304
l 6304 6305
l 6305 6306
l 6306 6307
l 6307 6308
l 6308 6309
l 6309 6310
l 6310 6311
l 6311 6312
l 6312 6313
l 6313 6314
l 6314 6315
l 6315 6316
l 6316 6317
l 6317 6318
l 6318 6319
l 6319 6320
l 6320 6321
l 6321 6322
l 6322 6323
l 6323 6324
l 6324 6325
l 6325 6326
l 6326 6327
l 6327 6328
l 6328 6329
l 6329 6330
l 6330 6331
l 6331 6332
l 6332 6333
l 6333 6334
l 6334 6335
l 6335 6336
l 6336 6337
l 6337 6338
l 6338 6339
l 6339 6340
l 6340 6341
l 6341 6342
l 6342 6343
l 6343 6344
l 6344 6345
l 6345 6346
l 6346 6347
l 6347 6348
l 6348 6349
l 6349 6350
l 6350 6351
l 6351 6352
l 6352 6353
l 6353 6354
l 6354 6355
l 6355 6356
l 6356 6357
l 6357 6358
l 6358 6359
l 6359 6360
l 6360 6361
l 6361 6362
l 6362 6363
l 6363 6364
l 6364 6365
l 6365 6366
l 6366 6367
l 6367 6368
l 6368 6369
l 6369 6370
l 6370 6371
l 6371 6372
l 6372 6373
l 6373 6374
l 6374 6375
l 6375 6376
l 6376 6377
l 6377 6378
l 6378 6379
l 6379 6380
l 6380 6381
l 6381 6382
l 6382 6383
l 6383 6384
l 6384 6385
l 6385 6386
l 6386 6387
l 6387 6388
l 6388 6389
l 6389 6390
l 6390 6391
l 6391 6392
l 6392 6393
l 6393 6394
l 6394 6395
l 6395 6396
l 6396 6397
l 6397 6398
l 6398 6399
l 6399 6400
l 6400 6401
l 6401 6402
l 6402 6403
l 6403 6404
l 6404 6405
l 6405 6406
l 6406 6407
l 6407 6408
l 6408 6409
l 6409 6410
l 6410 6411
l 6411 6412
l 6412 6413
l 6413 6414
l 6414 6415
l 6415 6416
l 6416 6417
l 6417 6418
l 6418 6419
l 6419 6420
l 6420 6421
l 6421 6422
l 6422 6423
l 6423 6424
l 6424 6425
l 6425 6426
l 6426 6427
l 6427 6428
l 6428 6429
l 6429 6430
l 6430 6431
l 6431 6432
l 6432 6433
l 6433 6434
l 6434 6435
l 6435 6436
l 6436 6437
l 6437 6438
l 6438 6439
l 6439 6440
l 6440 6441
l 6441 6442
l 6442 6443
l 6443 6444
l 6444 6445
l 6445 6446
l 6446 6447
l 6447 6448
l 6448 6449
l 6449 6450
l 6450 6451
l 6451 6452
l 6452 6453
l 6453 6454
l 6454 6455
l 6455 6456
l 6456 6457
l 6457 6458
l 6458 6459
l 6459 6460
l 6460 6461
l 6461 6462
l 6462 6463
l 6463 6464
l 6464 6465
l 6465 6466
l 6466 6467
l 6467 6468
l 6468 6469
l 6469 6470
l 6470 6471
l 6471 6472
l 6472 6473
l 6473 6474
l 6474 6475
l 6475 6476
l 6476 6477
l 6477 6478
l 6478 6479
l 6479 6480
l 6480 6481
l 6481 6482
l 6482 6483
l 6483 6484
l 6484 6485
l 6485 6486
l 6486 6487
l 6487 6488
l 6488 6489
l 6489 6490
l 6490 6491
l 6491 6492
l 6492 6493
l 6493 6494
l 6494 6495
l 6495 6496
l 6496 6497
l 6497 6498
l 6498 6499
l 6499 6500
l 6500 6501
l 6501 6502
l 6502 6503
l 6503 6504
l 6504 6505
l 6505 6506
l 6506 6507
l 6507 6508
l 6508 6509
l 6509 6510
l 6510 6511
l 6511 6512
l 6512 6513
l 6513 6514
l 6514 6515
l 6515 6516
l 6516 6517
l 6517 6518
l 6518 6519
l 6519 6520
l 6520 6521
l 6521 6522
l 6522 6523
l 6523 6524
l 6524 6525
l 6525 6526
l 6526 6527
l 6527 6528
l 6528 6529
l 6529 6530
l 6530 6531
l 6531 6532
l 6532 6533
l 6533 6534
l 6534 6535
l 6535 6536
l 6536 6537
l 6537 6538
l 6538 6539
l 6539 6540
l 6540 6541
l 6541 6542
l 6542 6543
l 6543 6544
l 6544 6545
l 6545 6546
l 6546 6547
l 6547 6548
l 6548 6549
l 6549 6550
l 6550 6551
l 6551 6552
l 6552 6553
l 6553 6554
l 6554 6555
l 6555 6556
l 6556 6557
l 6557 6558
l 6558 6559
l 6559 6560
l 6560 6561
l 6561 6562
l 6562 6563
l 6563 6564
l 6564 6565
l 6565 6566
l 6566 6567
l 6567 6568
l 6568 6569
l 6569 6570
l 6570 6571
l 6571 6572
l 6572 6573
l 6573 6574
l 6574 6575
l 6575 6576
l 6576 6577
l 6577 6578
l 6578 6579
l 6579 6580
l 6580 6581
l 6581 6582
l 6582 6583
l 6583 6584
l 6584 6585
l 6585 6586
l 6586 6587
l 6587 6588
l 6588 6589
l 6589 6590
l 6590 6591
l 6591 6592
l 6592 6593
l 6593 6594
l 6594 6595
l 6595 6596
l 6596 6597
l 6597 6598
l 6598 6599
l 6599 6600
l 6600 6601
l 6601 6602
l 6602 6603
l 6603 6604
l 6604 6605
l 6605 6606
l 6606 6607
l 6607 6608
l 6608 6609
l 6609 6610
l 6610 6611
l 6611 6612
l 6612 6613
l 6613 6614
l 6614 6615
l 6615 6616
l 6616 6617
l 6617 6618
l 6618 6619
l 6619 6620
l 6620 6621
l 6621 6622
l 6622 6623
l 6623 6624
l 6624 6625
l 6625 6626
l 6626 6627
l 6627 6628
l 6628 6629
l 6629 6630
l 6630 6631
l 6631 6632
l 6632 6633
l 6633 6634
l 6634 6635
l 6635 6636
l 6636 6637
l 6637 6638
l 6638 6639
l 6639 6640
l 6640 6641
l 6641 6642
l 6642 6643
l 6643 6644
l 6644 6645
l 6645 6646
l 6646 6647
l 6647 6648
l 6648 6649
l 6649 6650
l 6650 6651
l 6651 6652
l 6652 6653
l 6653 6654
l 6654 6655
l 6655 6656
l 6656 6657
l 6657 6658
l 6658 6659
l 6659 6660
l 6660 6661
l 6661 6662
l 6662 6663
l 6663 6664
l 6664 6665
l 6665 6666
l 6666 6667
l 6667 6668
l 6668 6669
l 6669 6670
l 6670 6671
l 6671 6672
l 6672 6673
l 6673 6674
l 6674 6675
l 6675 6676
l 6676 6677
l 6677 6678
l 6678 6679
l 6679 6680
l 6680 6681
l 6681 6682
l 6682 6683
l 6683 6684
l 6684 6685
l 6685 6686
l 6686 6687
l 6687 6688
l 6688 6689
l 6689 6690
l 6690 6691
l 6691 6692
l 6692 6693
l 6693 6694
l 6694 6695
l 6695 6696
l 6696 6697
l 6697 6698
l 6698 6699
l 6699 6700
l 6700 6701
l 6701 6702
l 6702 6703
l 6703 6704
l 6704 6705
l 6705 6706
l 6706 6707
l 6707 6708
l 6708 6709
l 6709 6710
l 6710 6711
l 6711 6712
l 6712 6713
l 6713 6714
l 6714 6715
l 6715 6716
l 6716 6717
l 6717 6718
l 6718 6719
l 6719 6720
l 6720 6721
l 6721 6722
l 6722 6723
l 6723 6724
l 6724 6725
l 6725 6726
l 6726 6727
l 6727 6728
l 6728 6729
l 6729 6730
l 6730 6731
l 6731 6732
l 6732 6733
l 6733 6734
l 6734 6735
l 6735 6736
l 6736 6737
l 6737 6738
l 6738 6739
l 6739 6740
l 6740 6741
l 6741 6742
l 6742 6743
l 6743 6744
l 6744 6745
l 6745 6746
l 6746 6747
l 6747 6748
l 6748 6749
l 6749 6750
l 6750 6751
l 6751 6752
l 6752 6753
l 6753 6754
l 6754 6755
l 6755 6756
l 6756 6757
l 6757 6758
l 6758 6759
l 6759 6760
l 6760 6761
l 6761 6762
l 6762 6763
l 6763 6764
l 6764 6765
l 6765 6766
l 6766 6767
l 6767 6768
l 6768 6769
l 6769 6770
l 6770 6771
l 6771 6772
l 6772 6773
l 6773 6774
l 6774 6775
l 6775 6776
l 6776 6777
l 6777 6778
l 6778 6779
l 6779 6780
l 6780 6781
l 6781 6782
l 6782 6783
l 6783 6784
l 6784 6785
l 6785 6786
l 6786 6787
l 6787 6788
l 6788 6789
l 6789 6790
l 6790 6791
l 6791 6792
l 6792 6793
l 6793 6794
l 6794 6795
l 6795 6796
l 6796 6797
l 6797 6798
l 6798 6799
l 6799 6800
l 6800 6801
l 6801 6802
l 6802 6803
l 6803 6804
l 6804 6805
l 6805 6806
l 6806 6807
l 6807 6808
l 6808 6809
l 6809 6810
l 6810 6811
l 6811 6812
l 6812 6813
l 6813 6814
l 6814 6815
l 6815 6816
l 6816 6817
l 6817 6818
l 6818 6819
l 6819 6820
l 6820 6821
l 6821 6822
l 6822 6823
l 6823 6824
l 6824 6825
l 6825 6826
l 6826 6827
l 6827 6828
l 6828 6829
l 6829 6830
l 6830 6831
l 6831 6832
l 6832 6833
l 6833 6834
l 6834 6835
l 6835 6836
l 6836 6837
l 6837 6838
l 6838 6839
l 6839 6840
l 6840 6841
l 6841 6842
l 6842 6843
l 6843 6844
l 6844 6845
l 6845 6846
l 6846 6847
l 6847 6848
l 6848 6849
l 6849 6850
l 6850 6851
l 6851 6852
l 6852 6853
l 6853 6854
l 6854 6855
l 6855 6856
l 6856 6857
l 6857 6858
l 6858 6859
l 6859 6860
l 6860 6861
l 6861 6862
l 6862 6863
l 6863 6864
l 6864 6865
l 6865 6866
l 6866 6867
l 6867 6868
l 6868 6869
l 6869 6870
l 6870 6871
l 6871 6872
l 6872 6873
l 6873 6874
l 6874 6875
l 6875 6876
l 6876 6877
l 6877 6878
l 6878 6879
l 6879 6880
l 6880 6881
l 6881 6882
l 6882 6883
l 6883 6884
l 6884 6885
l 6885 6886
l 6886 6887
l 6887 6888
l 6888 6889
l 6889 6890
l 6890 6891
l 6891 6892
l 6892 6893
l 6893 6894
l 6894 6895
l 6895 6896
l 6896 6897
l 6897 6898
l 6898 6899
l 6899 6900
l 6900 6901
l 6901 6902
l 6902 6903
l 6903 6904
l 6904 6905
l 6905 6906
l 6906 6907
l 6907 6908
l 6908 6909
l 6909 6910
l 6910 6911
l 6911 6912
l 6912 6913
l 6913 6914
l 6914 6915
l 6915 6916
l 6916 6917
l 6917 6918
l 6918 6919
l 6919 6920
l 6920 6921
l 6921 6922
l 6922 6923
l 6923 6924
l 6924 6925
l 6925 6926
l 6926 6927
l 6927 6928
l 6928 6929
l 6929 6930
l 6930 6931
l 6931 6932
l 6932 6933
l 6933 6934
l 6934 6935
l 6935 6936
l 6936 6937
l 6937 6938
l 6938 6939
l 6939 6940
l 6940 6941
l 6941 6942
l 6942 6943
l 6943 6944
l 6944 6945
l 6945 6946
l 6946 6947
l 6947 6948
l 6948 6949
l 6949 6950
l 6950 6951
l 6951 6952
l 6952 6953
l 6953 6954
l 6954 6955
l 6955 6956
l 6956 6957
l 6957 6958
l 6958 6959
l 6959 6960
l 6960 6961
l 6961 6962
l 6962 6963
l 6963 6964
l 6964 6965
l 6965 6966
l 6966 6967
l 6967 6968
l 6968 6969
l 6969 6970
l 6970 6971
l 6971 6972
l 6972 6973
l 6973 6974
l 6974 6975
l 6975 6976
l 6976 6977
l 6977 6978
l 6978 6979
l 6979 6980
l 6980 6981
l 6981 6982
l 6982 6983
l 6983 6984
l 6984 6985
l 6985 6986
l 6986 6987
l 6987 6988
l 6988 6989
l 6989 6990
l 6990 6991
l 6991 6992
l 6992 6993
l 6993 6994
l 6994 6995
l 6995 6996
l 6996 6997
l 6997 6998
l 6998 6999
l 6999 7000
l 7000 7001
l 7001 7002
l 7002 7003
l 7003 7004
l 7004 7005
l 7005 7006
l 7006 7007
l 7007 7008
l 7008 7009
l 7009 7010
l 7010 7011
l 7011 7012
l 7012 7013
l 7013 7014
l 7014 7015
l 7015 7016
l 7016 7017
l 7017 7018
l 7018 7019
l 7019 7020
l 7020 7021
l 7021 7022
l 7022 7023
l 7023 7024
l 7024 7025
l 7025 7026
l 7026 7027
l 7027 7028
l 7028 7029
l 7029 7030
l 7030 7031
l 7031 7032
l 7032 7033
l 7033 7034
l 7034 7035
l 7035 7036
l 7036 7037
l 7037 7038
l 7038 7039
l 7039 7040
l 7040 7041
l 7041 7042
l 7042 7043
l 7043 7044
l 7044 7045
l 7045 7046
l 7046 7047
l 7047 7048
l 7048 7049
l 7049 7050
l 7050 7051
l 7051 7052
l 7052 7053
l 7053 7054
l 7054 7055
l 7055 7056
l 7056 7057
l 7057 7058
l 7058 7059
l 7059 7060
l 7060 7061
l 7061 7062
l 7062 7063
l 7063 7064
l 7064 7065
l 7065 7066
l 7066 7067
l 7067 7068
l 7068 7069
l 7069 7070
l 7070 7071
l 7071 7072
l 7072 7073
l 7073 7074
l 7074 7075
l 7075 7076
l 7076 7077
l 7077 7078
l 7078 7079
l 7079 7080
l 7080 7081
l 7081 7082
l 7082 7083
l 7083 7084
l 7084 7085
l 7085 7086
l 7086 7087
l 7087 7088
l 7088 7089
l 7089 7090
l 7090 7091
l 7091 7092
l 7092 7093
l 7093 7094
l 7094 7095
l 7095 7096
l 7096 7097
l 7097 7098
l 7098 7099
l 7099 7100
l 7100 7101
l 7101 7102
l 7102 7103
l 7103 7104
l 7104 7105
l 7105 7106
l 7106 7107
l 7107 7108
l 7108 7109
l 7109 7110
l 7110 7111
l 7111 7112
l 7112 7113
l 7113 7114
l 7114 7115
l 7115 7116
l 7116 7117
l 7117 7118
l 7118 7119
l 7119 7120
l 7120 7121
l 7121 7122
l 7122 7123
l 7123 7124
l 7124 7125
l 7125 7126
l 7126 7127
l 7127 7128
l 7128 7129
l 7129 7130
l 7130 7131
l 7131 7132
l 7132 7133
l 7133 7134
l 7134 7135
l 7135 7136
l 7136 7137
l 7137 7138
l 7138 7139
l 7139 7140
l 7140 7141
l 7141 7142
l 7142 7143
l 7143 7144
l 7144 7145
l 7145 7146
l 7146 7147
l 7147 7148
l 7148 7149
l 7149 7150
l 7150 7151
l 7151 7152
l 7152 7153
l 7153 7154
l 7154 7155
l 7155 7156
l 7156 7157
l 7157 7158
l 7158 7159
l 7159 7160
l 7160 7161
l 7161 7162
l 7162 7163
l 7163 7164
l 7164 7165
l 7165 7166
l 7166 7167
l 7167 7168
l 7168 7169
l 7169 7170
l 7170 7171
l 7171 7172
l 7172 7173
l 7173 7174
l 7174 7175
l 7175 7176
l 7176 7177
l 7177 7178
l 7178 7179
l 7179 7180
l 7180 7181
l 7181 7182
l 7182 7183
l 7183 7184
l 7184 7185
l 7185 7186
l 7186 7187
l 7187 7188
l 7188 7189
l 7189 7190
l 7190 7191
l 7191 7192
l 7192 7193
l 7193 7194
l 7194 7195
l 7195 7196
l 7196 7197
l 7197 7198
l 7198 7199
l 7199 7200
l 7200 7201
l 7201 7202
