# Meshed torus II (achiral_de010): eta 0.6, N 24, eps 0.0, periods 1, delta_eta 0.01, closed (N+1, N-1) knots, B = R_z(pi)*M*A (= -A when eps = 0); ccsim.geometry.hopf_helical_pair(0.6, 24, eps=0.0, periods=1, delta_eta=0.01)
# strand B, closed polyline, 3601 points
x,y,z
-0.427412232,0.000000000,-0.298726471
-0.440289233,-0.023256016,-0.304906426
-0.454477905,-0.046684629,-0.305405992
-0.464431247,-0.071461472,-0.311524113
-0.470780518,-0.095701586,-0.322251516
-0.475848601,-0.119829878,-0.334024450
-0.482866304,-0.145703887,-0.339779251
-0.490397352,-0.171849802,-0.339754648
-0.497024199,-0.198198374,-0.336863838
-0.500790804,-0.225150562,-0.340210611
-0.502868202,-0.251614231,-0.346557242
-0.503439940,-0.276894051,-0.357150634
-0.504324504,-0.303880174,-0.361361516
-0.504585764,-0.331251715,-0.362034576
-0.504052218,-0.357793196,-0.355334926
-0.502007937,-0.384398286,-0.349318515
-0.498724884,-0.411612664,-0.348620852
-0.494565290,-0.438662026,-0.349079462
-0.490325635,-0.465000502,-0.355354236
-0.485370960,-0.491516972,-0.359879650
-0.478843393,-0.518051956,-0.357815807
-0.471137573,-0.543936087,-0.353415357
-0.461661865,-0.567217557,-0.342555396
-0.450927940,-0.589720233,-0.331178751
-0.439949912,-0.614015092,-0.324906963
-0.428325637,-0.638225899,-0.319366282
-0.417110990,-0.663055427,-0.317338881
-0.406973504,-0.688455054,-0.319352293
-0.395010170,-0.712914061,-0.317355538
-0.380756686,-0.735136840,-0.309967148
-0.365645645,-0.756471502,-0.301718047
-0.348891835,-0.774061234,-0.289193422
-0.330946439,-0.788048268,-0.273892758
-0.312434417,-0.802765986,-0.260076751
-0.294106486,-0.820362985,-0.249785067
-0.275345854,-0.837613114,-0.239663226
-0.257418832,-0.856977503,-0.232389120
-0.240463767,-0.877929687,-0.227331529
-0.222457676,-0.897396441,-0.220496893
-0.202330110,-0.912285543,-0.209443017
-0.181442667,-0.925098514,-0.197133388
-0.160054953,-0.936124064,-0.184064871
-0.138115146,-0.941272060,-0.168556117
-0.116088104,-0.942780472,-0.152296516
-0.093585129,-0.945253028,-0.136863082
-0.070739941,-0.951623952,-0.123129622
-0.047733936,-0.957855923,-0.109570062
-0.024849421,-0.965686296,-0.096741757
-0.002691874,-0.977061264,-0.085282207
0.019473944,-0.988068445,-0.073502185
0.042386971,-0.994506771,-0.060060926
0.065541077,-0.995642293,-0.045429492
0.088643992,-0.995283520,-0.030671177
0.111003167,-0.990009395,-0.015860346
0.131988276,-0.979573149,-0.001653693
0.152779766,-0.968158519,0.012107113
0.174803627,-0.959956694,0.026158375
0.197455027,-0.954124236,0.040472893
0.219842324,-0.947213333,0.054722620
0.242504593,-0.942650782,0.069399303
0.265229619,-0.941551443,0.084705985
0.287634711,-0.939388529,0.100340134
0.309144521,-0.931843854,0.115423401
0.329351216,-0.919697084,0.129419992
0.348932427,-0.906195187,0.143046811
0.366078531,-0.888049092,0.154203169
0.380966537,-0.866750788,0.162936103
0.396006058,-0.845607318,0.171776618
0.413038811,-0.827432509,0.183157784
0.430223213,-0.809807704,0.195243083
0.447068746,-0.792045373,0.207555038
0.465032478,-0.778253075,0.222954807
0.482636016,-0.765145485,0.239376730
0.498158121,-0.747444438,0.253190270
0.511267655,-0.725774010,0.263694259
0.523463707,-0.703299390,0.273583328
0.532942158,-0.678346071,0.279434207
0.539942912,-0.651912939,0.281417610
0.547326269,-0.625722207,0.284551273
0.556409767,-0.600955599,0.291981226
0.564988717,-0.576119702,0.299825346
0.574203160,-0.553156597,0.311526980
0.583058029,-0.531239765,0.325420998
0.589659204,-0.506839012,0.335775154
0.593886470,-0.480334405,0.341374117
0.596965526,-0.453463783,0.345749784
0.597737403,-0.426183649,0.343878437
0.597510450,-0.399086461,0.339697078
0.597873666,-0.371753206,0.340664221
0.597792993,-0.344493647,0.343639773
0.597343055,-0.318188962,0.351092122
0.595838464,-0.292601331,0.360799019
0.592451454,-0.265721921,0.364217718
0.587878490,-0.238684484,0.364451478
0.582669432,-0.212537987,0.358762976
0.577200570,-0.187279854,0.349661088
0.570340369,-0.160869073,0.347390600
0.562298045,-0.134696667,0.346633460
0.552375054,-0.109709503,0.351912863
0.541399714,-0.084800116,0.353623294
0.530339044,-0.060034539,0.349608260
0.520680716,-0.036627243,0.339349970
0.510416777,-0.013504253,0.329058957
0.497074979,0.009887289,0.323888060
0.481121088,0.031981160,0.322904726
0.463550590,0.052880837,0.322446694
0.447540027,0.073937149,0.315239360
0.434886552,0.094269422,0.302040144
0.419742465,0.114169717,0.291244767
0.400951149,0.132754316,0.284290306
0.378402081,0.148134477,0.282206900
0.358703098,0.164811340,0.273009300
0.342996423,0.182097024,0.258898061
0.324734826,0.198112911,0.246611412
0.301653520,0.210341319,0.239025373
0.277632670,0.220627794,0.231396915
0.257241272,0.233356807,0.218507126
0.239179718,0.247096858,0.203571812
0.215568415,0.255500616,0.192778947
0.190051378,0.259394346,0.183948092
0.167989148,0.267740151,0.170206357
0.147865634,0.277833523,0.155069476
0.123414133,0.280070910,0.143375152
0.098790605,0.279460161,0.131804680
0.077081732,0.285840533,0.116657473
0.054090505,0.288723948,0.102361215
0.030474560,0.281992336,0.090596094
0.007286773,0.280524773,0.076147717
-0.015248143,0.283388946,0.061131454
-0.037449841,0.275576203,0.047618022
-0.059071824,0.266826137,0.033546749
-0.082069606,0.265611773,0.018933128
-0.103758849,0.257470064,0.004587130
-0.121948260,0.242983592,-0.009676322
-0.143901374,0.235659733,-0.023952384
-0.165330706,0.226552093,-0.037859702
-0.180345527,0.209289352,-0.052637434
-0.199032354,0.195573226,-0.067095364
-0.220518615,0.184665138,-0.079716643
-0.235109880,0.166936488,-0.094255281
-0.247650515,0.147990299,-0.109250647
-0.267029284,0.132873943,-0.121003543
-0.282715202,0.114546988,-0.133747135
-0.289614672,0.093285461,-0.149382013
-0.301938212,0.072804184,-0.162744731
-0.318965971,0.053429633,-0.171871574
-0.328479137,0.031245289,-0.184683249
-0.331663519,0.009006412,-0.200282801
-0.340399332,-0.014104425,-0.212106197
-0.353030682,-0.037432219,-0.218865478
-0.358935471,-0.061769579,-0.229915169
-0.358227380,-0.084398809,-0.245316676
-0.361383786,-0.109087742,-0.256708896
-0.368084515,-0.134919270,-0.262027760
-0.371509315,-0.161006166,-0.268938075
-0.370333627,-0.185909626,-0.279963250
-0.365950954,-0.208874609,-0.294186728
-0.364344780,-0.234885207,-0.302699658
-0.364736765,-0.262170301,-0.304350376
-0.362198939,-0.289035921,-0.308144694
-0.356761991,-0.314896062,-0.315350924
-0.348498606,-0.337563012,-0.328335755
-0.340775986,-0.362255851,-0.336971942
-0.333213205,-0.388234584,-0.340934241
-0.326136796,-0.414507935,-0.337698592
-0.316482173,-0.440027103,-0.338505032
-0.305154425,-0.464749872,-0.342001247
-0.292764026,-0.486950287,-0.352083581
-0.279846879,-0.509513493,-0.360299789
-0.266238379,-0.533242409,-0.362234683
-0.252015291,-0.556425720,-0.360144962
-0.237350134,-0.578233964,-0.352339575
-0.221024786,-0.599874775,-0.348947618
-0.203695126,-0.621116571,-0.348325846
-0.186292330,-0.641742935,-0.352739021
-0.168862579,-0.661894919,-0.359161317
-0.149991855,-0.681656248,-0.359180182
-0.130281774,-0.700513459,-0.356369137
-0.110110086,-0.717267290,-0.348931541
-0.089891932,-0.730872397,-0.336373616
-0.068390889,-0.745235224,-0.327570245
-0.046126902,-0.760358045,-0.322316794
-0.023493798,-0.775105776,-0.317795282
-0.001352307,-0.791244266,-0.318391986
0.020991477,-0.807092281,-0.318946180
0.044441826,-0.820180465,-0.313897412
0.068313928,-0.831194892,-0.306100589
0.092103749,-0.839558013,-0.295582377
0.114860233,-0.843280850,-0.280785139
0.137825636,-0.845835805,-0.266039225
0.162290980,-0.850871724,-0.254838728
0.187229430,-0.856264913,-0.244790126
0.212347962,-0.861397817,-0.235115755
0.237779012,-0.869535186,-0.228969707
0.263204532,-0.878312006,-0.223645054
0.288652722,-0.883892718,-0.215315377
0.313312602,-0.884782759,-0.203377392
0.337679386,-0.884221695,-0.190824285
0.360155040,-0.879249263,-0.176099455
0.380175431,-0.869919597,-0.159873004
0.400168711,-0.859908412,-0.144010844
0.422452130,-0.852748916,-0.129806488
0.445551881,-0.846645790,-0.116348092
0.468379991,-0.839777508,-0.102796856
0.492777770,-0.836584002,-0.090810983
0.517828493,-0.835761600,-0.079685520
0.541923711,-0.832166890,-0.067246744
0.563109391,-0.822483236,-0.052895813
0.583054897,-0.810751818,-0.038180933
0.601907456,-0.797505028,-0.023371363
0.616622899,-0.779681548,-0.008729139
0.628365968,-0.759192962,0.005203348
0.640647312,-0.738897163,0.018939718
0.656157168,-0.721327284,0.033122942
0.672110338,-0.704198648,0.047409547
0.688300337,-0.687461042,0.061845493
0.706957123,-0.674218453,0.076944573
0.725682620,-0.661575412,0.092478327
0.741842137,-0.645788360,0.107910957
0.753716317,-0.625646834,0.122179772
0.764155320,-0.604418068,0.136048789
0.772686202,-0.581942451,0.149132558
0.776229852,-0.556749780,0.159227994
0.777396353,-0.530661421,0.167596302
0.779970725,-0.505066175,0.177012850
0.785585476,-0.481027578,0.188937530
0.790674878,-0.456889965,0.200915677
0.797476619,-0.434325127,0.214834922
0.805856523,-0.413706456,0.230852745
0.812353946,-0.392086227,0.246350752
0.814125925,-0.367583608,0.258349730
0.813507857,-0.342153289,0.268592239
0.811151473,-0.316377640,0.277472009
0.804294299,-0.290086017,0.280659984
0.796065992,-0.263967343,0.282012933
0.790218621,-0.237887731,0.287772258
0.785072935,-0.212136527,0.295670164
0.779545848,-0.186692086,0.304188699
0.775835615,-0.162882196,0.317243006
0.771076672,-0.139405411,0.330540385
0.762455225,-0.114761833,0.338591088
0.751779377,-0.090044710,0.343795213
0.739179135,-0.065837815,0.344718856
0.725108006,-0.042667121,0.340618556
0.711068091,-0.019246838,0.339091407
0.697252279,0.004246707,0.342110451
0.682835706,0.027199583,0.345989924
0.669019026,0.048572112,0.356150072
0.653392805,0.069635286,0.363677163
0.635854078,0.090695117,0.364405786
0.617661752,0.111023429,0.362617047
0.599890368,0.130080683,0.354141444
0.581222670,0.149084907,0.348081396
0.561191937,0.167756855,0.346630742
0.540199321,0.184972087,0.349612382
0.518235111,0.200586751,0.354479095
0.495994954,0.216336470,0.351835902
0.473947882,0.231457541,0.346116144
0.454215183,0.246211375,0.334102353
0.431914447,0.260049274,0.326613577
0.407720182,0.272203387,0.322775170
0.381855056,0.281152239,0.324240348
0.356791079,0.290758210,0.319178896
0.333187198,0.300656251,0.309759425
0.312384681,0.311481335,0.295657129
0.287348542,0.319003828,0.287427727
0.260581835,0.322500235,0.283677677
0.234067875,0.325108871,0.278073554
0.209755592,0.330078810,0.266693842
0.187754922,0.336880509,0.251961159
0.162346641,0.338568821,0.241807936
0.135925488,0.334119503,0.236279844
0.110712837,0.332216891,0.225881144
0.088227745,0.335279067,0.210677482
0.064164208,0.333805069,0.197910961
0.040008600,0.324741098,0.189427154
0.016370131,0.317627949,0.177796079
-0.006132170,0.316605679,0.162395165
-0.028978845,0.310280229,0.148886237
-0.049656220,0.295528124,0.138764799
-0.071144641,0.285626977,0.124970443
-0.093143250,0.280933583,0.109473241
-0.112452230,0.266823477,0.096486150
-0.129546680,0.249909158,0.083739479
-0.150015260,0.240203837,0.068728198
-0.168738142,0.226703158,0.054301987
-0.180982626,0.206117536,0.041166231
-0.197814482,0.190499468,0.026410780
-0.215818151,0.176201888,0.012009378
-0.225785328,0.155301269,-0.002110730
-0.236440894,0.134923440,-0.016789792
-0.253361142,0.118380552,-0.030467754
-0.262106471,0.096998947,-0.044887431
-0.266408796,0.074654141,-0.059749018
-0.278646169,0.054268744,-0.073000186
-0.287387339,0.032281641,-0.086452762
-0.286354323,0.009701462,-0.101823690
-0.291387398,-0.013351361,-0.115651963
-0.300018111,-0.036572824,-0.126787301
-0.299253015,-0.059736274,-0.141026226
-0.295630378,-0.082153835,-0.156040943
-0.298330496,-0.106812182,-0.167134704
-0.299303589,-0.131767745,-0.177726985
-0.292650373,-0.153789281,-0.192164278
-0.285782262,-0.176098403,-0.206202660
-0.283568868,-0.201760099,-0.214998936
-0.278956391,-0.227033744,-0.223921805
-0.268909971,-0.248573898,-0.237055671
-0.257298510,-0.268738933,-0.251111089
-0.247997663,-0.292726572,-0.260309600
-0.240105692,-0.318621579,-0.264325119
-0.227591631,-0.341306075,-0.273272595
-0.212282280,-0.358951518,-0.287326248
-0.197175791,-0.378714302,-0.298416670
-0.182426470,-0.400783818,-0.304807176
-0.168219776,-0.424205851,-0.305287305
-0.150873505,-0.444525949,-0.311288303
-0.132298289,-0.461469636,-0.321803849
-0.113231250,-0.476970174,-0.333777291
-0.093513175,-0.495115872,-0.339584805
-0.073744927,-0.513803669,-0.339842786
-0.053477719,-0.531890862,-0.336765852
-0.031304657,-0.547672637,-0.340092336
-0.008758959,-0.561776910,-0.346248593
0.013406024,-0.573922184,-0.356872913
0.036919122,-0.587106337,-0.361290537
0.061088634,-0.599956080,-0.362082337
0.084910047,-0.611748807,-0.355554102
0.109422296,-0.622210423,-0.349359113
0.135083884,-0.631846316,-0.348647962
0.161013950,-0.640624219,-0.348980525
0.186360052,-0.648992907,-0.355186034
0.212148789,-0.656822407,-0.359867453
0.238704041,-0.663279320,-0.357916192
0.265252992,-0.668422878,-0.353678445
0.290316340,-0.670786044,-0.342910881
0.315208601,-0.671634331,-0.331477678
0.341798425,-0.673061290,-0.325095764
0.368645654,-0.673916430,-0.319575182
0.395839284,-0.675338557,-0.317378481
0.423053964,-0.678034756,-0.319392240
0.450288056,-0.678768585,-0.317588957
0.476595021,-0.676390138,-0.310251897
0.502509801,-0.672834028,-0.302043403
0.525941995,-0.666168134,-0.289659205
0.546640709,-0.656710711,-0.274365621
0.568178193,-0.647034264,-0.260482498
0.592212834,-0.638855643,-0.250147739
0.616163766,-0.630150922,-0.240020240
0.641564553,-0.623091350,-0.232663822
0.667966663,-0.617677312,-0.227599537
0.693591248,-0.610741649,-0.220865923
0.716144368,-0.599803272,-0.209885495
0.737155245,-0.587181921,-0.197587788
0.756869459,-0.573332435,-0.184567529
0.771657618,-0.556291742,-0.169099237
0.783167402,-0.537455409,-0.152834501
0.795657416,-0.518599636,-0.137367596
0.811792117,-0.501235808,-0.123612921
0.827941534,-0.483700190,-0.110060329
0.845358680,-0.466941433,-0.097200494
0.865629859,-0.452479148,-0.085731302
0.885654069,-0.437907849,-0.073983856
0.902050239,-0.420615997,-0.060588982
0.913771401,-0.400610432,-0.045965638
0.924235416,-0.379995140,-0.031217878
0.931478503,-0.358209871,-0.016394136
0.931981639,-0.334828959,-0.002143622
0.930452603,-0.311075159,0.011473058
0.932501920,-0.287624154,0.025419915
0.937743619,-0.264827914,0.039732360
0.941957747,-0.241782220,0.053984735
0.948181738,-0.219500141,0.068632237
0.957625724,-0.198788299,0.083919271
0.966132077,-0.177940986,0.099544148
0.969602207,-0.155446439,0.114672791
0.968215513,-0.131927282,0.128693611
0.965336162,-0.108333974,0.142350885
0.957364085,-0.084747318,0.153639347
0.945398053,-0.061708504,0.162439749
0.933486049,-0.038640155,0.171236584
0.925056429,-0.015159448,0.182520912
0.917380153,0.008218729,0.194625786
0.909279104,0.031365075,0.206863072
0.905190370,0.053703997,0.222167546
0.901754577,0.075367436,0.238609475
0.893451729,0.097289337,0.252592182
0.880342811,0.118925987,0.263160407
0.866075986,0.140121437,0.273107660
0.848444420,0.160092835,0.279176642
0.828245331,0.178512024,0.281241268
0.808329382,0.197082914,0.284233261
0.790488826,0.216545371,0.291571210
0.772401427,0.235612139,0.299398361
0.756144923,0.254388320,0.310889920
0.740814178,0.272369270,0.324799397
0.722389168,0.289511654,0.335428049
0.700857012,0.305505377,0.341103041
0.678482254,0.320666025,0.345649233
0.654645810,0.333984608,0.344014740
0.630491717,0.346255740,0.339792161
0.606385286,0.359142493,0.340501175
0.582162459,0.371652130,0.343456045
0.558549955,0.383405118,0.350650819
0.535195498,0.393901317,0.360433642
0.509852785,0.403318750,0.364190679
0.483757289,0.411741712,0.364452733
0.458080331,0.419197611,0.359185374
0.433180651,0.425982078,0.349967900
0.406624868,0.432093805,0.347463001
0.379698377,0.437070391,0.346565967
0.352934993,0.439862734,0.351675457
0.325788708,0.441582341,0.353802957
0.298699235,0.443192556,0.349876808
0.273354234,0.445337549,0.339945546
0.248214250,0.446991735,0.329361048
0.221309367,0.445979386,0.324168178
0.194342700,0.442187404,0.322849712
0.167689282,0.436143211,0.322757941
0.141593940,0.431615661,0.315673765
0.117606546,0.429596859,0.302750844
0.093064701,0.425561664,0.291658016
0.067888092,0.417646009,0.284479729
0.043824829,0.404716061,0.282539478
0.019925519,0.394831526,0.273521501
-0.002722809,0.388585220,0.259686126
-0.025320893,0.380085201,0.247142858
-0.046935160,0.365540441,0.239286522
-0.067075039,0.348723358,0.231995479
-0.087746840,0.335962271,0.219463840
-0.108400747,0.326750363,0.204162831
-0.126910316,0.309946016,0.193175675
-0.142038390,0.288901485,0.184566899
-0.159515860,0.272882459,0.170976899
-0.177900728,0.260003987,0.155692581
-0.191433923,0.239576407,0.143840419
-0.202040889,0.217235421,0.132472811
-0.217514243,0.200658662,0.117412283
-0.230933464,0.181873636,0.103026489
-0.236077739,0.157925433,0.091219958
-0.245109502,0.136442641,0.076884964
-0.258275921,0.117917990,0.061816504
-0.261995060,0.094698364,0.048231716
-0.263863374,0.071402623,0.034260628
-0.273136790,0.050360731,0.019628434
-0.276487603,0.027453434,0.005268498
-0.271810362,0.004626839,-0.008959568
-0.275049331,-0.018261791,-0.023315847
-0.277310421,-0.041437697,-0.037167758
-0.269186880,-0.062806515,-0.051908016
-0.265186367,-0.085583555,-0.066455747
-0.265701363,-0.109733148,-0.079038916
-0.257046041,-0.131083900,-0.093506257
-0.245737234,-0.150738725,-0.108566627
-0.241017766,-0.174759416,-0.120486278
-0.232301151,-0.197286877,-0.133103854
-0.216775315,-0.213380733,-0.148651472
-0.204087377,-0.233520475,-0.162178109
-0.194793111,-0.257570944,-0.171344833
-0.179708892,-0.276545846,-0.183972995
-0.161388849,-0.289490602,-0.199655544
-0.144832568,-0.307732125,-0.211656200
-0.130024325,-0.329750612,-0.218422076
-0.111253364,-0.346448119,-0.229293630
-0.090861072,-0.356337268,-0.244638532
-0.070405545,-0.370353765,-0.256200217
-0.050510483,-0.388001175,-0.261867746
-0.029050434,-0.403316151,-0.268493433
-0.006389714,-0.413998290,-0.279287393
0.015971445,-0.420574878,-0.293646168
0.039762845,-0.431040972,-0.302342626
0.063797079,-0.443870351,-0.304301825
0.088770842,-0.454182249,-0.307817142
0.114240228,-0.461367794,-0.314908944
0.138218417,-0.464572705,-0.327744735
0.163592390,-0.468972836,-0.336697453
0.190116113,-0.474193203,-0.340907772
0.216699453,-0.480045031,-0.337806622
0.243781859,-0.483349358,-0.338334514
0.270946210,-0.484722995,-0.341799899
0.296450756,-0.484020730,-0.351589258
0.322328051,-0.482916467,-0.360133705
0.349650885,-0.481791582,-0.362153078
0.376807132,-0.479864358,-0.360378735
0.402935645,-0.476951915,-0.352611381
0.429635060,-0.472468468,-0.348968336
0.456478017,-0.466902361,-0.348329820
0.482831537,-0.460943287,-0.352493912
0.508729158,-0.454783647,-0.359038849
0.534970475,-0.447186629,-0.359302084
0.560799117,-0.438404778,-0.356518792
0.585290928,-0.428322766,-0.349921170
0.607110149,-0.416734039,-0.338050311
0.629257618,-0.404163554,-0.328025180
0.652874324,-0.391346148,-0.322558077
0.676358890,-0.378027123,-0.317907666
0.700866043,-0.365775926,-0.318414083
0.725250436,-0.353290814,-0.319093534
0.747745892,-0.338564042,-0.314225090
0.768543418,-0.322469393,-0.306452785
0.787804570,-0.305447644,-0.297090255
0.801825330,-0.287045573,-0.282478358
0.813894858,-0.267881435,-0.267032461
0.829200919,-0.248439309,-0.255385102
0.845521181,-0.228812858,-0.245363369
0.861578368,-0.208863774,-0.235604142
0.880415581,-0.189984743,-0.229338357
0.899942775,-0.171473898,-0.224054197
0.916861384,-0.151552298,-0.215958447
0.929092819,-0.130093965,-0.204070419
0.939906054,-0.108222962,-0.191561383
0.946125563,-0.085983553,-0.176950580
0.947190030,-0.063912077,-0.160739014
0.947437454,-0.041585252,-0.144829747
0.951175974,-0.018527250,-0.130550851
0.956445456,0.004783364,-0.117103816
0.960853674,0.028206720,-0.103544352
0.969035208,0.051363809,-0.091477830
0.979841888,0.073986084,-0.080367504
0.987994273,0.097002514,-0.068026076
0.989376763,0.120277733,-0.053721668
0.988201193,0.143390518,-0.039011062
0.985321077,0.166264998,-0.024207035
0.976513438,0.187616737,-0.009532574
0.963789278,0.207494525,0.004422856
0.951354489,0.227696873,0.018159512
0.942731818,0.249494466,0.032324469
0.934923435,0.271558160,0.046614673
0.927416527,0.293616896,0.061032130
0.924119936,0.316269222,0.076105727
0.921573493,0.338732349,0.091621352
0.915248240,0.360402839,0.107076065
0.903020184,0.380286751,0.121392786
0.889028511,0.399353194,0.135273730
0.873166734,0.417365178,0.148437162
0.852603233,0.432241983,0.158666362
0.830008781,0.445312681,0.167068919
0.808379259,0.459297754,0.176398192
0.789557139,0.475309804,0.188260346
0.770484574,0.490960514,0.200230692
0.753429660,0.507333509,0.214025250
0.738972713,0.524287036,0.230008994
0.722929835,0.540094701,0.245587338
0.702186676,0.553081306,0.257758742
0.679363255,0.564287986,0.268029695
0.655498207,0.574180593,0.277076408
0.629067316,0.580334573,0.280483223
0.602080894,0.585022773,0.281769962
0.576165775,0.591743023,0.287315394
0.550960376,0.599079195,0.295243198
0.525781160,0.605867342,0.303647630
0.502850118,0.613529075,0.316540090
0.479925659,0.620225818,0.329980885
0.454177008,0.624035242,0.338279631
0.427330076,0.625984932,0.343516541
0.400055992,0.626066453,0.344786501
0.372996787,0.624276383,0.340765266
0.345754543,0.622554993,0.338952082
0.318534341,0.621139327,0.341947955
0.291459524,0.618897285,0.345497097
0.265749905,0.616394256,0.354614905
0.240006252,0.612387433,0.362976077
0.213279531,0.606591156,0.364391307
0.186826087,0.599827096,0.362844926
0.161688431,0.592828131,0.354496269
0.136265270,0.585055378,0.348180407
0.110455532,0.575909928,0.346710575
0.085353380,0.565390938,0.348369111
0.061571371,0.553106179,0.354193525
0.037361584,0.540583479,0.352039052
0.013742678,0.527918380,0.346577663
-0.008471395,0.517174424,0.334652304
-0.031008865,0.503907175,0.326877371
-0.053000553,0.488144604,0.322834075
-0.072918675,0.469377406,0.324279641
-0.092966939,0.451466337,0.319551496
-0.112648387,0.434876419,0.310460546
-0.131847278,0.421530106,0.296217073
-0.150113051,0.402904547,0.287854691
-0.165730897,0.380959713,0.283800631
-0.180163319,0.358470203,0.278575211
-0.195534589,0.338518401,0.267912097
-0.211905139,0.322790635,0.252632848
-0.225237135,0.301170942,0.242342603
-0.233687185,0.275818636,0.236646093
-0.243465808,0.252406064,0.226529769
-0.256367801,0.233612309,0.211538996
-0.266408368,0.211848290,0.198572353
-0.269870208,0.186384221,0.189867861
-0.274183036,0.161979751,0.178518746
-0.283398470,0.141354517,0.163261821
-0.288703232,0.118377055,0.149585643
-0.285372614,0.093250281,0.139415164
-0.286140974,0.069507107,0.125804263
-0.292271936,0.047864848,0.110255546
-0.289162399,0.024202013,0.097117131
-0.281678715,0.001240399,0.084545291
-0.282069268,-0.021437114,0.069575561
-0.279293469,-0.044261923,0.055088495
-0.266845701,-0.064688368,0.041960738
-0.260217971,-0.086706438,0.027228627
-0.256278912,-0.109369688,0.012812756
-0.242733000,-0.128138341,-0.001327877
-0.229186153,-0.146721858,-0.015966138
-0.222306979,-0.169344358,-0.029680372
-0.207785449,-0.187387249,-0.044064833
-0.189696103,-0.201214472,-0.058931778
-0.176991272,-0.221210827,-0.072328831
-0.161884841,-0.239474462,-0.085658761
-0.141443273,-0.249112304,-0.100984453
-0.123047232,-0.263727607,-0.115038942
-0.106602130,-0.282510726,-0.126089111
-0.085778935,-0.292927488,-0.140199886
-0.064180582,-0.299707563,-0.155338410
-0.043450821,-0.313133894,-0.166710007
-0.021901519,-0.325906641,-0.177077251
0.000751137,-0.330559087,-0.191323682
0.023639295,-0.334408250,-0.205561366
0.047424336,-0.343996773,-0.214669540
0.071945592,-0.351904392,-0.223342208
0.096004248,-0.353586558,-0.235985029
0.118999058,-0.351978415,-0.250581637
0.144517613,-0.354617619,-0.260046345
0.171133855,-0.359693569,-0.263979968
0.197062167,-0.359169142,-0.272825516
0.219962482,-0.353932654,-0.286596729
0.244269194,-0.349464137,-0.297996721
0.270586275,-0.346445188,-0.304686928
0.297928852,-0.344711331,-0.305149674
0.324011316,-0.338811243,-0.310968382
0.347780637,-0.330247350,-0.321178152
0.370173277,-0.320412856,-0.333433205
0.395348678,-0.311287479,-0.339319482
0.421011914,-0.302289888,-0.339986059
0.446439636,-0.292757356,-0.336672386
0.470690191,-0.280394536,-0.339931621
0.493687922,-0.266912536,-0.345827252
0.514678375,-0.252844777,-0.356466115
0.537146667,-0.238070504,-0.361192383
0.559698006,-0.222555055,-0.362157628
0.581203806,-0.206850360,-0.355879067
0.601779805,-0.189979304,-0.349470913
0.622170024,-0.171668629,-0.348684131
0.641925279,-0.152699568,-0.348826829
0.661042219,-0.134039820,-0.354926498
0.679871247,-0.114807043,-0.359837529
0.697871412,-0.094237816,-0.358051408
0.714730376,-0.073055806,-0.353978594
0.728496582,-0.051885666,-0.343423006
0.740714174,-0.030225558,-0.331902551
0.754182686,-0.007311529,-0.325351227
0.767340578,0.016112234,-0.319857964
0.781042517,0.039620213,-0.317400329
0.795964832,0.062538908,-0.319401665
0.809293618,0.086327230,-0.317899036
0.819357612,0.110769080,-0.310634284
0.828197710,0.135409590,-0.302487835
0.833247079,0.159330108,-0.290288221
0.834477808,0.182076227,-0.275033396
0.835738166,0.205593622,-0.261044374
0.839505672,0.230667578,-0.250638421
0.842817168,0.255931161,-0.240500544
0.848128403,0.281713707,-0.233011808
0.855461636,0.307644908,-0.227932330
0.861212746,0.333589346,-0.221312121
0.862082760,0.358695132,-0.210484272
0.860593538,0.383168436,-0.198202649
0.857514623,0.407111271,-0.185256261
0.849368326,0.428198882,-0.169851436
0.837995330,0.447110982,-0.153579088
0.826930336,0.466798837,-0.138059077
0.818888921,0.489071874,-0.124269227
0.810797748,0.511501573,-0.110726091
0.803816187,0.534613599,-0.097813624
0.800245503,0.559247350,-0.086325194
0.796615246,0.583769247,-0.074625749
0.789025976,0.606407231,-0.061302452
0.776734951,0.626075871,-0.046691215
0.763289820,0.644885868,-0.031946598
0.747475583,0.661541768,-0.017116163
0.727029508,0.672857508,-0.002837917
0.705250403,0.682437524,0.010796057
0.685267351,0.694899361,0.024723954
0.667441658,0.710045822,0.039035083
0.648954329,0.724432141,0.053291171
0.631931479,0.740119355,0.067913873
0.617833781,0.758007303,0.083179629
0.603321967,0.775231824,0.098795674
0.585123399,0.788854169,0.113965796
0.563655420,0.798523181,0.128009055
0.541429166,0.806902219,0.141694549
0.516914384,0.810887893,0.153104817
0.490976473,0.810950524,0.161967880
0.464999762,0.810935177,0.170725195
0.440222420,0.814147471,0.181920932
0.415950451,0.818140408,0.194041825
0.391626196,0.821546888,0.206213088
0.369829761,0.828125906,0.221430019
0.349056251,0.835129126,0.237890399
0.325891301,0.838065443,0.252029113
0.300669381,0.836464460,0.262652350
0.275298207,0.833635258,0.272658312
0.249461855,0.827335665,0.278929030
0.223800624,0.817936765,0.281074268
0.198152480,0.808733763,0.283931098
0.172649721,0.801818879,0.291181552
0.147368716,0.794484962,0.298866983
0.122876268,0.787950476,0.309089081
0.100030920,0.783000202,0.323421724
0.076590512,0.775164311,0.335029879
0.052471349,0.763496118,0.340823801
0.028692624,0.750685233,0.345513337
0.005843969,0.735721947,0.344134624
-0.016173011,0.719938117,0.339893884
-0.038692581,0.704445038,0.340327803
-0.060976635,0.688736085,0.343266286
-0.082345295,0.673155705,0.350194438
-0.102437301,0.657328905,0.360055591
-0.122469904,0.639259417,0.364159665
-0.141990626,0.620002122,0.364453460
-0.160502276,0.600599007,0.359621404
-0.177980294,0.581656554,0.350300565
-0.195646804,0.560964374,0.347536915
-0.212512628,0.539391428,0.346512834
-0.227413071,0.516953116,0.351426219
-0.241422691,0.493668333,0.353937114
-0.255355946,0.470357871,0.350152665
-0.268932205,0.448709418,0.340558949
-0.282032164,0.427313812,0.329671411
-0.293575067,0.402995480,0.324455220
-0.302802760,0.377395928,0.322797310
-0.309671742,0.350924295,0.323029018
-0.317661342,0.325628402,0.316120154
-0.326825777,0.303222180,0.303493106
-0.334728758,0.279793417,0.292082479
-0.339497867,0.253873799,0.284673112
-0.339144406,0.226546522,0.282827380
-0.341289556,0.200710605,0.274047729
-0.345960178,0.177533071,0.260502985
-0.349121161,0.153750239,0.247688782
-0.346495173,0.127897973,0.239561834
-0.340616542,0.102212803,0.232608760
-0.338584419,0.077870322,0.220284471
-0.340188307,0.055380720,0.204823820
-0.334170698,0.031185291,0.193618901
-0.322275842,0.008048217,0.185226476
-0.315776838,-0.014892596,0.171822805
-0.313193243,-0.037132265,0.156384247
-0.301681328,-0.058706073,0.144357973
-0.286441413,-0.078329685,0.133214632
-0.278482098,-0.099639083,0.118259294
-0.268450879,-0.120317702,0.103764818
-0.250199175,-0.136441429,0.091700839
-0.234518949,-0.153853735,0.077663135
-0.224350939,-0.174194020,0.062547422
-0.206093842,-0.188925134,0.048786841
-0.185771370,-0.200632207,0.035068055
-0.171152772,-0.218335218,0.020414311
-0.152766111,-0.232375815,0.006042893
-0.130258244,-0.238589458,-0.008148675
-0.111211667,-0.251651887,-0.022592903
-0.091970125,-0.264788909,-0.036384881
-0.069325151,-0.267826768,-0.051083938
-0.047091543,-0.273895553,-0.065799842
-0.026118538,-0.286095093,-0.078240352
-0.003141167,-0.288733211,-0.092628038
0.019456139,-0.287376656,-0.107760020
0.042928236,-0.293913703,-0.119888399
0.066927846,-0.297014734,-0.132346100
0.088494669,-0.290991920,-0.147764638
0.112039439,-0.288628929,-0.161503372
0.137641799,-0.291506948,-0.170731097
0.161643109,-0.287280313,-0.183134084
0.181512171,-0.276920414,-0.198869768
0.205175641,-0.270454201,-0.211081805
0.231504522,-0.267464769,-0.217961414
0.255188384,-0.258801240,-0.228578384
0.273515525,-0.245370841,-0.243798958
0.295161428,-0.233561043,-0.255598369
0.319809718,-0.223871740,-0.261686411
0.343500691,-0.212147480,-0.267969104
0.363671684,-0.197074690,-0.278510801
0.379699068,-0.180246551,-0.293006003
0.399833731,-0.163939919,-0.301922831
0.422185263,-0.148454848,-0.304267854
0.443035942,-0.131207353,-0.307430898
0.461253758,-0.111954418,-0.314393598
0.475287166,-0.092147161,-0.327038984
0.490697979,-0.071694591,-0.336373649
0.507504213,-0.050559177,-0.340883302
0.524972808,-0.029666294,-0.337959172
0.540508066,-0.007241417,-0.338133151
0.554286404,0.016216438,-0.341560102
0.565540232,0.039239007,-0.350989954
0.576390714,0.062624871,-0.359934136
0.588001130,0.087372636,-0.362056339
0.598835682,0.112382687,-0.360665088
0.608357856,0.136902914,-0.352950725
0.616705845,0.162610034,-0.348991960
0.624169186,0.188988459,-0.348331860
0.631023294,0.215163982,-0.352189984
0.637497493,0.240967056,-0.358810651
0.642913449,0.267724440,-0.359445126
0.647053382,0.294692744,-0.356694478
0.649510138,0.321155962,-0.350446170
0.649356463,0.345895002,-0.338650202
0.648367342,0.371250339,-0.328365935
0.647888437,0.398110275,-0.322869952
0.646860731,0.425071199,-0.318098399
0.647209141,0.452463346,-0.318413106
0.647435522,0.479858934,-0.319260306
0.644855709,0.506667312,-0.314651241
0.640194272,0.532558399,-0.306911128
0.634069249,0.557594635,-0.297721784
0.624339202,0.578698794,-0.283293372
0.612895039,0.598184559,-0.267769694
0.602603188,0.620587594,-0.255938260
0.592744139,0.644143839,-0.245943788
0.582385032,0.667531487,-0.236098014
0.574208972,0.692883190,-0.229710106
0.566792613,0.718754968,-0.224460719
0.557047415,0.743061374,-0.216541489
0.543753093,0.763932346,-0.204772231
0.529376032,0.783676090,-0.192308045
0.512632715,0.799693410,-0.177813561
0.493586721,0.810918351,-0.161617273
0.473875457,0.821339187,-0.145659954
0.455068002,0.835115357,-0.131304929
0.436830052,0.850569930,-0.117869434
0.418067364,0.865261150,-0.104301506
0.401150122,0.883003426,-0.092152497
0.386039753,0.903017598,-0.081057419
0.369503723,0.921063851,-0.068815253
0.349574766,0.933214809,-0.054558409
0.328536858,0.942865213,-0.039852168
0.306962206,0.951038822,-0.025053994
0.283986043,0.953257323,-0.010356483
0.260494875,0.951223215,0.003631608
0.236842016,0.949399711,0.017368604
0.213498244,0.951602255,0.031515173
0.190327126,0.954883145,0.045808990
0.167048183,0.957386815,0.060083195
0.145079422,0.963967069,0.075029625
0.124224766,0.972716275,0.090537613
0.102438485,0.978223717,0.106128798
0.079217240,0.976920034,0.120543042
0.055848538,0.973336491,0.134436823
0.032549416,0.967753976,0.147687776
0.009831612,0.956581658,0.158064007
-0.012183624,0.942580879,0.166503596
-0.034521481,0.929683497,0.175735826
-0.057396895,0.920259431,0.187528499
-0.080084277,0.910567470,0.199500854
-0.102497494,0.902772498,0.213146487
-0.124230437,0.897743103,0.229092483
-0.145652861,0.890977589,0.244759151
-0.166763549,0.878798125,0.257120186
-0.187245458,0.863751579,0.267419897
-0.207080422,0.847283512,0.276652004
-0.224812630,0.826787388,0.280299214
-0.241393057,0.804983035,0.281566355
-0.259212796,0.784930585,0.286821407
-0.277365021,0.765980008,0.294781535
-0.294987472,0.746700113,0.303065798
-0.312383574,0.729779329,0.315773801
-0.328923297,0.712616988,0.329301089
-0.344239664,0.691723901,0.337942697
-0.358371596,0.668822534,0.343215020
-0.371112248,0.644726009,0.344864841
-0.382019934,0.619886484,0.340929812
-0.392988317,0.594901887,0.338801985
-0.404297306,0.570098886,0.341771851
-0.414802785,0.545019873,0.345179412
-0.424479005,0.520995745,0.354075976
-0.432847097,0.496413392,0.362743056
-0.440054107,0.470051194,0.364372149
-0.446280398,0.443432562,0.363148282
-0.451665806,0.417845519,0.354984971
-0.456507249,0.391785458,0.348308669
-0.460326268,0.364673134,0.346811541
-0.462663702,0.337526093,0.348084003
-0.462776222,0.310783542,0.354049203
-0.462797845,0.283522771,0.352269577
-0.462403724,0.256646590,0.347118406
-0.463074659,0.231918784,0.335333894
-0.461849363,0.205922343,0.327182533
-0.458141788,0.179141413,0.322895829
-0.450765443,0.152790264,0.324317267
-0.443998037,0.126720692,0.319982756
-0.438043286,0.101433615,0.311431804
-0.434888661,0.078116669,0.297372819
-0.427295803,0.053459522,0.288310912
-0.415292637,0.029416166,0.283922714
-0.401784911,0.006257579,0.279110462
-0.390958007,-0.016627708,0.268696917
-0.384651731,-0.038397337,0.253337387
-0.371837522,-0.060233330,0.242880122
-0.353469904,-0.079549104,0.237006441
-0.336981686,-0.098953772,0.227181063
-0.325920909,-0.119019796,0.212415585
-0.311615711,-0.138066808,0.199235882
-0.290939033,-0.153155618,0.190278495
-0.270991269,-0.168038741,0.179243165
-0.256610300,-0.185572450,0.164149751
-0.239063871,-0.201120042,0.150298168
-0.215388322,-0.209974935,0.140055041
-0.194402066,-0.221325640,0.126640466
-0.178076236,-0.236796576,0.111063385
-0.155904350,-0.245438708,0.097761520
-0.131926927,-0.249096418,0.085354276
-0.111747445,-0.259531298,0.070426999
-0.090477210,-0.268048747,0.055885620
-0.066653642,-0.266732256,0.042739475
-0.043922372,-0.270429224,0.028055280
-0.022106485,-0.277792550,0.013619614
0.000864208,-0.274933294,-0.000545358
0.023536888,-0.271034207,-0.015137266
0.046759004,-0.275266186,-0.028896498
0.069632085,-0.271289764,-0.043239439
0.090117095,-0.261299844,-0.058110752
0.113604226,-0.258866101,-0.071658691
0.136909979,-0.254373468,-0.084871557
0.155060263,-0.240913992,-0.100125921
0.176243100,-0.230978997,-0.114336056
0.200584179,-0.225235445,-0.125358891
0.219816566,-0.211886818,-0.139314987
0.235480841,-0.195639940,-0.154585223
0.256681513,-0.183185745,-0.166249822
0.278261118,-0.170291136,-0.176381211
0.293240215,-0.152495286,-0.190424544
0.306846806,-0.133860213,-0.204873845
0.326053051,-0.117044126,-0.214316338
0.344695941,-0.099138690,-0.222721799
0.357643085,-0.078609779,-0.235124617
0.366509429,-0.057468060,-0.249971221
0.380440722,-0.036019463,-0.259698143
0.397333775,-0.014809292,-0.263589250
0.408961495,0.008404337,-0.272321269
0.415199360,0.031214626,-0.285759386
0.422159619,0.054735515,-0.297517832
0.431478061,0.079465962,-0.304537835
0.442624166,0.104497170,-0.304997051
0.449566399,0.130353142,-0.310599631
0.453129178,0.155502138,-0.320470134
0.454628687,0.179815021,-0.332941258
0.458098867,0.206315229,-0.339013955
0.461713213,0.233278621,-0.340698961
0.465087723,0.260258919,-0.337302423
0.465527905,0.287518831,-0.339762972
0.464231526,0.314213854,-0.345383185
0.461425294,0.339320074,-0.356037161
0.458651569,0.365996458,-0.361089156
0.455258272,0.393157515,-0.362672206
0.451249962,0.419585306,-0.357240109
0.445903263,0.445360385,-0.349746777
0.439092709,0.471884295,-0.348726842
0.431374324,0.498171148,-0.348688211
0.423606730,0.523767457,-0.354597805
0.415267524,0.549311541,-0.359793923
0.405354424,0.574789162,-0.358212566
0.394371683,0.599572210,-0.354339899
0.381981341,0.621689196,-0.344053238
0.368432115,0.642484071,-0.332422097
0.354305576,0.664925619,-0.325656631
0.339608859,0.687423840,-0.320196127
0.324977298,0.710333712,-0.317408415
0.311500844,0.734132423,-0.319392073
0.296656544,0.757042687,-0.318266563
0.279632510,0.777291832,-0.311088319
0.261872536,0.796560330,-0.303021726
0.243009582,0.812283919,-0.291054440
0.223420402,0.823965446,-0.275847941
0.203149213,0.835803276,-0.261723716
0.182629456,0.850623509,-0.251222171
0.161733819,0.865161008,-0.241023268
0.140918813,0.880634846,-0.232337978
0.121322863,0.899157286,-0.227398958
0.101301399,0.916932740,-0.221634240
0.079545255,0.929782167,-0.211250314
0.057151671,0.939797767,-0.198994063
0.034487459,0.948301123,-0.186149943
0.011985969,0.951063787,-0.170834033
-0.010034911,0.949747331,-0.154551359
-0.032555120,0.948837573,-0.138956531
-0.056010079,0.951852550,-0.125116066
-0.079645349,0.955057094,-0.111585138
-0.103374755,0.959301057,-0.098596688
-0.126903616,0.967376058,-0.087078389
-0.150334179,0.975572407,-0.075443980
-0.173938370,0.979599446,-0.062220149
-0.197076443,0.977865064,-0.047625485
-0.219976207,0.974651958,-0.032884898
-0.242135452,0.968575291,-0.018052214
-0.261702661,0.955867131,-0.003730422
-0.280227339,0.940956299,0.009925731
-0.300366699,0.928715070,0.023825903
-0.322017396,0.919857032,0.038134865
-0.343323084,0.910127099,0.052395695
-0.365034345,0.902036810,0.066983841
-0.387402329,0.897659750,0.082220871
-0.409415829,0.892851197,0.097825399
-0.430005735,0.883300757,0.113053523
-0.448529743,0.868799658,0.127127128
-0.466262246,0.853025639,0.140850855
-0.481279103,0.833345165,0.152429669
-0.493358133,0.810426298,0.161377511
-0.505235965,0.787300118,0.170076477
-0.519384209,0.766642512,0.181146107
-0.534142822,0.746975573,0.193285904
-0.548292686,0.726806223,0.205323917
-0.563814305,0.709640498,0.219979528
-0.579469865,0.693950628,0.236124047
-0.593298164,0.675609876,0.250984212
-0.603874027,0.652952531,0.262140035
-0.613106753,0.629175019,0.272205189
-0.619546097,0.603421755,0.278679452
-0.623068527,0.576329354,0.280906003
-0.626638251,0.549295962,0.283626369
-0.632212568,0.523444770,0.290788474
-0.637384005,0.497642402,0.298500363
-0.642797630,0.472780616,0.308496900
-0.648957151,0.450216293,0.322805184
-0.652947463,0.425944372,0.334692067
-0.653748411,0.399180913,0.340562593
-0.653371944,0.372185001,0.345322738
-0.650703813,0.345003026,0.344237946
-0.646836753,0.318192267,0.339981468
-0.643421964,0.291072280,0.340167293
-0.639774519,0.264054451,0.343120085
-0.635785019,0.237844263,0.349778901
-0.631053758,0.212734513,0.359711476
-0.624307767,0.186667933,0.364127581
-0.616241117,0.160460906,0.364453617
-0.607537290,0.135030426,0.359986814
-0.598793263,0.110805740,0.350602759
-0.588618755,0.085612726,0.347604680
-0.577285677,0.060683594,0.346465643
-0.564296429,0.037059583,0.351201299
-0.550087641,0.013924006,0.354061280
-0.535822976,-0.009202101,0.350384541
-0.522404150,-0.031347391,0.341988907
-0.509963139,-0.052624363,0.330113863
-0.493794331,-0.074095686,0.324745017
-0.475475592,-0.094189827,0.322752551
-0.455125369,-0.112472765,0.323248601
-0.436289896,-0.131222321,0.316562903
-0.420404596,-0.149680206,0.304254500
-0.403527089,-0.167546734,0.292515164
-0.382840689,-0.183825612,0.284947684
-0.358487578,-0.196201426,0.283074413
-0.336416919,-0.209935782,0.274584539
-0.317715124,-0.224657624,0.261340589
-0.298373055,-0.238591859,0.248245295
-0.274400282,-0.248448445,0.239848466
-0.248732371,-0.254893239,0.233236391
-0.226028369,-0.264188195,0.221088322
-0.206931183,-0.276104869,0.205526894
-0.182847118,-0.282230483,0.194113690
-0.156749962,-0.282238003,0.185896916
-0.133216146,-0.286786050,0.172674797
-0.112448430,-0.295039339,0.157091853
-0.088041893,-0.295163127,0.144897712
-0.063537740,-0.290387347,0.133973914
-0.040835166,-0.292772619,0.119127593
-0.017973925,-0.293868875,0.104521040
0.004819235,-0.285510412,0.092360653
0.027456415,-0.279132291,0.078491878
0.050198744,-0.279648096,0.063337272
0.071890739,-0.270748029,0.049478698
0.091503209,-0.257750256,0.035880410
0.113846406,-0.252592711,0.021204120
0.135022132,-0.243338728,0.006826506
0.150873246,-0.226148901,-0.007332445
0.170873928,-0.214607178,-0.021913938
0.191857385,-0.204252924,-0.035643872
0.205304936,-0.185788529,-0.050304507
0.220615232,-0.168626224,-0.065065471
0.241176583,-0.155717350,-0.077523663
0.254534969,-0.136730619,-0.091831639
0.263423644,-0.115940516,-0.107026771
0.279747470,-0.097985886,-0.119346683
0.293923502,-0.078318028,-0.131656245
0.299384576,-0.056425993,-0.146806725
0.307319687,-0.034397443,-0.160872498
0.321547685,-0.013006875,-0.170241184
0.329497541,0.010227601,-0.182303538
0.329291532,0.032537859,-0.198083109
0.334150646,0.056447757,-0.210545515
0.343609617,0.081159985,-0.217537880
0.347117532,0.106195606,-0.227962382
0.343872918,0.128760410,-0.243009052
0.343167722,0.153273982,-0.255037234
0.345692646,0.179537996,-0.261519827
0.346529817,0.206023532,-0.267480098
0.342647699,0.231025148,-0.277789066
0.335038142,0.252916004,-0.292410324
0.329785380,0.278214131,-0.301518141
0.326232234,0.305119714,-0.304234522
0.320747223,0.331658214,-0.307068360
0.312135699,0.356767266,-0.313914476
0.301078947,0.378464614,-0.326384479
0.289980437,0.401396069,-0.336071467
0.278950732,0.426014696,-0.340812813
0.268463883,0.451160439,-0.338096631
0.255838460,0.475341684,-0.337941739
0.241405205,0.498408290,-0.341336963
0.226158314,0.519133056,-0.350436279
0.210435368,0.539423731,-0.359748492
0.193844685,0.561137716,-0.361965672
0.176636193,0.582311546,-0.360927027
0.159283061,0.602109082,-0.353295017
0.140384394,0.621361682,-0.349013447
0.120434065,0.640163531,-0.348333977
0.100327271,0.658324030,-0.351911701
0.080428478,0.675956591,-0.358602311
0.059225588,0.693124696,-0.359572348
0.037217865,0.709258063,-0.356857581
0.014847412,0.723762433,-0.350929945
-0.007179947,0.735100023,-0.339209466
-0.030086945,0.745861320,-0.328760713
-0.054125651,0.757791285,-0.323156343
-0.078521974,0.769277044,-0.318278035
-0.102699940,0.782148217,-0.318417948
-0.126892276,0.795000428,-0.319356851
-0.151857218,0.805217350,-0.315047823
-0.176981443,0.813047181,-0.307336783
-0.202058711,0.819276293,-0.298307068
-0.225354462,0.820538167,-0.284039777
-0.247880221,0.819355676,-0.268452173
-0.272430016,0.820412973,-0.256453069
-0.297885237,0.822553731,-0.246481304
-0.323393530,0.824076671,-0.236559696
-0.349650203,0.828392366,-0.230061044
-0.376032757,0.833747208,-0.224844074
-0.402126450,0.836454778,-0.217084693
-0.426828414,0.834408490,-0.205422053
-0.451013863,0.830827738,-0.193002974
-0.473092512,0.823556424,-0.178614808
-0.491897806,0.811913277,-0.162432497
-0.510163209,0.799176768,-0.146431326
-0.530948966,0.788709748,-0.132007028
-0.553089084,0.779677622,-0.118582318
-0.574750344,0.769764186,-0.104998695
-0.597900117,0.762156452,-0.092521012
-0.622322572,0.757162472,-0.081093951
-0.646125989,0.751042465,-0.068983802
-0.667063225,0.740242470,-0.055109427
-0.685338506,0.726035702,-0.040406094
-0.702578687,0.710697577,-0.025611139
-0.715245358,0.691417092,-0.010901809
-0.724313109,0.669667124,0.003107624
-0.733543854,0.647814517,0.016846987
-0.746169581,0.628052557,0.030984653
-0.759776242,0.609014355,0.045280830
-0.772717804,0.589501233,0.059552870
-0.788592475,0.572938452,0.074478768
-0.805974608,0.558455506,0.089972953
-0.821006374,0.541756034,0.105573003
-0.830644403,0.520614491,0.120017401
-0.838251693,0.498234850,0.133919101
-0.844118707,0.475027847,0.147215651
-0.844776105,0.449752823,0.157668766
-0.842504491,0.423769474,0.166130908
-0.841272954,0.397987411,0.175317885
-0.843401354,0.373324803,0.187077923
-0.845271832,0.348730676,0.199061840
-0.848585150,0.325184900,0.212625282
-0.854135784,0.303565672,0.228552742
-0.858086894,0.281480012,0.244265248
-0.857120573,0.257178882,0.256725206
-0.853221207,0.232071458,0.267040209
-0.847831392,0.206891013,0.276372816
-0.837886229,0.181699641,0.280147798
-0.826161994,0.156942976,0.281414002
-0.816479801,0.131894905,0.286516609
-0.808039164,0.107052966,0.294493033
-0.799022123,0.082517074,0.302720606
-0.791979078,0.059244843,0.315334064
-0.784419487,0.036667413,0.328907933
-0.773044626,0.013465784,0.337734122
-0.759247581,-0.009633933,0.343028222
-0.743786613,-0.032071358,0.344883292
-0.726768969,-0.053207266,0.340999213
-0.709624426,-0.074427085,0.338711972
-0.692826612,-0.095897855,0.341662747
-0.675402386,-0.116787513,0.344996516
-0.658522806,-0.136479038,0.353775298
-0.640622463,-0.155232305,0.362585790
-0.620573236,-0.173781720,0.364359962
-0.599812374,-0.191594245,0.363315370
-0.579558502,-0.208179268,0.355256179
-0.558704085,-0.224470196,0.348383380
-0.536412714,-0.240366809,0.346873500
-0.513409965,-0.255003451,0.347933957
-0.489752650,-0.267443151,0.353979950
-0.465558075,-0.280008670,0.352410952
-0.441472525,-0.292040671,0.347436437
-0.419793203,-0.304026229,0.335732535
-0.396255514,-0.314963443,0.327370671
-0.370815053,-0.324082085,0.322948038
-0.344041611,-0.329731021,0.324352068
-0.317744492,-0.335682124,0.320248872
-0.292482989,-0.342002308,0.311857196
-0.270324927,-0.349946604,0.297815314
-0.245022608,-0.354663264,0.288613788
-0.218193380,-0.355259803,0.284017698
-0.191365783,-0.353823674,0.279467042
-0.165987554,-0.354668445,0.269199845
-0.143786228,-0.359146213,0.253802583
-0.118544136,-0.357965498,0.243245266
-0.092934725,-0.350753500,0.237229295
-0.068088623,-0.344899981,0.227615229
-0.045112153,-0.344130192,0.212993896
-0.021669574,-0.340450809,0.199678329
0.001431487,-0.329729319,0.190215701
0.023748878,-0.318231147,0.179690220
0.045945048,-0.313335147,0.164692294
0.067843305,-0.305175423,0.150747869
0.086720207,-0.288647778,0.140378518
0.106311705,-0.274895321,0.127183942
0.127550100,-0.267488913,0.111618701
0.145641307,-0.252105203,0.098208083
0.159825665,-0.232345117,0.085903802
0.178239760,-0.218981911,0.071007293
0.195790569,-0.204335095,0.056427519
0.205780591,-0.182710657,0.043266309
0.218923607,-0.163705109,0.028628182
0.235997705,-0.148241361,0.014199266
0.244380114,-0.126657771,0.000015568
0.251096964,-0.104644159,-0.014540259
0.265427872,-0.085940888,-0.028338608
0.272861037,-0.063915134,-0.042647531
0.273232437,-0.041106089,-0.057520757
0.281628710,-0.019090824,-0.071174207
0.288714985,0.003588389,-0.084308816
0.285358593,0.025933441,-0.099508711
0.286021454,0.049256727,-0.113813692
0.292256457,0.073499804,-0.124833647
0.289570482,0.096836872,-0.138691326
0.282170111,0.118118420,-0.154044222
0.280648734,0.142587529,-0.165904539
0.279451514,0.167761552,-0.175880364
0.270790669,0.189454189,-0.189784730
0.260346707,0.209927449,-0.204379975
0.254102535,0.234598603,-0.214050533
0.247033714,0.259524157,-0.222274850
0.234921730,0.280673649,-0.234520197
0.220164927,0.298123952,-0.249507259
0.207475044,0.320255900,-0.259427640
0.196473992,0.345033731,-0.263356092
0.181331466,0.366156788,-0.271958897
0.164019052,0.382425600,-0.285169776
0.146327698,0.399235374,-0.297172864
0.128649607,0.418826608,-0.304377601
0.111606454,0.440280172,-0.304877734
0.091911878,0.458445351,-0.310334612
0.071233041,0.473346743,-0.319982044
0.050370583,0.485798496,-0.332594291
0.028467053,0.501051412,-0.338794285
0.006184522,0.516638035,-0.340770066
-0.016169641,0.532110869,-0.337319812
-0.040131369,0.545123547,-0.339630753
-0.064444975,0.556342260,-0.345048164
-0.088015287,0.565419257,-0.355714326
-0.112927618,0.575211926,-0.361008067
-0.138589196,0.584729045,-0.362660922
-0.163930060,0.593381767,-0.357510162
-0.189226903,0.600538941,-0.349878989
-0.215891127,0.606734787,-0.348755531
-0.242779020,0.612003447,-0.348629793
-0.269100464,0.616899539,-0.354400375
-0.295582818,0.621284449,-0.359774972
-0.322762554,0.624254632,-0.358322287
-0.349838243,0.625965853,-0.354574965
-0.375240350,0.625227985,-0.344455320
-0.399911654,0.622798211,-0.332758426
-0.426299213,0.620580049,-0.325864531
-0.453045218,0.617922590,-0.320426335
-0.480055846,0.615250050,-0.316999176
-0.507417242,0.613882487,-0.318149300
-0.534688587,0.611518142,-0.317700928
-0.560743036,0.606073544,-0.311315519
-0.586043787,0.599207555,-0.303282268
-0.608755041,0.589757674,-0.291403161
-0.628180298,0.577778491,-0.276219860
-0.647984421,0.565228429,-0.262045270
-0.670567745,0.553827809,-0.251512589
-0.693109363,0.541990769,-0.241327081
-0.716388328,0.530597544,-0.232579710
-0.741841281,0.521709900,-0.227620442
-0.766866751,0.512159269,-0.221910614
-0.788363440,0.498826265,-0.211606673
-0.807581696,0.483572405,-0.199360282
-0.825631052,0.467406614,-0.186552832
-0.838531712,0.448738718,-0.171265693
-0.847526169,0.428598582,-0.154979303
-0.857042938,0.408183264,-0.139361074
-0.870492056,0.388743018,-0.125506549
-0.884239303,0.369247738,-0.111981334
-0.898881630,0.350110732,-0.098972100
-0.916862712,0.332924519,-0.087448997
-0.934963872,0.315920278,-0.075839158
-0.949505117,0.296866020,-0.062648984
-0.958658924,0.275540863,-0.048060482
-0.966368315,0.253738625,-0.033321560
-0.971261520,0.231287335,-0.018489691
-0.969089242,0.208072476,-0.004150256
-0.964388772,0.184767702,0.009516456
-0.962717586,0.161254725,0.023410674
-0.964825131,0.137957251,0.037719600
-0.966020984,0.114566866,0.051982619
-0.968778713,0.091555112,0.066560183
-0.975170242,0.069670731,0.081786626
-0.981087334,0.047924323,0.097385724
-0.982201875,0.025264317,0.112631439
-0.977899312,0.002143522,0.126716237
-0.972101378,-0.020862870,0.140454013
-0.961643865,-0.043271953,0.152088851
-0.946895864,-0.064557731,0.161068390
-0.931811621,-0.085738614,0.169754360
-0.919935758,-0.107798646,0.180788158
-0.909293322,-0.129960021,0.192936837
-0.897900931,-0.151810635,0.204967200
-0.889751316,-0.173501340,0.219574509
-0.883059042,-0.194631052,0.235720101
-0.873233331,-0.215360221,0.250629556
-0.858051013,-0.235196210,0.261835140
-0.841228730,-0.254355371,0.271930132
-0.821394931,-0.271966340,0.278500341
-0.798983419,-0.287584082,0.280768364
-0.776603392,-0.303176818,0.283430559
-0.756205148,-0.320021727,0.290555490
-0.735698347,-0.336506246,0.298282811
-0.716075453,-0.352754821,0.308196471
-0.698877293,-0.368631092,0.322476284
-0.679264012,-0.383382519,0.334496840
-0.655894238,-0.396432391,0.340405551
-0.631773590,-0.408547232,0.345204033
-0.606431943,-0.418735433,0.344263415
-0.580852461,-0.427648362,0.340002861
-0.555200454,-0.437089044,0.340071868
-0.529545026,-0.446306790,0.343040996
-0.504412647,-0.454850078,0.349564457
-0.479966590,-0.462238408,0.359534908
-0.453753745,-0.468274463,0.364108329
-0.426779531,-0.473199774,0.364453313
-0.400045590,-0.477195115,0.360719469
-0.374350683,-0.480574604,0.351766402
-0.347479316,-0.483190823,0.347637569
-0.320132256,-0.484629087,0.346457534
-0.293170905,-0.484010565,0.351127935
-0.266101202,-0.482048962,0.354126925
-0.238999807,-0.480042559,0.350482985
-0.213114604,-0.478292712,0.342239187
-0.188526924,-0.477075692,0.330294012
-0.162031065,-0.472645035,0.324872965
-0.135748288,-0.465702911,0.322763564
-0.110147834,-0.456050023,0.323357962
-0.084821142,-0.447949103,0.316740956
-0.061081194,-0.442268733,0.304565088
-0.037477792,-0.435611329,0.292705719
-0.013488517,-0.424799132,0.285087444
0.008734764,-0.408922334,0.283201434
0.031087082,-0.395598732,0.274821414
0.052782427,-0.385663438,0.261692390
0.074061770,-0.375043758,0.248491463
0.093911909,-0.358411900,0.239993498
0.111423003,-0.338509128,0.233513834
0.130117630,-0.322559628,0.221433960
0.149503113,-0.311136914,0.205848969
0.166120348,-0.292712764,0.194341737
0.178127648,-0.269506865,0.186193084
0.192944120,-0.250600621,0.173044589
0.209908011,-0.236075496,0.157405100
0.221376156,-0.214549873,0.145151455
0.228342717,-0.190528046,0.134309731
0.240806095,-0.171362243,0.119507471
0.252449175,-0.151699830,0.104855574
0.255697721,-0.127671014,0.092650456
0.260272656,-0.104563457,0.078856429
0.271259599,-0.084640839,0.063686594
0.273555106,-0.061310380,0.049791766
0.270908524,-0.037898701,0.036239748
0.276473569,-0.015662865,0.021554058
0.278269309,0.007369608,0.007174050
0.270284531,0.029359004,-0.006971310
0.269080298,0.052414633,-0.021580688
0.269740117,0.075819786,-0.035294810
0.259706472,0.096341671,-0.049940158
0.251372314,0.117754628,-0.064715897
0.249405439,0.141950304,-0.077188281
0.238855429,0.162664827,-0.091463235
0.224402456,0.180045524,-0.106681485
0.215869106,0.202717734,-0.119085186
0.205093165,0.224457718,-0.131331347
0.188268278,0.239531119,-0.146425606
0.172293659,0.256577226,-0.160559557
0.159835935,0.279007408,-0.169991878
0.142952993,0.296872157,-0.181989809
0.123075989,0.307019533,-0.197739505
0.104074730,0.322266586,-0.210265604
0.086491814,0.341999925,-0.217333002
0.065928100,0.356747334,-0.227681839
0.044407078,0.364358979,-0.242659763
0.022335759,0.374925570,-0.254779761
0.000044217,0.388837947,-0.261889066
-0.023013308,0.402266152,-0.267291927
-0.047006296,0.410409120,-0.277532873
-0.069932232,0.413716605,-0.292177198
-0.094788720,0.420667796,-0.301348690
-0.120258723,0.429521305,-0.304801988
-0.146262685,0.437257186,-0.306898401
-0.172524958,0.441216996,-0.313702256
-0.196905291,0.441432494,-0.326106292
-0.222321658,0.442091781,-0.335929046
-0.249243900,0.443631714,-0.340742454
-0.276397745,0.445905178,-0.338127268
-0.303676212,0.445883225,-0.337851790
-0.330800943,0.443711843,-0.341238729
-0.356259612,0.439742596,-0.350218805
-0.381467200,0.435120006,-0.359668080
-0.408379688,0.430401145,-0.361923040
-0.435111010,0.424881305,-0.361014336
-0.460688740,0.418610647,-0.353415153
-0.486470366,0.410723770,-0.349023152
-0.512350698,0.401682293,-0.348353616
-0.537789182,0.392059221,-0.350622306
-0.562458015,0.382626052,-0.357986431
-0.587427221,0.371816462,-0.359643735
-0.611891464,0.359724344,-0.356946766
-0.635127868,0.346572382,-0.351170625
-0.655368874,0.332255189,-0.339491181
-0.675444820,0.316894516,-0.328967077
-0.697093823,0.301055679,-0.323317370
-0.718514888,0.284687991,-0.318395095
-0.741057080,0.269131637,-0.318461662
-0.763614038,0.253589089,-0.319445228
-0.784237864,0.236172433,-0.315271422
-0.802771018,0.217483673,-0.307574414
-0.819911791,0.198108305,-0.298619150
-0.831846863,0.178015089,-0.284423253
-0.841166201,0.157491560,-0.268809904
-0.853350219,0.136190611,-0.256742032
-0.866989185,0.114585922,-0.246782047
-0.880067500,0.092643064,-0.236832748
-0.895949872,0.071307276,-0.230292049
-0.912861411,0.050356971,-0.225093481
-0.927347899,0.028460667,-0.217404765
-0.936970741,0.005598150,-0.205789037
-0.944954139,-0.017517375,-0.193381971
-0.948794006,-0.040478582,-0.179048250
-0.947168672,-0.062541001,-0.162871651
-0.944261180,-0.084608040,-0.146855979
-0.944475720,-0.107860450,-0.132400673
-0.946674887,-0.131674236,-0.118982090
-0.947853590,-0.155466928,-0.105398227
-0.951693359,-0.179518760,-0.092898300
-0.958500368,-0.203501719,-0.081476846
-0.964096019,-0.227452223,-0.069398268
-0.964254789,-0.251028726,-0.055550125
-0.960078260,-0.273797983,-0.040848908
-0.954440400,-0.296176056,-0.026056486
-0.943263837,-0.316344144,-0.011338543
-0.928174993,-0.334430355,0.002686786
-0.913006298,-0.352667317,0.016429305
-0.901223036,-0.372945320,0.030561742
-0.890609716,-0.393799504,0.044859790
-0.879248190,-0.414273811,0.059130742
-0.871777335,-0.435972213,0.074042419
-0.866931184,-0.458079494,0.089526216
-0.859127282,-0.479147768,0.105131521
-0.844874876,-0.497478216,0.119596774
-0.828530767,-0.514549105,0.133504792
-0.810690229,-0.530486099,0.146833327
-0.788614978,-0.542765724,0.157340558
-0.764514688,-0.552723509,0.165820557
-0.741032192,-0.563465309,0.174979092
-0.720098269,-0.576693035,0.186718453
-0.699142291,-0.589692722,0.198711645
-0.679703634,-0.603442552,0.212219938
-0.663065585,-0.618334310,0.228135091
-0.645338723,-0.632054484,0.243879638
-0.623391342,-0.642448656,0.256409080
-0.599319097,-0.650563966,0.266736410
-0.574557487,-0.657479324,0.276216675
-0.547794242,-0.660764696,0.280826334
-0.520455079,-0.662007827,0.282559595
-0.493465106,-0.664269530,0.286524254
-0.467450430,-0.668107676,0.294299815
-0.441508330,-0.671397342,0.302500974
-0.417582628,-0.675856604,0.315067566
-0.394079166,-0.679569358,0.328667792
-0.368282544,-0.680207989,0.337593677
-0.341426405,-0.678610947,0.342902321
-0.314437856,-0.675575393,0.346042342
-0.287893265,-0.670150708,0.342023764
-0.261318315,-0.664492200,0.338742635
-0.234518375,-0.659459487,0.341561635
-0.207939282,-0.653618139,0.344830002
-0.182651651,-0.647710684,0.353503915
-0.157781718,-0.640505123,0.362413049
-0.132091473,-0.631288465,0.364348355
-0.106703878,-0.621074434,0.363432175
-0.082622898,-0.610724213,0.355500265
-0.058584671,-0.599749579,0.348451222
-0.034198621,-0.587304432,0.346930392
-0.010572781,-0.573665218,0.347800349
0.011371214,-0.558427644,0.353919722
0.033663276,-0.542729253,0.352541241
0.055455536,-0.526861654,0.347706187
0.076099114,-0.513099516,0.336096049
0.096646736,-0.497346583,0.327544148
0.116497976,-0.479022248,0.323009705
0.133891715,-0.457900407,0.324359574
0.151259605,-0.437244757,0.320494322
0.168501831,-0.417656355,0.312247547
0.185762236,-0.401621632,0.298243672
0.201652337,-0.381461808,0.288893336
0.214663946,-0.358028586,0.284108682
0.225674915,-0.333466520,0.279796200
0.238090629,-0.311263205,0.269629312
0.252300074,-0.293619954,0.254237546
0.262955620,-0.270753319,0.243601756
0.268526639,-0.244793191,0.237437361
0.274657863,-0.219954913,0.228015486
0.284423474,-0.199057342,0.213532213
0.292138475,-0.176709547,0.200086902
0.293497129,-0.151326482,0.190486168
0.293397438,-0.126154238,0.180136627
0.299093711,-0.104091378,0.165236175
0.302173329,-0.081000729,0.151197361
0.296449579,-0.056633050,0.140733111
0.293041799,-0.032885977,0.127677223
0.296210904,-0.010616707,0.112122588
0.291225154,0.012562149,0.098614468
0.280045448,0.034235851,0.086402754
0.275993582,0.056735216,0.071557829
0.271776923,0.079150719,0.056871702
0.257352419,0.098067583,0.043695894
0.246310222,0.118387032,0.029094037
0.240582284,0.140717663,0.014649147
0.225482841,0.158280998,0.000450483
0.208882221,0.174238007,-0.014077050
0.198789483,0.195489512,-0.027908606
0.182954013,0.212567533,-0.042183482
0.162704662,0.223238390,-0.057094942
0.146913979,0.240683136,-0.070819280
0.130203988,0.257601437,-0.083902470
0.108993239,0.265228509,-0.098977939
0.088489689,0.276157491,-0.113391332
0.069872225,0.292884049,-0.124431770
0.047967809,0.301546663,-0.138192666
0.025670785,0.304612205,-0.153607507
0.003226984,0.314340579,-0.165621418
-0.019614668,0.325114288,-0.175476299
-0.042912695,0.327651663,-0.189272512
-0.065827625,0.327621421,-0.203980803
-0.090576015,0.333286063,-0.213830216
-0.115961807,0.338700207,-0.221913894
-0.140387144,0.337847103,-0.234049726
-0.162603361,0.332692622,-0.249133901
-0.188039357,0.331533454,-0.259204734
-0.215093266,0.333215142,-0.263162975
-0.240854065,0.329612224,-0.271665721
-0.263404036,0.321862250,-0.284698849
-0.286337375,0.313810597,-0.296893268
-0.311827291,0.307105824,-0.304242128
-0.338720170,0.301879603,-0.304800386
-0.363963649,0.292853432,-0.310120716
-0.386818553,0.281417137,-0.319598080
-0.407416238,0.268624036,-0.332318792
-0.431012896,0.256207856,-0.338616913
-0.455087259,0.243583361,-0.340813023
-0.479137286,0.230911193,-0.337325344
-0.501754238,0.215675328,-0.339521360
-0.522969021,0.199275079,-0.344788845
-0.541880723,0.182539094,-0.355465159
-0.562008889,0.164953532,-0.360942355
-0.582283803,0.146571303,-0.362648981
-0.601666629,0.128048965,-0.357701540
-0.619682618,0.108932956,-0.349977745
-0.637473025,0.088136821,-0.348778256
-0.654540698,0.066700338,-0.348589072
-0.671015982,0.045574045,-0.354256004
-0.687108060,0.024116383,-0.359766216
-0.702284240,0.001370343,-0.358410393
-0.716308692,-0.021872623,-0.354757144
-0.727422687,-0.044777509,-0.344761920
-0.736632321,-0.067771897,-0.333018056
-0.746793462,-0.092196564,-0.326031557
-0.756771244,-0.117157616,-0.320611299
-0.766804071,-0.142365439,-0.317087753
-0.778175350,-0.167289563,-0.318197533
-0.788688061,-0.192571180,-0.317870971
-0.795902358,-0.218210171,-0.311565435
-0.801495386,-0.243835382,-0.303570289
-0.803657461,-0.268388324,-0.291794154
-0.802018482,-0.291169224,-0.276639743
-0.799969290,-0.314489598,-0.262402991
-0.800225934,-0.339768985,-0.251832557
-0.800124439,-0.365235325,-0.241661927
-0.800663781,-0.391124386,-0.232839740
-0.804465198,-0.417809502,-0.227854847
-0.807564665,-0.444430088,-0.222208708
-0.805733215,-0.469693373,-0.211998892
-0.801063582,-0.493786463,-0.199763357
-0.795097389,-0.517298820,-0.186997924
-0.784551330,-0.537420528,-0.171746004
-0.770840819,-0.554696608,-0.155457201
-0.757071130,-0.572500161,-0.139810556
-0.745980486,-0.593362124,-0.125937197
-0.735025329,-0.614556750,-0.112418286
-0.724722124,-0.636325723,-0.099383278
-0.717714185,-0.660187685,-0.087853093
-0.710996300,-0.684112343,-0.076271450
-0.700878635,-0.705872812,-0.063120908
-0.686193749,-0.723847543,-0.048539116
-0.670408412,-0.740748878,-0.033802432
-0.652795796,-0.755509539,-0.018971738
-0.631248434,-0.764371781,-0.004612084
-0.608404549,-0.770932682,0.009066223
-0.586719873,-0.780191015,0.022952708
-0.567009832,-0.792789786,0.037261425
-0.546811703,-0.804643331,0.051526839
-0.527606989,-0.817632174,0.066091818
-0.511096376,-0.833364734,0.081306126
-0.494552933,-0.848676977,0.096899194
-0.475028032,-0.860209747,0.112165905
-0.452544330,-0.867078596,0.126263541
-0.429470896,-0.872567468,0.140017456
-0.404798994,-0.873715595,0.151718120
-0.379120941,-0.870467462,0.160734008
-0.353371497,-0.866797356,0.169403036
-0.328302943,-0.866350024,0.180393128
-0.303735863,-0.867130093,0.192551562
-0.279092258,-0.867083661,0.204578971
-0.256039694,-0.869770013,0.219121550
-0.234207429,-0.873590002,0.235268160
-0.211320356,-0.874508997,0.250235465
-0.186738121,-0.870236869,0.261498959
-0.161985961,-0.864154877,0.271614861
-0.137216568,-0.854756256,0.278310236
-0.113025065,-0.842078985,0.280625657
-0.088887422,-0.829362446,0.283237734
-0.064540654,-0.818979070,0.290298263
-0.040460122,-0.808389738,0.298042654
-0.016980884,-0.798401395,0.307858389
0.005053123,-0.790449876,0.322104224
0.027162514,-0.779940601,0.334267608
0.049513164,-0.765239635,0.340232142
0.071384402,-0.749433557,0.345074187
0.092130667,-0.731668069,0.344300033
0.111821274,-0.713067065,0.340033686
0.132000453,-0.694629231,0.339966352
0.152007842,-0.676115357,0.342953456
0.171193157,-0.657718662,0.349326229
0.189026160,-0.639455887,0.359333009
0.206459632,-0.619011227,0.364086782
0.223269726,-0.597348472,0.364452702
0.239148336,-0.575441537,0.360899923
0.253987928,-0.554189374,0.351960252
0.268691146,-0.531576875,0.347681310
0.282587477,-0.507978893,0.346436436
0.294506189,-0.483771371,0.351005314
0.305221366,-0.458851145,0.354211068
0.315934055,-0.433870089,0.350614044
0.326288520,-0.409999808,0.342595115
0.336551723,-0.387672433,0.330544072
0.344861298,-0.362149303,0.325043546
0.350896860,-0.335653832,0.322759440
0.354108857,-0.308478737,0.323496257
0.358569680,-0.282244448,0.316978362
0.364386624,-0.258451046,0.304995116
0.369455239,-0.234535623,0.292959825
0.371021305,-0.208295244,0.285207071
0.367587149,-0.181253356,0.282744855
0.365585552,-0.155127686,0.275098279
0.366642467,-0.131213746,0.262109775
0.367163198,-0.107506017,0.248779166
0.362160389,-0.082260726,0.239671191
0.352017303,-0.057593447,0.233869706
0.346355040,-0.033615716,0.221898944
0.345205992,-0.011158140,0.206280398
0.336731728,0.012102113,0.194639392
0.321643872,0.033462040,0.186551380
0.311484162,0.055313079,0.173532638
0.306555808,0.077079280,0.157827844
0.292925234,0.097271890,0.145483572
0.274670763,0.114466035,0.134755851
0.262731011,0.134120637,0.120154680
0.251387847,0.153740419,0.105332560
0.231747387,0.167885831,0.093058733
0.213160469,0.182426895,0.079366757
0.200527468,0.201344114,0.064191710
0.181088331,0.214420951,0.050234961
0.158967442,0.222676392,0.036752311
0.141656805,0.237683862,0.022052901
0.122228709,0.250148522,0.007673088
0.099037580,0.253225214,-0.006456056
0.077926760,0.262556470,-0.021101108
0.057563757,0.274165987,-0.034797063
0.034730197,0.274997778,-0.049420312
0.011889384,0.277197829,-0.064217586
-0.010476462,0.286628021,-0.076710596
-0.033768752,0.287089188,-0.090935413
-0.055804943,0.282085104,-0.106188768
-0.079822884,0.284741684,-0.118718826
-0.104109471,0.285468419,-0.130867970
-0.125368761,0.277704790,-0.145876687
-0.147718087,0.271176713,-0.160114026
-0.173313893,0.270385466,-0.169642125
-0.197038286,0.263814404,-0.181540771
-0.215296902,0.250942288,-0.197222061
-0.237455668,0.240999381,-0.209865933
-0.262998465,0.234421246,-0.217070007
-0.285686423,0.223120831,-0.227279781
-0.302498378,0.207602639,-0.242146680
-0.321894909,0.192823564,-0.254410896
-0.344398651,0.179369274,-0.261744299
-0.367072287,0.165217696,-0.266969758
-0.385488281,0.147719944,-0.277082805
-0.398967789,0.128898491,-0.291749054
-0.416497780,0.110038189,-0.301058366
-0.435997772,0.091468571,-0.304781279
-0.454964907,0.072034087,-0.306659834
-0.470618220,0.050564239,-0.313429644
-0.482141502,0.029007685,-0.325684896
-0.494323203,0.006788147,-0.335728167
-0.508075918,-0.016389009,-0.340653624
-0.522606209,-0.039447556,-0.338195086
-0.535220505,-0.063633927,-0.337725257
-0.545815217,-0.088701382,-0.341094849
-0.554283586,-0.113380648,-0.349152573
-0.561696520,-0.137835197,-0.358992630
-0.569807793,-0.163833506,-0.361873747
-0.577230577,-0.190113408,-0.361124472
-0.583468538,-0.215710088,-0.353564685
-0.588359767,-0.242201835,-0.349034105
-0.592264690,-0.269336885,-0.348379862
-0.595438906,-0.296363736,-0.350511503
-0.598426712,-0.322601754,-0.357888494
-0.600354942,-0.349729785,-0.359711424
-0.600901105,-0.377015412,-0.357030910
-0.599963431,-0.403724510,-0.351368169
-0.596613034,-0.428317665,-0.339754863
-0.592226593,-0.453184083,-0.329161487
-0.588136444,-0.479683859,-0.323470343
-0.583466977,-0.506229132,-0.318507986
-0.580013657,-0.533397949,-0.318507479
-0.576618753,-0.560578893,-0.319532785
-0.570712086,-0.586937355,-0.315483997
-0.562668853,-0.612002456,-0.307800400
-0.553403341,-0.636184892,-0.298914022
-0.541104034,-0.656101579,-0.284784004
-0.527190214,-0.673820417,-0.269153019
-0.513870329,-0.694389666,-0.257016723
-0.500984533,-0.716456902,-0.247067984
-0.487519641,-0.738155217,-0.237093816
-0.475864626,-0.762053236,-0.230515295
-0.465061312,-0.786718910,-0.225334256
-0.452339361,-0.809707481,-0.217710710
-0.436508849,-0.828826699,-0.206138258
-0.419676456,-0.846573791,-0.193740497
-0.401103790,-0.860659380,-0.179455778
-0.380786286,-0.869424782,-0.163288256
-0.359866736,-0.877004617,-0.147262318
-0.339311824,-0.887833481,-0.132775003
-0.319193597,-0.900769898,-0.119362268
-0.298618312,-0.912775790,-0.105778435
-0.279008992,-0.927205737,-0.093258681
-0.260848563,-0.944289083,-0.081842915
-0.242190875,-0.960340532,-0.069793606
-0.221362915,-0.971421905,-0.055968382
-0.199233848,-0.978223516,-0.041270383
-0.176780656,-0.983561719,-0.026480451
-0.153738574,-0.983032089,-0.011754570
-0.130736368,-0.978010162,0.002285582
-0.107570079,-0.972918273,0.016031436
-0.084144782,-0.971740187,0.030159404
-0.060747192,-0.971943030,0.044459218
-0.037340349,-0.971286992,0.058729295
-0.014622386,-0.974576078,0.073628030
0.007237680,-0.980463088,0.089102091
0.029520466,-0.983331438,0.104711885
0.052355027,-0.979199327,0.119196153
0.075036938,-0.972572784,0.133110171
0.097409065,-0.964140002,0.146468034
0.118496539,-0.950270076,0.157024968
0.138436589,-0.933474874,0.165521922
0.158767209,-0.917537436,0.174655278
0.180143060,-0.905021232,0.186376281
0.201337835,-0.892423107,0.198378305
0.222493284,-0.881437595,0.211839130
0.243383213,-0.873524431,0.227740734
0.263735352,-0.864172666,0.243514633
0.283089404,-0.849559276,0.256107857
0.301385815,-0.831943137,0.266446941
0.318952885,-0.813196192,0.275985074
0.334226642,-0.790991238,0.280673229
0.347923474,-0.767299376,0.282423434
0.362328307,-0.744346614,0.286308454
0.377718441,-0.723023120,0.294080317
0.392585486,-0.701495594,0.302246897
0.407569227,-0.682279756,0.314753718
0.421706334,-0.663161469,0.328385760
0.434188571,-0.640626540,0.337434325
0.445151452,-0.616061421,0.342759479
0.454922337,-0.590728536,0.346025943
0.462348059,-0.564663346,0.342075367
0.469543722,-0.538471560,0.338714146
0.477420468,-0.512363303,0.341478012
0.484482316,-0.486073896,0.344698784
0.490900587,-0.460886289,0.353295239
0.495982137,-0.435522369,0.362280046
0.499653340,-0.408492601,0.364338473
0.502289131,-0.381249606,0.363505496
0.504195758,-0.355079578,0.355687137
0.505536667,-0.328717443,0.348504905
0.505736524,-0.301340612,0.346976947
0.504549309,-0.274074203,0.347702119
0.501153858,-0.247585578,0.353879116
0.497476736,-0.220568249,0.352648370
0.493419643,-0.193900228,0.347897670
0.490683997,-0.169202884,0.336385192
0.486230088,-0.143747354,0.327685249
0.479148304,-0.117683014,0.323096248
0.468470461,-0.092493935,0.324375159
0.458083490,-0.067565088,0.320694615
0.448585054,-0.043211485,0.312563642
0.442283466,-0.020494221,0.298589954
0.431812143,0.002883795,0.289123560
0.417123032,0.025274140,0.284191509
0.400304505,0.046342165,0.280067304
0.386258668,0.067596252,0.269980088
0.377108409,0.088339155,0.254621868
0.361840427,0.108354165,0.243895489
0.341492334,0.125345436,0.237614279
0.322163439,0.142176701,0.228345251
0.307952942,0.160428203,0.213973891
0.291849333,0.177641824,0.200423610
0.270071181,0.190677120,0.190710571
0.247570529,0.202086611,0.180504025
0.230458083,0.217210387,0.165685905
0.211551547,0.230711943,0.151567852
0.187378181,0.237031807,0.141028247
0.164630797,0.244792516,0.128083420
0.146275124,0.257798445,0.112548500
0.123526979,0.264308271,0.098960787
0.099093164,0.264262259,0.086813709
0.077173857,0.270855573,0.071991673
0.055425896,0.277657141,0.057277202
0.031988177,0.273764308,0.044079647
0.008854114,0.273072156,0.029519249
-0.013591938,0.278398500,0.015059815
-0.036199583,0.273320603,0.000847720
-0.057957609,0.265749209,-0.013654182
-0.081441236,0.266471996,-0.027515718
-0.103972914,0.260532617,-0.041766574
-0.122736979,0.247402005,-0.056677029
-0.145418443,0.241251819,-0.070470224
-0.168218546,0.234428202,-0.083503323
-0.184915401,0.219266683,-0.098535022
-0.203893247,0.205954070,-0.113006304
-0.227297965,0.197137010,-0.124080223
-0.245287720,0.181841211,-0.137755956
-0.258148122,0.163394712,-0.153223606
-0.276984231,0.147860664,-0.165369789
-0.297229355,0.132684419,-0.175121312
-0.310406665,0.113223438,-0.188826541
-0.320765168,0.092845802,-0.203629960
-0.336615449,0.073281491,-0.214034118
-0.353681681,0.053550490,-0.221562708
-0.364341612,0.031483180,-0.233592721
-0.369887283,0.009407838,-0.248770781
-0.380473260,-0.013697296,-0.258987105
-0.394452851,-0.036915834,-0.262974266
-0.403227613,-0.061425513,-0.271379524
-0.406904504,-0.085072649,-0.284239893
-0.410180359,-0.109059761,-0.296621165
-0.415918837,-0.134753646,-0.304109295
-0.423677962,-0.161023693,-0.304732252
-0.427396116,-0.187589155,-0.309912479
-0.428202176,-0.213473815,-0.318467679
-0.426007841,-0.237249199,-0.331895479
-0.425795483,-0.263842269,-0.338418256
-0.425641264,-0.291011639,-0.340834851
-0.425525769,-0.318196261,-0.337336278
-0.422476837,-0.345299139,-0.339398512
-0.417737735,-0.371736651,-0.344491734
-0.411598531,-0.396228101,-0.355179180
-0.405257939,-0.422145910,-0.360868557
-0.398297623,-0.448611042,-0.362636856
-0.390786438,-0.474386424,-0.357925205
-0.382166586,-0.499172314,-0.350092518
-0.371923807,-0.524541651,-0.348801851
-0.360767881,-0.549571724,-0.348539066
-0.349589387,-0.573942788,-0.354083185
-0.337986265,-0.598097346,-0.359742760
-0.324812301,-0.622061016,-0.358508593
-0.310662386,-0.645250490,-0.354964891
-0.295470007,-0.665746749,-0.345115211
-0.279328267,-0.684502693,-0.333315073
-0.262336382,-0.704736685,-0.326218202
-0.244789859,-0.725107112,-0.320818041
-0.227016415,-0.745587694,-0.317183172
-0.210113307,-0.767147070,-0.318239656
-0.192551699,-0.788159873,-0.318035299
-0.173144330,-0.806433766,-0.311844539
-0.152988635,-0.823240181,-0.303893609
-0.132196339,-0.836585267,-0.292239436
-0.111224193,-0.845683960,-0.277118972
-0.089604847,-0.854551632,-0.262807163
-0.067289035,-0.866386356,-0.252190480
-0.044644635,-0.878053451,-0.242036635
-0.021898191,-0.890370415,-0.233123279
0.000053654,-0.906000260,-0.228105858
0.022235574,-0.921071506,-0.222534703
0.045490456,-0.931213835,-0.212437166
0.069025628,-0.938190222,-0.200213763
0.092645886,-0.943772329,-0.187473470
0.115397842,-0.943839101,-0.172284423
0.137059307,-0.939680053,-0.155999970
0.159180520,-0.935623952,-0.140328704
0.182779481,-0.935311593,-0.126419420
0.206642022,-0.935375206,-0.112907571
0.230698364,-0.936166978,-0.099840375
0.255110179,-0.940891391,-0.088300183
0.279446108,-0.946003368,-0.076751390
0.303437382,-0.947143800,-0.063636660
0.326181352,-0.942481595,-0.049074151
0.348462734,-0.936281527,-0.034340068
0.369835363,-0.927775945,-0.019510115
0.388240130,-0.913628912,-0.005010794
0.404931057,-0.896822870,0.008805468
0.422529305,-0.880962422,0.022572017
0.442398342,-0.868559409,0.036801511
0.462233602,-0.856110903,0.051069313
0.482579231,-0.844976101,0.065621722
0.504143766,-0.837531389,0.080823883
0.525378567,-0.829950257,0.096410844
0.544668594,-0.818048004,0.111698546
0.561146367,-0.801290972,0.125809043
0.576731253,-0.783449735,0.139621542
0.590097363,-0.763144246,0.152083272
0.599010778,-0.738877473,0.161122215
0.606875158,-0.713883582,0.169199187
0.617594550,-0.691065045,0.179814486
0.629629003,-0.669641263,0.191987045
0.640942598,-0.647743165,0.204005722
0.653870101,-0.628386549,0.218431585
0.667354783,-0.610795481,0.234578144
0.678826636,-0.591037946,0.249646133
0.686450490,-0.567331643,0.261008231
0.692480625,-0.542574852,0.271143565
0.695711249,-0.516339556,0.278066755
0.695645243,-0.489035095,0.280459063
0.695429628,-0.461745996,0.282998676
0.697362751,-0.435319245,0.289921528
0.699091013,-0.409077407,0.297691147
0.700971873,-0.383562799,0.307333954
0.704080838,-0.360310299,0.321518395
0.705046708,-0.335932671,0.333851387
0.702382809,-0.309362449,0.339978487
0.698472402,-0.282674033,0.344890086
0.692341723,-0.256056955,0.344393284
0.684902161,-0.230013224,0.340112552
0.677797642,-0.203618418,0.339811711
0.670609001,-0.177327244,0.342824927
0.663101038,-0.151775222,0.348965158
0.655166827,-0.127524725,0.359001648
0.645118427,-0.102661514,0.364054843
0.633660730,-0.077750563,0.364449175
0.621526306,-0.053521815,0.361192878
0.609504856,-0.030551028,0.352272126
0.596260739,-0.007103515,0.347743574
0.581757210,0.016127573,0.346396447
0.565811370,0.037923907,0.350791888
0.548637691,0.058891392,0.354329064
0.531408441,0.079925567,0.350804791
0.514865166,0.100153896,0.343130367
0.499867522,0.119537957,0.330922068
0.481122765,0.138700822,0.325292145
0.460498713,0.156371843,0.322727623
0.437843084,0.171731127,0.323687500
0.416572999,0.187774415,0.317324379
0.397932658,0.203868691,0.305643865
0.379264340,0.219463444,0.293330222
0.356770895,0.233027587,0.285480222
0.331253671,0.242559863,0.282923941
0.307033735,0.252725765,0.275559043
0.286068264,0.264562026,0.262827060
0.265507456,0.276125592,0.249257474
0.240904995,0.283528674,0.239955680
0.214259144,0.285798000,0.234367500
0.190238882,0.291689857,0.222570190
0.169818479,0.301076446,0.206916222
0.145385890,0.304549149,0.195101855
0.119454908,0.301031974,0.187071318
0.095254150,0.301800692,0.174253693
0.073585654,0.307436113,0.158514365
0.049453086,0.305183289,0.145926592
0.025758808,0.296691205,0.135357870
0.002748679,0.294834429,0.120849064
-0.019843435,0.294195983,0.105932617
-0.041555820,0.283617296,0.093568373
-0.062946492,0.273510308,0.080009235
-0.085541910,0.270961649,0.064832305
-0.106382616,0.260293783,0.050761016
-0.123751165,0.244081144,0.037364804
-0.144930556,0.235364666,0.022649457
-0.165144195,0.224257455,0.008268308
-0.178606969,0.205229600,-0.005796572
-0.196335232,0.190475877,-0.020479210
-0.216231527,0.178013176,-0.034155285
-0.227825868,0.158310866,-0.048749587
-0.240024077,0.138916823,-0.063565414
-0.258632439,0.123393162,-0.076111359
-0.270191559,0.103084972,-0.090253326
-0.275659063,0.081167212,-0.105553319
-0.288808921,0.060986205,-0.118250218
-0.300984364,0.039902908,-0.130269753
-0.304241385,0.017444527,-0.145165386
-0.308456966,-0.005359900,-0.159518803
-0.319360515,-0.028428413,-0.169219176
-0.324753626,-0.052494161,-0.180973010
-0.321957992,-0.074696941,-0.196539837
-0.323126060,-0.098847537,-0.209351394
-0.328923033,-0.124501127,-0.216749368
-0.329602979,-0.149886096,-0.226780080
-0.323801077,-0.172108663,-0.241460897
-0.319443719,-0.195972134,-0.253934670
-0.317709735,-0.222056840,-0.261568848
-0.315833228,-0.248781416,-0.266554083
-0.308911926,-0.273296940,-0.276521893
-0.298430776,-0.293936485,-0.291188982
-0.289712947,-0.318077436,-0.300683659
-0.282109270,-0.343856250,-0.304766936
-0.273776837,-0.369740954,-0.306351852
-0.261970476,-0.393550281,-0.313102779
-0.248200922,-0.413861471,-0.325122391
-0.234067316,-0.434751766,-0.335468706
-0.219834911,-0.457612029,-0.340545998
-0.206054760,-0.481136658,-0.338306373
-0.190494043,-0.503539823,-0.337561630
-0.173147990,-0.524507026,-0.340948911
-0.155144107,-0.543498422,-0.348724253
-0.136884263,-0.561285165,-0.358752486
-0.117567034,-0.580449504,-0.361795788
-0.097658731,-0.599160301,-0.361281935
-0.077822470,-0.616541985,-0.353842416
-0.056619650,-0.633095198,-0.349051085
-0.034346559,-0.649079552,-0.348420461
-0.011796747,-0.664362525,-0.350291085
0.010108953,-0.679101820,-0.357687125
0.033254425,-0.693339406,-0.359817111
0.057211344,-0.706416210,-0.357162273
0.081362614,-0.717968124,-0.351708369
0.104757557,-0.726411738,-0.340219633
0.128797864,-0.733949676,-0.329487747
0.154183684,-0.742513656,-0.323710695
0.179888421,-0.750579839,-0.318663959
0.205608681,-0.759981321,-0.318524814
0.231286598,-0.769514113,-0.319624984
0.257405939,-0.776538178,-0.315817442
0.283360452,-0.780968784,-0.308154337
0.309166265,-0.784052757,-0.299489526
0.333005170,-0.782953608,-0.286127239
0.355404458,-0.779097533,-0.270787797
0.379174150,-0.775902666,-0.257588096
0.404624741,-0.774503429,-0.247474961
0.430067744,-0.772514560,-0.237452009
0.456631291,-0.773106331,-0.230799854
0.483505023,-0.774890769,-0.225643607
0.509805666,-0.774292487,-0.218131689
0.534116775,-0.769136172,-0.206633437
0.557636174,-0.762394787,-0.194248833
0.579685409,-0.753511298,-0.180725927
0.596992904,-0.739712510,-0.164617219
0.612589451,-0.724146033,-0.148295813
0.631054491,-0.710386913,-0.133522646
0.651810247,-0.698503734,-0.120106718
0.671941126,-0.685772068,-0.106517712
0.693669698,-0.674862296,-0.093931022
0.717190234,-0.666586067,-0.082519003
0.740107949,-0.657522292,-0.070529336
0.759703201,-0.644320209,-0.056772771
0.776007017,-0.627876481,-0.042088217
0.791165350,-0.610467313,-0.027304531
0.801560892,-0.589922280,-0.012560646
0.807801159,-0.567244003,0.001513508
0.813866769,-0.544312414,0.015260242
0.823451595,-0.522895633,0.029371270
0.834450248,-0.502245664,0.043674497
0.844641550,-0.481160299,0.057939940
0.857849601,-0.462364181,0.072803969
0.873158959,-0.445666133,0.088256095
0.886182026,-0.427361367,0.103882454
0.893223094,-0.405288649,0.118418350
0.897833764,-0.382119559,0.132344004
0.900822788,-0.358433092,0.145779409
0.898427774,-0.333360884,0.156466979
0.892734776,-0.307931078,0.164997699
0.887823624,-0.282534847,0.174046174
0.886480254,-0.257774554,0.185706340
0.885102903,-0.233165108,0.197725309
0.884957809,-0.209265783,0.211072780
0.887519330,-0.187030651,0.226908449
0.888759289,-0.164715042,0.242760514
0.884922352,-0.140855932,0.255522297
0.877752914,-0.116499767,0.265883710
0.869327125,-0.092269200,0.275543687
0.856808837,-0.068450276,0.280456844
0.842103330,-0.045373844,0.282238740
0.828239500,-0.022044440,0.285898546
0.816405026,0.001445763,0.293650576
0.804107715,0.024578148,0.301716651
0.793880437,0.046779079,0.314068033
0.783519018,0.068139706,0.327767519
0.769465075,0.089599502,0.337124251
0.752746268,0.110665505,0.342481754
0.734839453,0.131050467,0.345991438
0.715153268,0.149710584,0.342270577
0.695209076,0.168117142,0.338698196
0.675655856,0.187136456,0.341309291
0.655575789,0.205545157,0.344409583
0.636146853,0.222904361,0.352807489
0.616064964,0.239117994,0.361969409
0.593829885,0.254855093,0.364319010
0.570869149,0.269773939,0.363678443
0.548469363,0.283565422,0.356125306
0.525757892,0.296893256,0.348678861
0.501579896,0.309716459,0.347064009
0.476839414,0.321369857,0.347138553
0.451704731,0.330786519,0.352713444
0.425965041,0.339785224,0.352831999
0.400390523,0.348471785,0.348244869
0.377125650,0.357409063,0.336923279
0.352609158,0.365264694,0.327926321
0.326324236,0.371188721,0.322844526
0.299129213,0.373518384,0.323825588
0.272144919,0.375483222,0.321069303
0.246055576,0.378207391,0.313176075
0.222949051,0.383059855,0.299271207
0.197500965,0.384727566,0.289554521
0.170887111,0.382269175,0.284311843
0.144393577,0.376892091,0.280551028
0.118984298,0.374112245,0.270652097
0.096318411,0.375493674,0.255363185
0.071589993,0.371417511,0.244445178
0.047091925,0.361514763,0.237911365
0.023239913,0.351873368,0.228962715
0.000370301,0.346886797,0.215129177
-0.022172521,0.341407915,0.201087029
-0.043921058,0.328477526,0.191128069
-0.064342691,0.313457876,0.181229941
-0.085622853,0.304855857,0.166589854
-0.106399717,0.294756339,0.152298014
-0.123409091,0.276585134,0.141582692
-0.140598972,0.259662214,0.128870247
-0.160506726,0.249165983,0.113397786
-0.177126581,0.232461340,0.099644257
-0.188211183,0.210578667,0.087625502
-0.203929271,0.193853111,0.072854743
-0.220307495,0.178063087,0.058077621
-0.228035676,0.155659591,0.044832119
-0.237662316,0.134568561,0.030359189
-0.252921040,0.117225191,0.015870571
-0.259324498,0.094932975,0.001629340
-0.262247975,0.072048893,-0.012818575
-0.273441283,0.051470206,-0.026749887
-0.279114002,0.028854740,-0.040944071
-0.276025028,0.006142351,-0.055844006
-0.280582070,-0.016843386,-0.069790579
-0.285532348,-0.040175067,-0.082715177
-0.280220008,-0.062130302,-0.097653499
-0.276746858,-0.084946192,-0.112231626
-0.279662937,-0.109735410,-0.123391764
-0.274859241,-0.132975603,-0.136894765
-0.264191435,-0.152733456,-0.152464799
-0.258599062,-0.176369532,-0.165003176
-0.255020747,-0.201659082,-0.174463181
-0.244088674,-0.222608068,-0.187994142
-0.230589651,-0.240931489,-0.202980400
-0.220331594,-0.263822185,-0.213685443
-0.210977464,-0.288277158,-0.220975607
-0.196454318,-0.308171325,-0.232813390
-0.179364895,-0.323098537,-0.248134934
-0.163677337,-0.342985159,-0.258573568
-0.149542204,-0.366079489,-0.262675697
-0.131948418,-0.385323554,-0.270900973
-0.112690955,-0.400251588,-0.283022875
-0.092850459,-0.413546254,-0.296199187
-0.072680194,-0.430387615,-0.303920356
-0.052959948,-0.449389231,-0.304649717
-0.031171193,-0.465084114,-0.309587846
-0.008548125,-0.477921060,-0.317866399
0.013528785,-0.486860766,-0.331419204
0.037192152,-0.498855456,-0.338148086
0.061382002,-0.511182248,-0.340882042
0.085527548,-0.523674229,-0.337365422
0.110962720,-0.533535059,-0.339232446
0.136637574,-0.541590064,-0.344112021
0.161218999,-0.547450159,-0.354740520
0.187072991,-0.553718127,-0.360765756
0.213760710,-0.559759279,-0.362571344
0.240146021,-0.564998261,-0.358255230
0.266068976,-0.568823228,-0.350260343
0.293289688,-0.571443474,-0.348830467
0.320647017,-0.573096094,-0.348459244
0.347460419,-0.574395157,-0.353819274
0.374214196,-0.575244801,-0.359627074
0.401550092,-0.574650279,-0.358640527
0.428683010,-0.572826740,-0.355257046
0.453967139,-0.568865053,-0.345622039
0.478019056,-0.563205828,-0.333737960
0.503751089,-0.557428366,-0.326468017
0.529925326,-0.551263644,-0.321092179
0.556260401,-0.544881069,-0.317290541
0.583176935,-0.539778169,-0.318262540
0.609931324,-0.533927002,-0.318196839
0.635164369,-0.525219527,-0.312219946
0.659398191,-0.515107892,-0.304316234
0.680985043,-0.502899247,-0.292863078
0.698799585,-0.488522265,-0.277793054
0.716535717,-0.473411338,-0.263364038
0.737265366,-0.459035743,-0.252673339
0.758075695,-0.444332160,-0.242538235
0.779385831,-0.429742387,-0.233484555
0.803333720,-0.417411126,-0.228412066
0.826995605,-0.404735026,-0.222952837
0.846881503,-0.388878505,-0.213026874
0.863945618,-0.371221127,-0.200819761
0.879847059,-0.352858533,-0.188116407
0.890610788,-0.332757571,-0.173020816
0.896996989,-0.311639712,-0.156748070
0.903519172,-0.290144104,-0.141038222
0.913976152,-0.269032150,-0.127069490
0.925068017,-0.247896958,-0.113568642
0.936715935,-0.226860871,-0.100448406
0.952090820,-0.207331349,-0.088888701
0.967891990,-0.188106697,-0.077375883
0.980119203,-0.167395989,-0.064324946
0.986614177,-0.145095203,-0.049794374
0.991415608,-0.122469065,-0.035063843
0.993874008,-0.099592753,-0.020237543
0.989999026,-0.076728578,-0.005709853
0.982809345,-0.054174452,0.008128772
0.976716057,-0.031272850,0.021886588
0.974778689,-0.007927904,0.036107755
0.972906327,0.015412995,0.050379122
0.972245559,0.038613818,0.064907783
0.975502057,0.061206466,0.080089250
0.978656252,0.083541164,0.095666981
0.977223089,0.106145004,0.110994630
0.970019264,0.128500587,0.125127076
0.961401010,0.150560377,0.138950375
0.949761558,0.171842899,0.151534679
0.932434090,0.190984636,0.160665312
0.913816565,0.209440733,0.168706286
0.898351817,0.229409914,0.179216160
0.884912919,0.249973248,0.191403287
0.870686237,0.270106679,0.203412641
0.859320425,0.290486443,0.217734574
0.849937229,0.310583312,0.233861503
0.837867956,0.329909025,0.249035877
0.820457600,0.347642977,0.260500758
0.801287820,0.364417098,0.270656137
0.779641943,0.379483140,0.277817027
0.755403874,0.392038473,0.280289311
0.731053807,0.404377298,0.282752910
0.708425098,0.418221709,0.289531726
0.685951090,0.431866622,0.297324383
0.664073249,0.445265494,0.306789512
0.644844510,0.458767368,0.320909695
0.623785737,0.470913537,0.333419421
0.599054968,0.480852018,0.339715859
0.573591393,0.489713651,0.344699740
0.547163605,0.496618089,0.344491940
0.520622389,0.502011319,0.340195945
0.493913865,0.507827646,0.339651413
0.467275885,0.513586174,0.342691603
0.440826081,0.518592257,0.347437780
0.415842244,0.522824494,0.357893346
0.389415688,0.525465516,0.364018123
0.362029083,0.526800991,0.364441637
0.334886997,0.527217009,0.361532924
0.308945701,0.527136972,0.352660027
0.282090692,0.526226929,0.347809903
0.254787514,0.524098137,0.346439850
0.228051044,0.520080642,0.350532859
0.201558038,0.514516151,0.354384829
0.174935966,0.508925782,0.351020400
0.149263123,0.503463743,0.343717287
0.125196403,0.499163183,0.331353773
0.099565906,0.491451942,0.325572134
0.074335288,0.481450411,0.322703962
0.050256562,0.468433180,0.323822519
0.026201437,0.456882111,0.317715969
0.003252298,0.447531047,0.306384694
-0.019150757,0.438409303,0.293759536
-0.041589475,0.424785769,0.285841603
-0.061914852,0.406714646,0.283081869
-0.082050163,0.389726507,0.276078924
-0.102217275,0.376280733,0.263643894
-0.122004405,0.363697982,0.249796763
-0.140059691,0.345486699,0.240292738
-0.154314072,0.322768580,0.234930441
-0.170563948,0.304011817,0.223298634
-0.188295201,0.290169983,0.207680858
-0.202868267,0.270403226,0.195641786
-0.211771512,0.245790593,0.187646701
-0.223432871,0.224451823,0.175029270
-0.238445671,0.207842784,0.159277263
-0.247933201,0.185635462,0.146502972
-0.251169676,0.160575481,0.136093783
-0.259822690,0.139055112,0.121701458
-0.270052346,0.118973474,0.106668256
-0.271128146,0.094907018,0.094175502
-0.271636498,0.071178007,0.080791515
-0.279669114,0.049920155,0.065622113
-0.280322436,0.026555256,0.051472723
-0.273717956,0.003655156,0.038156487
-0.275353940,-0.019187392,0.023420796
-0.275303780,-0.042219717,0.009040665
-0.264868919,-0.063018334,-0.005007264
-0.259471161,-0.085429285,-0.019729777
-0.257957555,-0.108907582,-0.033386324
-0.246213920,-0.128549754,-0.047949295
-0.234316775,-0.148084427,-0.062781547
-0.228998575,-0.171655295,-0.075408953
-0.216705004,-0.191606110,-0.089447091
-0.199619283,-0.206386566,-0.104791052
-0.187174062,-0.226782651,-0.117887421
-0.174802132,-0.247883340,-0.129520594
-0.156570460,-0.261548148,-0.144269003
-0.138147038,-0.275438275,-0.158770717
-0.122588232,-0.295504666,-0.168705843
-0.103910982,-0.311685805,-0.180282127
-0.082982691,-0.319761200,-0.195681634
-0.062073333,-0.331644388,-0.208689744
-0.041950523,-0.348411386,-0.216353841
-0.019837168,-0.361014370,-0.226165802
0.002603370,-0.366829860,-0.240274873
0.025607989,-0.373269302,-0.253294875
0.049552928,-0.383502466,-0.261321885
0.074081805,-0.394493188,-0.265997556
0.099084111,-0.399875788,-0.275759767
0.122228711,-0.400106862,-0.290427476
0.147573532,-0.403359465,-0.300180105
0.173920919,-0.408300553,-0.304744737
0.200735664,-0.413116939,-0.305949541
0.227316304,-0.413683033,-0.312660795
0.251843849,-0.410990736,-0.324347970
0.276715590,-0.407941836,-0.335119786
0.303531288,-0.405834021,-0.340409656
0.330771748,-0.404424277,-0.338488156
0.357844231,-0.401113164,-0.337341351
0.384449363,-0.395415935,-0.340760710
0.409725925,-0.388256080,-0.348145935
0.433869166,-0.380251875,-0.358327482
0.459723392,-0.371950175,-0.361684932
0.485524299,-0.362919341,-0.361495728
0.510155357,-0.353370465,-0.354240891
0.534586666,-0.342251449,-0.349111515
0.559053150,-0.329884234,-0.348474325
0.583040361,-0.316895604,-0.349983984
0.606216504,-0.304252634,-0.357387816
0.629525793,-0.290347843,-0.359958355
0.652192919,-0.275138672,-0.357337894
0.673684862,-0.259063660,-0.352184081
0.692085823,-0.242219385,-0.340873974
0.709786563,-0.224406486,-0.329938184
0.729054147,-0.205838031,-0.324033216
0.748028815,-0.186739050,-0.318860258
0.768171931,-0.168193675,-0.318525679
0.788488770,-0.149826478,-0.319721178
0.806921539,-0.129961704,-0.316264660
0.822843303,-0.108981159,-0.308628735
0.837618650,-0.087519149,-0.300133060
0.847833711,-0.065840949,-0.286952411
0.854790716,-0.044197140,-0.271622703
0.862731654,-0.021683945,-0.258212033
0.873214945,0.001541045,-0.248080097
0.883127394,0.025034487,-0.237992589
0.895747553,0.048368445,-0.231184684
0.909734400,0.071393672,-0.226065122
0.921509153,0.094982986,-0.218740963
0.928305440,0.118939884,-0.207367598
0.933203724,0.142920920,-0.195002463
0.935692069,0.166626492,-0.181586664
0.931682586,0.188439728,-0.165559049
0.925070224,0.209440097,-0.149212481
0.921144058,0.232063018,-0.134339788
0.920150683,0.255952127,-0.120911938
0.918138839,0.279684570,-0.107320689
0.918253672,0.303961652,-0.094657234
0.921706630,0.328655128,-0.083244896
0.924323865,0.353187854,-0.071310143
0.921936055,0.376739944,-0.057644673
0.914952435,0.398824836,-0.042975072
0.906582747,0.420343706,-0.028198382
0.893413997,0.439206244,-0.013435062
0.876262603,0.455266240,0.000676330
0.858634660,0.471140294,0.014423642
0.843876871,0.489396661,0.028515791
0.830659168,0.508699121,0.042822685
0.816626584,0.527452945,0.057082876
0.805791494,0.547735351,0.071908693
0.798022882,0.569033183,0.087336769
0.788034088,0.589156668,0.102981518
0.771880742,0.605711555,0.117574500
0.753477808,0.620512270,0.131512742
0.733971664,0.634214611,0.145033916
0.710751558,0.643821011,0.155866029
0.685578088,0.650508865,0.164433695
0.660697749,0.657724350,0.173386799
0.638038834,0.667869205,0.184978840
0.615588304,0.678020887,0.197016149
0.594176166,0.688794820,0.210237360
0.575544017,0.701283880,0.226000169
0.556433754,0.712789909,0.241920349
0.533674893,0.720587409,0.254886619
0.508771797,0.725482459,0.265272189
0.483419459,0.729235564,0.275000898
0.456581342,0.729318782,0.280228647
0.429326173,0.726913725,0.282044818
0.402213117,0.725251562,0.285524494
0.375889385,0.725539140,0.293183604
0.349653254,0.725253074,0.301137753
0.325154105,0.726351542,0.313324000
0.301460142,0.727095385,0.327090192
0.276039106,0.724700911,0.336785545
0.249639446,0.719599094,0.342172882
0.223298061,0.713193722,0.345915011
0.197615239,0.704389779,0.342490146
0.172129005,0.695133068,0.338683811
0.146234929,0.686531489,0.341125128
0.120624371,0.677211700,0.344147720
0.096184237,0.667959988,0.352270580
0.072568775,0.657702897,0.361627256
0.048368404,0.645286814,0.364291607
0.024518543,0.631809400,0.363868212
0.001891131,0.618254490,0.356605878
-0.020361979,0.604293210,0.348916559
-0.042897338,0.588792885,0.347155731
-0.064694517,0.572261884,0.346981160
-0.084703986,0.554352211,0.352466006
-0.104524630,0.535645996,0.353054406
-0.124044936,0.516914933,0.348676884
-0.142732637,0.500265877,0.337621040
-0.161017924,0.482338011,0.328221971
-0.178436258,0.461788163,0.323102873
-0.193206393,0.438853501,0.323744761
-0.207294323,0.415704100,0.321490731
-0.221729845,0.393725342,0.313786330
-0.236670899,0.375341600,0.300048347
-0.249998397,0.353754696,0.290035815
-0.260321908,0.329163615,0.284452698
-0.267651485,0.303063824,0.281067166
-0.276831565,0.279114377,0.271376435
-0.288163244,0.259061486,0.256618703
-0.296470416,0.235813618,0.245018813
-0.299306133,0.209631848,0.238197681
-0.301505686,0.183892002,0.229606647
-0.307332607,0.161044092,0.216034918
-0.313230171,0.138765822,0.201744453
-0.312180521,0.113557755,0.191544857
-0.307959950,0.088435745,0.181948887
-0.309783460,0.065433086,0.167487562
-0.310836702,0.042477865,0.153022193
-0.303018252,0.018943838,0.142108590
-0.295550719,-0.004089626,0.129645897
-0.295138819,-0.026608193,0.114249117
-0.288563659,-0.049132188,0.100336304
-0.274100325,-0.069037112,0.088422305
-0.266099608,-0.090624459,0.073711779
-0.260100242,-0.112542466,0.058871245
-0.244153373,-0.129999208,0.045563643
-0.229518143,-0.148022606,0.031190723
-0.221224304,-0.169587933,0.016676825
-0.204754588,-0.185945819,0.002404837
-0.185548130,-0.198800236,-0.011989586
-0.172227437,-0.217987914,-0.025996070
-0.155133422,-0.233856844,-0.040132670
-0.133542768,-0.241577142,-0.055015595
-0.115027686,-0.255844443,-0.069101574
-0.096860792,-0.271387336,-0.081932821
-0.075003372,-0.277289346,-0.096778031
-0.053114470,-0.284280692,-0.111454623
-0.032444595,-0.298114208,-0.122749773
-0.009664119,-0.305138850,-0.136053553
0.012763466,-0.304590704,-0.151692724
0.036298109,-0.310210717,-0.164460386
0.060365087,-0.319057743,-0.173765837
0.084134763,-0.319403520,-0.187111330
0.106463884,-0.315559029,-0.202291036
0.131423801,-0.316740135,-0.213295090
0.157497468,-0.320071205,-0.220351520
0.181990330,-0.316592045,-0.232017031
0.203050380,-0.308249473,-0.247410802
0.227779744,-0.303326255,-0.258121635
0.254742458,-0.301383658,-0.262417680
0.280043208,-0.294880545,-0.270393781
0.302428290,-0.284860444,-0.282204486
0.323124932,-0.273256892,-0.295705621
0.347292155,-0.263075942,-0.303640015
0.373225096,-0.254336064,-0.304561081
0.397313055,-0.242388599,-0.309214501
0.419314268,-0.228307875,-0.317213963
0.437405157,-0.212842646,-0.330800537
0.458821660,-0.197364051,-0.337836934
0.480856620,-0.181544590,-0.340942959
0.503107469,-0.165916866,-0.337472322
0.523664592,-0.147983589,-0.339042214
0.542733570,-0.128925564,-0.343692351
0.559310175,-0.109801849,-0.354216057
0.576694313,-0.089794212,-0.360645739
0.594377835,-0.068916136,-0.362484967
0.611293693,-0.047759029,-0.359313071
0.626743782,-0.026506842,-0.351485232
0.641567764,-0.003681460,-0.348859877
0.655661122,0.019829032,-0.348373635
0.669177076,0.043062950,-0.353538604
0.682261266,0.066378487,-0.359502855
0.694374079,0.090886360,-0.358773609
0.705395294,0.115827066,-0.355862856
0.713967598,0.140312487,-0.347429905
0.719777278,0.163943006,-0.334794092
0.726254697,0.189242581,-0.326774087
0.732885546,0.215309391,-0.321432162
0.739288452,0.241612661,-0.317408980
0.747121076,0.267865712,-0.318266826
0.754329780,0.294288984,-0.318382200
0.758389143,0.320720897,-0.312686622
0.760614980,0.346893373,-0.304810289
0.759966650,0.371819372,-0.293656074
0.755514417,0.394316976,-0.278652202
0.750234532,0.416943028,-0.264112240
0.746940744,0.441881840,-0.253274712
0.743516379,0.467140586,-0.243162738
0.740235294,0.492702112,-0.233919404
0.740245411,0.519622781,-0.228770378
0.740020007,0.546499786,-0.223458225
0.735346407,0.571588519,-0.213760301
0.727575970,0.594892572,-0.201573438
0.718680921,0.617524267,-0.188918268
0.706010555,0.636565063,-0.173947996
0.690298334,0.652064322,-0.157691343
0.674189845,0.667669375,-0.141929591
0.660152590,0.686521904,-0.127878626
0.646544566,0.706140558,-0.114390869
0.633110143,0.726047934,-0.101202234
0.622772741,0.748635060,-0.089611847
0.613023637,0.771548877,-0.078134085
0.600465124,0.792116348,-0.065178391
0.583800843,0.808319274,-0.050690539
0.565962895,0.823047719,-0.035964481
0.546905467,0.835954758,-0.021143373
0.524938335,0.843298890,-0.006578909
0.501633170,0.847351853,0.007288072
0.478451571,0.852331280,0.021032852
0.456792321,0.861265422,0.035242434
0.435235847,0.870403448,0.049518212
0.414229782,0.880332533,0.064015080
0.395606662,0.893560520,0.079169664
0.377304991,0.906765708,0.094735799
0.356734432,0.916198645,0.110117088
0.333608690,0.920203926,0.124278094
0.310071816,0.922767072,0.138114806
0.285881431,0.922551055,0.150862117
0.260912123,0.916141766,0.160108186
0.235962228,0.908066180,0.168124727
0.211089163,0.903296483,0.178469774
0.186651014,0.900888306,0.190674973
0.162220297,0.897536220,0.202670374
0.138822112,0.896662097,0.216852445
0.116635171,0.897591426,0.232941241
0.093990575,0.896050653,0.248261518
0.070248941,0.888947134,0.259868514
0.046523988,0.879701902,0.270048694
0.023150530,0.867646338,0.277474956
0.000801434,0.852007063,0.280099777
-0.021338975,0.836020537,0.282459802
-0.044038055,0.822212117,0.289045340
-0.066514151,0.808585494,0.296863926
-0.088544126,0.795023575,0.305816017
-0.109614275,0.783596010,0.319109519
-0.130099019,0.770823879,0.332041213
-0.150345325,0.754017105,0.339447850
-0.169963404,0.735540017,0.344505565
-0.188332916,0.715323249,0.344593400
-0.205349157,0.694250972,0.340304966
-0.222781033,0.673200515,0.339492970
-0.240184635,0.652230865,0.342555301
-0.256840256,0.631022604,0.347078352
-0.272155614,0.610799566,0.357457863
-0.286690092,0.588673742,0.363980131
-0.300514319,0.564995292,0.364434137
-0.313426465,0.541068095,0.361843583
-0.325317808,0.517991058,0.353031118
-0.336891592,0.493806296,0.347871054
-0.347614555,0.468607433,0.346480456
-0.356460496,0.443029232,0.350297056
-0.363731733,0.416984717,0.354406728
-0.371046690,0.390770432,0.351220023
-0.377987157,0.365347023,0.344257927
-0.385285976,0.342050767,0.331809114
-0.390333426,0.315827283,0.325828996
-0.393221533,0.288858690,0.322704679
-0.392794919,0.261489991,0.323935196
-0.393569785,0.234776737,0.318076805
-0.395331704,0.209657448,0.307731528
-0.398091500,0.186097280,0.294238481
-0.396445472,0.159923864,0.286239838
-0.390012905,0.133551415,0.283240404
-0.384030660,0.107814375,0.276601818
-0.381140567,0.083588169,0.264458987
-0.379407240,0.060333915,0.250340459
-0.371823578,0.035883607,0.240632160
-0.358165134,0.012742456,0.235438079
-0.348790096,-0.010348907,0.224033318
-0.344618053,-0.032476750,0.208460287
-0.334172533,-0.054572223,0.196202748
-0.316567023,-0.073901307,0.188175388
-0.302753744,-0.094024547,0.175768990
-0.294805571,-0.114978763,0.160078451
-0.279941367,-0.133864245,0.147084012
-0.259057052,-0.148229886,0.136814300
-0.243573658,-0.165657000,0.122558216
-0.230854745,-0.184203489,0.107410112
-0.210274794,-0.196623925,0.094787544
-0.189213482,-0.207729443,0.081574189
-0.173891124,-0.224488213,0.066427611
-0.153781604,-0.236298469,0.052197804
-0.130313426,-0.240832246,0.038954868
-0.110585354,-0.252476442,0.024201293
-0.090375760,-0.263474365,0.009819638
-0.067160040,-0.264151367,-0.004222188
-0.044680219,-0.269168514,-0.018960797
-0.023234727,-0.278965469,-0.032610556
-0.000331050,-0.278088192,-0.047143370
0.022425401,-0.276140956,-0.061990491
0.045808520,-0.281647904,-0.074880280
0.069314069,-0.280908532,-0.088685011
0.090229936,-0.272357796,-0.104069390
0.113969818,-0.270375061,-0.117361257
0.138492523,-0.269550314,-0.128841117
0.159282555,-0.260008344,-0.143457095
0.179859424,-0.249798803,-0.158092134
0.204687126,-0.245037439,-0.168246707
0.227820951,-0.236212963,-0.179655962
0.245398830,-0.221837993,-0.194631646
0.264899983,-0.208312203,-0.208105063
0.288880830,-0.198042189,-0.216031871
0.310457258,-0.184442865,-0.225639294
0.326284825,-0.167324688,-0.239514357
0.342304894,-0.149808151,-0.252781755
0.362249729,-0.133188840,-0.261109776
0.383486074,-0.116625471,-0.265587804
0.399988353,-0.096972436,-0.275160382
0.410904287,-0.076542416,-0.289792318
0.425305131,-0.055564999,-0.299774544
0.441690421,-0.034417853,-0.304715758
0.458487047,-0.012931255,-0.305667637
0.471315956,0.010374913,-0.312308910
0.480396987,0.033431986,-0.323740026
0.488994556,0.056834337,-0.334838976
0.499470588,0.081588882,-0.340244858
0.510747799,0.106430350,-0.338619675
0.520397133,0.131935551,-0.337189708
0.527634073,0.158163168,-0.340609999
0.533013073,0.183956868,-0.347699084
0.537015429,0.209032893,-0.357996953
0.541546032,0.235762591,-0.361595966
0.545435218,0.262831606,-0.361656003
0.548361958,0.289119680,-0.354543421
0.549784200,0.315882058,-0.349170767
0.550111030,0.343293806,-0.348516834
0.549634045,0.370585190,-0.349802209
0.549090634,0.396991392,-0.357153519
0.547543721,0.424061231,-0.360070606
0.544513279,0.451192041,-0.357477657
0.540210027,0.477734977,-0.352552165
0.533800585,0.501903010,-0.341378230
0.526156073,0.525758695,-0.330289927
0.518551985,0.551388841,-0.324290044
0.510330610,0.577010988,-0.319023727
0.503099395,0.603415428,-0.318549606
0.496183874,0.629915268,-0.319813014
0.487133472,0.655487868,-0.316580606
0.475886317,0.679321429,-0.309007251
0.463698641,0.702397954,-0.300617647
0.449235378,0.721610199,-0.287595536
0.433259298,0.737791646,-0.272273845
0.416912413,0.755077542,-0.258706987
0.401132937,0.775078662,-0.248562420
0.384850529,0.794696568,-0.238463734
0.369868641,0.816535730,-0.231506664
0.355884899,0.839569947,-0.226416451
0.340454786,0.861001769,-0.219233373
0.322377822,0.878185200,-0.207953879
0.303364451,0.893611118,-0.195604356
0.283514882,0.906896079,-0.182268712
0.262334859,0.913592080,-0.166301145
0.240665185,0.917405717,-0.149935724
0.218770741,0.924163548,-0.134989747
0.197110900,0.934277361,-0.121553497
0.175129212,0.943459916,-0.107971367
0.153589768,0.954594251,-0.095251968
0.133235718,0.968984058,-0.083827759
0.112692572,0.982688050,-0.071939262
0.090739299,0.991642452,-0.058341950
0.067928682,0.995696869,-0.043683747
0.044977648,0.998261336,-0.028912460
0.022151816,0.995501456,-0.014134547
-0.000016647,0.987768782,0.000005359
-0.022201259,0.979365980,0.013754471
-0.045182498,0.974531153,0.027833568
-0.068406811,0.971729581,0.042143356
-0.091517347,0.967904149,0.056400017
-0.114526151,0.967442992,0.071197675
-0.137020323,0.970364987,0.086607193
-0.159481506,0.970961867,0.102261732
-0.181638997,0.964439973,0.116898754
-0.203263063,0.954960902,0.130846910
-0.224446099,0.944079041,0.144420670
-0.243739018,0.928053539,0.155359346
-0.261295197,0.908835790,0.163974307
-0.279111895,0.890001807,0.172873874
-0.298518063,0.874474945,0.184398169
-0.317885371,0.859255165,0.196450149
-0.336998341,0.844063898,0.208875968
-0.356654393,0.833010684,0.224426443
-0.375808058,0.822246921,0.240814462
-0.393433876,0.806376087,0.254335410
-0.409271469,0.786555227,0.264741958
-0.424318379,0.765834718,0.274528631
-0.436888655,0.742186399,0.280014135
-0.447322594,0.716895981,0.281864579
-0.458271552,0.692016451,0.285209482
-0.470634412,0.668750400,0.292778899
-0.482461495,0.645295174,0.300646783
-0.494714359,0.623972488,0.312690490
-0.506348637,0.603352081,0.326512934
-0.516016478,0.579815475,0.336441525
-0.523694593,0.554065234,0.341904686
-0.530215116,0.527772775,0.345842236
-0.534304743,0.500911017,0.342665996
-0.537787424,0.474040897,0.338664984
-0.542076012,0.447088065,0.340965159
-0.545626068,0.420063989,0.343966429
-0.548696382,0.394040609,0.351821390
-0.550537432,0.368411405,0.361337645
-0.550710926,0.341247021,0.364266503
-0.549769492,0.313858172,0.364027561
-0.548163842,0.287470469,0.357008626
-0.546052193,0.261337646,0.349117706
-0.542719405,0.234203865,0.347234675
-0.538153342,0.207222763,0.346850699
-0.531547938,0.181182183,0.352260362
-0.524056744,0.154990157,0.353244048
-0.516412759,0.128999748,0.349047053
-0.510169594,0.104669661,0.338216677
-0.502846683,0.080250561,0.328477585
-0.492688201,0.055305300,0.323327484
-0.479296738,0.031551492,0.323670846
-0.465128945,0.008408598,0.321854510
-0.452212316,-0.014558813,0.314311861
-0.442657311,-0.036330490,0.300748783
-0.429890527,-0.058099251,0.290452112
-0.413038091,-0.078711354,0.284580095
-0.393126573,-0.097203917,0.281514639
-0.376051445,-0.116397060,0.271932129
-0.363257737,-0.135675803,0.257385544
-0.346746735,-0.153844694,0.245551863
-0.325061979,-0.168650485,0.238466406
-0.303025615,-0.182324494,0.230206164
-0.285110194,-0.197898903,0.216873378
-0.268412800,-0.213591183,0.202355822
-0.245764567,-0.224565135,0.191943211
-0.221339543,-0.232199789,0.182617783
-0.201488832,-0.244197029,0.168324165
-0.181903951,-0.256008989,0.153695421
-0.157688142,-0.260741150,0.142347063
-0.133480172,-0.264015999,0.130332361
-0.113162228,-0.273791458,0.115011703
-0.090385939,-0.278978071,0.100909857
-0.066054404,-0.275107232,0.089163620
-0.043097375,-0.277582626,0.074523046
-0.020981235,-0.282756470,0.059622161
0.001929327,-0.277094049,0.046251111
0.024621888,-0.272032966,0.031975039
0.047574776,-0.274624858,0.017440573
0.069843902,-0.268011164,0.003141752
0.089988206,-0.256589912,-0.011204958
0.112931952,-0.253003679,-0.025314376
0.135126932,-0.245927387,-0.039338050
0.152031526,-0.230453110,-0.054188106
0.172934288,-0.220155114,-0.068421382
0.195328728,-0.211597328,-0.081161651
0.211057256,-0.195221260,-0.095915024
0.226992197,-0.178793432,-0.110676255
0.248618525,-0.166711375,-0.122117467
0.265788951,-0.150028896,-0.135238491
0.275519077,-0.129829249,-0.150924741
0.291096617,-0.111425386,-0.163889886
0.310271267,-0.094295604,-0.173100390
0.321937081,-0.073433062,-0.186259711
0.328517413,-0.051835733,-0.201610848
0.340805554,-0.030183867,-0.212905501
0.356118117,-0.008689930,-0.219736408
0.364570492,0.014660808,-0.231247923
0.366818619,0.037171982,-0.246697337
0.373645432,0.061333693,-0.257660497
0.384275353,0.086134195,-0.262165001
0.390422229,0.111576802,-0.269890851
0.392124537,0.136191767,-0.281411108
0.391179243,0.159770026,-0.295178942
0.393201766,0.185853446,-0.303337230
0.397361885,0.212877232,-0.304494955
0.398068900,0.239790727,-0.308846283
0.395852613,0.265912186,-0.316597822
0.390475806,0.289092575,-0.330191257
0.386542876,0.315118169,-0.337529938
0.382605817,0.341932541,-0.341001714
0.379045513,0.368894103,-0.337576818
0.372724562,0.395432756,-0.338853883
0.364653038,0.421208914,-0.343279066
0.355334020,0.444778893,-0.353699855
0.345588970,0.469323693,-0.360526966
0.335239500,0.494648906,-0.362399325
0.324259846,0.519462649,-0.359647967
0.312567577,0.542988314,-0.351806129
0.299199147,0.566648205,-0.348890967
0.284846890,0.590005172,-0.348305312
0.270424921,0.612734155,-0.353229311
0.255799541,0.635074286,-0.359364241
0.239677558,0.657145886,-0.358914668
0.222644044,0.678443861,-0.356043420
0.204878630,0.697492784,-0.347981886
0.186616426,0.713592576,-0.335372081
0.167182450,0.730888224,-0.327050134
0.147122054,0.748814450,-0.321738847
0.126707905,0.766559613,-0.317520987
0.106988530,0.785579473,-0.318277987
0.086902565,0.804202544,-0.318554863
0.065358931,0.820119078,-0.313107902
0.043164757,0.834181932,-0.305256422
0.020729651,0.845336092,-0.294365976
-0.001297767,0.851853199,-0.279420730
-0.023772411,0.857541441,-0.264798742
-0.047389997,0.865995078,-0.253817551
-0.071382286,0.874627908,-0.243726552
-0.095581095,0.883372859,-0.234348958
-0.119493369,0.895689048,-0.229102092
-0.143430438,0.907981582,-0.223920025
-0.167859571,0.915630744,-0.214422992
-0.192125878,0.919510709,-0.202254484
-0.216325585,0.922125463,-0.189642129
-0.239153863,0.919907554,-0.174782081
-0.260192488,0.913212964,-0.158539556
-0.281410574,0.906043282,-0.142732232
-0.304537027,0.902116736,-0.128609378
-0.328230313,0.899118909,-0.115132670
-0.351777561,0.895388047,-0.101585514
-0.376430286,0.895750805,-0.089680495
-0.401350016,0.898307973,-0.078524366
-0.425638994,0.897711843,-0.065965049
-0.447835484,0.890729355,-0.051557937
-0.469148269,0.881728750,-0.036836246
-0.489491651,0.870939385,-0.022020341
-0.506293630,0.855030629,-0.007420798
-0.520653364,0.836253883,0.006473529
-0.535634862,0.817860280,0.020206215
-0.553477179,0.802668027,0.034404915
-0.571548530,0.787785048,0.048684925
-0.589939717,0.773545805,0.063151598
-0.610231164,0.763019140,0.078280456
-0.630440969,0.752949756,0.093834986
-0.648417996,0.739233177,0.109243635
-0.662748573,0.720697673,0.123453066
-0.675903749,0.701022149,0.137302637
-0.687037747,0.679606190,0.150163056
-0.693029403,0.654597670,0.159551209
-0.697344384,0.628733408,0.167576304
-0.704369084,0.604336640,0.177763668
-0.713510442,0.581545395,0.189969651
-0.721792911,0.558311341,0.201951885
-0.731679757,0.537001287,0.216000194
-0.742736972,0.517713795,0.232052506
-0.751937025,0.497030114,0.247458790
-0.756776973,0.472833133,0.259255877
-0.759538708,0.447530245,0.269460066
-0.759785871,0.421299081,0.277117330
-0.756311692,0.394266510,0.279912469
-0.752259302,0.367249430,0.282173509
-0.750362114,0.340707145,0.288571482
-0.748661725,0.314486285,0.296417654
-0.746701810,0.288617597,0.305180212
-0.746247311,0.264596222,0.318368560
-0.744490786,0.240598122,0.331452806
-0.739055737,0.214940706,0.339130084
-0.731753283,0.189014597,0.344277563
-0.722366855,0.163365593,0.344692110
-0.711518121,0.138539709,0.340465740
-0.700821615,0.113400450,0.339349446
-0.690261069,0.088277110,0.342393364
-0.679085074,0.063671115,0.346640614
-0.668222269,0.040707638,0.356925410
-0.655399876,0.017663135,0.363860571
-0.640795562,-0.005536524,0.364424641
-0.625503624,-0.028071730,0.362190172
-0.610488201,-0.049287768,0.353483268
-0.594437964,-0.070674342,0.347942876
-0.577049727,-0.091830429,0.346526068
-0.558479999,-0.111567600,0.350003939
-0.538753788,-0.130008088,0.354426846
-0.518849063,-0.148590522,0.351450636
-0.499187562,-0.166505175,0.345235112
-0.481646957,-0.183757689,0.333138962
-0.461166387,-0.200403497,0.326107282
-0.438664661,-0.215513472,0.322700889
-0.414194026,-0.227777768,0.324053986
-0.390773186,-0.240738418,0.318466869
-0.369061748,-0.253816314,0.308483027
-0.349638619,-0.267218378,0.294714710
-0.325714881,-0.277902122,0.286637440
-0.299449802,-0.284561346,0.283393663
-0.273732489,-0.290966559,0.277124026
-0.250674693,-0.299407494,0.265267143
-0.229457170,-0.308794904,0.250901707
-0.204342340,-0.313520084,0.241044283
-0.177497277,-0.312120161,0.235909123
-0.152587344,-0.314293759,0.224709687
-0.130929881,-0.320652862,0.209255143
-0.106638695,-0.321880289,0.196811757
-0.081371236,-0.315394667,0.188703430
-0.057089303,-0.312176109,0.176499563
-0.034783921,-0.314622997,0.160885796
-0.011202985,-0.310596241,0.147703911
0.011198177,-0.298624659,0.137530129
0.033816844,-0.292524652,0.123409663
0.056148474,-0.290195392,0.108150446
0.076852892,-0.278078906,0.095393431
0.096280197,-0.264167827,0.082355802
0.118135867,-0.258053481,0.067234885
0.138107469,-0.246122551,0.052935904
0.152919864,-0.227310095,0.039746502
0.172121383,-0.214790300,0.024983084
0.191455476,-0.202345726,0.010597942
0.203064462,-0.182275977,-0.003440316
0.217471468,-0.164321169,-0.018185897
0.236264363,-0.150002597,-0.031835263
0.246502278,-0.129447909,-0.046341181
0.254889642,-0.108228962,-0.061199905
0.270278874,-0.089902426,-0.074214781
0.280997305,-0.068906504,-0.087889240
0.282966071,-0.046391387,-0.103283836
0.291760522,-0.024338600,-0.116774793
0.302752130,-0.002307547,-0.128117279
0.304318392,0.020618576,-0.142593243
0.304375186,0.043486471,-0.157369057
0.311292635,0.067675096,-0.167777276
0.314515520,0.092280628,-0.178987685
0.310218776,0.114677169,-0.193771957
0.306927489,0.138038564,-0.207446662
0.308622750,0.163950343,-0.215681214
0.306831276,0.189456228,-0.225044230
0.299236561,0.211667910,-0.238648987
0.290844887,0.233686310,-0.252203335
0.285114564,0.258916709,-0.260875263
0.280440105,0.285504368,-0.265126949
0.270733168,0.309327777,-0.274547287
0.257702970,0.328549337,-0.289054399
0.245648240,0.350804299,-0.299317600
0.234148667,0.374852645,-0.305084519
0.223007157,0.399852938,-0.305716836
0.208384734,0.422165366,-0.311976975
0.192153355,0.441047014,-0.323107877
0.175342865,0.459296099,-0.334498477
0.158198102,0.479935876,-0.340152464
0.141217209,0.501204985,-0.339569241
0.123347816,0.521688199,-0.337052300
0.103442222,0.540240860,-0.340435559
0.083012693,0.557027039,-0.347172626
0.062634598,0.572094897,-0.357607775
0.041036480,0.588396188,-0.361492738
0.018804712,0.604343999,-0.361848195
-0.003188585,0.619116526,-0.354918615
-0.026207866,0.632732487,-0.349240349
-0.050367160,0.645685788,-0.348565392
-0.074827146,0.657847541,-0.349581950
-0.098537829,0.669537509,-0.356830869
-0.123207297,0.680682479,-0.360187854
-0.148673967,0.690527181,-0.357638390
-0.174245208,0.699038376,-0.352985296
-0.198693699,0.704594064,-0.341973669
-0.223317183,0.708778155,-0.330701251
-0.249541101,0.713823480,-0.324585697
-0.276027826,0.718224871,-0.319010976
-0.302789552,0.723447368,-0.317243880
-0.329397076,0.729775056,-0.319218349
-0.356274424,0.733956748,-0.316953520
-0.382632116,0.735036717,-0.309482893
-0.408754110,0.734915319,-0.301168403
-0.432644530,0.731163020,-0.288424843
-0.454390573,0.724495341,-0.273113008
-0.477156139,0.717879106,-0.259398059
-0.502131926,0.713054012,-0.249169720
-0.527039090,0.707643329,-0.239053906
-0.553245870,0.704244713,-0.231901636
-0.580138773,0.702458274,-0.226838188
-0.606354521,0.698809307,-0.219844455
-0.630037126,0.690821028,-0.208690995
-0.652515162,0.681090086,-0.196361093
-0.673610975,0.669744518,-0.183133704
-0.689542895,0.654193101,-0.167248353
-0.702910198,0.636740288,-0.150857590
-0.718780598,0.620300174,-0.135810822
-0.737722825,0.605730543,-0.122361959
-0.756036072,0.590484494,-0.108791341
-0.775698926,0.576363563,-0.096001761
-0.797788762,0.564846449,-0.084550422
-0.819495518,0.553008649,-0.072723028
-0.837796434,0.537852483,-0.059218075
-0.851993652,0.519534409,-0.044575118
-0.864937153,0.500400677,-0.029811069
-0.873304836,0.478998655,-0.015014284
-0.876774445,0.455801693,-0.000837138
-0.879435733,0.432226458,0.012912786
-0.885539590,0.409534405,0.026973344
-0.893799876,0.387650694,0.041286751
-0.901031684,0.365365279,0.055536988
-0.910461210,0.344277725,0.070236587
-0.922652506,0.325081259,0.085559906
-0.933705340,0.305479595,0.101202711
-0.939726936,0.283465088,0.116250439
-0.941360239,0.259930056,0.130224793
-0.941526268,0.236130208,0.143823847
-0.936377665,0.211643012,0.154870374
-0.927471908,0.187206535,0.163541256
-0.918901285,0.162725687,0.172406906
-0.913953965,0.138340777,0.183856849
-0.909397405,0.114140591,0.195922500
-0.904643394,0.090158542,0.208288645
-0.903794802,0.067574407,0.223762235
-0.903136021,0.045624856,0.240166784
-0.897391898,0.022705490,0.253840180
-0.887148063,-0.000486696,0.264285507
-0.875740040,-0.023393336,0.274120388
-0.860667223,-0.045477854,0.279784372
-0.843056617,-0.066405841,0.281696857
-0.825956729,-0.087554692,0.284933325
-0.810968926,-0.109243894,0.292430731
-0.795599750,-0.130552421,0.300284083
-0.782224332,-0.151278710,0.312157240
-0.769352757,-0.171121232,0.326026465
-0.753041110,-0.190555120,0.336147119
-0.733762292,-0.209252028,0.341673612
-0.713511738,-0.227207319,0.345894251
-0.691628481,-0.243491789,0.343803318
-0.669347688,-0.258931656,0.339707215
-0.647224447,-0.274981615,0.340843102
-0.624880846,-0.290594416,0.343831151
-0.603160381,-0.305335601,0.351507222
-0.581318025,-0.318804693,0.361129713
-0.557323357,-0.331487391,0.364247022
-0.532573992,-0.343293592,0.364429177
-0.508260730,-0.354056052,0.358369631
-0.484410548,-0.364132873,0.349441883
-0.458838930,-0.373703054,0.347305093
-0.432798665,-0.382137016,0.346737948
-0.406648612,-0.388338508,0.352082247
-0.379956418,-0.393732671,0.353413917
-0.353349728,-0.398933415,0.349318378
-0.328774859,-0.404562758,0.338744789
-0.303841997,-0.409400577,0.328731534
-0.277026433,-0.411913791,0.323577405
-0.249786755,-0.411148145,0.323600063
-0.222695571,-0.409134498,0.322178138
-0.196311836,-0.408220504,0.314781371
-0.172504247,-0.409690089,0.301373044
-0.147408309,-0.408582381,0.290825603
-0.121345862,-0.403332354,0.284705441
-0.095743313,-0.394105872,0.281864262
-0.070807004,-0.387726133,0.272430298
-0.047723497,-0.385064814,0.258078231
-0.024048363,-0.379056440,0.246030279
-0.000842646,-0.366912915,0.238708061
0.021422731,-0.353437946,0.230743466
0.043534408,-0.344409941,0.217623629
0.065158843,-0.337177396,0.202903722
0.085479169,-0.322416789,0.192303157
0.103428864,-0.304030168,0.183217861
0.123162680,-0.291632942,0.169073722
0.142781997,-0.280053497,0.154299767
0.158387883,-0.261017351,0.142793054
0.172275553,-0.240811065,0.130979952
0.190175279,-0.227053384,0.115733075
0.205509280,-0.209538865,0.101539907
0.213384351,-0.186211967,0.089802463
0.225884617,-0.166720943,0.075239611
0.240925331,-0.149705599,0.060285514
0.246844384,-0.126894278,0.046851183
0.252508717,-0.104312762,0.032666013
0.264974972,-0.084897501,0.018072989
0.270157994,-0.062310580,0.003748981
0.269060975,-0.039138764,-0.010560387
0.276133057,-0.017059879,-0.024741996
0.280497982,0.005818091,-0.038713543
0.274707464,0.027977339,-0.053535272
0.274824534,0.051230653,-0.067864476
0.277864438,0.075062284,-0.080552632
0.271323289,0.096985431,-0.095175611
0.263402086,0.118344328,-0.110094084
0.262455628,0.143016084,-0.121664835
0.256086813,0.166227977,-0.134564535
0.242538992,0.183998480,-0.150265821
0.233160941,0.206111546,-0.163411315
0.226962974,0.231114279,-0.172565021
0.214025391,0.251337110,-0.185575333
0.197781046,0.266935663,-0.201053675
0.184124580,0.287671891,-0.212534223
0.172257900,0.311309393,-0.219259121
0.155530387,0.329777995,-0.230626401
0.136591452,0.342143154,-0.246083355
0.118266152,0.359172162,-0.257224581
0.101126580,0.379930676,-0.261953271
0.081477007,0.397286679,-0.269481909
0.060425266,0.410374962,-0.280778700
0.039091001,0.420225831,-0.294752019
0.016883577,0.433962156,-0.303087298
-0.005190752,0.450063340,-0.304447271
-0.028689555,0.463258905,-0.308546854
-0.052917903,0.473463633,-0.316104508
-0.075963108,0.479378002,-0.329703797
-0.100817742,0.487790924,-0.337280192
-0.126423977,0.496606753,-0.340998519
-0.151985870,0.505908169,-0.337651098
-0.178431415,0.512614030,-0.338696959
-0.205054762,0.517395064,-0.342951294
-0.230293915,0.520008825,-0.353292779
-0.256496297,0.522630685,-0.360430045
-0.283737736,0.525137583,-0.362329298
-0.310854144,0.526844325,-0.359904759
-0.337118117,0.527347433,-0.352053976
-0.364246019,0.526417680,-0.348915730
-0.391589920,0.524457996,-0.348311060
-0.418439178,0.522118536,-0.352993900
-0.444980396,0.519449685,-0.359261696
-0.472000029,0.515351108,-0.359028817
-0.498757640,0.510067378,-0.356183299
-0.523952229,0.503143289,-0.348412880
-0.546682583,0.494394816,-0.335825505
-0.570899741,0.485099331,-0.327273717
-0.596066168,0.475576524,-0.321987276
-0.621189105,0.465599201,-0.317622370
-0.647144464,0.456825845,-0.318299864
-0.672946315,0.447628164,-0.318705857
-0.697072037,0.435914557,-0.313448256
-0.719796109,0.422712219,-0.305618443
-0.740193398,0.408011156,-0.294921810
-0.756207023,0.391496060,-0.280029254
-0.771562908,0.374178046,-0.265345982
-0.789859180,0.357093775,-0.254257409
-0.808596515,0.339790098,-0.244183560
-0.827304532,0.322231050,-0.234567715
-0.848671817,0.306180250,-0.228506952
-0.870445501,0.290416608,-0.223110379
-0.889507043,0.272745898,-0.214621718
-0.904369264,0.253073708,-0.202639764
-0.917872201,0.232808379,-0.190047940
-0.926533097,0.211539777,-0.175235149
-0.930333438,0.189787992,-0.158998247
-0.933712584,0.167660841,-0.143171720
-0.940811619,0.145322838,-0.129020199
-0.949083403,0.122915191,-0.115549756
-0.956614722,0.100295870,-0.102001023
-0.968206352,0.078555476,-0.090067367
-0.981954570,0.057609107,-0.078921637
-0.992709243,0.035797584,-0.066404309
-0.996823971,0.012886906,-0.052016753
-0.998673477,-0.010175915,-0.037297382
-0.998547172,-0.033207555,-0.022483608
-0.992263718,-0.055467040,-0.007869112
-0.982231846,-0.076862096,0.006038581
-0.972760369,-0.098614055,0.019770724
-0.967447903,-0.121438834,0.033965308
-0.962581950,-0.144337363,0.048247511
-0.958343518,-0.167216790,0.062703196
-0.958313583,-0.190083437,0.077820961
-0.958710323,-0.212663852,0.093369077
-0.954917148,-0.234947713,0.108786315
-0.945142245,-0.256221645,0.123016580
-0.933757118,-0.276967092,0.136872832
-0.919954194,-0.296743420,0.149773326
-0.900592043,-0.313624917,0.159225279
-0.879621100,-0.329362340,0.167258699
-0.861132384,-0.346789618,0.177394615
-0.845115053,-0.365403976,0.189598724
-0.828307140,-0.383458747,0.201578593
-0.813879306,-0.402034977,0.215577011
-0.801849007,-0.420742228,0.231615945
-0.787797369,-0.438460451,0.247057015
-0.768639456,-0.453946658,0.258931374
-0.747465220,-0.468062398,0.269148500
-0.724353355,-0.480413133,0.276901243
-0.698780909,-0.489813638,0.279766670
-0.672922029,-0.498637941,0.281995281
-0.648457047,-0.509145950,0.288320199
-0.624411840,-0.519728661,0.296182631
-0.600510512,-0.529889740,0.304871319
-0.578957390,-0.540554360,0.318019170
-0.556900678,-0.550088181,0.331168845
-0.531674067,-0.557126937,0.338961585
-0.505304641,-0.562598728,0.344129892
-0.478226965,-0.566124901,0.344696727
-0.451189973,-0.567938254,0.340509477
-0.423951787,-0.569997512,0.339267854
-0.396788078,-0.572204692,0.342304745
-0.369775728,-0.573621532,0.346439474
-0.344376502,-0.574578370,0.356686420
-0.318059698,-0.573846527,0.363803903
-0.290741419,-0.571587698,0.364419192
-0.263680451,-0.568399699,0.362322112
-0.237912553,-0.564841948,0.353686778
-0.211564736,-0.560469689,0.347980360
-0.184773677,-0.554798255,0.346554632
-0.158673583,-0.547448409,0.349883532
-0.133233874,-0.538444977,0.354450604
-0.107565629,-0.529333136,0.351572251
-0.082571929,-0.520088149,0.345529047
-0.059175678,-0.512465524,0.333439848
-0.034984375,-0.502029234,0.326267268
-0.011178242,-0.489089663,0.322718922
0.010989163,-0.473032762,0.324137222
0.033280427,-0.458172550,0.318691354
0.054911358,-0.444814382,0.308882772
0.075749984,-0.433856441,0.294985572
0.096273579,-0.417586171,0.286874460
0.114358440,-0.397445723,0.283485849
0.131848139,-0.377475628,0.277423738
0.149943001,-0.360754227,0.265718980
0.168085940,-0.346385321,0.251235295
0.183947575,-0.326397492,0.241245059
0.195368839,-0.302129021,0.235781984
0.208480978,-0.280645208,0.225051047
0.224051735,-0.264257642,0.209666866
0.236461404,-0.243421357,0.197106448
0.242568957,-0.218231194,0.188859810
0.250630851,-0.195011466,0.176918360
0.262996336,-0.176262830,0.161356856
0.270501006,-0.153614324,0.148072314
0.270225292,-0.128209865,0.137922422
0.275022702,-0.105214618,0.123896849
0.283418190,-0.084401951,0.108582030
0.282455521,-0.060454200,0.095751923
0.278856595,-0.036783192,0.082811071
0.283102473,-0.014540026,0.067761045
0.282267004,0.008614623,0.053398153
0.272356368,0.030435393,0.040239409
0.269825069,0.053229822,0.025472595
0.267972956,0.076143815,0.011083703
0.255743393,0.095816945,-0.002959943
0.246163851,0.116737438,-0.017695505
0.242224207,0.140051595,-0.031353011
0.228931324,0.158810049,-0.045841836
0.213790703,0.175866366,-0.060706465
0.204481369,0.197854913,-0.073796251
0.191033838,0.217261334,-0.087395423
0.171932310,0.229347546,-0.102794299
0.156269242,0.247129538,-0.116400997
0.141948735,0.267221564,-0.127665286
0.122404109,0.279429484,-0.142059973
0.102084917,0.289796498,-0.156917852
0.083741944,0.306911347,-0.167476296
0.063489124,0.321313162,-0.178570565
0.041638481,0.328049377,-0.193242766
0.019404089,0.335693843,-0.207034752
-0.002823052,0.348983786,-0.215451512
-0.026243813,0.359339604,-0.224672796
-0.049518492,0.363060243,-0.238120701
-0.072848051,0.365562478,-0.251842426
-0.097861158,0.371984200,-0.260692567
-0.123604880,0.380223733,-0.264837206
-0.149248860,0.382679849,-0.274170832
-0.172353497,0.380034945,-0.288606646
-0.197580292,0.379496955,-0.299032419
-0.224189429,0.380291962,-0.305005130
-0.251515843,0.382003823,-0.305566203
-0.278073146,0.379361055,-0.311758545
-0.302406414,0.373736946,-0.322696573
-0.326256339,0.367173453,-0.334270121
-0.352464250,0.361472733,-0.339972484
-0.379153861,0.356158859,-0.339660495
-0.405577740,0.349812843,-0.336961111
-0.431224480,0.340715866,-0.340328014
-0.455598438,0.330339248,-0.346878079
-0.478330737,0.319196682,-0.357388916
-0.502720778,0.307542495,-0.361429559
-0.527126751,0.295160414,-0.361945042
-0.550401466,0.282451929,-0.355116882
-0.573082475,0.268334784,-0.349277830
-0.595717437,0.252872128,-0.348593521
-0.617799080,0.236718857,-0.349177284
-0.639215733,0.220836313,-0.355520804
-0.660475488,0.204193068,-0.359891216
-0.680995990,0.186153151,-0.357711864
-0.700362226,0.167380529,-0.353153482
-0.716594137,0.148240752,-0.342198958
-0.731637112,0.128326033,-0.330881233
-0.748178245,0.107377463,-0.324718708
-0.764294474,0.085898680,-0.319158027
-0.781223024,0.064533741,-0.317298588
-0.799094492,0.043831819,-0.319289239
-0.815223532,0.021916689,-0.317122769
-0.828343688,-0.000978350,-0.309683398
-0.840285942,-0.024220342,-0.301393966
-0.848038532,-0.047168466,-0.288729398
-0.852155252,-0.069541257,-0.273422364
-0.856741854,-0.092780670,-0.259672874
-0.863947215,-0.117166263,-0.249423850
-0.870616741,-0.141766119,-0.239307568
-0.879627075,-0.166595408,-0.232114990
-0.890425650,-0.191291389,-0.227059464
-0.899309352,-0.216242542,-0.220119823
-0.903170869,-0.240951538,-0.209002395
-0.904899478,-0.265388684,-0.196680915
-0.904598936,-0.289358819,-0.183483362
-0.898198418,-0.310696475,-0.167618683
-0.888872463,-0.330598201,-0.151220818
-0.881542171,-0.352225455,-0.136149823
-0.877333732,-0.375748721,-0.122700099
-0.872248967,-0.399031610,-0.109134353
-0.868728649,-0.422974676,-0.096330962
-0.868657061,-0.447885229,-0.084878039
-0.868174393,-0.472615043,-0.073070265
-0.863221555,-0.495870468,-0.059590534
-0.853526077,-0.516923473,-0.044952284
-0.842528670,-0.537240617,-0.030190598
-0.827448740,-0.554576003,-0.015387964
-0.808481686,-0.568361215,-0.001198454
-0.788779416,-0.581572978,0.012556772
-0.771412815,-0.597404265,0.026614211
-0.755799618,-0.614820830,0.040928470
-0.739350875,-0.631505512,0.055178702
-0.724933698,-0.649562356,0.069869384
-0.713505079,-0.669228510,0.085184817
-0.701221820,-0.688086236,0.100824609
-0.684517800,-0.703622023,0.115886088
-0.664399481,-0.715931615,0.129869651
-0.643368842,-0.727061183,0.143480174
-0.619302253,-0.733828097,0.154570368
-0.593522338,-0.737198852,0.163266965
-0.567839133,-0.740844377,0.172124581
-0.543896579,-0.747650496,0.183549673
-0.520324765,-0.754763233,0.195623293
-0.496829945,-0.761567998,0.207969277
-0.476362736,-0.771195278,0.223414466
-0.456594131,-0.780745416,0.239826055
-0.433655555,-0.786268645,0.253555083
-0.408364224,-0.787883531,0.264024630
-0.382786117,-0.788327142,0.273882098
-0.356253608,-0.785169367,0.279621360
-0.329566921,-0.779188332,0.281563607
-0.302919334,-0.773721402,0.284760855
-0.276760123,-0.770394915,0.292232711
-0.250766586,-0.766568146,0.300083564
-0.226181989,-0.764213474,0.311889080
-0.202646722,-0.761952022,0.325773207
-0.177908450,-0.756479926,0.335984670
-0.152434677,-0.747996752,0.341541597
-0.127168902,-0.738316043,0.345826191
-0.102621247,-0.726408931,0.343825570
-0.078662855,-0.713735362,0.339696047
-0.054230483,-0.701480721,0.340764331
-0.030077864,-0.688844311,0.343748337
-0.006968268,-0.676343792,0.351333788
0.015047557,-0.663187728,0.360997968
0.037352177,-0.647756898,0.364234215
0.059236979,-0.631234191,0.364450202
0.080010127,-0.614590562,0.358533430
0.099926811,-0.598077556,0.349534303
0.120203147,-0.579802041,0.347343103
0.139701535,-0.560586816,0.346697466
0.157274569,-0.540247538,0.352015593
0.174344373,-0.519036071,0.353506395
0.191221486,-0.497812741,0.349445328
0.207541355,-0.478535249,0.339004544
0.223326226,-0.458691362,0.328875098
0.237922027,-0.436058084,0.323714566
0.249857064,-0.411569265,0.323590406
0.260508975,-0.386563040,0.322354673
0.271847996,-0.362701825,0.315015536
0.284096528,-0.342186044,0.301694011
0.294726650,-0.319485294,0.291028606
0.302147907,-0.293974693,0.284805175
0.305739571,-0.266984436,0.282047752
0.311532215,-0.241876276,0.272699703
0.319736176,-0.220084495,0.258442124
0.325408957,-0.196387552,0.246290936
0.325453117,-0.170227684,0.238853906
0.323647334,-0.144219082,0.231036149
0.325694082,-0.120350461,0.218021705
0.329387989,-0.097903056,0.203202997
0.325797311,-0.073069136,0.192512838
0.317626806,-0.048651864,0.183544921
0.315570524,-0.025384269,0.169473672
0.314503489,-0.002666937,0.154629899
0.304971784,0.019999341,0.143045214
0.293289775,0.041608795,0.131333529
0.289166547,0.063825517,0.116127819
0.280870515,0.085526706,0.101891841
0.263885393,0.103312955,0.090143194
0.252142287,0.123311129,0.075628960
0.244123071,0.144558904,0.060648073
0.226750491,0.160462754,0.047180883
0.209194509,0.175780098,0.033043361
0.197626285,0.195721864,0.018441526
0.180158013,0.210948219,0.004106849
0.159008064,0.220535779,-0.010181678
0.142557712,0.236844784,-0.024402960
0.124399156,0.251425477,-0.038347688
0.102102012,0.256613533,-0.053151196
0.081435438,0.267205650,-0.067533943
0.061754476,0.281034558,-0.080194441
0.039288592,0.285530668,-0.094782258
0.016687319,0.288168630,-0.109732808
-0.005651489,0.298572154,-0.121379716
-0.029169965,0.303796686,-0.134213493
-0.051197938,0.300023131,-0.149888257
-0.075105664,0.301723271,-0.163132624
-0.100154802,0.307837204,-0.172258039
-0.124133017,0.305821462,-0.185191620
-0.145404960,0.298503281,-0.200723985
-0.170008891,0.295726311,-0.212412645
-0.196524124,0.296114592,-0.219181562
-0.220754971,0.289992764,-0.230349862
-0.240472220,0.278896553,-0.245788998
-0.263928717,0.270386247,-0.257067136
-0.290031709,0.264543955,-0.262152823
-0.314668172,0.255403746,-0.269249767
-0.336082611,0.242803663,-0.280436035
-0.354567618,0.228375078,-0.294512401
-0.376951123,0.214976057,-0.302936886
-0.401392266,0.202785038,-0.304398842
-0.423984638,0.188066111,-0.308375331
-0.444266055,0.171282703,-0.315841738
-0.460129018,0.153553938,-0.329445021
-0.478991647,0.135370209,-0.337137823
-0.498589823,0.116696021,-0.340965914
-0.518633339,0.098300785,-0.337669377
-0.536797720,0.077943169,-0.338607947
-0.553494751,0.056493157,-0.342161682
-0.567455147,0.035286316,-0.352345743
-0.581580551,0.013397043,-0.360363789
-0.596364382,-0.009619326,-0.362281306
-0.610380397,-0.032912273,-0.360028578
-0.622954384,-0.055982988,-0.352200971
-0.634634224,-0.080464923,-0.348932134
-0.645498402,-0.105634333,-0.348318508
-0.655790185,-0.130563293,-0.352861327
-0.665647726,-0.155332632,-0.359209601
-0.674476462,-0.181193549,-0.359106124
-0.682124016,-0.207375627,-0.356278174
-0.687645278,-0.232963362,-0.348678995
-0.690380172,-0.257172132,-0.336106638
-0.693253729,-0.282909295,-0.327425036
-0.696408081,-0.309634980,-0.322155415
-0.699097946,-0.336523218,-0.317709549
-0.703244512,-0.363606065,-0.318345139
-0.706993497,-0.390741189,-0.318827367
-0.707760920,-0.417567999,-0.313677333
-0.706526186,-0.443824814,-0.305864349
-0.702934181,-0.468748380,-0.295259679
-0.695705833,-0.490616981,-0.280416238
-0.687401226,-0.512200006,-0.265700492
-0.680634709,-0.536271730,-0.254554941
-0.673918896,-0.560881564,-0.244492929
-0.666927070,-0.585557273,-0.234846620
-0.662476867,-0.611896018,-0.228740212
-0.658536944,-0.638495633,-0.223381836
-0.651703119,-0.663605781,-0.214975213
-0.641112034,-0.685882071,-0.203015844
-0.629368148,-0.707227530,-0.190443905
-0.614542990,-0.724802182,-0.175676572
-0.597014361,-0.738236122,-0.159445081
-0.578924705,-0.751398069,-0.143600114
-0.562335453,-0.767931618,-0.129421161
-0.546267806,-0.785609831,-0.115956852
-0.529658188,-0.802710764,-0.102406720
-0.515641042,-0.822952050,-0.090445813
-0.503376936,-0.844805742,-0.079310332
-0.489031540,-0.864470141,-0.066833503
-0.470636272,-0.878747296,-0.052464830
-0.451027279,-0.891030213,-0.037747740
-0.430557053,-0.901596944,-0.022936098
-0.407932983,-0.906363999,-0.008307275
-0.384330438,-0.907331893,0.005613404
-0.360659509,-0.908914019,0.019347250
-0.337936470,-0.914648466,0.033535886
-0.315377918,-0.920898924,0.047820394
-0.293089572,-0.927613868,0.062265676
-0.272758687,-0.938095286,0.077372773
-0.252906733,-0.948871797,0.092914601
-0.231416950,-0.955859415,0.108339911
-0.208051499,-0.957054422,0.122590126
-0.184397145,-0.956523860,0.136452892
-0.160509931,-0.953678501,0.149505477
-0.136517767,-0.945145585,0.159548371
-0.112822522,-0.934154488,0.167899236
-0.088910084,-0.924698136,0.177343105
-0.064988094,-0.918635711,0.189286482
-0.041220370,-0.912033469,0.201265888
-0.018074238,-0.907736244,0.215229196
0.004078363,-0.905676165,0.231258817
0.026270092,-0.901418921,0.246725633
0.048838108,-0.891620347,0.258657255
0.071121655,-0.879339425,0.268885495
0.092903951,-0.865321348,0.277698173
0.113058534,-0.847078792,0.280797931
0.132463917,-0.827760411,0.282171198
0.152937293,-0.810605096,0.288008772
0.173417685,-0.794161339,0.295891457
0.193453029,-0.777571856,0.304475915
0.212865928,-0.763327987,0.317566288
0.231502821,-0.748231209,0.330804244
0.249393875,-0.729171953,0.338752740
0.266407264,-0.708300065,0.343939911
0.282058741,-0.685936515,0.344719871
0.296136413,-0.662775133,0.340583438
0.310479967,-0.639535131,0.339169415
0.324962991,-0.616447511,0.342194430
0.338683494,-0.593097579,0.346175560
0.351267165,-0.570991225,0.356369691
0.362755688,-0.547369310,0.363730158
0.373357139,-0.522093974,0.364412169
0.383010047,-0.496592739,0.362496803
0.391733720,-0.472058609,0.353955314
0.400001810,-0.446706490,0.348026427
0.407333608,-0.420321607,0.346587235
0.412899661,-0.393762300,0.349717188
0.416633177,-0.367058740,0.354472958
0.420370636,-0.340069752,0.351722154
0.423653882,-0.313570427,0.345875850
0.427664940,-0.289277184,0.333823119
0.429624131,-0.263063500,0.326464697
0.429209679,-0.235982346,0.322729559
0.425200231,-0.208906655,0.324197503
0.422224729,-0.182252017,0.318968443
0.420219874,-0.156807432,0.309386800
0.420195307,-0.133323267,0.295353636
0.415275057,-0.107621228,0.287188786
0.405917016,-0.082268733,0.283588752
0.396116124,-0.057538337,0.277792908
0.389438952,-0.033709474,0.266284624
0.385226742,-0.011026818,0.251648277
0.374926901,0.012284998,0.241562951
0.358732609,0.033648959,0.236074731
0.345553662,0.055167916,0.225524466
0.338029056,0.076537005,0.210243505
0.325477219,0.097190304,0.197563863
0.306148131,0.114353941,0.189178929
0.289075881,0.132121380,0.177416924
0.277942432,0.151670320,0.161948313
0.261613607,0.168939847,0.148520465
0.238949658,0.180438442,0.138400030
0.220420620,0.195062195,0.124523313
0.206023102,0.212352211,0.109063427
0.184471579,0.222782026,0.096149116
0.161681290,0.230304827,0.083316775
0.143753300,0.244144098,0.068287968
0.122998548,0.254330989,0.053890210
0.099069853,0.255635414,0.040748499
0.077559566,0.263633247,0.025983395
0.056483422,0.272812815,0.011587734
0.033342181,0.271795829,-0.002525523
0.010349664,0.272119848,-0.017217947
-0.012140775,0.279456783,-0.030885044
-0.035092087,0.277109302,-0.045318543
-0.056956823,0.270817190,-0.060177375
-0.080720340,0.272463264,-0.073357455
-0.104220131,0.269843826,-0.086868847
-0.123748847,0.258456694,-0.102262016
-0.146627543,0.252496242,-0.116000593
-0.171151895,0.249295388,-0.127180180
-0.191197760,0.237782658,-0.141487406
-0.209573363,0.224365631,-0.156433279
-0.233081739,0.215824422,-0.167157449
-0.255344997,0.204691245,-0.178123193
-0.271622798,0.188528426,-0.192669111
-0.288442016,0.172230179,-0.206593023
-0.310330849,0.158531745,-0.215211378
-0.330485481,0.142662974,-0.224274471
-0.344762339,0.123774683,-0.237552074
-0.357504460,0.104199608,-0.251454616
-0.374610673,0.084922753,-0.260491272
-0.393888137,0.065937604,-0.264554635
-0.408013957,0.044339343,-0.273765917
-0.416395100,0.022606871,-0.288124061
-0.427412232,0.000000000,-0.298726471
