# meshed torus II chiral_e070_n4_de015 (canonical 3601-point closed polylines)
o A
v 0.423043426 0.000000000 0.298832572
v 0.442638246 0.020604332 0.303081808
v 0.461609758 0.042157189 0.304645971
v 0.474499471 0.065282074 0.317684976
v 0.482362374 0.085372968 0.336218810
v 0.497954844 0.110788046 0.341673120
v 0.513696864 0.132665137 0.330844849
v 0.526671405 0.160187601 0.335673529
v 0.533656278 0.181379379 0.353804761
v 0.544093351 0.207679867 0.362185137
v 0.555147363 0.236283495 0.364073799
v 0.563395372 0.259079619 0.345876254
v 0.571418294 0.288199531 0.342535527
v 0.578505443 0.317927554 0.343081175
v 0.585289092 0.341445185 0.361447897
v 0.591210978 0.371379657 0.360211473
v 0.595544840 0.401350738 0.355171387
v 0.594101537 0.423043688 0.334000151
v 0.593080813 0.449537251 0.320255643
v 0.592723600 0.479399417 0.312691611
v 0.594082974 0.509193836 0.312503695
v 0.598708336 0.537950181 0.321770184
v 0.596176367 0.567300532 0.313371709
v 0.591653981 0.595828332 0.302656320
v 0.581310425 0.615134447 0.282674276
v 0.567501799 0.629023757 0.259385221
v 0.557681535 0.654949453 0.246125144
v 0.546794044 0.680600021 0.232986459
v 0.538683418 0.708494951 0.224976983
v 0.537133429 0.739244203 0.225876960
v 0.526846700 0.765734953 0.215935392
v 0.511751141 0.788159804 0.201158378
v 0.495287809 0.809468821 0.186206616
v 0.474173834 0.820621905 0.167457655
v 0.450652457 0.823675096 0.147812112
v 0.427705725 0.834964169 0.131392321
v 0.405666539 0.851727552 0.117890197
v 0.382330282 0.867262919 0.105119489
v 0.357720827 0.881644977 0.093432694
v 0.332793444 0.897011373 0.083892543
v 0.307915994 0.913839242 0.077076448
v 0.282683990 0.931086638 0.073310826
v 0.256485669 0.947238873 0.073207485
v 0.229023679 0.960288537 0.077758847
v 0.201043470 0.968063811 0.087772478
v 0.174276717 0.969714151 0.102794692
v 0.149908836 0.967678817 0.121481498
v 0.127491341 0.962878046 0.142044159
v 0.106834542 0.950594047 0.158576678
v 0.090963653 0.924686967 0.160356407
v 0.068435606 0.913148224 0.175976199
v 0.042975954 0.905029085 0.191245773
v 0.014793835 0.898585967 0.201747955
v -0.015318363 0.894847855 0.206778516
v -0.046074826 0.893723790 0.206864904
v -0.076639549 0.894387760 0.203174064
v -0.106705330 0.895998701 0.196670960
v -0.136219321 0.897895054 0.188045835
v -0.165207066 0.899613329 0.177754417
v -0.193696050 0.900828547 0.166088216
v -0.221696838 0.901297862 0.153245474
v -0.249213927 0.900858529 0.139396313
v -0.276231939 0.899384677 0.124663774
v -0.302711119 0.896752892 0.109136178
v -0.328998218 0.894278215 0.093405130
v -0.355725032 0.905647810 0.083674156
v -0.382201291 0.915030046 0.072097482
v -0.406356513 0.909304163 0.054038669
v -0.429425143 0.901195552 0.035297732
v -0.450834815 0.890348642 0.016288091
v -0.459951187 0.865934272 0.000645767
v -0.470162396 0.841999420 -0.014853100
v -0.490397793 0.828376464 -0.033616845
v -0.509847737 0.813718900 -0.052484533
v -0.530134081 0.801988293 -0.071695031
v -0.554029304 0.804694045 -0.090886113
v -0.574488181 0.797241071 -0.111225508
v -0.589201433 0.778063253 -0.130325921
v -0.602718741 0.757736925 -0.149119947
v -0.605516633 0.729973986 -0.158795814
v -0.603596806 0.700040696 -0.163481222
v -0.613851271 0.676279910 -0.179916851
v -0.623601545 0.652260327 -0.196563200
v -0.634644250 0.631531841 -0.215273746
v -0.651138475 0.624330891 -0.240221528
v -0.659177967 0.602360606 -0.258583939
v -0.662904565 0.575361754 -0.272947045
v -0.663081667 0.546891384 -0.282607595
v -0.654229393 0.518341407 -0.275313689
v -0.652788317 0.489257219 -0.282558863
v -0.652555729 0.460495587 -0.293596449
v -0.655144395 0.437254354 -0.311650883
v -0.658942209 0.418641226 -0.334993519
v -0.653990605 0.389379585 -0.343108602
v -0.647483882 0.360004476 -0.348938173
v -0.637393955 0.334885055 -0.335240265
v -0.628883113 0.306406811 -0.333990153
v -0.620303357 0.277102550 -0.338083830
v -0.615000936 0.256269912 -0.358374601
v -0.604718943 0.229777980 -0.365640473
v -0.592151465 0.201650055 -0.365764066
v -0.582652784 0.180506857 -0.348190781
v -0.570175070 0.154444936 -0.341688353
v -0.555786743 0.127443347 -0.340090040
v -0.540702373 0.107149078 -0.356348360
v -0.524218223 0.081699080 -0.350895018
v -0.512329219 0.060397520 -0.336009145
v -0.499944327 0.038960691 -0.321458974
v -0.481001955 0.016691985 -0.319798255
v -0.460384202 -0.002605780 -0.321981852
v -0.442733383 -0.024061157 -0.309720234
v -0.434461878 -0.041858699 -0.289038007
v -0.413984974 -0.062170733 -0.279444239
v -0.389860589 -0.076906250 -0.278933991
v -0.373348424 -0.095414813 -0.262400337
v -0.361722159 -0.113328171 -0.242959764
v -0.336300352 -0.125948974 -0.237408962
v -0.314212776 -0.141216337 -0.223528586
v -0.305230465 -0.159187260 -0.202374459
v -0.281233686 -0.171636298 -0.190179032
v -0.256505453 -0.182025430 -0.178081210
v -0.244690424 -0.200584698 -0.158057396
v -0.221716094 -0.213769411 -0.142769775
v -0.194341748 -0.219412524 -0.132514267
v -0.170110364 -0.232453056 -0.118684354
v -0.144047050 -0.246056050 -0.109773585
v -0.118198685 -0.261100354 -0.114395618
v -0.105772206 -0.283382954 -0.126770440
v -0.087590465 -0.286262258 -0.147609678
v -0.061375149 -0.297562323 -0.157343401
v -0.031336179 -0.299733445 -0.152076199
v -0.003281280 -0.296093044 -0.140005665
v 0.022649085 -0.289684562 -0.124718509
v 0.046013464 -0.291499016 -0.106383819
v 0.065755471 -0.274658493 -0.092589028
v 0.086890560 -0.263601716 -0.074332537
v 0.108853658 -0.260892515 -0.055351011
v 0.122785431 -0.240846568 -0.038900493
v 0.144736560 -0.237800641 -0.020124141
v 0.160740091 -0.222197133 -0.001046458
v 0.173821310 -0.204929825 0.018234039
v 0.196045901 -0.199962467 0.035462563
v 0.204360018 -0.180160611 0.055079686
v 0.226134349 -0.172331868 0.071696477
v 0.242840467 -0.156833724 0.091380051
v 0.250089834 -0.138173488 0.111664565
v 0.273263730 -0.128202579 0.125158701
v 0.281148073 -0.109652833 0.145385616
v 0.294541328 -0.091645346 0.164720882
v 0.317006522 -0.077745805 0.175356364
v 0.320498072 -0.058886441 0.196483990
v 0.335719660 -0.038681721 0.213681331
v 0.357473560 -0.021334248 0.220097354
v 0.363281407 -0.001341226 0.239500240
v 0.373033393 0.020485109 0.256865001
v 0.392950631 0.041595969 0.259104677
v 0.405489724 0.066928007 0.271054270
v 0.406238874 0.087265347 0.293235490
v 0.416734719 0.113742540 0.304947330
v 0.432304811 0.139096349 0.300104369
v 0.440295375 0.167602446 0.308456165
v 0.440641117 0.190457626 0.327808980
v 0.444661952 0.218436022 0.338552263
v 0.450110031 0.247922281 0.339171556
v 0.454774104 0.276627131 0.331319763
v 0.454004942 0.307177733 0.335176209
v 0.449940518 0.335423322 0.344656842
v 0.443209581 0.360522632 0.360374856
v 0.434608061 0.390010825 0.362410675
v 0.421536334 0.417838271 0.363609803
v 0.402749326 0.442139069 0.364088428
v 0.377327829 0.459211070 0.363699761
v 0.347373187 0.465260933 0.361933969
v 0.317037492 0.461867170 0.358316758
v 0.287570395 0.454627808 0.352995263
v 0.257864111 0.449313583 0.346963722
v 0.227621866 0.451852434 0.342679399
v 0.199350041 0.463801776 0.342259119
v 0.174929497 0.481902527 0.340932663
v 0.154824814 0.502980782 0.331072462
v 0.131737935 0.523136352 0.333162876
v 0.108694160 0.543329664 0.336416183
v 0.088306288 0.558480395 0.352794048
v 0.066475621 0.576900554 0.361946409
v 0.043404713 0.597202189 0.364154013
v 0.023168034 0.614988248 0.350951042
v 0.000415522 0.632591667 0.342864649
v -0.024506720 0.650670938 0.341746083
v -0.046558956 0.667425102 0.353634173
v -0.069589191 0.684522346 0.361871136
v -0.095198216 0.701292767 0.358388357
v -0.119473170 0.714576574 0.347389367
v -0.139612060 0.720743321 0.325231283
v -0.166413555 0.733378354 0.317141005
v -0.193617244 0.745608752 0.309827069
v -0.216647973 0.762418712 0.320191634
v -0.242569218 0.776188494 0.319033741
v -0.269754974 0.786014000 0.308378136
v -0.294585549 0.791137361 0.292743827
v -0.309765468 0.784082744 0.266932142
v -0.335301076 0.786735435 0.250883241
v -0.362358411 0.790504241 0.236642188
v -0.389646529 0.795725917 0.224870579
v -0.414666311 0.812925028 0.229730548
v -0.441351437 0.817299715 0.216796249
v -0.466786048 0.816922479 0.199415390
v -0.491507529 0.814905689 0.181254900
v -0.499939845 0.797301069 0.158309068
v -0.513093326 0.782608616 0.136859471
v -0.536417494 0.776097906 0.117814497
v -0.558892593 0.768094241 0.098322379
v -0.584507668 0.769995438 0.084628886
v -0.611619285 0.779132902 0.074846312
v -0.632096485 0.769586123 0.054497305
v -0.650765810 0.757248687 0.033323880
v -0.667696524 0.743073653 0.012135892
v -0.666104322 0.717269877 -0.003383262
v -0.669251758 0.693414061 -0.019991850
v -0.684236329 0.676043056 -0.040553540
v -0.697911261 0.657468184 -0.060975265
v -0.717236117 0.649695739 -0.080454182
v -0.740598124 0.651398452 -0.099133940
v -0.750215696 0.630415150 -0.119538498
v -0.758431455 0.608462394 -0.139531298
v -0.762496619 0.584258967 -0.156960626
v -0.750456791 0.556341035 -0.159575166
v -0.749475510 0.529850811 -0.172334163
v -0.753468413 0.504834177 -0.189864360
v -0.756021123 0.479198814 -0.206735056
v -0.770088935 0.468471900 -0.231326768
v -0.777316467 0.450796822 -0.252843490
v -0.775000487 0.423969675 -0.267812517
v -0.770590965 0.396608236 -0.280780319
v -0.756456258 0.370246093 -0.276097898
v -0.746149856 0.342665618 -0.278842620
v -0.739875813 0.314757671 -0.290283898
v -0.733017161 0.287378646 -0.301907728
v -0.735901310 0.271724015 -0.327874683
v -0.727566734 0.246121781 -0.340460023
v -0.715553087 0.218671180 -0.347620344
v -0.701495371 0.193895184 -0.343703986
v -0.686919753 0.171600429 -0.331890300
v -0.672992934 0.144497448 -0.336431952
v -0.660488375 0.120317508 -0.347824778
v -0.648768153 0.099621236 -0.365185351
v -0.631310024 0.074245473 -0.365865466
v -0.614106680 0.050531765 -0.360514916
v -0.600378934 0.031074760 -0.342462098
v -0.581579517 0.006726209 -0.340752845
v -0.562485022 -0.014195704 -0.349146030
v -0.542025670 -0.034581869 -0.354369501
v -0.521256788 -0.056440715 -0.348321067
v -0.508475406 -0.075172700 -0.327831933
v -0.487951605 -0.096401165 -0.319909867
v -0.464527565 -0.114964181 -0.320861876
v -0.440239726 -0.132168951 -0.321583604
v -0.418480973 -0.151655869 -0.312109439
v -0.406547652 -0.171365299 -0.292192634
v -0.384533606 -0.191487149 -0.284511106
v -0.362686089 -0.212373155 -0.278704475
v -0.339390642 -0.231979286 -0.282423928
v -0.322746258 -0.256072995 -0.290713518
v -0.318451720 -0.284446446 -0.301580533
v -0.323703441 -0.311847983 -0.299011637
v -0.320760244 -0.340821982 -0.306932488
v -0.306772675 -0.367368634 -0.312415792
v -0.281852430 -0.381751268 -0.322476242
v -0.252885198 -0.390652545 -0.324617082
v -0.223162859 -0.396122093 -0.318824725
v -0.195134088 -0.399332057 -0.307917431
v -0.171151403 -0.403728147 -0.290329740
v -0.142005839 -0.400086908 -0.281054426
v -0.115035967 -0.386826920 -0.283253998
v -0.087810736 -0.378769285 -0.271437879
v -0.066620073 -0.380298420 -0.249911873
v -0.040792840 -0.369828943 -0.237019169
v -0.018689502 -0.350968820 -0.232290512
v 0.003156788 -0.345002018 -0.213359009
v 0.024866084 -0.337831443 -0.194620153
v 0.042654991 -0.316315637 -0.186180230
v 0.062903130 -0.307005698 -0.166843374
v 0.082567212 -0.300177820 -0.147081912
v 0.096072357 -0.277999722 -0.135125588
v 0.115269320 -0.272462987 -0.114772712
v 0.132049427 -0.257227335 -0.096191502
v 0.143733287 -0.236871519 -0.079781028
v 0.163583297 -0.231503574 -0.059903454
v 0.171511004 -0.209611986 -0.043314757
v 0.189315863 -0.198146733 -0.023108343
v 0.206481197 -0.185337562 -0.003578889
v 0.212592480 -0.164140706 0.015292471
v 0.233416395 -0.154275384 0.033063648
v 0.237416373 -0.133084475 0.052489616
v 0.254871650 -0.118090407 0.070681816
v 0.271523799 -0.101163280 0.088309806
v 0.273168095 -0.080103869 0.108331991
v 0.293519097 -0.063641952 0.121795820
v 0.301048764 -0.041601650 0.140432333
v 0.304285241 -0.019558163 0.159605783
v 0.322704375 0.002186021 0.169195538
v 0.328468566 0.027552340 0.185006882
v 0.325719891 0.051363552 0.202996812
v 0.328618666 0.079552162 0.215013336
v 0.326603185 0.109058674 0.223325154
v 0.316013937 0.137607895 0.223772872
v 0.308285294 0.159408762 0.206809029
v 0.287042053 0.172560641 0.188943717
v 0.261763259 0.178450537 0.182103848
v 0.241503053 0.200447075 0.176860625
v 0.224449938 0.225023074 0.183873136
v 0.208999820 0.248895441 0.195705943
v 0.193960858 0.272042841 0.209390718
v 0.185621534 0.300524570 0.214542841
v 0.169595498 0.322914033 0.228240750
v 0.151327131 0.333372011 0.249045125
v 0.135667518 0.356404798 0.261077025
v 0.122846221 0.382686745 0.263780834
v 0.104603457 0.398867672 0.280098104
v 0.086518657 0.412809299 0.297933605
v 0.068668780 0.435522741 0.304118347
v 0.051349450 0.458740730 0.303642340
v 0.030615556 0.475868984 0.316463349
v 0.011790496 0.487491565 0.335256438
v -0.010558928 0.507302601 0.342159208
v -0.029416106 0.527745607 0.330297710
v -0.053921607 0.545754945 0.335228090
v -0.075490671 0.559043506 0.348612697
v -0.097094778 0.572176207 0.361890482
v -0.122845258 0.588800010 0.364090965
v -0.142360274 0.601082561 0.344599745
v -0.169323813 0.615226477 0.342637561
v -0.196742327 0.628503834 0.342877009
v -0.217301327 0.639860739 0.361994922
v -0.245059533 0.652323445 0.360447445
v -0.273374349 0.663685063 0.356168779
v -0.292697959 0.666564653 0.334054845
v -0.318093645 0.672016588 0.320525747
v -0.347023414 0.679033828 0.312591567
v -0.374862295 0.687665707 0.312180445
v -0.400229933 0.699680879 0.322953067
v -0.428780847 0.704353554 0.312363853
v -0.457111185 0.707710746 0.300734641
v -0.471140281 0.699165350 0.275681680
v -0.491420541 0.693501009 0.255667075
v -0.518739962 0.692044617 0.241502984
v -0.545655925 0.689545916 0.226987753
v -0.574319441 0.699152258 0.229203532
v -0.602079931 0.702136830 0.222013709
v -0.627035117 0.696676822 0.204793442
v -0.651174106 0.689845408 0.186912060
v -0.661880785 0.674277266 0.165096527
v -0.665539238 0.654290088 0.142647489
v -0.687211147 0.643039172 0.123878497
v -0.707825271 0.630490571 0.104729342
v -0.730370264 0.620574131 0.087400441
v -0.759517380 0.623311726 0.077926593
v -0.782122428 0.614875500 0.060975795
v -0.798221777 0.598661631 0.040309998
v -0.813011416 0.581335832 0.019568025
v -0.811331846 0.557125022 0.002172667
v -0.805647272 0.531579290 -0.013174450
v -0.816178071 0.510552405 -0.032868795
v -0.826336429 0.489126043 -0.052536799
v -0.837546400 0.468712890 -0.072262605
v -0.860878722 0.462232257 -0.091176470
v -0.875298735 0.446528978 -0.111409015
v -0.879619039 0.422737291 -0.130499181
v -0.882507047 0.398340721 -0.149090103
v -0.872286856 0.371723576 -0.158506691
v -0.857909685 0.345206829 -0.163701821
v -0.856359448 0.318765998 -0.179196117
v -0.854901270 0.292347111 -0.194978111
v -0.855239472 0.267331947 -0.212104199
v -0.866727116 0.251412552 -0.235792225
v -0.867466286 0.228301834 -0.254468684
v -0.860383440 0.201341466 -0.267589865
v -0.852045968 0.174252901 -0.279606013
v -0.836205871 0.148426621 -0.279910590
v -0.818611665 0.123578672 -0.275961185
v -0.807869221 0.096002363 -0.284082552
v -0.797343287 0.068340196 -0.292642405
v -0.788152937 0.041147126 -0.303148806
v -0.785109646 0.017435267 -0.322537227
v -0.777860503 -0.008494086 -0.336433104
v -0.766209911 -0.036669683 -0.340858082
v -0.755866571 -0.065513708 -0.344010675
v -0.748096925 -0.095264178 -0.345629392
v -0.744872528 -0.125850904 -0.345176911
v -0.748043332 -0.156250687 -0.341972534
v -0.757383455 -0.184872172 -0.335688974
v -0.770212001 -0.211407939 -0.326770524
v -0.783769998 -0.236824039 -0.315847018
v -0.795794149 -0.262496212 -0.303806412
v -0.804278194 -0.289542431 -0.291821451
v -0.807064123 -0.318423424 -0.281683722
v -0.802921213 -0.348171337 -0.275258436
v -0.792156905 -0.376899296 -0.273409857
v -0.776516776 -0.403315331 -0.275388205
v -0.757434678 -0.427006703 -0.280102557
v -0.733093251 -0.445125872 -0.280942161
v -0.705104268 -0.456647807 -0.275257870
v -0.677841167 -0.470308222 -0.275975117
v -0.652479242 -0.485761062 -0.284152770
v -0.626021960 -0.499236468 -0.292360600
v -0.600394000 -0.511679853 -0.303231270
v -0.582928414 -0.524715268 -0.324937370
v -0.557941838 -0.533942312 -0.338789561
v -0.528362665 -0.539648395 -0.345238359
v -0.498286120 -0.542481871 -0.345734384
v -0.469918843 -0.541559877 -0.333796945
v -0.439523921 -0.542825658 -0.334248594
v -0.408947294 -0.543445128 -0.337959562
v -0.384617769 -0.544214821 -0.355619503
v -0.356954462 -0.542071069 -0.365560742
v -0.326471332 -0.537620245 -0.365827350
v -0.300896737 -0.533357765 -0.351271221
v -0.273237179 -0.528119419 -0.342017114
v -0.243403429 -0.520875248 -0.340377569
v -0.219339079 -0.511173346 -0.356051704
v -0.190756334 -0.500875395 -0.352450559
v -0.164695465 -0.491969875 -0.341501162
v -0.142601977 -0.486290806 -0.323385219
v -0.115345995 -0.473775007 -0.316834869
v -0.092576550 -0.456136616 -0.324653138
v -0.067290592 -0.441859241 -0.314360266
v -0.048072588 -0.438080791 -0.291749644
v -0.023774696 -0.422932885 -0.280392459
v -0.004848249 -0.401093839 -0.282073157
v 0.016984842 -0.385522452 -0.267373160
v 0.035336023 -0.380569195 -0.246055895
v 0.054069354 -0.360480733 -0.236346971
v 0.070830323 -0.339373959 -0.226349140
v 0.089030576 -0.334322023 -0.204715877
v 0.106089076 -0.314566979 -0.190033913
v 0.118675380 -0.291682262 -0.178745635
v 0.136958883 -0.285387652 -0.157618715
v 0.150315882 -0.264338999 -0.141986972
v 0.161022510 -0.242289953 -0.126737174
v 0.179484254 -0.234291376 -0.106477502
v 0.186136303 -0.210317168 -0.091811541
v 0.201025176 -0.194065687 -0.072061767
v 0.217649531 -0.179785422 -0.052910688
v 0.220892505 -0.155449093 -0.036671440
v 0.239602586 -0.141377670 -0.018486262
v 0.247383577 -0.118486274 -0.001012962
v 0.251508601 -0.094284562 0.015674182
v 0.269360812 -0.074438707 0.029401803
v 0.276708659 -0.046960820 0.041097542
v 0.270914508 -0.017996063 0.045130655
v 0.269386906 0.008203701 0.030178718
v 0.277049190 0.027006718 0.010682779
v 0.270325604 0.053663229 -0.001449462
v 0.256119736 0.080229228 0.003605528
v 0.246738366 0.106292227 0.017004051
v 0.246164733 0.132584876 0.031002039
v 0.230132112 0.150743426 0.048099678
v 0.216021706 0.169776726 0.066751601
v 0.212058759 0.194982662 0.081735193
v 0.193319158 0.206165115 0.101411320
v 0.184117166 0.228768619 0.117751634
v 0.173439705 0.251207264 0.133562438
v 0.154987586 0.259723890 0.154427133
v 0.146163360 0.284309768 0.165606752
v 0.130076694 0.303761814 0.182744826
v 0.111811010 0.311094419 0.204238503
v 0.099537056 0.335290213 0.212329074
v 0.081300518 0.354824929 0.226976536
v 0.063352524 0.360324886 0.248765705
v 0.044217351 0.379687147 0.261785358
v 0.027183759 0.402247309 0.264809694
v 0.006760364 0.414260728 0.281624223
v -0.013108158 0.424101310 0.299717673
v -0.033408840 0.443852550 0.300875018
v -0.056518869 0.461376935 0.305312987
v -0.078649073 0.471563885 0.320671494
v -0.100403226 0.480766389 0.336766830
v -0.126407768 0.495380498 0.342634756
v -0.148673695 0.510427153 0.331142811
v -0.176649467 0.522428877 0.335881466
v -0.198552508 0.528983634 0.353125057
v -0.224772826 0.538132926 0.362301104
v -0.253787305 0.548077712 0.364357581
v -0.275503331 0.555058934 0.344587602
v -0.305140134 0.562007455 0.342564254
v -0.335182153 0.567857208 0.342652823
v -0.358888305 0.573632874 0.361116885
v -0.389012367 0.578301800 0.360426936
v -0.419205761 0.581334823 0.355672630
v -0.440975803 0.578957169 0.334738451
v -0.467339537 0.576647805 0.320998449
v -0.497218755 0.574831285 0.313716798
v -0.527267946 0.574317709 0.312947702
v -0.556615474 0.577005507 0.321622817
v -0.586086361 0.573369420 0.315185381
v -0.614487223 0.567138649 0.305002457
v -0.636794496 0.556644309 0.288111970
v -0.649756677 0.541581882 0.264633234
v -0.673197083 0.528863394 0.250068972
v -0.698430803 0.516018571 0.237929038
v -0.724002497 0.502897802 0.227303306
v -0.753902636 0.495939967 0.226148691
v -0.783183872 0.487333427 0.223576324
v -0.805573595 0.470123158 0.211422950
v -0.826157308 0.450927891 0.198898622
v -0.845512700 0.430171920 0.186917462
v -0.863535393 0.407790434 0.175820753
v -0.880124658 0.383753608 0.166038781
v -0.895089423 0.358010175 0.158187852
v -0.908108822 0.330575857 0.153137395
v -0.918636664 0.301688603 0.152047142
v -0.925844691 0.272088853 0.156155370
v -0.916047155 0.244329121 0.157536510
v -0.900043819 0.218672377 0.159404684
v -0.895717503 0.192701651 0.175154171
v -0.888837606 0.168730638 0.193223178
v -0.879578563 0.145534909 0.211259707
v -0.893640773 0.136260671 0.236966851
v -0.888776336 0.115963202 0.255173498
v -0.878661306 0.089860963 0.267958455
v -0.871685447 0.061130757 0.276419394
v -0.869050680 0.030704114 0.280030668
v -0.870274786 -0.000043196 0.279458474
v -0.874130311 -0.030363493 0.275692243
v -0.879433656 -0.060085892 0.269581537
v -0.885364322 -0.089259789 0.261655981
v -0.891372607 -0.117971691 0.252237092
v -0.897081563 -0.146293130 0.241535821
v -0.902228240 -0.174269190 0.229700486
v -0.906608739 -0.201914893 0.216826055
v -0.910078728 -0.229231127 0.203006221
v -0.912522123 -0.256200657 0.188313617
v -0.905463577 -0.278472702 0.169201018
v -0.890463778 -0.295418993 0.148313504
v -0.883088495 -0.318405054 0.129945325
v -0.880241090 -0.344068470 0.113139280
v -0.876996284 -0.369482526 0.096124365
v -0.886186490 -0.396280061 0.084786827
v -0.896023485 -0.422823788 0.073032854
v -0.890318583 -0.446387962 0.054257067
v -0.881575841 -0.468536565 0.034707707
v -0.869261454 -0.488350382 0.015015355
v -0.843744679 -0.495001568 -0.000709965
v -0.820751743 -0.505367598 -0.017257890
v -0.806666720 -0.524750702 -0.036623445
v -0.791235283 -0.543087065 -0.055981769
v -0.780940559 -0.563153286 -0.075557474
v -0.785031678 -0.586910386 -0.094668513
v -0.772974685 -0.604771038 -0.114972708
v -0.753171418 -0.618251934 -0.134342454
v -0.731571192 -0.629733535 -0.152735745
v -0.702102970 -0.627499756 -0.158919467
v -0.673484016 -0.627920796 -0.167170520
v -0.649902895 -0.637660343 -0.184437689
v -0.625397335 -0.646035014 -0.201124385
v -0.610863279 -0.659135198 -0.222558717
v -0.602194306 -0.674195340 -0.247069440
v -0.575598162 -0.677922890 -0.262165065
v -0.548391579 -0.680280818 -0.276424887
v -0.520077917 -0.676695282 -0.281145112
v -0.492378118 -0.666926635 -0.273644469
v -0.463876062 -0.666557050 -0.285060035
v -0.435097245 -0.665050506 -0.295950997
v -0.415440661 -0.668559219 -0.317070666
v -0.394580609 -0.669592737 -0.336733373
v -0.365415242 -0.663387151 -0.344479693
v -0.336431539 -0.655574774 -0.349143668
v -0.313488085 -0.644683976 -0.332499168
v -0.284606521 -0.635732061 -0.334684929
v -0.255604988 -0.626105966 -0.338604346
v -0.237192260 -0.621032569 -0.360908293
v -0.210371029 -0.609411543 -0.365708765
v -0.182653263 -0.595962665 -0.365709456
v -0.163424890 -0.586750656 -0.346872059
v -0.137486436 -0.573363840 -0.341590489
v -0.111192691 -0.558163032 -0.341544960
v -0.091140446 -0.542564464 -0.356099086
v -0.066157385 -0.525395437 -0.350599830
v -0.046225204 -0.514496852 -0.333439039
v -0.024061324 -0.500010019 -0.321131180
v -0.001859194 -0.480641722 -0.318113842
v 0.016457082 -0.459343851 -0.321574130
v 0.037533001 -0.440796573 -0.309745388
v 0.055101692 -0.432464251 -0.288710396
v 0.074327072 -0.410888480 -0.280794987
v 0.089512585 -0.386487811 -0.278376504
v 0.107675444 -0.369788440 -0.261782630
v 0.125426544 -0.357414619 -0.242684566
v 0.137977812 -0.331683969 -0.236589481
v 0.152595043 -0.308767433 -0.223436326
v 0.170882001 -0.298831371 -0.202363433
v 0.183587080 -0.274691988 -0.189940881
v 0.193162948 -0.248940383 -0.179088574
v 0.211603185 -0.235055233 -0.160256464
v 0.226431932 -0.212666952 -0.145633486
v 0.231645879 -0.183638057 -0.138779695
v 0.246604556 -0.157804336 -0.131658461
v 0.263662923 -0.133946694 -0.139092685
v 0.280838844 -0.117784239 -0.158828246
v 0.297453602 -0.098854226 -0.176129591
v 0.307229165 -0.070377833 -0.179258291
v 0.309822793 -0.041295042 -0.170400125
v 0.314642178 -0.016169565 -0.154701699
v 0.305363588 0.009600408 -0.141978657
v 0.290254653 0.031994256 -0.129666260
v 0.291348596 0.054569442 -0.110311028
v 0.277083347 0.075179223 -0.094164323
v 0.260469908 0.093094772 -0.077682841
v 0.258940362 0.114707412 -0.058435492
v 0.238712734 0.127650604 -0.042142989
v 0.232567342 0.148453898 -0.022680051
v 0.221246225 0.167678644 -0.002915695
v 0.201657757 0.177414660 0.015475975
v 0.196225524 0.199427873 0.032908169
v 0.176564378 0.207042070 0.052152193
v 0.166331202 0.227202303 0.070101695
v 0.152959140 0.246107588 0.088527184
v 0.133586501 0.251589520 0.108925153
v 0.123150896 0.274475694 0.122562107
v 0.104490007 0.284483597 0.142498810
v 0.085716624 0.294165830 0.162635835
v 0.071282710 0.317221150 0.173204181
v 0.051753868 0.322533193 0.193810862
v 0.031058427 0.334723329 0.212200402
v 0.012767001 0.356634870 0.218598812
v -0.008289003 0.363196448 0.237508937
v -0.030274110 0.371018608 0.255494727
v -0.052230508 0.389445290 0.258784266
v -0.077923865 0.401591270 0.269574057
v -0.098541070 0.401599397 0.291184094
v -0.125461051 0.410470291 0.303097663
v -0.151534949 0.423882951 0.300165990
v -0.180389197 0.430932084 0.306501534
v -0.205930647 0.431618558 0.321380672
v -0.231616915 0.431091868 0.336012040
v -0.261757156 0.432018025 0.342260392
v -0.290769491 0.434129159 0.333567602
v -0.320693668 0.430149540 0.332430327
v -0.349943841 0.420920370 0.335008734
v -0.377060069 0.406496995 0.336487754
v -0.399311216 0.385387605 0.336587471
v -0.412129086 0.357687637 0.334631716
v -0.414028812 0.327400693 0.330086710
v -0.410224048 0.297579486 0.323394940
v -0.407653419 0.267810333 0.316013148
v -0.412905091 0.238026392 0.311067533
v -0.426759457 0.210658856 0.311296846
v -0.439391096 0.186119410 0.324632699
v -0.457204319 0.163391864 0.334327925
v -0.478415917 0.141773769 0.339990733
v -0.500864114 0.122164508 0.338596678
v -0.523080524 0.103355932 0.331560312
v -0.543887620 0.080984489 0.335548960
v -0.559605882 0.060844017 0.350846737
v -0.577396918 0.039612411 0.361652515
v -0.597639750 0.016511149 0.364063800
v -0.615019002 -0.003570355 0.351000110
v -0.632228999 -0.026324794 0.342858433
v -0.649933226 -0.051511380 0.341673670
v -0.665842656 -0.072769541 0.355984014
v -0.682549715 -0.096549348 0.361672954
v -0.698785680 -0.122478603 0.358033167
v -0.709902496 -0.145692383 0.343560246
v -0.716727738 -0.167171218 0.323317047
v -0.729096934 -0.194444292 0.316085084
v -0.741102483 -0.221867007 0.309896150
v -0.757741511 -0.244811879 0.321612616
v -0.769893739 -0.271615465 0.317237198
v -0.778852635 -0.298973279 0.306263070
v -0.781627689 -0.322505450 0.288780376
v -0.774346158 -0.337808883 0.263260658
v -0.777163243 -0.364155524 0.248005787
v -0.779999608 -0.391176257 0.233481464
v -0.785546147 -0.418465745 0.223047356
v -0.801586154 -0.444222649 0.226828219
v -0.804193943 -0.470663155 0.212706679
v -0.802847406 -0.495884587 0.195066700
v -0.798858755 -0.519188056 0.176319029
v -0.778423415 -0.521796997 0.154020039
v -0.766820945 -0.538892228 0.133521150
v -0.759460584 -0.561833438 0.114321313
v -0.750629260 -0.583876592 0.094693878
v -0.758416343 -0.611413913 0.084939547
v -0.761485053 -0.637148349 0.071698150
v -0.749766446 -0.656337439 0.050638224
v -0.736712718 -0.674436093 0.029398541
v -0.719315703 -0.687376057 0.008708153
v -0.692442886 -0.681641013 -0.005036258
v -0.671616927 -0.690758795 -0.024021805
v -0.653620533 -0.704997164 -0.044575674
v -0.634462769 -0.717890113 -0.064967288
v -0.629950279 -0.739664376 -0.084542681
v -0.625234622 -0.760643372 -0.104884190
v -0.603729431 -0.769306519 -0.125171917
v -0.581315106 -0.776554650 -0.145026642
v -0.556517189 -0.777430737 -0.160186955
v -0.529760224 -0.762945804 -0.160405382
v -0.504350486 -0.764428185 -0.175793207
v -0.479086834 -0.767484582 -0.193156668
v -0.455801231 -0.771909203 -0.211863446
v -0.447837130 -0.787445407 -0.237156918
v -0.424352799 -0.789090251 -0.255556853
v -0.397504672 -0.785858263 -0.270317273
v -0.370199253 -0.780540765 -0.283058787
v -0.344320308 -0.765650081 -0.278020015
v -0.317022980 -0.754610165 -0.280666723
v -0.289237922 -0.747460791 -0.291891824
v -0.264473980 -0.742562755 -0.307227764
v -0.248234425 -0.744336849 -0.332669551
v -0.221132441 -0.733057996 -0.341388049
v -0.193977996 -0.720282154 -0.348355642
v -0.170448836 -0.704998879 -0.339673454
v -0.146354051 -0.689845015 -0.332618551
v -0.119611729 -0.675171181 -0.336940460
v -0.096799617 -0.662916318 -0.350656496
v -0.075427603 -0.649738752 -0.365321771
v -0.050471907 -0.631680171 -0.365863446
v -0.027377063 -0.614225650 -0.358940781
v -0.007233439 -0.599342586 -0.342353125
v 0.016725434 -0.580052635 -0.340596608
v 0.037105707 -0.560611550 -0.349365906
v 0.057208799 -0.539828813 -0.354296911
v 0.078861537 -0.518553939 -0.349036629
v 0.097728299 -0.505249420 -0.329366570
v 0.118842189 -0.485211214 -0.320741786
v 0.138824602 -0.462523386 -0.318519023
v 0.155266844 -0.437700026 -0.324127415
v 0.175834946 -0.415881302 -0.317040503
v 0.197550284 -0.395208926 -0.310075852
v 0.222431782 -0.379904579 -0.300478178
v 0.250797859 -0.369298223 -0.295994472
v 0.280317491 -0.364720835 -0.302792455
v 0.308882745 -0.365740918 -0.312996178
v 0.325036957 -0.361412721 -0.334571467
v 0.354482154 -0.356512772 -0.341465978
v 0.380044443 -0.340064484 -0.343306311
v 0.398951342 -0.324166875 -0.325946582
v 0.410972509 -0.296000290 -0.323284160
v 0.417734831 -0.266261300 -0.319126904
v 0.417679934 -0.236412302 -0.321219884
v 0.413619881 -0.206865654 -0.323094687
v 0.410593348 -0.177424347 -0.314560852
v 0.413887677 -0.155743225 -0.293615212
v 0.408111363 -0.127434668 -0.283132469
v 0.393828063 -0.101650707 -0.284090044
v 0.383361374 -0.075249772 -0.273109208
v 0.382882356 -0.054387590 -0.252223978
v 0.372668352 -0.029497809 -0.237636430
v 0.352520872 -0.008662223 -0.233696268
v 0.342919792 0.013386782 -0.215847239
v 0.337979271 0.033706339 -0.195935217
v 0.315872471 0.050788282 -0.187444666
v 0.304997267 0.070847310 -0.168027658
v 0.298246464 0.090408704 -0.147758967
v 0.275685404 0.103250128 -0.135762245
v 0.269899323 0.122252610 -0.115336083
v 0.255086342 0.139755756 -0.095801458
v 0.233298333 0.149687603 -0.080321168
v 0.227403787 0.169388690 -0.060414869
v 0.205668910 0.176411404 -0.044344287
v 0.193376248 0.193755032 -0.024071504
v 0.180871276 0.211413595 -0.004591940
v 0.159337879 0.216137612 0.013704381
v 0.149205090 0.236469380 0.031075859
v 0.128327616 0.241660384 0.050371441
v 0.110427459 0.255027762 0.069652697
v 0.094676521 0.273168952 0.085845902
v 0.073339520 0.274173128 0.105524304
v 0.055189405 0.292566039 0.119830385
v 0.032584999 0.303879618 0.136526519
v 0.010146011 0.302956898 0.155868085
v -0.013389069 0.317409682 0.166694429
v -0.039993789 0.325711423 0.178279240
v -0.068671391 0.327975811 0.189201698
v -0.098532115 0.324662568 0.195404073
v -0.125903040 0.312174828 0.191482371
v -0.136946255 0.287223034 0.184514240
v -0.152273412 0.276509340 0.163588182
v -0.172712348 0.260746628 0.150067600
v -0.197855775 0.243420938 0.151963718
v -0.222660506 0.228042498 0.161743220
v -0.246463557 0.213252230 0.174537233
v -0.262442302 0.195628243 0.191718505
v -0.281235932 0.179444323 0.208672628
v -0.309195701 0.170848790 0.214659486
v -0.330424772 0.154504237 0.229477581
v -0.340960195 0.136541331 0.250301752
v -0.364204865 0.121290131 0.260944467
v -0.389106582 0.107251386 0.265181838
v -0.401855307 0.089176395 0.283744185
v -0.418297835 0.070377768 0.299628486
v -0.441227806 0.053762463 0.301118111
v -0.462745556 0.034417081 0.304901066
v -0.478123135 0.013736596 0.319159230
v -0.490510536 -0.005858697 0.336512615
v -0.509937275 -0.028497061 0.341844288
v -0.528961616 -0.047548062 0.330993111
v -0.546279367 -0.072571827 0.335796342
v -0.556781230 -0.092331630 0.353868398
v -0.571531462 -0.116436058 0.362311165
v -0.587383653 -0.142668598 0.364282196
v -0.598905260 -0.162501318 0.344641683
v -0.612196822 -0.189876785 0.342485485
v -0.624615415 -0.217726364 0.342377136
v -0.635471456 -0.238676636 0.361371047
v -0.647047258 -0.266765899 0.359903275
v -0.656907040 -0.294819831 0.353682411
v -0.657798037 -0.312456348 0.329010883
v -0.664124143 -0.340522686 0.319432741
v -0.670120280 -0.369637971 0.311340832
v -0.679624931 -0.396441573 0.316684549
v -0.689057848 -0.423250010 0.321551900
v -0.692699406 -0.451906292 0.310843476
v -0.695009693 -0.480295479 0.299103639
v -0.686378256 -0.494767333 0.274746519
v -0.679296419 -0.513831749 0.254069578
v -0.676803711 -0.541053439 0.239861885
v -0.672896645 -0.567663307 0.224838065
v -0.681210320 -0.596718446 0.226489408
v -0.683926130 -0.624705268 0.220239488
v -0.677473320 -0.649443573 0.203048777
v -0.669449950 -0.673043118 0.185066099
v -0.651396009 -0.680439391 0.162176508
v -0.632469662 -0.687858786 0.139988721
v -0.620260745 -0.709121604 0.121335628
v -0.606763233 -0.729253880 0.102320042
v -0.596783730 -0.752041765 0.085694356
v -0.598491163 -0.781293393 0.076312636
v -0.588084967 -0.802860037 0.058959850
v -0.571061398 -0.818413842 0.038529811
v -0.552824448 -0.832374191 0.018064430
v -0.528439248 -0.831107770 0.000399978
v -0.502632482 -0.825003433 -0.015017756
v -0.480526710 -0.834053234 -0.034268477
v -0.458456050 -0.843547087 -0.053552213
v -0.438771684 -0.855821617 -0.072934232
v -0.429523709 -0.878058224 -0.092088450
v -0.412254498 -0.891678176 -0.112164352
v -0.387970356 -0.895382320 -0.130757125
v -0.363122832 -0.897694626 -0.148823747
v -0.336399488 -0.888933533 -0.159570299
v -0.309968223 -0.874025487 -0.164602033
v -0.282965600 -0.869717695 -0.177844949
v -0.256183585 -0.867859543 -0.192959053
v -0.230406886 -0.867719614 -0.209297096
v -0.210954742 -0.876740964 -0.231352538
v -0.188310639 -0.880147687 -0.251153399
v -0.160942692 -0.873250337 -0.263488087
v -0.133377029 -0.865435444 -0.274814527
v -0.105838254 -0.854550986 -0.281802859
v -0.081112081 -0.836994119 -0.276611841
v -0.054287099 -0.822943642 -0.276183488
v -0.025510875 -0.814459900 -0.283195272
v 0.003706970 -0.806437590 -0.288766935
v 0.033503449 -0.799637021 -0.292597368
v 0.063938712 -0.795243785 -0.294131367
v 0.094656801 -0.794862200 -0.292511077
v 0.124498196 -0.799676894 -0.286906426
v 0.152200614 -0.808994785 -0.277306538
v 0.177758008 -0.820556655 -0.264596293
v 0.202257692 -0.832054868 -0.249877274
v 0.227129664 -0.841587380 -0.234416334
v 0.253545598 -0.847523203 -0.219790974
v 0.281949999 -0.848360948 -0.208077117
v 0.311473975 -0.843524592 -0.201075925
v 0.340532629 -0.833638925 -0.199247617
v 0.367980371 -0.819944386 -0.201709898
v 0.393893689 -0.804807117 -0.208216335
v 0.419640364 -0.796580158 -0.222805566
v 0.443768048 -0.787889505 -0.239786409
v 0.464488827 -0.769490287 -0.252594255
v 0.481992531 -0.746372926 -0.262994610
v 0.497715496 -0.722102415 -0.273611535
v 0.510642549 -0.695813833 -0.282162822
v 0.515077183 -0.665773653 -0.277802848
v 0.521448181 -0.636177723 -0.277760033
v 0.531829229 -0.608852678 -0.287488817
v 0.540663541 -0.580913830 -0.296942626
v 0.551519908 -0.561350771 -0.317461802
v 0.559971745 -0.539679883 -0.336519824
v 0.563344264 -0.509886315 -0.343596862
v 0.564793984 -0.479639448 -0.348025552
v 0.561736483 -0.451615683 -0.335864807
v 0.560418043 -0.421693880 -0.333564156
v 0.559266258 -0.391166133 -0.337543198
v 0.558632790 -0.366889361 -0.354059224
v 0.555341057 -0.340368352 -0.365459126
v 0.549405377 -0.310140405 -0.365849401
v 0.543642329 -0.284072790 -0.354372775
v 0.537650820 -0.258315024 -0.342155165
v 0.529227949 -0.228750522 -0.340126613
v 0.518701129 -0.204821723 -0.355158833
v 0.507207159 -0.176847227 -0.352781288
v 0.496930045 -0.150849976 -0.342784573
v 0.491255292 -0.130168264 -0.323892223
v 0.478104867 -0.103281485 -0.316590542
v 0.459969419 -0.081824221 -0.325558698
v 0.444937862 -0.056958352 -0.315316045
v 0.440558928 -0.038416179 -0.293497706
v 0.425194577 -0.014668700 -0.281684963
v 0.402886625 0.003819040 -0.283444146
v 0.385876697 0.025381771 -0.269520722
v 0.381818372 0.042813677 -0.247988765
v 0.362294663 0.062090205 -0.236404524
v 0.339760167 0.077497385 -0.228616055
v 0.333112549 0.095486959 -0.207586298
v 0.315891075 0.113743010 -0.190191023
v 0.290876982 0.124465558 -0.181375960
v 0.282734795 0.142249786 -0.160753735
v 0.264019660 0.157544785 -0.142968742
v 0.239970362 0.166264355 -0.129476029
v 0.231461037 0.184623969 -0.109302993
v 0.208641445 0.193309278 -0.093478637
v 0.187507692 0.203667084 -0.075413111
v 0.175199466 0.222069851 -0.056378226
v 0.150249770 0.224956289 -0.040549166
v 0.132764356 0.240992552 -0.022438781
v 0.111923385 0.254726994 -0.005706538
v 0.085516677 0.254377129 0.008688032
v 0.058493753 0.262686463 0.020768281
v 0.031456173 0.276560446 0.021899529
v 0.005720694 0.278189190 0.005943635
v -0.012628238 0.268198176 -0.012988181
v -0.040659342 0.269104905 -0.023464806
v -0.070161396 0.269639719 -0.017025202
v -0.096489262 0.260586209 -0.003995630
v -0.114886861 0.242602631 0.011005491
v -0.139864493 0.240725101 0.026731456
v -0.160490371 0.228187156 0.044775236
v -0.174769584 0.210795287 0.063530595
v -0.199576455 0.206762757 0.078806528
v -0.210824743 0.188421643 0.098599511
v -0.231023394 0.176309133 0.116972455
v -0.254366826 0.167227457 0.131531544
v -0.262008347 0.148971495 0.152140984
v -0.284559323 0.137688535 0.165932849
v -0.305694037 0.123351453 0.180695992
v -0.311827139 0.105243629 0.202038087
v -0.333749104 0.091318377 0.212739336
v -0.354276596 0.074477827 0.224690181
v -0.358812376 0.057008881 0.245999340
v -0.376648814 0.037008722 0.260942803
v -0.399887264 0.020133852 0.262503022
v -0.413980920 -0.001566606 0.277580953
v -0.420721106 -0.020597396 0.297539495
v -0.438979066 -0.042889847 0.303405301
v -0.457364804 -0.065394546 0.303858124
v -0.469086397 -0.089505751 0.316857146
v -0.475904841 -0.110568104 0.335668008
v -0.489577434 -0.137119690 0.342625285
v -0.504579041 -0.160477781 0.330656975
v -0.515707025 -0.188797128 0.335394153
v -0.522211748 -0.212348141 0.351203442
v -0.530007715 -0.238451537 0.362011397
v -0.538904336 -0.267808761 0.363747858
v -0.545672581 -0.292352955 0.347148206
v -0.551280110 -0.321695713 0.342631579
v -0.555754760 -0.352087925 0.342102368
v -0.560355486 -0.377556201 0.358304579
v -0.563727512 -0.407238838 0.360689383
v -0.565341686 -0.437758395 0.356809789
v -0.562485336 -0.461222192 0.338729855
v -0.557970358 -0.485372828 0.322012382
v -0.554418614 -0.515189093 0.315121716
v -0.549960980 -0.544927156 0.309246944
v -0.550586639 -0.574263422 0.318343674
v -0.547043286 -0.603905000 0.318130665
v -0.538653530 -0.632025384 0.308751648
v -0.528378152 -0.659016606 0.298213725
v -0.512772698 -0.674999479 0.277549893
v -0.495314427 -0.689683857 0.257310481
v -0.479599036 -0.713784905 0.246385049
v -0.462366917 -0.737143094 0.236070031
v -0.443334882 -0.759239320 0.226149658
v -0.422431715 -0.779914762 0.216966637
v -0.399571228 -0.798946931 0.208985938
v -0.374672590 -0.815994265 0.202854899
v -0.347708587 -0.830456266 0.199523071
v -0.318983856 -0.841423764 0.200151699
v -0.289428448 -0.847678287 0.205782679
v -0.268095924 -0.858147576 0.222591791
v -0.251814184 -0.869144200 0.245239004
v -0.226514894 -0.861454488 0.260797704
v -0.202343717 -0.850256856 0.276266557
v -0.179182566 -0.834663212 0.284716872
v -0.160614144 -0.812993943 0.274173438
v -0.133823620 -0.802316124 0.284182486
v -0.104584840 -0.795840046 0.291149466
v -0.073986999 -0.794601715 0.293992875
v -0.043386472 -0.797870403 0.293381808
v -0.013376583 -0.804034336 0.290229658
v 0.016016306 -0.811756120 0.285186439
v 0.044921739 -0.820155256 0.278620211
v 0.073473595 -0.828655053 0.270759579
v 0.101759801 -0.836866730 0.261719855
v 0.129836920 -0.844520707 0.251603610
v 0.157727198 -0.851418564 0.240477472
v 0.185516813 -0.858119963 0.229090164
v 0.211778025 -0.873785709 0.227707676
v 0.238006850 -0.889415514 0.225417174
v 0.264940547 -0.894270185 0.211455234
v 0.291395194 -0.896978586 0.195899286
v 0.316644743 -0.896585663 0.178653839
v 0.330849414 -0.880582981 0.156705177
v 0.349187512 -0.868458646 0.136340411
v 0.374416807 -0.865507794 0.118907443
v 0.399069584 -0.861138466 0.100954748
v 0.424998607 -0.863187321 0.085976227
v 0.451371137 -0.875498476 0.076037278
v 0.475726316 -0.874183472 0.058738055
v 0.497347527 -0.865172452 0.038726530
v 0.517888570 -0.854467953 0.018519478
v 0.524621688 -0.830238095 0.002022607
v 0.530704690 -0.805069566 -0.013581440
v 0.549357758 -0.790545931 -0.033293574
v 0.567068620 -0.774833095 -0.053005455
v 0.585910844 -0.762170081 -0.072916695
v 0.609701463 -0.765536682 -0.092138742
v 0.628007821 -0.755189484 -0.112747785
v 0.640752682 -0.735168389 -0.132391680
v 0.652234259 -0.714041906 -0.151653171
v 0.650520221 -0.685141028 -0.159610484
v 0.647717237 -0.655718758 -0.165967727
v 0.656518384 -0.631870730 -0.183333789
v 0.664044376 -0.607209953 -0.200194910
v 0.677112195 -0.592372365 -0.222369483
v 0.691064704 -0.581220122 -0.246674161
v 0.694397655 -0.555163126 -0.262442728
v 0.695803636 -0.527926704 -0.276771871
v 0.692671003 -0.499601217 -0.284315222
v 0.681417348 -0.472694943 -0.275452003
v 0.679296052 -0.444030910 -0.285436444
v 0.676814087 -0.415317562 -0.296322240
v 0.681222942 -0.397980228 -0.320025343
v 0.679991915 -0.374883228 -0.337027348
v 0.672875479 -0.345923101 -0.344758763
v 0.663821611 -0.317347879 -0.347578836
v 0.652274877 -0.294669704 -0.330961921
v 0.642772430 -0.265861928 -0.334897345
v 0.632309457 -0.237183030 -0.338873619
v 0.626202182 -0.217884254 -0.361467696
v 0.613440008 -0.190888493 -0.365767988
v 0.599148092 -0.163596247 -0.365631655
v 0.589184376 -0.144050391 -0.345327491
v 0.574541122 -0.117774635 -0.341288144
v 0.558866988 -0.093652738 -0.345984769
v 0.542298720 -0.072561964 -0.355371121
v 0.524413713 -0.048122260 -0.349713692
v 0.515548665 -0.030054562 -0.328629637
v 0.497920150 -0.006731431 -0.320136024
v 0.477327845 0.013029577 -0.322330231
v 0.456176268 0.032447329 -0.320310743
v 0.439600469 0.052474750 -0.305967755
v 0.427754598 0.071006477 -0.287185725
v 0.404964695 0.088762030 -0.281407162
v 0.380901585 0.104070301 -0.276783243
v 0.366372858 0.121810847 -0.258833651
v 0.350864844 0.139483713 -0.241469755
v 0.323713250 0.150262401 -0.237457958
v 0.301462946 0.165591002 -0.222828231
v 0.290883215 0.184025250 -0.202319884
v 0.266626017 0.197195289 -0.189970412
v 0.239762267 0.206070820 -0.180960689
v 0.221391228 0.223728147 -0.165034725
v 0.200716155 0.241615371 -0.152813309
v 0.175450110 0.258638474 -0.149599713
v 0.154821623 0.277985235 -0.160751212
v 0.140359605 0.297549329 -0.179642585
v 0.120424010 0.315866447 -0.193600357
v 0.091779706 0.326081384 -0.194631230
v 0.062202299 0.324202093 -0.189735659
v 0.034585567 0.314993470 -0.182248798
v 0.009534486 0.313908771 -0.165889796
v -0.014453132 0.311661536 -0.148487846
v -0.035082915 0.293180389 -0.137778621
v -0.057342441 0.287451341 -0.118870825
v -0.079074697 0.282144772 -0.099743612
v -0.094608272 0.261753902 -0.085213723
v -0.115988459 0.259801629 -0.065552638
v -0.132630117 0.243471194 -0.047191592
v -0.146870467 0.225932357 -0.028555237
v -0.168471543 0.221553572 -0.009658847
v -0.177437515 0.201332220 0.008478484
v -0.199102102 0.195473749 0.026262183
v -0.212220671 0.178303862 0.046222442
v -0.222672408 0.160257551 0.066426403
v -0.245007075 0.151691712 0.082096982
v -0.250095236 0.132162166 0.102335200
v -0.270689845 0.119796091 0.117905423
v -0.288215319 0.103014177 0.135456287
v -0.291579613 0.083690413 0.156344557
v -0.313963705 0.069411605 0.166927868
v -0.326909107 0.048611726 0.185042783
v -0.330175461 0.029275766 0.205560339
v -0.350591036 0.010498568 0.213517288
v -0.364305891 -0.012730529 0.227746935
v -0.365029203 -0.033056356 0.249488011
v -0.378261314 -0.057530600 0.261164055
v -0.394305576 -0.081807204 0.264429064
v -0.399409432 -0.106744319 0.280040865
v -0.401089443 -0.130253733 0.297885281
v -0.409398923 -0.158503896 0.304463638
v -0.418784977 -0.186858555 0.302034537
v -0.420669383 -0.216650866 0.309596285
v -0.415174387 -0.240219257 0.328058944
v -0.411008931 -0.269011009 0.336801949
v -0.403763164 -0.298587408 0.341243829
v -0.391190438 -0.326353635 0.342373057
v -0.379327330 -0.348616165 0.326249085
v -0.352630905 -0.363137177 0.323178698
v -0.322922176 -0.366611043 0.316346830
v -0.296374732 -0.359607055 0.324946314
v -0.267410202 -0.358597906 0.314583670
v -0.239209828 -0.366641276 0.306056927
v -0.216099376 -0.385736189 0.299430492
v -0.194722939 -0.407795033 0.298644070
v -0.173194382 -0.429103056 0.304236599
v -0.152162599 -0.450238513 0.311560295
v -0.132635802 -0.462503460 0.331705291
v -0.112117277 -0.484179467 0.339192204
v -0.092669081 -0.506788664 0.339595085
v -0.074299232 -0.529008499 0.331825497
v -0.051853939 -0.549694438 0.336017284
v -0.032037086 -0.564582762 0.353180648
v -0.010141417 -0.582838123 0.362263671
v 0.013296026 -0.602638769 0.363777208
v 0.032831141 -0.618659471 0.346830284
v 0.057254727 -0.636006782 0.342613875
v 0.082709106 -0.653011147 0.342712912
v 0.102207518 -0.667604266 0.361229163
v 0.127909953 -0.683994154 0.360620133
v 0.154289412 -0.699376898 0.356539262
v 0.173762726 -0.705880784 0.336024420
v 0.197329833 -0.714392525 0.321421607
v 0.224906066 -0.725821260 0.313799497
v 0.251131746 -0.738593073 0.313338136
v 0.274039702 -0.754438698 0.324738715
v 0.301571937 -0.763704073 0.314478757
v 0.329088408 -0.771708957 0.303169343
v 0.348579676 -0.769878625 0.282152844
v 0.365252401 -0.763758557 0.258633612
v 0.392541690 -0.767047838 0.244720089
v 0.419489700 -0.768860303 0.229900276
v 0.446530091 -0.779466819 0.227223632
v 0.473432370 -0.791286677 0.225656759
v 0.499011071 -0.790407087 0.208509016
v 0.523998815 -0.788080034 0.190640600
v 0.543051178 -0.779393186 0.170018162
v 0.546842589 -0.759067511 0.147355353
v 0.567225625 -0.749318486 0.127294374
v 0.589629647 -0.740883210 0.107903833
v 0.611773962 -0.732256161 0.088728743
v 0.639555302 -0.740184835 0.079383666
v 0.664267420 -0.739818975 0.064412824
v 0.682727958 -0.727129029 0.043264130
v 0.700045900 -0.713141313 0.021968566
v 0.709998408 -0.693918160 0.001997172
v 0.702997157 -0.667015578 -0.011232314
v 0.713445472 -0.646672826 -0.030875383
v 0.726748830 -0.627908566 -0.051370495
v 0.741654379 -0.611552249 -0.071891116
v 0.766049190 -0.612401749 -0.090543060
v 0.780149782 -0.597376409 -0.111433664
v 0.787790662 -0.575332016 -0.131551673
v 0.793996626 -0.552437967 -0.151209550
v 0.787611945 -0.525862364 -0.160715281
v 0.775900290 -0.498264091 -0.164832929
v 0.779231643 -0.473272322 -0.182537053
v 0.781065291 -0.447665801 -0.199567508
v 0.787451918 -0.427468623 -0.219803320
v 0.801057467 -0.417070884 -0.244828246
v 0.799502364 -0.391618923 -0.261239997
v 0.795111063 -0.364715727 -0.275594831
v 0.786569579 -0.337530092 -0.284150466
v 0.769642447 -0.313896191 -0.274742793
v 0.761392877 -0.286259240 -0.284167248
v 0.753184315 -0.258607819 -0.294990532
v 0.750339990 -0.236821927 -0.313759302
v 0.748576902 -0.217873880 -0.335678701
v 0.736018348 -0.190821160 -0.343396811
v 0.722227759 -0.164052245 -0.349361983
v 0.706099703 -0.142481344 -0.335554598
v 0.690730698 -0.117189201 -0.333743938
v 0.675279322 -0.090836708 -0.337739855
v 0.663284653 -0.069256616 -0.354800706
v 0.647887123 -0.046558339 -0.365537700
v 0.629231232 -0.022041539 -0.365837662
v 0.612535503 -0.000521079 -0.353669072
v 0.595660947 0.021187325 -0.342123927
v 0.575953827 0.044797924 -0.340274550
v 0.556097510 0.064347654 -0.351565757
v 0.534837441 0.085088240 -0.353963169
v 0.513649945 0.106775231 -0.348625288
v 0.499383305 0.126708626 -0.330316519
v 0.479988249 0.148442608 -0.321815184
v 0.459223543 0.170672585 -0.316917778
v 0.439347817 0.193829874 -0.312718743
v 0.421817706 0.219018696 -0.310455026
v 0.408757428 0.245030862 -0.316281370
v 0.401822998 0.267939968 -0.333176390
v 0.405659695 0.297322145 -0.341538990
v 0.413072959 0.321085815 -0.330663058
v 0.413428285 0.350708753 -0.333807645
v 0.403287141 0.379453846 -0.336345921
v 0.382796936 0.402235199 -0.336650294
v 0.356491752 0.418085398 -0.335454009
v 0.327590705 0.428398196 -0.333121184
v 0.297597325 0.434486787 -0.329747880
v 0.267239924 0.437218933 -0.325334566
v 0.236928666 0.437183846 -0.319861433
v 0.207485326 0.432185210 -0.320733138
v 0.178889095 0.424031790 -0.321892010
v 0.151030120 0.418686319 -0.310735313
v 0.129024939 0.419020856 -0.290283378
v 0.101404506 0.409872517 -0.280411412
v 0.077032906 0.392871014 -0.281435649
v 0.052209912 0.383172098 -0.266726141
v 0.031456096 0.380870491 -0.246018630
v 0.009017261 0.364237355 -0.237363995
v -0.012066759 0.346905664 -0.226892763
v -0.031144436 0.345195333 -0.205552302
v -0.052296987 0.329860059 -0.189731162
v -0.067929516 0.308246895 -0.180065549
v -0.087030948 0.305065556 -0.158939881
v -0.104911547 0.287815738 -0.141792086
v -0.117697382 0.266510979 -0.127884905
v -0.136954621 0.261729760 -0.107261977
v -0.147423237 0.239515145 -0.091969261
v -0.163846120 0.225833065 -0.071793211
v -0.182011522 0.215597793 -0.051954598
v -0.188391808 0.193347501 -0.035102640
v -0.208264055 0.185022925 -0.016244561
v -0.215324880 0.164310794 0.002162451
v -0.228395238 0.147233808 0.021829500
v -0.246667231 0.133558332 0.039729197
v -0.249081447 0.111844306 0.058914807
v -0.269073473 0.097218073 0.074753002
v -0.276600911 0.075691698 0.093748593
v -0.281041026 0.053658194 0.112894119
v -0.299856592 0.034166329 0.125043313
v -0.302352363 0.010386663 0.142658544
v -0.304341968 -0.014600671 0.159149663
v -0.308213344 -0.042380944 0.171807876
v -0.306963430 -0.072054495 0.179469333
v -0.296619251 -0.100189652 0.175461277
v -0.292328606 -0.119693299 0.156323468
v -0.270679787 -0.130642563 0.142269421
v -0.251434836 -0.150159030 0.131883243
v -0.235863026 -0.176191845 0.135816286
v -0.221822759 -0.200963518 0.147511531
v -0.208151932 -0.224438007 0.162040446
v -0.202099604 -0.252625524 0.170416881
v -0.185756309 -0.270691067 0.187655119
v -0.168753887 -0.286005102 0.206454122
v -0.159313882 -0.312690705 0.213892259
v -0.143634583 -0.334979348 0.227593816
v -0.125460844 -0.344199577 0.249304524
v -0.109583225 -0.366823279 0.260745692
v -0.095258050 -0.391642234 0.264724041
v -0.076846325 -0.404820966 0.282834814
v -0.057904289 -0.419946566 0.299448593
v -0.040249830 -0.442184425 0.302488550
v -0.020934266 -0.463530685 0.304891702
v -0.000101233 -0.478380087 0.318870482
v 0.019248901 -0.489756974 0.336336903
v 0.042581317 -0.508304116 0.343348546
v 0.061781187 -0.527156671 0.330901514
v 0.087213049 -0.543858484 0.335742149
v 0.106742656 -0.553719520 0.352724370
v 0.130497640 -0.567282835 0.362144336
v 0.157123675 -0.582508028 0.364154721
v 0.178552519 -0.594212952 0.346224430
v 0.205951049 -0.606635148 0.342499270
v 0.233976553 -0.618323959 0.343207705
v 0.255173486 -0.628585850 0.362244020
v 0.283706252 -0.639366239 0.359979874
v 0.312158594 -0.648482779 0.353719717
v 0.331525293 -0.649621556 0.330092564
v 0.359218089 -0.654629673 0.319277147
v 0.388504043 -0.659723097 0.311185088
v 0.416348053 -0.667300628 0.312947923
v 0.442804613 -0.677026961 0.321372910
v 0.471576140 -0.679756799 0.310702229
v 0.499659657 -0.680757842 0.298412125
v 0.514761205 -0.671711175 0.273929220
v 0.534606252 -0.664108193 0.253346044
v 0.561738597 -0.660610954 0.239178900
v 0.588997023 -0.656972933 0.225784698
v 0.618673193 -0.664103720 0.227081410
v 0.646923396 -0.664387394 0.218862362
v 0.671435935 -0.656912178 0.201762583
v 0.694827819 -0.647936826 0.183932096
v 0.701613107 -0.629444688 0.161217193
v 0.708279618 -0.610043354 0.139214055
v 0.729165202 -0.596908157 0.120765088
v 0.748895858 -0.582517226 0.101985061
v 0.771708105 -0.572002312 0.085889795
v 0.801099540 -0.572703838 0.076825897
v 0.822009724 -0.560848445 0.059483763
v 0.837141258 -0.543056002 0.039394866
v 0.850217638 -0.523869504 0.019313382
v 0.847108924 -0.499122531 0.002293159
v 0.841399985 -0.473478287 -0.013180842
v 0.850579559 -0.451073204 -0.032066105
v 0.859665285 -0.428413560 -0.050857345
v 0.869306963 -0.406156639 -0.069613953
v 0.891304137 -0.395425055 -0.088220063
v 0.907567008 -0.379648669 -0.107721895
v 0.911038074 -0.354873372 -0.125702198
v 0.913186967 -0.329550712 -0.143117667
v 0.909655177 -0.303070927 -0.157157450
v 0.893863794 -0.277060448 -0.161482889
v 0.884431905 -0.249888930 -0.170261690
v 0.882815108 -0.222620537 -0.184509795
v 0.880131342 -0.194995811 -0.197884600
v 0.881306366 -0.168975110 -0.213552697
v 0.890203379 -0.147725948 -0.233990800
v 0.892319064 -0.122549572 -0.250600970
v 0.886336456 -0.093904896 -0.260239093
v 0.880361049 -0.064810763 -0.268421868
v 0.874911906 -0.035180813 -0.274848895
v 0.870749259 -0.004955632 -0.279045715
v 0.869017342 0.025754726 -0.280193486
v 0.870968214 0.056313525 -0.277315672
v 0.877270264 0.085418966 -0.269649988
v 0.887022713 0.111939860 -0.257467134
v 0.898248327 0.136097470 -0.242017766
v 0.909237982 0.158909251 -0.224471798
v 0.918688922 0.181663645 -0.205984321
v 0.925534839 0.205566410 -0.187825386
v 0.928786089 0.231547961 -0.171675992
v 0.927657362 0.259790481 -0.159602442
v 0.922118633 0.289306946 -0.153071845
v 0.912865255 0.318622219 -0.152122666
v 0.900627545 0.346639280 -0.155577385
v 0.880285330 0.369265055 -0.158451908
v 0.854870957 0.386597162 -0.159969962
v 0.830496890 0.404759848 -0.164423861
v 0.811207344 0.426365144 -0.174786345
v 0.791627225 0.447007822 -0.186597358
v 0.770802798 0.466103457 -0.198875707
v 0.754690854 0.485842208 -0.215152167
v 0.747285622 0.506345525 -0.236887680
v 0.729143660 0.523040362 -0.254122888
v 0.704001303 0.535700664 -0.266639700
v 0.677953977 0.546849089 -0.278709573
v 0.647911336 0.549951317 -0.278174001
v 0.617639744 0.551272019 -0.274914691
v 0.589567607 0.559033946 -0.284807573
v 0.561164741 0.565647800 -0.294739100
v 0.539253382 0.574073486 -0.313032746
v 0.519997725 0.581930500 -0.334894058
v 0.490303948 0.583539867 -0.342721696
v 0.460110880 0.583350226 -0.348144105
v 0.432819786 0.578595256 -0.335508310
v 0.403190968 0.575659583 -0.333212725
v 0.372781098 0.572961048 -0.337343849
v 0.347167625 0.570795470 -0.352377195
v 0.321090588 0.566386937 -0.365476474
v 0.291173807 0.559039680 -0.365842786
v 0.265637692 0.552215094 -0.353724908
v 0.239873605 0.545021917 -0.342081636
v 0.210695449 0.535363316 -0.339965396
v 0.187209760 0.523797639 -0.355108282
v 0.159656526 0.511215370 -0.352340416
v 0.134161949 0.500037289 -0.342120862
v 0.113660152 0.493568055 -0.323286234
v 0.087511011 0.479022305 -0.317415492
v 0.066559937 0.460585713 -0.324618698
v 0.042265215 0.444739235 -0.314234448
v 0.024042860 0.440259560 -0.291829438
v 0.000694619 0.423687372 -0.280453604
v -0.016985203 0.400784241 -0.282091606
v -0.037950458 0.383502116 -0.267758246
v -0.055943108 0.378067239 -0.246034175
v -0.072692051 0.356118790 -0.238127784
v -0.089197158 0.335049744 -0.226390834
v -0.107156901 0.329048849 -0.204828689
v -0.123663336 0.308777743 -0.189664287
v -0.134690782 0.284879521 -0.179129510
v -0.152768307 0.277577414 -0.158178039
v -0.166012556 0.256138757 -0.142000211
v -0.175142405 0.232673946 -0.127568181
v -0.193871440 0.222782818 -0.107053661
v -0.200548147 0.198572388 -0.092154663
v -0.212727995 0.178594288 -0.073551568
v -0.230128476 0.164142150 -0.055218890
v -0.232245052 0.138657057 -0.040267132
v -0.247102734 0.118723611 -0.023372996
v -0.261067671 0.096458404 -0.009164864
v -0.266844581 0.068113379 0.000500787
v -0.265583847 0.038057143 -0.002403602
v -0.269594432 0.015668085 -0.022009837
v -0.280341045 -0.003222350 -0.038466042
v -0.273096808 -0.030872976 -0.045014022
v -0.263731118 -0.058535048 -0.037094134
v -0.260786141 -0.084850089 -0.022910601
v -0.255752607 -0.109646160 -0.006911672
v -0.237063560 -0.125826085 0.009448063
v -0.233699446 -0.149815067 0.026410825
v -0.221273528 -0.169633353 0.045007691
v -0.203762638 -0.183120282 0.064284297
v -0.199243781 -0.207349762 0.079613693
v -0.180831642 -0.217410187 0.099452468
v -0.168807076 -0.237640397 0.117643989
v -0.158662836 -0.260348445 0.132662336
v -0.139993642 -0.267771433 0.153793316
v -0.129886426 -0.291657224 0.165363731
v -0.113097745 -0.310497830 0.182448904
v -0.094900529 -0.316337940 0.203775213
v -0.080924051 -0.339247039 0.212930391
v -0.062253642 -0.358403277 0.226692580
v -0.044063836 -0.362940460 0.248499893
v -0.024524201 -0.381962452 0.259963808
v -0.005669377 -0.402851357 0.264584469
v 0.014703662 -0.412084863 0.282518267
v 0.035852607 -0.422362513 0.299420976
v 0.057683448 -0.440475500 0.301986560
v 0.081363247 -0.456953833 0.304963137
v 0.104692237 -0.466411668 0.319370951
v 0.126465504 -0.473436844 0.336296164
v 0.153554097 -0.486105361 0.343012232
v 0.177423321 -0.500108662 0.330873685
v 0.206204051 -0.510031938 0.335598935
v 0.229739123 -0.515353339 0.351870914
v 0.256443608 -0.522137775 0.362090768
v 0.286166068 -0.529668123 0.363448647
v 0.310743914 -0.535178181 0.346223285
v 0.340596899 -0.539317340 0.342646671
v 0.371182022 -0.542195961 0.342486886
v 0.397536127 -0.545307457 0.357969071
v 0.427406373 -0.546927751 0.360916486
v 0.457991647 -0.546573720 0.357240584
v 0.483196963 -0.542557856 0.341795668
v 0.506001273 -0.535802863 0.322997978
v 0.535546279 -0.529915881 0.316570646
v 0.564704512 -0.522498496 0.310068635
v 0.594259575 -0.519021327 0.316632732
v 0.623746966 -0.514133644 0.321519764
v 0.651176735 -0.502609243 0.313599822
v 0.677601144 -0.489090148 0.305355921
v 0.702897253 -0.473519816 0.297197271
v 0.726846846 -0.455773881 0.289437777
v 0.749134157 -0.435683585 0.282504869
v 0.769275946 -0.413058260 0.276997013
v 0.786434080 -0.387714892 0.273797607
v 0.799330621 -0.359807276 0.274005337
v 0.806279064 -0.330241730 0.278597152
v 0.803688124 -0.300954409 0.283485341
v 0.787016148 -0.278059424 0.272135851
v 0.777250384 -0.251089470 0.281849728
v 0.765726855 -0.225193899 0.293911502
v 0.759269978 -0.203906049 0.311994545
v 0.758387371 -0.187236752 0.335020420
v 0.748618685 -0.158809279 0.341557985
v 0.744871704 -0.128500834 0.345020460
v 0.747607372 -0.097872993 0.345681923
v 0.755075349 -0.068039608 0.344214480
v 0.765255241 -0.039125835 0.341180256
v 0.776827142 -0.010901681 0.336861312
v 0.788975099 0.016880419 0.331398896
v 0.801192324 0.044399224 0.324861990
v 0.813141491 0.071769362 0.317288015
v 0.824580413 0.099056761 0.308696760
v 0.834686303 0.126115893 0.298272377
v 0.832777849 0.147019597 0.276241658
v 0.832036684 0.169725198 0.256384884
v 0.839228492 0.197144656 0.244315891
v 0.845252676 0.224434160 0.231347324
v 0.850063051 0.251549580 0.217535053
v 0.853584262 0.278435140 0.202908642
v 0.855770739 0.305032646 0.187515716
v 0.856570501 0.331276712 0.171398884
v 0.866491599 0.358145505 0.162567151
v 0.881365810 0.384518283 0.157455932
v 0.881334215 0.409874133 0.140425595
v 0.877774195 0.433994734 0.121592295
v 0.872595617 0.457353346 0.102251782
v 0.852621395 0.467672870 0.082295454
v 0.831350865 0.477276297 0.063081005
v 0.821856184 0.499083724 0.043530606
v 0.811032301 0.520092000 0.023766539
v 0.798779778 0.540146405 0.003846775
v 0.785124659 0.559185894 -0.016156265
v 0.770099110 0.577152380 -0.036169162
v 0.753741194 0.593991106 -0.056117868
v 0.744969629 0.613767343 -0.075867001
v 0.749471008 0.637389047 -0.094590663
v 0.733257278 0.652320134 -0.115076887
v 0.712793835 0.664126132 -0.134850375
v 0.691183684 0.674541116 -0.154135736
v 0.662255173 0.671452004 -0.161799771
v 0.632986819 0.667820372 -0.168380823
v 0.608886540 0.675697857 -0.185880499
v 0.583931949 0.682165513 -0.202748304
v 0.571952116 0.695983628 -0.225730243
v 0.559126300 0.708121445 -0.248915317
v 0.532367602 0.709892847 -0.264078550
v 0.505076831 0.710281482 -0.278367481
v 0.477218173 0.703325599 -0.280211219
v 0.449811515 0.693013494 -0.275091402
v 0.421438125 0.690916122 -0.286909108
v 0.392792933 0.687403987 -0.297689455
v 0.374581554 0.690597547 -0.320656390
v 0.352015661 0.688875462 -0.338228665
v 0.323277947 0.680758087 -0.345802933
v 0.294965220 0.670828514 -0.348836269
v 0.272714921 0.658692988 -0.332079883
v 0.244251280 0.648189942 -0.335527021
v 0.216705388 0.637485414 -0.342203966
v 0.197638018 0.630509605 -0.364599295
v 0.170372882 0.616381539 -0.365824226
v 0.144001951 0.601621502 -0.363278056
v 0.124760365 0.591229654 -0.342630433
v 0.098384029 0.575393487 -0.340997339
v 0.074882247 0.559010721 -0.345925801
v 0.054143146 0.541726467 -0.354699337
v 0.030238904 0.523172108 -0.348910745
v 0.012490320 0.514141547 -0.327386969
v -0.010427774 0.495665164 -0.319281324
v -0.029124239 0.474380850 -0.322650356
v -0.048390570 0.452883034 -0.319273300
v -0.067750587 0.436992899 -0.303918334
v -0.086336901 0.423535584 -0.286291618
v -0.103399350 0.399932662 -0.281134615
v -0.118602303 0.375435993 -0.275794917
v -0.136386453 0.361523065 -0.257136343
v -0.154019040 0.344014983 -0.240807848
v -0.164623886 0.316528486 -0.236642345
v -0.179682152 0.293696775 -0.222899224
v -0.198831148 0.281625780 -0.203050009
v -0.213787838 0.257843011 -0.190649867
v -0.221782250 0.229102130 -0.185652571
v -0.238434964 0.204588311 -0.177451733
v -0.258175174 0.181593474 -0.180068760
v -0.279442091 0.166801491 -0.196385582
v -0.300676007 0.154199767 -0.214737065
v -0.319034655 0.132247003 -0.224655494
v -0.327550421 0.103037428 -0.222080628
v -0.337737252 0.078668172 -0.206901424
v -0.335244316 0.050449915 -0.195018774
v -0.320761553 0.025269084 -0.188552689
v -0.312241544 0.000098762 -0.173268479
v -0.313660468 -0.021902693 -0.153441388
v -0.303110249 -0.045294677 -0.136394489
v -0.290242390 -0.066970757 -0.119249363
v -0.270984627 -0.083695580 -0.104866163
v -0.269208367 -0.104732087 -0.084882031
v -0.255833649 -0.124369017 -0.065265840
v -0.238661305 -0.139601488 -0.047197486
v -0.221300416 -0.153558544 -0.028268469
v -0.216678463 -0.174697096 -0.009633489
v -0.196258078 -0.183037985 0.008578751
v -0.189235292 -0.204063506 0.026590775
v -0.172820481 -0.218479741 0.046651390
v -0.154017094 -0.227077035 0.066621346
v -0.144832513 -0.249172421 0.082270863
v -0.125144084 -0.253729763 0.102489181
v -0.111309899 -0.273117035 0.118861372
v -0.094821963 -0.291024076 0.135481208
v -0.075335688 -0.293813565 0.156272268
v -0.059816490 -0.315792163 0.167274489
v -0.038531522 -0.328590490 0.184934816
v -0.018974691 -0.330835297 0.205425127
v 0.000682415 -0.350359246 0.213385369
v 0.024527075 -0.363223250 0.227216282
v 0.045100302 -0.362975523 0.248674549
v 0.070537863 -0.374002361 0.261405887
v 0.095426736 -0.389567010 0.263083640
v 0.122381138 -0.395022696 0.276087452
v 0.144726761 -0.392671175 0.295565844
v 0.173761275 -0.396672481 0.304865678
v 0.202928176 -0.404381964 0.299559789
v 0.233019227 -0.402238008 0.305332887
v 0.262611097 -0.395304697 0.310122259
v 0.287266951 -0.380276800 0.319455716
v 0.305587664 -0.357265875 0.326981417
v 0.316624529 -0.329627925 0.320165100
v 0.320289716 -0.305303434 0.305839087
v 0.325160065 -0.286415689 0.286994380
v 0.331111741 -0.257794558 0.277765156
v 0.342375274 -0.229650706 0.281213621
v 0.358141635 -0.205189971 0.290974182
v 0.379868639 -0.184645427 0.298354001
v 0.402866415 -0.165632860 0.305253996
v 0.429234683 -0.151002024 0.300376500
v 0.451412459 -0.131010970 0.307930153
v 0.465573769 -0.111965496 0.325746058
v 0.484560916 -0.092048661 0.337645061
v 0.506209917 -0.071257113 0.344596050
v 0.527497564 -0.049833284 0.350688295
v 0.548382521 -0.027768787 0.355681066
v 0.568123026 -0.009171342 0.342193049
v 0.587453511 0.014168130 0.341397935
v 0.605380394 0.038030517 0.346396676
v 0.619433227 0.057884298 0.364783355
v 0.637338066 0.082809060 0.365769148
v 0.653597517 0.107443798 0.360596264
v 0.663462646 0.127080430 0.339538710
v 0.677913578 0.153793033 0.335001480
v 0.691992338 0.180687321 0.333017068
v 0.707167046 0.202206642 0.348910723
v 0.720385919 0.229374245 0.344961609
v 0.731945861 0.256897806 0.337349080
v 0.736364116 0.279077275 0.319786517
v 0.735326079 0.297509534 0.296815390
v 0.742446103 0.325471757 0.286020597
v 0.749205126 0.353545451 0.275889384
v 0.763908365 0.379566903 0.282232139
v 0.772849697 0.407073591 0.276681579
v 0.776029050 0.434117564 0.262272738
v 0.777803684 0.460793640 0.246964888
v 0.766696107 0.474182364 0.223294241
v 0.755220187 0.488640345 0.200607790
v 0.752184425 0.514091952 0.183516918
v 0.747653996 0.538850010 0.165750951
v 0.741631916 0.562832583 0.147374962
v 0.734144099 0.585970099 0.128462797
v 0.725206849 0.608188378 0.109083876
v 0.716573779 0.630437316 0.090182429
v 0.724290826 0.658484395 0.081278060
v 0.722392240 0.682825843 0.065816123
v 0.709283102 0.701014927 0.044687068
v 0.694900556 0.718034086 0.023413209
v 0.674958395 0.726462461 0.003786984
v 0.648370050 0.719374462 -0.009788488
v 0.628152373 0.729956462 -0.029563658
v 0.609075363 0.742855567 -0.050028174
v 0.589457084 0.754835652 -0.070339457
v 0.586497142 0.777967083 -0.089699026
v 0.576864130 0.795910948 -0.110240816
v 0.554625765 0.803075960 -0.130320632
v 0.531572542 0.808795002 -0.149939963
v 0.504907179 0.800227443 -0.158098958
v 0.477758551 0.789414036 -0.163666303
v 0.452675902 0.792233733 -0.181329746
v 0.427013280 0.793554965 -0.198323054
v 0.406215093 0.799502149 -0.218650967
v 0.394084063 0.812386458 -0.243740011
v 0.368879595 0.810851944 -0.260704189
v 0.342039517 0.805865151 -0.274982195
v 0.315112635 0.795771689 -0.281756206
v 0.290542551 0.778838460 -0.274527812
v 0.262893784 0.769975634 -0.284028528
v 0.235389448 0.761171882 -0.294758147
v 0.212773858 0.757692105 -0.313986927
v 0.192094982 0.754531218 -0.335737384
v 0.165365873 0.741514372 -0.343625479
v 0.138860474 0.727059172 -0.349151853
v 0.116781571 0.710301819 -0.336674187
v 0.091839366 0.694214643 -0.333826160
v 0.065764057 0.678275208 -0.337724797
v 0.043843432 0.665445119 -0.353212649
v 0.021868119 0.650263168 -0.365492707
v -0.002432225 0.631326432 -0.365858041
v -0.024492256 0.613762169 -0.355684955
v -0.045811587 0.597047581 -0.342316203
v -0.069444598 0.577342287 -0.340742211
v -0.091212566 0.557269883 -0.345559916
v -0.110602985 0.536599942 -0.355555361
v -0.133114191 0.515943104 -0.351566674
v -0.155995552 0.495713006 -0.347505991
v -0.179899420 0.476610231 -0.343962770
v -0.205888447 0.460251111 -0.342021540
v -0.234862291 0.450284579 -0.343386498
v -0.260936837 0.453798343 -0.330755879
v -0.290859531 0.458868412 -0.334071450
v -0.318096571 0.464098121 -0.343691364
v -0.339664419 0.465108082 -0.361208183
v -0.370049097 0.461830643 -0.363411016
v -0.396980953 0.447307122 -0.364086948
v -0.417403217 0.424386036 -0.363798104
v -0.431785730 0.397215463 -0.362781646
v -0.441406138 0.368026074 -0.361009906
v -0.447276799 0.337908682 -0.358396760
v -0.450096037 0.307442190 -0.354863531
v -0.450338662 0.276973684 -0.350345682
v -0.452101958 0.251968569 -0.333802580
v -0.450966890 0.224296306 -0.322272421
v -0.445673642 0.194609272 -0.317103898
v -0.433977228 0.168103573 -0.324634069
v -0.425792618 0.139973380 -0.315106318
v -0.416325681 0.112644703 -0.304493768
v -0.405721488 0.086181606 -0.292815496
v -0.405264196 0.066423596 -0.270818022
v -0.392974770 0.041081506 -0.258474616
v -0.372762509 0.020012903 -0.256563961
v -0.363673493 -0.001726799 -0.238673038
v -0.356847224 -0.022302633 -0.219418739
v -0.335213477 -0.039648109 -0.212780106
v -0.321137917 -0.059760974 -0.195144574
v -0.316325118 -0.078603906 -0.174587607
v -0.293186664 -0.092072819 -0.164445437
v -0.280202684 -0.110406902 -0.144568933
v -0.272540986 -0.128965988 -0.124317623
v -0.255859625 -0.146053468 -0.104848012
v -0.232840283 -0.154751691 -0.090270078
v -0.222873143 -0.172730849 -0.070047384
v -0.208404039 -0.189035352 -0.050073219
v -0.186255183 -0.195142635 -0.033068518
v -0.177234219 -0.214823771 -0.014394967
v -0.155309528 -0.219699399 0.003775509
v -0.139556840 -0.235266595 0.023140499
v -0.123718518 -0.251955335 0.041305790
v -0.101689523 -0.253627052 0.060208815
v -0.086082194 -0.273364961 0.075461274
v -0.063541855 -0.279762999 0.094039534
v -0.040514348 -0.283105263 0.112499413
v -0.019067630 -0.300670827 0.123703175
v 0.007325185 -0.305302339 0.138330638
v 0.033141325 -0.299807485 0.152659059
v 0.063221523 -0.297131375 0.157254794
v 0.088850061 -0.285367339 0.146506952
v 0.106099182 -0.270506155 0.125790936
v 0.127386780 -0.255275077 0.110327141
v 0.154140202 -0.240777396 0.112187227
v 0.182791060 -0.235379965 0.119359476
v 0.207572423 -0.223244105 0.132542135
v 0.221160975 -0.204047092 0.151072931
v 0.243257383 -0.190528954 0.167756121
v 0.264862970 -0.176502459 0.184661667
v 0.292208748 -0.168765107 0.192715782
v 0.310942872 -0.152398932 0.209724281
v 0.322295068 -0.134974233 0.229774131
v 0.348109149 -0.122912114 0.236488231
v 0.370068847 -0.105903262 0.248668060
v 0.377904014 -0.088007851 0.270713409
v 0.398456568 -0.069279898 0.283680077
v 0.423421301 -0.053772368 0.282635474
v 0.441089997 -0.032915907 0.295672187
v 0.449625375 -0.015034450 0.316082604
v 0.468815641 0.006919261 0.325287462
v 0.489965359 0.025347785 0.317208644
v 0.507488250 0.049621814 0.324482023
v 0.515533710 0.068141049 0.345414485
v 0.531491093 0.092705294 0.353418088
v 0.547762910 0.117147203 0.352697546
v 0.562144886 0.138968961 0.340445797
v 0.576091845 0.166371951 0.342367336
v 0.585284745 0.186965712 0.361130089
v 0.597687326 0.213710739 0.365863340
v 0.609815766 0.242023230 0.365202257
v 0.616090696 0.262505182 0.344894251
v 0.624197310 0.289849808 0.336451632
v 0.632238111 0.319229425 0.331835015
v 0.641653701 0.344576979 0.342292137
v 0.650295338 0.371442268 0.347390832
v 0.656101743 0.400819337 0.340153558
v 0.659173449 0.428425989 0.328604287
v 0.652679966 0.442583706 0.302380391
v 0.652800583 0.470300228 0.289966997
v 0.652535806 0.498926658 0.278583987
v 0.650869093 0.527114506 0.266264912
v 0.647771107 0.554768913 0.253046076
v 0.643260254 0.581811551 0.238994545
v 0.638216254 0.608738848 0.225277432
v 0.643858988 0.638611319 0.226150550
v 0.643807767 0.667182605 0.219061980
v 0.635341047 0.691512880 0.202165944
v 0.625558096 0.714922507 0.184689363
v 0.607735451 0.724635249 0.162466307
v 0.587220410 0.729270128 0.140221764
v 0.572200510 0.748371347 0.121474787
v 0.556890595 0.767736172 0.103043776
v 0.544799864 0.790121147 0.086936025
v 0.542697799 0.819204790 0.077079175
v 0.531044742 0.841330146 0.060768587
v 0.512380309 0.856043659 0.041165289
v 0.492724609 0.869446154 0.021590508
v 0.468491054 0.870355781 0.003712098
v 0.442610268 0.862953856 -0.011217575
v 0.418254018 0.867525541 -0.028696777
v 0.394853027 0.876231915 -0.046744638
v 0.371239689 0.884667352 -0.064578488
v 0.355256400 0.903381585 -0.082864572
v 0.339567668 0.921890538 -0.101609604
v 0.315377185 0.927920742 -0.119141870
v 0.289286234 0.930077046 -0.135383819
v 0.262556797 0.930632456 -0.150615850
v 0.235113817 0.920282692 -0.158649716
v 0.208318491 0.905586401 -0.162405295
v 0.179890019 0.900312929 -0.171915594
v 0.151162506 0.898821511 -0.182945823
v 0.121922383 0.896970070 -0.192468867
v 0.092139930 0.895145991 -0.200125250
v 0.061816924 0.893897713 -0.205373455
v 0.031095158 0.893982520 -0.207382989
v 0.000511505 0.896318825 -0.204987482
v -0.028810423 0.901437597 -0.197275319
v -0.055694136 0.908870847 -0.184305299
v -0.079961456 0.917238036 -0.167306189
v -0.102531016 0.925103399 -0.147874507
v -0.124733739 0.931399782 -0.127470317
v -0.147921878 0.935347842 -0.107598043
v -0.173192523 0.936377262 -0.090072611
v -0.201182999 0.935634034 -0.077379826
v -0.231295984 0.935243588 -0.071206671
v -0.262061975 0.934983013 -0.071129761
v -0.292465758 0.933652475 -0.075760102
v -0.321929701 0.929767060 -0.083790772
v -0.349868919 0.922022513 -0.094117887
v -0.375680321 0.909892547 -0.105681023
v -0.399683353 0.895206379 -0.118217296
v -0.422335875 0.879286635 -0.131725506
v -0.443698047 0.862191168 -0.145884734
v -0.459824496 0.839179801 -0.156759295
v -0.467557918 0.809622871 -0.160567418
v -0.480511315 0.783840556 -0.169658228
v -0.497675548 0.762715685 -0.184088382
v -0.513465809 0.740480206 -0.198418905
v -0.530342754 0.722696203 -0.216041244
v -0.549122145 0.715101758 -0.239237206
v -0.562879657 0.695202741 -0.257024433
v -0.572592004 0.669150339 -0.270293122
v -0.580909272 0.642330957 -0.282968133
v -0.587796627 0.614802149 -0.294961811
v -0.593275585 0.586652100 -0.306216135
v -0.597335225 0.557954414 -0.316660495
v -0.598485958 0.528351461 -0.322220008
v -0.593448719 0.499858058 -0.311852861
v -0.592997932 0.469900405 -0.315215559
v -0.592896634 0.439956987 -0.322460471
v -0.595035783 0.417326192 -0.341254467
v -0.594593837 0.393054281 -0.357315775
v -0.589706392 0.362884393 -0.361190658
v -0.583415623 0.334317427 -0.358043418
v -0.576813440 0.310982963 -0.341352475
v -0.569577677 0.281070593 -0.342769397
v -0.561465275 0.252957088 -0.348502860
v -0.552550911 0.229333050 -0.364099730
v -0.541257436 0.200794800 -0.361424127
v -0.533592764 0.178481513 -0.345394757
v -0.523592018 0.153406891 -0.334606765
v -0.510102639 0.126286339 -0.331154998
v -0.493857611 0.104794848 -0.342265699
v -0.478613936 0.079280774 -0.334152146
v -0.472737490 0.060510858 -0.313028397
v -0.457688673 0.036286689 -0.302324315
v -0.437462792 0.016282369 -0.304340327
v -0.418790967 -0.005355652 -0.295806950
v -0.413131159 -0.023383737 -0.274042339
v -0.395669181 -0.044731043 -0.260633059
v -0.371222956 -0.059995173 -0.259320693
v -0.353503396 -0.079090975 -0.243293633
v -0.346570345 -0.096881094 -0.222169550
v -0.323248287 -0.110710019 -0.213179502
v -0.301979920 -0.125630313 -0.198926572
v -0.294386804 -0.143870801 -0.177459887
v -0.274664545 -0.159741695 -0.159896949
v -0.253963743 -0.174165593 -0.142551357
v -0.229018760 -0.181299205 -0.129880709
v -0.218500935 -0.199947636 -0.109610520
v -0.194786090 -0.208348929 -0.093929039
v -0.171581973 -0.217007037 -0.077122339
v -0.157325139 -0.235645640 -0.059174000
v -0.131768001 -0.239536908 -0.044960505
v -0.106222035 -0.247732591 -0.030579978
v -0.080286618 -0.260835065 -0.020872763
v -0.053412907 -0.273898567 -0.024854807
v -0.030940548 -0.278390931 -0.044712003
v -0.010283684 -0.273556014 -0.063115991
v 0.019620871 -0.273743630 -0.066975652
v 0.048175765 -0.268450510 -0.057043413
v 0.073809426 -0.260425603 -0.042002563
v 0.098016489 -0.254513396 -0.024907502
v 0.121714125 -0.250250790 -0.007586524
v 0.136443491 -0.231124092 0.009724109
v 0.156714278 -0.219209708 0.029634559
v 0.179159563 -0.212612813 0.047534395
v 0.199667371 -0.201657533 0.066145773
v 0.209836619 -0.183129131 0.085973617
v 0.233728919 -0.177065929 0.100429371
v 0.243768557 -0.159388105 0.120357168
v 0.259590762 -0.143445136 0.140290532
v 0.283758116 -0.133983374 0.152184671
v 0.289675103 -0.115602118 0.173259753
v 0.308316906 -0.098944532 0.190684356
v 0.331585726 -0.085521668 0.199872475
v 0.336236269 -0.067223376 0.221442983
v 0.353604293 -0.047733031 0.237481452
v 0.376625063 -0.031292538 0.241821441
v 0.387107642 -0.010943313 0.259625715
v 0.396178768 0.009220740 0.278006650
v 0.415631600 0.029548908 0.281342433
v 0.432228985 0.052903433 0.288385088
v 0.437436638 0.073207326 0.308533858
v 0.449022236 0.097768842 0.321523041
v 0.464209342 0.121793927 0.321126127
v 0.477647390 0.147349476 0.320855811
v 0.487025625 0.174505628 0.330203477
v 0.490649742 0.195870613 0.350226230
v 0.499877835 0.224767893 0.355603464
v 0.509071724 0.250914487 0.345134889
v 0.515777991 0.279751856 0.341312863
v 0.520506393 0.309970620 0.343969116
v 0.522992917 0.333709119 0.363206538
v 0.526015506 0.363873921 0.365822903
v 0.527662706 0.394626604 0.365025622
v 0.527729287 0.425382359 0.363248288
v 0.526138939 0.456029452 0.360549260
v 0.522837131 0.486453734 0.357012296
v 0.515915848 0.511056841 0.341008762
v 0.506455511 0.533988907 0.323471139
v 0.496862708 0.562680155 0.317706191
v 0.485210004 0.590574440 0.311788682
v 0.471293427 0.617392731 0.305798167
v 0.454966631 0.642865520 0.300038058
v 0.435949663 0.666543327 0.294939721
v 0.413985375 0.687765431 0.291105752
v 0.388843603 0.705401982 0.289388458
v 0.360710590 0.717669060 0.290813510
v 0.330842235 0.722553098 0.295974754
v 0.308382921 0.725372668 0.312451221
v 0.291072067 0.726643888 0.334313704
v 0.263981303 0.714714426 0.342815134
v 0.237290371 0.701183730 0.350139655
v 0.217592663 0.687056477 0.332244981
v 0.189502647 0.677610284 0.333018138
v 0.158964112 0.675112503 0.335343930
v 0.128544161 0.679631509 0.335746001
v 0.099219072 0.688965717 0.334794129
v 0.070921279 0.700971200 0.332785267
v 0.043293530 0.714281408 0.329824689
v 0.016035406 0.728104967 0.325926335
v -0.011058615 0.741952261 0.321082492
v -0.038114559 0.755502371 0.315281185
v -0.065077722 0.769177905 0.310088849
v -0.088547768 0.787169550 0.318345939
v -0.113777414 0.803528412 0.319967921
v -0.140648313 0.815369596 0.310642898
v -0.167303478 0.825404060 0.299215396
v -0.187408994 0.823284888 0.276249553
v -0.210001469 0.822978244 0.256223067
v -0.237207849 0.829718750 0.243434194
v -0.264276181 0.835158790 0.229764148
v -0.290905379 0.847931348 0.225049557
v -0.316618923 0.864419571 0.224570575
v -0.343057121 0.868612237 0.209729197
v -0.368815557 0.870060486 0.192890836
v -0.394156709 0.870098817 0.175371063
v -0.419012573 0.868705887 0.157222715
v -0.443314960 0.865867079 0.138502371
v -0.466996101 0.861574345 0.119269877
v -0.488679469 0.854050529 0.099217431
v -0.495769453 0.832065521 0.079498361
v -0.507979340 0.813450917 0.059784577
v -0.529231349 0.803285013 0.039932893
v -0.549536574 0.791673958 0.019883743
v -0.574402446 0.793175244 0.003309195
v -0.599573540 0.797895098 -0.012791765
v -0.617506438 0.784573042 -0.033610978
v -0.633449979 0.768483799 -0.054492296
v -0.647804263 0.750805234 -0.075021946
v -0.644839455 0.722581392 -0.085200265
v -0.646404354 0.696278069 -0.097721185
v -0.658700176 0.675753018 -0.117128097
v -0.669655957 0.654137187 -0.136150253
v -0.685820780 0.642525185 -0.157371478
v -0.705012934 0.638421323 -0.180312998
v -0.712217869 0.615309224 -0.198891882
v -0.717341734 0.590492160 -0.216412107
v -0.718714761 0.563875867 -0.230374507
v -0.706927996 0.535940654 -0.226343029
v -0.705591038 0.508088406 -0.236778014
v -0.706684628 0.480916660 -0.251255925
v -0.708107577 0.455093825 -0.267029657
v -0.718548024 0.443976076 -0.293594848
v -0.717193267 0.418205804 -0.308873300
v -0.712112632 0.389851632 -0.319797580
v -0.702118144 0.362980747 -0.317993170
v -0.690320089 0.337369107 -0.309902909
v -0.682927578 0.308634438 -0.318195350
v -0.674676127 0.280366623 -0.326432163
v -0.673224687 0.262846476 -0.351252193
v -0.662599271 0.235830603 -0.359266407
v -0.649754192 0.208038045 -0.362692155
v -0.637333178 0.185685844 -0.349350431
v -0.624158771 0.160903731 -0.342254362
v -0.609505922 0.133814614 -0.343041859
v -0.596633014 0.113009668 -0.358675415
v -0.580367973 0.089086783 -0.362840642
v -0.563480651 0.064704166 -0.356889905
v -0.553136005 0.046357419 -0.336608454
v -0.534783231 0.022027032 -0.332093475
v -0.514877094 0.001906276 -0.338939858
v -0.494112437 -0.018914208 -0.338162032
v -0.477393747 -0.039390400 -0.324959883
v -0.464644118 -0.058210177 -0.307056822
v -0.443352789 -0.078667061 -0.298873891
v -0.418255964 -0.093214955 -0.302623782
v -0.396688865 -0.111785305 -0.290822172
v -0.374883762 -0.129607326 -0.278323735
v -0.356676681 -0.147220819 -0.262494938
v -0.342646781 -0.165066845 -0.244224285
v -0.317103676 -0.178116621 -0.237050033
v -0.291609820 -0.190722599 -0.228561126
v -0.274214416 -0.209068750 -0.212327760
v -0.254910392 -0.227791116 -0.199067517
v -0.230998045 -0.246086123 -0.192829982
v -0.209808779 -0.267680058 -0.196582487
v -0.196852285 -0.290994463 -0.211719893
v -0.185641554 -0.314412414 -0.228226027
v -0.165385607 -0.335090314 -0.237478600
v -0.137003045 -0.346338395 -0.236354455
v -0.106991500 -0.341086915 -0.237675119
v -0.078147728 -0.338664000 -0.227460315
v -0.054342450 -0.341727239 -0.209954911
v -0.028623538 -0.337507867 -0.194583579
v -0.005706198 -0.319833957 -0.187370596
v 0.018080095 -0.309896157 -0.170503445
v 0.040680199 -0.298893685 -0.152690155
v 0.061804242 -0.298321695 -0.132116334
v 0.079598970 -0.280210852 -0.117450807
v 0.097957725 -0.265019243 -0.099317033
v 0.118588564 -0.261884840 -0.079285583
v 0.130582333 -0.240658111 -0.063417415
v 0.151218036 -0.235741969 -0.043636657
v 0.165564502 -0.219013569 -0.024677770
v 0.177752700 -0.200973823 -0.005286754
v 0.198945786 -0.194802644 0.012867745
v 0.205662741 -0.174389237 0.031752687
v 0.226988225 -0.165602260 0.049362296
v 0.238572953 -0.147757693 0.069235004
v 0.247793802 -0.129086317 0.089581591
v 0.270004301 -0.117559107 0.104458838
v 0.273239868 -0.097836005 0.124853588
v 0.290248389 -0.080452211 0.142196931
v 0.309291493 -0.063413301 0.156014832
v 0.310973937 -0.043366950 0.177097715
v 0.328628583 -0.023650282 0.189981183
v 0.344395975 -0.001851007 0.202584611
v 0.344254307 0.018759459 0.223887890
v 0.354656588 0.043377348 0.239212615
v 0.363823971 0.069081878 0.253504866
v 0.376446568 0.095019821 0.259550655
v 0.385541597 0.122635746 0.265967238
v 0.385655042 0.148978745 0.280079239
v 0.381497963 0.173649043 0.296051382
v 0.379098647 0.203350666 0.303758453
v 0.372988436 0.233278580 0.305792042
v 0.362096394 0.261018296 0.298698874
v 0.339268613 0.279476038 0.290987140
v 0.311435716 0.286290856 0.279989956
v 0.284751088 0.282103210 0.281831563
v 0.257410694 0.288661912 0.269571207
v 0.235135168 0.307470978 0.261543960
v 0.217272357 0.331968887 0.259396779
v 0.197382977 0.354301216 0.266776918
v 0.177668757 0.372800687 0.279756531
v 0.158348730 0.388518320 0.296332910
v 0.140306542 0.411700327 0.304913080
v 0.125794555 0.438135654 0.300658952
v 0.105822539 0.460081214 0.308930238
v 0.085201763 0.481653662 0.316591536
v 0.063897218 0.502835569 0.323425420
v 0.044446483 0.517420344 0.339995856
v 0.023747000 0.534651881 0.352230741
v 0.001476828 0.555160508 0.354777944
v -0.017027072 0.573585601 0.339759213
v -0.041500105 0.592173730 0.341935617
v -0.063689218 0.607700757 0.351799522
v -0.084190834 0.621749948 0.365801213
v -0.109724441 0.638988312 0.365591374
v -0.133274717 0.653087259 0.355513146
v -0.154741545 0.663235275 0.337794250
v -0.182020831 0.676941102 0.333655266
v -0.207308868 0.690594003 0.337556340
v -0.229766484 0.704744596 0.349824738
v -0.257418500 0.716505690 0.343030328
v -0.285197639 0.727051354 0.334992627
v -0.301848059 0.725262249 0.309892077
v -0.326147608 0.728675543 0.293814478
v -0.354226945 0.734690027 0.282656572
v -0.382369985 0.741739644 0.274713986
v -0.407264067 0.756868780 0.283980512
v -0.434914199 0.762117986 0.273182690
v -0.461920948 0.764262583 0.258515399
v -0.486451091 0.762819936 0.241093179
v -0.494519302 0.747698879 0.215838667
v -0.515685236 0.740839777 0.196200426
v -0.540851857 0.736743250 0.178909605
v -0.567093835 0.735410763 0.164537800
v -0.595237527 0.747848999 0.163448637
v -0.620164540 0.744696517 0.147110367
v -0.642248895 0.736402559 0.127296410
v -0.663363347 0.726731571 0.107054548
v -0.668299803 0.706326596 0.086612426
v -0.670499505 0.683782706 0.067085460
v -0.689074390 0.669976010 0.046752236
v -0.706432772 0.654876184 0.026264030
v -0.726313055 0.643685594 0.007016928
v -0.753669605 0.648374296 -0.006357094
v -0.771011513 0.635251381 -0.026761485
v -0.783297868 0.616528406 -0.047917301
v -0.794210718 0.596776986 -0.068890197
v -0.790613434 0.571444308 -0.082531116
v -0.781112531 0.544323612 -0.092069130
v -0.788754585 0.521726821 -0.111461923
v -0.795182309 0.498424050 -0.130561469
v -0.804605645 0.478602217 -0.150767427
v -0.824775300 0.473387800 -0.173344054
v -0.830021616 0.451492671 -0.193140019
v -0.830300489 0.426146122 -0.210650972
v -0.828674263 0.400242072 -0.226929047
v -0.812657833 0.374699806 -0.225211509
v -0.802564395 0.348156050 -0.231031080
v -0.798717782 0.321210963 -0.245463066
v -0.793864219 0.294286160 -0.259454924
v -0.799724150 0.277269558 -0.283835080
v -0.798565058 0.255581709 -0.303492925
v -0.788694204 0.228533300 -0.314452304
v -0.776669116 0.201576737 -0.322107244
v -0.759097811 0.178482946 -0.312004234
v -0.744742270 0.152210778 -0.313674072
v -0.731647870 0.125298089 -0.320982659
v -0.717502493 0.098649900 -0.327225577
v -0.702369039 0.072315964 -0.332393027
v -0.686342656 0.046327734 -0.336513218
v -0.671082487 0.021891788 -0.345280552
v -0.658128707 0.001483611 -0.364039780
v -0.639435307 -0.022827085 -0.365824403
v -0.620229101 -0.046812306 -0.364770551
v -0.604607510 -0.067079203 -0.347848916
v -0.586393970 -0.090412833 -0.341914998
v -0.567313050 -0.114558630 -0.340412409
v -0.548619998 -0.138981789 -0.338567894
v -0.531009438 -0.164193556 -0.336756142
v -0.515875050 -0.190977874 -0.335593699
v -0.506075196 -0.220093974 -0.335964440
v -0.503623967 -0.247346713 -0.344722374
v -0.506243293 -0.270269867 -0.360869483
v -0.515615665 -0.299460344 -0.363895958
v -0.522813757 -0.322649374 -0.350563342
v -0.525888949 -0.350134763 -0.342890364
v -0.520178495 -0.380237816 -0.342276319
v -0.504430466 -0.406551436 -0.342020071
v -0.481856951 -0.427408559 -0.342292334
v -0.455490405 -0.443268716 -0.342754126
v -0.427035810 -0.455024719 -0.343041500
v -0.397397022 -0.463389006 -0.342883395
v -0.367095094 -0.468853340 -0.342082969
v -0.336472779 -0.471784527 -0.340499186
v -0.308064964 -0.470893912 -0.349061288
v -0.279255565 -0.467676800 -0.354770824
v -0.249078508 -0.464071135 -0.349735077
v -0.225532510 -0.463835433 -0.330941355
v -0.197429515 -0.459330557 -0.320896370
v -0.168387685 -0.452011311 -0.313679574
v -0.140019928 -0.443338315 -0.305364009
v -0.113332918 -0.430826785 -0.302390748
v -0.088280203 -0.415851854 -0.300286976
v -0.065165170 -0.408408429 -0.283815725
v -0.043263260 -0.402148108 -0.265878391
v -0.021390535 -0.384487967 -0.260673217
v 0.000235710 -0.367589286 -0.250626535
v 0.019014604 -0.365303787 -0.228976451
v 0.040775690 -0.350006909 -0.213580099
v 0.056693216 -0.327338776 -0.206647133
v 0.075492375 -0.321241527 -0.186157784
v 0.094805508 -0.307604849 -0.167527387
v 0.107058279 -0.284074157 -0.156820968
v 0.125924754 -0.279140246 -0.135822788
v 0.140609912 -0.259851697 -0.118733381
v 0.151838518 -0.238774191 -0.102660432
v 0.170938088 -0.232100692 -0.082460997
v 0.177744780 -0.209102317 -0.066931421
v 0.195164970 -0.196978242 -0.046709939
v 0.211595389 -0.182225229 -0.026822893
v 0.215611649 -0.159822861 -0.009461055
v 0.235374493 -0.148498640 0.008599779
v 0.248062494 -0.128489818 0.028296310
v 0.255140552 -0.106844544 0.047270492
v 0.261045870 -0.084894179 0.066269734
v 0.279865818 -0.067175809 0.080669085
v 0.279529755 -0.043898662 0.098521739
v 0.286122270 -0.018727628 0.114697613
v 0.300918296 0.005953096 0.122928159
v 0.301858289 0.035680197 0.130437359
v 0.294972530 0.064731238 0.125539260
v 0.282565949 0.085475522 0.106696922
v 0.269579292 0.106200497 0.088261330
v 0.256351738 0.133372236 0.085310408
v 0.238691337 0.154940992 0.095699502
v 0.223844745 0.176961875 0.110487004
v 0.219849204 0.204557545 0.121359975
v 0.206568813 0.227111046 0.137602432
v 0.192682321 0.248991901 0.154267339
v 0.174063602 0.259866110 0.174897100
v 0.161626707 0.282829403 0.189681589
v 0.150587201 0.307822021 0.200214309
v 0.132642582 0.316456504 0.221475949
v 0.116092262 0.336739546 0.237565319
v 0.104338335 0.362636496 0.241241722
v 0.086097896 0.377067118 0.258680764
v 0.067976984 0.389412856 0.277161391
v 0.051736262 0.412377150 0.280654372
v 0.032143749 0.433242928 0.287724655
v 0.013357622 0.443310608 0.306518905
v -0.007595360 0.458245317 0.320848519
v -0.028327663 0.477993303 0.322123676
v -0.049918262 0.496883423 0.320677243
v -0.072998364 0.510569718 0.332564438
v -0.093197329 0.520111067 0.350255873
v -0.119009510 0.535979727 0.355831256
v -0.139900277 0.550550392 0.341718986
v -0.166895171 0.564364506 0.341489886
v -0.194356510 0.576751138 0.345300280
v -0.214675273 0.585070889 0.365702466
v -0.243115799 0.596914588 0.365714454
v -0.271169136 0.607221307 0.361463517
v -0.290844584 0.611432328 0.338770906
v -0.320302054 0.619176535 0.334554735
v -0.349619309 0.626450815 0.333206599
v -0.374444113 0.635906501 0.348514163
v -0.404028399 0.641862886 0.344102768
v -0.433554082 0.646047710 0.336366916
v -0.453760339 0.642756404 0.315016472
v -0.475246639 0.638566965 0.295198076
v -0.504092014 0.637945519 0.284397344
v -0.533196640 0.637541982 0.275599869
v -0.561937086 0.645431698 0.283253240
v -0.590626719 0.645247210 0.275602184
v -0.617672468 0.640687349 0.261571535
v -0.643404304 0.634293242 0.246206706
v -0.652937724 0.618728230 0.222209270
v -0.666705481 0.603835462 0.200621771
v -0.690687353 0.593310556 0.184397931
v -0.713659662 0.581426453 0.167659959
v -0.735586892 0.568250101 0.150493795
v -0.756412204 0.553814366 0.132971470
v -0.776063301 0.538135439 0.115163310
v -0.794506133 0.521268234 0.097150247
v -0.819425257 0.511375493 0.083839213
v -0.848210512 0.507258992 0.073938677
v -0.866325471 0.490666850 0.056330423
v -0.880158205 0.470600558 0.037485128
v -0.892702862 0.449581918 0.018776357
v -0.891410365 0.424466351 0.002094838
v -0.882920934 0.398395895 -0.011838979
v -0.887802794 0.373369612 -0.028337884
v -0.895847012 0.348741957 -0.045008985
v -0.903187594 0.323587127 -0.061181033
v -0.919670303 0.303935745 -0.077771862
v -0.938751045 0.286548846 -0.094516095
v -0.947436330 0.262100028 -0.110171810
v -0.949944564 0.234511285 -0.123652663
v -0.951757279 0.206267290 -0.135822153
v -0.953095701 0.177347964 -0.146354601
v -0.954281268 0.147740834 -0.154773453
v -0.948973999 0.117835285 -0.156977986
v -0.937253742 0.089759227 -0.152318169
v -0.930406605 0.060655394 -0.145736454
v -0.934750976 0.031186890 -0.138111255
v -0.940731423 0.004044398 -0.124930485
v -0.946900229 -0.020345016 -0.107191888
v -0.952863428 -0.042402224 -0.087073606
v -0.980387502 -0.055066907 -0.081487635
v -0.991566313 -0.073186461 -0.064424065
v -0.992964336 -0.094887079 -0.042615495
v -0.992200378 -0.118591464 -0.022998650
v -0.989195303 -0.144932438 -0.007412860
v -0.981041377 -0.172891337 0.002288068
v -0.967853392 -0.200437409 0.005743943
v -0.952260946 -0.226932737 0.004183918
v -0.936804111 -0.253053732 -0.001031304
v -0.923625469 -0.279683190 -0.009102532
v -0.913576081 -0.306885268 -0.019476166
v -0.903309776 -0.333315339 -0.031519046
v -0.891945633 -0.358691154 -0.044785278
v -0.879407239 -0.382984451 -0.058988471
v -0.874342383 -0.408463028 -0.074827265
v -0.876804646 -0.433983278 -0.091902185
v -0.870146880 -0.457643337 -0.109748295
v -0.853079823 -0.477256217 -0.126276833
v -0.834848341 -0.495712572 -0.142892930
v -0.811956102 -0.509804882 -0.156560204
v -0.781834242 -0.513940388 -0.161166130
v -0.754975904 -0.523455097 -0.170894276
v -0.732827979 -0.538153406 -0.186468327
v -0.709614274 -0.551501344 -0.201702422
v -0.685429357 -0.563521516 -0.216525565
v -0.660298535 -0.574136659 -0.230839150
v -0.634322440 -0.583376851 -0.244585876
v -0.608277921 -0.591722223 -0.258563133
v -0.594210016 -0.604664400 -0.282348082
v -0.574101348 -0.613589440 -0.302243142
v -0.545469954 -0.616524413 -0.313231255
v -0.516111121 -0.617539347 -0.321958710
v -0.487455184 -0.611680290 -0.313264442
v -0.457791865 -0.608672999 -0.313014827
v -0.427966153 -0.607571308 -0.320651330
v -0.402095240 -0.607509880 -0.334904098
v -0.381064516 -0.608017361 -0.356227353
v -0.351104656 -0.602183609 -0.360411541
v -0.321904667 -0.594943771 -0.359615511
v -0.298231591 -0.587232907 -0.342049279
v -0.268674050 -0.579028125 -0.342627753
v -0.239796858 -0.569817727 -0.345172426
v -0.218500077 -0.561065576 -0.364463244
v -0.190263034 -0.548994182 -0.361992702
v -0.165040057 -0.538202256 -0.352190184
v -0.143403767 -0.529969520 -0.335362188
v -0.116350490 -0.516080795 -0.330425580
v -0.095112298 -0.499412291 -0.341862148
v -0.070130423 -0.483193285 -0.335529035
v -0.050856379 -0.475612704 -0.315937810
v -0.027608202 -0.461163975 -0.303843744
v -0.007131104 -0.441191037 -0.303505745
v 0.013304560 -0.421354951 -0.297780843
v 0.032332076 -0.411140570 -0.279153735
v 0.052246073 -0.397299117 -0.262777860
v 0.067580020 -0.373424776 -0.260337380
v 0.085896702 -0.353445353 -0.246461310
v 0.103614008 -0.346984338 -0.224809981
v 0.119185772 -0.324794338 -0.212855823
v 0.132043185 -0.301248427 -0.201747853
v 0.150210991 -0.293195666 -0.180359651
v 0.163264642 -0.270615356 -0.165783328
v 0.173271127 -0.246597027 -0.152113376
v 0.191801236 -0.236400424 -0.131552589
v 0.205455395 -0.215296172 -0.113734016
v 0.218069899 -0.193326404 -0.096295035
v 0.221826477 -0.167195173 -0.082894020
v 0.240287810 -0.151292334 -0.065740047
v 0.252023438 -0.126722182 -0.051534051
v 0.262608083 -0.099428371 -0.042201838
v 0.268373002 -0.070996433 -0.045732131
v 0.269614004 -0.048993087 -0.064687439
v 0.285878233 -0.032282292 -0.080168240
v 0.289504803 -0.003200250 -0.087422759
v 0.286489583 0.026443553 -0.080220347
v 0.279756139 0.053438132 -0.067064045
v 0.270862474 0.078279024 -0.051198589
v 0.252407128 0.096067182 -0.036312687
v 0.251626982 0.119618402 -0.018726630
v 0.239910548 0.140841252 0.000266819
v 0.226835126 0.160668309 0.019688368
v 0.208111436 0.172460225 0.038377991
v 0.203685450 0.195932573 0.054949674
v 0.184980746 0.205884016 0.074569492
v 0.171892041 0.224587296 0.094149328
v 0.163165406 0.247061056 0.109310503
v 0.144164457 0.254196249 0.130240951
v 0.134126023 0.277912787 0.143466954
v 0.116954991 0.293964745 0.162128588
v 0.098767118 0.301400924 0.182741377
v 0.086022687 0.325472135 0.191540058
v 0.066613260 0.340081403 0.209247338
v 0.048503823 0.345820434 0.229511383
v 0.031118456 0.366849810 0.237422588
v 0.010273033 0.384767135 0.248649254
v -0.008242783 0.387749756 0.270551104
v -0.031336818 0.402929950 0.283897741
v -0.051896379 0.423129189 0.282276498
v -0.077136196 0.435947303 0.294089878
v -0.096904933 0.438847394 0.315817226
v -0.123335120 0.451301633 0.325317767
v -0.147392684 0.467050028 0.316850061
v -0.175707681 0.476925290 0.323911168
v -0.198396081 0.480660398 0.341640441
v -0.225128656 0.486958702 0.352592862
v -0.254143425 0.494721279 0.353135236
v -0.280301279 0.501722237 0.339880428
v -0.310806097 0.505512920 0.341919265
v -0.341516975 0.507723981 0.342923487
v -0.372318863 0.508263177 0.342939388
v -0.403087308 0.507035677 0.342028222
v -0.432019693 0.505085774 0.349785910
v -0.459540386 0.502835518 0.362462428
v -0.489706596 0.497151376 0.360277077
v -0.519309727 0.489225264 0.357164616
v -0.545125415 0.478078050 0.346138102
v -0.565437569 0.463823316 0.327951205
v -0.590336859 0.447272915 0.321606393
v -0.613989065 0.427795302 0.318649609
v -0.634094512 0.404567225 0.317093168
v -0.648546131 0.377471031 0.317814932
v -0.654901691 0.347657070 0.321300680
v -0.652477627 0.317529460 0.326778249
v -0.643708070 0.288598674 0.332551346
v -0.632132936 0.260449161 0.337313464
v -0.621400496 0.231759444 0.340475819
v -0.615632570 0.201604941 0.342025189
v -0.617739107 0.170956210 0.342487963
v -0.626625117 0.141496772 0.342401751
v -0.639464446 0.113505854 0.341892650
v -0.654391932 0.087074222 0.344443285
v -0.669850720 0.064720598 0.358897276
v -0.686681916 0.039648931 0.361908611
v -0.703430012 0.013927731 0.359217777
v -0.719256268 -0.011599930 0.353610830
v -0.727906212 -0.033239324 0.333653041
v -0.739431480 -0.058176060 0.321200456
v -0.753275230 -0.084895210 0.314592575
v -0.767682966 -0.111358409 0.310795898
v -0.785939458 -0.134177241 0.320425982
v -0.800504468 -0.160264778 0.317229825
v -0.811733773 -0.187100194 0.307083777
v -0.818213030 -0.212055587 0.291870882
v -0.813129527 -0.229676361 0.267201306
v -0.816438166 -0.254771570 0.250835129
v -0.822060235 -0.281838016 0.237235887
v -0.826321415 -0.308713828 0.222790374
v -0.829160167 -0.335323847 0.207526723
v -0.830559512 -0.361597570 0.191500127
v -0.830506515 -0.387464863 0.174766735
v -0.837244400 -0.414180723 0.163955550
v -0.852394397 -0.440601649 0.160355350
v -0.851850519 -0.465680295 0.143164018
v -0.847339014 -0.489212409 0.123797740
v -0.841359491 -0.512025662 0.103974429
v -0.821846636 -0.521772984 0.083422138
v -0.799924423 -0.529190651 0.063864070
v -0.788889938 -0.549643904 0.043783372
v -0.777042317 -0.569656012 0.023577952
v -0.774781423 -0.592967710 0.006264660
v -0.782307953 -0.618597437 -0.008089630
v -0.769675989 -0.636622200 -0.028828623
v -0.753481542 -0.652246542 -0.049869421
v -0.735926007 -0.666518698 -0.070696848
v -0.707985990 -0.663207631 -0.081472530
v -0.681500905 -0.663553600 -0.093901104
v -0.660886492 -0.675432542 -0.113471785
v -0.639198598 -0.685949780 -0.132658017
v -0.626347108 -0.701382728 -0.153765575
v -0.622486975 -0.720833199 -0.176619607
v -0.599872480 -0.728000304 -0.195590051
v -0.575082316 -0.732631388 -0.213284109
v -0.548783496 -0.733988821 -0.228062877
v -0.521004398 -0.721910070 -0.224952140
v -0.493199871 -0.718971153 -0.234233539
v -0.466109229 -0.719553400 -0.248891483
v -0.441971382 -0.721966056 -0.266471922
v -0.428234347 -0.731109125 -0.292429169
v -0.402166105 -0.728907036 -0.307423244
v -0.373978720 -0.723219214 -0.318479301
v -0.347169778 -0.712842262 -0.317674224
v -0.322043215 -0.700131637 -0.308801431
v -0.293505849 -0.692150447 -0.317228833
v -0.265263657 -0.683129089 -0.325105559
v -0.247666222 -0.681382952 -0.349832299
v -0.221252687 -0.670554204 -0.358711426
v -0.193741796 -0.657157993 -0.362293804
v -0.171263965 -0.644091362 -0.350116844
v -0.147171289 -0.630495976 -0.342049425
v -0.120374431 -0.615324548 -0.343001046
v -0.099433785 -0.601984748 -0.357758941
v -0.076237432 -0.585547727 -0.363253905
v -0.051594813 -0.567320643 -0.360140533
v -0.033842773 -0.557088231 -0.338374347
v -0.010032449 -0.538682812 -0.332992300
v 0.011413696 -0.518628854 -0.334976527
v 0.030350954 -0.497383841 -0.339722211
v 0.051598665 -0.476626471 -0.331543010
v 0.072057948 -0.455486370 -0.322391021
v 0.091773870 -0.434552758 -0.311608674
v 0.109832010 -0.424130776 -0.290084706
v 0.128687924 -0.401993106 -0.280037889
v 0.141355275 -0.374595091 -0.281457455
v 0.158708915 -0.352753171 -0.268551968
v 0.177721897 -0.340926412 -0.248235176
v 0.194572497 -0.317695060 -0.237170062
v 0.204745513 -0.288964709 -0.235426173
v 0.222327722 -0.265548080 -0.225898176
v 0.242464520 -0.242763110 -0.221731540
v 0.266363476 -0.225510421 -0.229263412
v 0.290985168 -0.216805188 -0.245513376
v 0.315766863 -0.207398597 -0.261048802
v 0.337330969 -0.187494527 -0.268809986
v 0.351608494 -0.161248172 -0.263756956
v 0.361729889 -0.135888221 -0.250165686
v 0.361342932 -0.106624773 -0.240632784
v 0.350619076 -0.078992991 -0.236919860
v 0.342109397 -0.052130553 -0.225549508
v 0.344524629 -0.030281415 -0.205423873
v 0.335601948 -0.005185123 -0.190037388
v 0.325013595 0.018850109 -0.173934941
v 0.305340947 0.038083943 -0.163762631
v 0.295145631 0.059282806 -0.145022855
v 0.291084494 0.079734999 -0.125070553
v 0.269986536 0.093897720 -0.112059637
v 0.265375016 0.113751035 -0.092089503
v 0.252183436 0.132199663 -0.072555012
v 0.231797488 0.143453269 -0.056131633
v 0.227160672 0.163998125 -0.036779594
v 0.206129436 0.172491232 -0.019395374
v 0.197246256 0.191903241 -0.000057765
v 0.183328784 0.208851891 0.019803196
v 0.163224483 0.215513613 0.038991170
v 0.154304867 0.236936553 0.055724882
v 0.134243827 0.241702858 0.075407882
v 0.118540590 0.258290933 0.094315326
v 0.104139796 0.277454975 0.110133416
v 0.084214132 0.279936510 0.130497630
v 0.069213280 0.300638761 0.142951100
v 0.048117219 0.313412173 0.160796583
v 0.027788507 0.315132477 0.181319505
v 0.008123346 0.335005105 0.190362095
v -0.016058576 0.346277824 0.205622976
v -0.041403778 0.355861473 0.220279746
v -0.065223656 0.358270771 0.237930290
v -0.089991125 0.360300254 0.254587629
v -0.117525469 0.370059455 0.259666264
v -0.146444927 0.375390577 0.264630276
v -0.176132932 0.373280022 0.272457242
v -0.203610767 0.363088730 0.281314174
v -0.226132240 0.343434549 0.287683920
v -0.241296530 0.318100488 0.280528529
v -0.248647228 0.293874036 0.264447416
v -0.259121715 0.278130914 0.244025247
v -0.272935598 0.252276178 0.235545805
v -0.283850441 0.226155667 0.245579235
v -0.306601477 0.206789835 0.252979663
v -0.331022771 0.190387111 0.260554406
v -0.358129188 0.177748645 0.262015819
v -0.379642427 0.159434846 0.273755415
v -0.391902651 0.140598337 0.293997311
v -0.414195091 0.122325857 0.304882769
v -0.436253070 0.103443395 0.315188139
v -0.458139842 0.083921820 0.324522431
v -0.482687237 0.068060057 0.316571065
v -0.503693622 0.046561824 0.323055991
v -0.518349320 0.026912022 0.338525540
v -0.534232425 0.006517916 0.351974280
v -0.554316976 -0.016224880 0.354986847
v -0.572398769 -0.035070208 0.339709384
v -0.590465890 -0.059926638 0.341926874
v -0.605810085 -0.082845771 0.350866584
v -0.619132290 -0.103312148 0.365806318
v -0.635773601 -0.129238461 0.365572041
v -0.648843696 -0.152433121 0.354972648
v -0.658362947 -0.173708278 0.337825515
v -0.671419664 -0.201299901 0.333659319
v -0.684239465 -0.227943307 0.334456461
v -0.698128593 -0.249854194 0.349761428
v -0.709193628 -0.277780917 0.342919560
v -0.719062818 -0.305843413 0.334906102
v -0.718674772 -0.324432489 0.312386910
v -0.719508899 -0.346499958 0.293641393
v -0.724807873 -0.374711970 0.282455852
v -0.732439884 -0.402629383 0.277220122
v -0.746394861 -0.428359036 0.285189748
v -0.750065732 -0.455950737 0.272932616
v -0.751479030 -0.482992045 0.258239025
v -0.748228517 -0.506259634 0.239823505
v -0.732439754 -0.513223490 0.214405004
v -0.726487599 -0.536226252 0.195755325
v -0.721655975 -0.561250539 0.178448708
v -0.717384303 -0.586511394 0.162157935
v -0.727646103 -0.615110378 0.159522843
v -0.727242861 -0.640997130 0.146407313
v -0.718281139 -0.662834283 0.126610278
v -0.707967254 -0.683669407 0.106395344
v -0.689668910 -0.692348179 0.085831483
v -0.665935905 -0.690879823 0.066892904
v -0.650506631 -0.707516101 0.046532172
v -0.634871936 -0.724475069 0.026111108
v -0.620536623 -0.742235139 0.006183886
v -0.622877277 -0.769225349 -0.007915409
v -0.613084232 -0.788746011 -0.026952123
v -0.593955425 -0.800564546 -0.048012729
v -0.573821276 -0.810972088 -0.068880084
v -0.547648088 -0.805931772 -0.082440404
v -0.520596277 -0.797612537 -0.093346097
v -0.497341605 -0.803984031 -0.112326404
v -0.473751193 -0.809787296 -0.131271719
v -0.456029887 -0.821259530 -0.152106447
v -0.447247928 -0.839748040 -0.175059194
v -0.424138653 -0.843450576 -0.194390401
v -0.398650295 -0.843033024 -0.211691502
v -0.372639144 -0.840781053 -0.227852147
v -0.346536473 -0.825760822 -0.228698162
v -0.319955140 -0.813093363 -0.232172066
v -0.292985750 -0.808542272 -0.246352179
v -0.266183753 -0.803298039 -0.260429798
v -0.247516327 -0.807658734 -0.284126198
v -0.225694599 -0.806376832 -0.304215566
v -0.198770819 -0.795909661 -0.314925733
v -0.171935989 -0.784278706 -0.324610455
v -0.145245407 -0.771550690 -0.333258397
v -0.118747528 -0.757795816 -0.340864068
v -0.092484868 -0.743083138 -0.347421785
v -0.068851168 -0.725884215 -0.341006682
v -0.046012940 -0.708529067 -0.331369275
v -0.020035032 -0.692489720 -0.335508585
v 0.005461289 -0.676194138 -0.340407735
v 0.026666307 -0.663565160 -0.358698269
v 0.050450784 -0.646524937 -0.365585452
v 0.075134924 -0.628087118 -0.365863500
v 0.099937703 -0.609810421 -0.365511014
v 0.125192010 -0.592179123 -0.364728461
v 0.151423976 -0.576056639 -0.363837368
v 0.179383657 -0.563204836 -0.363328228
v 0.209402751 -0.556737380 -0.363750596
v 0.239396076 -0.559324510 -0.362408757
v 0.261018379 -0.565766725 -0.343043085
v 0.290045393 -0.576052972 -0.342225326
v 0.318167610 -0.585294731 -0.344231821
v 0.339636116 -0.591512462 -0.362707826
v 0.370214879 -0.590853725 -0.360380800
v 0.398928903 -0.580181557 -0.359117786
v 0.423149439 -0.561289748 -0.359343553
v 0.442539955 -0.537439318 -0.360568331
v 0.457670385 -0.510679051 -0.362208056
v 0.469275967 -0.482200546 -0.363811710
v 0.477872910 -0.452652144 -0.365073237
v 0.483840962 -0.422441457 -0.365777011
v 0.487459636 -0.391856003 -0.365700910
v 0.489480358 -0.365321951 -0.351189138
v 0.490382436 -0.336786149 -0.342037412
v 0.489273489 -0.306056651 -0.340317734
v 0.484486190 -0.278948837 -0.353173585
v 0.478828690 -0.249429000 -0.353523999
v 0.472396214 -0.219821095 -0.347948613
v 0.464605881 -0.190772936 -0.341269297
v 0.455567017 -0.162369565 -0.333481106
v 0.454396401 -0.142172460 -0.311431550
v 0.444124085 -0.114752974 -0.302103041
v 0.427749512 -0.090810732 -0.304904421
v 0.413794689 -0.065640274 -0.295910963
v 0.410873386 -0.045932730 -0.274541026
v 0.397897868 -0.021766219 -0.260891987
v 0.376476682 -0.002490313 -0.259762483
v 0.361585377 0.019497876 -0.244266695
v 0.358324212 0.038109564 -0.222742673
v 0.338269475 0.056127598 -0.212613906
v 0.318957922 0.073602739 -0.199342510
v 0.314750105 0.092188655 -0.177973351
v 0.293075092 0.106276576 -0.165735911
v 0.274051594 0.121733525 -0.148758819
v 0.268406761 0.140455749 -0.127913723
v 0.244701722 0.149365599 -0.114629882
v 0.233470578 0.166742484 -0.094297142
v 0.219822211 0.183503515 -0.074341849
v 0.196350573 0.189560410 -0.058190751
v 0.186899577 0.209011032 -0.038713986
v 0.164464924 0.214211747 -0.021331347
v 0.146301746 0.227393322 -0.001380686
v 0.132140717 0.245252679 0.016354144
v 0.109082402 0.246878176 0.034589956
v 0.087601982 0.257763120 0.053806327
v 0.066685479 0.271434745 0.070564344
v 0.044580851 0.285346723 0.084670637
v 0.019432394 0.281809954 0.100432332
v -0.009249329 0.285303928 0.110830495
v -0.039348591 0.282335400 0.109592932
v -0.061935306 0.272926345 0.091399145
v -0.082161390 0.262612603 0.070722512
v -0.109572145 0.251263700 0.065178049
v -0.138721958 0.247329694 0.071935639
v -0.164498799 0.237439124 0.084853837
v -0.179836713 0.218321649 0.102276734
v -0.201967375 0.205893597 0.119741775
v -0.223382638 0.192940705 0.137712003
v -0.244310780 0.179407004 0.155827967
v -0.264896675 0.165237517 0.173849644
v -0.287295386 0.152272011 0.189173591
v -0.312082019 0.140847762 0.199812121
v -0.320436963 0.122896459 0.221116847
v -0.340517294 0.106125725 0.236959141
v -0.366096515 0.093060944 0.241636256
v -0.379114087 0.074473551 0.259974072
v -0.392398976 0.055644809 0.278039890
v -0.414806082 0.038641392 0.281831865
v -0.435242470 0.018605816 0.288503413
v -0.442603425 0.000480105 0.309281115
v -0.459181333 -0.021790571 0.321606633
v -0.478811572 -0.042117777 0.319553039
v -0.496603128 -0.065310140 0.321241771
v -0.510191779 -0.089266153 0.332175902
v -0.518603103 -0.109295604 0.350731793
v -0.533685389 -0.135594473 0.356214169
v -0.547532948 -0.157253368 0.343171441
v -0.560433947 -0.184268019 0.341618599
v -0.571367587 -0.210931589 0.348280259
v -0.579608899 -0.232622909 0.365740270
v -0.590494059 -0.261443772 0.365676995
v -0.599047834 -0.288233087 0.357922113
v -0.603261447 -0.309699030 0.338300850
v -0.610008961 -0.339495253 0.334329172
v -0.616189847 -0.369041145 0.332854075
v -0.624816364 -0.392818652 0.349625573
v -0.629450841 -0.422511512 0.344213268
v -0.632563104 -0.452193130 0.336569937
v -0.629296694 -0.473703994 0.316962709
v -0.623504214 -0.493563146 0.295659951
v -0.621788306 -0.522429596 0.285035606
v -0.619442885 -0.551318111 0.274939595
v -0.624670678 -0.581121688 0.279801016
v -0.625381203 -0.610613102 0.276216014
v -0.619619045 -0.637560474 0.262440721
v -0.612475924 -0.663776904 0.247921910
v -0.603993159 -0.689205561 0.232738713
v -0.594184645 -0.713777718 0.216955181
v -0.583060102 -0.737421946 0.200635483
v -0.570359927 -0.759614430 0.183596961
v -0.550601821 -0.766248552 0.161802076
v -0.529385202 -0.770804201 0.140556085
v -0.512462663 -0.789712977 0.123203254
v -0.494709828 -0.808098620 0.106000443
v -0.478490866 -0.828498918 0.090366319
v -0.471542684 -0.856894806 0.080822138
v -0.459376799 -0.881133949 0.067646207
v -0.438302066 -0.895002030 0.049963258
v -0.416250472 -0.907639838 0.032552041
v -0.392894536 -0.918053886 0.015518239
v -0.366516582 -0.913382100 0.001013498
v -0.339666558 -0.905471570 -0.011649691
v -0.313197869 -0.910987716 -0.025890034
v -0.286533887 -0.918358602 -0.039448305
v -0.259030525 -0.924776040 -0.051754265
v -0.230695967 -0.930388868 -0.062459665
v -0.202296650 -0.937904695 -0.071566569
v -0.175402697 -0.950786780 -0.079200944
v -0.149000372 -0.965867678 -0.084070069
v -0.121397844 -0.979370705 -0.084077856
v -0.092785790 -0.987512848 -0.076711601
v -0.065906974 -0.992415027 -0.062589676
v -0.041840115 -0.996482864 -0.043837776
v -0.020057450 -0.999100987 -0.022224131
v -0.001657645 -0.990207704 -0.001851419
v 0.011291665 -0.966286450 0.011901171
v 0.032630030 -0.962153460 0.032831003
v 0.056481550 -0.958669449 0.051975244
v 0.083047547 -0.954123417 0.066794530
v 0.112136142 -0.951801047 0.076351980
v 0.142191252 -0.955867221 0.081450214
v 0.172243596 -0.962484678 0.082479775
v 0.202494099 -0.966972329 0.079248148
v 0.232153485 -0.965428138 0.071465649
v 0.260530424 -0.960222647 0.060666832
v 0.288037243 -0.954290883 0.048126638
v 0.314702526 -0.947495860 0.034273851
v 0.340281096 -0.939172004 0.019338248
v 0.358749529 -0.919854447 0.004809851
v 0.373118563 -0.896084032 -0.008490414
v 0.393489526 -0.879454217 -0.023800974
v 0.416369282 -0.867129102 -0.040346230
v 0.438268700 -0.853539509 -0.057224356
v 0.462110697 -0.847914663 -0.075128355
v 0.486565393 -0.849620443 -0.093750803
v 0.508023076 -0.840520193 -0.112925764
v 0.525320197 -0.822337223 -0.130794856
v 0.541464491 -0.802987986 -0.148517461
v 0.556420058 -0.782508605 -0.166012258
v 0.570138663 -0.760929480 -0.183196186
v 0.582596071 -0.738306682 -0.199993419
v 0.593771592 -0.714700433 -0.216332275
v 0.600211735 -0.687753041 -0.227707236
v 0.597211924 -0.657166631 -0.226706285
v 0.601706385 -0.628898213 -0.235816933
v 0.608942449 -0.602345356 -0.249662389
v 0.616999610 -0.578700414 -0.266273200
v 0.629617738 -0.567480523 -0.291984268
v 0.633748680 -0.541558230 -0.306689846
v 0.634760162 -0.512717428 -0.317474199
v 0.632437207 -0.483527027 -0.321730505
v 0.624091763 -0.457424766 -0.308581745
v 0.622238231 -0.427780130 -0.315852515
v 0.619421464 -0.397992097 -0.323189504
v 0.619862577 -0.376078356 -0.343284955
v 0.616728729 -0.351078606 -0.357980820
v 0.609310017 -0.321414715 -0.361739878
v 0.600924939 -0.295902949 -0.351947368
v 0.592398194 -0.270477540 -0.341735963
v 0.582812734 -0.241222789 -0.342916875
v 0.573593367 -0.217071226 -0.355467617
v 0.562242274 -0.192171112 -0.363675628
v 0.548937582 -0.164540012 -0.360734011
v 0.541444563 -0.144723895 -0.340729398
v 0.528166101 -0.118482488 -0.333603842
v 0.512569604 -0.093281610 -0.333189891
v 0.495147980 -0.072064264 -0.340535863
v 0.479091803 -0.047959940 -0.330973732
v 0.472371056 -0.029624640 -0.309508040
v 0.454906530 -0.006073573 -0.300046536
v 0.432240187 0.011600855 -0.305222345
v 0.413646188 0.032879748 -0.292947025
v 0.407517040 0.050551067 -0.270793964
v 0.388202679 0.070760037 -0.258058099
v 0.363170836 0.084561645 -0.256142470
v 0.348454451 0.102539679 -0.238264684
v 0.336532808 0.120181683 -0.219184335
v 0.310563020 0.130685144 -0.213240136
v 0.291074696 0.146673603 -0.195757226
v 0.281686354 0.164533245 -0.175049562
v 0.255546353 0.172723809 -0.164627466
v 0.234211603 0.186046573 -0.147041102
v 0.213069826 0.199291984 -0.128960263
v 0.200442948 0.218079093 -0.109683529
v 0.175998295 0.227323541 -0.094884700
v 0.149964584 0.233515889 -0.081790084
v 0.124422630 0.245072523 -0.069100642
v 0.096431734 0.256583733 -0.065126137
v 0.077863161 0.275536039 -0.074243220
v 0.058698577 0.278512168 -0.094963590
v 0.034858481 0.283383055 -0.111034767
v 0.004556990 0.285059948 -0.109697257
v -0.023676199 0.280735421 -0.098351246
v -0.049361869 0.273393866 -0.083043618
v -0.073489785 0.273969814 -0.065510793
v -0.095013712 0.261917200 -0.048501722
v -0.112397828 0.245075979 -0.031467419
v -0.132712966 0.233346069 -0.011493322
v -0.155806886 0.230548570 0.006590774
v -0.168440587 0.212356917 0.025139224
v -0.186048165 0.198666191 0.045415235
v -0.208709066 0.192427666 0.062190050
v -0.216772216 0.173335365 0.081913551
v -0.240185377 0.166288845 0.096783365
v -0.254060509 0.149314250 0.116722343
v -0.263980304 0.131518828 0.137112248
v -0.287818653 0.121207251 0.149115104
v -0.293793072 0.102741139 0.169866011
v -0.309719610 0.084659722 0.188535629
v -0.333094010 0.070631227 0.197142865
v -0.339036817 0.051927793 0.217576377
v -0.352577218 0.031575013 0.235325805
v -0.375131219 0.014213480 0.239256149
v -0.386675283 -0.007749603 0.255902482
v -0.392601292 -0.028016093 0.275686016
v -0.409380180 -0.050490553 0.282657564
v -0.425836914 -0.073708634 0.286241491
v -0.433525162 -0.097153107 0.302036012
v -0.439316260 -0.119760464 0.319210117
v -0.451729349 -0.146526184 0.323831552
v -0.464632715 -0.172675435 0.319244664
v -0.472447215 -0.201520403 0.326454087
v -0.473422905 -0.223197663 0.347775267
v -0.479437666 -0.252645253 0.354060510
v -0.484231904 -0.282761557 0.358429928
v -0.487440490 -0.313220061 0.361751425
v -0.488917194 -0.343904629 0.364053515
v -0.489073576 -0.372091180 0.353997769
v -0.486587002 -0.399912749 0.342944760
v -0.481459200 -0.430277137 0.342180539
v -0.474251946 -0.459927955 0.343767436
v -0.467154695 -0.486395905 0.357769185
v -0.455967421 -0.514180874 0.361994879
v -0.440326541 -0.540644577 0.360380199
v -0.420360995 -0.564013799 0.359246256
v -0.395499544 -0.582035923 0.359195561
v -0.366377166 -0.591489582 0.360638359
v -0.335790571 -0.590948038 0.363015757
v -0.306135548 -0.583012521 0.365047448
v -0.277441159 -0.571833347 0.365857913
v -0.248446099 -0.561473219 0.365311497
v -0.218144396 -0.556561374 0.364058588
v -0.187718151 -0.560538607 0.363334192
v -0.159161031 -0.571971105 0.363628871
v -0.132513606 -0.587390381 0.364468933
v -0.109601629 -0.603553571 0.352894412
v -0.086206932 -0.619975655 0.343020267
v -0.061004116 -0.637692799 0.342507377
v -0.035938431 -0.655374649 0.342760694
v -0.014919046 -0.671975660 0.357782728
v 0.009094278 -0.689681098 0.361616904
v 0.034428844 -0.706913016 0.358380059
v 0.058379824 -0.720572381 0.347020700
v 0.079345157 -0.728093849 0.325884737
v 0.105809609 -0.741756468 0.318267135
v 0.132654364 -0.755078258 0.311241184
v 0.156941631 -0.772214084 0.317629710
v 0.181927535 -0.788749846 0.321122289
v 0.208802776 -0.799949084 0.311048793
v 0.235744144 -0.809977416 0.299969674
v 0.262691183 -0.818776404 0.287903736
v 0.289579463 -0.826303365 0.274884021
v 0.316339861 -0.832498346 0.260932549
v 0.342034650 -0.835860867 0.244862696
v 0.355726350 -0.824228377 0.220322560
v 0.375914081 -0.818025877 0.199586817
v 0.401843393 -0.818062430 0.182949751
v 0.427761570 -0.818004190 0.166645059
v 0.454716078 -0.831449920 0.162240402
v 0.481299970 -0.838780032 0.151675293
v 0.504871883 -0.834342601 0.132342435
v 0.527715839 -0.828442584 0.112532694
v 0.544568116 -0.815944773 0.091866913
v 0.545608328 -0.791356780 0.073414201
v 0.563190846 -0.777648580 0.053117739
v 0.583229135 -0.765950339 0.032850678
v 0.602458022 -0.753286119 0.012526711
v 0.628323230 -0.758820632 -0.002231898
v 0.651438878 -0.757970727 -0.019739741
v 0.667025163 -0.741921859 -0.040919214
v 0.681404932 -0.724640116 -0.061981946
v 0.690173454 -0.703100642 -0.080703277
v 0.681936354 -0.674345038 -0.088088019
v 0.688895732 -0.650885518 -0.105240775
v 0.699344066 -0.629371969 -0.124659936
v 0.708440581 -0.606932408 -0.143660678
v 0.729417129 -0.606359387 -0.165725020
v 0.741680632 -0.591620853 -0.186728585
v 0.746288547 -0.567084783 -0.204779164
v 0.749477418 -0.541832727 -0.222135496
v 0.740837524 -0.514124161 -0.225169430
v 0.731630979 -0.486274533 -0.226937857
v 0.732175069 -0.459414533 -0.242015588
v 0.731245505 -0.432086244 -0.256207073
v 0.737743125 -0.414711425 -0.278742939
v 0.742399658 -0.396982611 -0.301154086
v 0.736692477 -0.369026354 -0.312772828
v 0.729646697 -0.340945264 -0.323305359
v 0.716393957 -0.316099286 -0.315106649
v 0.704819940 -0.289719866 -0.312818499
v 0.695522354 -0.261425882 -0.320699347
v 0.687137985 -0.235380173 -0.332348955
v 0.683670281 -0.217331849 -0.356272272
v 0.670174731 -0.189961086 -0.360500474
v 0.655602947 -0.163392027 -0.360478799
v 0.642229274 -0.142617670 -0.342500481
v 0.626895609 -0.116087609 -0.342664039
v 0.611220738 -0.090911812 -0.347396265
v 0.596600298 -0.070907086 -0.364344815
v 0.578170700 -0.046345009 -0.361845877
v 0.563230696 -0.025255165 -0.348596110
v 0.548203803 -0.004236953 -0.335188052
v 0.528574766 0.019020440 -0.330392499
v 0.507083846 0.036353087 -0.342273039
v 0.485809626 0.057443474 -0.335933967
v 0.464436462 0.077949126 -0.327451121
v 0.442735825 0.097724137 -0.318107456
v 0.427878780 0.116387417 -0.300600399
v 0.410080533 0.135368051 -0.286027474
v 0.385730101 0.151821443 -0.280844212
v 0.359928618 0.165706768 -0.277970130
v 0.339364209 0.183736882 -0.264783772
v 0.325467617 0.203511190 -0.247651067
v 0.302561476 0.222350353 -0.239336611
v 0.278013561 0.238760635 -0.239720868
v 0.257649985 0.258559248 -0.247863518
v 0.249041281 0.284656393 -0.261471840
v 0.250824909 0.312894793 -0.263027923
v 0.239796379 0.339079205 -0.274423687
v 0.216326769 0.356627477 -0.282381707
v 0.186595750 0.363279076 -0.285781653
v 0.156622733 0.366448499 -0.279901747
v 0.127476382 0.366034550 -0.270030212
v 0.104848327 0.371714577 -0.250360484
v 0.077084377 0.366351625 -0.238197569
v 0.052061257 0.350038390 -0.235208299
v 0.026775808 0.340883810 -0.220180000
v 0.002627267 0.330488149 -0.204121738
v -0.018221520 0.330045137 -0.183330480
v -0.040520178 0.317272993 -0.167047257
v -0.058305896 0.297188101 -0.155284977
v -0.078584432 0.295356148 -0.134428841
v -0.096461928 0.278667873 -0.117813553
v -0.111314416 0.259873958 -0.101793479
v -0.131666053 0.256123315 -0.081364443
v -0.142072503 0.234551355 -0.065766707
v -0.160867682 0.226498869 -0.046070417
v -0.178134945 0.213759453 -0.026271536
v -0.186270039 0.193181526 -0.008212097
v -0.207079832 0.185993290 0.010064664
v -0.212790803 0.165221260 0.028833181
v -0.231017064 0.153126310 0.047337649
v -0.248001293 0.138569338 0.065767729
v -0.252009973 0.118355065 0.085596816
v -0.273550235 0.105651544 0.100488668
v -0.278865320 0.085456797 0.120509021
v -0.289574056 0.065300747 0.139981356
v -0.310013201 0.048041963 0.152011350
v -0.311116592 0.027184319 0.172540855
v -0.321513595 0.004212432 0.190121308
v -0.331489323 -0.019920625 0.206465599
v -0.347424445 -0.043576188 0.213890480
v -0.355944899 -0.070313956 0.225613629
v -0.351025203 -0.092729876 0.245020444
v -0.352938020 -0.121228576 0.256442308
v -0.350872385 -0.150701844 0.264994617
v -0.341840763 -0.179704954 0.269051658
v -0.331369468 -0.204383572 0.258111902
v -0.309966388 -0.218984559 0.243414137
v -0.282506061 -0.220337457 0.237903341
v -0.257344769 -0.230665714 0.224952552
v -0.234663226 -0.250856955 0.222253296
v -0.215709029 -0.274110231 0.229019345
v -0.198556386 -0.297419821 0.239569955
v -0.181950785 -0.320428625 0.251576576
v -0.167328881 -0.345109851 0.260269305
v -0.154244942 -0.371266812 0.263874605
v -0.136177230 -0.393514648 0.275184847
v -0.117464746 -0.415484356 0.285977392
v -0.098564057 -0.432456629 0.301127187
v -0.079967632 -0.446996179 0.318503290
v -0.061018511 -0.469364132 0.323363254
v -0.043540301 -0.492098804 0.318588345
v -0.021288409 -0.512278547 0.325433055
v -0.003242404 -0.522567363 0.347252172
v 0.019594196 -0.541797272 0.354114966
v 0.040862303 -0.560755707 0.348717151
v 0.062787635 -0.578317792 0.340767596
v 0.088309753 -0.595486141 0.342511960
v 0.108457674 -0.607779191 0.361355028
v 0.133574050 -0.623511960 0.365851461
v 0.159988034 -0.638968182 0.364096366
v 0.180217476 -0.647972277 0.343322174
v 0.206861172 -0.659877354 0.335771074
v 0.234914043 -0.671663473 0.330978443
v 0.256870933 -0.684955660 0.347103314
v 0.284084099 -0.696645830 0.346234257
v 0.312342413 -0.706371579 0.338751142
v 0.336280828 -0.710648215 0.323131882
v 0.353067487 -0.707315117 0.298369101
v 0.381478959 -0.712484603 0.287636875
v 0.409695646 -0.716261416 0.275862064
v 0.436815992 -0.726821679 0.278377402
v 0.464018257 -0.736697635 0.279121683
v 0.491283928 -0.737990415 0.264837654
v 0.518084988 -0.737869981 0.249644876
v 0.534099425 -0.728384442 0.227666179
v 0.544149477 -0.713683763 0.203438159
v 0.569394103 -0.708800957 0.186468710
v 0.593854554 -0.702474464 0.168841035
v 0.622058144 -0.707701201 0.162286189
v 0.650232133 -0.713388201 0.155573954
v 0.672307592 -0.704410417 0.136050366
v 0.693379664 -0.694091509 0.116085264
v 0.709441052 -0.679740327 0.095224616
v 0.705495708 -0.655793067 0.076453275
v 0.717203221 -0.637598211 0.056243782
v 0.734381757 -0.622000420 0.035978530
v 0.750265011 -0.605199733 0.015618277
v 0.775627611 -0.602873803 0.000266532
v 0.799882161 -0.599534727 -0.016166278
v 0.811934930 -0.580486551 -0.037166459
v 0.822595619 -0.560454920 -0.058004648
v 0.829240387 -0.538209639 -0.077659110
v 0.818268226 -0.511417430 -0.087551987
v 0.815262451 -0.485497986 -0.101683000
v 0.821329103 -0.462029214 -0.120696968
v 0.826112703 -0.438009439 -0.139328019
v 0.842680895 -0.425741644 -0.161464524
v 0.856632701 -0.411736579 -0.183852433
v 0.856483736 -0.386377719 -0.201346573
v 0.854904640 -0.360595333 -0.218136521
v 0.847653818 -0.334078370 -0.229380405
v 0.829788889 -0.309189174 -0.226541505
v 0.822118135 -0.282103763 -0.237104241
v 0.816494092 -0.255036940 -0.250702357
v 0.809551497 -0.227846957 -0.263416445
v 0.801329698 -0.200597186 -0.275207309
v 0.791873114 -0.173348980 -0.286037192
v 0.781261408 -0.146157742 -0.295896344
v 0.776360951 -0.122975006 -0.314497637
v 0.771852165 -0.101490391 -0.335426387
v 0.757814668 -0.075201078 -0.342962077
v 0.742485856 -0.049046837 -0.348114977
v 0.724788273 -0.026404442 -0.337852350
v 0.707793804 -0.002293647 -0.331953605
v 0.692029619 0.023928992 -0.335581519
v 0.676047858 0.050126086 -0.338340760
v 0.660174121 0.076460181 -0.340304889
v 0.644921800 0.103199717 -0.341568918
v 0.631156501 0.130748058 -0.342261550
v 0.620474680 0.159618019 -0.342503907
v 0.615493779 0.189947540 -0.342289446
v 0.618421520 0.220508672 -0.341229756
v 0.626565486 0.241656611 -0.357926252
v 0.638680621 0.267967781 -0.361154803
v 0.651058928 0.295834819 -0.356780260
v 0.655331372 0.317000571 -0.339511176
v 0.655087245 0.339235894 -0.322680968
v 0.651214501 0.369394460 -0.318504923
v 0.638780232 0.397431978 -0.317026882
v 0.619981219 0.421745728 -0.318044835
v 0.597158940 0.442223378 -0.320692202
v 0.571754763 0.459260850 -0.324213893
v 0.544606549 0.473281851 -0.328070463
v 0.516225061 0.484624352 -0.331887192
v 0.486950161 0.493542824 -0.335396881
v 0.457179846 0.500308413 -0.339204793
v 0.432820982 0.505631311 -0.357014437
v 0.404193679 0.508112465 -0.365551622
v 0.373390373 0.508415686 -0.365849543
v 0.345310488 0.507560144 -0.356120940
v 0.318790535 0.506244734 -0.342278891
v 0.288220899 0.502859721 -0.340515359
v 0.257939898 0.497949113 -0.337681542
v 0.228048152 0.491611063 -0.333756332
v 0.199549878 0.482784854 -0.334656364
v 0.173403513 0.470935310 -0.341113723
v 0.145625516 0.460568297 -0.332914921
v 0.125646584 0.458521045 -0.310516525
v 0.098655341 0.446751684 -0.301455812
v 0.075656914 0.428931492 -0.305100235
v 0.050927039 0.414359287 -0.294820289
v 0.032288943 0.411928073 -0.272758444
v 0.008472239 0.397225703 -0.259882491
v -0.009976405 0.375148385 -0.258562756
v -0.031110762 0.361379405 -0.241849404
v -0.049817011 0.355709162 -0.221371551
v -0.065710979 0.333446833 -0.213748553
v -0.083924897 0.315306606 -0.197708652
v -0.101879391 0.311018501 -0.176825406
v -0.114361522 0.288770303 -0.165655724
v -0.129859706 0.270247145 -0.147942369
v -0.148367946 0.263800698 -0.127228958
v -0.156627960 0.239856982 -0.113965734
v -0.173572751 0.227585104 -0.093696734
v -0.190199500 0.213918146 -0.073881174
v -0.195400875 0.190547505 -0.058229587
v -0.214671455 0.180410177 -0.038939855
v -0.219532829 0.157775633 -0.021744006
v -0.231715336 0.138474376 -0.002063118
v -0.249664172 0.123501795 0.015380933
v -0.260819838 0.101481414 0.033815030
v -0.261598889 0.077521828 0.051240794
v -0.270038228 0.053265049 0.067924983
v -0.285714977 0.030376865 0.078619330
v -0.289413648 0.001096070 0.087022635
v -0.286790697 -0.028653950 0.082318660
v -0.279356072 -0.050964452 0.062655756
v -0.271155837 -0.073994681 0.044315625
v -0.260981538 -0.102517692 0.042903673
v -0.242412190 -0.123933544 0.053898312
v -0.233117056 -0.149159404 0.068404562
v -0.228734083 -0.175232490 0.082008389
v -0.216216281 -0.197519399 0.099208518
v -0.203084132 -0.219070622 0.116883400
v -0.189314468 -0.240092422 0.134710613
v -0.174874035 -0.260722755 0.152464294
v -0.156657033 -0.269694393 0.173262864
v -0.142552983 -0.290789600 0.189791454
v -0.131916878 -0.315378496 0.199060111
v -0.114213013 -0.322739515 0.220202182
v -0.096804399 -0.341832182 0.236849443
v -0.083910947 -0.367272929 0.240621465
v -0.064963567 -0.381493959 0.257844315
v -0.046490304 -0.392187797 0.276844719
v -0.028756450 -0.413973076 0.281502323
v -0.008546947 -0.434158680 0.287599058
v 0.009850850 -0.441378400 0.308061085
v 0.032374772 -0.457075586 0.320801975
v 0.053345972 -0.476127543 0.319484536
v 0.076766149 -0.493438190 0.320672458
v 0.101254309 -0.506630116 0.331282834
v 0.121289812 -0.514226914 0.350234971
v 0.147967563 -0.528594915 0.355804036
v 0.170063121 -0.541920808 0.343067643
v 0.197359303 -0.554078227 0.341451654
v 0.224938702 -0.564497121 0.347112607
v 0.247382167 -0.572178726 0.365708856
v 0.276530132 -0.582155269 0.365715261
v 0.305206353 -0.590583807 0.361501189
v 0.325085314 -0.593440088 0.338784026
v 0.355033676 -0.599152508 0.334705804
v 0.384658883 -0.604447854 0.334053853
v 0.410055352 -0.612047586 0.349259067
v 0.440015938 -0.615744629 0.344686125
v 0.469836189 -0.617716820 0.337202836
v 0.492650040 -0.614322975 0.319306591
v 0.510933872 -0.607076886 0.296683530
v 0.539803699 -0.604189872 0.286323911
v 0.568156907 -0.599847014 0.275083333
v 0.595917952 -0.594075358 0.263037470
v 0.623005806 -0.586878857 0.250247876
v 0.649327771 -0.578241627 0.236769738
v 0.677109377 -0.571302104 0.226806278
v 0.707896552 -0.571650524 0.226857422
v 0.735842110 -0.565227907 0.218103243
v 0.759118467 -0.552554506 0.202395507
v 0.781080910 -0.538390792 0.186145660
v 0.791465431 -0.518642901 0.165615740
v 0.795250033 -0.496434937 0.144628423
v 0.810160337 -0.476463054 0.127085245
v 0.828018409 -0.457096706 0.111111561
v 0.845053715 -0.436790537 0.095447851
v 0.870311769 -0.423443984 0.084937566
v 0.897521268 -0.412384254 0.075951199
v 0.914431887 -0.391580378 0.061722851
v 0.926764950 -0.367512350 0.046967204
v 0.937961406 -0.342348848 0.033164722
v 0.948107214 -0.316118623 0.020593901
v 0.955942361 -0.288440257 0.009671325
v 0.958804654 -0.259023425 0.001131808
v 0.957907316 -0.228720765 -0.004191696
v 0.955384438 -0.198070732 -0.005572248
v 0.953633283 -0.167554775 -0.002056005
v 0.954508333 -0.138314649 0.007394472
v 0.957047023 -0.111704939 0.022610377
v 0.957700773 -0.087735478 0.041909456
v 0.956135693 -0.065633927 0.063301931
v 0.970337154 -0.050577528 0.083633804
v 0.984155847 -0.035829646 0.104245013
v 0.977991982 -0.013623428 0.124671226
v 0.971269299 0.010942171 0.141946071
v 0.965035301 0.038334237 0.154458577
v 0.958230209 0.067647457 0.160095214
v 0.944164912 0.094582278 0.155766186
v 0.929688449 0.120356285 0.147177127
v 0.922939678 0.149033879 0.138954840
v 0.921375617 0.178598707 0.130449112
v 0.919506909 0.207510445 0.119977346
v 0.917044949 0.235771292 0.107961251
v 0.914582915 0.263560450 0.094950159
v 0.923533702 0.291332780 0.085659682
v 0.934532806 0.318468146 0.076250866
v 0.933172723 0.344842041 0.061135179
v 0.926314888 0.369577689 0.044097552
v 0.918237384 0.393562887 0.026530112
v 0.904138082 0.413645242 0.009013612
v 0.878876135 0.423685647 -0.005344276
v 0.857993474 0.438682885 -0.021172972
v 0.844939313 0.460006336 -0.039173641
v 0.830576309 0.480353169 -0.057307608
v 0.814899261 0.499657483 -0.075492999
v 0.797934368 0.517871437 -0.093646871
v 0.779725811 0.534959452 -0.111689959
v 0.760310232 0.550876810 -0.129544847
v 0.747265363 0.569154976 -0.149468108
v 0.744825668 0.590067898 -0.171867029
v 0.727444505 0.604591696 -0.191455792
v 0.703964409 0.615046715 -0.208440326
v 0.678786650 0.623309962 -0.223803922
v 0.648508787 0.620571987 -0.225447174
v 0.618754723 0.620062546 -0.229766238
v 0.592301662 0.626595603 -0.244141714
v 0.565448788 0.631963364 -0.258115083
v 0.551614294 0.643549908 -0.282444565
v 0.531396710 0.650409610 -0.302524286
v 0.502716880 0.650704715 -0.313771217
v 0.473687389 0.649660347 -0.324033679
v 0.447199050 0.640919329 -0.313034032
v 0.418539470 0.635778357 -0.313220224
v 0.388924582 0.632305271 -0.320968053
v 0.363503814 0.630173477 -0.335043643
v 0.343489384 0.629302235 -0.356364255
v 0.314037649 0.621298176 -0.360564480
v 0.285154958 0.612060560 -0.361353214
v 0.263465607 0.603110394 -0.342199613
v 0.234614854 0.592964701 -0.342656636
v 0.206432385 0.581894778 -0.345329448
v 0.185652374 0.571719712 -0.364372741
v 0.158236184 0.557898479 -0.361826485
v 0.135846707 0.547483055 -0.347554344
v 0.112567396 0.536051612 -0.335083093
v 0.086466172 0.520520815 -0.330477463
v 0.066497806 0.502400726 -0.342986046
v 0.042274858 0.485134091 -0.334967743
v 0.023513288 0.476637074 -0.315245819
v 0.001037590 0.460840613 -0.303239755
v -0.018184036 0.439702419 -0.303180141
v -0.037646759 0.418896800 -0.297078941
v -0.056122616 0.409207405 -0.276950081
v -0.075907983 0.392355175 -0.261859049
v -0.089938359 0.366570306 -0.260231100
v -0.107770297 0.346834210 -0.244982802
v -0.125642984 0.338475172 -0.223557035
v -0.139856708 0.315264993 -0.212214447
v -0.151840337 0.291230952 -0.201021345
v -0.170175586 0.281688843 -0.179821471
v -0.185041770 0.260446762 -0.163175149
v -0.199251261 0.238821866 -0.146448338
v -0.204563190 0.211615289 -0.135608951
v -0.220839298 0.194080055 -0.117744049
v -0.236457361 0.174169884 -0.101899954
v -0.249039824 0.148851866 -0.089716771
v -0.261909753 0.121553857 -0.084410891
v -0.268509665 0.096334834 -0.095064258
v -0.276535387 0.077498489 -0.116144158
v -0.296289679 0.061525443 -0.127100361
v -0.302091798 0.031913623 -0.129981224
v -0.300443960 0.002439339 -0.121555662
v -0.294726136 -0.024785684 -0.108382801
v -0.282599785 -0.048396995 -0.094649104
v -0.268094896 -0.069508090 -0.079288043
v -0.268190347 -0.092296172 -0.060806049
v -0.256675905 -0.113810711 -0.041998006
v -0.240804374 -0.130876753 -0.024054391
v -0.224656857 -0.146677079 -0.005074034
v -0.221123538 -0.169209165 0.012865621
v -0.201401504 -0.179285607 0.031695769
v -0.195145769 -0.201092723 0.048928698
v -0.180626551 -0.218280957 0.068692206
v -0.162266675 -0.227167288 0.088656796
v -0.154261264 -0.250409606 0.103277366
v -0.135293434 -0.256334811 0.123803311
v -0.120655841 -0.275258809 0.141511053
v -0.107292234 -0.296549890 0.155301510
v -0.088512383 -0.300884412 0.176463517
v -0.072084635 -0.320374221 0.190577958
v -0.054647046 -0.340086440 0.202649776
v -0.035914531 -0.343099131 0.224156729
v -0.015372054 -0.360223675 0.237736434
v 0.004524068 -0.380259212 0.244176065
v 0.024896241 -0.385520399 0.263964937
v 0.047850810 -0.395887435 0.280111981
v 0.070020187 -0.414915728 0.279499275
v 0.096267137 -0.426990388 0.289823253
v 0.116671305 -0.428768031 0.310579117
v 0.143359647 -0.437840225 0.322155364
v 0.169475658 -0.450656541 0.318585657
v 0.198010439 -0.459463263 0.321029927
v 0.227638803 -0.465282492 0.327142375
v 0.257737588 -0.469487236 0.332185109
v 0.288184832 -0.471927397 0.336187732
v 0.313584019 -0.470547941 0.352592215
v 0.342040610 -0.469113477 0.361924878
v 0.372660477 -0.466467575 0.363984397
v 0.401092656 -0.462105767 0.355543180
v 0.427678061 -0.454810476 0.343039894
v 0.456101596 -0.442977160 0.342745065
v 0.482403433 -0.427008652 0.342282730
v 0.504867518 -0.406033889 0.342018889
v 0.520425892 -0.379607051 0.342288134
v 0.525883328 -0.349458281 0.342900286
v 0.522172486 -0.318948645 0.342920065
v 0.513908240 -0.289305119 0.341599443
v 0.506298697 -0.259576145 0.339043285
v 0.504767908 -0.229015689 0.336456155
v 0.512268179 -0.199258865 0.335501098
v 0.526217372 -0.171839307 0.336310907
v 0.541345965 -0.147052087 0.344606307
v 0.555786240 -0.124641145 0.359691403
v 0.575224133 -0.100914330 0.362419358
v 0.594960281 -0.077325752 0.364267885
v 0.612937554 -0.056361954 0.352403991
v 0.630377523 -0.033888087 0.342904592
v 0.648649012 -0.009098722 0.341949379
v 0.666090237 0.014232630 0.348541347
v 0.682966697 0.035482521 0.362074312
v 0.700308520 0.060751983 0.359339091
v 0.715757039 0.085834549 0.352231508
v 0.722340478 0.105470746 0.329542439
v 0.734632830 0.131227036 0.319456050
v 0.747486646 0.158190890 0.311913542
v 0.763739246 0.182790817 0.317205488
v 0.780123738 0.207373374 0.322332750
v 0.790932023 0.234375014 0.312171411
v 0.800075678 0.261189771 0.300412534
v 0.795757914 0.278445923 0.276064289
v 0.794759535 0.300149542 0.256055700
v 0.799701431 0.327270763 0.242302628
v 0.803239327 0.354158678 0.227685867
v 0.817141447 0.380878632 0.226451726
v 0.829598341 0.407646710 0.222776072
v 0.830354975 0.433332403 0.205782436
v 0.829661241 0.458532148 0.188073943
v 0.818533092 0.474906188 0.166214804
v 0.800199042 0.483955815 0.143549599
v 0.793140672 0.506473947 0.124079418
v 0.786193115 0.529496409 0.104824006
v 0.777759686 0.551666070 0.085165533
v 0.767858293 0.572912633 0.065175004
v 0.756512858 0.593168730 0.044925269
v 0.743753110 0.612370278 0.024490623
v 0.737066899 0.634466498 0.005689414
v 0.742079652 0.660652587 -0.009651713
v 0.731736664 0.679743581 -0.030032869
v 0.714713894 0.694232915 -0.051231136
v 0.696330115 0.707205068 -0.072148201
v 0.668639272 0.702182700 -0.082920597
v 0.642225889 0.701029420 -0.095458150
v 0.620956053 0.711549481 -0.115104906
v 0.598682888 0.720656385 -0.134341746
v 0.584792195 0.735098125 -0.155512905
v 0.579798522 0.754166751 -0.178481391
v 0.556825505 0.759945208 -0.197471492
v 0.531767450 0.763030651 -0.215125168
v 0.505417014 0.762853245 -0.229904621
v 0.478367533 0.749267902 -0.226711650
v 0.450747515 0.744625096 -0.235774423
v 0.423616602 0.743602209 -0.250333506
v 0.397280518 0.742445045 -0.265505825
v 0.384694773 0.751637787 -0.291734933
v 0.360258359 0.749375579 -0.308085899
v 0.332381883 0.742163039 -0.319040915
v 0.306021286 0.730580897 -0.318789739
v 0.281806392 0.716429238 -0.309181616
v 0.253693422 0.706977578 -0.317514789
v 0.225884193 0.696478261 -0.325188620
v 0.208338654 0.693833676 -0.349857478
v 0.182532034 0.681771861 -0.358777837
v 0.155692399 0.667065146 -0.362313402
v 0.134059759 0.653012799 -0.349679011
v 0.110493280 0.638265373 -0.342023293
v 0.084409073 0.621899615 -0.342993211
v 0.063084551 0.607038482 -0.356579337
v 0.040701169 0.589547603 -0.363307500
v 0.016926531 0.570441474 -0.359727848
v -0.001252523 0.558660225 -0.338552665
v -0.024369556 0.539249828 -0.333242776
v -0.046932683 0.518914134 -0.328086359
v -0.068782558 0.498076022 -0.321954819
v -0.089167349 0.476065395 -0.318072576
v -0.104910390 0.451727807 -0.323773344
v -0.124223510 0.429584610 -0.314499729
v -0.142860360 0.418208349 -0.293436633
v -0.162032454 0.396309646 -0.283548981
v -0.176739538 0.370565602 -0.282772753
v -0.193049509 0.345916249 -0.277882796
v -0.212591033 0.323495705 -0.269876654
v -0.236762083 0.307661907 -0.260224714
v -0.264331772 0.295461695 -0.259130776
v -0.291921877 0.288524511 -0.270640548
v -0.306822714 0.279999280 -0.293267173
v -0.334408718 0.273273995 -0.304873305
v -0.359517879 0.256431759 -0.306966373
v -0.378030158 0.233971451 -0.297362834
v -0.386985391 0.205613350 -0.290147187
v -0.389599833 0.175775983 -0.283045693
v -0.383046742 0.146611909 -0.283055868
v -0.376316598 0.118015176 -0.276373140
v -0.375280579 0.093276101 -0.259740513
v -0.372724717 0.068808213 -0.242923719
v -0.357740870 0.044106442 -0.236828609
v -0.344752344 0.019858005 -0.224608110
v -0.344921083 -0.000777041 -0.203294801
v -0.330131185 -0.022955143 -0.189873259
v -0.311784496 -0.042052155 -0.178221605
v -0.310411802 -0.061688645 -0.157487478
v -0.292960233 -0.079725223 -0.142538347
v -0.274693500 -0.095939655 -0.126867924
v -0.271520458 -0.115661107 -0.106446154
v -0.256470127 -0.133949902 -0.086740428
v -0.236692189 -0.146258264 -0.069964454
v -0.219882281 -0.160781227 -0.050306613
v -0.213360885 -0.180703742 -0.031016526
v -0.192309222 -0.187413571 -0.013846444
v -0.184777421 -0.208008285 0.004598747
v -0.165420043 -0.217400859 0.023986666
v -0.146878970 -0.228020990 0.044248170
v -0.136213906 -0.248752793 0.060682014
v -0.115665063 -0.251898125 0.080293461
v -0.101373954 -0.271353675 0.096342048
v -0.082051202 -0.284427798 0.114714181
v -0.061390884 -0.287511220 0.134773790
v -0.043796372 -0.308002638 0.146605958
v -0.020669305 -0.319090466 0.163674383
v 0.003606960 -0.329070378 0.179802360
v 0.025486835 -0.326766854 0.199986449
v 0.051431337 -0.335907859 0.212930047
v 0.077879393 -0.348063120 0.218364773
v 0.106775092 -0.349740520 0.228842175
v 0.136452412 -0.346547022 0.236181939
v 0.164878877 -0.335404198 0.237539847
v 0.178225663 -0.310555207 0.238913857
v 0.189476130 -0.287079617 0.222855574
v 0.204015536 -0.276407262 0.201409539
v 0.222376910 -0.253750361 0.192659981
v 0.245921169 -0.234367323 0.196018964
v 0.269788123 -0.217252453 0.205273361
v 0.293194537 -0.200897470 0.216842195
v 0.315038104 -0.184154803 0.230220664
v 0.327596200 -0.165434806 0.249998006
v 0.351769367 -0.150639369 0.260081203
v 0.377913191 -0.137392796 0.263941083
v 0.394685501 -0.119170769 0.280076748
v 0.409350097 -0.101003868 0.297826090
v 0.432231409 -0.083344907 0.304683653
v 0.456046711 -0.066911570 0.303285502
v 0.474004765 -0.046432616 0.315610839
v 0.485691897 -0.027954380 0.334756049
v 0.505803269 -0.005984547 0.342634262
v 0.526253291 0.011444115 0.330226988
v 0.544982177 0.035344451 0.334724347
v 0.559047873 0.056760074 0.347644299
v 0.572458182 0.077771082 0.361489448
v 0.589816221 0.103084598 0.364153446
v 0.603344386 0.123297185 0.348585096
v 0.617627721 0.148537246 0.342766856
v 0.631731537 0.175888483 0.341306494
v 0.643758509 0.196832409 0.358552155
v 0.656928013 0.223245128 0.360959885
v 0.669184592 0.251211467 0.356861988
v 0.673557373 0.270793909 0.337544840
v 0.678657509 0.293974464 0.321992596
v 0.686718606 0.322693840 0.314288412
v 0.694793409 0.350854463 0.309486632
v 0.708232299 0.373623285 0.324444368
v 0.714433414 0.401920131 0.315286983
v 0.718945420 0.430192012 0.303909326
v 0.716059977 0.450985933 0.284303930
v 0.706670777 0.464827399 0.259308056
v 0.706398692 0.492282128 0.245334444
v 0.704696147 0.519226425 0.230495210
v 0.701527783 0.545563076 0.214828576
v 0.696906459 0.571212252 0.198401501
v 0.690850692 0.596098723 0.181282286
v 0.685179569 0.621349741 0.165026464
v 0.692336811 0.650842084 0.160889331
v 0.691656370 0.677732759 0.148808981
v 0.681511092 0.699223661 0.129205345
v 0.670058031 0.719657971 0.109196736
v 0.653109210 0.731458018 0.088550374
v 0.629059347 0.726776038 0.070121273
v 0.611564388 0.740827845 0.049900190
v 0.594995144 0.757195882 0.029734742
v 0.578290086 0.773176438 0.009753441
v 0.577780272 0.799934812 -0.004556884
v 0.569538792 0.821122357 -0.022322500
v 0.549717670 0.832279533 -0.043101055
v 0.528971983 0.842027874 -0.063684545
v 0.505197028 0.844210532 -0.081294166
v 0.478567433 0.831719247 -0.090309288
v 0.453386630 0.831870448 -0.106293864
v 0.429411415 0.836997290 -0.124948692
v 0.405759557 0.842216778 -0.143786469
v 0.392899785 0.858805846 -0.166132806
v 0.375935068 0.870224847 -0.188073473
v 0.350283936 0.869160332 -0.205103825
v 0.324264262 0.866703853 -0.221415706
v 0.297942314 0.862888762 -0.236963703
v 0.271381863 0.857753373 -0.251706104
v 0.244640334 0.851307794 -0.265581264
v 0.217781367 0.843643897 -0.278582627
v 0.191892951 0.828283476 -0.279653471
v 0.167179358 0.810667430 -0.275545683
v 0.139825510 0.800214727 -0.284906422
v 0.112554174 0.789440648 -0.294362955
v 0.087438831 0.782240392 -0.309498952
v 0.065886855 0.778950079 -0.331147041
v 0.039773930 0.766575919 -0.340647175
v 0.013142149 0.752140578 -0.346273397
v -0.013099385 0.736686691 -0.347557893
v -0.036206153 0.719968390 -0.336020807
v -0.062222210 0.705039418 -0.331960438
v -0.090273357 0.692515270 -0.334270919
v -0.119240062 0.682139522 -0.335577508
v -0.149361668 0.675864201 -0.335642759
v -0.180046257 0.676034357 -0.333986070
v -0.209692057 0.683207759 -0.330090148
v -0.237569814 0.694739499 -0.323913766
v -0.264623065 0.707104281 -0.315891851
v -0.292251451 0.717284831 -0.306891651
v -0.321326179 0.722401575 -0.298309663
v -0.351297322 0.720094692 -0.292057162
v -0.380181089 0.709985501 -0.289457020
v -0.406334662 0.693837573 -0.290281846
v -0.429295907 0.673606772 -0.293546412
v -0.449387182 0.650922644 -0.298894190
v -0.468403423 0.634040164 -0.315979088
v -0.484874247 0.615049959 -0.333378645
v -0.497113628 0.587571013 -0.339840407
v -0.507025589 0.558948661 -0.345446988
v -0.513809822 0.529449471 -0.346209569
v -0.515762631 0.501475354 -0.333497324
v -0.520126207 0.471442581 -0.333412974
v -0.523784090 0.441079567 -0.337121970
v -0.526629539 0.414230404 -0.349951760
v -0.527456885 0.388427676 -0.365267495
v -0.525505062 0.357687967 -0.365864863
v -0.522492094 0.328764919 -0.358887823
v -0.519595922 0.303191864 -0.342734418
v -0.514494529 0.272885011 -0.340844461
v -0.507232697 0.245862300 -0.348903038
v -0.498140050 0.218995341 -0.354628635
v -0.488686041 0.190214718 -0.349022931
v -0.485715171 0.169598475 -0.327409596
v -0.475446310 0.141857478 -0.319432946
v -0.460459002 0.117333789 -0.324085945
v -0.445982899 0.091870218 -0.319209343
v -0.437558092 0.069629336 -0.303008817
v -0.429367971 0.047929613 -0.286152259
v -0.411493830 0.025762152 -0.281868472
v -0.393026070 0.004685370 -0.275208643
v -0.386815384 -0.014403948 -0.255133439
v -0.373321145 -0.035619479 -0.238861384
v -0.349768558 -0.051564263 -0.234801702
v -0.336521988 -0.070858909 -0.216490870
v -0.328103614 -0.089333759 -0.196496977
v -0.303707205 -0.101835092 -0.188106981
v -0.287930385 -0.119342143 -0.168910834
v -0.280129452 -0.137349119 -0.148470591
v -0.261921613 -0.153643661 -0.129701570
v -0.237936767 -0.162214283 -0.115952799
v -0.222194421 -0.177677523 -0.095919748
v -0.210143554 -0.195085799 -0.076078155
v -0.186180924 -0.200039928 -0.060343119
v -0.175394368 -0.219133155 -0.041223419
v -0.153100456 -0.226335898 -0.023357207
v -0.131099978 -0.234083721 -0.004683555
v -0.109666675 -0.245138723 0.014488882
v -0.092617224 -0.263723941 0.030039440
v -0.067750656 -0.269318083 0.046109201
v -0.041362618 -0.270099299 0.060185838
v -0.012016265 -0.274343610 0.067833702
v 0.016662118 -0.272539940 0.058973741
v 0.037716726 -0.267506786 0.037114712
v 0.063004657 -0.262667474 0.021188140
v 0.093411734 -0.261413891 0.023385541
v 0.120442735 -0.252756931 0.035014198
v 0.138897437 -0.235565702 0.050218233
v 0.160876189 -0.223761911 0.067549044
v 0.186232357 -0.219849394 0.081941279
v 0.198321727 -0.201190452 0.101079960
v 0.221422303 -0.192178770 0.117366479
v 0.244565568 -0.182177306 0.132842278
v 0.254031440 -0.163582634 0.153762870
v 0.278507370 -0.154322838 0.166032566
v 0.299544577 -0.139559178 0.182008234
v 0.306634678 -0.121647262 0.203202802
v 0.329897056 -0.108724250 0.213505580
v 0.351160146 -0.092362617 0.225933935
v 0.357140885 -0.074536857 0.247665926
v 0.377182235 -0.056127507 0.260345031
v 0.400062650 -0.039612587 0.263861697
v 0.412113400 -0.019737299 0.281071647
v 0.423043426 0.000000000 0.298832572
l 1 2
l 2 3
l 3 4
l 4 5
l 5 6
l 6 7
l 7 8
l 8 9
l 9 10
l 10 11
l 11 12
l 12 13
l 13 14
l 14 15
l 15 16
l 16 17
l 17 18
l 18 19
l 19 20
l 20 21
l 21 22
l 22 23
l 23 24
l 24 25
l 25 26
l 26 27
l 27 28
l 28 29
l 29 30
l 30 31
l 31 32
l 32 33
l 33 34
l 34 35
l 35 36
l 36 37
l 37 38
l 38 39
l 39 40
l 40 41
l 41 42
l 42 43
l 43 44
l 44 45
l 45 46
l 46 47
l 47 48
l 48 49
l 49 50
l 50 51
l 51 52
l 52 53
l 53 54
l 54 55
l 55 56
l 56 57
l 57 58
l 58 59
l 59 60
l 60 61
l 61 62
l 62 63
l 63 64
l 64 65
l 65 66
l 66 67
l 67 68
l 68 69
l 69 70
l 70 71
l 71 72
l 72 73
l 73 74
l 74 75
l 75 76
l 76 77
l 77 78
l 78 79
l 79 80
l 80 81
l 81 82
l 82 83
l 83 84
l 84 85
l 85 86
l 86 87
l 87 88
l 88 89
l 89 90
l 90 91
l 91 92
l 92 93
l 93 94
l 94 95
l 95 96
l 96 97
l 97 98
l 98 99
l 99 100
l 100 101
l 101 102
l 102 103
l 103 104
l 104 105
l 105 106
l 106 107
l 107 108
l 108 109
l 109 110
l 110 111
l 111 112
l 112 113
l 113 114
l 114 115
l 115 116
l 116 117
l 117 118
l 118 119
l 119 120
l 120 121
l 121 122
l 122 123
l 123 124
l 124 125
l 125 126
l 126 127
l 127 128
l 128 129
l 129 130
l 130 131
l 131 132
l 132 133
l 133 134
l 134 135
l 135 136
l 136 137
l 137 138
l 138 139
l 139 140
l 140 141
l 141 142
l 142 143
l 143 144
l 144 145
l 145 146
l 146 147
l 147 148
l 148 149
l 149 150
l 150 151
l 151 152
l 152 153
l 153 154
l 154 155
l 155 156
l 156 157
l 157 158
l 158 159
l 159 160
l 160 161
l 161 162
l 162 163
l 163 164
l 164 165
l 165 166
l 166 167
l 167 168
l 168 169
l 169 170
l 170 171
l 171 172
l 172 173
l 173 174
l 174 175
l 175 176
l 176 177
l 177 178
l 178 179
l 179 180
l 180 181
l 181 182
l 182 183
l 183 184
l 184 185
l 185 186
l 186 187
l 187 188
l 188 189
l 189 190
l 190 191
l 191 192
l 192 193
l 193 194
l 194 195
l 195 196
l 196 197
l 197 198
l 198 199
l 199 200
l 200 201
l 201 202
l 202 203
l 203 204
l 204 205
l 205 206
l 206 207
l 207 208
l 208 209
l 209 210
l 210 211
l 211 212
l 212 213
l 213 214
l 214 215
l 215 216
l 216 217
l 217 218
l 218 219
l 219 220
l 220 221
l 221 222
l 222 223
l 223 224
l 224 225
l 225 226
l 226 227
l 227 228
l 228 229
l 229 230
l 230 231
l 231 232
l 232 233
l 233 234
l 234 235
l 235 236
l 236 237
l 237 238
l 238 239
l 239 240
l 240 241
l 241 242
l 242 243
l 243 244
l 244 245
l 245 246
l 246 247
l 247 248
l 248 249
l 249 250
l 250 251
l 251 252
l 252 253
l 253 254
l 254 255
l 255 256
l 256 257
l 257 258
l 258 259
l 259 260
l 260 261
l 261 262
l 262 263
l 263 264
l 264 265
l 265 266
l 266 267
l 267 268
l 268 269
l 269 270
l 270 271
l 271 272
l 272 273
l 273 274
l 274 275
l 275 276
l 276 277
l 277 278
l 278 279
l 279 280
l 280 281
l 281 282
l 282 283
l 283 284
l 284 285
l 285 286
l 286 287
l 287 288
l 288 289
l 289 290
l 290 291
l 291 292
l 292 293
l 293 294
l 294 295
l 295 296
l 296 297
l 297 298
l 298 299
l 299 300
l 300 301
l 301 302
l 302 303
l 303 304
l 304 305
l 305 306
l 306 307
l 307 308
l 308 309
l 309 310
l 310 311
l 311 312
l 312 313
l 313 314
l 314 315
l 315 316
l 316 317
l 317 318
l 318 319
l 319 320
l 320 321
l 321 322
l 322 323
l 323 324
l 324 325
l 325 326
l 326 327
l 327 328
l 328 329
l 329 330
l 330 331
l 331 332
l 332 333
l 333 334
l 334 335
l 335 336
l 336 337
l 337 338
l 338 339
l 339 340
l 340 341
l 341 342
l 342 343
l 343 344
l 344 345
l 345 346
l 346 347
l 347 348
l 348 349
l 349 350
l 350 351
l 351 352
l 352 353
l 353 354
l 354 355
l 355 356
l 356 357
l 357 358
l 358 359
l 359 360
l 360 361
l 361 362
l 362 363
l 363 364
l 364 365
l 365 366
l 366 367
l 367 368
l 368 369
l 369 370
l 370 371
l 371 372
l 372 373
l 373 374
l 374 375
l 375 376
l 376 377
l 377 378
l 378 379
l 379 380
l 380 381
l 381 382
l 382 383
l 383 384
l 384 385
l 385 386
l 386 387
l 387 388
l 388 389
l 389 390
l 390 391
l 391 392
l 392 393
l 393 394
l 394 395
l 395 396
l 396 397
l 397 398
l 398 399
l 399 400
l 400 401
l 401 402
l 402 403
l 403 404
l 404 405
l 405 406
l 406 407
l 407 408
l 408 409
l 409 410
l 410 411
l 411 412
l 412 413
l 413 414
l 414 415
l 415 416
l 416 417
l 417 418
l 418 419
l 419 420
l 420 421
l 421 422
l 422 423
l 423 424
l 424 425
l 425 426
l 426 427
l 427 428
l 428 429
l 429 430
l 430 431
l 431 432
l 432 433
l 433 434
l 434 435
l 435 436
l 436 437
l 437 438
l 438 439
l 439 440
l 440 441
l 441 442
l 442 443
l 443 444
l 444 445
l 445 446
l 446 447
l 447 448
l 448 449
l 449 450
l 450 451
l 451 452
l 452 453
l 453 454
l 454 455
l 455 456
l 456 457
l 457 458
l 458 459
l 459 460
l 460 461
l 461 462
l 462 463
l 463 464
l 464 465
l 465 466
l 466 467
l 467 468
l 468 469
l 469 470
l 470 471
l 471 472
l 472 473
l 473 474
l 474 475
l 475 476
l 476 477
l 477 478
l 478 479
l 479 480
l 480 481
l 481 482
l 482 483
l 483 484
l 484 485
l 485 486
l 486 487
l 487 488
l 488 489
l 489 490
l 490 491
l 491 492
l 492 493
l 493 494
l 494 495
l 495 496
l 496 497
l 497 498
l 498 499
l 499 500
l 500 501
l 501 502
l 502 503
l 503 504
l 504 505
l 505 506
l 506 507
l 507 508
l 508 509
l 509 510
l 510 511
l 511 512
l 512 513
l 513 514
l 514 515
l 515 516
l 516 517
l 517 518
l 518 519
l 519 520
l 520 521
l 521 522
l 522 523
l 523 524
l 524 525
l 525 526
l 526 527
l 527 528
l 528 529
l 529 530
l 530 531
l 531 532
l 532 533
l 533 534
l 534 535
l 535 536
l 536 537
l 537 538
l 538 539
l 539 540
l 540 541
l 541 542
l 542 543
l 543 544
l 544 545
l 545 546
l 546 547
l 547 548
l 548 549
l 549 550
l 550 551
l 551 552
l 552 553
l 553 554
l 554 555
l 555 556
l 556 557
l 557 558
l 558 559
l 559 560
l 560 561
l 561 562
l 562 563
l 563 564
l 564 565
l 565 566
l 566 567
l 567 568
l 568 569
l 569 570
l 570 571
l 571 572
l 572 573
l 573 574
l 574 575
l 575 576
l 576 577
l 577 578
l 578 579
l 579 580
l 580 581
l 581 582
l 582 583
l 583 584
l 584 585
l 585 586
l 586 587
l 587 588
l 588 589
l 589 590
l 590 591
l 591 592
l 592 593
l 593 594
l 594 595
l 595 596
l 596 597
l 597 598
l 598 599
l 599 600
l 600 601
l 601 602
l 602 603
l 603 604
l 604 605
l 605 606
l 606 607
l 607 608
l 608 609
l 609 610
l 610 611
l 611 612
l 612 613
l 613 614
l 614 615
l 615 616
l 616 617
l 617 618
l 618 619
l 619 620
l 620 621
l 621 622
l 622 623
l 623 624
l 624 625
l 625 626
l 626 627
l 627 628
l 628 629
l 629 630
l 630 631
l 631 632
l 632 633
l 633 634
l 634 635
l 635 636
l 636 637
l 637 638
l 638 639
l 639 640
l 640 641
l 641 642
l 642 643
l 643 644
l 644 645
l 645 646
l 646 647
l 647 648
l 648 649
l 649 650
l 650 651
l 651 652
l 652 653
l 653 654
l 654 655
l 655 656
l 656 657
l 657 658
l 658 659
l 659 660
l 660 661
l 661 662
l 662 663
l 663 664
l 664 665
l 665 666
l 666 667
l 667 668
l 668 669
l 669 670
l 670 671
l 671 672
l 672 673
l 673 674
l 674 675
l 675 676
l 676 677
l 677 678
l 678 679
l 679 680
l 680 681
l 681 682
l 682 683
l 683 684
l 684 685
l 685 686
l 686 687
l 687 688
l 688 689
l 689 690
l 690 691
l 691 692
l 692 693
l 693 694
l 694 695
l 695 696
l 696 697
l 697 698
l 698 699
l 699 700
l 700 701
l 701 702
l 702 703
l 703 704
l 704 705
l 705 706
l 706 707
l 707 708
l 708 709
l 709 710
l 710 711
l 711 712
l 712 713
l 713 714
l 714 715
l 715 716
l 716 717
l 717 718
l 718 719
l 719 720
l 720 721
l 721 722
l 722 723
l 723 724
l 724 725
l 725 726
l 726 727
l 727 728
l 728 729
l 729 730
l 730 731
l 731 732
l 732 733
l 733 734
l 734 735
l 735 736
l 736 737
l 737 738
l 738 739
l 739 740
l 740 741
l 741 742
l 742 743
l 743 744
l 744 745
l 745 746
l 746 747
l 747 748
l 748 749
l 749 750
l 750 751
l 751 752
l 752 753
l 753 754
l 754 755
l 755 756
l 756 757
l 757 758
l 758 759
l 759 760
l 760 761
l 761 762
l 762 763
l 763 764
l 764 765
l 765 766
l 766 767
l 767 768
l 768 769
l 769 770
l 770 771
l 771 772
l 772 773
l 773 774
l 774 775
l 775 776
l 776 777
l 777 778
l 778 779
l 779 780
l 780 781
l 781 782
l 782 783
l 783 784
l 784 785
l 785 786
l 786 787
l 787 788
l 788 789
l 789 790
l 790 791
l 791 792
l 792 793
l 793 794
l 794 795
l 795 796
l 796 797
l 797 798
l 798 799
l 799 800
l 800 801
l 801 802
l 802 803
l 803 804
l 804 805
l 805 806
l 806 807
l 807 808
l 808 809
l 809 810
l 810 811
l 811 812
l 812 813
l 813 814
l 814 815
l 815 816
l 816 817
l 817 818
l 818 819
l 819 820
l 820 821
l 821 822
l 822 823
l 823 824
l 824 825
l 825 826
l 826 827
l 827 828
l 828 829
l 829 830
l 830 831
l 831 832
l 832 833
l 833 834
l 834 835
l 835 836
l 836 837
l 837 838
l 838 839
l 839 840
l 840 841
l 841 842
l 842 843
l 843 844
l 844 845
l 845 846
l 846 847
l 847 848
l 848 849
l 849 850
l 850 851
l 851 852
l 852 853
l 853 854
l 854 855
l 855 856
l 856 857
l 857 858
l 858 859
l 859 860
l 860 861
l 861 862
l 862 863
l 863 864
l 864 865
l 865 866
l 866 867
l 867 868
l 868 869
l 869 870
l 870 871
l 871 872
l 872 873
l 873 874
l 874 875
l 875 876
l 876 877
l 877 878
l 878 879
l 879 880
l 880 881
l 881 882
l 882 883
l 883 884
l 884 885
l 885 886
l 886 887
l 887 888
l 888 889
l 889 890
l 890 891
l 891 892
l 892 893
l 893 894
l 894 895
l 895 896
l 896 897
l 897 898
l 898 899
l 899 900
l 900 901
l 901 902
l 902 903
l 903 904
l 904 905
l 905 906
l 906 907
l 907 908
l 908 909
l 909 910
l 910 911
l 911 912
l 912 913
l 913 914
l 914 915
l 915 916
l 916 917
l 917 918
l 918 919
l 919 920
l 920 921
l 921 922
l 922 923
l 923 924
l 924 925
l 925 926
l 926 927
l 927 928
l 928 929
l 929 930
l 930 931
l 931 932
l 932 933
l 933 934
l 934 935
l 935 936
l 936 937
l 937 938
l 938 939
l 939 940
l 940 941
l 941 942
l 942 943
l 943 944
l 944 945
l 945 946
l 946 947
l 947 948
l 948 949
l 949 950
l 950 951
l 951 952
l 952 953
l 953 954
l 954 955
l 955 956
l 956 957
l 957 958
l 958 959
l 959 960
l 960 961
l 961 962
l 962 963
l 963 964
l 964 965
l 965 966
l 966 967
l 967 968
l 968 969
l 969 970
l 970 971
l 971 972
l 972 973
l 973 974
l 974 975
l 975 976
l 976 977
l 977 978
l 978 979
l 979 980
l 980 981
l 981 982
l 982 983
l 983 984
l 984 985
l 985 986
l 986 987
l 987 988
l 988 989
l 989 990
l 990 991
l 991 992
l 992 993
l 993 994
l 994 995
l 995 996
l 996 997
l 997 998
l 998 999
l 999 1000
l 1000 1001
l 1001 1002
l 1002 1003
l 1003 1004
l 1004 1005
l 1005 1006
l 1006 1007
l 1007 1008
l 1008 1009
l 1009 1010
l 1010 1011
l 1011 1012
l 1012 1013
l 1013 1014
l 1014 1015
l 1015 1016
l 1016 1017
l 1017 1018
l 1018 1019
l 1019 1020
l 1020 1021
l 1021 1022
l 1022 1023
l 1023 1024
l 1024 1025
l 1025 1026
l 1026 1027
l 1027 1028
l 1028 1029
l 1029 1030
l 1030 1031
l 1031 1032
l 1032 1033
l 1033 1034
l 1034 1035
l 1035 1036
l 1036 1037
l 1037 1038
l 1038 1039
l 1039 1040
l 1040 1041
l 1041 1042
l 1042 1043
l 1043 1044
l 1044 1045
l 1045 1046
l 1046 1047
l 1047 1048
l 1048 1049
l 1049 1050
l 1050 1051
l 1051 1052
l 1052 1053
l 1053 1054
l 1054 1055
l 1055 1056
l 1056 1057
l 1057 1058
l 1058 1059
l 1059 1060
l 1060 1061
l 1061 1062
l 1062 1063
l 1063 1064
l 1064 1065
l 1065 1066
l 1066 1067
l 1067 1068
l 1068 1069
l 1069 1070
l 1070 1071
l 1071 1072
l 1072 1073
l 1073 1074
l 1074 1075
l 1075 1076
l 1076 1077
l 1077 1078
l 1078 1079
l 1079 1080
l 1080 1081
l 1081 1082
l 1082 1083
l 1083 1084
l 1084 1085
l 1085 1086
l 1086 1087
l 1087 1088
l 1088 1089
l 1089 1090
l 1090 1091
l 1091 1092
l 1092 1093
l 1093 1094
l 1094 1095
l 1095 1096
l 1096 1097
l 1097 1098
l 1098 1099
l 1099 1100
l 1100 1101
l 1101 1102
l 1102 1103
l 1103 1104
l 1104 1105
l 1105 1106
l 1106 1107
l 1107 1108
l 1108 1109
l 1109 1110
l 1110 1111
l 1111 1112
l 1112 1113
l 1113 1114
l 1114 1115
l 1115 1116
l 1116 1117
l 1117 1118
l 1118 1119
l 1119 1120
l 1120 1121
l 1121 1122
l 1122 1123
l 1123 1124
l 1124 1125
l 1125 1126
l 1126 1127
l 1127 1128
l 1128 1129
l 1129 1130
l 1130 1131
l 1131 1132
l 1132 1133
l 1133 1134
l 1134 1135
l 1135 1136
l 1136 1137
l 1137 1138
l 1138 1139
l 1139 1140
l 1140 1141
l 1141 1142
l 1142 1143
l 1143 1144
l 1144 1145
l 1145 1146
l 1146 1147
l 1147 1148
l 1148 1149
l 1149 1150
l 1150 1151
l 1151 1152
l 1152 1153
l 1153 1154
l 1154 1155
l 1155 1156
l 1156 1157
l 1157 1158
l 1158 1159
l 1159 1160
l 1160 1161
l 1161 1162
l 1162 1163
l 1163 1164
l 1164 1165
l 1165 1166
l 1166 1167
l 1167 1168
l 1168 1169
l 1169 1170
l 1170 1171
l 1171 1172
l 1172 1173
l 1173 1174
l 1174 1175
l 1175 1176
l 1176 1177
l 1177 1178
l 1178 1179
l 1179 1180
l 1180 1181
l 1181 1182
l 1182 1183
l 1183 1184
l 1184 1185
l 1185 1186
l 1186 1187
l 1187 1188
l 1188 1189
l 1189 1190
l 1190 1191
l 1191 1192
l 1192 1193
l 1193 1194
l 1194 1195
l 1195 1196
l 1196 1197
l 1197 1198
l 1198 1199
l 1199 1200
l 1200 1201
l 1201 1202
l 1202 1203
l 1203 1204
l 1204 1205
l 1205 1206
l 1206 1207
l 1207 1208
l 1208 1209
l 1209 1210
l 1210 1211
l 1211 1212
l 1212 1213
l 1213 1214
l 1214 1215
l 1215 1216
l 1216 1217
l 1217 1218
l 1218 1219
l 1219 1220
l 1220 1221
l 1221 1222
l 1222 1223
l 1223 1224
l 1224 1225
l 1225 1226
l 1226 1227
l 1227 1228
l 1228 1229
l 1229 1230
l 1230 1231
l 1231 1232
l 1232 1233
l 1233 1234
l 1234 1235
l 1235 1236
l 1236 1237
l 1237 1238
l 1238 1239
l 1239 1240
l 1240 1241
l 1241 1242
l 1242 1243
l 1243 1244
l 1244 1245
l 1245 1246
l 1246 1247
l 1247 1248
l 1248 1249
l 1249 1250
l 1250 1251
l 1251 1252
l 1252 1253
l 1253 1254
l 1254 1255
l 1255 1256
l 1256 1257
l 1257 1258
l 1258 1259
l 1259 1260
l 1260 1261
l 1261 1262
l 1262 1263
l 1263 1264
l 1264 1265
l 1265 1266
l 1266 1267
l 1267 1268
l 1268 1269
l 1269 1270
l 1270 1271
l 1271 1272
l 1272 1273
l 1273 1274
l 1274 1275
l 1275 1276
l 1276 1277
l 1277 1278
l 1278 1279
l 1279 1280
l 1280 1281
l 1281 1282
l 1282 1283
l 1283 1284
l 1284 1285
l 1285 1286
l 1286 1287
l 1287 1288
l 1288 1289
l 1289 1290
l 1290 1291
l 1291 1292
l 1292 1293
l 1293 1294
l 1294 1295
l 1295 1296
l 1296 1297
l 1297 1298
l 1298 1299
l 1299 1300
l 1300 1301
l 1301 1302
l 1302 1303
l 1303 1304
l 1304 1305
l 1305 1306
l 1306 1307
l 1307 1308
l 1308 1309
l 1309 1310
l 1310 1311
l 1311 1312
l 1312 1313
l 1313 1314
l 1314 1315
l 1315 1316
l 1316 1317
l 1317 1318
l 1318 1319
l 1319 1320
l 1320 1321
l 1321 1322
l 1322 1323
l 1323 1324
l 1324 1325
l 1325 1326
l 1326 1327
l 1327 1328
l 1328 1329
l 1329 1330
l 1330 1331
l 1331 1332
l 1332 1333
l 1333 1334
l 1334 1335
l 1335 1336
l 1336 1337
l 1337 1338
l 1338 1339
l 1339 1340
l 1340 1341
l 1341 1342
l 1342 1343
l 1343 1344
l 1344 1345
l 1345 1346
l 1346 1347
l 1347 1348
l 1348 1349
l 1349 1350
l 1350 1351
l 1351 1352
l 1352 1353
l 1353 1354
l 1354 1355
l 1355 1356
l 1356 1357
l 1357 1358
l 1358 1359
l 1359 1360
l 1360 1361
l 1361 1362
l 1362 1363
l 1363 1364
l 1364 1365
l 1365 1366
l 1366 1367
l 1367 1368
l 1368 1369
l 1369 1370
l 1370 1371
l 1371 1372
l 1372 1373
l 1373 1374
l 1374 1375
l 1375 1376
l 1376 1377
l 1377 1378
l 1378 1379
l 1379 1380
l 1380 1381
l 1381 1382
l 1382 1383
l 1383 1384
l 1384 1385
l 1385 1386
l 1386 1387
l 1387 1388
l 1388 1389
l 1389 1390
l 1390 1391
l 1391 1392
l 1392 1393
l 1393 1394
l 1394 1395
l 1395 1396
l 1396 1397
l 1397 1398
l 1398 1399
l 1399 1400
l 1400 1401
l 1401 1402
l 1402 1403
l 1403 1404
l 1404 1405
l 1405 1406
l 1406 1407
l 1407 1408
l 1408 1409
l 1409 1410
l 1410 1411
l 1411 1412
l 1412 1413
l 1413 1414
l 1414 1415
l 1415 1416
l 1416 1417
l 1417 1418
l 1418 1419
l 1419 1420
l 1420 1421
l 1421 1422
l 1422 1423
l 1423 1424
l 1424 1425
l 1425 1426
l 1426 1427
l 1427 1428
l 1428 1429
l 1429 1430
l 1430 1431
l 1431 1432
l 1432 1433
l 1433 1434
l 1434 1435
l 1435 1436
l 1436 1437
l 1437 1438
l 1438 1439
l 1439 1440
l 1440 1441
l 1441 1442
l 1442 1443
l 1443 1444
l 1444 1445
l 1445 1446
l 1446 1447
l 1447 1448
l 1448 1449
l 1449 1450
l 1450 1451
l 1451 1452
l 1452 1453
l 1453 1454
l 1454 1455
l 1455 1456
l 1456 1457
l 1457 1458
l 1458 1459
l 1459 1460
l 1460 1461
l 1461 1462
l 1462 1463
l 1463 1464
l 1464 1465
l 1465 1466
l 1466 1467
l 1467 1468
l 1468 1469
l 1469 1470
l 1470 1471
l 1471 1472
l 1472 1473
l 1473 1474
l 1474 1475
l 1475 1476
l 1476 1477
l 1477 1478
l 1478 1479
l 1479 1480
l 1480 1481
l 1481 1482
l 1482 1483
l 1483 1484
l 1484 1485
l 1485 1486
l 1486 1487
l 1487 1488
l 1488 1489
l 1489 1490
l 1490 1491
l 1491 1492
l 1492 1493
l 1493 1494
l 1494 1495
l 1495 1496
l 1496 1497
l 1497 1498
l 1498 1499
l 1499 1500
l 1500 1501
l 1501 1502
l 1502 1503
l 1503 1504
l 1504 1505
l 1505 1506
l 1506 1507
l 1507 1508
l 1508 1509
l 1509 1510
l 1510 1511
l 1511 1512
l 1512 1513
l 1513 1514
l 1514 1515
l 1515 1516
l 1516 1517
l 1517 1518
l 1518 1519
l 1519 1520
l 1520 1521
l 1521 1522
l 1522 1523
l 1523 1524
l 1524 1525
l 1525 1526
l 1526 1527
l 1527 1528
l 1528 1529
l 1529 1530
l 1530 1531
l 1531 1532
l 1532 1533
l 1533 1534
l 1534 1535
l 1535 1536
l 1536 1537
l 1537 1538
l 1538 1539
l 1539 1540
l 1540 1541
l 1541 1542
l 1542 1543
l 1543 1544
l 1544 1545
l 1545 1546
l 1546 1547
l 1547 1548
l 1548 1549
l 1549 1550
l 1550 1551
l 1551 1552
l 1552 1553
l 1553 1554
l 1554 1555
l 1555 1556
l 1556 1557
l 1557 1558
l 1558 1559
l 1559 1560
l 1560 1561
l 1561 1562
l 1562 1563
l 1563 1564
l 1564 1565
l 1565 1566
l 1566 1567
l 1567 1568
l 1568 1569
l 1569 1570
l 1570 1571
l 1571 1572
l 1572 1573
l 1573 1574
l 1574 1575
l 1575 1576
l 1576 1577
l 1577 1578
l 1578 1579
l 1579 1580
l 1580 1581
l 1581 1582
l 1582 1583
l 1583 1584
l 1584 1585
l 1585 1586
l 1586 1587
l 1587 1588
l 1588 1589
l 1589 1590
l 1590 1591
l 1591 1592
l 1592 1593
l 1593 1594
l 1594 1595
l 1595 1596
l 1596 1597
l 1597 1598
l 1598 1599
l 1599 1600
l 1600 1601
l 1601 1602
l 1602 1603
l 1603 1604
l 1604 1605
l 1605 1606
l 1606 1607
l 1607 1608
l 1608 1609
l 1609 1610
l 1610 1611
l 1611 1612
l 1612 1613
l 1613 1614
l 1614 1615
l 1615 1616
l 1616 1617
l 1617 1618
l 1618 1619
l 1619 1620
l 1620 1621
l 1621 1622
l 1622 1623
l 1623 1624
l 1624 1625
l 1625 1626
l 1626 1627
l 1627 1628
l 1628 1629
l 1629 1630
l 1630 1631
l 1631 1632
l 1632 1633
l 1633 1634
l 1634 1635
l 1635 1636
l 1636 1637
l 1637 1638
l 1638 1639
l 1639 1640
l 1640 1641
l 1641 1642
l 1642 1643
l 1643 1644
l 1644 1645
l 1645 1646
l 1646 1647
l 1647 1648
l 1648 1649
l 1649 1650
l 1650 1651
l 1651 1652
l 1652 1653
l 1653 1654
l 1654 1655
l 1655 1656
l 1656 1657
l 1657 1658
l 1658 1659
l 1659 1660
l 1660 1661
l 1661 1662
l 1662 1663
l 1663 1664
l 1664 1665
l 1665 1666
l 1666 1667
l 1667 1668
l 1668 1669
l 1669 1670
l 1670 1671
l 1671 1672
l 1672 1673
l 1673 1674
l 1674 1675
l 1675 1676
l 1676 1677
l 1677 1678
l 1678 1679
l 1679 1680
l 1680 1681
l 1681 1682
l 1682 1683
l 1683 1684
l 1684 1685
l 1685 1686
l 1686 1687
l 1687 1688
l 1688 1689
l 1689 1690
l 1690 1691
l 1691 1692
l 1692 1693
l 1693 1694
l 1694 1695
l 1695 1696
l 1696 1697
l 1697 1698
l 1698 1699
l 1699 1700
l 1700 1701
l 1701 1702
l 1702 1703
l 1703 1704
l 1704 1705
l 1705 1706
l 1706 1707
l 1707 1708
l 1708 1709
l 1709 1710
l 1710 1711
l 1711 1712
l 1712 1713
l 1713 1714
l 1714 1715
l 1715 1716
l 1716 1717
l 1717 1718
l 1718 1719
l 1719 1720
l 1720 1721
l 1721 1722
l 1722 1723
l 1723 1724
l 1724 1725
l 1725 1726
l 1726 1727
l 1727 1728
l 1728 1729
l 1729 1730
l 1730 1731
l 1731 1732
l 1732 1733
l 1733 1734
l 1734 1735
l 1735 1736
l 1736 1737
l 1737 1738
l 1738 1739
l 1739 1740
l 1740 1741
l 1741 1742
l 1742 1743
l 1743 1744
l 1744 1745
l 1745 1746
l 1746 1747
l 1747 1748
l 1748 1749
l 1749 1750
l 1750 1751
l 1751 1752
l 1752 1753
l 1753 1754
l 1754 1755
l 1755 1756
l 1756 1757
l 1757 1758
l 1758 1759
l 1759 1760
l 1760 1761
l 1761 1762
l 1762 1763
l 1763 1764
l 1764 1765
l 1765 1766
l 1766 1767
l 1767 1768
l 1768 1769
l 1769 1770
l 1770 1771
l 1771 1772
l 1772 1773
l 1773 1774
l 1774 1775
l 1775 1776
l 1776 1777
l 1777 1778
l 1778 1779
l 1779 1780
l 1780 1781
l 1781 1782
l 1782 1783
l 1783 1784
l 1784 1785
l 1785 1786
l 1786 1787
l 1787 1788
l 1788 1789
l 1789 1790
l 1790 1791
l 1791 1792
l 1792 1793
l 1793 1794
l 1794 1795
l 1795 1796
l 1796 1797
l 1797 1798
l 1798 1799
l 1799 1800
l 1800 1801
l 1801 1802
l 1802 1803
l 1803 1804
l 1804 1805
l 1805 1806
l 1806 1807
l 1807 1808
l 1808 1809
l 1809 1810
l 1810 1811
l 1811 1812
l 1812 1813
l 1813 1814
l 1814 1815
l 1815 1816
l 1816 1817
l 1817 1818
l 1818 1819
l 1819 1820
l 1820 1821
l 1821 1822
l 1822 1823
l 1823 1824
l 1824 1825
l 1825 1826
l 1826 1827
l 1827 1828
l 1828 1829
l 1829 1830
l 1830 1831
l 1831 1832
l 1832 1833
l 1833 1834
l 1834 1835
l 1835 1836
l 1836 1837
l 1837 1838
l 1838 1839
l 1839 1840
l 1840 1841
l 1841 1842
l 1842 1843
l 1843 1844
l 1844 1845
l 1845 1846
l 1846 1847
l 1847 1848
l 1848 1849
l 1849 1850
l 1850 1851
l 1851 1852
l 1852 1853
l 1853 1854
l 1854 1855
l 1855 1856
l 1856 1857
l 1857 1858
l 1858 1859
l 1859 1860
l 1860 1861
l 1861 1862
l 1862 1863
l 1863 1864
l 1864 1865
l 1865 1866
l 1866 1867
l 1867 1868
l 1868 1869
l 1869 1870
l 1870 1871
l 1871 1872
l 1872 1873
l 1873 1874
l 1874 1875
l 1875 1876
l 1876 1877
l 1877 1878
l 1878 1879
l 1879 1880
l 1880 1881
l 1881 1882
l 1882 1883
l 1883 1884
l 1884 1885
l 1885 1886
l 1886 1887
l 1887 1888
l 1888 1889
l 1889 1890
l 1890 1891
l 1891 1892
l 1892 1893
l 1893 1894
l 1894 1895
l 1895 1896
l 1896 1897
l 1897 1898
l 1898 1899
l 1899 1900
l 1900 1901
l 1901 1902
l 1902 1903
l 1903 1904
l 1904 1905
l 1905 1906
l 1906 1907
l 1907 1908
l 1908 1909
l 1909 1910
l 1910 1911
l 1911 1912
l 1912 1913
l 1913 1914
l 1914 1915
l 1915 1916
l 1916 1917
l 1917 1918
l 1918 1919
l 1919 1920
l 1920 1921
l 1921 1922
l 1922 1923
l 1923 1924
l 1924 1925
l 1925 1926
l 1926 1927
l 1927 1928
l 1928 1929
l 1929 1930
l 1930 1931
l 1931 1932
l 1932 1933
l 1933 1934
l 1934 1935
l 1935 1936
l 1936 1937
l 1937 1938
l 1938 1939
l 1939 1940
l 1940 1941
l 1941 1942
l 1942 1943
l 1943 1944
l 1944 1945
l 1945 1946
l 1946 1947
l 1947 1948
l 1948 1949
l 1949 1950
l 1950 1951
l 1951 1952
l 1952 1953
l 1953 1954
l 1954 1955
l 1955 1956
l 1956 1957
l 1957 1958
l 1958 1959
l 1959 1960
l 1960 1961
l 1961 1962
l 1962 1963
l 1963 1964
l 1964 1965
l 1965 1966
l 1966 1967
l 1967 1968
l 1968 1969
l 1969 1970
l 1970 1971
l 1971 1972
l 1972 1973
l 1973 1974
l 1974 1975
l 1975 1976
l 1976 1977
l 1977 1978
l 1978 1979
l 1979 1980
l 1980 1981
l 1981 1982
l 1982 1983
l 1983 1984
l 1984 1985
l 1985 1986
l 1986 1987
l 1987 1988
l 1988 1989
l 1989 1990
l 1990 1991
l 1991 1992
l 1992 1993
l 1993 1994
l 1994 1995
l 1995 1996
l 1996 1997
l 1997 1998
l 1998 1999
l 1999 2000
l 2000 2001
l 2001 2002
l 2002 2003
l 2003 2004
l 2004 2005
l 2005 2006
l 2006 2007
l 2007 2008
l 2008 2009
l 2009 2010
l 2010 2011
l 2011 2012
l 2012 2013
l 2013 2014
l 2014 2015
l 2015 2016
l 2016 2017
l 2017 2018
l 2018 2019
l 2019 2020
l 2020 2021
l 2021 2022
l 2022 2023
l 2023 2024
l 2024 2025
l 2025 2026
l 2026 2027
l 2027 2028
l 2028 2029
l 2029 2030
l 2030 2031
l 2031 2032
l 2032 2033
l 2033 2034
l 2034 2035
l 2035 2036
l 2036 2037
l 2037 2038
l 2038 2039
l 2039 2040
l 2040 2041
l 2041 2042
l 2042 2043
l 2043 2044
l 2044 2045
l 2045 2046
l 2046 2047
l 2047 2048
l 2048 2049
l 2049 2050
l 2050 2051
l 2051 2052
l 2052 2053
l 2053 2054
l 2054 2055
l 2055 2056
l 2056 2057
l 2057 2058
l 2058 2059
l 2059 2060
l 2060 2061
l 2061 2062
l 2062 2063
l 2063 2064
l 2064 2065
l 2065 2066
l 2066 2067
l 2067 2068
l 2068 2069
l 2069 2070
l 2070 2071
l 2071 2072
l 2072 2073
l 2073 2074
l 2074 2075
l 2075 2076
l 2076 2077
l 2077 2078
l 2078 2079
l 2079 2080
l 2080 2081
l 2081 2082
l 2082 2083
l 2083 2084
l 2084 2085
l 2085 2086
l 2086 2087
l 2087 2088
l 2088 2089
l 2089 2090
l 2090 2091
l 2091 2092
l 2092 2093
l 2093 2094
l 2094 2095
l 2095 2096
l 2096 2097
l 2097 2098
l 2098 2099
l 2099 2100
l 2100 2101
l 2101 2102
l 2102 2103
l 2103 2104
l 2104 2105
l 2105 2106
l 2106 2107
l 2107 2108
l 2108 2109
l 2109 2110
l 2110 2111
l 2111 2112
l 2112 2113
l 2113 2114
l 2114 2115
l 2115 2116
l 2116 2117
l 2117 2118
l 2118 2119
l 2119 2120
l 2120 2121
l 2121 2122
l 2122 2123
l 2123 2124
l 2124 2125
l 2125 2126
l 2126 2127
l 2127 2128
l 2128 2129
l 2129 2130
l 2130 2131
l 2131 2132
l 2132 2133
l 2133 2134
l 2134 2135
l 2135 2136
l 2136 2137
l 2137 2138
l 2138 2139
l 2139 2140
l 2140 2141
l 2141 2142
l 2142 2143
l 2143 2144
l 2144 2145
l 2145 2146
l 2146 2147
l 2147 2148
l 2148 2149
l 2149 2150
l 2150 2151
l 2151 2152
l 2152 2153
l 2153 2154
l 2154 2155
l 2155 2156
l 2156 2157
l 2157 2158
l 2158 2159
l 2159 2160
l 2160 2161
l 2161 2162
l 2162 2163
l 2163 2164
l 2164 2165
l 2165 2166
l 2166 2167
l 2167 2168
l 2168 2169
l 2169 2170
l 2170 2171
l 2171 2172
l 2172 2173
l 2173 2174
l 2174 2175
l 2175 2176
l 2176 2177
l 2177 2178
l 2178 2179
l 2179 2180
l 2180 2181
l 2181 2182
l 2182 2183
l 2183 2184
l 2184 2185
l 2185 2186
l 2186 2187
l 2187 2188
l 2188 2189
l 2189 2190
l 2190 2191
l 2191 2192
l 2192 2193
l 2193 2194
l 2194 2195
l 2195 2196
l 2196 2197
l 2197 2198
l 2198 2199
l 2199 2200
l 2200 2201
l 2201 2202
l 2202 2203
l 2203 2204
l 2204 2205
l 2205 2206
l 2206 2207
l 2207 2208
l 2208 2209
l 2209 2210
l 2210 2211
l 2211 2212
l 2212 2213
l 2213 2214
l 2214 2215
l 2215 2216
l 2216 2217
l 2217 2218
l 2218 2219
l 2219 2220
l 2220 2221
l 2221 2222
l 2222 2223
l 2223 2224
l 2224 2225
l 2225 2226
l 2226 2227
l 2227 2228
l 2228 2229
l 2229 2230
l 2230 2231
l 2231 2232
l 2232 2233
l 2233 2234
l 2234 2235
l 2235 2236
l 2236 2237
l 2237 2238
l 2238 2239
l 2239 2240
l 2240 2241
l 2241 2242
l 2242 2243
l 2243 2244
l 2244 2245
l 2245 2246
l 2246 2247
l 2247 2248
l 2248 2249
l 2249 2250
l 2250 2251
l 2251 2252
l 2252 2253
l 2253 2254
l 2254 2255
l 2255 2256
l 2256 2257
l 2257 2258
l 2258 2259
l 2259 2260
l 2260 2261
l 2261 2262
l 2262 2263
l 2263 2264
l 2264 2265
l 2265 2266
l 2266 2267
l 2267 2268
l 2268 2269
l 2269 2270
l 2270 2271
l 2271 2272
l 2272 2273
l 2273 2274
l 2274 2275
l 2275 2276
l 2276 2277
l 2277 2278
l 2278 2279
l 2279 2280
l 2280 2281
l 2281 2282
l 2282 2283
l 2283 2284
l 2284 2285
l 2285 2286
l 2286 2287
l 2287 2288
l 2288 2289
l 2289 2290
l 2290 2291
l 2291 2292
l 2292 2293
l 2293 2294
l 2294 2295
l 2295 2296
l 2296 2297
l 2297 2298
l 2298 2299
l 2299 2300
l 2300 2301
l 2301 2302
l 2302 2303
l 2303 2304
l 2304 2305
l 2305 2306
l 2306 2307
l 2307 2308
l 2308 2309
l 2309 2310
l 2310 2311
l 2311 2312
l 2312 2313
l 2313 2314
l 2314 2315
l 2315 2316
l 2316 2317
l 2317 2318
l 2318 2319
l 2319 2320
l 2320 2321
l 2321 2322
l 2322 2323
l 2323 2324
l 2324 2325
l 2325 2326
l 2326 2327
l 2327 2328
l 2328 2329
l 2329 2330
l 2330 2331
l 2331 2332
l 2332 2333
l 2333 2334
l 2334 2335
l 2335 2336
l 2336 2337
l 2337 2338
l 2338 2339
l 2339 2340
l 2340 2341
l 2341 2342
l 2342 2343
l 2343 2344
l 2344 2345
l 2345 2346
l 2346 2347
l 2347 2348
l 2348 2349
l 2349 2350
l 2350 2351
l 2351 2352
l 2352 2353
l 2353 2354
l 2354 2355
l 2355 2356
l 2356 2357
l 2357 2358
l 2358 2359
l 2359 2360
l 2360 2361
l 2361 2362
l 2362 2363
l 2363 2364
l 2364 2365
l 2365 2366
l 2366 2367
l 2367 2368
l 2368 2369
l 2369 2370
l 2370 2371
l 2371 2372
l 2372 2373
l 2373 2374
l 2374 2375
l 2375 2376
l 2376 2377
l 2377 2378
l 2378 2379
l 2379 2380
l 2380 2381
l 2381 2382
l 2382 2383
l 2383 2384
l 2384 2385
l 2385 2386
l 2386 2387
l 2387 2388
l 2388 2389
l 2389 2390
l 2390 2391
l 2391 2392
l 2392 2393
l 2393 2394
l 2394 2395
l 2395 2396
l 2396 2397
l 2397 2398
l 2398 2399
l 2399 2400
l 2400 2401
l 2401 2402
l 2402 2403
l 2403 2404
l 2404 2405
l 2405 2406
l 2406 2407
l 2407 2408
l 2408 2409
l 2409 2410
l 2410 2411
l 2411 2412
l 2412 2413
l 2413 2414
l 2414 2415
l 2415 2416
l 2416 2417
l 2417 2418
l 2418 2419
l 2419 2420
l 2420 2421
l 2421 2422
l 2422 2423
l 2423 2424
l 2424 2425
l 2425 2426
l 2426 2427
l 2427 2428
l 2428 2429
l 2429 2430
l 2430 2431
l 2431 2432
l 2432 2433
l 2433 2434
l 2434 2435
l 2435 2436
l 2436 2437
l 2437 2438
l 2438 2439
l 2439 2440
l 2440 2441
l 2441 2442
l 2442 2443
l 2443 2444
l 2444 2445
l 2445 2446
l 2446 2447
l 2447 2448
l 2448 2449
l 2449 2450
l 2450 2451
l 2451 2452
l 2452 2453
l 2453 2454
l 2454 2455
l 2455 2456
l 2456 2457
l 2457 2458
l 2458 2459
l 2459 2460
l 2460 2461
l 2461 2462
l 2462 2463
l 2463 2464
l 2464 2465
l 2465 2466
l 2466 2467
l 2467 2468
l 2468 2469
l 2469 2470
l 2470 2471
l 2471 2472
l 2472 2473
l 2473 2474
l 2474 2475
l 2475 2476
l 2476 2477
l 2477 2478
l 2478 2479
l 2479 2480
l 2480 2481
l 2481 2482
l 2482 2483
l 2483 2484
l 2484 2485
l 2485 2486
l 2486 2487
l 2487 2488
l 2488 2489
l 2489 2490
l 2490 2491
l 2491 2492
l 2492 2493
l 2493 2494
l 2494 2495
l 2495 2496
l 2496 2497
l 2497 2498
l 2498 2499
l 2499 2500
l 2500 2501
l 2501 2502
l 2502 2503
l 2503 2504
l 2504 2505
l 2505 2506
l 2506 2507
l 2507 2508
l 2508 2509
l 2509 2510
l 2510 2511
l 2511 2512
l 2512 2513
l 2513 2514
l 2514 2515
l 2515 2516
l 2516 2517
l 2517 2518
l 2518 2519
l 2519 2520
l 2520 2521
l 2521 2522
l 2522 2523
l 2523 2524
l 2524 2525
l 2525 2526
l 2526 2527
l 2527 2528
l 2528 2529
l 2529 2530
l 2530 2531
l 2531 2532
l 2532 2533
l 2533 2534
l 2534 2535
l 2535 2536
l 2536 2537
l 2537 2538
l 2538 2539
l 2539 2540
l 2540 2541
l 2541 2542
l 2542 2543
l 2543 2544
l 2544 2545
l 2545 2546
l 2546 2547
l 2547 2548
l 2548 2549
l 2549 2550
l 2550 2551
l 2551 2552
l 2552 2553
l 2553 2554
l 2554 2555
l 2555 2556
l 2556 2557
l 2557 2558
l 2558 2559
l 2559 2560
l 2560 2561
l 2561 2562
l 2562 2563
l 2563 2564
l 2564 2565
l 2565 2566
l 2566 2567
l 2567 2568
l 2568 2569
l 2569 2570
l 2570 2571
l 2571 2572
l 2572 2573
l 2573 2574
l 2574 2575
l 2575 2576
l 2576 2577
l 2577 2578
l 2578 2579
l 2579 2580
l 2580 2581
l 2581 2582
l 2582 2583
l 2583 2584
l 2584 2585
l 2585 2586
l 2586 2587
l 2587 2588
l 2588 2589
l 2589 2590
l 2590 2591
l 2591 2592
l 2592 2593
l 2593 2594
l 2594 2595
l 2595 2596
l 2596 2597
l 2597 2598
l 2598 2599
l 2599 2600
l 2600 2601
l 2601 2602
l 2602 2603
l 2603 2604
l 2604 2605
l 2605 2606
l 2606 2607
l 2607 2608
l 2608 2609
l 2609 2610
l 2610 2611
l 2611 2612
l 2612 2613
l 2613 2614
l 2614 2615
l 2615 2616
l 2616 2617
l 2617 2618
l 2618 2619
l 2619 2620
l 2620 2621
l 2621 2622
l 2622 2623
l 2623 2624
l 2624 2625
l 2625 2626
l 2626 2627
l 2627 2628
l 2628 2629
l 2629 2630
l 2630 2631
l 2631 2632
l 2632 2633
l 2633 2634
l 2634 2635
l 2635 2636
l 2636 2637
l 2637 2638
l 2638 2639
l 2639 2640
l 2640 2641
l 2641 2642
l 2642 2643
l 2643 2644
l 2644 2645
l 2645 2646
l 2646 2647
l 2647 2648
l 2648 2649
l 2649 2650
l 2650 2651
l 2651 2652
l 2652 2653
l 2653 2654
l 2654 2655
l 2655 2656
l 2656 2657
l 2657 2658
l 2658 2659
l 2659 2660
l 2660 2661
l 2661 2662
l 2662 2663
l 2663 2664
l 2664 2665
l 2665 2666
l 2666 2667
l 2667 2668
l 2668 2669
l 2669 2670
l 2670 2671
l 2671 2672
l 2672 2673
l 2673 2674
l 2674 2675
l 2675 2676
l 2676 2677
l 2677 2678
l 2678 2679
l 2679 2680
l 2680 2681
l 2681 2682
l 2682 2683
l 2683 2684
l 2684 2685
l 2685 2686
l 2686 2687
l 2687 2688
l 2688 2689
l 2689 2690
l 2690 2691
l 2691 2692
l 2692 2693
l 2693 2694
l 2694 2695
l 2695 2696
l 2696 2697
l 2697 2698
l 2698 2699
l 2699 2700
l 2700 2701
l 2701 2702
l 2702 2703
l 2703 2704
l 2704 2705
l 2705 2706
l 2706 2707
l 2707 2708
l 2708 2709
l 2709 2710
l 2710 2711
l 2711 2712
l 2712 2713
l 2713 2714
l 2714 2715
l 2715 2716
l 2716 2717
l 2717 2718
l 2718 2719
l 2719 2720
l 2720 2721
l 2721 2722
l 2722 2723
l 2723 2724
l 2724 2725
l 2725 2726
l 2726 2727
l 2727 2728
l 2728 2729
l 2729 2730
l 2730 2731
l 2731 2732
l 2732 2733
l 2733 2734
l 2734 2735
l 2735 2736
l 2736 2737
l 2737 2738
l 2738 2739
l 2739 2740
l 2740 2741
l 2741 2742
l 2742 2743
l 2743 2744
l 2744 2745
l 2745 2746
l 2746 2747
l 2747 2748
l 2748 2749
l 2749 2750
l 2750 2751
l 2751 2752
l 2752 2753
l 2753 2754
l 2754 2755
l 2755 2756
l 2756 2757
l 2757 2758
l 2758 2759
l 2759 2760
l 2760 2761
l 2761 2762
l 2762 2763
l 2763 2764
l 2764 2765
l 2765 2766
l 2766 2767
l 2767 2768
l 2768 2769
l 2769 2770
l 2770 2771
l 2771 2772
l 2772 2773
l 2773 2774
l 2774 2775
l 2775 2776
l 2776 2777
l 2777 2778
l 2778 2779
l 2779 2780
l 2780 2781
l 2781 2782
l 2782 2783
l 2783 2784
l 2784 2785
l 2785 2786
l 2786 2787
l 2787 2788
l 2788 2789
l 2789 2790
l 2790 2791
l 2791 2792
l 2792 2793
l 2793 2794
l 2794 2795
l 2795 2796
l 2796 2797
l 2797 2798
l 2798 2799
l 2799 2800
l 2800 2801
l 2801 2802
l 2802 2803
l 2803 2804
l 2804 2805
l 2805 2806
l 2806 2807
l 2807 2808
l 2808 2809
l 2809 2810
l 2810 2811
l 2811 2812
l 2812 2813
l 2813 2814
l 2814 2815
l 2815 2816
l 2816 2817
l 2817 2818
l 2818 2819
l 2819 2820
l 2820 2821
l 2821 2822
l 2822 2823
l 2823 2824
l 2824 2825
l 2825 2826
l 2826 2827
l 2827 2828
l 2828 2829
l 2829 2830
l 2830 2831
l 2831 2832
l 2832 2833
l 2833 2834
l 2834 2835
l 2835 2836
l 2836 2837
l 2837 2838
l 2838 2839
l 2839 2840
l 2840 2841
l 2841 2842
l 2842 2843
l 2843 2844
l 2844 2845
l 2845 2846
l 2846 2847
l 2847 2848
l 2848 2849
l 2849 2850
l 2850 2851
l 2851 2852
l 2852 2853
l 2853 2854
l 2854 2855
l 2855 2856
l 2856 2857
l 2857 2858
l 2858 2859
l 2859 2860
l 2860 2861
l 2861 2862
l 2862 2863
l 2863 2864
l 2864 2865
l 2865 2866
l 2866 2867
l 2867 2868
l 2868 2869
l 2869 2870
l 2870 2871
l 2871 2872
l 2872 2873
l 2873 2874
l 2874 2875
l 2875 2876
l 2876 2877
l 2877 2878
l 2878 2879
l 2879 2880
l 2880 2881
l 2881 2882
l 2882 2883
l 2883 2884
l 2884 2885
l 2885 2886
l 2886 2887
l 2887 2888
l 2888 2889
l 2889 2890
l 2890 2891
l 2891 2892
l 2892 2893
l 2893 2894
l 2894 2895
l 2895 2896
l 2896 2897
l 2897 2898
l 2898 2899
l 2899 2900
l 2900 2901
l 2901 2902
l 2902 2903
l 2903 2904
l 2904 2905
l 2905 2906
l 2906 2907
l 2907 2908
l 2908 2909
l 2909 2910
l 2910 2911
l 2911 2912
l 2912 2913
l 2913 2914
l 2914 2915
l 2915 2916
l 2916 2917
l 2917 2918
l 2918 2919
l 2919 2920
l 2920 2921
l 2921 2922
l 2922 2923
l 2923 2924
l 2924 2925
l 2925 2926
l 2926 2927
l 2927 2928
l 2928 2929
l 2929 2930
l 2930 2931
l 2931 2932
l 2932 2933
l 2933 2934
l 2934 2935
l 2935 2936
l 2936 2937
l 2937 2938
l 2938 2939
l 2939 2940
l 2940 2941
l 2941 2942
l 2942 2943
l 2943 2944
l 2944 2945
l 2945 2946
l 2946 2947
l 2947 2948
l 2948 2949
l 2949 2950
l 2950 2951
l 2951 2952
l 2952 2953
l 2953 2954
l 2954 2955
l 2955 2956
l 2956 2957
l 2957 2958
l 2958 2959
l 2959 2960
l 2960 2961
l 2961 2962
l 2962 2963
l 2963 2964
l 2964 2965
l 2965 2966
l 2966 2967
l 2967 2968
l 2968 2969
l 2969 2970
l 2970 2971
l 2971 2972
l 2972 2973
l 2973 2974
l 2974 2975
l 2975 2976
l 2976 2977
l 2977 2978
l 2978 2979
l 2979 2980
l 2980 2981
l 2981 2982
l 2982 2983
l 2983 2984
l 2984 2985
l 2985 2986
l 2986 2987
l 2987 2988
l 2988 2989
l 2989 2990
l 2990 2991
l 2991 2992
l 2992 2993
l 2993 2994
l 2994 2995
l 2995 2996
l 2996 2997
l 2997 2998
l 2998 2999
l 2999 3000
l 3000 3001
l 3001 3002
l 3002 3003
l 3003 3004
l 3004 3005
l 3005 3006
l 3006 3007
l 3007 3008
l 3008 3009
l 3009 3010
l 3010 3011
l 3011 3012
l 3012 3013
l 3013 3014
l 3014 3015
l 3015 3016
l 3016 3017
l 3017 3018
l 3018 3019
l 3019 3020
l 3020 3021
l 3021 3022
l 3022 3023
l 3023 3024
l 3024 3025
l 3025 3026
l 3026 3027
l 3027 3028
l 3028 3029
l 3029 3030
l 3030 3031
l 3031 3032
l 3032 3033
l 3033 3034
l 3034 3035
l 3035 3036
l 3036 3037
l 3037 3038
l 3038 3039
l 3039 3040
l 3040 3041
l 3041 3042
l 3042 3043
l 3043 3044
l 3044 3045
l 3045 3046
l 3046 3047
l 3047 3048
l 3048 3049
l 3049 3050
l 3050 3051
l 3051 3052
l 3052 3053
l 3053 3054
l 3054 3055
l 3055 3056
l 3056 3057
l 3057 3058
l 3058 3059
l 3059 3060
l 3060 3061
l 3061 3062
l 3062 3063
l 3063 3064
l 3064 3065
l 3065 3066
l 3066 3067
l 3067 3068
l 3068 3069
l 3069 3070
l 3070 3071
l 3071 3072
l 3072 3073
l 3073 3074
l 3074 3075
l 3075 3076
l 3076 3077
l 3077 3078
l 3078 3079
l 3079 3080
l 3080 3081
l 3081 3082
l 3082 3083
l 3083 3084
l 3084 3085
l 3085 3086
l 3086 3087
l 3087 3088
l 3088 3089
l 3089 3090
l 3090 3091
l 3091 3092
l 3092 3093
l 3093 3094
l 3094 3095
l 3095 3096
l 3096 3097
l 3097 3098
l 3098 3099
l 3099 3100
l 3100 3101
l 3101 3102
l 3102 3103
l 3103 3104
l 3104 3105
l 3105 3106
l 3106 3107
l 3107 3108
l 3108 3109
l 3109 3110
l 3110 3111
l 3111 3112
l 3112 3113
l 3113 3114
l 3114 3115
l 3115 3116
l 3116 3117
l 3117 3118
l 3118 3119
l 3119 3120
l 3120 3121
l 3121 3122
l 3122 3123
l 3123 3124
l 3124 3125
l 3125 3126
l 3126 3127
l 3127 3128
l 3128 3129
l 3129 3130
l 3130 3131
l 3131 3132
l 3132 3133
l 3133 3134
l 3134 3135
l 3135 3136
l 3136 3137
l 3137 3138
l 3138 3139
l 3139 3140
l 3140 3141
l 3141 3142
l 3142 3143
l 3143 3144
l 3144 3145
l 3145 3146
l 3146 3147
l 3147 3148
l 3148 3149
l 3149 3150
l 3150 3151
l 3151 3152
l 3152 3153
l 3153 3154
l 3154 3155
l 3155 3156
l 3156 3157
l 3157 3158
l 3158 3159
l 3159 3160
l 3160 3161
l 3161 3162
l 3162 3163
l 3163 3164
l 3164 3165
l 3165 3166
l 3166 3167
l 3167 3168
l 3168 3169
l 3169 3170
l 3170 3171
l 3171 3172
l 3172 3173
l 3173 3174
l 3174 3175
l 3175 3176
l 3176 3177
l 3177 3178
l 3178 3179
l 3179 3180
l 3180 3181
l 3181 3182
l 3182 3183
l 3183 3184
l 3184 3185
l 3185 3186
l 3186 3187
l 3187 3188
l 3188 3189
l 3189 3190
l 3190 3191
l 3191 3192
l 3192 3193
l 3193 3194
l 3194 3195
l 3195 3196
l 3196 3197
l 3197 3198
l 3198 3199
l 3199 3200
l 3200 3201
l 3201 3202
l 3202 3203
l 3203 3204
l 3204 3205
l 3205 3206
l 3206 3207
l 3207 3208
l 3208 3209
l 3209 3210
l 3210 3211
l 3211 3212
l 3212 3213
l 3213 3214
l 3214 3215
l 3215 3216
l 3216 3217
l 3217 3218
l 3218 3219
l 3219 3220
l 3220 3221
l 3221 3222
l 3222 3223
l 3223 3224
l 3224 3225
l 3225 3226
l 3226 3227
l 3227 3228
l 3228 3229
l 3229 3230
l 3230 3231
l 3231 3232
l 3232 3233
l 3233 3234
l 3234 3235
l 3235 3236
l 3236 3237
l 3237 3238
l 3238 3239
l 3239 3240
l 3240 3241
l 3241 3242
l 3242 3243
l 3243 3244
l 3244 3245
l 3245 3246
l 3246 3247
l 3247 3248
l 3248 3249
l 3249 3250
l 3250 3251
l 3251 3252
l 3252 3253
l 3253 3254
l 3254 3255
l 3255 3256
l 3256 3257
l 3257 3258
l 3258 3259
l 3259 3260
l 3260 3261
l 3261 3262
l 3262 3263
l 3263 3264
l 3264 3265
l 3265 3266
l 3266 3267
l 3267 3268
l 3268 3269
l 3269 3270
l 3270 3271
l 3271 3272
l 3272 3273
l 3273 3274
l 3274 3275
l 3275 3276
l 3276 3277
l 3277 3278
l 3278 3279
l 3279 3280
l 3280 3281
l 3281 3282
l 3282 3283
l 3283 3284
l 3284 3285
l 3285 3286
l 3286 3287
l 3287 3288
l 3288 3289
l 3289 3290
l 3290 3291
l 3291 3292
l 3292 3293
l 3293 3294
l 3294 3295
l 3295 3296
l 3296 3297
l 3297 3298
l 3298 3299
l 3299 3300
l 3300 3301
l 3301 3302
l 3302 3303
l 3303 3304
l 3304 3305
l 3305 3306
l 3306 3307
l 3307 3308
l 3308 3309
l 3309 3310
l 3310 3311
l 3311 3312
l 3312 3313
l 3313 3314
l 3314 3315
l 3315 3316
l 3316 3317
l 3317 3318
l 3318 3319
l 3319 3320
l 3320 3321
l 3321 3322
l 3322 3323
l 3323 3324
l 3324 3325
l 3325 3326
l 3326 3327
l 3327 3328
l 3328 3329
l 3329 3330
l 3330 3331
l 3331 3332
l 3332 3333
l 3333 3334
l 3334 3335
l 3335 3336
l 3336 3337
l 3337 3338
l 3338 3339
l 3339 3340
l 3340 3341
l 3341 3342
l 3342 3343
l 3343 3344
l 3344 3345
l 3345 3346
l 3346 3347
l 3347 3348
l 3348 3349
l 3349 3350
l 3350 3351
l 3351 3352
l 3352 3353
l 3353 3354
l 3354 3355
l 3355 3356
l 3356 3357
l 3357 3358
l 3358 3359
l 3359 3360
l 3360 3361
l 3361 3362
l 3362 3363
l 3363 3364
l 3364 3365
l 3365 3366
l 3366 3367
l 3367 3368
l 3368 3369
l 3369 3370
l 3370 3371
l 3371 3372
l 3372 3373
l 3373 3374
l 3374 3375
l 3375 3376
l 3376 3377
l 3377 3378
l 3378 3379
l 3379 3380
l 3380 3381
l 3381 3382
l 3382 3383
l 3383 3384
l 3384 3385
l 3385 3386
l 3386 3387
l 3387 3388
l 3388 3389
l 3389 3390
l 3390 3391
l 3391 3392
l 3392 3393
l 3393 3394
l 3394 3395
l 3395 3396
l 3396 3397
l 3397 3398
l 3398 3399
l 3399 3400
l 3400 3401
l 3401 3402
l 3402 3403
l 3403 3404
l 3404 3405
l 3405 3406
l 3406 3407
l 3407 3408
l 3408 3409
l 3409 3410
l 3410 3411
l 3411 3412
l 3412 3413
l 3413 3414
l 3414 3415
l 3415 3416
l 3416 3417
l 3417 3418
l 3418 3419
l 3419 3420
l 3420 3421
l 3421 3422
l 3422 3423
l 3423 3424
l 3424 3425
l 3425 3426
l 3426 3427
l 3427 3428
l 3428 3429
l 3429 3430
l 3430 3431
l 3431 3432
l 3432 3433
l 3433 3434
l 3434 3435
l 3435 3436
l 3436 3437
l 3437 3438
l 3438 3439
l 3439 3440
l 3440 3441
l 3441 3442
l 3442 3443
l 3443 3444
l 3444 3445
l 3445 3446
l 3446 3447
l 3447 3448
l 3448 3449
l 3449 3450
l 3450 3451
l 3451 3452
l 3452 3453
l 3453 3454
l 3454 3455
l 3455 3456
l 3456 3457
l 3457 3458
l 3458 3459
l 3459 3460
l 3460 3461
l 3461 3462
l 3462 3463
l 3463 3464
l 3464 3465
l 3465 3466
l 3466 3467
l 3467 3468
l 3468 3469
l 3469 3470
l 3470 3471
l 3471 3472
l 3472 3473
l 3473 3474
l 3474 3475
l 3475 3476
l 3476 3477
l 3477 3478
l 3478 3479
l 3479 3480
l 3480 3481
l 3481 3482
l 3482 3483
l 3483 3484
l 3484 3485
l 3485 3486
l 3486 3487
l 3487 3488
l 3488 3489
l 3489 3490
l 3490 3491
l 3491 3492
l 3492 3493
l 3493 3494
l 3494 3495
l 3495 3496
l 3496 3497
l 3497 3498
l 3498 3499
l 3499 3500
l 3500 3501
l 3501 3502
l 3502 3503
l 3503 3504
l 3504 3505
l 3505 3506
l 3506 3507
l 3507 3508
l 3508 3509
l 3509 3510
l 3510 3511
l 3511 3512
l 3512 3513
l 3513 3514
l 3514 3515
l 3515 3516
l 3516 3517
l 3517 3518
l 3518 3519
l 3519 3520
l 3520 3521
l 3521 3522
l 3522 3523
l 3523 3524
l 3524 3525
l 3525 3526
l 3526 3527
l 3527 3528
l 3528 3529
l 3529 3530
l 3530 3531
l 3531 3532
l 3532 3533
l 3533 3534
l 3534 3535
l 3535 3536
l 3536 3537
l 3537 3538
l 3538 3539
l 3539 3540
l 3540 3541
l 3541 3542
l 3542 3543
l 3543 3544
l 3544 3545
l 3545 3546
l 3546 3547
l 3547 3548
l 3548 3549
l 3549 3550
l 3550 3551
l 3551 3552
l 3552 3553
l 3553 3554
l 3554 3555
l 3555 3556
l 3556 3557
l 3557 3558
l 3558 3559
l 3559 3560
l 3560 3561
l 3561 3562
l 3562 3563
l 3563 3564
l 3564 3565
l 3565 3566
l 3566 3567
l 3567 3568
l 3568 3569
l 3569 3570
l 3570 3571
l 3571 3572
l 3572 3573
l 3573 3574
l 3574 3575
l 3575 3576
l 3576 3577
l 3577 3578
l 3578 3579
l 3579 3580
l 3580 3581
l 3581 3582
l 3582 3583
l 3583 3584
l 3584 3585
l 3585 3586
l 3586 3587
l 3587 3588
l 3588 3589
l 3589 3590
l 3590 3591
l 3591 3592
l 3592 3593
l 3593 3594
l 3594 3595
l 3595 3596
l 3596 3597
l 3597 3598
l 3598 3599
l 3599 3600
l 3600 3601
o B
v -0.431816703 0.000000000 -0.286008708
v -0.459584319 -0.006795808 -0.302549789
v -0.488319832 -0.015402211 -0.316351107
v -0.517087008 -0.027520110 -0.327064406
v -0.544081191 -0.044832434 -0.334668306
v -0.562030158 -0.065244364 -0.350305783
v -0.575172183 -0.090935337 -0.362181130
v -0.582156078 -0.123055119 -0.363772533
v -0.580444182 -0.155923635 -0.362732415
v -0.572503309 -0.187414346 -0.356973937
v -0.560139353 -0.217091085 -0.349457608
v -0.544215519 -0.245404521 -0.343586685
v -0.525312058 -0.272400717 -0.341782780
v -0.504376465 -0.297946122 -0.341218423
v -0.481972762 -0.322214719 -0.341237922
v -0.458422814 -0.345248955 -0.343645040
v -0.434270065 -0.367393658 -0.347844781
v -0.410167575 -0.389447913 -0.352764048
v -0.387128631 -0.412682656 -0.357264290
v -0.366943742 -0.438595955 -0.360440385
v -0.352014440 -0.467914256 -0.362627159
v -0.344396582 -0.499071100 -0.360872960
v -0.342713464 -0.525417157 -0.342981968
v -0.344593422 -0.558315525 -0.341236191
v -0.349979107 -0.590579041 -0.336757345
v -0.357387410 -0.621851863 -0.329186861
v -0.365609029 -0.652124749 -0.318869386
v -0.373941469 -0.681164643 -0.305529978
v -0.381749119 -0.708921293 -0.289425308
v -0.388533090 -0.735326653 -0.270784992
v -0.393785247 -0.760258993 -0.249776649
v -0.397011627 -0.783638896 -0.226688074
v -0.397794827 -0.805466474 -0.201934662
v -0.395707819 -0.825762411 -0.175984485
v -0.389876172 -0.844392342 -0.149354942
v -0.379815815 -0.861474867 -0.122964216
v -0.365022128 -0.877078992 -0.097932379
v -0.352644577 -0.901660190 -0.081067441
v -0.341849440 -0.930420402 -0.069577117
v -0.316860010 -0.944308076 -0.053578106
v -0.288102525 -0.955125611 -0.041532560
v -0.257486086 -0.964671064 -0.033700076
v -0.225739803 -0.972665952 -0.029438072
v -0.192878077 -0.972569513 -0.027567275
v -0.160542237 -0.965879702 -0.027363712
v -0.128271729 -0.958996981 -0.028698711
v -0.095496067 -0.958064377 -0.031904472
v -0.062856766 -0.960297310 -0.036492293
v -0.030259104 -0.961276890 -0.041768067
v 0.002276503 -0.961002009 -0.047494482
v 0.034745243 -0.960142490 -0.053543973
v 0.067168505 -0.959173701 -0.059817205
v 0.099575419 -0.958005433 -0.066140546
v 0.131997450 -0.956500507 -0.072312141
v 0.164463611 -0.954492057 -0.078093176
v 0.196993962 -0.951796677 -0.083188284
v 0.229588413 -0.948220081 -0.087207268
v 0.262204041 -0.943612046 -0.089685433
v 0.294726557 -0.937863290 -0.090036837
v 0.326920138 -0.930939039 -0.087551348
v 0.358344495 -0.922903206 -0.081391110
v 0.388320110 -0.913970273 -0.070856263
v 0.416042444 -0.904675133 -0.055553586
v 0.440754672 -0.895675846 -0.035627479
v 0.456441005 -0.880313901 -0.013514162
v 0.457012311 -0.852715982 0.003838208
v 0.470095359 -0.840364893 0.030668679
v 0.480938076 -0.829662623 0.059959035
v 0.487855416 -0.817654522 0.089919224
v 0.491598666 -0.804218452 0.119843737
v 0.492401372 -0.789108697 0.149196925
v 0.490518811 -0.772112554 0.177457240
v 0.486543443 -0.753340390 0.204352613
v 0.480644627 -0.732573129 0.229362382
v 0.473389172 -0.709997887 0.252349263
v 0.465186992 -0.685681608 0.273129009
v 0.456471513 -0.659609254 0.291423931
v 0.447870585 -0.631698299 0.306833540
v 0.440164367 -0.602213084 0.319523112
v 0.434501190 -0.571165876 0.329202354
v 0.432459135 -0.538916540 0.335888244
v 0.435994528 -0.507037705 0.342341982
v 0.444154699 -0.482735844 0.362979077
v 0.457611620 -0.453106580 0.365736241
v 0.475519288 -0.425367785 0.365849050
v 0.495988270 -0.399441787 0.365859604
v 0.517651358 -0.374497882 0.365838265
v 0.539642543 -0.349841367 0.365759020
v 0.561369660 -0.324953128 0.365581775
v 0.582376920 -0.299457176 0.365281672
v 0.602266890 -0.273084093 0.364860204
v 0.620634363 -0.245632834 0.364347394
v 0.637008402 -0.216951788 0.363805471
v 0.650827804 -0.186960355 0.363331610
v 0.661336147 -0.155660660 0.363057031
v 0.667486597 -0.123234412 0.363136513
v 0.667847111 -0.090259303 0.363699720
v 0.660726996 -0.058106495 0.364705722
v 0.645100047 -0.029152264 0.365680380
v 0.621907771 -0.005776680 0.365657592
v 0.593769381 0.011268901 0.363618833
v 0.563283322 0.023006016 0.359000169
v 0.532091849 0.030799799 0.351519369
v 0.501152930 0.036106141 0.341281019
v 0.471056331 0.039949865 0.328237943
v 0.442161551 0.043457938 0.312641522
v 0.414737792 0.047753032 0.294755218
v 0.389118911 0.054527349 0.275071252
v 0.379389130 0.065492821 0.248735395
v 0.358953785 0.085419462 0.232475364
v 0.343277201 0.113056368 0.223993459
v 0.330423008 0.143415612 0.222579676
v 0.317712049 0.173788099 0.225136121
v 0.302942780 0.202875547 0.230262567
v 0.285437319 0.230155753 0.236576004
v 0.264870617 0.255266173 0.242621923
v 0.240795780 0.277477536 0.246552140
v 0.212834609 0.294781597 0.245435007
v 0.182862440 0.302956432 0.235181155
v 0.157067843 0.299616634 0.215249548
v 0.138483734 0.289999024 0.189799251
v 0.125074622 0.279217609 0.161626208
v 0.114259308 0.269677755 0.131913275
v 0.103668545 0.262899347 0.101379428
v 0.091037154 0.262535123 0.072102746
v 0.073418058 0.272086716 0.049723968
v 0.042677449 0.277234973 0.039710265
v 0.009866092 0.280390601 0.040251545
v -0.022786128 0.280252988 0.045140686
v -0.055067365 0.276587562 0.051049213
v -0.086888490 0.269028048 0.055482332
v -0.117538742 0.257008375 0.054865766
v -0.137487164 0.234000077 0.044915897
v -0.152727349 0.221149175 0.019016968
v -0.160905446 0.214930812 -0.012317561
v -0.167623053 0.212956304 -0.044591848
v -0.176030739 0.213059383 -0.076528834
v -0.188716524 0.212575938 -0.106966357
v -0.211667923 0.215235202 -0.125244813
v -0.235264666 0.198792424 -0.140616458
v -0.254561651 0.172593400 -0.145094511
v -0.267585943 0.142320837 -0.143908933
v -0.276396870 0.110748950 -0.139907269
v -0.283235161 0.078840608 -0.134754120
v -0.288796737 0.046512716 -0.130996408
v -0.293007534 0.013911712 -0.133109462
v -0.298741856 -0.015104972 -0.147065129
v -0.315120561 -0.033640281 -0.164461910
v -0.331340433 -0.047058477 -0.188547228
v -0.348904022 -0.057438527 -0.214512747
v -0.368881966 -0.067444880 -0.238834376
v -0.390519657 -0.079223622 -0.260817488
v -0.412393441 -0.094722517 -0.280040942
v -0.431815022 -0.116263673 -0.295611304
v -0.444037632 -0.144741482 -0.306435943
v -0.445017922 -0.176991050 -0.312577559
v -0.435414564 -0.208204020 -0.316792318
v -0.418627963 -0.236390126 -0.320207031
v -0.397338654 -0.261494968 -0.322702765
v -0.373278082 -0.284091610 -0.323719687
v -0.347680257 -0.304943210 -0.322770161
v -0.321358114 -0.324719401 -0.320050574
v -0.294341475 -0.343568870 -0.317550214
v -0.271745318 -0.365093416 -0.307636482
v -0.248054514 -0.386792598 -0.302528847
v -0.224278656 -0.409337013 -0.306295164
v -0.206147326 -0.427888334 -0.323587910
v -0.195633311 -0.454265685 -0.338209415
v -0.194052064 -0.484203345 -0.333965380
v -0.194414925 -0.515686657 -0.335794843
v -0.196925110 -0.548227740 -0.340836920
v -0.200867780 -0.580955788 -0.342798654
v -0.205157588 -0.613687081 -0.341974051
v -0.209056820 -0.646238473 -0.338027409
v -0.211791373 -0.678382310 -0.330991675
v -0.212824484 -0.709938376 -0.321337150
v -0.211100627 -0.740511045 -0.309010562
v -0.205908509 -0.769764809 -0.294650107
v -0.196194631 -0.797103538 -0.278948130
v -0.181052742 -0.821713286 -0.263053816
v -0.160274218 -0.842723764 -0.248427979
v -0.134403454 -0.859317682 -0.236481737
v -0.104941013 -0.871471407 -0.227971486
v -0.073490496 -0.880507545 -0.223680499
v -0.041169507 -0.887236817 -0.223232712
v -0.008578463 -0.891909559 -0.225813851
v 0.024004739 -0.894557768 -0.230527907
v 0.056471172 -0.895034943 -0.236588807
v 0.088755025 -0.893080497 -0.243292345
v 0.120777240 -0.888531072 -0.249984253
v 0.152404905 -0.881236451 -0.256092482
v 0.183476007 -0.871251189 -0.261161308
v 0.214020533 -0.859483523 -0.265632179
v 0.244165112 -0.846650901 -0.269885967
v 0.273762459 -0.832355492 -0.273028667
v 0.302193814 -0.815566075 -0.273163294
v 0.329530181 -0.797194710 -0.270669731
v 0.356360281 -0.778381728 -0.266468950
v 0.383551827 -0.760283484 -0.261528951
v 0.411948925 -0.744169504 -0.256563921
v 0.441944502 -0.731298051 -0.251585512
v 0.472504379 -0.721316152 -0.244088869
v 0.502626612 -0.714335719 -0.232558139
v 0.531254613 -0.710654789 -0.216570956
v 0.557400019 -0.709719640 -0.196462679
v 0.580462908 -0.710567273 -0.172867751
v 0.600256655 -0.712174117 -0.146493387
v 0.616761078 -0.713656882 -0.117934538
v 0.630463062 -0.714446723 -0.087900108
v 0.641024006 -0.713885108 -0.056614252
v 0.649033117 -0.711803546 -0.024642697
v 0.654560644 -0.707906822 0.007696531
v 0.657512438 -0.701708494 0.040006035
v 0.658457190 -0.693357965 0.071921280
v 0.657615211 -0.682768976 0.103158896
v 0.655177425 -0.669764169 0.133389839
v 0.651454562 -0.654207855 0.162262730
v 0.646892355 -0.636068631 0.189470925
v 0.647162623 -0.621533752 0.217239154
v 0.655763509 -0.616332061 0.248711052
v 0.652214079 -0.592354290 0.269964491
v 0.647926669 -0.563562713 0.284123617
v 0.637410900 -0.533779715 0.275670883
v 0.640254443 -0.502552115 0.283825490
v 0.649029159 -0.471649004 0.291385281
v 0.661410867 -0.441391619 0.296007830
v 0.677270039 -0.412801480 0.300649904
v 0.695476702 -0.385757180 0.305968232
v 0.714820012 -0.359497456 0.311235889
v 0.734317961 -0.333150006 0.315347299
v 0.753065684 -0.306023080 0.317169243
v 0.770154327 -0.277801784 0.315877988
v 0.785644201 -0.248795882 0.312688108
v 0.800072305 -0.219270876 0.309293378
v 0.812850849 -0.189079360 0.305296085
v 0.822935618 -0.158121437 0.299765945
v 0.830162318 -0.126564615 0.293229827
v 0.834575098 -0.094542536 0.286449177
v 0.836305191 -0.062138471 0.280300330
v 0.835454105 -0.029441683 0.275743808
v 0.831960164 0.003330360 0.273799134
v 0.825457359 0.035641864 0.275449082
v 0.815073879 0.066418535 0.281177800
v 0.799233066 0.093994899 0.289852338
v 0.784603961 0.115189673 0.307544083
v 0.773640686 0.129974430 0.333535831
v 0.744916298 0.142286067 0.344120883
v 0.714055754 0.149749636 0.353133002
v 0.681995892 0.153601077 0.359993879
v 0.649265311 0.154651610 0.364221822
v 0.616293542 0.153885004 0.365791465
v 0.583366090 0.151873921 0.364316293
v 0.550702729 0.149426817 0.360138004
v 0.518492401 0.147212377 0.353213338
v 0.486925498 0.146135377 0.343564382
v 0.456203658 0.147600930 0.331556172
v 0.426670324 0.153648815 0.318162867
v 0.407292713 0.167602029 0.297885968
v 0.387458411 0.189131855 0.285570746
v 0.367614833 0.215297074 0.282763213
v 0.346344160 0.239185896 0.290605499
v 0.327051944 0.264928115 0.297303077
v 0.309228167 0.292537284 0.300676989
v 0.290270876 0.319459926 0.303290028
v 0.269882302 0.345437757 0.303563861
v 0.247002148 0.369171555 0.301845097
v 0.220644108 0.388741247 0.298683960
v 0.190498124 0.401134480 0.294122320
v 0.158603436 0.402515912 0.286549612
v 0.132352096 0.388058393 0.284820509
v 0.110769428 0.370263269 0.269300840
v 0.095154969 0.351624281 0.246997823
v 0.083223698 0.333321114 0.222240088
v 0.072981400 0.316672067 0.195618402
v 0.062399205 0.302590825 0.167684498
v 0.048343213 0.292046619 0.139781574
v 0.027444904 0.291294262 0.115749462
v -0.001708903 0.294306731 0.103914654
v -0.034606346 0.292132334 0.103478768
v -0.067071515 0.287829810 0.107702393
v -0.098791975 0.280576867 0.113343290
v -0.129576197 0.269708514 0.118248273
v -0.158713447 0.254369170 0.119876491
v -0.183682973 0.234069475 0.113561940
v -0.195996974 0.211099117 0.096009826
v -0.196641727 0.192697569 0.071447890
v -0.198744535 0.183416131 0.039842403
v -0.201283940 0.177478511 0.007450247
v -0.206737138 0.172286046 -0.024694030
v -0.217486431 0.163972585 -0.054663846
v -0.234465837 0.146031880 -0.075895112
v -0.251075031 0.118542801 -0.082353516
v -0.262882312 0.087855403 -0.079912167
v -0.271652121 0.056592536 -0.073864744
v -0.278124611 0.024859850 -0.067381015
v -0.281618200 -0.007714436 -0.063427162
v -0.281505233 -0.040448821 -0.066551410
v -0.280196648 -0.068480314 -0.083219265
v -0.283514804 -0.086634181 -0.110399903
v -0.291736287 -0.098945430 -0.139894425
v -0.303289366 -0.110033475 -0.168777263
v -0.316867811 -0.122663508 -0.196099969
v -0.330630510 -0.139442200 -0.220941569
v -0.330522918 -0.153560675 -0.247245645
v -0.333857901 -0.181859301 -0.263374498
v -0.325101125 -0.212500799 -0.271056443
v -0.307189469 -0.240099121 -0.272406939
v -0.284133865 -0.263608523 -0.270321974
v -0.258130666 -0.283598918 -0.266523977
v -0.230299484 -0.300825161 -0.262098272
v -0.201282546 -0.316072567 -0.258005046
v -0.171590204 -0.330321068 -0.255473738
v -0.142112671 -0.345126328 -0.256505882
v -0.119452211 -0.368292919 -0.255612332
v -0.100082122 -0.392226296 -0.266142143
v -0.088310572 -0.418028803 -0.282912929
v -0.082406844 -0.446084205 -0.299263492
v -0.079469795 -0.475692028 -0.313587008
v -0.077697957 -0.506555382 -0.325194085
v -0.075848678 -0.538297049 -0.334107495
v -0.072806436 -0.570670385 -0.339868234
v -0.067535602 -0.603133421 -0.342688431
v -0.058789117 -0.634950555 -0.342640785
v -0.046203094 -0.663871966 -0.347005849
v -0.032492856 -0.687250127 -0.361874014
v -0.009305262 -0.710297115 -0.357836418
v 0.019160961 -0.726361973 -0.353799908
v 0.050825231 -0.734662846 -0.349970053
v 0.083602945 -0.736006244 -0.346520953
v 0.116197927 -0.731811424 -0.343438950
v 0.147995962 -0.723351160 -0.340674361
v 0.178795444 -0.711683889 -0.338217227
v 0.208577734 -0.697552954 -0.336118361
v 0.237412574 -0.681519179 -0.334472767
v 0.265420364 -0.664034030 -0.333391155
v 0.292734212 -0.645454479 -0.332985178
v 0.319507789 -0.626102112 -0.333339730
v 0.345916224 -0.606275419 -0.334354792
v 0.372138296 -0.586193657 -0.335177579
v 0.398540359 -0.566337137 -0.335571648
v 0.425626992 -0.547427929 -0.335376594
v 0.453978703 -0.530525133 -0.334301377
v 0.484038302 -0.517119133 -0.331820535
v 0.515602403 -0.508724377 -0.327197601
v 0.547614834 -0.505977051 -0.319726375
v 0.578756800 -0.508124932 -0.309023499
v 0.608189922 -0.513582587 -0.295112272
v 0.635588986 -0.520861383 -0.278200520
v 0.661004098 -0.528870705 -0.258696567
v 0.684057754 -0.536810345 -0.236428980
v 0.705048229 -0.544088430 -0.212010490
v 0.723997948 -0.550299329 -0.185699547
v 0.740928157 -0.555113772 -0.157748006
v 0.755586046 -0.557942759 -0.128274174
v 0.768223992 -0.558608850 -0.097771677
v 0.779014728 -0.556932446 -0.066612153
v 0.788042775 -0.552566097 -0.035151565
v 0.795384854 -0.544888586 -0.003888090
v 0.801598662 -0.534109244 0.026691526
v 0.806977435 -0.519470570 0.055792867
v 0.821274450 -0.509669682 0.081960998
v 0.843932940 -0.507103952 0.105142804
v 0.849321994 -0.483203647 0.127258593
v 0.856016923 -0.456232362 0.145054080
v 0.864057848 -0.427042642 0.158175366
v 0.872701255 -0.396289633 0.166482647
v 0.881448225 -0.364712690 0.170560567
v 0.889905717 -0.332793187 0.171185502
v 0.897822882 -0.300784444 0.169224651
v 0.905074307 -0.268786465 0.165371486
v 0.911633262 -0.236822401 0.160203802
v 0.917553150 -0.204877384 0.154206581
v 0.922908194 -0.172921210 0.147752090
v 0.927804396 -0.140919666 0.141158424
v 0.932332536 -0.108840121 0.134681745
v 0.936556314 -0.076652753 0.128544025
v 0.940480334 -0.044334042 0.122920752
v 0.943384449 -0.011835068 0.117747581
v 0.944881789 0.020840632 0.113122634
v 0.944963634 0.053656427 0.109339789
v 0.952729512 0.085463223 0.109846684
v 0.965758201 0.115546620 0.113859265
v 0.969572050 0.147804119 0.117045699
v 0.963072078 0.180044073 0.120002510
v 0.954441797 0.211304969 0.126171568
v 0.943469132 0.240774831 0.136179034
v 0.930001895 0.267341270 0.150358814
v 0.914078784 0.289921357 0.168381566
v 0.895815762 0.307643403 0.189388394
v 0.875456149 0.320315572 0.212057942
v 0.853313678 0.328500012 0.235120590
v 0.829526011 0.332683453 0.257614731
v 0.804353653 0.333746675 0.278957328
v 0.777708266 0.331844804 0.298363919
v 0.749898631 0.327888355 0.315705099
v 0.721034992 0.322319122 0.330717153
v 0.691237996 0.315571935 0.343210045
v 0.660630189 0.308085099 0.353045352
v 0.629331565 0.300328992 0.360126966
v 0.597469579 0.292828977 0.364480690
v 0.565099737 0.286429718 0.365782592
v 0.532403437 0.282027259 0.364484614
v 0.499614684 0.281334549 0.360779966
v 0.467447137 0.286439296 0.355639054
v 0.437442719 0.299130673 0.350718709
v 0.411157632 0.318656331 0.346845208
v 0.388699601 0.342488757 0.342639096
v 0.368334465 0.368138761 0.338312961
v 0.348261260 0.394120243 0.334644134
v 0.327249590 0.419521127 0.332576955
v 0.304672937 0.443620084 0.332842227
v 0.280488678 0.466076769 0.334236310
v 0.254523114 0.486312247 0.336528530
v 0.226676504 0.502676003 0.343280266
v 0.197036325 0.514855206 0.351196797
v 0.165231372 0.522413658 0.355291761
v 0.132374925 0.522971923 0.353409389
v 0.101304646 0.513372608 0.348667968
v 0.075739493 0.494390820 0.340446222
v 0.056883752 0.470060949 0.328687551
v 0.043417795 0.443907583 0.313746088
v 0.033459631 0.417894656 0.296022271
v 0.025427287 0.393046920 0.275809288
v 0.017858470 0.369931345 0.253470143
v 0.009046047 0.349066678 0.229445241
v -0.003747824 0.331053417 0.204968099
v -0.024790843 0.316986253 0.184094178
v -0.054407860 0.307695204 0.173491279
v -0.087067107 0.304442251 0.170149365
v -0.119764600 0.300257859 0.171043818
v -0.150709386 0.289827094 0.175807961
v -0.179511525 0.274854663 0.181531001
v -0.204164083 0.253771351 0.187489186
v -0.225430806 0.228662590 0.188518593
v -0.240905058 0.201959779 0.177779166
v -0.252831239 0.187079266 0.153623981
v -0.242562199 0.165564932 0.133941335
v -0.238203795 0.153277735 0.103615136
v -0.234845522 0.143967674 0.072103807
v -0.234436047 0.134964706 0.040342243
v -0.238937825 0.122285294 0.010307185
v -0.249179337 0.099813231 -0.010926668
v -0.261609185 0.070115058 -0.016802027
v -0.275498158 0.040625236 -0.013912778
v -0.278130631 0.008189629 -0.008342867
v -0.274558011 -0.024083837 -0.002617393
v -0.265289823 -0.055587182 0.000573391
v -0.254156935 -0.086120385 -0.004152229
v -0.245337587 -0.110439659 -0.023927808
v -0.241995893 -0.124620314 -0.053414707
v -0.243624842 -0.134450924 -0.084887375
v -0.248399318 -0.144159930 -0.116094027
v -0.254522371 -0.156380905 -0.146148492
v -0.264992014 -0.175763382 -0.167131921
v -0.264450040 -0.199150789 -0.187404936
v -0.247044038 -0.219374112 -0.203958677
v -0.225658594 -0.244147705 -0.207011157
v -0.199404683 -0.263963750 -0.204596010
v -0.170742095 -0.279632262 -0.199802283
v -0.140639250 -0.292121258 -0.194448454
v -0.109526911 -0.302359504 -0.190197218
v -0.077846762 -0.311581282 -0.189493511
v -0.047517592 -0.322084960 -0.196595355
v -0.024597666 -0.337973313 -0.212783100
v -0.011747455 -0.362701704 -0.225677094
v -0.001756313 -0.384573422 -0.248282090
v 0.005647666 -0.408896317 -0.269354098
v 0.012662040 -0.435114705 -0.288164213
v 0.020844142 -0.462690016 -0.304371826
v 0.031709380 -0.490856465 -0.317713099
v 0.047203871 -0.518148878 -0.327843904
v 0.068901219 -0.541927521 -0.334763541
v 0.097150989 -0.558293509 -0.338685514
v 0.129337167 -0.564871100 -0.340502964
v 0.162201619 -0.562503081 -0.341178762
v 0.193927260 -0.553442255 -0.341283553
v 0.223907775 -0.539620580 -0.341051202
v 0.252037284 -0.522323405 -0.340942368
v 0.278363426 -0.502390040 -0.341589569
v 0.303040754 -0.480471815 -0.342892551
v 0.326311803 -0.457094528 -0.344694698
v 0.348540484 -0.432747771 -0.346834715
v 0.370281384 -0.407981759 -0.349187368
v 0.392362980 -0.383538777 -0.351713380
v 0.415959263 -0.360600530 -0.354494815
v 0.442436524 -0.341171809 -0.357666955
v 0.472388960 -0.327848643 -0.361057126
v 0.504670743 -0.321918428 -0.364127292
v 0.527890838 -0.321869595 -0.343028233
v 0.560781628 -0.324457495 -0.342000793
v 0.593065078 -0.330193605 -0.338121018
v 0.624514007 -0.337573818 -0.331268093
v 0.655041187 -0.345587770 -0.321556827
v 0.684429940 -0.353525564 -0.308757551
v 0.712671915 -0.360799891 -0.293275968
v 0.739640385 -0.366897981 -0.275232647
v 0.765221090 -0.371308352 -0.254836496
v 0.789351603 -0.373560716 -0.232423878
v 0.812036982 -0.373271101 -0.208437394
v 0.832977507 -0.369328037 -0.183215108
v 0.852367551 -0.361542323 -0.157668595
v 0.870107285 -0.349123730 -0.132774046
v 0.886181730 -0.331731152 -0.109810455
v 0.900541568 -0.309490312 -0.090134126
v 0.913153959 -0.283198766 -0.074709487
v 0.924037624 -0.254029695 -0.063766012
v 0.933261290 -0.223081468 -0.056903665
v 0.940887825 -0.191134037 -0.053476776
v 0.947022380 -0.158689516 -0.052711921
v 0.951718235 -0.126018804 -0.054007306
v 0.955006336 -0.093274324 -0.056875619
v 0.956939497 -0.060542020 -0.060897168
v 0.957534487 -0.027871270 -0.065758938
v 0.956818135 0.004707600 -0.071190461
v 0.954834508 0.037176786 -0.076955341
v 0.951611599 0.069523999 -0.082846381
v 0.947193464 0.101743394 -0.088662765
v 0.941649017 0.133836363 -0.094207359
v 0.935037746 0.165807313 -0.099265919
v 0.927450125 0.197667127 -0.103602071
v 0.919003014 0.229429421 -0.106948289
v 0.909818559 0.261099808 -0.108936710
v 0.900084906 0.292665445 -0.109165275
v 0.890013708 0.324050157 -0.107043990
v 0.882649953 0.355843013 -0.102859537
v 0.884597287 0.388443077 -0.098245052
v 0.887825817 0.420117644 -0.089671510
v 0.885117274 0.448602952 -0.073609742
v 0.877555333 0.471804971 -0.051417786
v 0.870051658 0.491047537 -0.025681741
v 0.862273076 0.506274062 0.002549280
v 0.853754564 0.517736959 0.032307422
v 0.844121689 0.525719853 0.062863213
v 0.833121520 0.530632248 0.093605119
v 0.820431339 0.532562697 0.124028351
v 0.806094011 0.532100508 0.153767025
v 0.790083137 0.529536847 0.182544442
v 0.772072756 0.524834523 0.209840559
v 0.752214922 0.518497377 0.235442908
v 0.730686890 0.510936674 0.259280640
v 0.707467541 0.502395755 0.281120411
v 0.682528644 0.493200905 0.300692949
v 0.655927893 0.483808104 0.317846229
v 0.627627069 0.474846654 0.332294274
v 0.597733370 0.467125673 0.343989566
v 0.568283841 0.460855244 0.344071232
v 0.540830465 0.456461780 0.331974133
v 0.508410047 0.459895461 0.336967014
v 0.476978778 0.469460388 0.339882672
v 0.447636132 0.484394731 0.342205269
v 0.420373864 0.502866331 0.344705287
v 0.394558587 0.523276408 0.347586523
v 0.369487178 0.544561859 0.350729431
v 0.344583515 0.566042871 0.353881258
v 0.319399020 0.587232241 0.356755056
v 0.293590913 0.607724135 0.359084550
v 0.266894888 0.627118086 0.360653176
v 0.239114594 0.644976003 0.361318349
v 0.210120962 0.660792631 0.361032297
v 0.179879416 0.674047007 0.360315812
v 0.148436105 0.684118367 0.359884543
v 0.115966512 0.690055490 0.359940184
v 0.082991446 0.690563596 0.360679887
v 0.050713161 0.684091896 0.362176712
v 0.021254790 0.669512221 0.364118971
v -0.002970600 0.647264354 0.365621053
v -0.020977322 0.619660546 0.365581771
v -0.033393049 0.589184071 0.363201142
v -0.041502490 0.557608243 0.358025827
v -0.046816459 0.526003747 0.350089857
v -0.050347282 0.494990991 0.339303095
v -0.053175632 0.464969599 0.325845517
v -0.056279342 0.436192785 0.309943808
v -0.061039127 0.408992432 0.291837227
v -0.069576894 0.383697122 0.272452430
v -0.084024709 0.374209888 0.247333078
v -0.107854402 0.355214969 0.235080589
v -0.136411469 0.339114103 0.231886366
v -0.165298618 0.323478099 0.235180805
v -0.193519168 0.307451867 0.241353707
v -0.221347985 0.290826665 0.247725654
v -0.248769261 0.273052423 0.252521916
v -0.274148384 0.252199946 0.255758852
v -0.299929006 0.237843704 0.246623909
v -0.316029184 0.209398268 0.243009536
v -0.315739603 0.178395752 0.238993519
v -0.308025125 0.152172928 0.222315300
v -0.297246205 0.133758963 0.197193861
v -0.285490472 0.120401886 0.169380567
v -0.275123525 0.109575933 0.139949481
v -0.267420922 0.098860722 0.109681469
v -0.263856748 0.084783567 0.080102202
v -0.274810687 0.067958702 0.057729771
v -0.278118818 0.036969055 0.047810762
v -0.276064377 0.004112185 0.048929781
v -0.271351203 -0.028088951 0.054581385
v -0.266665444 -0.060169575 0.060903659
v -0.262419996 -0.092633100 0.064651055
v -0.255199371 -0.124511114 0.062665090
v -0.237931779 -0.149012781 0.050402468
v -0.218530937 -0.157451082 0.028025645
v -0.211413882 -0.165194792 -0.003220522
v -0.208648894 -0.171422542 -0.035533261
v -0.207972174 -0.179297824 -0.067596776
v -0.206750255 -0.191354015 -0.098271183
v -0.204827356 -0.212849469 -0.120355516
v -0.190850239 -0.237826613 -0.132783671
v -0.163469983 -0.255237369 -0.137351187
v -0.132024657 -0.265204982 -0.136826199
v -0.100865728 -0.274895597 -0.131766959
v -0.069598929 -0.283551583 -0.125546298
v -0.038523849 -0.293396953 -0.120256510
v -0.006395295 -0.300261945 -0.121409869
v 0.022870965 -0.305115439 -0.135223234
v 0.042888895 -0.314602918 -0.159459960
v 0.055800235 -0.328590079 -0.186407924
v 0.066158909 -0.345794365 -0.212624926
v 0.076726189 -0.365351972 -0.237047994
v 0.089569526 -0.386247283 -0.259146642
v 0.103641774 -0.400005457 -0.283190760
v 0.122905005 -0.412365601 -0.303818024
v 0.148963172 -0.429116334 -0.300781046
v 0.181145458 -0.430166383 -0.306295639
v 0.212365285 -0.420348679 -0.309481258
v 0.238207330 -0.401430200 -0.317149907
v 0.261610198 -0.378729109 -0.321777558
v 0.284734357 -0.355296879 -0.319192249
v 0.305803450 -0.330103376 -0.315665823
v 0.325997856 -0.304537669 -0.310197744
v 0.345882370 -0.278904404 -0.303945070
v 0.365909083 -0.253125228 -0.298901898
v 0.386821566 -0.227631564 -0.297477035
v 0.410020859 -0.204646558 -0.301858710
v 0.437206794 -0.188392224 -0.310818573
v 0.467412106 -0.180333502 -0.321281568
v 0.498996067 -0.178224705 -0.330630286
v 0.531247458 -0.179533130 -0.337578361
v 0.563862818 -0.182495483 -0.341840824
v 0.596674787 -0.186075211 -0.342830491
v 0.629470700 -0.189373281 -0.340925187
v 0.662061318 -0.191744657 -0.336185010
v 0.694121581 -0.192203758 -0.328317525
v 0.725397746 -0.190195243 -0.317957119
v 0.755595010 -0.185194093 -0.308556549
v 0.786203213 -0.181822579 -0.320514307
v 0.813517525 -0.169880971 -0.308315264
v 0.836700044 -0.152077021 -0.293314945
v 0.841897712 -0.131263194 -0.268631696
v 0.848538077 -0.105404122 -0.251034909
v 0.859145532 -0.074973186 -0.243978525
v 0.865395250 -0.042821652 -0.239913620
v 0.867951384 -0.009943046 -0.238315494
v 0.867410230 0.023075573 -0.238618499
v 0.864247352 0.055908745 -0.240327890
v 0.858819047 0.088378395 -0.243045147
v 0.851422455 0.120393588 -0.246442585
v 0.842297429 0.151912987 -0.250257932
v 0.831648604 0.182926329 -0.254274199
v 0.819665589 0.213448108 -0.258303361
v 0.806536147 0.243516090 -0.262173965
v 0.792458690 0.273193281 -0.265719244
v 0.777656202 0.302572128 -0.268763794
v 0.762394120 0.331779678 -0.271106375
v 0.747005432 0.360981025 -0.272495498
v 0.731926578 0.390374105 -0.272594073
v 0.717744020 0.420158888 -0.270932417
v 0.705230914 0.450446966 -0.266867052
v 0.695304488 0.481079250 -0.259600980
v 0.688765906 0.511414073 -0.248380662
v 0.685816321 0.540388618 -0.232874738
v 0.685843160 0.566986552 -0.213341926
v 0.687767979 0.590631155 -0.190392373
v 0.690516548 0.611181163 -0.164695801
v 0.693180753 0.628501229 -0.136711808
v 0.695167097 0.643097867 -0.107162652
v 0.695960449 0.654887814 -0.076322650
v 0.695111765 0.663915622 -0.044560396
v 0.692329033 0.670386402 -0.012300140
v 0.687495709 0.674602983 0.020069270
v 0.680534100 0.676810762 0.052239774
v 0.671262315 0.677151602 0.083904946
v 0.659451594 0.675809690 0.114695473
v 0.644968787 0.673127362 0.144236630
v 0.627822961 0.669575131 0.172227048
v 0.607567143 0.665703890 0.198009271
v 0.600313922 0.673945358 0.227651672
v 0.586939632 0.678881590 0.254030387
v 0.559585356 0.677028487 0.272413514
v 0.530094597 0.678247086 0.287163835
v 0.499358790 0.683324948 0.298032917
v 0.468419023 0.692290214 0.305224088
v 0.437995786 0.704450546 0.309334914
v 0.408295366 0.718792130 0.311117658
v 0.379186112 0.734411056 0.311200867
v 0.350419682 0.750616212 0.310042833
v 0.321747421 0.766897434 0.307962546
v 0.292876949 0.782646935 0.304832684
v 0.263604934 0.797354620 0.300570050
v 0.233855655 0.810762247 0.295418091
v 0.203585575 0.822661192 0.289634586
v 0.172778491 0.832887334 0.283500477
v 0.141439980 0.841308489 0.277319130
v 0.109592533 0.847797475 0.271420471
v 0.077281319 0.852214134 0.266172201
v 0.044589096 0.854377140 0.261993948
v 0.011669628 0.854026618 0.259374217
v -0.021185507 0.850775601 0.258883780
v -0.053423100 0.844062524 0.261160535
v -0.084064111 0.833200850 0.266763535
v -0.111654174 0.817602161 0.275848860
v -0.134486332 0.796944536 0.287623940
v -0.150973623 0.775442476 0.303404747
v -0.161028793 0.768240159 0.333323956
v -0.168803795 0.738165506 0.344465021
v -0.172781297 0.706712053 0.353638485
v -0.173926004 0.674429677 0.360484508
v -0.172823701 0.641664868 0.364416456
v -0.170425348 0.608757761 0.365631838
v -0.167332606 0.575918421 0.364110533
v -0.164176206 0.543348129 0.359682209
v -0.161737876 0.511215504 0.352450946
v -0.161076268 0.479677279 0.342688837
v -0.163931865 0.448996322 0.330858951
v -0.172758747 0.419783953 0.318416326
v -0.189932330 0.393626121 0.308252472
v -0.214071011 0.371821642 0.302983294
v -0.241272118 0.353133573 0.302059708
v -0.269176432 0.335532090 0.303735610
v -0.296747970 0.317575710 0.306699115
v -0.323389347 0.298345083 0.310110077
v -0.348523552 0.277167869 0.313372363
v -0.371386826 0.253486862 0.315953329
v -0.390766208 0.226808840 0.317209919
v -0.405124519 0.197296897 0.314975437
v -0.415304645 0.169384898 0.300859903
v -0.411785186 0.139631307 0.287970189
v -0.393613190 0.116109509 0.282639246
v -0.372925468 0.098030105 0.268481120
v -0.353203359 0.084380482 0.245796635
v -0.334488879 0.073573216 0.220824146
v -0.317757318 0.063654883 0.194132668
v -0.303789130 0.052479574 0.166385034
v -0.293693179 0.036283232 0.139551971
v -0.288482639 0.010493276 0.120169927
v -0.287528474 -0.021694572 0.113621324
v -0.287080048 -0.054680935 0.114750201
v -0.284082741 -0.087307510 0.118835767
v -0.276542075 -0.119062430 0.123715526
v -0.263505527 -0.149129722 0.127526249
v -0.245472157 -0.176660615 0.126657760
v -0.218679919 -0.191408468 0.119467314
v -0.197654363 -0.200018361 0.096415439
v -0.184798322 -0.202735855 0.066194944
v -0.176729398 -0.203970158 0.034198945
v -0.170903301 -0.206806938 0.001813291
v -0.164423199 -0.213516098 -0.029831677
v -0.152097401 -0.226442906 -0.057314955
v -0.128908696 -0.243957913 -0.072017907
v -0.100553577 -0.260624499 -0.073023970
v -0.070587624 -0.273519344 -0.068069393
v -0.039077435 -0.280980170 -0.061776775
v -0.006520433 -0.282826145 -0.056625738
v 0.026404102 -0.281433623 -0.055227661
v 0.058037625 -0.278079030 -0.063213611
v 0.082124220 -0.277046576 -0.085256349
v 0.097162562 -0.281483692 -0.114225804
v 0.108504631 -0.290297188 -0.143956021
v 0.119925968 -0.301900732 -0.172690578
v 0.134046537 -0.314873535 -0.199563578
v 0.153557815 -0.326599898 -0.223381191
v 0.171343659 -0.323171582 -0.248693657
v 0.201567513 -0.319055803 -0.260520296
v 0.231357492 -0.305311189 -0.262533148
v 0.257956755 -0.286292072 -0.258232948
v 0.280931645 -0.263470927 -0.251859089
v 0.299985694 -0.237114735 -0.246274130
v 0.315668920 -0.208341844 -0.242126856
v 0.327632741 -0.177728316 -0.241193961
v 0.335517249 -0.146012892 -0.245945903
v 0.349475572 -0.116735234 -0.251548285
v 0.371268449 -0.095543373 -0.258743509
v 0.397850250 -0.082518755 -0.267368734
v 0.424157059 -0.073500167 -0.285109389
v 0.452460577 -0.068819676 -0.301452923
v 0.482237621 -0.065985470 -0.315438182
v 0.513147825 -0.063554481 -0.326802582
v 0.544949802 -0.060338662 -0.335099431
v 0.577122496 -0.055248037 -0.340454474
v 0.609013368 -0.047103236 -0.342886265
v 0.639419396 -0.034307782 -0.342518243
v 0.665434603 -0.017253317 -0.347812636
v 0.685929640 0.001242418 -0.362184417
v 0.702856248 0.029342163 -0.359238953
v 0.711879670 0.060940178 -0.356793090
v 0.713301053 0.093677755 -0.353180888
v 0.708506742 0.125927880 -0.348095863
v 0.699192235 0.157105676 -0.342487501
v 0.686703418 0.187275643 -0.337529765
v 0.672010638 0.216683817 -0.334360789
v 0.655795235 0.245448874 -0.333868538
v 0.638275969 0.273425202 -0.335169112
v 0.619427439 0.300528243 -0.336413561
v 0.599877115 0.327014896 -0.339088336
v 0.580156730 0.353039361 -0.344094947
v 0.560466690 0.378811494 -0.350389633
v 0.541070352 0.404834023 -0.356557593
v 0.522574579 0.431827639 -0.361023373
v 0.506215341 0.460462465 -0.362336448
v 0.493861231 0.491004000 -0.360527287
v 0.487175182 0.523090729 -0.356854153
v 0.482109029 0.541643416 -0.332619247
v 0.482372149 0.570451846 -0.319117127
v 0.487332210 0.600886461 -0.307333535
v 0.494557952 0.629482667 -0.292478850
v 0.502811726 0.655994583 -0.274610626
v 0.511179860 0.680633280 -0.254289096
v 0.519068216 0.703246126 -0.231559591
v 0.525940870 0.723772046 -0.206629630
v 0.531397640 0.742260167 -0.179838882
v 0.535143910 0.758787121 -0.151527317
v 0.536869789 0.773379652 -0.121983563
v 0.536223931 0.786067412 -0.091525212
v 0.532898708 0.796976476 -0.060549735
v 0.526527719 0.806279500 -0.029523908
v 0.516561333 0.814188772 0.000944642
v 0.502855902 0.821208150 0.030141288
v 0.485055953 0.827846264 0.057125273
v 0.471100048 0.843591608 0.081178043
v 0.462973381 0.867125976 0.102338200
v 0.437394887 0.876605421 0.120256063
v 0.408260284 0.885342746 0.133068346
v 0.377853931 0.895025611 0.141535654
v 0.346608294 0.904669422 0.145995171
v 0.314142354 0.910512120 0.145686456
v 0.281442182 0.913059226 0.141863975
v 0.248918909 0.914395517 0.136216251
v 0.216543141 0.916884151 0.130158377
v 0.184471043 0.922590805 0.124788830
v 0.152712150 0.930236231 0.119849236
v 0.120807391 0.936890255 0.114440070
v 0.088741577 0.942464389 0.108767467
v 0.056585286 0.947715886 0.103295538
v 0.024350908 0.952966506 0.098304323
v -0.008001343 0.958011998 0.093900957
v -0.040514986 0.962565980 0.090213889
v -0.073222260 0.966273153 0.087408521
v -0.106119818 0.968737808 0.085705374
v -0.139139910 0.969519308 0.085423977
v -0.172097283 0.968128648 0.087022475
v -0.204619183 0.964112796 0.091061804
v -0.236074642 0.957093740 0.098178858
v -0.265522518 0.946847234 0.108966736
v -0.291929534 0.933824274 0.123843517
v -0.314361580 0.918705445 0.142720459
v -0.325486209 0.893262665 0.155174489
v -0.329646255 0.862576018 0.162349001
v -0.340567050 0.842912988 0.186493108
v -0.348873139 0.829123924 0.213388891
v -0.357394284 0.826130631 0.245088160
v -0.358535955 0.805638818 0.269186909
v -0.355823218 0.779895654 0.289682463
v -0.351179467 0.752926701 0.308142426
v -0.345008067 0.724821458 0.324313818
v -0.337717273 0.695686549 0.338011652
v -0.329722090 0.665623574 0.349064558
v -0.321496154 0.634741124 0.357350018
v -0.313578095 0.603169067 0.362902352
v -0.306773253 0.570965770 0.365514273
v -0.302040149 0.538291211 0.365459012
v -0.301056916 0.505396510 0.362974728
v -0.305902752 0.473029964 0.358949086
v -0.318196862 0.442725195 0.354898511
v -0.337056428 0.415795289 0.352254161
v -0.359781949 0.391858718 0.351318132
v -0.384201778 0.369613036 0.351651223
v -0.409061678 0.347879470 0.352735442
v -0.433617352 0.325824409 0.354180295
v -0.457330221 0.302874469 0.355714189
v -0.479699702 0.278611483 0.357151666
v -0.500159124 0.252711316 0.358358218
v -0.517969080 0.224918314 0.359220192
v -0.532091844 0.195085908 0.359606526
v -0.540910627 0.163305294 0.359283783
v -0.542196297 0.130430642 0.357788739
v -0.533671863 0.098876224 0.354271728
v -0.515561497 0.072202226 0.347803852
v -0.491249513 0.052266460 0.337957811
v -0.464483639 0.038060455 0.324918779
v -0.437458228 0.027777102 0.308992776
v -0.411325542 0.019804825 0.290449319
v -0.386711442 0.012722087 0.269603724
v -0.364041007 0.005099517 0.246831974
v -0.343923873 -0.005328148 0.222834351
v -0.339485627 -0.019497978 0.196492658
v -0.326476296 -0.045024215 0.180574477
v -0.317211971 -0.076124088 0.175051581
v -0.308591985 -0.107968475 0.176254122
v -0.298219160 -0.138987599 0.180741214
v -0.284233362 -0.168216514 0.187067684
v -0.266470223 -0.195310540 0.193408120
v -0.244758428 -0.219828593 0.197339141
v -0.218927215 -0.239973183 0.194762297
v -0.191762674 -0.250958206 0.180407544
v -0.169989128 -0.250974126 0.155857220
v -0.155078756 -0.246200163 0.126824856
v -0.144332916 -0.241217993 0.095997944
v -0.135232616 -0.238277083 0.064384936
v -0.124698755 -0.239226006 0.033137390
v -0.114514086 -0.253664360 0.009010951
v -0.087499599 -0.263842962 -0.006153366
v -0.055498266 -0.271177198 -0.008254745
v -0.022855940 -0.273827327 -0.004223748
v 0.009566627 -0.272334777 0.001845331
v 0.041737342 -0.267206439 0.007219983
v 0.073558218 -0.258676794 0.008239868
v 0.102603168 -0.247878799 -0.002124807
v 0.123388489 -0.245254165 -0.024617715
v 0.137081078 -0.246798551 -0.052869589
v 0.146733889 -0.248724855 -0.084386428
v 0.157290974 -0.253347717 -0.115333587
v 0.171542126 -0.258445407 -0.144647461
v 0.192349830 -0.259853550 -0.170031100
v 0.219196898 -0.250986916 -0.186360859
v 0.244885906 -0.231298069 -0.191842994
v 0.265806171 -0.205839023 -0.190856896
v 0.282372749 -0.177565949 -0.186876503
v 0.295501712 -0.147684731 -0.181837365
v 0.306018815 -0.116715198 -0.177229378
v 0.314865986 -0.084986358 -0.174908549
v 0.323663163 -0.053382188 -0.178077272
v 0.324385700 -0.026901982 -0.195947278
v 0.344085069 -0.009722471 -0.211310870
v 0.366514652 0.001911736 -0.229738837
v 0.388851836 0.010702790 -0.252406584
v 0.413437389 0.018200065 -0.273140402
v 0.439695038 0.026243543 -0.291474806
v 0.466960714 0.036418508 -0.307055303
v 0.494039639 0.050480734 -0.319588503
v 0.518654271 0.070340134 -0.328800111
v 0.536986680 0.097006033 -0.334624235
v 0.545692426 0.128550468 -0.337816675
v 0.544523191 0.161352771 -0.340548691
v 0.535792274 0.192999544 -0.343723143
v 0.521715063 0.222648610 -0.347224398
v 0.503825591 0.250201319 -0.350562219
v 0.483198492 0.275862778 -0.353163579
v 0.460635402 0.299947546 -0.354520124
v 0.436836394 0.322854905 -0.354308067
v 0.412347681 0.344987277 -0.352913830
v 0.387492654 0.366723000 -0.351761807
v 0.362956515 0.388839442 -0.351300402
v 0.339898844 0.412468766 -0.352034328
v 0.320382013 0.438954816 -0.354449816
v 0.307087712 0.468851921 -0.358375352
v 0.301318820 0.501049222 -0.362502201
v 0.301617945 0.530285850 -0.355154603
v 0.304409050 0.558377618 -0.342698091
v 0.310006765 0.590793976 -0.339877284
v 0.317132447 0.622508973 -0.334062294
v 0.324806214 0.653455242 -0.325451599
v 0.332326809 0.683373775 -0.313654111
v 0.339099197 0.712245982 -0.299127689
v 0.344587317 0.739932850 -0.281996575
v 0.348270718 0.766319740 -0.262503520
v 0.349694380 0.791347921 -0.241024322
v 0.348113760 0.814840420 -0.217895394
v 0.342946828 0.836742376 -0.193749082
v 0.333381958 0.856912644 -0.169445279
v 0.318974473 0.875286945 -0.146141829
v 0.299410604 0.891676940 -0.125248982
v 0.275213889 0.905978229 -0.107989567
v 0.247393666 0.918173635 -0.095104265
v 0.217433079 0.929227425 -0.086750723
v 0.186399442 0.939625958 -0.082381447
v 0.154861903 0.949366992 -0.081242067
v 0.123087366 0.958286076 -0.082617656
v 0.091165947 0.966127878 -0.085889994
v 0.059108793 0.972577535 -0.090577734
v 0.026912725 0.977281393 -0.096277939
v -0.005397486 0.979951663 -0.102605276
v -0.037757777 0.980334429 -0.109215933
v -0.070062172 0.978261050 -0.115782838
v -0.102180204 0.973711808 -0.122014110
v -0.134103486 0.967639504 -0.127971098
v -0.165871400 0.960519247 -0.133588352
v -0.197408454 0.952028778 -0.138483007
v -0.227732790 0.939265510 -0.141032888
v -0.256447137 0.922957167 -0.141050813
v -0.284262869 0.905232082 -0.139199451
v -0.312370901 0.888155541 -0.136121887
v -0.341845688 0.873814514 -0.132172826
v -0.372583371 0.863027299 -0.126763047
v -0.402767886 0.853180402 -0.117718757
v -0.431482385 0.844244103 -0.104123136
v -0.460224701 0.847882899 -0.091586450
v -0.487714156 0.860385310 -0.079702487
v -0.508624744 0.856171430 -0.054915195
v -0.524745902 0.850061319 -0.026760788
v -0.537244700 0.843387770 0.003066113
v -0.546112899 0.835616667 0.033904218
v -0.552035969 0.826564816 0.065095635
v -0.555164747 0.815960879 0.096205734
v -0.555688038 0.803588389 0.126811763
v -0.553911756 0.789358759 0.156540458
v -0.550204974 0.773313294 0.185129043
v -0.544874904 0.755517633 0.212397741
v -0.538109548 0.735929713 0.238103558
v -0.530111611 0.714430118 0.261879885
v -0.521247830 0.690968802 0.283384960
v -0.512030474 0.665625390 0.302451284
v -0.503012420 0.638568047 0.319093797
v -0.494923998 0.609776815 0.333076930
v -0.488750300 0.579338558 0.344269156
v -0.485228017 0.547546324 0.348051418
v -0.482806015 0.519636661 0.331557759
v -0.490430184 0.487817285 0.335736285
v -0.503528805 0.457607097 0.337949748
v -0.520700283 0.429551425 0.340766630
v -0.540286266 0.403370506 0.345444383
v -0.561021778 0.378285073 0.351121350
v -0.582175958 0.353478083 0.356467263
v -0.603224253 0.328286846 0.360131911
v -0.623584194 0.302302657 0.361069685
v -0.642790266 0.275443897 0.360015107
v -0.660680669 0.247698498 0.358821754
v -0.676514645 0.218867677 0.355969540
v -0.689444520 0.188988160 0.350464004
v -0.699154849 0.158174879 0.343627404
v -0.705460585 0.126424154 0.337114928
v -0.707996213 0.093815645 0.332678611
v -0.705902471 0.060911032 0.331851901
v -0.697563813 0.029122318 0.334316216
v -0.681440977 0.000616000 0.337726043
v -0.667227790 -0.016964548 0.360370301
v -0.640539947 -0.034161696 0.365769712
v -0.609896975 -0.046350168 0.365130037
v -0.578022359 -0.054257504 0.361850919
v -0.545958374 -0.059179207 0.355735508
v -0.514287945 -0.062293553 0.346921662
v -0.483499912 -0.064441305 0.335165577
v -0.453779037 -0.066680584 0.320950413
v -0.425438073 -0.070149292 0.304362453
v -0.398744272 -0.076600914 0.286052430
v -0.374802885 -0.089115951 0.267361577
v -0.365762215 -0.109458609 0.245652349
v -0.349067595 -0.137037658 0.238994973
v -0.331262031 -0.164473697 0.242487177
v -0.313462077 -0.191300808 0.249772917
v -0.298477660 -0.220399461 0.254241284
v -0.282117916 -0.248829756 0.258122492
v -0.264451117 -0.276709648 0.259042363
v -0.243585928 -0.302199484 0.257232223
v -0.217698389 -0.322086536 0.253035229
v -0.187429175 -0.331528774 0.244725165
v -0.159513427 -0.322623517 0.238444293
v -0.137601750 -0.311152112 0.217867206
v -0.122133149 -0.298477462 0.191624062
v -0.110277934 -0.286260013 0.163326058
v -0.099765120 -0.276138260 0.133698307
v -0.087922884 -0.269279406 0.103667815
v -0.070188009 -0.267203949 0.076092786
v -0.047088360 -0.279325800 0.058774662
v -0.014541820 -0.282262567 0.055023164
v 0.018304572 -0.282582949 0.058234944
v 0.050704545 -0.279637748 0.063895505
v 0.082591661 -0.273070482 0.069391937
v 0.113647454 -0.262286285 0.072062823
v 0.142190803 -0.246811603 0.067196243
v 0.162706102 -0.229872180 0.048398345
v 0.172997654 -0.218561180 0.019304279
v 0.179216895 -0.213121183 -0.012653170
v 0.185938505 -0.210927632 -0.044913603
v 0.196004217 -0.209376740 -0.076303892
v 0.202291932 -0.198351316 -0.103841156
v 0.227670426 -0.190934494 -0.121139259
v 0.250863304 -0.169616990 -0.127634268
v 0.267511095 -0.141187532 -0.126783481
v 0.279552988 -0.110792936 -0.122226779
v 0.287891630 -0.079336039 -0.116614742
v 0.293239671 -0.047076391 -0.112006248
v 0.296392264 -0.014245788 -0.111250626
v 0.299193649 0.017389960 -0.119543622
v 0.305434725 0.041762776 -0.140475394
v 0.316702184 0.057125686 -0.167358043
v 0.331779985 0.068312271 -0.194515239
v 0.349549257 0.078777547 -0.220311984
v 0.369138392 0.090858936 -0.243986865
v 0.389073691 0.106642920 -0.265004725
v 0.396662620 0.121892711 -0.289727363
v 0.407016905 0.147339580 -0.305533224
v 0.408608293 0.179024971 -0.313857409
v 0.399357341 0.210443970 -0.316976607
v 0.382834568 0.238982516 -0.316750274
v 0.362185595 0.264581948 -0.313918870
v 0.339044367 0.287698229 -0.309357179
v 0.314277584 0.308861174 -0.303890942
v 0.288373357 0.328592644 -0.298322954
v 0.261686840 0.347475882 -0.293567471
v 0.234719963 0.366342884 -0.290783622
v 0.208647176 0.386560290 -0.291551979
v 0.186283658 0.410002729 -0.297467001
v 0.171420028 0.437475859 -0.307839634
v 0.164509935 0.467634023 -0.319241039
v 0.162850294 0.499059374 -0.329197812
v 0.164063312 0.531199040 -0.336659266
v 0.166588822 0.563786990 -0.341349621
v 0.169423546 0.596652395 -0.342831289
v 0.171741552 0.629560468 -0.341472415
v 0.172733859 0.662265835 -0.337087570
v 0.171592799 0.694456755 -0.329832276
v 0.167344656 0.725684327 -0.320015321
v 0.159248095 0.755663436 -0.309899797
v 0.152265968 0.785704577 -0.320289650
v 0.137053745 0.812513061 -0.312733107
v 0.115177656 0.834199438 -0.300998679
v 0.088365831 0.850799999 -0.291388853
v 0.058150181 0.862130054 -0.284570204
v 0.026034587 0.868581128 -0.280554880
v -0.006857814 0.870889800 -0.278912576
v -0.039860127 0.869767050 -0.279112639
v -0.072608362 0.865779154 -0.280680063
v -0.104911296 0.859367637 -0.283221391
v -0.136673795 0.850875644 -0.286420596
v -0.167854800 0.840576617 -0.290021860
v -0.198457159 0.828723771 -0.293810603
v -0.228507627 0.815534583 -0.297607339
v -0.258058824 0.801220460 -0.301251328
v -0.287191633 0.786001372 -0.304589290
v -0.316020359 0.770121990 -0.307462893
v -0.344699400 0.753872332 -0.309692609
v -0.373428642 0.737616767 -0.311054630
v -0.402450128 0.721835564 -0.311246982
v -0.432017170 0.707178584 -0.309843702
v -0.462297316 0.694505826 -0.306253092
v -0.490011094 0.682077997 -0.294812140
v -0.510474777 0.668150093 -0.272959240
v -0.536454730 0.661005556 -0.254461363
v -0.564545148 0.660763538 -0.237154174
v -0.592115157 0.670084312 -0.229091327
v -0.619466074 0.684260017 -0.224375636
v -0.640590775 0.689048683 -0.199453303
v -0.658795688 0.693651512 -0.172293786
v -0.674521236 0.697544591 -0.143531515
v -0.687746840 0.700301809 -0.113418780
v -0.698588449 0.701623582 -0.082283578
v -0.707277082 0.701390105 -0.050451532
v -0.713949719 0.699509929 -0.018148212
v -0.717950455 0.695024795 0.014335235
v -0.720268735 0.688599109 0.046613137
v -0.720927307 0.680040752 0.078471272
v -0.719995522 0.669082522 0.109590982
v -0.717723408 0.655558390 0.139618947
v -0.714507267 0.639446308 0.168255489
v -0.710807078 0.620536907 0.195060750
v -0.707264594 0.598774389 0.219632187
v -0.704754744 0.574105290 0.241420844
v -0.704305129 0.546763731 0.259891648
v -0.706932054 0.517305761 0.274518065
v -0.713146526 0.486631602 0.284966960
v -0.722365340 0.455523278 0.291022546
v -0.733759578 0.424606185 0.293173518
v -0.746406613 0.394107693 0.292281183
v -0.759587159 0.363978665 0.289156442
v -0.772811751 0.334065795 0.284492005
v -0.785775353 0.304203899 0.278860151
v -0.798299685 0.274251704 0.272733276
v -0.810284370 0.244100212 0.266505713
v -0.821668762 0.213670683 0.260510194
v -0.832401270 0.182909488 0.255029432
v -0.842412778 0.151782342 0.250305877
v -0.851462771 0.120248296 0.246425260
v -0.858843657 0.088229077 0.243032576
v -0.864257335 0.055757077 0.240321895
v -0.867416022 0.022924023 0.238615217
v -0.867953337 -0.010094834 0.238314315
v -0.865395107 -0.042975258 0.239913060
v -0.859109932 -0.075119131 0.244001926
v -0.848458041 -0.105524442 0.251088134
v -0.832948473 -0.132749061 0.261351865
v -0.812568550 -0.155192956 0.274295797
v -0.788087793 -0.171994026 0.288643005
v -0.766543655 -0.182976014 0.307998490
v -0.753798603 -0.190270601 0.336584441
v -0.722849680 -0.193659432 0.347583670
v -0.690931972 -0.193994856 0.356034483
v -0.658507860 -0.192441700 0.362079660
v -0.625776598 -0.189421526 0.365243047
v -0.592975383 -0.185609273 0.365445324
v -0.560289569 -0.181674194 0.362893386
v -0.527868859 -0.178280969 0.357627300
v -0.495890302 -0.176442422 0.349596039
v -0.464540653 -0.177577337 0.339316008
v -0.434307761 -0.183993158 0.327816105
v -0.406512626 -0.198271310 0.317477752
v -0.383123139 -0.220419177 0.310629391
v -0.364567250 -0.247336195 0.306099635
v -0.348327690 -0.275940397 0.303038818
v -0.331914321 -0.304562441 0.301434401
v -0.313725693 -0.332123505 0.301730228
v -0.293037550 -0.357753135 0.304086927
v -0.270070580 -0.381351758 0.306589484
v -0.243716208 -0.399830061 0.313303512
v -0.214510734 -0.412526373 0.321915279
v -0.183083975 -0.422132711 0.321842155
v -0.150878049 -0.422750899 0.315494363
v -0.122283181 -0.412017007 0.303478166
v -0.100644531 -0.393929123 0.286484856
v -0.085019802 -0.373362723 0.265956797
v -0.073232028 -0.353001517 0.242790862
v -0.063280547 -0.334110950 0.217595170
v -0.053336023 -0.317551861 0.190809646
v -0.040821803 -0.304070559 0.163419921
v -0.021255499 -0.294821110 0.138729022
v 0.007906152 -0.290234385 0.124669032
v 0.040675033 -0.290783842 0.121219514
v 0.073618692 -0.290713207 0.122954166
v 0.105506126 -0.284011127 0.128011441
v 0.135566651 -0.271822713 0.133761069
v 0.161514413 -0.252144684 0.138901931
v 0.185106288 -0.229398202 0.136714326
v 0.203871411 -0.210323656 0.120144391
v 0.214270699 -0.197340594 0.093895945
v 0.215572566 -0.185071282 0.063312204
v 0.216500257 -0.177036388 0.031294882
v 0.219884390 -0.170455750 -0.000884033
v 0.228225531 -0.161603543 -0.031494124
v 0.232778943 -0.141382065 -0.054527561
v 0.249160146 -0.115246054 -0.065227944
v 0.267277690 -0.087772718 -0.063508382
v 0.277381441 -0.056990234 -0.058240050
v 0.280307331 -0.024649406 -0.052472462
v 0.276337187 0.007855325 -0.048504864
v 0.269329111 0.040045662 -0.049540649
v 0.264623837 0.069654991 -0.062473589
v 0.273624815 0.091038543 -0.082915098
v 0.278144260 0.104745378 -0.112553463
v 0.286729885 0.115805019 -0.142458990
v 0.297831871 0.127607236 -0.171233815
v 0.309795267 0.142778613 -0.197984986
v 0.319416231 0.163997110 -0.221224113
v 0.314270271 0.184858112 -0.243762032
v 0.303803661 0.213449165 -0.254509392
v 0.286674016 0.241137056 -0.255035141
v 0.272479743 0.266748640 -0.245188724
v 0.246260933 0.286507673 -0.241697792
v 0.217687688 0.302655964 -0.238196640
v 0.187177866 0.315140608 -0.236292461
v 0.155808507 0.325485947 -0.236280863
v 0.124771267 0.336365103 -0.239122875
v 0.096710547 0.351450548 -0.247317437
v 0.077060013 0.373096095 -0.260663123
v 0.067580665 0.401293770 -0.267859733
v 0.060136112 0.427775824 -0.286094687
v 0.055827463 0.456119673 -0.302480616
v 0.052648723 0.485908904 -0.316384974
v 0.049205011 0.516854161 -0.327382531
v 0.044405339 0.548479102 -0.335543719
v 0.036984703 0.580226841 -0.340673800
v 0.025532333 0.611080790 -0.342892824
v 0.008550724 0.639330855 -0.342571490
v -0.014740598 0.662454322 -0.342276397
v -0.039266531 0.678864961 -0.356721762
v -0.069602959 0.688845496 -0.361206328
v -0.102490333 0.691004214 -0.360151029
v -0.135259112 0.687111132 -0.359836614
v -0.167157244 0.678598020 -0.360093876
v -0.197898740 0.666549904 -0.360718329
v -0.227417793 0.651755320 -0.361532998
v -0.255755024 0.634803082 -0.362401053
v -0.283013444 0.616159533 -0.363223715
v -0.309347480 0.596224465 -0.363935274
v -0.334969545 0.575375508 -0.364498086
v -0.360168770 0.554012264 -0.364896835
v -0.385345023 0.532619450 -0.365128832
v -0.411042268 0.511857683 -0.365186966
v -0.437960527 0.492719491 -0.365007742
v -0.466814382 0.476695743 -0.364371045
v -0.497837393 0.465593766 -0.362772170
v -0.530276209 0.460672136 -0.359426319
v -0.562754278 0.461430017 -0.353672186
v -0.594272897 0.466344238 -0.345172336
v -0.624371250 0.473848543 -0.333844119
v -0.652786762 0.482770797 -0.319581995
v -0.679683442 0.492150227 -0.302879127
v -0.704888414 0.501438080 -0.283663736
v -0.728288289 0.510102987 -0.262024417
v -0.749880574 0.517725899 -0.238240227
v -0.769742674 0.524045913 -0.212660643
v -0.787907116 0.528849070 -0.185539837
v -0.804308801 0.531828000 -0.157053483
v -0.818888093 0.532606328 -0.127442259
v -0.831696968 0.530853206 -0.097063501
v -0.842910195 0.526345553 -0.066341616
v -0.852764238 0.518915191 -0.035718932
v -0.851292764 0.504095079 -0.009564610
v -0.835397126 0.482359707 0.009508730
v -0.842984976 0.464302694 0.035828404
v -0.851118078 0.442276736 0.059003571
v -0.859741309 0.416587043 0.077821963
v -0.869033301 0.388176144 0.091806982
v -0.878881988 0.358096630 0.101188895
v -0.889006005 0.327149210 0.106683426
v -0.899096064 0.295790011 0.109067811
v -0.908874217 0.264237665 0.109046486
v -0.918239821 0.232608004 0.107252034
v -0.927358839 0.200999391 0.104218428
v -0.936110177 0.169383333 0.100302470
v -0.944351736 0.137715980 0.095745557
v -0.951956685 0.105954944 0.090754580
v -0.958809125 0.074064357 0.085507257
v -0.964786978 0.042013992 0.080166288
v -0.969769931 0.009782067 0.074899876
v -0.973652283 -0.022640716 0.069888277
v -0.976319715 -0.055253053 0.065337813
v -0.977650685 -0.088037637 0.061499302
v -0.977517617 -0.120951308 0.058686866
v -0.975809474 -0.153908330 0.057275188
v -0.972396381 -0.186756359 0.057741450
v -0.967138676 -0.219226495 0.060676857
v -0.959880203 -0.250847538 0.066798311
v -0.950528620 -0.280893055 0.076752508
v -0.939043987 -0.308365311 0.090969263
v -0.925453578 -0.332077522 0.109443249
v -0.910102417 -0.351333796 0.131390659
v -0.893162125 -0.365880338 0.155684548
v -0.874624676 -0.375790171 0.181130350
v -0.854580583 -0.381738248 0.206676019
v -0.832957034 -0.384065975 0.231517810
v -0.809967011 -0.383683899 0.255217401
v -0.785438969 -0.380671619 0.277123841
v -0.759579772 -0.375719014 0.297055878
v -0.732493824 -0.369248578 0.314810398
v -0.704253747 -0.361619774 0.330157472
v -0.674929613 -0.353228328 0.342847933
v -0.644622182 -0.344569430 0.352718157
v -0.613472134 -0.336209860 0.359809605
v -0.581608983 -0.328773112 0.364248067
v -0.549073065 -0.323377409 0.365814237
v -0.521626466 -0.321666012 0.354116028
v -0.494583736 -0.324495300 0.341756478
v -0.463154193 -0.334119986 0.339366821
v -0.434687645 -0.350636703 0.337262777
v -0.409332192 -0.371753134 0.336187222
v -0.385998633 -0.395134707 0.336071061
v -0.363523949 -0.419345025 0.336592662
v -0.341034035 -0.443531985 0.337448859
v -0.317926717 -0.467123273 0.338420098
v -0.293780935 -0.489648741 0.339357228
v -0.268281429 -0.510630372 0.340164791
v -0.241183283 -0.529501739 0.340783790
v -0.212317280 -0.545531091 0.341175531
v -0.181623270 -0.557669589 0.341290321
v -0.149329017 -0.564365133 0.341002954
v -0.116871714 -0.563100486 0.343265512
v -0.089093475 -0.551622344 0.356382051
v -0.062973712 -0.532284188 0.352453322
v -0.043387639 -0.507238138 0.343821364
v -0.029493768 -0.479715688 0.332076319
v -0.019542508 -0.451855309 0.317426033
v -0.011954729 -0.424761915 0.300132104
v -0.005400314 -0.399107886 0.280386461
v 0.001562280 -0.375314161 0.258566913
v 0.010858843 -0.353821030 0.235301455
v 0.023821196 -0.344593546 0.210067374
v 0.046041044 -0.333346321 0.191338262
v 0.075903686 -0.321608347 0.184242331
v 0.106646341 -0.309762768 0.185908541
v 0.136446245 -0.296753413 0.191707657
v 0.165545115 -0.282636688 0.198446045
v 0.194220663 -0.267157932 0.203821922
v 0.221042335 -0.248189665 0.206854446
v 0.243643629 -0.224339880 0.205156037
v 0.261394224 -0.202131495 0.191529647
v 0.267714772 -0.180414598 0.169207451
v 0.263240315 -0.162024100 0.142263450
v 0.257065764 -0.149161147 0.112496635
v 0.252304188 -0.138969939 0.081445993
v 0.249650907 -0.128073829 0.050807838
v 0.245619304 -0.111705041 0.025332964
v 0.261616629 -0.094776531 0.006415186
v 0.268950571 -0.063621209 -0.000501628
v 0.270178263 -0.030743170 0.001595178
v 0.268630670 0.001748057 0.007347353
v 0.266337338 0.034116485 0.013501393
v 0.267068591 0.066832888 0.016555422
v 0.260440253 0.098447802 0.012594633
v 0.241764109 0.117485555 -0.003064959
v 0.244197057 0.135513325 -0.027165712
v 0.242813955 0.145844634 -0.058465249
v 0.245291943 0.155205176 -0.090038261
v 0.249571908 0.166740636 -0.120675644
v 0.252756594 0.183317106 -0.148970012
v 0.249140783 0.207072021 -0.171185297
v 0.233594270 0.233595240 -0.182297041
v 0.207953716 0.253784377 -0.186166390
v 0.178069820 0.267772069 -0.186107515
v 0.147747610 0.280187000 -0.182021220
v 0.117170291 0.291354831 -0.176407894
v 0.087478972 0.304398955 -0.170141190
v 0.056993988 0.316702865 -0.168188576
v 0.026995871 0.326440706 -0.177283036
v 0.004676415 0.340308951 -0.196912779
v -0.009069198 0.358520820 -0.220705533
v -0.018405281 0.379843604 -0.244121174
v -0.026384560 0.403491623 -0.265751152
v -0.034919034 0.428927770 -0.285010073
v -0.045741773 0.455397108 -0.301504750
v -0.058102333 0.474726695 -0.322468120
v -0.074872785 0.493525406 -0.340058820
v -0.096887717 0.514010642 -0.336272974
v -0.125202151 0.526299133 -0.333532184
v -0.158011035 0.527644758 -0.335742275
v -0.189831818 0.520097151 -0.339453987
v -0.218813290 0.506098889 -0.346710753
v -0.245712718 0.488012996 -0.352934931
v -0.271567688 0.467547992 -0.353737142
v -0.295938959 0.445313517 -0.352093785
v -0.318909956 0.421698996 -0.349699440
v -0.341199991 0.397784959 -0.344958804
v -0.363265926 0.373946106 -0.338930390
v -0.385653971 0.350296858 -0.333378671
v -0.409135218 0.327291648 -0.330276059
v -0.434774872 0.306561614 -0.331237418
v -0.463719253 0.291275542 -0.335055152
v -0.487552009 0.283132902 -0.353103491
v -0.517558767 0.281161099 -0.363052048
v -0.550349861 0.284074111 -0.365555897
v -0.582883713 0.289744550 -0.365431729
v -0.614981489 0.296876137 -0.362412946
v -0.646554767 0.304581888 -0.356596056
v -0.677492496 0.312254619 -0.348006211
v -0.707671462 0.319393294 -0.336698591
v -0.736973214 0.325550953 -0.322805811
v -0.765276437 0.330295882 -0.306493474
v -0.792473297 0.333206349 -0.287999881
v -0.818291231 0.333485942 -0.267424402
v -0.842792652 0.330949686 -0.245437021
v -0.865682982 0.324620892 -0.222500017
v -0.886838429 0.313952335 -0.199525916
v -0.905926452 0.298503066 -0.177527942
v -0.906890913 0.277026959 -0.153595746
v -0.903191206 0.252400938 -0.132775747
v -0.915413915 0.224437977 -0.120285882
v -0.925355288 0.194060440 -0.112047269
v -0.933047876 0.162291704 -0.107390373
v -0.939532795 0.129978648 -0.105901828
v -0.956380275 0.102166776 -0.110657753
v -0.973932565 0.075167691 -0.117637014
v -0.978092374 0.043013172 -0.122076177
v -0.977395239 0.010277453 -0.126457895
v -0.975264754 -0.022290017 -0.131573673
v -0.971775362 -0.054661126 -0.137170423
v -0.966559012 -0.086782584 -0.142840056
v -0.959171140 -0.118541884 -0.148125678
v -0.949841139 -0.149878683 -0.152833153
v -0.938829941 -0.180769460 -0.156806565
v -0.926434384 -0.211233482 -0.159911425
v -0.912997926 -0.241339591 -0.162027676
v -0.898903016 -0.271201398 -0.163039625
v -0.884549930 -0.300955364 -0.162754311
v -0.870386739 -0.330743734 -0.160925838
v -0.856911289 -0.360660346 -0.157124922
v -0.844651575 -0.390657313 -0.150762182
v -0.834123246 -0.420408552 -0.141065260
v -0.825602275 -0.449117907 -0.127189734
v -0.818626571 -0.475418207 -0.108526548
v -0.818380515 -0.499364584 -0.089452969
v -0.837566336 -0.524794978 -0.080782568
v -0.835275601 -0.542358856 -0.054427408
v -0.830305981 -0.555634909 -0.024608989
v -0.824430157 -0.565673776 0.006285736
v -0.817203832 -0.572496284 0.037768381
v -0.808461459 -0.576596475 0.069330743
v -0.798006521 -0.578172180 0.100590988
v -0.785775104 -0.577518277 0.131229943
v -0.771792429 -0.574934641 0.161024668
v -0.755769509 -0.570400373 0.189560087
v -0.737592510 -0.564179800 0.216415916
v -0.717615685 -0.556826797 0.241634300
v -0.695754839 -0.548564948 0.264940375
v -0.671985838 -0.539755369 0.286089894
v -0.646269467 -0.530906415 0.304809644
v -0.618602489 -0.522709437 0.320869949
v -0.589061583 -0.516177089 0.334087026
v -0.557914998 -0.512557178 0.344387694
v -0.525616549 -0.513145326 0.350542524
v -0.495419002 -0.515234872 0.337920317
v -0.465120614 -0.524970424 0.333563888
v -0.436153129 -0.540743314 0.335094828
v -0.408656746 -0.559041183 0.335577802
v -0.382060852 -0.578638776 0.335382409
v -0.355821257 -0.598703025 0.334708103
v -0.329510144 -0.618657621 0.333669844
v -0.302811354 -0.638072050 0.332349108
v -0.275495877 -0.656591118 0.330821129
v -0.247394006 -0.673879873 0.329170112
v -0.218394585 -0.689611182 0.327501788
v -0.188427694 -0.703418849 0.325949707
v -0.157470277 -0.714861512 0.324686090
v -0.125564098 -0.723346251 0.323938481
v -0.092898859 -0.728131946 0.323983197
v -0.059919926 -0.728194751 0.325140452
v -0.027593006 -0.722211829 0.327696533
v 0.002351708 -0.709043099 0.331629463
v 0.027606494 -0.688423293 0.336293009
v 0.043925752 -0.668437303 0.351126995
v 0.055359947 -0.645411517 0.365576710
v 0.064930854 -0.613827061 0.365477459
v 0.070778592 -0.581450390 0.362649174
v 0.074087120 -0.549105011 0.356875349
v 0.076030587 -0.517246704 0.348419180
v 0.077372707 -0.486234591 0.337144079
v 0.079106942 -0.456290874 0.323332841
v 0.082408404 -0.427649956 0.307235678
v 0.089297280 -0.400660084 0.289543029
v 0.102816191 -0.376042191 0.272363614
v 0.125281108 -0.355430509 0.260140162
v 0.153533077 -0.339120180 0.255502297
v 0.183275377 -0.324791602 0.256157802
v 0.213131047 -0.310888085 0.258775215
v 0.242599653 -0.296203185 0.261476130
v 0.271031506 -0.279518262 0.263478247
v 0.297479073 -0.259779954 0.264298123
v 0.320361859 -0.236049896 0.263329446
v 0.336864874 -0.207878957 0.259246119
v 0.342647750 -0.177159003 0.249438232
v 0.336509533 -0.150130344 0.231928513
v 0.323861691 -0.130326121 0.208839552
v 0.309867310 -0.115947102 0.182626725
v 0.297156753 -0.104421132 0.154407182
v 0.287095211 -0.093138762 0.125052078
v 0.281134334 -0.078632794 0.096065469
v 0.270585064 -0.057588862 0.077859814
v 0.272868307 -0.027303433 0.065804396
v 0.274155091 0.005620972 0.065707146
v 0.272490192 0.038215992 0.070686852
v 0.267366454 0.070238200 0.076908792
v 0.258225339 0.101592095 0.081651228
v 0.244263424 0.131386489 0.081065523
v 0.235478123 0.159385961 0.067836652
v 0.220501219 0.173986851 0.042769621
v 0.211656231 0.180887476 0.011777314
v 0.207397331 0.186380365 -0.020505041
v 0.205179868 0.193831952 -0.052599630
v 0.201767751 0.206062145 -0.083018640
v 0.187050899 0.214201602 -0.107379270
v 0.167478806 0.236218049 -0.121319630
v 0.141545703 0.256438927 -0.122229947
v 0.113200242 0.272567259 -0.117211962
v 0.082936861 0.284010163 -0.110707145
v 0.051000082 0.290298856 -0.105267937
v 0.018230919 0.293399482 -0.102818725
v -0.014265891 0.295162593 -0.107602441
v -0.041588605 0.298954285 -0.125132673
v -0.059286996 0.307772342 -0.151418382
v -0.071357840 0.320923616 -0.179180304
v -0.081967540 0.337093749 -0.205951518
v -0.093692009 0.355383321 -0.230820165
v -0.108668133 0.374409001 -0.253236908
v -0.129208972 0.391441658 -0.272452511
v -0.148867981 0.392930435 -0.296792070
v -0.180214691 0.394813450 -0.306194938
v -0.211945532 0.386413552 -0.308209155
v -0.241155561 0.371485334 -0.304844693
v -0.267390267 0.352315380 -0.299023767
v -0.290793767 0.329815435 -0.293017808
v -0.311400011 0.304433244 -0.288424897
v -0.329720922 0.277125418 -0.285277197
v -0.345636691 0.248391692 -0.285103275
v -0.356777468 0.218335234 -0.293029440
v -0.374684459 0.191016120 -0.297068935
v -0.397778159 0.168843243 -0.304226523
v -0.427465788 0.158984329 -0.300666139
v -0.452142669 0.150333165 -0.317583589
v -0.473836241 0.146383158 -0.338711454
v -0.505076738 0.146584547 -0.349398650
v -0.537021954 0.148415158 -0.357551132
v -0.569518404 0.150860622 -0.362884501
v -0.602353925 0.153139121 -0.365542592
v -0.635342577 0.154518057 -0.365232970
v -0.668209666 0.154296212 -0.362074644
v -0.700608145 0.151739441 -0.356306968
v -0.732047617 0.145903452 -0.348143671
v -0.761825353 0.135817483 -0.338135420
v -0.788803525 0.120360246 -0.327138105
v -0.811728054 0.099222805 -0.316443741
v -0.829331728 0.072860532 -0.307403070
v -0.841167776 0.042831581 -0.300663004
v -0.846647214 0.010775608 -0.295129001
v -0.846472198 -0.021882828 -0.290356872
v -0.841857834 -0.054324073 -0.286294333
v -0.833976730 -0.086233520 -0.283058369
v -0.823824584 -0.117591887 -0.280892557
v -0.812199168 -0.148502235 -0.280103032
v -0.799715633 -0.179074025 -0.280977789
v -0.786794145 -0.209357501 -0.283664649
v -0.772974137 -0.239175075 -0.287028711
v -0.758019759 -0.268459625 -0.290227179
v -0.742697853 -0.297476316 -0.294019746
v -0.728267474 -0.326585531 -0.299988494
v -0.714541823 -0.355755230 -0.307216158
v -0.701137971 -0.385115139 -0.314272574
v -0.687810521 -0.414888356 -0.319446963
v -0.674750753 -0.445169701 -0.320932244
v -0.662875424 -0.475771170 -0.317497382
v -0.654308055 -0.506860320 -0.310485797
v -0.650002191 -0.537816538 -0.299920367
v -0.649743111 -0.567574668 -0.285660442
v -0.652665947 -0.595207159 -0.267842425
v -0.657457025 -0.620392326 -0.247040669
v -0.663125503 -0.642882820 -0.223543594
v -0.668864887 -0.663016473 -0.198004630
v -0.674011690 -0.680375094 -0.170386957
v -0.678202594 -0.695414293 -0.141293156
v -0.681189045 -0.708261987 -0.111009929
v -0.682380583 -0.718524283 -0.079627941
v -0.681688553 -0.726563184 -0.047624652
v -0.679206862 -0.732739260 -0.015318846
v -0.674786157 -0.737084382 0.017100386
v -0.668101233 -0.739549560 0.049359655
v -0.658736944 -0.740169847 0.081037549
v -0.646876473 -0.739428882 0.111854678
v -0.632183664 -0.737571241 0.141370050
v -0.610549575 -0.727579340 0.160602608
v -0.583597421 -0.710771781 0.169208643
v -0.560955319 -0.709762825 0.193208670
v -0.538466306 -0.713341735 0.216316975
v -0.527870324 -0.728504574 0.243633400
v -0.501922114 -0.735858625 0.260784516
v -0.471366608 -0.743348844 0.270752812
v -0.440668245 -0.753765535 0.276999075
v -0.409739326 -0.765147380 0.278670597
v -0.378640283 -0.775768589 0.275480872
v -0.347749827 -0.785663858 0.269236672
v -0.317087650 -0.795441392 0.261769107
v -0.286580917 -0.805947927 0.254676970
v -0.256291820 -0.817938886 0.249224595
v -0.226166107 -0.830901754 0.245235750
v -0.195693593 -0.842947598 0.241021143
v -0.164815074 -0.853879346 0.236724552
v -0.133690791 -0.864440600 0.233386420
v -0.102364259 -0.874743953 0.231416154
v -0.070776445 -0.884392387 0.230739425
v -0.038849299 -0.892855648 0.231263778
v -0.006523343 -0.899428811 0.232945873
v 0.026144915 -0.903336545 0.235785839
v 0.058896328 -0.903644002 0.239932986
v 0.091111709 -0.899377589 0.245671574
v 0.121731832 -0.889805034 0.253336673
v 0.149371934 -0.875094255 0.263698938
v 0.172649297 -0.855898174 0.277008336
v 0.185032207 -0.828248673 0.276200292
v 0.195171336 -0.799332679 0.277586287
v 0.205271034 -0.772167581 0.293357759
v 0.212095310 -0.757776059 0.321142979
v 0.215322252 -0.734728068 0.341353134
v 0.214891516 -0.703285814 0.351403510
v 0.212506486 -0.671219939 0.358892383
v 0.208803430 -0.638768271 0.363719030
v 0.204316469 -0.606115128 0.365774987
v 0.199643278 -0.573438703 0.364754973
v 0.195485392 -0.540896357 0.360970859
v 0.192738501 -0.508632122 0.354513259
v 0.192751547 -0.476829797 0.345666403
v 0.197627255 -0.445902982 0.335294909
v 0.209976697 -0.417021561 0.325412733
v 0.230319680 -0.391978197 0.318812410
v 0.255589481 -0.370961603 0.316009661
v 0.284077761 -0.357910040 0.305904476
v 0.311968150 -0.341010895 0.303947287
v 0.338588417 -0.321602042 0.306410328
v 0.363791280 -0.300577180 0.310049254
v 0.386661645 -0.277340450 0.315288446
v 0.406733141 -0.251774076 0.321100540
v 0.423307698 -0.223666052 0.326059789
v 0.434958910 -0.192911692 0.328313157
v 0.438984398 -0.160388989 0.325631938
v 0.432309088 -0.129477019 0.316896979
v 0.428065131 -0.111019757 0.292630461
v 0.407769086 -0.090958482 0.276177957
v 0.385790268 -0.076452797 0.256297249
v 0.364404994 -0.065215212 0.233785588
v 0.344896552 -0.055312335 0.209043903
v 0.327993222 -0.044496070 0.182827159
v 0.314712414 -0.029421907 0.156708828
v 0.300369718 -0.006909686 0.139550689
v 0.291835116 0.023023615 0.131578131
v 0.287433935 0.055704209 0.131677985
v 0.281211286 0.087804003 0.136297966
v 0.272138669 0.119007568 0.142182094
v 0.259370762 0.149044810 0.147113467
v 0.241879036 0.176942636 0.148349125
v 0.219327507 0.199449650 0.140829616
v 0.201172911 0.213789624 0.119906687
v 0.189262804 0.220697637 0.091861453
v 0.178204151 0.220652105 0.060764681
v 0.170492725 0.221352628 0.028656349
v 0.163156473 0.225361941 -0.003276303
v 0.151646258 0.235068921 -0.032487716
v 0.129945054 0.250347011 -0.051369517
v 0.100616472 0.264317515 -0.056143320
v 0.069065868 0.273493850 -0.053389180
v 0.036684836 0.276952684 -0.048050454
v 0.004135484 0.275625880 -0.042684766
v -0.028410213 0.270860172 -0.040003238
v -0.060171133 0.264498737 -0.045416452
v -0.085538547 0.260491121 -0.065497427
v -0.103267060 0.270854816 -0.088727049
v -0.115008298 0.276587560 -0.119037249
v -0.126023219 0.285650928 -0.148822803
v -0.139121796 0.296474124 -0.177128519
v -0.156997633 0.306756704 -0.202842389
v -0.182030551 0.311695002 -0.223455640
v -0.211847186 0.305344452 -0.235330251
v -0.239837718 0.288485425 -0.239012417
v -0.263560382 0.265598907 -0.237991380
v -0.283378514 0.239412628 -0.234624564
v -0.300063081 0.211245505 -0.230273144
v -0.314370196 0.181783593 -0.225982967
v -0.327159575 0.151478851 -0.222957809
v -0.339735972 0.120955701 -0.223071398
v -0.349336284 0.091951058 -0.233100089
v -0.362367861 0.069382007 -0.252063812
v -0.385136927 0.056026196 -0.271767113
v -0.410427582 0.048632428 -0.291646487
v -0.437567106 0.044062490 -0.309895627
v -0.466269132 0.040518559 -0.325836749
v -0.496164645 0.036808819 -0.339366137
v -0.527008487 0.031831093 -0.350067003
v -0.558214930 0.024535494 -0.358001078
v -0.588903151 0.013505535 -0.363049538
v -0.614427413 -0.000123774 -0.353589540
v -0.636086962 -0.019130453 -0.342713801
v -0.653965713 -0.046727256 -0.341333394
v -0.663460591 -0.078254398 -0.340515435
v -0.665410976 -0.111159445 -0.341375212
v -0.661443065 -0.143826609 -0.343855868
v -0.652951465 -0.175522160 -0.347508152
v -0.640911508 -0.205974988 -0.351780494
v -0.626020357 -0.235133568 -0.356126944
v -0.608804509 -0.263047771 -0.360055531
v -0.589716599 -0.289828686 -0.363149181
v -0.569196939 -0.315643708 -0.365089946
v -0.547702254 -0.340722757 -0.365706841
v -0.525749500 -0.365413237 -0.365818129
v -0.503883189 -0.390180140 -0.365855928
v -0.482845142 -0.415650142 -0.365857529
v -0.463803020 -0.442631532 -0.365802446
v -0.448448888 -0.471841998 -0.365481418
v -0.438700820 -0.503325871 -0.364324033
v -0.435375713 -0.536014857 -0.361479568
v -0.437452913 -0.568537521 -0.356277140
v -0.443355233 -0.600014358 -0.348259986
v -0.451405333 -0.630157616 -0.337466995
v -0.460559418 -0.658881025 -0.323989737
v -0.470068735 -0.686107117 -0.307896457
v -0.479357266 -0.711720031 -0.289219253
v -0.487973388 -0.735724017 -0.268216046
v -0.495421897 -0.757929387 -0.244926872
v -0.501483354 -0.778481381 -0.219822030
v -0.505920113 -0.797387705 -0.193145955
v -0.508411477 -0.814592280 -0.165096145
v -0.508606688 -0.830075723 -0.135948350
v -0.506216558 -0.843921740 -0.106076987
v -0.500884608 -0.856240326 -0.075916252
v -0.492059492 -0.867147530 -0.046025713
v -0.479555529 -0.877011198 -0.017111728
v -0.458009753 -0.866449535 0.003425851
v -0.434734349 -0.859889474 0.022812524
v -0.410969127 -0.869241810 0.043700024
v -0.383903107 -0.878832937 0.059956057
v -0.354762175 -0.889164271 0.071521855
v -0.324713381 -0.900565297 0.079097808
v -0.294333492 -0.912754386 0.083491337
v -0.263860529 -0.925360778 0.085393757
v -0.233330346 -0.937978368 0.085345718
v -0.202683428 -0.950208843 0.083753249
v -0.171832049 -0.961670732 0.080892103
v -0.140694199 -0.971983728 0.076966606
v -0.109226628 -0.980823020 0.072179379
v -0.077424371 -0.987889570 0.066714384
v -0.045325619 -0.992934508 0.060768921
v -0.013006772 -0.995774788 0.054561873
v 0.019434314 -0.996602684 0.048375326
v 0.051951265 -0.996163515 0.042555019
v 0.084530333 -0.994501575 0.037337223
v 0.116810380 -0.989703035 0.032826227
v 0.146645648 -0.976240135 0.028986989
v 0.174642770 -0.958894012 0.026458942
v 0.203725333 -0.943330639 0.025939111
v 0.235244332 -0.933950179 0.028455617
v 0.266462695 -0.924958953 0.034352357
v 0.296232154 -0.914660641 0.044207817
v 0.323735741 -0.903725008 0.058637112
v 0.349537630 -0.910248671 0.077382225
v 0.372212816 -0.912561428 0.100148514
v 0.387821703 -0.897722168 0.125063440
v 0.398820183 -0.881089091 0.151359939
v 0.405708767 -0.862991386 0.178086811
v 0.409217588 -0.843478728 0.204490300
v 0.409365671 -0.822283355 0.229806699
v 0.407088243 -0.799646423 0.253722974
v 0.402720197 -0.775564799 0.275865749
v 0.396652508 -0.750101148 0.295962684
v 0.389275430 -0.723349727 0.313825991
v 0.380953329 -0.695388900 0.329268850
v 0.372086441 -0.666286580 0.342088061
v 0.363166752 -0.636143108 0.352182613
v 0.354745687 -0.605091794 0.359621284
v 0.347762886 -0.573117804 0.364055655
v 0.343408099 -0.540438579 0.365786863
v 0.343337533 -0.508623022 0.361138168
v 0.348549700 -0.484135883 0.342163338
v 0.361208547 -0.453736496 0.340559678
v 0.379582695 -0.426337328 0.340086603
v 0.400921659 -0.401306282 0.342957542
v 0.423392325 -0.377673690 0.348229867
v 0.446261034 -0.354592393 0.354215220
v 0.469261160 -0.331411805 0.359209582
v 0.492067336 -0.307671478 0.361873799
v 0.513965028 -0.282954739 0.362782624
v 0.534221215 -0.256872588 0.363199501
v 0.552388573 -0.229534900 0.359760689
v 0.567474497 -0.200903108 0.353229318
v 0.578498671 -0.170519796 0.346551012
v 0.583982450 -0.138253303 0.342636201
v 0.581714825 -0.105406969 0.341733921
v 0.570028801 -0.074714327 0.339908173
v 0.549419517 -0.049379674 0.335912308
v 0.523156595 -0.030708842 0.328993630
v 0.494567099 -0.017662627 0.318922538
v 0.465726825 -0.008463853 0.305747624
v 0.437702927 -0.001383323 0.289776684
v 0.411146601 0.004972412 0.271195803
v 0.386586497 0.012285494 0.250367930
v 0.364475837 0.022860935 0.228283286
v 0.345855057 0.040488866 0.207698427
v 0.331992386 0.067168925 0.194582640
v 0.319356824 0.097409607 0.192415982
v 0.304214029 0.126208592 0.198034244
v 0.291215509 0.155979792 0.203912812
v 0.277872775 0.185768275 0.208981561
v 0.263648737 0.215491239 0.211063866
v 0.246098425 0.243367145 0.209588160
v 0.221982927 0.265043918 0.204435235
v 0.193762505 0.275289781 0.191531909
v 0.170115288 0.274139313 0.168848034
v 0.153567096 0.267642365 0.141082675
v 0.141597293 0.260741885 0.111091624
v 0.131431872 0.255894566 0.080044695
v 0.119808373 0.255005951 0.049186740
v 0.101356319 0.259872369 0.022557203
v 0.072950802 0.268582834 0.009026362
v 0.040656100 0.268571368 0.007946368
v 0.008139903 0.268353428 0.012492142
v -0.024296934 0.268697441 0.018754190
v -0.056953719 0.268057375 0.023605219
v -0.089517286 0.263181546 0.023734534
v -0.118344225 0.252047239 0.013156576
v -0.137221086 0.242229029 -0.011644858
v -0.148113793 0.238634553 -0.042546961
v -0.156999228 0.239523036 -0.074338894
v -0.167420455 0.242711316 -0.105509920
v -0.182202234 0.245612751 -0.134842093
v -0.193823350 0.236360056 -0.161153811
v -0.223941200 0.233724212 -0.170721887
v -0.248328881 0.212382810 -0.175966472
v -0.267802986 0.185813890 -0.174603482
v -0.282907766 0.156779457 -0.170288283
v -0.294567582 0.126326903 -0.165055834
v -0.303603084 0.094879837 -0.160549411
v -0.310981502 0.062742147 -0.158962062
v -0.318522708 0.031132026 -0.164191546
v -0.329445299 0.004871530 -0.180433056
v -0.332427786 -0.009660244 -0.207154042
v -0.350834073 -0.020644875 -0.232252216
v -0.371944650 -0.029021756 -0.256227148
v -0.395088505 -0.037098498 -0.278356487
v -0.419754682 -0.046407803 -0.298234560
v -0.445145097 -0.058464322 -0.315539398
v -0.469720462 -0.075224960 -0.329774669
v -0.490498071 -0.098380474 -0.340495133
v -0.503130595 -0.127923119 -0.347327250
v -0.505126842 -0.160570600 -0.350747900
v -0.498012101 -0.192726876 -0.351902051
v -0.484512815 -0.222833499 -0.351700627
v -0.466756097 -0.250637719 -0.350419533
v -0.446288588 -0.276407180 -0.347641234
v -0.424003598 -0.300467334 -0.343691538
v -0.400485429 -0.323195379 -0.339034342
v -0.376156658 -0.345023067 -0.334222375
v -0.351408093 -0.366481332 -0.329915903
v -0.326799206 -0.388312029 -0.326909607
v -0.303416239 -0.411609922 -0.326126203
v -0.283428968 -0.437746788 -0.328354211
v -0.269850745 -0.467367739 -0.333211924
v -0.263512512 -0.492961154 -0.347326383
v -0.262266720 -0.518901178 -0.362037949
v -0.265636531 -0.551596927 -0.365139118
v -0.271258924 -0.584131464 -0.365667166
v -0.278123125 -0.616338305 -0.363214604
v -0.285352085 -0.648134032 -0.358030815
v -0.292394463 -0.679384824 -0.350043381
v -0.298749330 -0.709960101 -0.339332040
v -0.303963695 -0.739731835 -0.326045288
v -0.307603637 -0.768575359 -0.310381681
v -0.308809214 -0.796169028 -0.292283321
v -0.307492713 -0.822593769 -0.272530926
v -0.302600124 -0.847480903 -0.251397451
v -0.293669714 -0.870702822 -0.229709497
v -0.279872082 -0.891877142 -0.208491741
v -0.261068427 -0.910716123 -0.189006608
v -0.237407955 -0.926799627 -0.172591118
v -0.209915306 -0.939994989 -0.160011698
v -0.179775328 -0.950336093 -0.151424406
v -0.148069041 -0.958054786 -0.146414377
v -0.115544382 -0.963399120 -0.144386591
v -0.082678194 -0.966649662 -0.144672703
v -0.049739093 -0.968015232 -0.146727363
v -0.016882889 -0.967633363 -0.150124089
v 0.015802307 -0.965651643 -0.154487201
v 0.048267361 -0.962183292 -0.159520873
v 0.080483348 -0.957314162 -0.164981091
v 0.112438837 -0.951138638 -0.170649139
v 0.144137079 -0.943762090 -0.176327560
v 0.175589407 -0.935280405 -0.181829247
v 0.206818815 -0.925800992 -0.186960546
v 0.237865347 -0.915468855 -0.191524024
v 0.268777476 -0.904433309 -0.195280326
v 0.299617395 -0.892893358 -0.197952605
v 0.330449247 -0.881095686 -0.199191759
v 0.361318190 -0.869356470 -0.198526297
v 0.392200878 -0.858074576 -0.195393659
v 0.421336851 -0.845356665 -0.187431408
v 0.442669888 -0.826077709 -0.171336695
v 0.463290463 -0.808551333 -0.152507961
v 0.488526317 -0.799993636 -0.133220068
v 0.512191178 -0.795238071 -0.110726057
v 0.534621360 -0.799226450 -0.090620571
v 0.559425407 -0.816896358 -0.077899684
v 0.573836776 -0.814776917 -0.049048742
v 0.584751816 -0.810625094 -0.018163828
v 0.592366787 -0.805094210 0.013485744
v 0.597335578 -0.798075062 0.045355865
v 0.599866799 -0.789397131 0.077102197
v 0.600235997 -0.779016744 0.108452855
v 0.598233019 -0.766452330 0.138943629
v 0.594365453 -0.751839194 0.168286552
v 0.589055068 -0.735387126 0.196384806
v 0.582443943 -0.716987945 0.222970745
v 0.574766332 -0.696512730 0.247700899
v 0.566427677 -0.673947476 0.270311747
v 0.557932866 -0.649398500 0.290693513
v 0.549977629 -0.622701706 0.308414745
v 0.543420954 -0.594041899 0.323429543
v 0.539560413 -0.563539143 0.335428177
v 0.539828619 -0.531776103 0.344339021
v 0.545347148 -0.499800476 0.350280571
v 0.556083678 -0.468727957 0.353113146
v 0.570725937 -0.439137272 0.353199108
v 0.587795222 -0.410931789 0.351190789
v 0.606056318 -0.383620496 0.347728435
v 0.624689206 -0.356693403 0.343339235
v 0.643161713 -0.329737327 0.338473189
v 0.661116248 -0.302449003 0.333524388
v 0.678294128 -0.274619664 0.328845328
v 0.694486370 -0.246117986 0.324742080
v 0.709466898 -0.216855512 0.321490604
v 0.722975444 -0.186791854 0.319286272
v 0.734411819 -0.155847243 0.317665758
v 0.743172177 -0.124023773 0.316557101
v 0.748646994 -0.091462544 0.316239436
v 0.749930165 -0.058489807 0.317072858
v 0.745976785 -0.025821048 0.319402334
v 0.735499824 0.005167084 0.323460054
v 0.717884568 0.032454273 0.328940292
v 0.693760896 0.054101001 0.334823548
v 0.665067262 0.069574249 0.339731183
v 0.633774199 0.079626494 0.342546192
v 0.601322478 0.085630178 0.342670760
v 0.568592245 0.088904309 0.339886749
v 0.536129008 0.090485003 0.334049513
v 0.504318805 0.091440876 0.325250847
v 0.473417241 0.092760015 0.313677372
v 0.443769654 0.095903878 0.299485927
v 0.415710346 0.102898773 0.283606264
v 0.386003056 0.110964257 0.282496447
v 0.363816194 0.131515875 0.269647113
v 0.347072360 0.159055255 0.262867390
v 0.334259226 0.189355252 0.260020566
v 0.321980721 0.220015861 0.259428247
v 0.307801677 0.249814432 0.260644294
v 0.290358454 0.277677818 0.263651811
v 0.269700902 0.303223554 0.266969469
v 0.244096098 0.321601287 0.274277809
v 0.214972772 0.334952909 0.279469741
v 0.184261369 0.344767699 0.273324491
v 0.162241488 0.351931026 0.251813476
v 0.137920921 0.341953310 0.232179810
v 0.120309673 0.327393510 0.208411349
v 0.107166932 0.312641169 0.181962388
v 0.095996001 0.299585838 0.153757108
v 0.084197891 0.289640195 0.124572017
v 0.067732481 0.284122820 0.096617171
v 0.044047167 0.273822679 0.080996631
v 0.012460667 0.277010272 0.072797082
v -0.020171539 0.281854175 0.073467964
v -0.052835331 0.282136333 0.077911064
v -0.084728119 0.275814260 0.083638213
v -0.113606192 0.261048539 0.088873828
v -0.140079134 0.241529219 0.088755047
v -0.163743951 0.225057878 0.074635551
v -0.179796742 0.216939683 0.049291862
v -0.185864695 0.207683250 0.018239965
v -0.190802283 0.202909744 -0.014060283
v -0.197860074 0.200006917 -0.046186252
v -0.209797511 0.195632140 -0.076587084
v -0.218436827 0.179491492 -0.101101306
v -0.239165445 0.157841215 -0.113843241
v -0.260197985 0.132533331 -0.113133144
v -0.276348452 0.104424404 -0.107557840
v -0.284471160 0.072926305 -0.101900092
v -0.286462017 0.040316305 -0.097634346
v -0.283400352 0.007459303 -0.097196979
v -0.282462367 -0.024515712 -0.104565307
v -0.286085520 -0.049591035 -0.125189647
v -0.294624424 -0.065218207 -0.152895627
v -0.307086122 -0.076362171 -0.181365691
v -0.322297718 -0.086651985 -0.208816424
v -0.339414790 -0.098328504 -0.234528048
v -0.357122930 -0.113391413 -0.257945514
v -0.379521401 -0.133514578 -0.264105327
v -0.384380644 -0.156487778 -0.284490276
v -0.381097821 -0.183964215 -0.298927948
v -0.370978341 -0.215035059 -0.302561432
v -0.358403881 -0.244450953 -0.294930079
v -0.339924879 -0.270472688 -0.287703902
v -0.315297729 -0.292273922 -0.284749617
v -0.288531183 -0.311402473 -0.281972184
v -0.259781908 -0.327629343 -0.281169124
v -0.230042369 -0.341968014 -0.282241321
v -0.200491552 -0.356437736 -0.285127812
v -0.173146116 -0.374040097 -0.290591606
v -0.151720260 -0.397054197 -0.300242745
v -0.138931623 -0.424117718 -0.313962816
v -0.133230640 -0.453323171 -0.328221719
v -0.131779366 -0.483788803 -0.340868865
v -0.132446429 -0.515157623 -0.351156089
v -0.134026706 -0.547230525 -0.358868835
v -0.135643029 -0.579855386 -0.363708944
v -0.136526292 -0.612807879 -0.365630975
v -0.136104882 -0.645818977 -0.364944506
v -0.133257777 -0.678510343 -0.361271308
v -0.127328344 -0.710406632 -0.355196451
v -0.119239235 -0.725494932 -0.327884513
v -0.105017924 -0.750403765 -0.314724754
v -0.084916002 -0.775217807 -0.308106973
v -0.065621901 -0.799745361 -0.318633840
v -0.038000077 -0.816179125 -0.316850233
v -0.006483191 -0.824755436 -0.312268977
v 0.026260986 -0.828145496 -0.309929449
v 0.059260541 -0.827266028 -0.309411026
v 0.091984762 -0.822912415 -0.310257902
v 0.124165859 -0.815704774 -0.312074157
v 0.155679591 -0.806118962 -0.314538854
v 0.186481230 -0.794529636 -0.317395742
v 0.216574505 -0.781246149 -0.320438330
v 0.245998363 -0.766539852 -0.323496188
v 0.274821418 -0.750661688 -0.326422034
v 0.303150891 -0.733873214 -0.329081936
v 0.331134863 -0.716457715 -0.331343797
v 0.358971563 -0.698746213 -0.333060962
v 0.386922399 -0.681160151 -0.334042804
v 0.415313237 -0.664270065 -0.334027120
v 0.444491493 -0.648855452 -0.332631885
v 0.474711011 -0.635980495 -0.329281818
v 0.505845845 -0.626835557 -0.323261886
v 0.537158827 -0.622229071 -0.313939136
v 0.567520661 -0.622068259 -0.301020099
v 0.596023604 -0.625298504 -0.284701670
v 0.622199228 -0.630675152 -0.265320832
v 0.645920056 -0.637079889 -0.243273532
v 0.667191033 -0.643691511 -0.218900186
v 0.686140302 -0.649906782 -0.192580895
v 0.702662713 -0.655221453 -0.164482658
v 0.716778101 -0.659215451 -0.134899655
v 0.728663520 -0.661650342 -0.104212171
v 0.738561290 -0.662462484 -0.072756407
v 0.746576009 -0.661563375 -0.040741522
v 0.752346043 -0.658313289 -0.008373214
v 0.756180105 -0.652650183 0.023928556
v 0.758440874 -0.644687381 0.055881510
v 0.759274030 -0.634208322 0.087176261
v 0.758929459 -0.620948443 0.117411139
v 0.757810310 -0.604626311 0.146093918
v 0.743380523 -0.579657600 0.158202697
v 0.732657297 -0.554204405 0.170974905
v 0.733962999 -0.529458786 0.192775730
v 0.737551669 -0.501868712 0.210509616
v 0.743997128 -0.472346553 0.223760421
v 0.753236433 -0.441944422 0.232696947
v 0.764696182 -0.411426787 0.237959912
v 0.777600423 -0.381121185 0.240400997
v 0.791280835 -0.351054831 0.240725833
v 0.805210343 -0.321124531 0.239479804
v 0.819028041 -0.291209269 0.237102678
v 0.832782668 -0.261305734 0.234248745
v 0.846318360 -0.231321065 0.231206447
v 0.859421423 -0.201150167 0.228114525
v 0.871882356 -0.170702990 0.225081127
v 0.883494041 -0.139907696 0.222202887
v 0.894049587 -0.108712970 0.219577638
v 0.903289042 -0.077075226 0.217332786
v 0.910973905 -0.044993259 0.215617087
v 0.916776895 -0.012489263 0.214648891
v 0.920355923 0.020344996 0.214705034
v 0.921276795 0.053324200 0.216163758
v 0.919030130 0.086093994 0.219505151
v 0.913061139 0.118038825 0.225272017
v 0.902818744 0.148167734 0.233976913
v 0.887975111 0.175124011 0.245833704
v 0.868824629 0.197599660 0.260518157
v 0.846116989 0.214785729 0.277163872
v 0.816862418 0.221387358 0.276438944
v 0.787434957 0.226881353 0.279953572
v 0.759274728 0.232315947 0.296286762
v 0.729693061 0.234189162 0.310834190
v 0.698942494 0.233087077 0.322800206
v 0.667437121 0.230121614 0.332209163
v 0.635368703 0.225879650 0.338837339
v 0.602899883 0.220963781 0.342309626
v 0.570232578 0.216151224 0.342704055
v 0.537537389 0.212277571 0.340236745
v 0.504997174 0.210592432 0.334920622
v 0.472969448 0.212963321 0.327357784
v 0.442399649 0.221938944 0.318954849
v 0.415065255 0.238994239 0.312150848
v 0.391834216 0.262140108 0.308614178
v 0.371397820 0.288072219 0.307924676
v 0.352033739 0.314816190 0.309016648
v 0.332511041 0.341390767 0.311049420
v 0.312022728 0.367192940 0.313459968
v 0.290006736 0.391701065 0.315854497
v 0.266020486 0.414308538 0.317921666
v 0.239691475 0.434178175 0.319351927
v 0.210745332 0.450012990 0.319731104
v 0.179258477 0.459626202 0.318649986
v 0.147638041 0.455659369 0.326164269
v 0.117805338 0.443871096 0.321354941
v 0.097835220 0.432376747 0.301937433
v 0.082024404 0.416362708 0.280899769
v 0.068370974 0.393414096 0.261511191
v 0.057699915 0.371244879 0.239489627
v 0.048116230 0.350902750 0.215301234
v 0.037444948 0.333225499 0.189536684
v 0.022310133 0.319106413 0.163898863
v -0.001729777 0.309742292 0.143730123
v -0.032898750 0.303085401 0.135894445
v -0.064861253 0.295129515 0.137554847
v -0.095783995 0.285129762 0.143429780
v -0.125934206 0.273443374 0.150190018
v -0.155586018 0.259853320 0.155322766
v -0.183248548 0.241998363 0.156764886
v -0.206032316 0.219662721 0.149660876
v -0.223786752 0.204516494 0.128474065
v -0.226518330 0.186542911 0.101098907
v -0.225701420 0.174849122 0.070252173
v -0.225558666 0.166540067 0.038289644
v -0.228520737 0.158766034 0.006344416
v -0.237069797 0.147065959 -0.023173256
v -0.251294844 0.125358731 -0.042858623
v -0.262608252 0.095113881 -0.048516148
v -0.267549865 0.062579879 -0.046409698
v -0.269273910 0.030048372 -0.040953626
v -0.269929096 -0.002431993 -0.034986725
v -0.275777039 -0.033896169 -0.031318193
v -0.272154929 -0.065971018 -0.035498671
v -0.257774058 -0.087171482 -0.052931859
v -0.257282142 -0.103764507 -0.081292193
v -0.261724328 -0.114944137 -0.112029486
v -0.269487648 -0.125241035 -0.142436470
v -0.279076169 -0.137356361 -0.171618617
v -0.288514983 -0.153709512 -0.198657615
v -0.299627994 -0.177861977 -0.213912829
v -0.297775395 -0.207275065 -0.225602836
v -0.281273235 -0.234875384 -0.232091394
v -0.256503531 -0.256414164 -0.234941509
v -0.228223849 -0.273438396 -0.234866012
v -0.199148099 -0.288706154 -0.231394379
v -0.169568201 -0.302584037 -0.226548205
v -0.141113792 -0.318025529 -0.220157660
v -0.113025850 -0.334705550 -0.215686520
v -0.083973704 -0.349076449 -0.221200939
v -0.061770846 -0.357091642 -0.241016577
v -0.047315595 -0.376394640 -0.262562557
v -0.039034429 -0.400711102 -0.283287771
v -0.033819960 -0.427087812 -0.302461178
v -0.029616232 -0.455050431 -0.319523267
v -0.025185550 -0.484393976 -0.334017506
v -0.019402676 -0.514670603 -0.345848528
v -0.011162376 -0.545321770 -0.354914400
v 0.001011839 -0.575356206 -0.361089553
v 0.018524147 -0.603011127 -0.363920964
v 0.037110064 -0.621871015 -0.345312415
v 0.065789227 -0.637156836 -0.342509190
v 0.098009417 -0.643961680 -0.341759334
v 0.130918578 -0.643405759 -0.343597417
v 0.162922162 -0.637419174 -0.348975168
v 0.193561445 -0.627252579 -0.355903879
v 0.222955268 -0.613540510 -0.362081933
v 0.251208732 -0.596802365 -0.365439446
v 0.278233425 -0.577813682 -0.365798742
v 0.304123290 -0.557294552 -0.365868834
v 0.329074251 -0.535712040 -0.364340008
v 0.353326658 -0.513674886 -0.360179498
v 0.377291279 -0.491652857 -0.354502303
v 0.401609232 -0.470025777 -0.348816269
v 0.427088654 -0.449433060 -0.344637146
v 0.454592813 -0.431257734 -0.343021146
v 0.484633356 -0.417634795 -0.342553150
v 0.516318602 -0.410615387 -0.343835591
v 0.542894048 -0.411198257 -0.362281613
v 0.575313895 -0.414728865 -0.358061850
v 0.606765647 -0.421411945 -0.350558385
v 0.636947089 -0.429933157 -0.340211446
v 0.665807035 -0.439260904 -0.327160055
v 0.693206514 -0.448735798 -0.311358680
v 0.719197920 -0.457838876 -0.293151971
v 0.743749552 -0.466212889 -0.272716164
v 0.766685753 -0.473431751 -0.250058221
v 0.787851288 -0.479012800 -0.225324106
v 0.807432541 -0.482838415 -0.199022344
v 0.825396189 -0.484594181 -0.171381995
v 0.841758956 -0.483964764 -0.142709517
v 0.856404793 -0.480239002 -0.113353920
v 0.869687104 -0.473465459 -0.083893706
v 0.881670280 -0.462903472 -0.055000577
v 0.892687190 -0.448344569 -0.027503259
v 0.895991322 -0.427263811 -0.003482273
v 0.884834684 -0.400987496 0.012935732
v 0.887731742 -0.373381708 0.029093709
v 0.897836491 -0.344692885 0.041897606
v 0.907717384 -0.314326420 0.050275488
v 0.917527586 -0.283144107 0.054954786
v 0.931404027 -0.253316904 0.057518979
v 0.948558921 -0.225112825 0.058640801
v 0.965719057 -0.196893563 0.058223614
v 0.979565427 -0.167035707 0.055904316
v 0.987137403 -0.135242701 0.051511865
v 0.991758583 -0.102993331 0.046029575
v 0.995293440 -0.070700196 0.040021602
v 0.997614690 -0.038359601 0.033694474
v 0.997825942 -0.005976471 0.027187908
v 0.995722550 0.026350691 0.020736043
v 0.991453481 0.058526371 0.014598327
v 0.985241758 0.090489934 0.009031260
v 0.977366739 0.122221118 0.004297638
v 0.968164141 0.153739660 0.000665642
v 0.957975522 0.185085130 -0.001553050
v 0.947143161 0.216288848 -0.001973902
v 0.935988897 0.247319127 -0.000058139
v 0.924793451 0.278001357 0.004819404
v 0.913733603 0.307894873 0.013419925
v 0.902722842 0.336136097 0.026470246
v 0.890943476 0.361327144 0.044215393
v 0.878195315 0.382393815 0.066165139
v 0.864356566 0.398731983 0.091262883
v 0.849272349 0.410391265 0.118198489
v 0.832753378 0.417709591 0.145817560
v 0.814726602 0.421371294 0.173224609
v 0.794986448 0.421669851 0.199683314
v 0.773654277 0.419411368 0.224770315
v 0.750688206 0.414966956 0.248057424
v 0.726128455 0.408784069 0.269223083
v 0.700061290 0.401326672 0.288044515
v 0.672572651 0.393053779 0.304339869
v 0.643755242 0.384465252 0.317977784
v 0.613543407 0.376273377 0.328483699
v 0.582195261 0.369309265 0.336144583
v 0.549830976 0.364839300 0.340869835
v 0.516896999 0.364775572 0.342852639
v 0.484507890 0.370919722 0.342872000
v 0.454241787 0.383975625 0.342031674
v 0.426879094 0.402417679 0.341305997
v 0.401838959 0.423953622 0.341040858
v 0.378076260 0.446904918 0.341173635
v 0.354695299 0.470245002 0.341536713
v 0.331049812 0.493314733 0.341978355
v 0.306688259 0.515625263 0.342391899
v 0.281283796 0.536739036 0.342714349
v 0.254594299 0.556199834 0.342921453
v 0.226443891 0.573472989 0.343022397
v 0.196721978 0.587860444 0.343051865
v 0.165434576 0.598386280 0.343054277
v 0.132861691 0.603611588 0.343039594
v 0.099972608 0.601635972 0.342865218
v 0.068976400 0.590637301 0.342018224
v 0.042926161 0.570700183 0.339539940
v 0.023476373 0.544591427 0.334485792
v 0.009891196 0.515631793 0.326408937
v 0.000509124 0.486031639 0.315208281
v -0.006416522 0.456982022 0.301121143
v -0.012238064 0.429139398 0.284335043
v -0.018448518 0.403067380 0.265036807
v -0.026986104 0.379136829 0.243964258
v -0.036820615 0.351821988 0.235027658
v -0.057316054 0.334226134 0.216374462
v -0.085981343 0.321179733 0.207055114
v -0.117183433 0.310507255 0.206169749
v -0.148264593 0.299791960 0.209380491
v -0.179045127 0.288439389 0.213264419
v -0.209096938 0.275092427 0.216336807
v -0.237445561 0.258250313 0.217706658
v -0.262144085 0.236496900 0.216163169
v -0.279309912 0.209469205 0.209029478
v -0.284294677 0.181653915 0.192614543
v -0.279537319 0.160256595 0.168110413
v -0.271558107 0.145318168 0.139791379
v -0.264203889 0.133999420 0.109652131
v -0.259447338 0.123546850 0.078693247
v -0.258741162 0.110230664 0.048751349
v -0.254256041 0.088921337 0.028255160
v -0.261979772 0.059443337 0.016537788
v -0.267299887 0.026934192 0.016889810
v -0.268878073 -0.005617046 0.022156214
v -0.266685179 -0.037954573 0.028464415
v -0.260485106 -0.070065068 0.032868999
v -0.250966980 -0.101429562 0.030746412
v -0.246505817 -0.129741026 0.015871091
v -0.237374085 -0.145452854 -0.011400684
v -0.234321982 -0.154925082 -0.042851786
v -0.235197123 -0.163546907 -0.074719841
v -0.237775283 -0.174464383 -0.105773452
v -0.238922514 -0.190621688 -0.134461858
v -0.226950570 -0.202894308 -0.158588081
v -0.211391098 -0.228677886 -0.171153934
v -0.188356578 -0.252149360 -0.171978716
v -0.162039315 -0.271448079 -0.167113431
v -0.133485040 -0.286648494 -0.160528640
v -0.102931737 -0.297655556 -0.154623699
v -0.070960380 -0.305155673 -0.151169137
v -0.038641340 -0.311568131 -0.152502101
v -0.008811318 -0.319566427 -0.163543113
v 0.011349413 -0.327344117 -0.185906687
v 0.023177988 -0.335724351 -0.212789949
v 0.032726513 -0.354779728 -0.238011211
v 0.041119984 -0.376252913 -0.261660128
v 0.050198485 -0.399518395 -0.283266950
v 0.061527374 -0.423882546 -0.302448569
v 0.075481897 -0.452353697 -0.302026810
v 0.093643844 -0.469067946 -0.320802594
v 0.116175575 -0.480172563 -0.337977342
v 0.147550598 -0.487837035 -0.343920626
v 0.180343799 -0.485364215 -0.345079679
v 0.211668710 -0.475382355 -0.342549538
v 0.240705212 -0.460380362 -0.337932150
v 0.267513269 -0.441857565 -0.332581810
v 0.292314329 -0.420628840 -0.327587834
v 0.315289714 -0.397207515 -0.323800948
v 0.336666595 -0.372121353 -0.321592225
v 0.357171561 -0.346269105 -0.319944938
v 0.372734548 -0.320104052 -0.328784295
v 0.390540294 -0.294546279 -0.335922001
v 0.414396180 -0.271919088 -0.338646845
v 0.442208529 -0.256772412 -0.337900716
v 0.472238119 -0.249265908 -0.331761832
v 0.501521265 -0.244997755 -0.342168892
v 0.525227910 -0.244536805 -0.361724116
v 0.557839366 -0.248487077 -0.365111994
v 0.590347620 -0.254280463 -0.365590517
v 0.622648660 -0.260799397 -0.363439304
v 0.654612354 -0.267459203 -0.358458757
v 0.686087905 -0.273682536 -0.350602184
v 0.716899911 -0.278896429 -0.339906441
v 0.746905103 -0.282608694 -0.326630147
v 0.775967541 -0.284360813 -0.311064411
v 0.803912027 -0.283601312 -0.293508851
v 0.830462112 -0.279542332 -0.274302031
v 0.855275339 -0.271303999 -0.254151652
v 0.878075542 -0.258431643 -0.234069549
v 0.898332601 -0.240372081 -0.215313390
v 0.915551115 -0.217281751 -0.199242562
v 0.929471907 -0.190115626 -0.186745124
v 0.939346156 -0.159976104 -0.177659290
v 0.944906647 -0.128037808 -0.171462732
v 0.946662966 -0.095291411 -0.167632755
v 0.945299218 -0.062354153 -0.165652944
v 0.941450594 -0.029552212 -0.165161050
v 0.935789944 0.002985278 -0.165871480
v 0.928867444 0.035239712 -0.167634768
v 0.921161502 0.067248915 -0.170370246
v 0.913067764 0.099071173 -0.174020037
v 0.904872793 0.130755051 -0.178545123
v 0.896436882 0.162287999 -0.183643471
v 0.886947010 0.193545717 -0.188578073
v 0.876623744 0.224584223 -0.193219320
v 0.867909311 0.255917810 -0.198972933
v 0.861189807 0.287530038 -0.205817688
v 0.855297547 0.319322040 -0.212604055
v 0.848924500 0.351302274 -0.217857725
v 0.840977287 0.383278200 -0.219882551
v 0.830989992 0.414593901 -0.217035782
v 0.821023982 0.445194560 -0.209667760
v 0.813016421 0.475091200 -0.198208343
v 0.807269150 0.503393723 -0.182250306
v 0.803602312 0.529148772 -0.161953161
v 0.801380610 0.551751549 -0.138006058
v 0.799835802 0.570843789 -0.111120288
v 0.798227764 0.586674021 -0.082187446
v 0.795889590 0.599046774 -0.051663996
v 0.792497968 0.608619934 -0.020250444
v 0.787679045 0.615410140 0.011698724
v 0.781143350 0.619550844 0.043792763
v 0.772753462 0.621309913 0.075659500
v 0.762527124 0.621025488 0.107021103
v 0.750495269 0.618944835 0.137687262
v 0.736321610 0.615001668 0.167269732
v 0.719798340 0.609400661 0.195309726
v 0.701307279 0.602710149 0.221822618
v 0.680745687 0.595180073 0.246529369
v 0.658009592 0.587211117 0.269107051
v 0.631434867 0.576529057 0.280559904
v 0.601901503 0.562576139 0.276807686
v 0.573261875 0.558282764 0.292650402
v 0.549436818 0.560496548 0.313019296
v 0.530392206 0.567350888 0.336955532
v 0.498618279 0.573179216 0.343642382
v 0.467694102 0.583998812 0.347614506
v 0.437910819 0.598212254 0.347964487
v 0.409183424 0.614078769 0.344300258
v 0.381249600 0.630609622 0.338159303
v 0.353674138 0.647420424 0.331191885
v 0.326086459 0.664476593 0.324915078
v 0.298321825 0.681822765 0.320519391
v 0.270306085 0.699168014 0.318137013
v 0.241675530 0.715487068 0.315820998
v 0.212358373 0.730589621 0.313915544
v 0.182583603 0.744886468 0.314198336
v 0.152344011 0.757969747 0.316534737
v 0.121492975 0.769128223 0.320360417
v 0.089874242 0.777442417 0.325006509
v 0.057503386 0.781699999 0.329865572
v 0.024867437 0.780381878 0.334484073
v -0.006774263 0.772209423 0.338798895
v -0.035513054 0.757059107 0.344296662
v -0.057771381 0.735004355 0.343734144
v -0.072259771 0.709862570 0.330393377
v -0.086771324 0.680950438 0.336761054
v -0.096125648 0.649621050 0.341208525
v -0.101422900 0.617082184 0.342997686
v -0.103949599 0.584179904 0.341810119
v -0.104865755 0.551442061 0.337639738
v -0.105064453 0.519201985 0.330495023
v -0.105563701 0.487753982 0.320443504
v -0.107561085 0.457329347 0.307773897
v -0.112987137 0.428290203 0.293065260
v -0.124544820 0.400991730 0.278934050
v -0.138257441 0.373012332 0.279306388
v -0.164092519 0.353783130 0.272494049
v -0.194099096 0.341393882 0.267096614
v -0.225062977 0.330921942 0.262966287
v -0.253823633 0.314992790 0.265933635
v -0.281135367 0.296913826 0.270109594
v -0.305564612 0.275525131 0.276052007
v -0.326589236 0.250853108 0.282283519
v -0.343691488 0.222921252 0.286151229
v -0.354934614 0.192099109 0.284019216
v -0.356121660 0.161175455 0.273304347
v -0.357643778 0.143048676 0.248918313
v -0.343214277 0.122654862 0.227457910
v -0.327201621 0.107847930 0.202689018
v -0.312210760 0.096108279 0.175708232
v -0.299584440 0.085055728 0.147265164
v -0.290634629 0.071598942 0.118509875
v -0.285016244 0.050746575 0.094176698
v -0.277008543 0.022276153 0.083424895
v -0.277265395 -0.010591517 0.081546536
v -0.275086273 -0.043255741 0.085797713
v -0.269696956 -0.075255525 0.091918213
v -0.260489107 -0.106505674 0.097236232
v -0.246599754 -0.136353869 0.098553274
v -0.227915446 -0.161761622 0.089915780
v -0.218306379 -0.180812596 0.068275771
v -0.207252717 -0.188880470 0.038758912
v -0.200345208 -0.193116912 0.006755668
v -0.196385174 -0.198399723 -0.025606071
v -0.192427337 -0.207485944 -0.057078833
v -0.183489952 -0.222998181 -0.084573203
v -0.163708009 -0.243337723 -0.100609099
v -0.136148445 -0.260936801 -0.103937539
v -0.105805829 -0.273506681 -0.100891838
v -0.073941789 -0.280456204 -0.095872497
v -0.041335999 -0.282530562 -0.091123144
v -0.008419796 -0.281438590 -0.088875343
v 0.024058868 -0.279692693 -0.093729695
v 0.051108952 -0.281200876 -0.111930005
v 0.068254965 -0.287806324 -0.139216844
v 0.079937878 -0.298702965 -0.168103590
v 0.090325992 -0.312575489 -0.196217586
v 0.101825311 -0.328528193 -0.222747507
v 0.116463912 -0.345260630 -0.247137225
v 0.136110709 -0.363400037 -0.261752759
v 0.161969884 -0.376636308 -0.270284542
v 0.193395543 -0.375547769 -0.279558084
v 0.223932916 -0.363758740 -0.282872023
v 0.251119637 -0.345093473 -0.282617875
v 0.274899968 -0.322305891 -0.280406566
v 0.295778567 -0.296924681 -0.277170888
v 0.314334727 -0.269835610 -0.273576753
v 0.331212879 -0.241629282 -0.270282716
v 0.347256146 -0.212830281 -0.268155355
v 0.363777542 -0.184243034 -0.268542586
v 0.376245437 -0.156733064 -0.280808781
v 0.396189776 -0.135838833 -0.295809328
v 0.423174184 -0.124292790 -0.310767538
v 0.452152815 -0.119255132 -0.325732802
v 0.482372734 -0.117764028 -0.338956033
v 0.513604800 -0.118083654 -0.349675215
v 0.545573864 -0.119000615 -0.357913702
v 0.578182312 -0.119651961 -0.363088071
v 0.611107732 -0.119335317 -0.365564387
v 0.644047088 -0.117195373 -0.365195780
v 0.676555549 -0.112368273 -0.362139050
v 0.707943319 -0.103772642 -0.356673530
v 0.724680556 -0.093253627 -0.332034585
v 0.746711492 -0.075388966 -0.317757464
v 0.767240784 -0.050933198 -0.309636758
v 0.781522667 -0.021855346 -0.303555224
v 0.790007084 0.009864987 -0.300417022
v 0.793579722 0.042674528 -0.300074723
v 0.793177799 0.075633108 -0.301997417
v 0.789525132 0.108257364 -0.305589085
v 0.783111102 0.140311164 -0.310311372
v 0.774272272 0.171680291 -0.315689125
v 0.763266102 0.202316111 -0.321298933
v 0.750324302 0.232213218 -0.326765476
v 0.735664610 0.261392548 -0.331757299
v 0.719523767 0.289904712 -0.335980407
v 0.702177153 0.317837392 -0.339173773
v 0.683995604 0.345347227 -0.341188232
v 0.665600024 0.372760497 -0.342470463
v 0.647554498 0.400427990 -0.343035546
v 0.630544360 0.428741742 -0.342610113
v 0.615519630 0.458093662 -0.340781813
v 0.603708784 0.488679589 -0.336947089
v 0.596356263 0.520164652 -0.330367034
v 0.593901310 0.551556755 -0.320527874
v 0.595718153 0.581737348 -0.307306746
v 0.600566907 0.609944664 -0.290863865
v 0.607139778 0.635901902 -0.271552285
v 0.614443900 0.659549033 -0.249691913
v 0.621730428 0.680922109 -0.225599745
v 0.628422597 0.699918943 -0.199431286
v 0.634189848 0.716812556 -0.171645440
v 0.638609594 0.731430017 -0.142347670
v 0.641245987 0.743680913 -0.111799017
v 0.642179900 0.754017295 -0.080486425
v 0.641300084 0.762518071 -0.048617887
v 0.638307395 0.769117932 -0.016400487
v 0.632849072 0.773818157 0.015841881
v 0.624681566 0.776806981 0.047709376
v 0.613711194 0.778426835 0.078813937
v 0.599960512 0.779093888 0.108824815
v 0.583069665 0.779220481 0.137185781
v 0.561273538 0.775873551 0.160103557
v 0.533579511 0.759602140 0.165205565
v 0.506507195 0.758573148 0.181833261
v 0.478271815 0.764042174 0.198005418
v 0.448528655 0.772279042 0.209704294
v 0.418510561 0.783346752 0.217861008
v 0.388772327 0.796647760 0.223291012
v 0.359440379 0.811445052 0.226732706
v 0.330412258 0.827097520 0.228669753
v 0.301493105 0.843054151 0.229394076
v 0.272477724 0.858848733 0.229079894
v 0.243184444 0.874070604 0.227804849
v 0.213473882 0.888350720 0.225631254
v 0.183253115 0.901347861 0.222618474
v 0.152478588 0.912748089 0.218852099
v 0.121153784 0.922266699 0.214457993
v 0.089332539 0.929704821 0.209637406
v 0.057125472 0.935418958 0.205013896
v 0.024595048 0.939527031 0.200994579
v -0.008210353 0.941828301 0.197886271
v -0.041186459 0.942155480 0.196026904
v -0.074155888 0.940228796 0.195875717
v -0.106803884 0.935746522 0.197954262
v -0.138587190 0.928312237 0.202876302
v -0.168618239 0.917491811 0.211231931
v -0.195687512 0.903001635 0.223274994
v -0.218518582 0.884850291 0.238663145
v -0.236161345 0.863365869 0.256412278
v -0.248656148 0.839233760 0.275131157
v -0.252966820 0.809713321 0.280225963
v -0.253900594 0.778213339 0.280499089
v -0.256136443 0.749838545 0.297209183
v -0.255331249 0.720187362 0.311705940
v -0.252456734 0.689611864 0.323839676
v -0.247913631 0.658192996 0.332935729
v -0.242529394 0.626208143 0.339116968
v -0.236941558 0.593831494 0.342386042
v -0.231867240 0.561208240 0.342703964
v -0.228360151 0.528488293 0.339980225
v -0.227886284 0.495917802 0.334637523
v -0.232719983 0.464085547 0.327506111
v -0.245112584 0.434399796 0.320448401
v -0.264890819 0.408437712 0.315899497
v -0.288471805 0.385361398 0.316309540
v -0.313070777 0.363759950 0.320675627
v -0.337790838 0.342702376 0.326759799
v -0.362571339 0.321618391 0.332487864
v -0.387306451 0.300055711 0.336257034
v -0.410998748 0.277169324 0.338679520
v -0.432980526 0.252579408 0.339111112
v -0.453220268 0.227225794 0.333072600
v -0.469039363 0.199183373 0.325997406
v -0.476795861 0.167370684 0.322872472
v -0.474537837 0.134898174 0.318315751
v -0.461408249 0.106094538 0.309575214
v -0.440759892 0.084059431 0.296483810
v -0.417165105 0.068248494 0.279716422
v -0.393447090 0.056505844 0.259983552
v -0.371035519 0.046904370 0.237709002
v -0.350716837 0.037523213 0.213424715
v -0.333247222 0.025974301 0.187918487
v -0.319668399 0.008326011 0.163705553
v -0.310978997 -0.018785203 0.147543887
v -0.302941194 -0.050399121 0.143901156
v -0.291397465 -0.080975281 0.148526342
v -0.281164101 -0.111767147 0.154670285
v -0.270337165 -0.142470663 0.160234021
v -0.259209452 -0.173484017 0.162209262
v -0.243623777 -0.202360928 0.159750343
v -0.219853931 -0.222997084 0.150867971
v -0.192419198 -0.223701268 0.137462809
v -0.183376230 -0.232512445 0.109411307
v -0.171149138 -0.230854960 0.078803226
v -0.162395405 -0.229854457 0.046971663
v -0.154163434 -0.231990698 0.015073758
v -0.142119504 -0.239516987 -0.014590264
v -0.120168102 -0.252846130 -0.034643765
v -0.089907799 -0.263622466 -0.040477375
v -0.056984658 -0.264561602 -0.038815580
v -0.024742558 -0.268619055 -0.032945421
v 0.007564325 -0.271665348 -0.026748627
v 0.040339939 -0.273403063 -0.023392634
v 0.072617843 -0.269708599 -0.027917672
v 0.096017329 -0.259996396 -0.046040699
v 0.108691334 -0.253365412 -0.073336359
v 0.119629098 -0.256985220 -0.104267318
v 0.129809823 -0.263904701 -0.134914091
v 0.141883709 -0.272592043 -0.164392387
v 0.158372486 -0.280952345 -0.191696666
v 0.181960319 -0.284800540 -0.214126806
v 0.213052488 -0.286523144 -0.218830488
v 0.240534361 -0.269116836 -0.223444157
v 0.263565332 -0.245537524 -0.222593560
v 0.282487440 -0.218717601 -0.219083831
v 0.298128788 -0.189995535 -0.214496071
v 0.311275805 -0.160025002 -0.210025196
v 0.322824252 -0.129222955 -0.207055343
v 0.334155469 -0.098236331 -0.207804453
v 0.347746796 -0.069385747 -0.215835152
v 0.360926077 -0.048412418 -0.234907041
v 0.374413420 -0.035943775 -0.259407927
v 0.398458324 -0.028098630 -0.280622647
v 0.424515027 -0.022663406 -0.300167185
v 0.452194478 -0.017861419 -0.317525521
v 0.481183413 -0.012504534 -0.332415651
v 0.511057584 -0.005349611 -0.344533680
v 0.541028114 0.004917212 -0.353791336
v 0.569787912 0.019721713 -0.360209362
v 0.595023041 0.040564606 -0.363916436
v 0.613482894 0.067758686 -0.365475969
v 0.622996975 0.099266800 -0.365854164
v 0.623915704 0.132213789 -0.365851430
v 0.618032770 0.164678537 -0.365828762
v 0.607165381 0.195851229 -0.365849477
v 0.592588890 0.225482971 -0.365862355
v 0.575270606 0.253597120 -0.365189840
v 0.555913904 0.280302721 -0.363401032
v 0.535095382 0.305804684 -0.360660312
v 0.513273832 0.330370845 -0.357231554
v 0.490848301 0.354337713 -0.353460725
v 0.468240560 0.378144485 -0.349761840
v 0.446006656 0.402371741 -0.346582120
v 0.425043640 0.427797030 -0.344342335
v 0.406875063 0.455335618 -0.343268647
v 0.393673035 0.485556911 -0.343029160
v 0.387119027 0.517853966 -0.342108303
v 0.387589484 0.543815461 -0.357096097
v 0.391452602 0.573624197 -0.360859521
v 0.398261942 0.605294198 -0.354459115
v 0.406765473 0.635855527 -0.345279600
v 0.416028967 0.665233283 -0.333384312
v 0.425410419 0.693279140 -0.318693798
v 0.434408167 0.720039073 -0.301568215
v 0.442662516 0.745457652 -0.282151121
v 0.449620317 0.769243489 -0.260301941
v 0.455018499 0.791485573 -0.236497537
v 0.458599311 0.812198857 -0.211039527
v 0.460030385 0.831353079 -0.184183340
v 0.458746546 0.848843712 -0.156209132
v 0.454400802 0.864778419 -0.127619761
v 0.446657552 0.879324782 -0.099022239
v 0.434988294 0.892611550 -0.071156065
v 0.419106390 0.904883582 -0.044957731
v 0.398758729 0.916361398 -0.021644943
v 0.374337549 0.927218767 -0.002294769
v 0.346690063 0.937404221 0.012561035
v 0.316767017 0.946830816 0.022824529
v 0.285482322 0.955387679 0.029007996
v 0.253464080 0.962965952 0.031842874
v 0.221082918 0.969475639 0.032041371
v 0.188541339 0.974848436 0.030210774
v 0.155946138 0.979026440 0.026835763
v 0.123353857 0.981983794 0.022325032
v 0.090794368 0.983710539 0.017007064
v 0.058284729 0.984205383 0.011151486
v 0.025835421 0.983479372 0.004991370
v -0.006546589 0.981548306 -0.001263318
v -0.038857616 0.978445554 -0.007412726
v -0.071096976 0.974220630 -0.013261808
v -0.103265670 0.968926400 -0.018607599
v -0.135365143 0.962623527 -0.023224729
v -0.167392963 0.955374591 -0.026837478
v -0.199336914 0.947275864 -0.029138463
v -0.231155904 0.938421641 -0.029730642
v -0.262741411 0.928907340 -0.028056828
v -0.293869635 0.918862504 -0.023508721
v -0.324099460 0.908404821 -0.015335211
v -0.352668555 0.897631203 -0.002800753
v -0.378501502 0.886568854 0.014487697
v -0.400568139 0.875061795 0.036146148
v -0.418040853 0.862803527 0.061309599
v -0.431007654 0.849574820 0.088627034
v -0.439586514 0.835070135 0.117022521
v -0.444210571 0.819023829 0.145500395
v -0.445800697 0.801489578 0.173430228
v -0.444534900 0.782243868 0.200234300
v -0.440842100 0.761225878 0.225440987
v -0.435291192 0.738558477 0.248815045
v -0.428243747 0.714243702 0.270040858
v -0.420110932 0.688286974 0.288789264
v -0.411421455 0.660750091 0.304821345
v -0.402789427 0.631776522 0.318100795
v -0.394916711 0.601485569 0.328609106
v -0.388932122 0.569885317 0.336056353
v -0.387234407 0.544204235 0.351899932
v -0.387920339 0.518151099 0.365630738
v -0.393487939 0.485647888 0.365755891
v -0.405849732 0.455081805 0.365056979
v -0.423631219 0.427282207 0.364428544
v -0.444620924 0.401783160 0.364204422
v -0.467145964 0.377616588 0.364337389
v -0.490154731 0.353909140 0.364673202
v -0.512970133 0.330017146 0.365070004
v -0.535093226 0.305484046 0.365427413
v -0.556084428 0.279977051 0.365687286
v -0.575490721 0.253246903 0.365829734
v -0.592801024 0.225117873 0.365869575
v -0.607320359 0.195458357 0.365849082
v -0.618148428 0.164272534 0.365828682
v -0.623946322 0.131792545 0.365851965
v -0.622940323 0.098848648 0.365853216
v -0.615038031 0.070323023 0.353283011
v -0.599733202 0.044127682 0.342474582
v -0.575741147 0.021713575 0.340059963
v -0.547397888 0.005645899 0.335007992
v -0.517335898 -0.005267100 0.326875623
v -0.487203168 -0.012872198 0.315746292
v -0.457868052 -0.018603694 0.301720572
v -0.429839669 -0.023782146 0.285045953
v -0.403569270 -0.029884048 0.265993299
v -0.379507688 -0.039077796 0.245368455
v -0.353030752 -0.050753247 0.235557052
v -0.334756256 -0.073024596 0.221057447
v -0.323108580 -0.102872620 0.213575224
v -0.314720381 -0.134760306 0.211876442
v -0.305862124 -0.166555360 0.213072696
v -0.294045816 -0.197238299 0.216046357
v -0.277998219 -0.225790598 0.220135101
v -0.258101570 -0.251949997 0.223145682
v -0.233908287 -0.274321544 0.222935455
v -0.205540762 -0.289393633 0.216276842
v -0.177503223 -0.292795505 0.199816920
v -0.156090546 -0.286827402 0.175586472
v -0.141055191 -0.277872532 0.147615704
v -0.129540433 -0.269578667 0.117796622
v -0.118887182 -0.263905407 0.087060769
v -0.105445126 -0.262588858 0.057001993
v -0.083865844 -0.256747221 0.036569271
v -0.054435476 -0.264461280 0.024690422
v -0.022691249 -0.273346493 0.024577667
v 0.009564466 -0.278524574 0.029133895
v 0.041976166 -0.276821800 0.035014553
v 0.072993806 -0.267524344 0.039884559
v 0.101304503 -0.250790212 0.040183193
v 0.128253013 -0.238186938 0.027304226
v 0.146522236 -0.234424085 0.004079502
v 0.150874090 -0.222765384 -0.023899113
v 0.158493120 -0.221802256 -0.056017224
v 0.167310450 -0.223232449 -0.087812959
v 0.179925690 -0.224765953 -0.118262617
v 0.199040342 -0.221974580 -0.144811663
v 0.223704383 -0.208292222 -0.161143032
v 0.248132936 -0.186530216 -0.163907403
v 0.269548741 -0.161954437 -0.158914004
v 0.284543932 -0.133239223 -0.152982946
v 0.294126909 -0.102084345 -0.147756000
v 0.297290456 -0.069339742 -0.145633632
v 0.298109234 -0.036430126 -0.147905450
v 0.304084039 -0.005807260 -0.158000509
v 0.314874008 0.016488798 -0.179463544
v 0.329956975 0.030253546 -0.205351128
v 0.348218682 0.040030482 -0.231066099
v 0.368871899 0.048790481 -0.255306451
v 0.391376725 0.058391440 -0.277490439
v 0.414896650 0.070523123 -0.297226512
v 0.441206349 0.085518417 -0.300706083
v 0.462309890 0.107407502 -0.310134920
v 0.466925789 0.128917054 -0.332926314
v 0.470972121 0.160717281 -0.339454975
v 0.465316965 0.193097919 -0.341011600
v 0.454707143 0.223600147 -0.334443404
v 0.439875827 0.251750977 -0.325722705
v 0.419592905 0.277450842 -0.322041085
v 0.396350726 0.300829228 -0.319990234
v 0.371254619 0.322252206 -0.318714139
v 0.344555802 0.341667932 -0.319719560
v 0.317096894 0.359829896 -0.322459361
v 0.289913639 0.378219194 -0.326229656
v 0.264691722 0.399045255 -0.330662711
v 0.244289597 0.424336523 -0.336123706
v 0.231418047 0.453636098 -0.343893886
v 0.226262212 0.485117689 -0.352245115
v 0.226491581 0.517384184 -0.359192762
v 0.229906386 0.549900072 -0.363814047
v 0.235081654 0.582459086 -0.365644926
v 0.241006465 0.614928754 -0.364692379
v 0.247006906 0.647181381 -0.360947022
v 0.252530303 0.679072472 -0.354397102
v 0.257066495 0.710448438 -0.345136956
v 0.259873634 0.741041717 -0.333024205
v 0.260616176 0.770762361 -0.318664248
v 0.258549548 0.799335515 -0.302272485
v 0.251486273 0.812472410 -0.275573968
v 0.240886651 0.822908804 -0.248787133
v 0.226367250 0.845906039 -0.230111959
v 0.209721995 0.871391330 -0.220057129
v 0.195588818 0.901097668 -0.221989391
v 0.169180122 0.917278406 -0.211399293
v 0.139170441 0.928135921 -0.203005506
v 0.107411786 0.935631626 -0.198022134
v 0.074776385 0.940176964 -0.195885481
v 0.041808462 0.942134076 -0.196011955
v 0.008829567 0.941864715 -0.197831288
v -0.023977750 0.939578234 -0.200931322
v -0.056516654 0.935517971 -0.204929435
v -0.088727685 0.929821714 -0.209547331
v -0.120588371 0.922652723 -0.214534508
v -0.152091299 0.914139431 -0.219682010
v -0.183246422 0.904412665 -0.224799197
v -0.214082335 0.893617975 -0.229706341
v -0.244640056 0.881898617 -0.234218395
v -0.274984598 0.869437047 -0.238142411
v -0.305198068 0.856438272 -0.241248636
v -0.335383976 0.843164068 -0.243255098
v -0.365654460 0.829946545 -0.243813596
v -0.396106620 0.817226494 -0.242416707
v -0.426746148 0.805554749 -0.238464919
v -0.457371114 0.795596646 -0.231191277
v -0.487427488 0.787962506 -0.219898009
v -0.516005411 0.782965652 -0.204180748
v -0.542158386 0.780343708 -0.184233122
v -0.546284495 0.763351786 -0.158769261
v -0.557564405 0.753642282 -0.132857807
v -0.575710850 0.752715008 -0.105302866
v -0.590561754 0.751543445 -0.075834238
v -0.601831402 0.749373746 -0.044875915
v -0.610241671 0.745899389 -0.013147797
v -0.615895193 0.740764043 0.018957038
v -0.619022927 0.733744399 0.051043349
v -0.619915311 0.724744445 0.082773214
v -0.618797657 0.713670741 0.113850608
v -0.615827525 0.700332476 0.143923113
v -0.611253711 0.684528806 0.172572316
v -0.605508236 0.666186801 0.199431313
v -0.599144031 0.645384601 0.224270753
v -0.592759143 0.622210837 0.246901877
v -0.587220675 0.596380665 0.266704233
v -0.583648752 0.568144930 0.283423026
v -0.583496170 0.537896685 0.296601648
v -0.590435176 0.511007446 0.313481553
v -0.602740126 0.489023448 0.334674608
v -0.615000878 0.459250547 0.340673146
v -0.629915610 0.429847595 0.342573227
v -0.646876615 0.401505012 0.343038066
v -0.664893587 0.373818316 0.342509282
v -0.683286716 0.346402444 0.341247596
v -0.701554308 0.318932734 0.339447011
v -0.719313884 0.291161700 0.337240748
v -0.736251897 0.262906550 0.334750809
v -0.752090226 0.234036273 0.332096815
v -0.766553872 0.204457501 0.329409050
v -0.779340403 0.174107101 0.326842733
v -0.790131619 0.142969822 0.324585485
v -0.798530073 0.111073273 0.322871282
v -0.804030583 0.078522890 0.321994224
v -0.805969853 0.045565001 0.322318653
v -0.803454539 0.012715987 0.324277445
v -0.795506513 -0.019047488 0.328243259
v -0.781301061 -0.048167254 0.334309824
v -0.760701838 -0.072720513 0.341968781
v -0.734905202 -0.091595719 0.350038277
v -0.709877025 -0.099624447 0.330112055
v -0.679488322 -0.110049342 0.336377987
v -0.647415311 -0.116272651 0.341054347
v -0.614586733 -0.119212942 0.342888395
v -0.581600238 -0.120122950 0.341873101
v -0.548848383 -0.119796217 0.337674267
v -0.516577155 -0.119224478 0.330699495
v -0.485092951 -0.119397694 0.320723109
v -0.454637315 -0.121779659 0.308199829
v -0.425604121 -0.128473302 0.294048172
v -0.399099887 -0.142548323 0.280528972
v -0.376907517 -0.165067280 0.271437819
v -0.358821977 -0.192444486 0.268060792
v -0.342507387 -0.221148148 0.268751897
v -0.325729177 -0.249376274 0.272307582
v -0.307509297 -0.276434202 0.277497781
v -0.287302934 -0.301903767 0.283317933
v -0.264655251 -0.325298363 0.288811719
v -0.239071203 -0.345753456 0.292845445
v -0.210139523 -0.361505542 0.293778164
v -0.178564657 -0.369218668 0.289089607
v -0.148516966 -0.365584763 0.276556147
v -0.131973867 -0.364300015 0.251642599
v -0.113515189 -0.348416886 0.229676468
v -0.099747937 -0.331451988 0.204924745
v -0.088487143 -0.315921739 0.178041121
v -0.077312070 -0.302951290 0.149806836
v -0.062968538 -0.293792398 0.121572377
v -0.040346682 -0.289770205 0.098249861
v -0.009320030 -0.289456585 0.087742527
v 0.023641693 -0.288620360 0.087673809
v 0.056191233 -0.285320105 0.092136476
v 0.088067452 -0.278880426 0.097879550
v 0.119103392 -0.268700146 0.102654593
v 0.148562919 -0.253959362 0.103631225
v 0.170007928 -0.231299865 0.097443760
v 0.181225406 -0.208967947 0.077665061
v 0.187166143 -0.196539375 0.047762342
v 0.190466336 -0.189448947 0.015685749
v 0.194793497 -0.185056801 -0.016760215
v 0.202541587 -0.180819275 -0.048557884
v 0.220131201 -0.178327451 -0.072640237
v 0.240522977 -0.162484026 -0.090384162
v 0.256789425 -0.134694516 -0.096523437
v 0.266369851 -0.103176149 -0.095332938
v 0.271734194 -0.070916514 -0.090742954
v 0.275583052 -0.038609673 -0.085002227
v 0.277348747 -0.005859000 -0.081300682
v 0.276882906 0.026860936 -0.084616687
v 0.277296932 0.054736977 -0.101573820
v 0.282493387 0.072546839 -0.128709873
v 0.292129114 0.084517343 -0.157922113
v 0.304981136 0.094982694 -0.186489812
v 0.319878390 0.106466456 -0.213633791
v 0.335623452 0.121168168 -0.238639387
v 0.349811869 0.141451044 -0.260301333
v 0.365119189 0.168345438 -0.263896923
v 0.362026511 0.199630380 -0.273161487
v 0.347421821 0.228673389 -0.278150767
v 0.325550072 0.253168551 -0.281140099
v 0.299876277 0.273896567 -0.282121907
v 0.272542887 0.292359319 -0.280497071
v 0.244670986 0.309658055 -0.276603907
v 0.216277467 0.325990613 -0.272435306
v 0.191065697 0.345696007 -0.264300101
v 0.164364736 0.364630281 -0.262143543
v 0.138834985 0.384212601 -0.269137410
v 0.120482549 0.395604175 -0.291886632
v 0.110219751 0.422482785 -0.307959659
v 0.105638565 0.451203792 -0.323572066
v 0.104102626 0.481220134 -0.337258394
v 0.103988820 0.512323883 -0.348362824
v 0.104145324 0.544212467 -0.356941638
v 0.103723691 0.576757700 -0.362520959
v 0.102066755 0.609601126 -0.365496766
v 0.098074401 0.642380661 -0.365494080
v 0.090838917 0.674479966 -0.362890720
v 0.079161079 0.704956797 -0.358038962
v 0.064227427 0.725489659 -0.340414148
v 0.044856465 0.740309301 -0.321217002
v 0.017193059 0.757061407 -0.314938472
v -0.013919904 0.767061812 -0.310588767
v -0.046549113 0.771886139 -0.309942271
v -0.079400872 0.772842760 -0.313024823
v -0.111860969 0.770535401 -0.318629443
v -0.143734804 0.765163676 -0.325403437
v -0.174958850 0.756706512 -0.332051211
v -0.205431039 0.745164495 -0.337405324
v -0.234977539 0.730779435 -0.340644692
v -0.263648298 0.714528813 -0.342939648
v -0.291625693 0.697092798 -0.345103930
v -0.318829905 0.678385736 -0.345677747
v -0.345068415 0.658490158 -0.343129655
v -0.370673966 0.638165987 -0.338375235
v -0.396309646 0.618118277 -0.332682911
v -0.422830736 0.599162936 -0.327350581
v -0.451017747 0.582454666 -0.323274100
v -0.481130631 0.569385970 -0.319780710
v -0.512426605 0.560756467 -0.313900889
v -0.543927720 0.557257991 -0.304764445
v -0.574400335 0.558356405 -0.292151334
v -0.602885833 0.562823775 -0.276084191
v -0.629074666 0.569121204 -0.257002731
v -0.652928892 0.576158242 -0.235290067
v -0.674204156 0.583103728 -0.211017960
v -0.693183175 0.589348855 -0.184747039
v -0.709867171 0.594441671 -0.156736674
v -0.724353599 0.598064870 -0.127311954
v -0.736723508 0.599963676 -0.096764246
v -0.746970053 0.599808371 -0.065359189
v -0.755041278 0.597115828 -0.033434759
v -0.761289989 0.591831436 -0.001433972
v -0.765853245 0.583516131 0.030196354
v -0.769210855 0.572226074 0.061039622
v -0.785604710 0.571800311 0.088469438
v -0.800066410 0.568072957 0.115444151
v -0.801665490 0.548438341 0.141928634
v -0.799149153 0.523305198 0.161531416
v -0.785491550 0.493636155 0.165925379
v -0.787506959 0.464160228 0.178628314
v -0.796010397 0.434396527 0.190073813
v -0.806344853 0.403898528 0.197363590
v -0.819002671 0.373774115 0.202089542
v -0.835141722 0.345321174 0.206626029
v -0.853236163 0.317995633 0.210783024
v -0.871585065 0.290687404 0.213754485
v -0.888533030 0.262359580 0.214532313
v -0.902491212 0.232535847 0.212309517
v -0.913366540 0.201693957 0.207635822
v -0.923236419 0.170589619 0.202481512
v -0.932025131 0.139203646 0.197086450
v -0.938872555 0.107437560 0.191177435
v -0.943110774 0.075333271 0.184673343
v -0.944741765 0.043034390 0.177954221
v -0.943983552 0.010656563 0.171459982
v -0.941076443 -0.021733451 0.165666353
v -0.936290831 -0.054098071 0.161113280
v -0.929922279 -0.086391967 0.158370903
v -0.922130378 -0.118484150 0.158173282
v -0.912980850 -0.150059250 0.161246906
v -0.902268983 -0.180439165 0.168433693
v -0.889186350 -0.208433875 0.179978493
v -0.872767032 -0.232527178 0.195381661
v -0.864876873 -0.251669133 0.218155012
v -0.864886935 -0.266622449 0.245849777
v -0.840821104 -0.276620742 0.266092833
v -0.812801418 -0.280477000 0.278439516
v -0.779882988 -0.278645404 0.276356249
v -0.751339428 -0.278743096 0.291758597
v -0.722251036 -0.276796853 0.307250967
v -0.692168364 -0.272914956 0.320306339
v -0.661169689 -0.267555149 0.330358978
v -0.629504628 -0.261479721 0.337484879
v -0.597339325 -0.255322911 0.341691473
v -0.564812191 -0.249804798 0.342974949
v -0.532057794 -0.246031623 0.341213400
v -0.499346754 -0.245513571 0.336857249
v -0.467328887 -0.250499539 0.330755205
v -0.437513236 -0.263124787 0.324699285
v -0.411446690 -0.282899570 0.320654911
v -0.388777148 -0.306848857 0.319090509
v -0.366786917 -0.325428090 0.332169141
v -0.345997641 -0.349730681 0.337116809
v -0.325499450 -0.375557025 0.339191363
v -0.304158590 -0.400713203 0.340915970
v -0.281697179 -0.424929778 0.340835864
v -0.257554926 -0.447398216 0.339114294
v -0.231223180 -0.467107455 0.336246821
v -0.202339676 -0.482687856 0.332810827
v -0.170959849 -0.492091811 0.329179400
v -0.138331329 -0.492457753 0.325041825
v -0.107946708 -0.481844452 0.318494216
v -0.083737430 -0.462307358 0.307813621
v -0.066168127 -0.438453513 0.293349520
v -0.053517803 -0.413640723 0.275633779
v -0.043643589 -0.389621378 0.255236494
v -0.034808939 -0.367373496 0.232481414
v -0.025018960 -0.347526377 0.207972846
v -0.012589250 -0.326119728 0.189350030
v 0.006435545 -0.310628585 0.170287066
v 0.033125915 -0.312741499 0.153577091
v 0.065337935 -0.306295250 0.150940678
v 0.097444692 -0.299138869 0.153813953
v 0.128746598 -0.289869221 0.158824686
v 0.158980162 -0.277637837 0.163998170
v 0.187599565 -0.261603124 0.167589059
v 0.213143095 -0.240823044 0.167021459
v 0.231767059 -0.215610545 0.157620620
v 0.232449147 -0.189316714 0.142540913
v 0.230231465 -0.171466155 0.115728293
v 0.227565069 -0.160118129 0.084842751
v 0.225975786 -0.151631580 0.052961802
v 0.227526773 -0.143285582 0.021060194
v 0.234310441 -0.130842093 -0.008613915
v 0.246691744 -0.108181271 -0.028427812
v 0.258293523 -0.077866508 -0.033216297
v 0.266232509 -0.046019554 -0.029797194
v 0.271601677 -0.014027509 -0.023587846
v 0.273970479 0.018386433 -0.017757199
v 0.272340259 0.051235347 -0.015397844
v 0.266235189 0.082794470 -0.021895490
v 0.259801999 0.106814649 -0.042998041
v 0.249671967 0.115301834 -0.069874279
v 0.253025678 0.125669923 -0.101037652
v 0.259477768 0.135827134 -0.131794767
v 0.267379221 0.148336321 -0.161308174
v 0.274273400 0.165809805 -0.188383818
v 0.274945976 0.190479032 -0.209924816
v 0.263708332 0.218986015 -0.221298838
v 0.242898727 0.244353512 -0.223600872
v 0.217253786 0.264949935 -0.221107866
v 0.189103078 0.281568362 -0.216473738
v 0.159439533 0.295142651 -0.211308503
v 0.128741979 0.306585397 -0.207099169
v 0.097475177 0.317116405 -0.205986220
v 0.067782241 0.330126803 -0.210654080
v 0.046340921 0.353024542 -0.217613804
v 0.031575796 0.359436510 -0.242971124
v 0.021603326 0.381531489 -0.265244054
v 0.015022909 0.406136019 -0.286261630
v 0.009555485 0.432567869 -0.305287914
v 0.003860031 0.460472196 -0.322009655
v -0.003318529 0.489484317 -0.336062863
v -0.013379440 0.518866094 -0.347251591
v -0.027705137 0.547380834 -0.355584236
v -0.047938768 0.572798344 -0.361019597
v -0.074640943 0.591795077 -0.363926121
v -0.106006833 0.601703057 -0.364681465
v -0.138912670 0.602671642 -0.363303459
v -0.171200369 0.596545500 -0.360423346
v -0.202027375 0.585352262 -0.356662697
v -0.231245614 0.570518945 -0.352565418
v -0.258955724 0.552981420 -0.348627872
v -0.285328255 0.533372264 -0.345301477
v -0.310542955 0.512160197 -0.342968111
v -0.334784611 0.489744282 -0.341908939
v -0.358355543 0.466598067 -0.341471562
v -0.381748709 0.443269909 -0.341133762
v -0.405643985 0.420457452 -0.341051975
v -0.430974585 0.399267948 -0.341390021
v -0.458783744 0.381516056 -0.342173409
v -0.489469784 0.369481649 -0.342958556
v -0.522049156 0.364426337 -0.342693051
v -0.554950903 0.365289862 -0.340331583
v -0.587168459 0.370274861 -0.335135276
v -0.618342152 0.377496158 -0.327018699
v -0.648328232 0.385820680 -0.315979887
v -0.677069432 0.394419851 -0.302172295
v -0.704400047 0.402666198 -0.285549666
v -0.730237409 0.410000515 -0.266309027
v -0.754533544 0.415960482 -0.244731807
v -0.777235932 0.420110599 -0.221100146
v -0.798224095 0.421873525 -0.195666486
v -0.817616151 0.420950737 -0.168964248
v -0.835459289 0.416882215 -0.141495961
v -0.851736985 0.408914172 -0.113904405
v -0.869196505 0.398373439 -0.088884949
v -0.899787179 0.397609624 -0.077647130
v -0.918731468 0.383230354 -0.057404065
v -0.930839104 0.360239978 -0.037071505
v -0.942029352 0.333611874 -0.021116650
v -0.951624477 0.304180519 -0.009686612
v -0.959178051 0.272873533 -0.002443514
v -0.964692913 0.240528669 0.001263667
v -0.968299185 0.207710955 0.002152070
v -0.970258328 0.174760741 0.000925498
v -0.970854963 0.141850427 -0.001870488
v -0.970387657 0.109053161 -0.005810644
v -0.969145570 0.076384185 -0.010573384
v -0.967401662 0.043826068 -0.015908160
v -0.965392143 0.011346429 -0.021616741
v -0.963295148 -0.021089359 -0.027539912
v -0.961169861 -0.053511494 -0.033526852
v -0.958193309 -0.085898380 -0.039328822
v -0.954076945 -0.118232884 -0.044710314
v -0.949131176 -0.150547540 -0.049473725
v -0.947986443 -0.183217524 -0.054018951
v -0.950376103 -0.215910928 -0.058090272
v -0.952853749 -0.248728277 -0.060892881
v -0.951848182 -0.281699004 -0.061281495
v -0.944663266 -0.313692567 -0.057944037
v -0.935043936 -0.344444483 -0.050730816
v -0.925219214 -0.373822581 -0.039324698
v -0.915312409 -0.400881127 -0.023240869
v -0.891549205 -0.413519657 -0.006343154
v -0.866634236 -0.422945379 0.012028102
v -0.855519691 -0.440300168 0.037768518
v -0.843827687 -0.453401511 0.065715240
v -0.830954163 -0.462204406 0.094811866
v -0.816647781 -0.467294162 0.124117712
v -0.800727502 -0.469138058 0.152977304
v -0.783126076 -0.468263457 0.180890083
v -0.763729306 -0.464992482 0.207401355
v -0.742528407 -0.459742075 0.232150666
v -0.719585729 -0.452953871 0.254883898
v -0.694961675 -0.445041961 0.275385506
v -0.668702293 -0.436439258 0.293444012
v -0.640863260 -0.427667575 0.308879550
v -0.611335420 -0.419512657 0.321214205
v -0.580420713 -0.412893684 0.330719320
v -0.548262060 -0.409294627 0.337212727
v -0.521421867 -0.410778856 0.353121081
v -0.493915194 -0.415785849 0.365686176
v -0.462884016 -0.426952124 0.365842852
v -0.434453823 -0.443647486 0.364595595
v -0.408520364 -0.463715194 0.360722746
v -0.384159278 -0.485345027 0.355243287
v -0.360272521 -0.507455498 0.349579185
v -0.336052174 -0.529469835 0.345108893
v -0.311080416 -0.550976207 0.342931763
v -0.285226050 -0.571537923 0.342607295
v -0.258303199 -0.590675651 0.342252654
v -0.230276718 -0.608060602 0.343707769
v -0.201363709 -0.623216566 0.348671796
v -0.171424105 -0.635433392 0.355362084
v -0.140066910 -0.643653649 0.361555165
v -0.107389808 -0.646183724 0.365076701
v -0.074846552 -0.641098738 0.365692931
v -0.044966781 -0.627291608 0.365832142
v -0.025323795 -0.611579990 0.347405368
v -0.005794071 -0.586804104 0.341313670
v 0.008523354 -0.557397047 0.337060960
v 0.018102357 -0.526667665 0.329765739
v 0.024696355 -0.495998408 0.319488497
v 0.029648593 -0.466110411 0.306356516
v 0.034164444 -0.437485783 0.290512063
v 0.039785779 -0.410592713 0.272191026
v 0.048545830 -0.385762743 0.252297289
v 0.063498978 -0.362850865 0.234504904
v 0.082390714 -0.338988845 0.229081900
v 0.111859520 -0.326063900 0.222229651
v 0.144005761 -0.319646230 0.218281017
v 0.175678070 -0.310702591 0.218704174
v 0.205227003 -0.296635609 0.223173976
v 0.232411956 -0.278848517 0.228892536
v 0.255848760 -0.256503954 0.235239673
v 0.275511528 -0.230266173 0.238656392
v 0.289817803 -0.201130727 0.233871461
v 0.293379397 -0.172692749 0.218170339
v 0.287146842 -0.150704865 0.194549055
v 0.277490348 -0.135208904 0.167073782
v 0.268080363 -0.123530396 0.137652899
v 0.260754775 -0.113305733 0.107113623
v 0.257486541 -0.101929954 0.076556295
v 0.267364463 -0.089432432 0.050452538
v 0.262815641 -0.062019164 0.035950816
v 0.271199723 -0.030862312 0.031813521
v 0.279920606 -0.000257997 0.034351335
v 0.278183141 0.032183885 0.040123574
v 0.270132321 0.063610543 0.046108796
v 0.257158520 0.093770859 0.049285908
v 0.241774897 0.122141446 0.043496193
v 0.227989131 0.142665987 0.022305784
v 0.220186932 0.153415620 -0.007801545
v 0.217518235 0.160737869 -0.039883267
v 0.217785765 0.168593959 -0.071963685
v 0.218762072 0.179673219 -0.103041355
v 0.224883085 0.200551385 -0.123809722
v 0.210339501 0.217112561 -0.146324607
v 0.187976935 0.238074507 -0.156316513
v 0.160961626 0.256910107 -0.155958112
v 0.131406449 0.270886074 -0.151439400
v 0.100530747 0.281055614 -0.145626467
v 0.068699171 0.288301372 -0.140637934
v 0.036160529 0.293604404 -0.139308829
v 0.004640886 0.298961494 -0.146778342
v -0.019709396 0.307848117 -0.166754203
v -0.034852024 0.321280903 -0.192749857
v -0.045315934 0.338142956 -0.219137942
v -0.054435194 0.357646977 -0.244182237
v -0.064248530 0.379045929 -0.267339729
v -0.076369774 0.401568487 -0.288214739
v -0.092906810 0.423767554 -0.306150920
v -0.112158716 0.446871009 -0.303176715
v -0.141001823 0.459249702 -0.312809169
v -0.173447264 0.460606218 -0.317848108
v -0.205270898 0.452283756 -0.319641518
v -0.234695227 0.437364050 -0.319512415
v -0.261376012 0.417943776 -0.318709646
v -0.285392860 0.395289040 -0.318114585
v -0.307064105 0.370366314 -0.317841142
v -0.326831007 0.343900026 -0.317920611
v -0.345323044 0.316527807 -0.318424042
v -0.363483467 0.288953975 -0.319592447
v -0.382746428 0.262235731 -0.322004057
v -0.405074641 0.238406802 -0.326635909
v -0.431867387 0.220790102 -0.334109171
v -0.461649739 0.211976581 -0.340709584
v -0.490624653 0.211013402 -0.331768321
v -0.522999496 0.211155868 -0.338197454
v -0.555653928 0.214232172 -0.341992096
v -0.588353610 0.218759133 -0.342853376
v -0.620936431 0.223726492 -0.340808743
v -0.653197833 0.228343355 -0.335486366
v -0.684981023 0.231958698 -0.327319311
v -0.716106210 0.233997798 -0.316499065
v -0.746217917 0.233476718 -0.302984831
v -0.775077321 0.229778706 -0.287410876
v -0.802213060 0.221895350 -0.270373676
v -0.827003165 0.208911870 -0.252918603
v -0.848736470 0.190395717 -0.236419620
v -0.866609862 0.166498556 -0.222383180
v -0.880322012 0.138444494 -0.211759066
v -0.890034380 0.107705593 -0.204709620
v -0.896189981 0.075505216 -0.200836660
v -0.899310184 0.042657941 -0.199513412
v -0.899793320 0.009640419 -0.200171817
v -0.898011019 -0.023274103 -0.202286114
v -0.894230542 -0.055936926 -0.205452865
v -0.888637495 -0.088259615 -0.209356655
v -0.881432743 -0.120202911 -0.213720498
v -0.872773493 -0.151750179 -0.218321903
v -0.862789461 -0.182898173 -0.222963430
v -0.851651330 -0.213674003 -0.227461411
v -0.839517619 -0.244117298 -0.231638330
v -0.826564436 -0.274288053 -0.235302384
v -0.813010459 -0.304273917 -0.238237922
v -0.799124592 -0.334187666 -0.240185569
v -0.785248232 -0.364161123 -0.240804902
v -0.771831426 -0.394323327 -0.239637321
v -0.759461808 -0.424737634 -0.236070123
v -0.752183263 -0.456371956 -0.232722793
v -0.756083659 -0.489048020 -0.235090952
v -0.758095569 -0.520828148 -0.228244811
v -0.756091324 -0.548106757 -0.209810889
v -0.756024562 -0.572399426 -0.187466436
v -0.742084324 -0.576779325 -0.159902303
v -0.732914933 -0.585163803 -0.131966957
v -0.733182548 -0.601352614 -0.103198053
v -0.732798095 -0.614589394 -0.072950658
v -0.731141455 -0.624665190 -0.041548236
v -0.727926408 -0.631990357 -0.009510079
v -0.722994517 -0.636876434 0.022786016
v -0.715827014 -0.639147818 0.054957920
v -0.706441015 -0.639277704 0.086609540
v -0.694870806 -0.637621909 0.117467186
v -0.680984862 -0.634388510 0.147226366
v -0.664646378 -0.629864317 0.175545479
v -0.645827368 -0.624478054 0.202133212
v -0.624125547 -0.618781329 0.226354913
v -0.599836795 -0.613595341 0.248096564
v -0.572926763 -0.609935310 0.266855719
v -0.543644648 -0.609198096 0.282052841
v -0.512874796 -0.612510755 0.293476911
v -0.481823323 -0.620432147 0.301349732
v -0.451671887 -0.632694592 0.306873861
v -0.422758201 -0.648119711 0.310977994
v -0.394881891 -0.665544069 0.314227881
v -0.367661631 -0.684078926 0.316871787
v -0.340693471 -0.703049581 0.318960839
v -0.313632714 -0.721945512 0.320434517
v -0.286198188 -0.740336602 0.321186611
v -0.258174995 -0.757831067 0.321119697
v -0.229415463 -0.774056096 0.320177230
v -0.199832221 -0.788639420 0.318362198
v -0.169399398 -0.801215346 0.315768404
v -0.138199108 -0.811730530 0.313101730
v -0.106304200 -0.820043943 0.310962687
v -0.073798117 -0.825729972 0.309641586
v -0.040873807 -0.828238149 0.309500521
v -0.007925702 -0.826851441 0.310974188
v 0.024292897 -0.820685275 0.314521202
v 0.054492302 -0.808851113 0.320447324
v 0.080970332 -0.790976081 0.328551161
v 0.102137535 -0.767518242 0.337956427
v 0.117481201 -0.739863147 0.347310494
v 0.125130691 -0.711649062 0.338202769
v 0.131196804 -0.681573948 0.335165565
v 0.135217139 -0.649233056 0.340396095
v 0.136539218 -0.616329496 0.342819453
v 0.136120954 -0.583323046 0.342175911
v 0.134868488 -0.550527627 0.338536571
v 0.133652309 -0.518187574 0.331989688
v 0.133501937 -0.486543483 0.322549516
v 0.135934310 -0.455848904 0.310635257
v 0.143388443 -0.426625942 0.297290854
v 0.158670862 -0.400153361 0.285108102
v 0.181830926 -0.377920968 0.277848606
v 0.208357292 -0.358318402 0.277528539
v 0.235203996 -0.339586278 0.281891967
v 0.261730544 -0.320914034 0.288152923
v 0.288093873 -0.301904931 0.294071327
v 0.314136223 -0.282011100 0.298201114
v 0.338379259 -0.259797767 0.301221133
v 0.362700491 -0.238518435 0.295245194
v 0.381492442 -0.212535790 0.289186433
v 0.389898254 -0.181069726 0.284725493
v 0.381518866 -0.151084856 0.284879822
v 0.367523108 -0.125627077 0.271057331
v 0.350588973 -0.107243033 0.249562982
v 0.332896447 -0.093689144 0.225210891
v 0.316391180 -0.082784952 0.198765506
v 0.302048327 -0.072475846 0.170860058
v 0.290914471 -0.060212690 0.142313530
v 0.290577037 -0.044491817 0.116071426
v 0.292197421 -0.018523062 0.098973077
v 0.288529412 0.013924347 0.095603949
v 0.280746365 0.045704401 0.099958684
v 0.273331171 0.077267083 0.106284907
v 0.265120542 0.108764291 0.111869846
v 0.257472444 0.140837936 0.113117221
v 0.242479308 0.169633066 0.108858681
v 0.218657523 0.185101431 0.096079612
v 0.199208295 0.190158384 0.071877096
v 0.189124819 0.193478449 0.040645414
v 0.183036110 0.196310099 0.008310665
v 0.178492077 0.201347841 -0.024006305
v 0.172275659 0.211016245 -0.054896044
v 0.166487695 0.233143310 -0.074957583
v 0.142360945 0.251689108 -0.086784541
v 0.110937992 0.260925694 -0.088988546
v 0.078717288 0.267044453 -0.085545000
v 0.046879895 0.273243266 -0.079312515
v 0.015014690 0.279626048 -0.073388777
v -0.017584483 0.284095377 -0.071611219
v -0.049082082 0.283560072 -0.080508198
v -0.067964102 0.274788319 -0.103016446
v -0.082797747 0.280898438 -0.131793695
v -0.093812276 0.291000117 -0.161235659
v -0.104520165 0.303862886 -0.189707700
v -0.117167647 0.318362128 -0.216543572
v -0.134122991 0.332761860 -0.240898639
v -0.157741174 0.343385295 -0.261141629
v -0.187746217 0.353188330 -0.262163592
v -0.218564887 0.343483455 -0.268025365
v -0.243146210 0.323191842 -0.273534737
v -0.262424287 0.297456000 -0.278336275
v -0.283047662 0.271924471 -0.274729030
v -0.301460001 0.244963214 -0.269712994
v -0.319134119 0.217794841 -0.263308709
v -0.336444716 0.190269358 -0.257481908
v -0.353770768 0.162293202 -0.254891860
v -0.372250671 0.135317813 -0.258851349
v -0.394269536 0.113934705 -0.270606399
v -0.420295732 0.101291047 -0.286343436
v -0.448679834 0.095177188 -0.302027481
v -0.478569187 0.092476179 -0.315795605
v -0.509639276 0.091280812 -0.326909437
v -0.541549695 0.090325987 -0.335365117
v -0.574113184 0.088473435 -0.340532215
v -0.606839420 0.084853027 -0.342865268
v -0.639167095 0.078245088 -0.342245399
v -0.667418144 0.069348838 -0.349916221
v -0.693071129 0.058003654 -0.360666134
v -0.719134027 0.038577474 -0.355378564
v -0.733358905 0.016207528 -0.336909170
v -0.741775495 -0.010476950 -0.321155782
v -0.748744156 -0.042553146 -0.317995317
v -0.749850851 -0.075499541 -0.316477648
v -0.746278451 -0.108319498 -0.316285490
v -0.739033487 -0.140529339 -0.317046886
v -0.728814966 -0.171905816 -0.318453205
v -0.716207957 -0.202384204 -0.320244047
v -0.701617333 -0.231954747 -0.322224137
v -0.685411470 -0.260671336 -0.324235545
v -0.667905835 -0.288622727 -0.326153730
v -0.649398355 -0.315935620 -0.327872062
v -0.630222699 -0.342801688 -0.329296941
v -0.610756315 -0.369476406 -0.330328452
v -0.591486481 -0.396307587 -0.330838338
v -0.573092780 -0.423747011 -0.330629718
v -0.556563392 -0.452311783 -0.329368300
v -0.543274422 -0.482391380 -0.326496236
v -0.534664473 -0.513805438 -0.321270324
v -0.531457355 -0.545574097 -0.312997096
v -0.533005077 -0.576429480 -0.301399597
v -0.537975473 -0.605429261 -0.286434834
v -0.544786114 -0.632277687 -0.268479014
v -0.552356113 -0.656986876 -0.247924002
v -0.559859562 -0.679184112 -0.224659928
v -0.566691125 -0.699212332 -0.199327628
v -0.572425157 -0.717079679 -0.172177381
v -0.576747098 -0.732850093 -0.143498111
v -0.579347188 -0.746532910 -0.113539481
v -0.579565181 -0.757865423 -0.082505784
v -0.577481604 -0.767321071 -0.050933953
v -0.572853876 -0.775028949 -0.019156915
v -0.564994590 -0.780995005 0.012355126
v -0.554107090 -0.785784023 0.043154952
v -0.546038900 -0.796084618 0.071148888
v -0.548143252 -0.818015405 0.095768530
v -0.530460199 -0.822955192 0.121834779
v -0.507334523 -0.826755193 0.145077292
v -0.481011923 -0.831996068 0.164276579
v -0.452336957 -0.839059618 0.179004564
v -0.422234030 -0.847965542 0.189211593
v -0.391513613 -0.858321955 0.195479468
v -0.360630590 -0.869612039 0.198578824
v -0.329762881 -0.881359000 0.199177533
v -0.298931400 -0.893154990 0.197911908
v -0.268048220 -0.904543758 0.195113558
v -0.236974330 -0.914955719 0.190951273
v -0.205686863 -0.924181557 0.185724091
v -0.174177429 -0.932077335 0.179710269
v -0.142450908 -0.938563992 0.173175037
v -0.110515275 -0.943566062 0.166359119
v -0.078386874 -0.947052619 0.159506162
v -0.046086894 -0.949021815 0.152859490
v -0.013637589 -0.949456858 0.146680472
v 0.018929745 -0.948365230 0.141252781
v 0.051570042 -0.945758069 0.136889177
v 0.084209730 -0.941586273 0.133999023
v 0.116717155 -0.935823418 0.133021745
v 0.148845447 -0.928342022 0.134553907
v 0.180150838 -0.918970065 0.139256766
v 0.209887508 -0.907471653 0.147789576
v 0.236907309 -0.893562452 0.160638191
v 0.259859401 -0.877040854 0.177612646
v 0.277798233 -0.857842149 0.197551812
v 0.290334842 -0.836207660 0.219075001
v 0.298082452 -0.812587824 0.240780353
v 0.301607714 -0.787208058 0.261585355
v 0.301887875 -0.760381846 0.280816181
v 0.299405109 -0.732183799 0.297804148
v 0.295044427 -0.702903354 0.312408746
v 0.289318948 -0.672664990 0.324353990
v 0.282782359 -0.641616899 0.333493606
v 0.276039153 -0.609866845 0.339561086
v 0.269848445 -0.577567847 0.342555344
v 0.265158168 -0.544887983 0.342657531
v 0.263425298 -0.512035060 0.340006657
v 0.263058305 -0.485600964 0.356585261
v 0.270255629 -0.454065413 0.350257010
v 0.285234335 -0.425220400 0.344891673
v 0.306414485 -0.400106694 0.341929213
v 0.330800096 -0.377848269 0.341251982
v 0.356350045 -0.356922069 0.342080704
v 0.381979477 -0.336139899 0.343740117
v 0.407028669 -0.314694818 0.345756269
v 0.430969785 -0.292026612 0.347805534
v 0.453248019 -0.267711536 0.349650208
v 0.473157946 -0.241404808 0.351086103
v 0.489686117 -0.212841235 0.351884038
v 0.501284209 -0.181963167 0.351697588
v 0.505849646 -0.149518594 0.349057283
v 0.505827477 -0.121806590 0.331404351
v 0.492761922 -0.093626334 0.321500918
v 0.470068288 -0.073639876 0.322463318
v 0.444613771 -0.058213060 0.315183115
v 0.419218395 -0.046141636 0.297893170
v 0.394570409 -0.036901838 0.277951033
v 0.371456660 -0.028856894 0.255773111
v 0.350454857 -0.020423606 0.231722608
v 0.332084503 -0.009369655 0.206636165
v 0.317271111 0.008179870 0.183097077
v 0.307314593 0.035319739 0.167744076
v 0.302044926 0.067462033 0.162865539
v 0.297648772 0.100178402 0.163702493
v 0.290940365 0.132339272 0.167007352
v 0.279932194 0.163142357 0.171380766
v 0.264017916 0.191797634 0.175238180
v 0.243484104 0.217568631 0.175571646
v 0.217794181 0.236438404 0.168734058
v 0.189122845 0.237203864 0.156376828
v 0.170664637 0.236733595 0.129162477
v 0.158196902 0.233300533 0.098797541
v 0.149004921 0.230533867 0.067194498
v 0.140483418 0.230558308 0.035293947
v 0.128859520 0.235328513 0.004854085
v 0.107925890 0.246064269 -0.017704535
v 0.078800915 0.259235320 -0.024872890
v 0.048068627 0.270949802 -0.022380018
v 0.016296380 0.277729866 -0.016689266
v -0.016185511 0.277895818 -0.010866293
v -0.047061381 0.268663162 -0.007569112
v -0.077347238 0.257048039 -0.011117261
v -0.104758188 0.258136362 -0.026155355
v -0.115945155 0.245939633 -0.051420990
v -0.126894020 0.247041539 -0.082526278
v -0.136579069 0.251778248 -0.113742585
v -0.147872981 0.258521627 -0.144032383
v -0.163355678 0.265152136 -0.172391375
v -0.185629601 0.267320855 -0.196405209
v -0.213462782 0.258557370 -0.211046743
v -0.240901235 0.240699634 -0.213701246
v -0.265098408 0.218797878 -0.208949924
v -0.284641453 0.193003412 -0.202597833
v -0.298863897 0.163656445 -0.197484844
v -0.309118674 0.132539047 -0.194017935
v -0.313554112 0.099870087 -0.195577818
v -0.320972623 0.068178771 -0.200561942
v -0.335815048 0.041780588 -0.212131868
v -0.360109359 0.025901370 -0.223549373
v -0.381579427 0.014173120 -0.245666984
v -0.405657615 0.006393987 -0.266882671
v -0.431816703 0.000000000 -0.286008708
l 3602 3603
l 3603 3604
l 3604 3605
l 3605 3606
l 3606 3607
l 3607 3608
l 3608 3609
l 3609 3610
l 3610 3611
l 3611 3612
l 3612 3613
l 3613 3614
l 3614 3615
l 3615 3616
l 3616 3617
l 3617 3618
l 3618 3619
l 3619 3620
l 3620 3621
l 3621 3622
l 3622 3623
l 3623 3624
l 3624 3625
l 3625 3626
l 3626 3627
l 3627 3628
l 3628 3629
l 3629 3630
l 3630 3631
l 3631 3632
l 3632 3633
l 3633 3634
l 3634 3635
l 3635 3636
l 3636 3637
l 3637 3638
l 3638 3639
l 3639 3640
l 3640 3641
l 3641 3642
l 3642 3643
l 3643 3644
l 3644 3645
l 3645 3646
l 3646 3647
l 3647 3648
l 3648 3649
l 3649 3650
l 3650 3651
l 3651 3652
l 3652 3653
l 3653 3654
l 3654 3655
l 3655 3656
l 3656 3657
l 3657 3658
l 3658 3659
l 3659 3660
l 3660 3661
l 3661 3662
l 3662 3663
l 3663 3664
l 3664 3665
l 3665 3666
l 3666 3667
l 3667 3668
l 3668 3669
l 3669 3670
l 3670 3671
l 3671 3672
l 3672 3673
l 3673 3674
l 3674 3675
l 3675 3676
l 3676 3677
l 3677 3678
l 3678 3679
l 3679 3680
l 3680 3681
l 3681 3682
l 3682 3683
l 3683 3684
l 3684 3685
l 3685 3686
l 3686 3687
l 3687 3688
l 3688 3689
l 3689 3690
l 3690 3691
l 3691 3692
l 3692 3693
l 3693 3694
l 3694 3695
l 3695 3696
l 3696 3697
l 3697 3698
l 3698 3699
l 3699 3700
l 3700 3701
l 3701 3702
l 3702 3703
l 3703 3704
l 3704 3705
l 3705 3706
l 3706 3707
l 3707 3708
l 3708 3709
l 3709 3710
l 3710 3711
l 3711 3712
l 3712 3713
l 3713 3714
l 3714 3715
l 3715 3716
l 3716 3717
l 3717 3718
l 3718 3719
l 3719 3720
l 3720 3721
l 3721 3722
l 3722 3723
l 3723 3724
l 3724 3725
l 3725 3726
l 3726 3727
l 3727 3728
l 3728 3729
l 3729 3730
l 3730 3731
l 3731 3732
l 3732 3733
l 3733 3734
l 3734 3735
l 3735 3736
l 3736 3737
l 3737 3738
l 3738 3739
l 3739 3740
l 3740 3741
l 3741 3742
l 3742 3743
l 3743 3744
l 3744 3745
l 3745 3746
l 3746 3747
l 3747 3748
l 3748 3749
l 3749 3750
l 3750 3751
l 3751 3752
l 3752 3753
l 3753 3754
l 3754 3755
l 3755 3756
l 3756 3757
l 3757 3758
l 3758 3759
l 3759 3760
l 3760 3761
l 3761 3762
l 3762 3763
l 3763 3764
l 3764 3765
l 3765 3766
l 3766 3767
l 3767 3768
l 3768 3769
l 3769 3770
l 3770 3771
l 3771 3772
l 3772 3773
l 3773 3774
l 3774 3775
l 3775 3776
l 3776 3777
l 3777 3778
l 3778 3779
l 3779 3780
l 3780 3781
l 3781 3782
l 3782 3783
l 3783 3784
l 3784 3785
l 3785 3786
l 3786 3787
l 3787 3788
l 3788 3789
l 3789 3790
l 3790 3791
l 3791 3792
l 3792 3793
l 3793 3794
l 3794 3795
l 3795 3796
l 3796 3797
l 3797 3798
l 3798 3799
l 3799 3800
l 3800 3801
l 3801 3802
l 3802 3803
l 3803 3804
l 3804 3805
l 3805 3806
l 3806 3807
l 3807 3808
l 3808 3809
l 3809 3810
l 3810 3811
l 3811 3812
l 3812 3813
l 3813 3814
l 3814 3815
l 3815 3816
l 3816 3817
l 3817 3818
l 3818 3819
l 3819 3820
l 3820 3821
l 3821 3822
l 3822 3823
l 3823 3824
l 3824 3825
l 3825 3826
l 3826 3827
l 3827 3828
l 3828 3829
l 3829 3830
l 3830 3831
l 3831 3832
l 3832 3833
l 3833 3834
l 3834 3835
l 3835 3836
l 3836 3837
l 3837 3838
l 3838 3839
l 3839 3840
l 3840 3841
l 3841 3842
l 3842 3843
l 3843 3844
l 3844 3845
l 3845 3846
l 3846 3847
l 3847 3848
l 3848 3849
l 3849 3850
l 3850 3851
l 3851 3852
l 3852 3853
l 3853 3854
l 3854 3855
l 3855 3856
l 3856 3857
l 3857 3858
l 3858 3859
l 3859 3860
l 3860 3861
l 3861 3862
l 3862 3863
l 3863 3864
l 3864 3865
l 3865 3866
l 3866 3867
l 3867 3868
l 3868 3869
l 3869 3870
l 3870 3871
l 3871 3872
l 3872 3873
l 3873 3874
l 3874 3875
l 3875 3876
l 3876 3877
l 3877 3878
l 3878 3879
l 3879 3880
l 3880 3881
l 3881 3882
l 3882 3883
l 3883 3884
l 3884 3885
l 3885 3886
l 3886 3887
l 3887 3888
l 3888 3889
l 3889 3890
l 3890 3891
l 3891 3892
l 3892 3893
l 3893 3894
l 3894 3895
l 3895 3896
l 3896 3897
l 3897 3898
l 3898 3899
l 3899 3900
l 3900 3901
l 3901 3902
l 3902 3903
l 3903 3904
l 3904 3905
l 3905 3906
l 3906 3907
l 3907 3908
l 3908 3909
l 3909 3910
l 3910 3911
l 3911 3912
l 3912 3913
l 3913 3914
l 3914 3915
l 3915 3916
l 3916 3917
l 3917 3918
l 3918 3919
l 3919 3920
l 3920 3921
l 3921 3922
l 3922 3923
l 3923 3924
l 3924 3925
l 3925 3926
l 3926 3927
l 3927 3928
l 3928 3929
l 3929 3930
l 3930 3931
l 3931 3932
l 3932 3933
l 3933 3934
l 3934 3935
l 3935 3936
l 3936 3937
l 3937 3938
l 3938 3939
l 3939 3940
l 3940 3941
l 3941 3942
l 3942 3943
l 3943 3944
l 3944 3945
l 3945 3946
l 3946 3947
l 3947 3948
l 3948 3949
l 3949 3950
l 3950 3951
l 3951 3952
l 3952 3953
l 3953 3954
l 3954 3955
l 3955 3956
l 3956 3957
l 3957 3958
l 3958 3959
l 3959 3960
l 3960 3961
l 3961 3962
l 3962 3963
l 3963 3964
l 3964 3965
l 3965 3966
l 3966 3967
l 3967 3968
l 3968 3969
l 3969 3970
l 3970 3971
l 3971 3972
l 3972 3973
l 3973 3974
l 3974 3975
l 3975 3976
l 3976 3977
l 3977 3978
l 3978 3979
l 3979 3980
l 3980 3981
l 3981 3982
l 3982 3983
l 3983 3984
l 3984 3985
l 3985 3986
l 3986 3987
l 3987 3988
l 3988 3989
l 3989 3990
l 3990 3991
l 3991 3992
l 3992 3993
l 3993 3994
l 3994 3995
l 3995 3996
l 3996 3997
l 3997 3998
l 3998 3999
l 3999 4000
l 4000 4001
l 4001 4002
l 4002 4003
l 4003 4004
l 4004 4005
l 4005 4006
l 4006 4007
l 4007 4008
l 4008 4009
l 4009 4010
l 4010 4011
l 4011 4012
l 4012 4013
l 4013 4014
l 4014 4015
l 4015 4016
l 4016 4017
l 4017 4018
l 4018 4019
l 4019 4020
l 4020 4021
l 4021 4022
l 4022 4023
l 4023 4024
l 4024 4025
l 4025 4026
l 4026 4027
l 4027 4028
l 4028 4029
l 4029 4030
l 4030 4031
l 4031 4032
l 4032 4033
l 4033 4034
l 4034 4035
l 4035 4036
l 4036 4037
l 4037 4038
l 4038 4039
l 4039 4040
l 4040 4041
l 4041 4042
l 4042 4043
l 4043 4044
l 4044 4045
l 4045 4046
l 4046 4047
l 4047 4048
l 4048 4049
l 4049 4050
l 4050 4051
l 4051 4052
l 4052 4053
l 4053 4054
l 4054 4055
l 4055 4056
l 4056 4057
l 4057 4058
l 4058 4059
l 4059 4060
l 4060 4061
l 4061 4062
l 4062 4063
l 4063 4064
l 4064 4065
l 4065 4066
l 4066 4067
l 4067 4068
l 4068 4069
l 4069 4070
l 4070 4071
l 4071 4072
l 4072 4073
l 4073 4074
l 4074 4075
l 4075 4076
l 4076 4077
l 4077 4078
l 4078 4079
l 4079 4080
l 4080 4081
l 4081 4082
l 4082 4083
l 4083 4084
l 4084 4085
l 4085 4086
l 4086 4087
l 4087 4088
l 4088 4089
l 4089 4090
l 4090 4091
l 4091 4092
l 4092 4093
l 4093 4094
l 4094 4095
l 4095 4096
l 4096 4097
l 4097 4098
l 4098 4099
l 4099 4100
l 4100 4101
l 4101 4102
l 4102 4103
l 4103 4104
l 4104 4105
l 4105 4106
l 4106 4107
l 4107 4108
l 4108 4109
l 4109 4110
l 4110 4111
l 4111 4112
l 4112 4113
l 4113 4114
l 4114 4115
l 4115 4116
l 4116 4117
l 4117 4118
l 4118 4119
l 4119 4120
l 4120 4121
l 4121 4122
l 4122 4123
l 4123 4124
l 4124 4125
l 4125 4126
l 4126 4127
l 4127 4128
l 4128 4129
l 4129 4130
l 4130 4131
l 4131 4132
l 4132 4133
l 4133 4134
l 4134 4135
l 4135 4136
l 4136 4137
l 4137 4138
l 4138 4139
l 4139 4140
l 4140 4141
l 4141 4142
l 4142 4143
l 4143 4144
l 4144 4145
l 4145 4146
l 4146 4147
l 4147 4148
l 4148 4149
l 4149 4150
l 4150 4151
l 4151 4152
l 4152 4153
l 4153 4154
l 4154 4155
l 4155 4156
l 4156 4157
l 4157 4158
l 4158 4159
l 4159 4160
l 4160 4161
l 4161 4162
l 4162 4163
l 4163 4164
l 4164 4165
l 4165 4166
l 4166 4167
l 4167 4168
l 4168 4169
l 4169 4170
l 4170 4171
l 4171 4172
l 4172 4173
l 4173 4174
l 4174 4175
l 4175 4176
l 4176 4177
l 4177 4178
l 4178 4179
l 4179 4180
l 4180 4181
l 4181 4182
l 4182 4183
l 4183 4184
l 4184 4185
l 4185 4186
l 4186 4187
l 4187 4188
l 4188 4189
l 4189 4190
l 4190 4191
l 4191 4192
l 4192 4193
l 4193 4194
l 4194 4195
l 4195 4196
l 4196 4197
l 4197 4198
l 4198 4199
l 4199 4200
l 4200 4201
l 4201 4202
l 4202 4203
l 4203 4204
l 4204 4205
l 4205 4206
l 4206 4207
l 4207 4208
l 4208 4209
l 4209 4210
l 4210 4211
l 4211 4212
l 4212 4213
l 4213 4214
l 4214 4215
l 4215 4216
l 4216 4217
l 4217 4218
l 4218 4219
l 4219 4220
l 4220 4221
l 4221 4222
l 4222 4223
l 4223 4224
l 4224 4225
l 4225 4226
l 4226 4227
l 4227 4228
l 4228 4229
l 4229 4230
l 4230 4231
l 4231 4232
l 4232 4233
l 4233 4234
l 4234 4235
l 4235 4236
l 4236 4237
l 4237 4238
l 4238 4239
l 4239 4240
l 4240 4241
l 4241 4242
l 4242 4243
l 4243 4244
l 4244 4245
l 4245 4246
l 4246 4247
l 4247 4248
l 4248 4249
l 4249 4250
l 4250 4251
l 4251 4252
l 4252 4253
l 4253 4254
l 4254 4255
l 4255 4256
l 4256 4257
l 4257 4258
l 4258 4259
l 4259 4260
l 4260 4261
l 4261 4262
l 4262 4263
l 4263 4264
l 4264 4265
l 4265 4266
l 4266 4267
l 4267 4268
l 4268 4269
l 4269 4270
l 4270 4271
l 4271 4272
l 4272 4273
l 4273 4274
l 4274 4275
l 4275 4276
l 4276 4277
l 4277 4278
l 4278 4279
l 4279 4280
l 4280 4281
l 4281 4282
l 4282 4283
l 4283 4284
l 4284 4285
l 4285 4286
l 4286 4287
l 4287 4288
l 4288 4289
l 4289 4290
l 4290 4291
l 4291 4292
l 4292 4293
l 4293 4294
l 4294 4295
l 4295 4296
l 4296 4297
l 4297 4298
l 4298 4299
l 4299 4300
l 4300 4301
l 4301 4302
l 4302 4303
l 4303 4304
l 4304 4305
l 4305 4306
l 4306 4307
l 4307 4308
l 4308 4309
l 4309 4310
l 4310 4311
l 4311 4312
l 4312 4313
l 4313 4314
l 4314 4315
l 4315 4316
l 4316 4317
l 4317 4318
l 4318 4319
l 4319 4320
l 4320 4321
l 4321 4322
l 4322 4323
l 4323 4324
l 4324 4325
l 4325 4326
l 4326 4327
l 4327 4328
l 4328 4329
l 4329 4330
l 4330 4331
l 4331 4332
l 4332 4333
l 4333 4334
l 4334 4335
l 4335 4336
l 4336 4337
l 4337 4338
l 4338 4339
l 4339 4340
l 4340 4341
l 4341 4342
l 4342 4343
l 4343 4344
l 4344 4345
l 4345 4346
l 4346 4347
l 4347 4348
l 4348 4349
l 4349 4350
l 4350 4351
l 4351 4352
l 4352 4353
l 4353 4354
l 4354 4355
l 4355 4356
l 4356 4357
l 4357 4358
l 4358 4359
l 4359 4360
l 4360 4361
l 4361 4362
l 4362 4363
l 4363 4364
l 4364 4365
l 4365 4366
l 4366 4367
l 4367 4368
l 4368 4369
l 4369 4370
l 4370 4371
l 4371 4372
l 4372 4373
l 4373 4374
l 4374 4375
l 4375 4376
l 4376 4377
l 4377 4378
l 4378 4379
l 4379 4380
l 4380 4381
l 4381 4382
l 4382 4383
l 4383 4384
l 4384 4385
l 4385 4386
l 4386 4387
l 4387 4388
l 4388 4389
l 4389 4390
l 4390 4391
l 4391 4392
l 4392 4393
l 4393 4394
l 4394 4395
l 4395 4396
l 4396 4397
l 4397 4398
l 4398 4399
l 4399 4400
l 4400 4401
l 4401 4402
l 4402 4403
l 4403 4404
l 4404 4405
l 4405 4406
l 4406 4407
l 4407 4408
l 4408 4409
l 4409 4410
l 4410 4411
l 4411 4412
l 4412 4413
l 4413 4414
l 4414 4415
l 4415 4416
l 4416 4417
l 4417 4418
l 4418 4419
l 4419 4420
l 4420 4421
l 4421 4422
l 4422 4423
l 4423 4424
l 4424 4425
l 4425 4426
l 4426 4427
l 4427 4428
l 4428 4429
l 4429 4430
l 4430 4431
l 4431 4432
l 4432 4433
l 4433 4434
l 4434 4435
l 4435 4436
l 4436 4437
l 4437 4438
l 4438 4439
l 4439 4440
l 4440 4441
l 4441 4442
l 4442 4443
l 4443 4444
l 4444 4445
l 4445 4446
l 4446 4447
l 4447 4448
l 4448 4449
l 4449 4450
l 4450 4451
l 4451 4452
l 4452 4453
l 4453 4454
l 4454 4455
l 4455 4456
l 4456 4457
l 4457 4458
l 4458 4459
l 4459 4460
l 4460 4461
l 4461 4462
l 4462 4463
l 4463 4464
l 4464 4465
l 4465 4466
l 4466 4467
l 4467 4468
l 4468 4469
l 4469 4470
l 4470 4471
l 4471 4472
l 4472 4473
l 4473 4474
l 4474 4475
l 4475 4476
l 4476 4477
l 4477 4478
l 4478 4479
l 4479 4480
l 4480 4481
l 4481 4482
l 4482 4483
l 4483 4484
l 4484 4485
l 4485 4486
l 4486 4487
l 4487 4488
l 4488 4489
l 4489 4490
l 4490 4491
l 4491 4492
l 4492 4493
l 4493 4494
l 4494 4495
l 4495 4496
l 4496 4497
l 4497 4498
l 4498 4499
l 4499 4500
l 4500 4501
l 4501 4502
l 4502 4503
l 4503 4504
l 4504 4505
l 4505 4506
l 4506 4507
l 4507 4508
l 4508 4509
l 4509 4510
l 4510 4511
l 4511 4512
l 4512 4513
l 4513 4514
l 4514 4515
l 4515 4516
l 4516 4517
l 4517 4518
l 4518 4519
l 4519 4520
l 4520 4521
l 4521 4522
l 4522 4523
l 4523 4524
l 4524 4525
l 4525 4526
l 4526 4527
l 4527 4528
l 4528 4529
l 4529 4530
l 4530 4531
l 4531 4532
l 4532 4533
l 4533 4534
l 4534 4535
l 4535 4536
l 4536 4537
l 4537 4538
l 4538 4539
l 4539 4540
l 4540 4541
l 4541 4542
l 4542 4543
l 4543 4544
l 4544 4545
l 4545 4546
l 4546 4547
l 4547 4548
l 4548 4549
l 4549 4550
l 4550 4551
l 4551 4552
l 4552 4553
l 4553 4554
l 4554 4555
l 4555 4556
l 4556 4557
l 4557 4558
l 4558 4559
l 4559 4560
l 4560 4561
l 4561 4562
l 4562 4563
l 4563 4564
l 4564 4565
l 4565 4566
l 4566 4567
l 4567 4568
l 4568 4569
l 4569 4570
l 4570 4571
l 4571 4572
l 4572 4573
l 4573 4574
l 4574 4575
l 4575 4576
l 4576 4577
l 4577 4578
l 4578 4579
l 4579 4580
l 4580 4581
l 4581 4582
l 4582 4583
l 4583 4584
l 4584 4585
l 4585 4586
l 4586 4587
l 4587 4588
l 4588 4589
l 4589 4590
l 4590 4591
l 4591 4592
l 4592 4593
l 4593 4594
l 4594 4595
l 4595 4596
l 4596 4597
l 4597 4598
l 4598 4599
l 4599 4600
l 4600 4601
l 4601 4602
l 4602 4603
l 4603 4604
l 4604 4605
l 4605 4606
l 4606 4607
l 4607 4608
l 4608 4609
l 4609 4610
l 4610 4611
l 4611 4612
l 4612 4613
l 4613 4614
l 4614 4615
l 4615 4616
l 4616 4617
l 4617 4618
l 4618 4619
l 4619 4620
l 4620 4621
l 4621 4622
l 4622 4623
l 4623 4624
l 4624 4625
l 4625 4626
l 4626 4627
l 4627 4628
l 4628 4629
l 4629 4630
l 4630 4631
l 4631 4632
l 4632 4633
l 4633 4634
l 4634 4635
l 4635 4636
l 4636 4637
l 4637 4638
l 4638 4639
l 4639 4640
l 4640 4641
l 4641 4642
l 4642 4643
l 4643 4644
l 4644 4645
l 4645 4646
l 4646 4647
l 4647 4648
l 4648 4649
l 4649 4650
l 4650 4651
l 4651 4652
l 4652 4653
l 4653 4654
l 4654 4655
l 4655 4656
l 4656 4657
l 4657 4658
l 4658 4659
l 4659 4660
l 4660 4661
l 4661 4662
l 4662 4663
l 4663 4664
l 4664 4665
l 4665 4666
l 4666 4667
l 4667 4668
l 4668 4669
l 4669 4670
l 4670 4671
l 4671 4672
l 4672 4673
l 4673 4674
l 4674 4675
l 4675 4676
l 4676 4677
l 4677 4678
l 4678 4679
l 4679 4680
l 4680 4681
l 4681 4682
l 4682 4683
l 4683 4684
l 4684 4685
l 4685 4686
l 4686 4687
l 4687 4688
l 4688 4689
l 4689 4690
l 4690 4691
l 4691 4692
l 4692 4693
l 4693 4694
l 4694 4695
l 4695 4696
l 4696 4697
l 4697 4698
l 4698 4699
l 4699 4700
l 4700 4701
l 4701 4702
l 4702 4703
l 4703 4704
l 4704 4705
l 4705 4706
l 4706 4707
l 4707 4708
l 4708 4709
l 4709 4710
l 4710 4711
l 4711 4712
l 4712 4713
l 4713 4714
l 4714 4715
l 4715 4716
l 4716 4717
l 4717 4718
l 4718 4719
l 4719 4720
l 4720 4721
l 4721 4722
l 4722 4723
l 4723 4724
l 4724 4725
l 4725 4726
l 4726 4727
l 4727 4728
l 4728 4729
l 4729 4730
l 4730 4731
l 4731 4732
l 4732 4733
l 4733 4734
l 4734 4735
l 4735 4736
l 4736 4737
l 4737 4738
l 4738 4739
l 4739 4740
l 4740 4741
l 4741 4742
l 4742 4743
l 4743 4744
l 4744 4745
l 4745 4746
l 4746 4747
l 4747 4748
l 4748 4749
l 4749 4750
l 4750 4751
l 4751 4752
l 4752 4753
l 4753 4754
l 4754 4755
l 4755 4756
l 4756 4757
l 4757 4758
l 4758 4759
l 4759 4760
l 4760 4761
l 4761 4762
l 4762 4763
l 4763 4764
l 4764 4765
l 4765 4766
l 4766 4767
l 4767 4768
l 4768 4769
l 4769 4770
l 4770 4771
l 4771 4772
l 4772 4773
l 4773 4774
l 4774 4775
l 4775 4776
l 4776 4777
l 4777 4778
l 4778 4779
l 4779 4780
l 4780 4781
l 4781 4782
l 4782 4783
l 4783 4784
l 4784 4785
l 4785 4786
l 4786 4787
l 4787 4788
l 4788 4789
l 4789 4790
l 4790 4791
l 4791 4792
l 4792 4793
l 4793 4794
l 4794 4795
l 4795 4796
l 4796 4797
l 4797 4798
l 4798 4799
l 4799 4800
l 4800 4801
l 4801 4802
l 4802 4803
l 4803 4804
l 4804 4805
l 4805 4806
l 4806 4807
l 4807 4808
l 4808 4809
l 4809 4810
l 4810 4811
l 4811 4812
l 4812 4813
l 4813 4814
l 4814 4815
l 4815 4816
l 4816 4817
l 4817 4818
l 4818 4819
l 4819 4820
l 4820 4821
l 4821 4822
l 4822 4823
l 4823 4824
l 4824 4825
l 4825 4826
l 4826 4827
l 4827 4828
l 4828 4829
l 4829 4830
l 4830 4831
l 4831 4832
l 4832 4833
l 4833 4834
l 4834 4835
l 4835 4836
l 4836 4837
l 4837 4838
l 4838 4839
l 4839 4840
l 4840 4841
l 4841 4842
l 4842 4843
l 4843 4844
l 4844 4845
l 4845 4846
l 4846 4847
l 4847 4848
l 4848 4849
l 4849 4850
l 4850 4851
l 4851 4852
l 4852 4853
l 4853 4854
l 4854 4855
l 4855 4856
l 4856 4857
l 4857 4858
l 4858 4859
l 4859 4860
l 4860 4861
l 4861 4862
l 4862 4863
l 4863 4864
l 4864 4865
l 4865 4866
l 4866 4867
l 4867 4868
l 4868 4869
l 4869 4870
l 4870 4871
l 4871 4872
l 4872 4873
l 4873 4874
l 4874 4875
l 4875 4876
l 4876 4877
l 4877 4878
l 4878 4879
l 4879 4880
l 4880 4881
l 4881 4882
l 4882 4883
l 4883 4884
l 4884 4885
l 4885 4886
l 4886 4887
l 4887 4888
l 4888 4889
l 4889 4890
l 4890 4891
l 4891 4892
l 4892 4893
l 4893 4894
l 4894 4895
l 4895 4896
l 4896 4897
l 4897 4898
l 4898 4899
l 4899 4900
l 4900 4901
l 4901 4902
l 4902 4903
l 4903 4904
l 4904 4905
l 4905 4906
l 4906 4907
l 4907 4908
l 4908 4909
l 4909 4910
l 4910 4911
l 4911 4912
l 4912 4913
l 4913 4914
l 4914 4915
l 4915 4916
l 4916 4917
l 4917 4918
l 4918 4919
l 4919 4920
l 4920 4921
l 4921 4922
l 4922 4923
l 4923 4924
l 4924 4925
l 4925 4926
l 4926 4927
l 4927 4928
l 4928 4929
l 4929 4930
l 4930 4931
l 4931 4932
l 4932 4933
l 4933 4934
l 4934 4935
l 4935 4936
l 4936 4937
l 4937 4938
l 4938 4939
l 4939 4940
l 4940 4941
l 4941 4942
l 4942 4943
l 4943 4944
l 4944 4945
l 4945 4946
l 4946 4947
l 4947 4948
l 4948 4949
l 4949 4950
l 4950 4951
l 4951 4952
l 4952 4953
l 4953 4954
l 4954 4955
l 4955 4956
l 4956 4957
l 4957 4958
l 4958 4959
l 4959 4960
l 4960 4961
l 4961 4962
l 4962 4963
l 4963 4964
l 4964 4965
l 4965 4966
l 4966 4967
l 4967 4968
l 4968 4969
l 4969 4970
l 4970 4971
l 4971 4972
l 4972 4973
l 4973 4974
l 4974 4975
l 4975 4976
l 4976 4977
l 4977 4978
l 4978 4979
l 4979 4980
l 4980 4981
l 4981 4982
l 4982 4983
l 4983 4984
l 4984 4985
l 4985 4986
l 4986 4987
l 4987 4988
l 4988 4989
l 4989 4990
l 4990 4991
l 4991 4992
l 4992 4993
l 4993 4994
l 4994 4995
l 4995 4996
l 4996 4997
l 4997 4998
l 4998 4999
l 4999 5000
l 5000 5001
l 5001 5002
l 5002 5003
l 5003 5004
l 5004 5005
l 5005 5006
l 5006 5007
l 5007 5008
l 5008 5009
l 5009 5010
l 5010 5011
l 5011 5012
l 5012 5013
l 5013 5014
l 5014 5015
l 5015 5016
l 5016 5017
l 5017 5018
l 5018 5019
l 5019 5020
l 5020 5021
l 5021 5022
l 5022 5023
l 5023 5024
l 5024 5025
l 5025 5026
l 5026 5027
l 5027 5028
l 5028 5029
l 5029 5030
l 5030 5031
l 5031 5032
l 5032 5033
l 5033 5034
l 5034 5035
l 5035 5036
l 5036 5037
l 5037 5038
l 5038 5039
l 5039 5040
l 5040 5041
l 5041 5042
l 5042 5043
l 5043 5044
l 5044 5045
l 5045 5046
l 5046 5047
l 5047 5048
l 5048 5049
l 5049 5050
l 5050 5051
l 5051 5052
l 5052 5053
l 5053 5054
l 5054 5055
l 5055 5056
l 5056 5057
l 5057 5058
l 5058 5059
l 5059 5060
l 5060 5061
l 5061 5062
l 5062 5063
l 5063 5064
l 5064 5065
l 5065 5066
l 5066 5067
l 5067 5068
l 5068 5069
l 5069 5070
l 5070 5071
l 5071 5072
l 5072 5073
l 5073 5074
l 5074 5075
l 5075 5076
l 5076 5077
l 5077 5078
l 5078 5079
l 5079 5080
l 5080 5081
l 5081 5082
l 5082 5083
l 5083 5084
l 5084 5085
l 5085 5086
l 5086 5087
l 5087 5088
l 5088 5089
l 5089 5090
l 5090 5091
l 5091 5092
l 5092 5093
l 5093 5094
l 5094 5095
l 5095 5096
l 5096 5097
l 5097 5098
l 5098 5099
l 5099 5100
l 5100 5101
l 5101 5102
l 5102 5103
l 5103 5104
l 5104 5105
l 5105 5106
l 5106 5107
l 5107 5108
l 5108 5109
l 5109 5110
l 5110 5111
l 5111 5112
l 5112 5113
l 5113 5114
l 5114 5115
l 5115 5116
l 5116 5117
l 5117 5118
l 5118 5119
l 5119 5120
l 5120 5121
l 5121 5122
l 5122 5123
l 5123 5124
l 5124 5125
l 5125 5126
l 5126 5127
l 5127 5128
l 5128 5129
l 5129 5130
l 5130 5131
l 5131 5132
l 5132 5133
l 5133 5134
l 5134 5135
l 5135 5136
l 5136 5137
l 5137 5138
l 5138 5139
l 5139 5140
l 5140 5141
l 5141 5142
l 5142 5143
l 5143 5144
l 5144 5145
l 5145 5146
l 5146 5147
l 5147 5148
l 5148 5149
l 5149 5150
l 5150 5151
l 5151 5152
l 5152 5153
l 5153 5154
l 5154 5155
l 5155 5156
l 5156 5157
l 5157 5158
l 5158 5159
l 5159 5160
l 5160 5161
l 5161 5162
l 5162 5163
l 5163 5164
l 5164 5165
l 5165 5166
l 5166 5167
l 5167 5168
l 5168 5169
l 5169 5170
l 5170 5171
l 5171 5172
l 5172 5173
l 5173 5174
l 5174 5175
l 5175 5176
l 5176 5177
l 5177 5178
l 5178 5179
l 5179 5180
l 5180 5181
l 5181 5182
l 5182 5183
l 5183 5184
l 5184 5185
l 5185 5186
l 5186 5187
l 5187 5188
l 5188 5189
l 5189 5190
l 5190 5191
l 5191 5192
l 5192 5193
l 5193 5194
l 5194 5195
l 5195 5196
l 5196 5197
l 5197 5198
l 5198 5199
l 5199 5200
l 5200 5201
l 5201 5202
l 5202 5203
l 5203 5204
l 5204 5205
l 5205 5206
l 5206 5207
l 5207 5208
l 5208 5209
l 5209 5210
l 5210 5211
l 5211 5212
l 5212 5213
l 5213 5214
l 5214 5215
l 5215 5216
l 5216 5217
l 5217 5218
l 5218 5219
l 5219 5220
l 5220 5221
l 5221 5222
l 5222 5223
l 5223 5224
l 5224 5225
l 5225 5226
l 5226 5227
l 5227 5228
l 5228 5229
l 5229 5230
l 5230 5231
l 5231 5232
l 5232 5233
l 5233 5234
l 5234 5235
l 5235 5236
l 5236 5237
l 5237 5238
l 5238 5239
l 5239 5240
l 5240 5241
l 5241 5242
l 5242 5243
l 5243 5244
l 5244 5245
l 5245 5246
l 5246 5247
l 5247 5248
l 5248 5249
l 5249 5250
l 5250 5251
l 5251 5252
l 5252 5253
l 5253 5254
l 5254 5255
l 5255 5256
l 5256 5257
l 5257 5258
l 5258 5259
l 5259 5260
l 5260 5261
l 5261 5262
l 5262 5263
l 5263 5264
l 5264 5265
l 5265 5266
l 5266 5267
l 5267 5268
l 5268 5269
l 5269 5270
l 5270 5271
l 5271 5272
l 5272 5273
l 5273 5274
l 5274 5275
l 5275 5276
l 5276 5277
l 5277 5278
l 5278 5279
l 5279 5280
l 5280 5281
l 5281 5282
l 5282 5283
l 5283 5284
l 5284 5285
l 5285 5286
l 5286 5287
l 5287 5288
l 5288 5289
l 5289 5290
l 5290 5291
l 5291 5292
l 5292 5293
l 5293 5294
l 5294 5295
l 5295 5296
l 5296 5297
l 5297 5298
l 5298 5299
l 5299 5300
l 5300 5301
l 5301 5302
l 5302 5303
l 5303 5304
l 5304 5305
l 5305 5306
l 5306 5307
l 5307 5308
l 5308 5309
l 5309 5310
l 5310 5311
l 5311 5312
l 5312 5313
l 5313 5314
l 5314 5315
l 5315 5316
l 5316 5317
l 5317 5318
l 5318 5319
l 5319 5320
l 5320 5321
l 5321 5322
l 5322 5323
l 5323 5324
l 5324 5325
l 5325 5326
l 5326 5327
l 5327 5328
l 5328 5329
l 5329 5330
l 5330 5331
l 5331 5332
l 5332 5333
l 5333 5334
l 5334 5335
l 5335 5336
l 5336 5337
l 5337 5338
l 5338 5339
l 5339 5340
l 5340 5341
l 5341 5342
l 5342 5343
l 5343 5344
l 5344 5345
l 5345 5346
l 5346 5347
l 5347 5348
l 5348 5349
l 5349 5350
l 5350 5351
l 5351 5352
l 5352 5353
l 5353 5354
l 5354 5355
l 5355 5356
l 5356 5357
l 5357 5358
l 5358 5359
l 5359 5360
l 5360 5361
l 5361 5362
l 5362 5363
l 5363 5364
l 5364 5365
l 5365 5366
l 5366 5367
l 5367 5368
l 5368 5369
l 5369 5370
l 5370 5371
l 5371 5372
l 5372 5373
l 5373 5374
l 5374 5375
l 5375 5376
l 5376 5377
l 5377 5378
l 5378 5379
l 5379 5380
l 5380 5381
l 5381 5382
l 5382 5383
l 5383 5384
l 5384 5385
l 5385 5386
l 5386 5387
l 5387 5388
l 5388 5389
l 5389 5390
l 5390 5391
l 5391 5392
l 5392 5393
l 5393 5394
l 5394 5395
l 5395 5396
l 5396 5397
l 5397 5398
l 5398 5399
l 5399 5400
l 5400 5401
l 5401 5402
l 5402 5403
l 5403 5404
l 5404 5405
l 5405 5406
l 5406 5407
l 5407 5408
l 5408 5409
l 5409 5410
l 5410 5411
l 5411 5412
l 5412 5413
l 5413 5414
l 5414 5415
l 5415 5416
l 5416 5417
l 5417 5418
l 5418 5419
l 5419 5420
l 5420 5421
l 5421 5422
l 5422 5423
l 5423 5424
l 5424 5425
l 5425 5426
l 5426 5427
l 5427 5428
l 5428 5429
l 5429 5430
l 5430 5431
l 5431 5432
l 5432 5433
l 5433 5434
l 5434 5435
l 5435 5436
l 5436 5437
l 5437 5438
l 5438 5439
l 5439 5440
l 5440 5441
l 5441 5442
l 5442 5443
l 5443 5444
l 5444 5445
l 5445 5446
l 5446 5447
l 5447 5448
l 5448 5449
l 5449 5450
l 5450 5451
l 5451 5452
l 5452 5453
l 5453 5454
l 5454 5455
l 5455 5456
l 5456 5457
l 5457 5458
l 5458 5459
l 5459 5460
l 5460 5461
l 5461 5462
l 5462 5463
l 5463 5464
l 5464 5465
l 5465 5466
l 5466 5467
l 5467 5468
l 5468 5469
l 5469 5470
l 5470 5471
l 5471 5472
l 5472 5473
l 5473 5474
l 5474 5475
l 5475 5476
l 5476 5477
l 5477 5478
l 5478 5479
l 5479 5480
l 5480 5481
l 5481 5482
l 5482 5483
l 5483 5484
l 5484 5485
l 5485 5486
l 5486 5487
l 5487 5488
l 5488 5489
l 5489 5490
l 5490 5491
l 5491 5492
l 5492 5493
l 5493 5494
l 5494 5495
l 5495 5496
l 5496 5497
l 5497 5498
l 5498 5499
l 5499 5500
l 5500 5501
l 5501 5502
l 5502 5503
l 5503 5504
l 5504 5505
l 5505 5506
l 5506 5507
l 5507 5508
l 5508 5509
l 5509 5510
l 5510 5511
l 5511 5512
l 5512 5513
l 5513 5514
l 5514 5515
l 5515 5516
l 5516 5517
l 5517 5518
l 5518 5519
l 5519 5520
l 5520 5521
l 5521 5522
l 5522 5523
l 5523 5524
l 5524 5525
l 5525 5526
l 5526 5527
l 5527 5528
l 5528 5529
l 5529 5530
l 5530 5531
l 5531 5532
l 5532 5533
l 5533 5534
l 5534 5535
l 5535 5536
l 5536 5537
l 5537 5538
l 5538 5539
l 5539 5540
l 5540 5541
l 5541 5542
l 5542 5543
l 5543 5544
l 5544 5545
l 5545 5546
l 5546 5547
l 5547 5548
l 5548 5549
l 5549 5550
l 5550 5551
l 5551 5552
l 5552 5553
l 5553 5554
l 5554 5555
l 5555 5556
l 5556 5557
l 5557 5558
l 5558 5559
l 5559 5560
l 5560 5561
l 5561 5562
l 5562 5563
l 5563 5564
l 5564 5565
l 5565 5566
l 5566 5567
l 5567 5568
l 5568 5569
l 5569 5570
l 5570 5571
l 5571 5572
l 5572 5573
l 5573 5574
l 5574 5575
l 5575 5576
l 5576 5577
l 5577 5578
l 5578 5579
l 5579 5580
l 5580 5581
l 5581 5582
l 5582 5583
l 5583 5584
l 5584 5585
l 5585 5586
l 5586 5587
l 5587 5588
l 5588 5589
l 5589 5590
l 5590 5591
l 5591 5592
l 5592 5593
l 5593 5594
l 5594 5595
l 5595 5596
l 5596 5597
l 5597 5598
l 5598 5599
l 5599 5600
l 5600 5601
l 5601 5602
l 5602 5603
l 5603 5604
l 5604 5605
l 5605 5606
l 5606 5607
l 5607 5608
l 5608 5609
l 5609 5610
l 5610 5611
l 5611 5612
l 5612 5613
l 5613 5614
l 5614 5615
l 5615 5616
l 5616 5617
l 5617 5618
l 5618 5619
l 5619 5620
l 5620 5621
l 5621 5622
l 5622 5623
l 5623 5624
l 5624 5625
l 5625 5626
l 5626 5627
l 5627 5628
l 5628 5629
l 5629 5630
l 5630 5631
l 5631 5632
l 5632 5633
l 5633 5634
l 5634 5635
l 5635 5636
l 5636 5637
l 5637 5638
l 5638 5639
l 5639 5640
l 5640 5641
l 5641 5642
l 5642 5643
l 5643 5644
l 5644 5645
l 5645 5646
l 5646 5647
l 5647 5648
l 5648 5649
l 5649 5650
l 5650 5651
l 5651 5652
l 5652 5653
l 5653 5654
l 5654 5655
l 5655 5656
l 5656 5657
l 5657 5658
l 5658 5659
l 5659 5660
l 5660 5661
l 5661 5662
l 5662 5663
l 5663 5664
l 5664 5665
l 5665 5666
l 5666 5667
l 5667 5668
l 5668 5669
l 5669 5670
l 5670 5671
l 5671 5672
l 5672 5673
l 5673 5674
l 5674 5675
l 5675 5676
l 5676 5677
l 5677 5678
l 5678 5679
l 5679 5680
l 5680 5681
l 5681 5682
l 5682 5683
l 5683 5684
l 5684 5685
l 5685 5686
l 5686 5687
l 5687 5688
l 5688 5689
l 5689 5690
l 5690 5691
l 5691 5692
l 5692 5693
l 5693 5694
l 5694 5695
l 5695 5696
l 5696 5697
l 5697 5698
l 5698 5699
l 5699 5700
l 5700 5701
l 5701 5702
l 5702 5703
l 5703 5704
l 5704 5705
l 5705 5706
l 5706 5707
l 5707 5708
l 5708 5709
l 5709 5710
l 5710 5711
l 5711 5712
l 5712 5713
l 5713 5714
l 5714 5715
l 5715 5716
l 5716 5717
l 5717 5718
l 5718 5719
l 5719 5720
l 5720 5721
l 5721 5722
l 5722 5723
l 5723 5724
l 5724 5725
l 5725 5726
l 5726 5727
l 5727 5728
l 5728 5729
l 5729 5730
l 5730 5731
l 5731 5732
l 5732 5733
l 5733 5734
l 5734 5735
l 5735 5736
l 5736 5737
l 5737 5738
l 5738 5739
l 5739 5740
l 5740 5741
l 5741 5742
l 5742 5743
l 5743 5744
l 5744 5745
l 5745 5746
l 5746 5747
l 5747 5748
l 5748 5749
l 5749 5750
l 5750 5751
l 5751 5752
l 5752 5753
l 5753 5754
l 5754 5755
l 5755 5756
l 5756 5757
l 5757 5758
l 5758 5759
l 5759 5760
l 5760 5761
l 5761 5762
l 5762 5763
l 5763 5764
l 5764 5765
l 5765 5766
l 5766 5767
l 5767 5768
l 5768 5769
l 5769 5770
l 5770 5771
l 5771 5772
l 5772 5773
l 5773 5774
l 5774 5775
l 5775 5776
l 5776 5777
l 5777 5778
l 5778 5779
l 5779 5780
l 5780 5781
l 5781 5782
l 5782 5783
l 5783 5784
l 5784 5785
l 5785 5786
l 5786 5787
l 5787 5788
l 5788 5789
l 5789 5790
l 5790 5791
l 5791 5792
l 5792 5793
l 5793 5794
l 5794 5795
l 5795 5796
l 5796 5797
l 5797 5798
l 5798 5799
l 5799 5800
l 5800 5801
l 5801 5802
l 5802 5803
l 5803 5804
l 5804 5805
l 5805 5806
l 5806 5807
l 5807 5808
l 5808 5809
l 5809 5810
l 5810 5811
l 5811 5812
l 5812 5813
l 5813 5814
l 5814 5815
l 5815 5816
l 5816 5817
l 5817 5818
l 5818 5819
l 5819 5820
l 5820 5821
l 5821 5822
l 5822 5823
l 5823 5824
l 5824 5825
l 5825 5826
l 5826 5827
l 5827 5828
l 5828 5829
l 5829 5830
l 5830 5831
l 5831 5832
l 5832 5833
l 5833 5834
l 5834 5835
l 5835 5836
l 5836 5837
l 5837 5838
l 5838 5839
l 5839 5840
l 5840 5841
l 5841 5842
l 5842 5843
l 5843 5844
l 5844 5845
l 5845 5846
l 5846 5847
l 5847 5848
l 5848 5849
l 5849 5850
l 5850 5851
l 5851 5852
l 5852 5853
l 5853 5854
l 5854 5855
l 5855 5856
l 5856 5857
l 5857 5858
l 5858 5859
l 5859 5860
l 5860 5861
l 5861 5862
l 5862 5863
l 5863 5864
l 5864 5865
l 5865 5866
l 5866 5867
l 5867 5868
l 5868 5869
l 5869 5870
l 5870 5871
l 5871 5872
l 5872 5873
l 5873 5874
l 5874 5875
l 5875 5876
l 5876 5877
l 5877 5878
l 5878 5879
l 5879 5880
l 5880 5881
l 5881 5882
l 5882 5883
l 5883 5884
l 5884 5885
l 5885 5886
l 5886 5887
l 5887 5888
l 5888 5889
l 5889 5890
l 5890 5891
l 5891 5892
l 5892 5893
l 5893 5894
l 5894 5895
l 5895 5896
l 5896 5897
l 5897 5898
l 5898 5899
l 5899 5900
l 5900 5901
l 5901 5902
l 5902 5903
l 5903 5904
l 5904 5905
l 5905 5906
l 5906 5907
l 5907 5908
l 5908 5909
l 5909 5910
l 5910 5911
l 5911 5912
l 5912 5913
l 5913 5914
l 5914 5915
l 5915 5916
l 5916 5917
l 5917 5918
l 5918 5919
l 5919 5920
l 5920 5921
l 5921 5922
l 5922 5923
l 5923 5924
l 5924 5925
l 5925 5926
l 5926 5927
l 5927 5928
l 5928 5929
l 5929 5930
l 5930 5931
l 5931 5932
l 5932 5933
l 5933 5934
l 5934 5935
l 5935 5936
l 5936 5937
l 5937 5938
l 5938 5939
l 5939 5940
l 5940 5941
l 5941 5942
l 5942 5943
l 5943 5944
l 5944 5945
l 5945 5946
l 5946 5947
l 5947 5948
l 5948 5949
l 5949 5950
l 5950 5951
l 5951 5952
l 5952 5953
l 5953 5954
l 5954 5955
l 5955 5956
l 5956 5957
l 5957 5958
l 5958 5959
l 5959 5960
l 5960 5961
l 5961 5962
l 5962 5963
l 5963 5964
l 5964 5965
l 5965 5966
l 5966 5967
l 5967 5968
l 5968 5969
l 5969 5970
l 5970 5971
l 5971 5972
l 5972 5973
l 5973 5974
l 5974 5975
l 5975 5976
l 5976 5977
l 5977 5978
l 5978 5979
l 5979 5980
l 5980 5981
l 5981 5982
l 5982 5983
l 5983 5984
l 5984 5985
l 5985 5986
l 5986 5987
l 5987 5988
l 5988 5989
l 5989 5990
l 5990 5991
l 5991 5992
l 5992 5993
l 5993 5994
l 5994 5995
l 5995 5996
l 5996 5997
l 5997 5998
l 5998 5999
l 5999 6000
l 6000 6001
l 6001 6002
l 6002 6003
l 6003 6004
l 6004 6005
l 6005 6006
l 6006 6007
l 6007 6008
l 6008 6009
l 6009 6010
l 6010 6011
l 6011 6012
l 6012 6013
l 6013 6014
l 6014 6015
l 6015 6016
l 6016 6017
l 6017 6018
l 6018 6019
l 6019 6020
l 6020 6021
l 6021 6022
l 6022 6023
l 6023 6024
l 6024 6025
l 6025 6026
l 6026 6027
l 6027 6028
l 6028 6029
l 6029 6030
l 6030 6031
l 6031 6032
l 6032 6033
l 6033 6034
l 6034 6035
l 6035 6036
l 6036 6037
l 6037 6038
l 6038 6039
l 6039 6040
l 6040 6041
l 6041 6042
l 6042 6043
l 6043 6044
l 6044 6045
l 6045 6046
l 6046 6047
l 6047 6048
l 6048 6049
l 6049 6050
l 6050 6051
l 6051 6052
l 6052 6053
l 6053 6054
l 6054 6055
l 6055 6056
l 6056 6057
l 6057 6058
l 6058 6059
l 6059 6060
l 6060 6061
l 6061 6062
l 6062 6063
l 6063 6064
l 6064 6065
l 6065 6066
l 6066 6067
l 6067 6068
l 6068 6069
l 6069 6070
l 6070 6071
l 6071 6072
l 6072 6073
l 6073 6074
l 6074 6075
l 6075 6076
l 6076 6077
l 6077 6078
l 6078 6079
l 6079 6080
l 6080 6081
l 6081 6082
l 6082 6083
l 6083 6084
l 6084 6085
l 6085 6086
l 6086 6087
l 6087 6088
l 6088 6089
l 6089 6090
l 6090 6091
l 6091 6092
l 6092 6093
l 6093 6094
l 6094 6095
l 6095 6096
l 6096 6097
l 6097 6098
l 6098 6099
l 6099 6100
l 6100 6101
l 6101 6102
l 6102 6103
l 6103 6104
l 6104 6105
l 6105 6106
l 6106 6107
l 6107 6108
l 6108 6109
l 6109 6110
l 6110 6111
l 6111 6112
l 6112 6113
l 6113 6114
l 6114 6115
l 6115 6116
l 6116 6117
l 6117 6118
l 6118 6119
l 6119 6120
l 6120 6121
l 6121 6122
l 6122 6123
l 6123 6124
l 6124 6125
l 6125 6126
l 6126 6127
l 6127 6128
l 6128 6129
l 6129 6130
l 6130 6131
l 6131 6132
l 6132 6133
l 6133 6134
l 6134 6135
l 6135 6136
l 6136 6137
l 6137 6138
l 6138 6139
l 6139 6140
l 6140 6141
l 6141 6142
l 6142 6143
l 6143 6144
l 6144 6145
l 6145 6146
l 6146 6147
l 6147 6148
l 6148 6149
l 6149 6150
l 6150 6151
l 6151 6152
l 6152 6153
l 6153 6154
l 6154 6155
l 6155 6156
l 6156 6157
l 6157 6158
l 6158 6159
l 6159 6160
l 6160 6161
l 6161 6162
l 6162 6163
l 6163 6164
l 6164 6165
l 6165 6166
l 6166 6167
l 6167 6168
l 6168 6169
l 6169 6170
l 6170 6171
l 6171 6172
l 6172 6173
l 6173 6174
l 6174 6175
l 6175 6176
l 6176 6177
l 6177 6178
l 6178 6179
l 6179 6180
l 6180 6181
l 6181 6182
l 6182 6183
l 6183 6184
l 6184 6185
l 6185 6186
l 6186 6187
l 6187 6188
l 6188 6189
l 6189 6190
l 6190 6191
l 6191 6192
l 6192 6193
l 6193 6194
l 6194 6195
l 6195 6196
l 6196 6197
l 6197 6198
l 6198 6199
l 6199 6200
l 6200 6201
l 6201 6202
l 6202 6203
l 6203 6204
l 6204 6205
l 6205 6206
l 6206 6207
l 6207 6208
l 6208 6209
l 6209 6210
l 6210 6211
l 6211 6212
l 6212 6213
l 6213 6214
l 6214 6215
l 6215 6216
l 6216 6217
l 6217 6218
l 6218 6219
l 6219 6220
l 6220 6221
l 6221 6222
l 6222 6223
l 6223 6224
l 6224 6225
l 6225 6226
l 6226 6227
l 6227 6228
l 6228 6229
l 6229 6230
l 6230 6231
l 6231 6232
l 6232 6233
l 6233 6234
l 6234 6235
l 6235 6236
l 6236 6237
l 6237 6238
l 6238 6239
l 6239 6240
l 6240 6241
l 6241 6242
l 6242 6243
l 6243 6244
l 6244 6245
l 6245 6246
l 6246 6247
l 6247 6248
l 6248 6249
l 6249 6250
l 6250 6251
l 6251 6252
l 6252 6253
l 6253 6254
l 6254 6255
l 6255 6256
l 6256 6257
l 6257 6258
l 6258 6259
l 6259 6260
l 6260 6261
l 6261 6262
l 6262 6263
l 6263 6264
l 6264 6265
l 6265 6266
l 6266 6267
l 6267 6268
l 6268 6269
l 6269 6270
l 6270 6271
l 6271 6272
l 6272 6273
l 6273 6274
l 6274 6275
l 6275 6276
l 6276 6277
l 6277 6278
l 6278 6279
l 6279 6280
l 6280 6281
l 6281 6282
l 6282 6283
l 6283 6284
l 6284 6285
l 6285 6286
l 6286 6287
l 6287 6288
l 6288 6289
l 6289 6290
l 6290 6291
l 6291 6292
l 6292 6293
l 6293 6294
l 6294 6295
l 6295 6296
l 6296 6297
l 6297 6298
l 6298 6299
l 6299 6300
l 6300 6301
l 6301 6302
l 6302 6303
l 6303 6304
l 6304 6305
l 6305 6306
l 6306 6307
l 6307 6308
l 6308 6309
l 6309 6310
l 6310 6311
l 6311 6312
l 6312 6313
l 6313 6314
l 6314 6315
l 6315 6316
l 6316 6317
l 6317 6318
l 6318 6319
l 6319 6320
l 6320 6321
l 6321 6322
l 6322 6323
l 6323 6324
l 6324 6325
l 6325 6326
l 6326 6327
l 6327 6328
l 6328 6329
l 6329 6330
l 6330 6331
l 6331 6332
l 6332 6333
l 6333 6334
l 6334 6335
l 6335 6336
l 6336 6337
l 6337 6338
l 6338 6339
l 6339 6340
l 6340 6341
l 6341 6342
l 6342 6343
l 6343 6344
l 6344 6345
l 6345 6346
l 6346 6347
l 6347 6348
l 6348 6349
l 6349 6350
l 6350 6351
l 6351 6352
l 6352 6353
l 6353 6354
l 6354 6355
l 6355 6356
l 6356 6357
l 6357 6358
l 6358 6359
l 6359 6360
l 6360 6361
l 6361 6362
l 6362 6363
l 6363 6364
l 6364 6365
l 6365 6366
l 6366 6367
l 6367 6368
l 6368 6369
l 6369 6370
l 6370 6371
l 6371 6372
l 6372 6373
l 6373 6374
l 6374 6375
l 6375 6376
l 6376 6377
l 6377 6378
l 6378 6379
l 6379 6380
l 6380 6381
l 6381 6382
l 6382 6383
l 6383 6384
l 6384 6385
l 6385 6386
l 6386 6387
l 6387 6388
l 6388 6389
l 6389 6390
l 6390 6391
l 6391 6392
l 6392 6393
l 6393 6394
l 6394 6395
l 6395 6396
l 6396 6397
l 6397 6398
l 6398 6399
l 6399 6400
l 6400 6401
l 6401 6402
l 6402 6403
l 6403 6404
l 6404 6405
l 6405 6406
l 6406 6407
l 6407 6408
l 6408 6409
l 6409 6410
l 6410 6411
l 6411 6412
l 6412 6413
l 6413 6414
l 6414 6415
l 6415 6416
l 6416 6417
l 6417 6418
l 6418 6419
l 6419 6420
l 6420 6421
l 6421 6422
l 6422 6423
l 6423 6424
l 6424 6425
l 6425 6426
l 6426 6427
l 6427 6428
l 6428 6429
l 6429 6430
l 6430 6431
l 6431 6432
l 6432 6433
l 6433 6434
l 6434 6435
l 6435 6436
l 6436 6437
l 6437 6438
l 6438 6439
l 6439 6440
l 6440 6441
l 6441 6442
l 6442 6443
l 6443 6444
l 6444 6445
l 6445 6446
l 6446 6447
l 6447 6448
l 6448 6449
l 6449 6450
l 6450 6451
l 6451 6452
l 6452 6453
l 6453 6454
l 6454 6455
l 6455 6456
l 6456 6457
l 6457 6458
l 6458 6459
l 6459 6460
l 6460 6461
l 6461 6462
l 6462 6463
l 6463 6464
l 6464 6465
l 6465 6466
l 6466 6467
l 6467 6468
l 6468 6469
l 6469 6470
l 6470 6471
l 6471 6472
l 6472 6473
l 6473 6474
l 6474 6475
l 6475 6476
l 6476 6477
l 6477 6478
l 6478 6479
l 6479 6480
l 6480 6481
l 6481 6482
l 6482 6483
l 6483 6484
l 6484 6485
l 6485 6486
l 6486 6487
l 6487 6488
l 6488 6489
l 6489 6490
l 6490 6491
l 6491 6492
l 6492 6493
l 6493 6494
l 6494 6495
l 6495 6496
l 6496 6497
l 6497 6498
l 6498 6499
l 6499 6500
l 6500 6501
l 6501 6502
l 6502 6503
l 6503 6504
l 6504 6505
l 6505 6506
l 6506 6507
l 6507 6508
l 6508 6509
l 6509 6510
l 6510 6511
l 6511 6512
l 6512 6513
l 6513 6514
l 6514 6515
l 6515 6516
l 6516 6517
l 6517 6518
l 6518 6519
l 6519 6520
l 6520 6521
l 6521 6522
l 6522 6523
l 6523 6524
l 6524 6525
l 6525 6526
l 6526 6527
l 6527 6528
l 6528 6529
l 6529 6530
l 6530 6531
l 6531 6532
l 6532 6533
l 6533 6534
l 6534 6535
l 6535 6536
l 6536 6537
l 6537 6538
l 6538 6539
l 6539 6540
l 6540 6541
l 6541 6542
l 6542 6543
l 6543 6544
l 6544 6545
l 6545 6546
l 6546 6547
l 6547 6548
l 6548 6549
l 6549 6550
l 6550 6551
l 6551 6552
l 6552 6553
l 6553 6554
l 6554 6555
l 6555 6556
l 6556 6557
l 6557 6558
l 6558 6559
l 6559 6560
l 6560 6561
l 6561 6562
l 6562 6563
l 6563 6564
l 6564 6565
l 6565 6566
l 6566 6567
l 6567 6568
l 6568 6569
l 6569 6570
l 6570 6571
l 6571 6572
l 6572 6573
l 6573 6574
l 6574 6575
l 6575 6576
l 6576 6577
l 6577 6578
l 6578 6579
l 6579 6580
l 6580 6581
l 6581 6582
l 6582 6583
l 6583 6584
l 6584 6585
l 6585 6586
l 6586 6587
l 6587 6588
l 6588 6589
l 6589 6590
l 6590 6591
l 6591 6592
l 6592 6593
l 6593 6594
l 6594 6595
l 6595 6596
l 6596 6597
l 6597 6598
l 6598 6599
l 6599 6600
l 6600 6601
l 6601 6602
l 6602 6603
l 6603 6604
l 6604 6605
l 6605 6606
l 6606 6607
l 6607 6608
l 6608 6609
l 6609 6610
l 6610 6611
l 6611 6612
l 6612 6613
l 6613 6614
l 6614 6615
l 6615 6616
l 6616 6617
l 6617 6618
l 6618 6619
l 6619 6620
l 6620 6621
l 6621 6622
l 6622 6623
l 6623 6624
l 6624 6625
l 6625 6626
l 6626 6627
l 6627 6628
l 6628 6629
l 6629 6630
l 6630 6631
l 6631 6632
l 6632 6633
l 6633 6634
l 6634 6635
l 6635 6636
l 6636 6637
l 6637 6638
l 6638 6639
l 6639 6640
l 6640 6641
l 6641 6642
l 6642 6643
l 6643 6644
l 6644 6645
l 6645 6646
l 6646 6647
l 6647 6648
l 6648 6649
l 6649 6650
l 6650 6651
l 6651 6652
l 6652 6653
l 6653 6654
l 6654 6655
l 6655 6656
l 6656 6657
l 6657 6658
l 6658 6659
l 6659 6660
l 6660 6661
l 6661 6662
l 6662 6663
l 6663 6664
l 6664 6665
l 6665 6666
l 6666 6667
l 6667 6668
l 6668 6669
l 6669 6670
l 6670 6671
l 6671 6672
l 6672 6673
l 6673 6674
l 6674 6675
l 6675 6676
l 6676 6677
l 6677 6678
l 6678 6679
l 6679 6680
l 6680 6681
l 6681 6682
l 6682 6683
l 6683 6684
l 6684 6685
l 6685 6686
l 6686 6687
l 6687 6688
l 6688 6689
l 6689 6690
l 6690 6691
l 6691 6692
l 6692 6693
l 6693 6694
l 6694 6695
l 6695 6696
l 6696 6697
l 6697 6698
l 6698 6699
l 6699 6700
l 6700 6701
l 6701 6702
l 6702 6703
l 6703 6704
l 6704 6705
l 6705 6706
l 6706 6707
l 6707 6708
l 6708 6709
l 6709 6710
l 6710 6711
l 6711 6712
l 6712 6713
l 6713 6714
l 6714 6715
l 6715 6716
l 6716 6717
l 6717 6718
l 6718 6719
l 6719 6720
l 6720 6721
l 6721 6722
l 6722 6723
l 6723 6724
l 6724 6725
l 6725 6726
l 6726 6727
l 6727 6728
l 6728 6729
l 6729 6730
l 6730 6731
l 6731 6732
l 6732 6733
l 6733 6734
l 6734 6735
l 6735 6736
l 6736 6737
l 6737 6738
l 6738 6739
l 6739 6740
l 6740 6741
l 6741 6742
l 6742 6743
l 6743 6744
l 6744 6745
l 6745 6746
l 6746 6747
l 6747 6748
l 6748 6749
l 6749 6750
l 6750 6751
l 6751 6752
l 6752 6753
l 6753 6754
l 6754 6755
l 6755 6756
l 6756 6757
l 6757 6758
l 6758 6759
l 6759 6760
l 6760 6761
l 6761 6762
l 6762 6763
l 6763 6764
l 6764 6765
l 6765 6766
l 6766 6767
l 6767 6768
l 6768 6769
l 6769 6770
l 6770 6771
l 6771 6772
l 6772 6773
l 6773 6774
l 6774 6775
l 6775 6776
l 6776 6777
l 6777 6778
l 6778 6779
l 6779 6780
l 6780 6781
l 6781 6782
l 6782 6783
l 6783 6784
l 6784 6785
l 6785 6786
l 6786 6787
l 6787 6788
l 6788 6789
l 6789 6790
l 6790 6791
l 6791 6792
l 6792 6793
l 6793 6794
l 6794 6795
l 6795 6796
l 6796 6797
l 6797 6798
l 6798 6799
l 6799 6800
l 6800 6801
l 6801 6802
l 6802 6803
l 6803 6804
l 6804 6805
l 6805 6806
l 6806 6807
l 6807 6808
l 6808 6809
l 6809 6810
l 6810 6811
l 6811 6812
l 6812 6813
l 6813 6814
l 6814 6815
l 6815 6816
l 6816 6817
l 6817 6818
l 6818 6819
l 6819 6820
l 6820 6821
l 6821 6822
l 6822 6823
l 6823 6824
l 6824 6825
l 6825 6826
l 6826 6827
l 6827 6828
l 6828 6829
l 6829 6830
l 6830 6831
l 6831 6832
l 6832 6833
l 6833 6834
l 6834 6835
l 6835 6836
l 6836 6837
l 6837 6838
l 6838 6839
l 6839 6840
l 6840 6841
l 6841 6842
l 6842 6843
l 6843 6844
l 6844 6845
l 6845 6846
l 6846 6847
l 6847 6848
l 6848 6849
l 6849 6850
l 6850 6851
l 6851 6852
l 6852 6853
l 6853 6854
l 6854 6855
l 6855 6856
l 6856 6857
l 6857 6858
l 6858 6859
l 6859 6860
l 6860 6861
l 6861 6862
l 6862 6863
l 6863 6864
l 6864 6865
l 6865 6866
l 6866 6867
l 6867 6868
l 6868 6869
l 6869 6870
l 6870 6871
l 6871 6872
l 6872 6873
l 6873 6874
l 6874 6875
l 6875 6876
l 6876 6877
l 6877 6878
l 6878 6879
l 6879 6880
l 6880 6881
l 6881 6882
l 6882 6883
l 6883 6884
l 6884 6885
l 6885 6886
l 6886 6887
l 6887 6888
l 6888 6889
l 6889 6890
l 6890 6891
l 6891 6892
l 6892 6893
l 6893 6894
l 6894 6895
l 6895 6896
l 6896 6897
l 6897 6898
l 6898 6899
l 6899 6900
l 6900 6901
l 6901 6902
l 6902 6903
l 6903 6904
l 6904 6905
l 6905 6906
l 6906 6907
l 6907 6908
l 6908 6909
l 6909 6910
l 6910 6911
l 6911 6912
l 6912 6913
l 6913 6914
l 6914 6915
l 6915 6916
l 6916 6917
l 6917 6918
l 6918 6919
l 6919 6920
l 6920 6921
l 6921 6922
l 6922 6923
l 6923 6924
l 6924 6925
l 6925 6926
l 6926 6927
l 6927 6928
l 6928 6929
l 6929 6930
l 6930 6931
l 6931 6932
l 6932 6933
l 6933 6934
l 6934 6935
l 6935 6936
l 6936 6937
l 6937 6938
l 6938 6939
l 6939 6940
l 6940 6941
l 6941 6942
l 6942 6943
l 6943 6944
l 6944 6945
l 6945 6946
l 6946 6947
l 6947 6948
l 6948 6949
l 6949 6950
l 6950 6951
l 6951 6952
l 6952 6953
l 6953 6954
l 6954 6955
l 6955 6956
l 6956 6957
l 6957 6958
l 6958 6959
l 6959 6960
l 6960 6961
l 6961 6962
l 6962 6963
l 6963 6964
l 6964 6965
l 6965 6966
l 6966 6967
l 6967 6968
l 6968 6969
l 6969 6970
l 6970 6971
l 6971 6972
l 6972 6973
l 6973 6974
l 6974 6975
l 6975 6976
l 6976 6977
l 6977 6978
l 6978 6979
l 6979 6980
l 6980 6981
l 6981 6982
l 6982 6983
l 6983 6984
l 6984 6985
l 6985 6986
l 6986 6987
l 6987 6988
l 6988 6989
l 6989 6990
l 6990 6991
l 6991 6992
l 6992 6993
l 6993 6994
l 6994 6995
l 6995 6996
l 6996 6997
l 6997 6998
l 6998 6999
l 6999 7000
l 7000 7001
l 7001 7002
l 7002 7003
l 7003 7004
l 7004 7005
l 7005 7006
l 7006 7007
l 7007 7008
l 7008 7009
l 7009 7010
l 7010 7011
l 7011 7012
l 7012 7013
l 7013 7014
l 7014 7015
l 7015 7016
l 7016 7017
l 7017 7018
l 7018 7019
l 7019 7020
l 7020 7021
l 7021 7022
l 7022 7023
l 7023 7024
l 7024 7025
l 7025 7026
l 7026 7027
l 7027 7028
l 7028 7029
l 7029 7030
l 7030 7031
l 7031 7032
l 7032 7033
l 7033 7034
l 7034 7035
l 7035 7036
l 7036 7037
l 7037 7038
l 7038 7039
l 7039 7040
l 7040 7041
l 7041 7042
l 7042 7043
l 7043 7044
l 7044 7045
l 7045 7046
l 7046 7047
l 7047 7048
l 7048 7049
l 7049 7050
l 7050 7051
l 7051 7052
l 7052 7053
l 7053 7054
l 7054 7055
l 7055 7056
l 7056 7057
l 7057 7058
l 7058 7059
l 7059 7060
l 7060 7061
l 7061 7062
l 7062 7063
l 7063 7064
l 7064 7065
l 7065 7066
l 7066 7067
l 7067 7068
l 7068 7069
l 7069 7070
l 7070 7071
l 7071 7072
l 7072 7073
l 7073 7074
l 7074 7075
l 7075 7076
l 7076 7077
l 7077 7078
l 7078 7079
l 7079 7080
l 7080 7081
l 7081 7082
l 7082 7083
l 7083 7084
l 7084 7085
l 7085 7086
l 7086 7087
l 7087 7088
l 7088 7089
l 7089 7090
l 7090 7091
l 7091 7092
l 7092 7093
l 7093 7094
l 7094 7095
l 7095 7096
l 7096 7097
l 7097 7098
l 7098 7099
l 7099 7100
l 7100 7101
l 7101 7102
l 7102 7103
l 7103 7104
l 7104 7105
l 7105 7106
l 7106 7107
l 7107 7108
l 7108 7109
l 7109 7110
l 7110 7111
l 7111 7112
l 7112 7113
l 7113 7114
l 7114 7115
l 7115 7116
l 7116 7117
l 7117 7118
l 7118 7119
l 7119 7120
l 7120 7121
l 7121 7122
l 7122 7123
l 7123 7124
l 7124 7125
l 7125 7126
l 7126 7127
l 7127 7128
l 7128 7129
l 7129 7130
l 7130 7131
l 7131 7132
l 7132 7133
l 7133 7134
l 7134 7135
l 7135 7136
l 7136 7137
l 7137 7138
l 7138 7139
l 7139 7140
l 7140 7141
l 7141 7142
l 7142 7143
l 7143 7144
l 7144 7145
l 7145 7146
l 7146 7147
l 7147 7148
l 7148 7149
l 7149 7150
l 7150 7151
l 7151 7152
l 7152 7153
l 7153 7154
l 7154 7155
l 7155 7156
l 7156 7157
l 7157 7158
l 7158 7159
l 7159 7160
l 7160 7161
l 7161 7162
l 7162 7163
l 7163 7164
l 7164 7165
l 7165 7166
l 7166 7167
l 7167 7168
l 7168 7169
l 7169 7170
l 7170 7171
l 7171 7172
l 7172 7173
l 7173 7174
l 7174 7175
l 7175 7176
l 7176 7177
l 7177 7178
l 7178 7179
l 7179 7180
l 7180 7181
l 7181 7182
l 7182 7183
l 7183 7184
l 7184 7185
l 7185 7186
l 7186 7187
l 7187 7188
l 7188 7189
l 7189 7190
l 7190 7191
l 7191 7192
l 7192 7193
l 7193 7194
l 7194 7195
l 7195 7196
l 7196 7197
l 7197 7198
l 7198 7199
l 7199 7200
l 7200 7201
l 7201 7202
