# meshed torus II chiral_e070_n4_de015 strand B (canonical 3601 points, closed: last = first)
x,y,z
-0.431816703,0.000000000,-0.286008708
-0.459584319,-0.006795808,-0.302549789
-0.488319832,-0.015402211,-0.316351107
-0.517087008,-0.027520110,-0.327064406
-0.544081191,-0.044832434,-0.334668306
-0.562030158,-0.065244364,-0.350305783
-0.575172183,-0.090935337,-0.362181130
-0.582156078,-0.123055119,-0.363772533
-0.580444182,-0.155923635,-0.362732415
-0.572503309,-0.187414346,-0.356973937
-0.560139353,-0.217091085,-0.349457608
-0.544215519,-0.245404521,-0.343586685
-0.525312058,-0.272400717,-0.341782780
-0.504376465,-0.297946122,-0.341218423
-0.481972762,-0.322214719,-0.341237922
-0.458422814,-0.345248955,-0.343645040
-0.434270065,-0.367393658,-0.347844781
-0.410167575,-0.389447913,-0.352764048
-0.387128631,-0.412682656,-0.357264290
-0.366943742,-0.438595955,-0.360440385
-0.352014440,-0.467914256,-0.362627159
-0.344396582,-0.499071100,-0.360872960
-0.342713464,-0.525417157,-0.342981968
-0.344593422,-0.558315525,-0.341236191
-0.349979107,-0.590579041,-0.336757345
-0.357387410,-0.621851863,-0.329186861
-0.365609029,-0.652124749,-0.318869386
-0.373941469,-0.681164643,-0.305529978
-0.381749119,-0.708921293,-0.289425308
-0.388533090,-0.735326653,-0.270784992
-0.393785247,-0.760258993,-0.249776649
-0.397011627,-0.783638896,-0.226688074
-0.397794827,-0.805466474,-0.201934662
-0.395707819,-0.825762411,-0.175984485
-0.389876172,-0.844392342,-0.149354942
-0.379815815,-0.861474867,-0.122964216
-0.365022128,-0.877078992,-0.097932379
-0.352644577,-0.901660190,-0.081067441
-0.341849440,-0.930420402,-0.069577117
-0.316860010,-0.944308076,-0.053578106
-0.288102525,-0.955125611,-0.041532560
-0.257486086,-0.964671064,-0.033700076
-0.225739803,-0.972665952,-0.029438072
-0.192878077,-0.972569513,-0.027567275
-0.160542237,-0.965879702,-0.027363712
-0.128271729,-0.958996981,-0.028698711
-0.095496067,-0.958064377,-0.031904472
-0.062856766,-0.960297310,-0.036492293
-0.030259104,-0.961276890,-0.041768067
0.002276503,-0.961002009,-0.047494482
0.034745243,-0.960142490,-0.053543973
0.067168505,-0.959173701,-0.059817205
0.099575419,-0.958005433,-0.066140546
0.131997450,-0.956500507,-0.072312141
0.164463611,-0.954492057,-0.078093176
0.196993962,-0.951796677,-0.083188284
0.229588413,-0.948220081,-0.087207268
0.262204041,-0.943612046,-0.089685433
0.294726557,-0.937863290,-0.090036837
0.326920138,-0.930939039,-0.087551348
0.358344495,-0.922903206,-0.081391110
0.388320110,-0.913970273,-0.070856263
0.416042444,-0.904675133,-0.055553586
0.440754672,-0.895675846,-0.035627479
0.456441005,-0.880313901,-0.013514162
0.457012311,-0.852715982,0.003838208
0.470095359,-0.840364893,0.030668679
0.480938076,-0.829662623,0.059959035
0.487855416,-0.817654522,0.089919224
0.491598666,-0.804218452,0.119843737
0.492401372,-0.789108697,0.149196925
0.490518811,-0.772112554,0.177457240
0.486543443,-0.753340390,0.204352613
0.480644627,-0.732573129,0.229362382
0.473389172,-0.709997887,0.252349263
0.465186992,-0.685681608,0.273129009
0.456471513,-0.659609254,0.291423931
0.447870585,-0.631698299,0.306833540
0.440164367,-0.602213084,0.319523112
0.434501190,-0.571165876,0.329202354
0.432459135,-0.538916540,0.335888244
0.435994528,-0.507037705,0.342341982
0.444154699,-0.482735844,0.362979077
0.457611620,-0.453106580,0.365736241
0.475519288,-0.425367785,0.365849050
0.495988270,-0.399441787,0.365859604
0.517651358,-0.374497882,0.365838265
0.539642543,-0.349841367,0.365759020
0.561369660,-0.324953128,0.365581775
0.582376920,-0.299457176,0.365281672
0.602266890,-0.273084093,0.364860204
0.620634363,-0.245632834,0.364347394
0.637008402,-0.216951788,0.363805471
0.650827804,-0.186960355,0.363331610
0.661336147,-0.155660660,0.363057031
0.667486597,-0.123234412,0.363136513
0.667847111,-0.090259303,0.363699720
0.660726996,-0.058106495,0.364705722
0.645100047,-0.029152264,0.365680380
0.621907771,-0.005776680,0.365657592
0.593769381,0.011268901,0.363618833
0.563283322,0.023006016,0.359000169
0.532091849,0.030799799,0.351519369
0.501152930,0.036106141,0.341281019
0.471056331,0.039949865,0.328237943
0.442161551,0.043457938,0.312641522
0.414737792,0.047753032,0.294755218
0.389118911,0.054527349,0.275071252
0.379389130,0.065492821,0.248735395
0.358953785,0.085419462,0.232475364
0.343277201,0.113056368,0.223993459
0.330423008,0.143415612,0.222579676
0.317712049,0.173788099,0.225136121
0.302942780,0.202875547,0.230262567
0.285437319,0.230155753,0.236576004
0.264870617,0.255266173,0.242621923
0.240795780,0.277477536,0.246552140
0.212834609,0.294781597,0.245435007
0.182862440,0.302956432,0.235181155
0.157067843,0.299616634,0.215249548
0.138483734,0.289999024,0.189799251
0.125074622,0.279217609,0.161626208
0.114259308,0.269677755,0.131913275
0.103668545,0.262899347,0.101379428
0.091037154,0.262535123,0.072102746
0.073418058,0.272086716,0.049723968
0.042677449,0.277234973,0.039710265
0.009866092,0.280390601,0.040251545
-0.022786128,0.280252988,0.045140686
-0.055067365,0.276587562,0.051049213
-0.086888490,0.269028048,0.055482332
-0.117538742,0.257008375,0.054865766
-0.137487164,0.234000077,0.044915897
-0.152727349,0.221149175,0.019016968
-0.160905446,0.214930812,-0.012317561
-0.167623053,0.212956304,-0.044591848
-0.176030739,0.213059383,-0.076528834
-0.188716524,0.212575938,-0.106966357
-0.211667923,0.215235202,-0.125244813
-0.235264666,0.198792424,-0.140616458
-0.254561651,0.172593400,-0.145094511
-0.267585943,0.142320837,-0.143908933
-0.276396870,0.110748950,-0.139907269
-0.283235161,0.078840608,-0.134754120
-0.288796737,0.046512716,-0.130996408
-0.293007534,0.013911712,-0.133109462
-0.298741856,-0.015104972,-0.147065129
-0.315120561,-0.033640281,-0.164461910
-0.331340433,-0.047058477,-0.188547228
-0.348904022,-0.057438527,-0.214512747
-0.368881966,-0.067444880,-0.238834376
-0.390519657,-0.079223622,-0.260817488
-0.412393441,-0.094722517,-0.280040942
-0.431815022,-0.116263673,-0.295611304
-0.444037632,-0.144741482,-0.306435943
-0.445017922,-0.176991050,-0.312577559
-0.435414564,-0.208204020,-0.316792318
-0.418627963,-0.236390126,-0.320207031
-0.397338654,-0.261494968,-0.322702765
-0.373278082,-0.284091610,-0.323719687
-0.347680257,-0.304943210,-0.322770161
-0.321358114,-0.324719401,-0.320050574
-0.294341475,-0.343568870,-0.317550214
-0.271745318,-0.365093416,-0.307636482
-0.248054514,-0.386792598,-0.302528847
-0.224278656,-0.409337013,-0.306295164
-0.206147326,-0.427888334,-0.323587910
-0.195633311,-0.454265685,-0.338209415
-0.194052064,-0.484203345,-0.333965380
-0.194414925,-0.515686657,-0.335794843
-0.196925110,-0.548227740,-0.340836920
-0.200867780,-0.580955788,-0.342798654
-0.205157588,-0.613687081,-0.341974051
-0.209056820,-0.646238473,-0.338027409
-0.211791373,-0.678382310,-0.330991675
-0.212824484,-0.709938376,-0.321337150
-0.211100627,-0.740511045,-0.309010562
-0.205908509,-0.769764809,-0.294650107
-0.196194631,-0.797103538,-0.278948130
-0.181052742,-0.821713286,-0.263053816
-0.160274218,-0.842723764,-0.248427979
-0.134403454,-0.859317682,-0.236481737
-0.104941013,-0.871471407,-0.227971486
-0.073490496,-0.880507545,-0.223680499
-0.041169507,-0.887236817,-0.223232712
-0.008578463,-0.891909559,-0.225813851
0.024004739,-0.894557768,-0.230527907
0.056471172,-0.895034943,-0.236588807
0.088755025,-0.893080497,-0.243292345
0.120777240,-0.888531072,-0.249984253
0.152404905,-0.881236451,-0.256092482
0.183476007,-0.871251189,-0.261161308
0.214020533,-0.859483523,-0.265632179
0.244165112,-0.846650901,-0.269885967
0.273762459,-0.832355492,-0.273028667
0.302193814,-0.815566075,-0.273163294
0.329530181,-0.797194710,-0.270669731
0.356360281,-0.778381728,-0.266468950
0.383551827,-0.760283484,-0.261528951
0.411948925,-0.744169504,-0.256563921
0.441944502,-0.731298051,-0.251585512
0.472504379,-0.721316152,-0.244088869
0.502626612,-0.714335719,-0.232558139
0.531254613,-0.710654789,-0.216570956
0.557400019,-0.709719640,-0.196462679
0.580462908,-0.710567273,-0.172867751
0.600256655,-0.712174117,-0.146493387
0.616761078,-0.713656882,-0.117934538
0.630463062,-0.714446723,-0.087900108
0.641024006,-0.713885108,-0.056614252
0.649033117,-0.711803546,-0.024642697
0.654560644,-0.707906822,0.007696531
0.657512438,-0.701708494,0.040006035
0.658457190,-0.693357965,0.071921280
0.657615211,-0.682768976,0.103158896
0.655177425,-0.669764169,0.133389839
0.651454562,-0.654207855,0.162262730
0.646892355,-0.636068631,0.189470925
0.647162623,-0.621533752,0.217239154
0.655763509,-0.616332061,0.248711052
0.652214079,-0.592354290,0.269964491
0.647926669,-0.563562713,0.284123617
0.637410900,-0.533779715,0.275670883
0.640254443,-0.502552115,0.283825490
0.649029159,-0.471649004,0.291385281
0.661410867,-0.441391619,0.296007830
0.677270039,-0.412801480,0.300649904
0.695476702,-0.385757180,0.305968232
0.714820012,-0.359497456,0.311235889
0.734317961,-0.333150006,0.315347299
0.753065684,-0.306023080,0.317169243
0.770154327,-0.277801784,0.315877988
0.785644201,-0.248795882,0.312688108
0.800072305,-0.219270876,0.309293378
0.812850849,-0.189079360,0.305296085
0.822935618,-0.158121437,0.299765945
0.830162318,-0.126564615,0.293229827
0.834575098,-0.094542536,0.286449177
0.836305191,-0.062138471,0.280300330
0.835454105,-0.029441683,0.275743808
0.831960164,0.003330360,0.273799134
0.825457359,0.035641864,0.275449082
0.815073879,0.066418535,0.281177800
0.799233066,0.093994899,0.289852338
0.784603961,0.115189673,0.307544083
0.773640686,0.129974430,0.333535831
0.744916298,0.142286067,0.344120883
0.714055754,0.149749636,0.353133002
0.681995892,0.153601077,0.359993879
0.649265311,0.154651610,0.364221822
0.616293542,0.153885004,0.365791465
0.583366090,0.151873921,0.364316293
0.550702729,0.149426817,0.360138004
0.518492401,0.147212377,0.353213338
0.486925498,0.146135377,0.343564382
0.456203658,0.147600930,0.331556172
0.426670324,0.153648815,0.318162867
0.407292713,0.167602029,0.297885968
0.387458411,0.189131855,0.285570746
0.367614833,0.215297074,0.282763213
0.346344160,0.239185896,0.290605499
0.327051944,0.264928115,0.297303077
0.309228167,0.292537284,0.300676989
0.290270876,0.319459926,0.303290028
0.269882302,0.345437757,0.303563861
0.247002148,0.369171555,0.301845097
0.220644108,0.388741247,0.298683960
0.190498124,0.401134480,0.294122320
0.158603436,0.402515912,0.286549612
0.132352096,0.388058393,0.284820509
0.110769428,0.370263269,0.269300840
0.095154969,0.351624281,0.246997823
0.083223698,0.333321114,0.222240088
0.072981400,0.316672067,0.195618402
0.062399205,0.302590825,0.167684498
0.048343213,0.292046619,0.139781574
0.027444904,0.291294262,0.115749462
-0.001708903,0.294306731,0.103914654
-0.034606346,0.292132334,0.103478768
-0.067071515,0.287829810,0.107702393
-0.098791975,0.280576867,0.113343290
-0.129576197,0.269708514,0.118248273
-0.158713447,0.254369170,0.119876491
-0.183682973,0.234069475,0.113561940
-0.195996974,0.211099117,0.096009826
-0.196641727,0.192697569,0.071447890
-0.198744535,0.183416131,0.039842403
-0.201283940,0.177478511,0.007450247
-0.206737138,0.172286046,-0.024694030
-0.217486431,0.163972585,-0.054663846
-0.234465837,0.146031880,-0.075895112
-0.251075031,0.118542801,-0.082353516
-0.262882312,0.087855403,-0.079912167
-0.271652121,0.056592536,-0.073864744
-0.278124611,0.024859850,-0.067381015
-0.281618200,-0.007714436,-0.063427162
-0.281505233,-0.040448821,-0.066551410
-0.280196648,-0.068480314,-0.083219265
-0.283514804,-0.086634181,-0.110399903
-0.291736287,-0.098945430,-0.139894425
-0.303289366,-0.110033475,-0.168777263
-0.316867811,-0.122663508,-0.196099969
-0.330630510,-0.139442200,-0.220941569
-0.330522918,-0.153560675,-0.247245645
-0.333857901,-0.181859301,-0.263374498
-0.325101125,-0.212500799,-0.271056443
-0.307189469,-0.240099121,-0.272406939
-0.284133865,-0.263608523,-0.270321974
-0.258130666,-0.283598918,-0.266523977
-0.230299484,-0.300825161,-0.262098272
-0.201282546,-0.316072567,-0.258005046
-0.171590204,-0.330321068,-0.255473738
-0.142112671,-0.345126328,-0.256505882
-0.119452211,-0.368292919,-0.255612332
-0.100082122,-0.392226296,-0.266142143
-0.088310572,-0.418028803,-0.282912929
-0.082406844,-0.446084205,-0.299263492
-0.079469795,-0.475692028,-0.313587008
-0.077697957,-0.506555382,-0.325194085
-0.075848678,-0.538297049,-0.334107495
-0.072806436,-0.570670385,-0.339868234
-0.067535602,-0.603133421,-0.342688431
-0.058789117,-0.634950555,-0.342640785
-0.046203094,-0.663871966,-0.347005849
-0.032492856,-0.687250127,-0.361874014
-0.009305262,-0.710297115,-0.357836418
0.019160961,-0.726361973,-0.353799908
0.050825231,-0.734662846,-0.349970053
0.083602945,-0.736006244,-0.346520953
0.116197927,-0.731811424,-0.343438950
0.147995962,-0.723351160,-0.340674361
0.178795444,-0.711683889,-0.338217227
0.208577734,-0.697552954,-0.336118361
0.237412574,-0.681519179,-0.334472767
0.265420364,-0.664034030,-0.333391155
0.292734212,-0.645454479,-0.332985178
0.319507789,-0.626102112,-0.333339730
0.345916224,-0.606275419,-0.334354792
0.372138296,-0.586193657,-0.335177579
0.398540359,-0.566337137,-0.335571648
0.425626992,-0.547427929,-0.335376594
0.453978703,-0.530525133,-0.334301377
0.484038302,-0.517119133,-0.331820535
0.515602403,-0.508724377,-0.327197601
0.547614834,-0.505977051,-0.319726375
0.578756800,-0.508124932,-0.309023499
0.608189922,-0.513582587,-0.295112272
0.635588986,-0.520861383,-0.278200520
0.661004098,-0.528870705,-0.258696567
0.684057754,-0.536810345,-0.236428980
0.705048229,-0.544088430,-0.212010490
0.723997948,-0.550299329,-0.185699547
0.740928157,-0.555113772,-0.157748006
0.755586046,-0.557942759,-0.128274174
0.768223992,-0.558608850,-0.097771677
0.779014728,-0.556932446,-0.066612153
0.788042775,-0.552566097,-0.035151565
0.795384854,-0.544888586,-0.003888090
0.801598662,-0.534109244,0.026691526
0.806977435,-0.519470570,0.055792867
0.821274450,-0.509669682,0.081960998
0.843932940,-0.507103952,0.105142804
0.849321994,-0.483203647,0.127258593
0.856016923,-0.456232362,0.145054080
0.864057848,-0.427042642,0.158175366
0.872701255,-0.396289633,0.166482647
0.881448225,-0.364712690,0.170560567
0.889905717,-0.332793187,0.171185502
0.897822882,-0.300784444,0.169224651
0.905074307,-0.268786465,0.165371486
0.911633262,-0.236822401,0.160203802
0.917553150,-0.204877384,0.154206581
0.922908194,-0.172921210,0.147752090
0.927804396,-0.140919666,0.141158424
0.932332536,-0.108840121,0.134681745
0.936556314,-0.076652753,0.128544025
0.940480334,-0.044334042,0.122920752
0.943384449,-0.011835068,0.117747581
0.944881789,0.020840632,0.113122634
0.944963634,0.053656427,0.109339789
0.952729512,0.085463223,0.109846684
0.965758201,0.115546620,0.113859265
0.969572050,0.147804119,0.117045699
0.963072078,0.180044073,0.120002510
0.954441797,0.211304969,0.126171568
0.943469132,0.240774831,0.136179034
0.930001895,0.267341270,0.150358814
0.914078784,0.289921357,0.168381566
0.895815762,0.307643403,0.189388394
0.875456149,0.320315572,0.212057942
0.853313678,0.328500012,0.235120590
0.829526011,0.332683453,0.257614731
0.804353653,0.333746675,0.278957328
0.777708266,0.331844804,0.298363919
0.749898631,0.327888355,0.315705099
0.721034992,0.322319122,0.330717153
0.691237996,0.315571935,0.343210045
0.660630189,0.308085099,0.353045352
0.629331565,0.300328992,0.360126966
0.597469579,0.292828977,0.364480690
0.565099737,0.286429718,0.365782592
0.532403437,0.282027259,0.364484614
0.499614684,0.281334549,0.360779966
0.467447137,0.286439296,0.355639054
0.437442719,0.299130673,0.350718709
0.411157632,0.318656331,0.346845208
0.388699601,0.342488757,0.342639096
0.368334465,0.368138761,0.338312961
0.348261260,0.394120243,0.334644134
0.327249590,0.419521127,0.332576955
0.304672937,0.443620084,0.332842227
0.280488678,0.466076769,0.334236310
0.254523114,0.486312247,0.336528530
0.226676504,0.502676003,0.343280266
0.197036325,0.514855206,0.351196797
0.165231372,0.522413658,0.355291761
0.132374925,0.522971923,0.353409389
0.101304646,0.513372608,0.348667968
0.075739493,0.494390820,0.340446222
0.056883752,0.470060949,0.328687551
0.043417795,0.443907583,0.313746088
0.033459631,0.417894656,0.296022271
0.025427287,0.393046920,0.275809288
0.017858470,0.369931345,0.253470143
0.009046047,0.349066678,0.229445241
-0.003747824,0.331053417,0.204968099
-0.024790843,0.316986253,0.184094178
-0.054407860,0.307695204,0.173491279
-0.087067107,0.304442251,0.170149365
-0.119764600,0.300257859,0.171043818
-0.150709386,0.289827094,0.175807961
-0.179511525,0.274854663,0.181531001
-0.204164083,0.253771351,0.187489186
-0.225430806,0.228662590,0.188518593
-0.240905058,0.201959779,0.177779166
-0.252831239,0.187079266,0.153623981
-0.242562199,0.165564932,0.133941335
-0.238203795,0.153277735,0.103615136
-0.234845522,0.143967674,0.072103807
-0.234436047,0.134964706,0.040342243
-0.238937825,0.122285294,0.010307185
-0.249179337,0.099813231,-0.010926668
-0.261609185,0.070115058,-0.016802027
-0.275498158,0.040625236,-0.013912778
-0.278130631,0.008189629,-0.008342867
-0.274558011,-0.024083837,-0.002617393
-0.265289823,-0.055587182,0.000573391
-0.254156935,-0.086120385,-0.004152229
-0.245337587,-0.110439659,-0.023927808
-0.241995893,-0.124620314,-0.053414707
-0.243624842,-0.134450924,-0.084887375
-0.248399318,-0.144159930,-0.116094027
-0.254522371,-0.156380905,-0.146148492
-0.264992014,-0.175763382,-0.167131921
-0.264450040,-0.199150789,-0.187404936
-0.247044038,-0.219374112,-0.203958677
-0.225658594,-0.244147705,-0.207011157
-0.199404683,-0.263963750,-0.204596010
-0.170742095,-0.279632262,-0.199802283
-0.140639250,-0.292121258,-0.194448454
-0.109526911,-0.302359504,-0.190197218
-0.077846762,-0.311581282,-0.189493511
-0.047517592,-0.322084960,-0.196595355
-0.024597666,-0.337973313,-0.212783100
-0.011747455,-0.362701704,-0.225677094
-0.001756313,-0.384573422,-0.248282090
0.005647666,-0.408896317,-0.269354098
0.012662040,-0.435114705,-0.288164213
0.020844142,-0.462690016,-0.304371826
0.031709380,-0.490856465,-0.317713099
0.047203871,-0.518148878,-0.327843904
0.068901219,-0.541927521,-0.334763541
0.097150989,-0.558293509,-0.338685514
0.129337167,-0.564871100,-0.340502964
0.162201619,-0.562503081,-0.341178762
0.193927260,-0.553442255,-0.341283553
0.223907775,-0.539620580,-0.341051202
0.252037284,-0.522323405,-0.340942368
0.278363426,-0.502390040,-0.341589569
0.303040754,-0.480471815,-0.342892551
0.326311803,-0.457094528,-0.344694698
0.348540484,-0.432747771,-0.346834715
0.370281384,-0.407981759,-0.349187368
0.392362980,-0.383538777,-0.351713380
0.415959263,-0.360600530,-0.354494815
0.442436524,-0.341171809,-0.357666955
0.472388960,-0.327848643,-0.361057126
0.504670743,-0.321918428,-0.364127292
0.527890838,-0.321869595,-0.343028233
0.560781628,-0.324457495,-0.342000793
0.593065078,-0.330193605,-0.338121018
0.624514007,-0.337573818,-0.331268093
0.655041187,-0.345587770,-0.321556827
0.684429940,-0.353525564,-0.308757551
0.712671915,-0.360799891,-0.293275968
0.739640385,-0.366897981,-0.275232647
0.765221090,-0.371308352,-0.254836496
0.789351603,-0.373560716,-0.232423878
0.812036982,-0.373271101,-0.208437394
0.832977507,-0.369328037,-0.183215108
0.852367551,-0.361542323,-0.157668595
0.870107285,-0.349123730,-0.132774046
0.886181730,-0.331731152,-0.109810455
0.900541568,-0.309490312,-0.090134126
0.913153959,-0.283198766,-0.074709487
0.924037624,-0.254029695,-0.063766012
0.933261290,-0.223081468,-0.056903665
0.940887825,-0.191134037,-0.053476776
0.947022380,-0.158689516,-0.052711921
0.951718235,-0.126018804,-0.054007306
0.955006336,-0.093274324,-0.056875619
0.956939497,-0.060542020,-0.060897168
0.957534487,-0.027871270,-0.065758938
0.956818135,0.004707600,-0.071190461
0.954834508,0.037176786,-0.076955341
0.951611599,0.069523999,-0.082846381
0.947193464,0.101743394,-0.088662765
0.941649017,0.133836363,-0.094207359
0.935037746,0.165807313,-0.099265919
0.927450125,0.197667127,-0.103602071
0.919003014,0.229429421,-0.106948289
0.909818559,0.261099808,-0.108936710
0.900084906,0.292665445,-0.109165275
0.890013708,0.324050157,-0.107043990
0.882649953,0.355843013,-0.102859537
0.884597287,0.388443077,-0.098245052
0.887825817,0.420117644,-0.089671510
0.885117274,0.448602952,-0.073609742
0.877555333,0.471804971,-0.051417786
0.870051658,0.491047537,-0.025681741
0.862273076,0.506274062,0.002549280
0.853754564,0.517736959,0.032307422
0.844121689,0.525719853,0.062863213
0.833121520,0.530632248,0.093605119
0.820431339,0.532562697,0.124028351
0.806094011,0.532100508,0.153767025
0.790083137,0.529536847,0.182544442
0.772072756,0.524834523,0.209840559
0.752214922,0.518497377,0.235442908
0.730686890,0.510936674,0.259280640
0.707467541,0.502395755,0.281120411
0.682528644,0.493200905,0.300692949
0.655927893,0.483808104,0.317846229
0.627627069,0.474846654,0.332294274
0.597733370,0.467125673,0.343989566
0.568283841,0.460855244,0.344071232
0.540830465,0.456461780,0.331974133
0.508410047,0.459895461,0.336967014
0.476978778,0.469460388,0.339882672
0.447636132,0.484394731,0.342205269
0.420373864,0.502866331,0.344705287
0.394558587,0.523276408,0.347586523
0.369487178,0.544561859,0.350729431
0.344583515,0.566042871,0.353881258
0.319399020,0.587232241,0.356755056
0.293590913,0.607724135,0.359084550
0.266894888,0.627118086,0.360653176
0.239114594,0.644976003,0.361318349
0.210120962,0.660792631,0.361032297
0.179879416,0.674047007,0.360315812
0.148436105,0.684118367,0.359884543
0.115966512,0.690055490,0.359940184
0.082991446,0.690563596,0.360679887
0.050713161,0.684091896,0.362176712
0.021254790,0.669512221,0.364118971
-0.002970600,0.647264354,0.365621053
-0.020977322,0.619660546,0.365581771
-0.033393049,0.589184071,0.363201142
-0.041502490,0.557608243,0.358025827
-0.046816459,0.526003747,0.350089857
-0.050347282,0.494990991,0.339303095
-0.053175632,0.464969599,0.325845517
-0.056279342,0.436192785,0.309943808
-0.061039127,0.408992432,0.291837227
-0.069576894,0.383697122,0.272452430
-0.084024709,0.374209888,0.247333078
-0.107854402,0.355214969,0.235080589
-0.136411469,0.339114103,0.231886366
-0.165298618,0.323478099,0.235180805
-0.193519168,0.307451867,0.241353707
-0.221347985,0.290826665,0.247725654
-0.248769261,0.273052423,0.252521916
-0.274148384,0.252199946,0.255758852
-0.299929006,0.237843704,0.246623909
-0.316029184,0.209398268,0.243009536
-0.315739603,0.178395752,0.238993519
-0.308025125,0.152172928,0.222315300
-0.297246205,0.133758963,0.197193861
-0.285490472,0.120401886,0.169380567
-0.275123525,0.109575933,0.139949481
-0.267420922,0.098860722,0.109681469
-0.263856748,0.084783567,0.080102202
-0.274810687,0.067958702,0.057729771
-0.278118818,0.036969055,0.047810762
-0.276064377,0.004112185,0.048929781
-0.271351203,-0.028088951,0.054581385
-0.266665444,-0.060169575,0.060903659
-0.262419996,-0.092633100,0.064651055
-0.255199371,-0.124511114,0.062665090
-0.237931779,-0.149012781,0.050402468
-0.218530937,-0.157451082,0.028025645
-0.211413882,-0.165194792,-0.003220522
-0.208648894,-0.171422542,-0.035533261
-0.207972174,-0.179297824,-0.067596776
-0.206750255,-0.191354015,-0.098271183
-0.204827356,-0.212849469,-0.120355516
-0.190850239,-0.237826613,-0.132783671
-0.163469983,-0.255237369,-0.137351187
-0.132024657,-0.265204982,-0.136826199
-0.100865728,-0.274895597,-0.131766959
-0.069598929,-0.283551583,-0.125546298
-0.038523849,-0.293396953,-0.120256510
-0.006395295,-0.300261945,-0.121409869
0.022870965,-0.305115439,-0.135223234
0.042888895,-0.314602918,-0.159459960
0.055800235,-0.328590079,-0.186407924
0.066158909,-0.345794365,-0.212624926
0.076726189,-0.365351972,-0.237047994
0.089569526,-0.386247283,-0.259146642
0.103641774,-0.400005457,-0.283190760
0.122905005,-0.412365601,-0.303818024
0.148963172,-0.429116334,-0.300781046
0.181145458,-0.430166383,-0.306295639
0.212365285,-0.420348679,-0.309481258
0.238207330,-0.401430200,-0.317149907
0.261610198,-0.378729109,-0.321777558
0.284734357,-0.355296879,-0.319192249
0.305803450,-0.330103376,-0.315665823
0.325997856,-0.304537669,-0.310197744
0.345882370,-0.278904404,-0.303945070
0.365909083,-0.253125228,-0.298901898
0.386821566,-0.227631564,-0.297477035
0.410020859,-0.204646558,-0.301858710
0.437206794,-0.188392224,-0.310818573
0.467412106,-0.180333502,-0.321281568
0.498996067,-0.178224705,-0.330630286
0.531247458,-0.179533130,-0.337578361
0.563862818,-0.182495483,-0.341840824
0.596674787,-0.186075211,-0.342830491
0.629470700,-0.189373281,-0.340925187
0.662061318,-0.191744657,-0.336185010
0.694121581,-0.192203758,-0.328317525
0.725397746,-0.190195243,-0.317957119
0.755595010,-0.185194093,-0.308556549
0.786203213,-0.181822579,-0.320514307
0.813517525,-0.169880971,-0.308315264
0.836700044,-0.152077021,-0.293314945
0.841897712,-0.131263194,-0.268631696
0.848538077,-0.105404122,-0.251034909
0.859145532,-0.074973186,-0.243978525
0.865395250,-0.042821652,-0.239913620
0.867951384,-0.009943046,-0.238315494
0.867410230,0.023075573,-0.238618499
0.864247352,0.055908745,-0.240327890
0.858819047,0.088378395,-0.243045147
0.851422455,0.120393588,-0.246442585
0.842297429,0.151912987,-0.250257932
0.831648604,0.182926329,-0.254274199
0.819665589,0.213448108,-0.258303361
0.806536147,0.243516090,-0.262173965
0.792458690,0.273193281,-0.265719244
0.777656202,0.302572128,-0.268763794
0.762394120,0.331779678,-0.271106375
0.747005432,0.360981025,-0.272495498
0.731926578,0.390374105,-0.272594073
0.717744020,0.420158888,-0.270932417
0.705230914,0.450446966,-0.266867052
0.695304488,0.481079250,-0.259600980
0.688765906,0.511414073,-0.248380662
0.685816321,0.540388618,-0.232874738
0.685843160,0.566986552,-0.213341926
0.687767979,0.590631155,-0.190392373
0.690516548,0.611181163,-0.164695801
0.693180753,0.628501229,-0.136711808
0.695167097,0.643097867,-0.107162652
0.695960449,0.654887814,-0.076322650
0.695111765,0.663915622,-0.044560396
0.692329033,0.670386402,-0.012300140
0.687495709,0.674602983,0.020069270
0.680534100,0.676810762,0.052239774
0.671262315,0.677151602,0.083904946
0.659451594,0.675809690,0.114695473
0.644968787,0.673127362,0.144236630
0.627822961,0.669575131,0.172227048
0.607567143,0.665703890,0.198009271
0.600313922,0.673945358,0.227651672
0.586939632,0.678881590,0.254030387
0.559585356,0.677028487,0.272413514
0.530094597,0.678247086,0.287163835
0.499358790,0.683324948,0.298032917
0.468419023,0.692290214,0.305224088
0.437995786,0.704450546,0.309334914
0.408295366,0.718792130,0.311117658
0.379186112,0.734411056,0.311200867
0.350419682,0.750616212,0.310042833
0.321747421,0.766897434,0.307962546
0.292876949,0.782646935,0.304832684
0.263604934,0.797354620,0.300570050
0.233855655,0.810762247,0.295418091
0.203585575,0.822661192,0.289634586
0.172778491,0.832887334,0.283500477
0.141439980,0.841308489,0.277319130
0.109592533,0.847797475,0.271420471
0.077281319,0.852214134,0.266172201
0.044589096,0.854377140,0.261993948
0.011669628,0.854026618,0.259374217
-0.021185507,0.850775601,0.258883780
-0.053423100,0.844062524,0.261160535
-0.084064111,0.833200850,0.266763535
-0.111654174,0.817602161,0.275848860
-0.134486332,0.796944536,0.287623940
-0.150973623,0.775442476,0.303404747
-0.161028793,0.768240159,0.333323956
-0.168803795,0.738165506,0.344465021
-0.172781297,0.706712053,0.353638485
-0.173926004,0.674429677,0.360484508
-0.172823701,0.641664868,0.364416456
-0.170425348,0.608757761,0.365631838
-0.167332606,0.575918421,0.364110533
-0.164176206,0.543348129,0.359682209
-0.161737876,0.511215504,0.352450946
-0.161076268,0.479677279,0.342688837
-0.163931865,0.448996322,0.330858951
-0.172758747,0.419783953,0.318416326
-0.189932330,0.393626121,0.308252472
-0.214071011,0.371821642,0.302983294
-0.241272118,0.353133573,0.302059708
-0.269176432,0.335532090,0.303735610
-0.296747970,0.317575710,0.306699115
-0.323389347,0.298345083,0.310110077
-0.348523552,0.277167869,0.313372363
-0.371386826,0.253486862,0.315953329
-0.390766208,0.226808840,0.317209919
-0.405124519,0.197296897,0.314975437
-0.415304645,0.169384898,0.300859903
-0.411785186,0.139631307,0.287970189
-0.393613190,0.116109509,0.282639246
-0.372925468,0.098030105,0.268481120
-0.353203359,0.084380482,0.245796635
-0.334488879,0.073573216,0.220824146
-0.317757318,0.063654883,0.194132668
-0.303789130,0.052479574,0.166385034
-0.293693179,0.036283232,0.139551971
-0.288482639,0.010493276,0.120169927
-0.287528474,-0.021694572,0.113621324
-0.287080048,-0.054680935,0.114750201
-0.284082741,-0.087307510,0.118835767
-0.276542075,-0.119062430,0.123715526
-0.263505527,-0.149129722,0.127526249
-0.245472157,-0.176660615,0.126657760
-0.218679919,-0.191408468,0.119467314
-0.197654363,-0.200018361,0.096415439
-0.184798322,-0.202735855,0.066194944
-0.176729398,-0.203970158,0.034198945
-0.170903301,-0.206806938,0.001813291
-0.164423199,-0.213516098,-0.029831677
-0.152097401,-0.226442906,-0.057314955
-0.128908696,-0.243957913,-0.072017907
-0.100553577,-0.260624499,-0.073023970
-0.070587624,-0.273519344,-0.068069393
-0.039077435,-0.280980170,-0.061776775
-0.006520433,-0.282826145,-0.056625738
0.026404102,-0.281433623,-0.055227661
0.058037625,-0.278079030,-0.063213611
0.082124220,-0.277046576,-0.085256349
0.097162562,-0.281483692,-0.114225804
0.108504631,-0.290297188,-0.143956021
0.119925968,-0.301900732,-0.172690578
0.134046537,-0.314873535,-0.199563578
0.153557815,-0.326599898,-0.223381191
0.171343659,-0.323171582,-0.248693657
0.201567513,-0.319055803,-0.260520296
0.231357492,-0.305311189,-0.262533148
0.257956755,-0.286292072,-0.258232948
0.280931645,-0.263470927,-0.251859089
0.299985694,-0.237114735,-0.246274130
0.315668920,-0.208341844,-0.242126856
0.327632741,-0.177728316,-0.241193961
0.335517249,-0.146012892,-0.245945903
0.349475572,-0.116735234,-0.251548285
0.371268449,-0.095543373,-0.258743509
0.397850250,-0.082518755,-0.267368734
0.424157059,-0.073500167,-0.285109389
0.452460577,-0.068819676,-0.301452923
0.482237621,-0.065985470,-0.315438182
0.513147825,-0.063554481,-0.326802582
0.544949802,-0.060338662,-0.335099431
0.577122496,-0.055248037,-0.340454474
0.609013368,-0.047103236,-0.342886265
0.639419396,-0.034307782,-0.342518243
0.665434603,-0.017253317,-0.347812636
0.685929640,0.001242418,-0.362184417
0.702856248,0.029342163,-0.359238953
0.711879670,0.060940178,-0.356793090
0.713301053,0.093677755,-0.353180888
0.708506742,0.125927880,-0.348095863
0.699192235,0.157105676,-0.342487501
0.686703418,0.187275643,-0.337529765
0.672010638,0.216683817,-0.334360789
0.655795235,0.245448874,-0.333868538
0.638275969,0.273425202,-0.335169112
0.619427439,0.300528243,-0.336413561
0.599877115,0.327014896,-0.339088336
0.580156730,0.353039361,-0.344094947
0.560466690,0.378811494,-0.350389633
0.541070352,0.404834023,-0.356557593
0.522574579,0.431827639,-0.361023373
0.506215341,0.460462465,-0.362336448
0.493861231,0.491004000,-0.360527287
0.487175182,0.523090729,-0.356854153
0.482109029,0.541643416,-0.332619247
0.482372149,0.570451846,-0.319117127
0.487332210,0.600886461,-0.307333535
0.494557952,0.629482667,-0.292478850
0.502811726,0.655994583,-0.274610626
0.511179860,0.680633280,-0.254289096
0.519068216,0.703246126,-0.231559591
0.525940870,0.723772046,-0.206629630
0.531397640,0.742260167,-0.179838882
0.535143910,0.758787121,-0.151527317
0.536869789,0.773379652,-0.121983563
0.536223931,0.786067412,-0.091525212
0.532898708,0.796976476,-0.060549735
0.526527719,0.806279500,-0.029523908
0.516561333,0.814188772,0.000944642
0.502855902,0.821208150,0.030141288
0.485055953,0.827846264,0.057125273
0.471100048,0.843591608,0.081178043
0.462973381,0.867125976,0.102338200
0.437394887,0.876605421,0.120256063
0.408260284,0.885342746,0.133068346
0.377853931,0.895025611,0.141535654
0.346608294,0.904669422,0.145995171
0.314142354,0.910512120,0.145686456
0.281442182,0.913059226,0.141863975
0.248918909,0.914395517,0.136216251
0.216543141,0.916884151,0.130158377
0.184471043,0.922590805,0.124788830
0.152712150,0.930236231,0.119849236
0.120807391,0.936890255,0.114440070
0.088741577,0.942464389,0.108767467
0.056585286,0.947715886,0.103295538
0.024350908,0.952966506,0.098304323
-0.008001343,0.958011998,0.093900957
-0.040514986,0.962565980,0.090213889
-0.073222260,0.966273153,0.087408521
-0.106119818,0.968737808,0.085705374
-0.139139910,0.969519308,0.085423977
-0.172097283,0.968128648,0.087022475
-0.204619183,0.964112796,0.091061804
-0.236074642,0.957093740,0.098178858
-0.265522518,0.946847234,0.108966736
-0.291929534,0.933824274,0.123843517
-0.314361580,0.918705445,0.142720459
-0.325486209,0.893262665,0.155174489
-0.329646255,0.862576018,0.162349001
-0.340567050,0.842912988,0.186493108
-0.348873139,0.829123924,0.213388891
-0.357394284,0.826130631,0.245088160
-0.358535955,0.805638818,0.269186909
-0.355823218,0.779895654,0.289682463
-0.351179467,0.752926701,0.308142426
-0.345008067,0.724821458,0.324313818
-0.337717273,0.695686549,0.338011652
-0.329722090,0.665623574,0.349064558
-0.321496154,0.634741124,0.357350018
-0.313578095,0.603169067,0.362902352
-0.306773253,0.570965770,0.365514273
-0.302040149,0.538291211,0.365459012
-0.301056916,0.505396510,0.362974728
-0.305902752,0.473029964,0.358949086
-0.318196862,0.442725195,0.354898511
-0.337056428,0.415795289,0.352254161
-0.359781949,0.391858718,0.351318132
-0.384201778,0.369613036,0.351651223
-0.409061678,0.347879470,0.352735442
-0.433617352,0.325824409,0.354180295
-0.457330221,0.302874469,0.355714189
-0.479699702,0.278611483,0.357151666
-0.500159124,0.252711316,0.358358218
-0.517969080,0.224918314,0.359220192
-0.532091844,0.195085908,0.359606526
-0.540910627,0.163305294,0.359283783
-0.542196297,0.130430642,0.357788739
-0.533671863,0.098876224,0.354271728
-0.515561497,0.072202226,0.347803852
-0.491249513,0.052266460,0.337957811
-0.464483639,0.038060455,0.324918779
-0.437458228,0.027777102,0.308992776
-0.411325542,0.019804825,0.290449319
-0.386711442,0.012722087,0.269603724
-0.364041007,0.005099517,0.246831974
-0.343923873,-0.005328148,0.222834351
-0.339485627,-0.019497978,0.196492658
-0.326476296,-0.045024215,0.180574477
-0.317211971,-0.076124088,0.175051581
-0.308591985,-0.107968475,0.176254122
-0.298219160,-0.138987599,0.180741214
-0.284233362,-0.168216514,0.187067684
-0.266470223,-0.195310540,0.193408120
-0.244758428,-0.219828593,0.197339141
-0.218927215,-0.239973183,0.194762297
-0.191762674,-0.250958206,0.180407544
-0.169989128,-0.250974126,0.155857220
-0.155078756,-0.246200163,0.126824856
-0.144332916,-0.241217993,0.095997944
-0.135232616,-0.238277083,0.064384936
-0.124698755,-0.239226006,0.033137390
-0.114514086,-0.253664360,0.009010951
-0.087499599,-0.263842962,-0.006153366
-0.055498266,-0.271177198,-0.008254745
-0.022855940,-0.273827327,-0.004223748
0.009566627,-0.272334777,0.001845331
0.041737342,-0.267206439,0.007219983
0.073558218,-0.258676794,0.008239868
0.102603168,-0.247878799,-0.002124807
0.123388489,-0.245254165,-0.024617715
0.137081078,-0.246798551,-0.052869589
0.146733889,-0.248724855,-0.084386428
0.157290974,-0.253347717,-0.115333587
0.171542126,-0.258445407,-0.144647461
0.192349830,-0.259853550,-0.170031100
0.219196898,-0.250986916,-0.186360859
0.244885906,-0.231298069,-0.191842994
0.265806171,-0.205839023,-0.190856896
0.282372749,-0.177565949,-0.186876503
0.295501712,-0.147684731,-0.181837365
0.306018815,-0.116715198,-0.177229378
0.314865986,-0.084986358,-0.174908549
0.323663163,-0.053382188,-0.178077272
0.324385700,-0.026901982,-0.195947278
0.344085069,-0.009722471,-0.211310870
0.366514652,0.001911736,-0.229738837
0.388851836,0.010702790,-0.252406584
0.413437389,0.018200065,-0.273140402
0.439695038,0.026243543,-0.291474806
0.466960714,0.036418508,-0.307055303
0.494039639,0.050480734,-0.319588503
0.518654271,0.070340134,-0.328800111
0.536986680,0.097006033,-0.334624235
0.545692426,0.128550468,-0.337816675
0.544523191,0.161352771,-0.340548691
0.535792274,0.192999544,-0.343723143
0.521715063,0.222648610,-0.347224398
0.503825591,0.250201319,-0.350562219
0.483198492,0.275862778,-0.353163579
0.460635402,0.299947546,-0.354520124
0.436836394,0.322854905,-0.354308067
0.412347681,0.344987277,-0.352913830
0.387492654,0.366723000,-0.351761807
0.362956515,0.388839442,-0.351300402
0.339898844,0.412468766,-0.352034328
0.320382013,0.438954816,-0.354449816
0.307087712,0.468851921,-0.358375352
0.301318820,0.501049222,-0.362502201
0.301617945,0.530285850,-0.355154603
0.304409050,0.558377618,-0.342698091
0.310006765,0.590793976,-0.339877284
0.317132447,0.622508973,-0.334062294
0.324806214,0.653455242,-0.325451599
0.332326809,0.683373775,-0.313654111
0.339099197,0.712245982,-0.299127689
0.344587317,0.739932850,-0.281996575
0.348270718,0.766319740,-0.262503520
0.349694380,0.791347921,-0.241024322
0.348113760,0.814840420,-0.217895394
0.342946828,0.836742376,-0.193749082
0.333381958,0.856912644,-0.169445279
0.318974473,0.875286945,-0.146141829
0.299410604,0.891676940,-0.125248982
0.275213889,0.905978229,-0.107989567
0.247393666,0.918173635,-0.095104265
0.217433079,0.929227425,-0.086750723
0.186399442,0.939625958,-0.082381447
0.154861903,0.949366992,-0.081242067
0.123087366,0.958286076,-0.082617656
0.091165947,0.966127878,-0.085889994
0.059108793,0.972577535,-0.090577734
0.026912725,0.977281393,-0.096277939
-0.005397486,0.979951663,-0.102605276
-0.037757777,0.980334429,-0.109215933
-0.070062172,0.978261050,-0.115782838
-0.102180204,0.973711808,-0.122014110
-0.134103486,0.967639504,-0.127971098
-0.165871400,0.960519247,-0.133588352
-0.197408454,0.952028778,-0.138483007
-0.227732790,0.939265510,-0.141032888
-0.256447137,0.922957167,-0.141050813
-0.284262869,0.905232082,-0.139199451
-0.312370901,0.888155541,-0.136121887
-0.341845688,0.873814514,-0.132172826
-0.372583371,0.863027299,-0.126763047
-0.402767886,0.853180402,-0.117718757
-0.431482385,0.844244103,-0.104123136
-0.460224701,0.847882899,-0.091586450
-0.487714156,0.860385310,-0.079702487
-0.508624744,0.856171430,-0.054915195
-0.524745902,0.850061319,-0.026760788
-0.537244700,0.843387770,0.003066113
-0.546112899,0.835616667,0.033904218
-0.552035969,0.826564816,0.065095635
-0.555164747,0.815960879,0.096205734
-0.555688038,0.803588389,0.126811763
-0.553911756,0.789358759,0.156540458
-0.550204974,0.773313294,0.185129043
-0.544874904,0.755517633,0.212397741
-0.538109548,0.735929713,0.238103558
-0.530111611,0.714430118,0.261879885
-0.521247830,0.690968802,0.283384960
-0.512030474,0.665625390,0.302451284
-0.503012420,0.638568047,0.319093797
-0.494923998,0.609776815,0.333076930
-0.488750300,0.579338558,0.344269156
-0.485228017,0.547546324,0.348051418
-0.482806015,0.519636661,0.331557759
-0.490430184,0.487817285,0.335736285
-0.503528805,0.457607097,0.337949748
-0.520700283,0.429551425,0.340766630
-0.540286266,0.403370506,0.345444383
-0.561021778,0.378285073,0.351121350
-0.582175958,0.353478083,0.356467263
-0.603224253,0.328286846,0.360131911
-0.623584194,0.302302657,0.361069685
-0.642790266,0.275443897,0.360015107
-0.660680669,0.247698498,0.358821754
-0.676514645,0.218867677,0.355969540
-0.689444520,0.188988160,0.350464004
-0.699154849,0.158174879,0.343627404
-0.705460585,0.126424154,0.337114928
-0.707996213,0.093815645,0.332678611
-0.705902471,0.060911032,0.331851901
-0.697563813,0.029122318,0.334316216
-0.681440977,0.000616000,0.337726043
-0.667227790,-0.016964548,0.360370301
-0.640539947,-0.034161696,0.365769712
-0.609896975,-0.046350168,0.365130037
-0.578022359,-0.054257504,0.361850919
-0.545958374,-0.059179207,0.355735508
-0.514287945,-0.062293553,0.346921662
-0.483499912,-0.064441305,0.335165577
-0.453779037,-0.066680584,0.320950413
-0.425438073,-0.070149292,0.304362453
-0.398744272,-0.076600914,0.286052430
-0.374802885,-0.089115951,0.267361577
-0.365762215,-0.109458609,0.245652349
-0.349067595,-0.137037658,0.238994973
-0.331262031,-0.164473697,0.242487177
-0.313462077,-0.191300808,0.249772917
-0.298477660,-0.220399461,0.254241284
-0.282117916,-0.248829756,0.258122492
-0.264451117,-0.276709648,0.259042363
-0.243585928,-0.302199484,0.257232223
-0.217698389,-0.322086536,0.253035229
-0.187429175,-0.331528774,0.244725165
-0.159513427,-0.322623517,0.238444293
-0.137601750,-0.311152112,0.217867206
-0.122133149,-0.298477462,0.191624062
-0.110277934,-0.286260013,0.163326058
-0.099765120,-0.276138260,0.133698307
-0.087922884,-0.269279406,0.103667815
-0.070188009,-0.267203949,0.076092786
-0.047088360,-0.279325800,0.058774662
-0.014541820,-0.282262567,0.055023164
0.018304572,-0.282582949,0.058234944
0.050704545,-0.279637748,0.063895505
0.082591661,-0.273070482,0.069391937
0.113647454,-0.262286285,0.072062823
0.142190803,-0.246811603,0.067196243
0.162706102,-0.229872180,0.048398345
0.172997654,-0.218561180,0.019304279
0.179216895,-0.213121183,-0.012653170
0.185938505,-0.210927632,-0.044913603
0.196004217,-0.209376740,-0.076303892
0.202291932,-0.198351316,-0.103841156
0.227670426,-0.190934494,-0.121139259
0.250863304,-0.169616990,-0.127634268
0.267511095,-0.141187532,-0.126783481
0.279552988,-0.110792936,-0.122226779
0.287891630,-0.079336039,-0.116614742
0.293239671,-0.047076391,-0.112006248
0.296392264,-0.014245788,-0.111250626
0.299193649,0.017389960,-0.119543622
0.305434725,0.041762776,-0.140475394
0.316702184,0.057125686,-0.167358043
0.331779985,0.068312271,-0.194515239
0.349549257,0.078777547,-0.220311984
0.369138392,0.090858936,-0.243986865
0.389073691,0.106642920,-0.265004725
0.396662620,0.121892711,-0.289727363
0.407016905,0.147339580,-0.305533224
0.408608293,0.179024971,-0.313857409
0.399357341,0.210443970,-0.316976607
0.382834568,0.238982516,-0.316750274
0.362185595,0.264581948,-0.313918870
0.339044367,0.287698229,-0.309357179
0.314277584,0.308861174,-0.303890942
0.288373357,0.328592644,-0.298322954
0.261686840,0.347475882,-0.293567471
0.234719963,0.366342884,-0.290783622
0.208647176,0.386560290,-0.291551979
0.186283658,0.410002729,-0.297467001
0.171420028,0.437475859,-0.307839634
0.164509935,0.467634023,-0.319241039
0.162850294,0.499059374,-0.329197812
0.164063312,0.531199040,-0.336659266
0.166588822,0.563786990,-0.341349621
0.169423546,0.596652395,-0.342831289
0.171741552,0.629560468,-0.341472415
0.172733859,0.662265835,-0.337087570
0.171592799,0.694456755,-0.329832276
0.167344656,0.725684327,-0.320015321
0.159248095,0.755663436,-0.309899797
0.152265968,0.785704577,-0.320289650
0.137053745,0.812513061,-0.312733107
0.115177656,0.834199438,-0.300998679
0.088365831,0.850799999,-0.291388853
0.058150181,0.862130054,-0.284570204
0.026034587,0.868581128,-0.280554880
-0.006857814,0.870889800,-0.278912576
-0.039860127,0.869767050,-0.279112639
-0.072608362,0.865779154,-0.280680063
-0.104911296,0.859367637,-0.283221391
-0.136673795,0.850875644,-0.286420596
-0.167854800,0.840576617,-0.290021860
-0.198457159,0.828723771,-0.293810603
-0.228507627,0.815534583,-0.297607339
-0.258058824,0.801220460,-0.301251328
-0.287191633,0.786001372,-0.304589290
-0.316020359,0.770121990,-0.307462893
-0.344699400,0.753872332,-0.309692609
-0.373428642,0.737616767,-0.311054630
-0.402450128,0.721835564,-0.311246982
-0.432017170,0.707178584,-0.309843702
-0.462297316,0.694505826,-0.306253092
-0.490011094,0.682077997,-0.294812140
-0.510474777,0.668150093,-0.272959240
-0.536454730,0.661005556,-0.254461363
-0.564545148,0.660763538,-0.237154174
-0.592115157,0.670084312,-0.229091327
-0.619466074,0.684260017,-0.224375636
-0.640590775,0.689048683,-0.199453303
-0.658795688,0.693651512,-0.172293786
-0.674521236,0.697544591,-0.143531515
-0.687746840,0.700301809,-0.113418780
-0.698588449,0.701623582,-0.082283578
-0.707277082,0.701390105,-0.050451532
-0.713949719,0.699509929,-0.018148212
-0.717950455,0.695024795,0.014335235
-0.720268735,0.688599109,0.046613137
-0.720927307,0.680040752,0.078471272
-0.719995522,0.669082522,0.109590982
-0.717723408,0.655558390,0.139618947
-0.714507267,0.639446308,0.168255489
-0.710807078,0.620536907,0.195060750
-0.707264594,0.598774389,0.219632187
-0.704754744,0.574105290,0.241420844
-0.704305129,0.546763731,0.259891648
-0.706932054,0.517305761,0.274518065
-0.713146526,0.486631602,0.284966960
-0.722365340,0.455523278,0.291022546
-0.733759578,0.424606185,0.293173518
-0.746406613,0.394107693,0.292281183
-0.759587159,0.363978665,0.289156442
-0.772811751,0.334065795,0.284492005
-0.785775353,0.304203899,0.278860151
-0.798299685,0.274251704,0.272733276
-0.810284370,0.244100212,0.266505713
-0.821668762,0.213670683,0.260510194
-0.832401270,0.182909488,0.255029432
-0.842412778,0.151782342,0.250305877
-0.851462771,0.120248296,0.246425260
-0.858843657,0.088229077,0.243032576
-0.864257335,0.055757077,0.240321895
-0.867416022,0.022924023,0.238615217
-0.867953337,-0.010094834,0.238314315
-0.865395107,-0.042975258,0.239913060
-0.859109932,-0.075119131,0.244001926
-0.848458041,-0.105524442,0.251088134
-0.832948473,-0.132749061,0.261351865
-0.812568550,-0.155192956,0.274295797
-0.788087793,-0.171994026,0.288643005
-0.766543655,-0.182976014,0.307998490
-0.753798603,-0.190270601,0.336584441
-0.722849680,-0.193659432,0.347583670
-0.690931972,-0.193994856,0.356034483
-0.658507860,-0.192441700,0.362079660
-0.625776598,-0.189421526,0.365243047
-0.592975383,-0.185609273,0.365445324
-0.560289569,-0.181674194,0.362893386
-0.527868859,-0.178280969,0.357627300
-0.495890302,-0.176442422,0.349596039
-0.464540653,-0.177577337,0.339316008
-0.434307761,-0.183993158,0.327816105
-0.406512626,-0.198271310,0.317477752
-0.383123139,-0.220419177,0.310629391
-0.364567250,-0.247336195,0.306099635
-0.348327690,-0.275940397,0.303038818
-0.331914321,-0.304562441,0.301434401
-0.313725693,-0.332123505,0.301730228
-0.293037550,-0.357753135,0.304086927
-0.270070580,-0.381351758,0.306589484
-0.243716208,-0.399830061,0.313303512
-0.214510734,-0.412526373,0.321915279
-0.183083975,-0.422132711,0.321842155
-0.150878049,-0.422750899,0.315494363
-0.122283181,-0.412017007,0.303478166
-0.100644531,-0.393929123,0.286484856
-0.085019802,-0.373362723,0.265956797
-0.073232028,-0.353001517,0.242790862
-0.063280547,-0.334110950,0.217595170
-0.053336023,-0.317551861,0.190809646
-0.040821803,-0.304070559,0.163419921
-0.021255499,-0.294821110,0.138729022
0.007906152,-0.290234385,0.124669032
0.040675033,-0.290783842,0.121219514
0.073618692,-0.290713207,0.122954166
0.105506126,-0.284011127,0.128011441
0.135566651,-0.271822713,0.133761069
0.161514413,-0.252144684,0.138901931
0.185106288,-0.229398202,0.136714326
0.203871411,-0.210323656,0.120144391
0.214270699,-0.197340594,0.093895945
0.215572566,-0.185071282,0.063312204
0.216500257,-0.177036388,0.031294882
0.219884390,-0.170455750,-0.000884033
0.228225531,-0.161603543,-0.031494124
0.232778943,-0.141382065,-0.054527561
0.249160146,-0.115246054,-0.065227944
0.267277690,-0.087772718,-0.063508382
0.277381441,-0.056990234,-0.058240050
0.280307331,-0.024649406,-0.052472462
0.276337187,0.007855325,-0.048504864
0.269329111,0.040045662,-0.049540649
0.264623837,0.069654991,-0.062473589
0.273624815,0.091038543,-0.082915098
0.278144260,0.104745378,-0.112553463
0.286729885,0.115805019,-0.142458990
0.297831871,0.127607236,-0.171233815
0.309795267,0.142778613,-0.197984986
0.319416231,0.163997110,-0.221224113
0.314270271,0.184858112,-0.243762032
0.303803661,0.213449165,-0.254509392
0.286674016,0.241137056,-0.255035141
0.272479743,0.266748640,-0.245188724
0.246260933,0.286507673,-0.241697792
0.217687688,0.302655964,-0.238196640
0.187177866,0.315140608,-0.236292461
0.155808507,0.325485947,-0.236280863
0.124771267,0.336365103,-0.239122875
0.096710547,0.351450548,-0.247317437
0.077060013,0.373096095,-0.260663123
0.067580665,0.401293770,-0.267859733
0.060136112,0.427775824,-0.286094687
0.055827463,0.456119673,-0.302480616
0.052648723,0.485908904,-0.316384974
0.049205011,0.516854161,-0.327382531
0.044405339,0.548479102,-0.335543719
0.036984703,0.580226841,-0.340673800
0.025532333,0.611080790,-0.342892824
0.008550724,0.639330855,-0.342571490
-0.014740598,0.662454322,-0.342276397
-0.039266531,0.678864961,-0.356721762
-0.069602959,0.688845496,-0.361206328
-0.102490333,0.691004214,-0.360151029
-0.135259112,0.687111132,-0.359836614
-0.167157244,0.678598020,-0.360093876
-0.197898740,0.666549904,-0.360718329
-0.227417793,0.651755320,-0.361532998
-0.255755024,0.634803082,-0.362401053
-0.283013444,0.616159533,-0.363223715
-0.309347480,0.596224465,-0.363935274
-0.334969545,0.575375508,-0.364498086
-0.360168770,0.554012264,-0.364896835
-0.385345023,0.532619450,-0.365128832
-0.411042268,0.511857683,-0.365186966
-0.437960527,0.492719491,-0.365007742
-0.466814382,0.476695743,-0.364371045
-0.497837393,0.465593766,-0.362772170
-0.530276209,0.460672136,-0.359426319
-0.562754278,0.461430017,-0.353672186
-0.594272897,0.466344238,-0.345172336
-0.624371250,0.473848543,-0.333844119
-0.652786762,0.482770797,-0.319581995
-0.679683442,0.492150227,-0.302879127
-0.704888414,0.501438080,-0.283663736
-0.728288289,0.510102987,-0.262024417
-0.749880574,0.517725899,-0.238240227
-0.769742674,0.524045913,-0.212660643
-0.787907116,0.528849070,-0.185539837
-0.804308801,0.531828000,-0.157053483
-0.818888093,0.532606328,-0.127442259
-0.831696968,0.530853206,-0.097063501
-0.842910195,0.526345553,-0.066341616
-0.852764238,0.518915191,-0.035718932
-0.851292764,0.504095079,-0.009564610
-0.835397126,0.482359707,0.009508730
-0.842984976,0.464302694,0.035828404
-0.851118078,0.442276736,0.059003571
-0.859741309,0.416587043,0.077821963
-0.869033301,0.388176144,0.091806982
-0.878881988,0.358096630,0.101188895
-0.889006005,0.327149210,0.106683426
-0.899096064,0.295790011,0.109067811
-0.908874217,0.264237665,0.109046486
-0.918239821,0.232608004,0.107252034
-0.927358839,0.200999391,0.104218428
-0.936110177,0.169383333,0.100302470
-0.944351736,0.137715980,0.095745557
-0.951956685,0.105954944,0.090754580
-0.958809125,0.074064357,0.085507257
-0.964786978,0.042013992,0.080166288
-0.969769931,0.009782067,0.074899876
-0.973652283,-0.022640716,0.069888277
-0.976319715,-0.055253053,0.065337813
-0.977650685,-0.088037637,0.061499302
-0.977517617,-0.120951308,0.058686866
-0.975809474,-0.153908330,0.057275188
-0.972396381,-0.186756359,0.057741450
-0.967138676,-0.219226495,0.060676857
-0.959880203,-0.250847538,0.066798311
-0.950528620,-0.280893055,0.076752508
-0.939043987,-0.308365311,0.090969263
-0.925453578,-0.332077522,0.109443249
-0.910102417,-0.351333796,0.131390659
-0.893162125,-0.365880338,0.155684548
-0.874624676,-0.375790171,0.181130350
-0.854580583,-0.381738248,0.206676019
-0.832957034,-0.384065975,0.231517810
-0.809967011,-0.383683899,0.255217401
-0.785438969,-0.380671619,0.277123841
-0.759579772,-0.375719014,0.297055878
-0.732493824,-0.369248578,0.314810398
-0.704253747,-0.361619774,0.330157472
-0.674929613,-0.353228328,0.342847933
-0.644622182,-0.344569430,0.352718157
-0.613472134,-0.336209860,0.359809605
-0.581608983,-0.328773112,0.364248067
-0.549073065,-0.323377409,0.365814237
-0.521626466,-0.321666012,0.354116028
-0.494583736,-0.324495300,0.341756478
-0.463154193,-0.334119986,0.339366821
-0.434687645,-0.350636703,0.337262777
-0.409332192,-0.371753134,0.336187222
-0.385998633,-0.395134707,0.336071061
-0.363523949,-0.419345025,0.336592662
-0.341034035,-0.443531985,0.337448859
-0.317926717,-0.467123273,0.338420098
-0.293780935,-0.489648741,0.339357228
-0.268281429,-0.510630372,0.340164791
-0.241183283,-0.529501739,0.340783790
-0.212317280,-0.545531091,0.341175531
-0.181623270,-0.557669589,0.341290321
-0.149329017,-0.564365133,0.341002954
-0.116871714,-0.563100486,0.343265512
-0.089093475,-0.551622344,0.356382051
-0.062973712,-0.532284188,0.352453322
-0.043387639,-0.507238138,0.343821364
-0.029493768,-0.479715688,0.332076319
-0.019542508,-0.451855309,0.317426033
-0.011954729,-0.424761915,0.300132104
-0.005400314,-0.399107886,0.280386461
0.001562280,-0.375314161,0.258566913
0.010858843,-0.353821030,0.235301455
0.023821196,-0.344593546,0.210067374
0.046041044,-0.333346321,0.191338262
0.075903686,-0.321608347,0.184242331
0.106646341,-0.309762768,0.185908541
0.136446245,-0.296753413,0.191707657
0.165545115,-0.282636688,0.198446045
0.194220663,-0.267157932,0.203821922
0.221042335,-0.248189665,0.206854446
0.243643629,-0.224339880,0.205156037
0.261394224,-0.202131495,0.191529647
0.267714772,-0.180414598,0.169207451
0.263240315,-0.162024100,0.142263450
0.257065764,-0.149161147,0.112496635
0.252304188,-0.138969939,0.081445993
0.249650907,-0.128073829,0.050807838
0.245619304,-0.111705041,0.025332964
0.261616629,-0.094776531,0.006415186
0.268950571,-0.063621209,-0.000501628
0.270178263,-0.030743170,0.001595178
0.268630670,0.001748057,0.007347353
0.266337338,0.034116485,0.013501393
0.267068591,0.066832888,0.016555422
0.260440253,0.098447802,0.012594633
0.241764109,0.117485555,-0.003064959
0.244197057,0.135513325,-0.027165712
0.242813955,0.145844634,-0.058465249
0.245291943,0.155205176,-0.090038261
0.249571908,0.166740636,-0.120675644
0.252756594,0.183317106,-0.148970012
0.249140783,0.207072021,-0.171185297
0.233594270,0.233595240,-0.182297041
0.207953716,0.253784377,-0.186166390
0.178069820,0.267772069,-0.186107515
0.147747610,0.280187000,-0.182021220
0.117170291,0.291354831,-0.176407894
0.087478972,0.304398955,-0.170141190
0.056993988,0.316702865,-0.168188576
0.026995871,0.326440706,-0.177283036
0.004676415,0.340308951,-0.196912779
-0.009069198,0.358520820,-0.220705533
-0.018405281,0.379843604,-0.244121174
-0.026384560,0.403491623,-0.265751152
-0.034919034,0.428927770,-0.285010073
-0.045741773,0.455397108,-0.301504750
-0.058102333,0.474726695,-0.322468120
-0.074872785,0.493525406,-0.340058820
-0.096887717,0.514010642,-0.336272974
-0.125202151,0.526299133,-0.333532184
-0.158011035,0.527644758,-0.335742275
-0.189831818,0.520097151,-0.339453987
-0.218813290,0.506098889,-0.346710753
-0.245712718,0.488012996,-0.352934931
-0.271567688,0.467547992,-0.353737142
-0.295938959,0.445313517,-0.352093785
-0.318909956,0.421698996,-0.349699440
-0.341199991,0.397784959,-0.344958804
-0.363265926,0.373946106,-0.338930390
-0.385653971,0.350296858,-0.333378671
-0.409135218,0.327291648,-0.330276059
-0.434774872,0.306561614,-0.331237418
-0.463719253,0.291275542,-0.335055152
-0.487552009,0.283132902,-0.353103491
-0.517558767,0.281161099,-0.363052048
-0.550349861,0.284074111,-0.365555897
-0.582883713,0.289744550,-0.365431729
-0.614981489,0.296876137,-0.362412946
-0.646554767,0.304581888,-0.356596056
-0.677492496,0.312254619,-0.348006211
-0.707671462,0.319393294,-0.336698591
-0.736973214,0.325550953,-0.322805811
-0.765276437,0.330295882,-0.306493474
-0.792473297,0.333206349,-0.287999881
-0.818291231,0.333485942,-0.267424402
-0.842792652,0.330949686,-0.245437021
-0.865682982,0.324620892,-0.222500017
-0.886838429,0.313952335,-0.199525916
-0.905926452,0.298503066,-0.177527942
-0.906890913,0.277026959,-0.153595746
-0.903191206,0.252400938,-0.132775747
-0.915413915,0.224437977,-0.120285882
-0.925355288,0.194060440,-0.112047269
-0.933047876,0.162291704,-0.107390373
-0.939532795,0.129978648,-0.105901828
-0.956380275,0.102166776,-0.110657753
-0.973932565,0.075167691,-0.117637014
-0.978092374,0.043013172,-0.122076177
-0.977395239,0.010277453,-0.126457895
-0.975264754,-0.022290017,-0.131573673
-0.971775362,-0.054661126,-0.137170423
-0.966559012,-0.086782584,-0.142840056
-0.959171140,-0.118541884,-0.148125678
-0.949841139,-0.149878683,-0.152833153
-0.938829941,-0.180769460,-0.156806565
-0.926434384,-0.211233482,-0.159911425
-0.912997926,-0.241339591,-0.162027676
-0.898903016,-0.271201398,-0.163039625
-0.884549930,-0.300955364,-0.162754311
-0.870386739,-0.330743734,-0.160925838
-0.856911289,-0.360660346,-0.157124922
-0.844651575,-0.390657313,-0.150762182
-0.834123246,-0.420408552,-0.141065260
-0.825602275,-0.449117907,-0.127189734
-0.818626571,-0.475418207,-0.108526548
-0.818380515,-0.499364584,-0.089452969
-0.837566336,-0.524794978,-0.080782568
-0.835275601,-0.542358856,-0.054427408
-0.830305981,-0.555634909,-0.024608989
-0.824430157,-0.565673776,0.006285736
-0.817203832,-0.572496284,0.037768381
-0.808461459,-0.576596475,0.069330743
-0.798006521,-0.578172180,0.100590988
-0.785775104,-0.577518277,0.131229943
-0.771792429,-0.574934641,0.161024668
-0.755769509,-0.570400373,0.189560087
-0.737592510,-0.564179800,0.216415916
-0.717615685,-0.556826797,0.241634300
-0.695754839,-0.548564948,0.264940375
-0.671985838,-0.539755369,0.286089894
-0.646269467,-0.530906415,0.304809644
-0.618602489,-0.522709437,0.320869949
-0.589061583,-0.516177089,0.334087026
-0.557914998,-0.512557178,0.344387694
-0.525616549,-0.513145326,0.350542524
-0.495419002,-0.515234872,0.337920317
-0.465120614,-0.524970424,0.333563888
-0.436153129,-0.540743314,0.335094828
-0.408656746,-0.559041183,0.335577802
-0.382060852,-0.578638776,0.335382409
-0.355821257,-0.598703025,0.334708103
-0.329510144,-0.618657621,0.333669844
-0.302811354,-0.638072050,0.332349108
-0.275495877,-0.656591118,0.330821129
-0.247394006,-0.673879873,0.329170112
-0.218394585,-0.689611182,0.327501788
-0.188427694,-0.703418849,0.325949707
-0.157470277,-0.714861512,0.324686090
-0.125564098,-0.723346251,0.323938481
-0.092898859,-0.728131946,0.323983197
-0.059919926,-0.728194751,0.325140452
-0.027593006,-0.722211829,0.327696533
0.002351708,-0.709043099,0.331629463
0.027606494,-0.688423293,0.336293009
0.043925752,-0.668437303,0.351126995
0.055359947,-0.645411517,0.365576710
0.064930854,-0.613827061,0.365477459
0.070778592,-0.581450390,0.362649174
0.074087120,-0.549105011,0.356875349
0.076030587,-0.517246704,0.348419180
0.077372707,-0.486234591,0.337144079
0.079106942,-0.456290874,0.323332841
0.082408404,-0.427649956,0.307235678
0.089297280,-0.400660084,0.289543029
0.102816191,-0.376042191,0.272363614
0.125281108,-0.355430509,0.260140162
0.153533077,-0.339120180,0.255502297
0.183275377,-0.324791602,0.256157802
0.213131047,-0.310888085,0.258775215
0.242599653,-0.296203185,0.261476130
0.271031506,-0.279518262,0.263478247
0.297479073,-0.259779954,0.264298123
0.320361859,-0.236049896,0.263329446
0.336864874,-0.207878957,0.259246119
0.342647750,-0.177159003,0.249438232
0.336509533,-0.150130344,0.231928513
0.323861691,-0.130326121,0.208839552
0.309867310,-0.115947102,0.182626725
0.297156753,-0.104421132,0.154407182
0.287095211,-0.093138762,0.125052078
0.281134334,-0.078632794,0.096065469
0.270585064,-0.057588862,0.077859814
0.272868307,-0.027303433,0.065804396
0.274155091,0.005620972,0.065707146
0.272490192,0.038215992,0.070686852
0.267366454,0.070238200,0.076908792
0.258225339,0.101592095,0.081651228
0.244263424,0.131386489,0.081065523
0.235478123,0.159385961,0.067836652
0.220501219,0.173986851,0.042769621
0.211656231,0.180887476,0.011777314
0.207397331,0.186380365,-0.020505041
0.205179868,0.193831952,-0.052599630
0.201767751,0.206062145,-0.083018640
0.187050899,0.214201602,-0.107379270
0.167478806,0.236218049,-0.121319630
0.141545703,0.256438927,-0.122229947
0.113200242,0.272567259,-0.117211962
0.082936861,0.284010163,-0.110707145
0.051000082,0.290298856,-0.105267937
0.018230919,0.293399482,-0.102818725
-0.014265891,0.295162593,-0.107602441
-0.041588605,0.298954285,-0.125132673
-0.059286996,0.307772342,-0.151418382
-0.071357840,0.320923616,-0.179180304
-0.081967540,0.337093749,-0.205951518
-0.093692009,0.355383321,-0.230820165
-0.108668133,0.374409001,-0.253236908
-0.129208972,0.391441658,-0.272452511
-0.148867981,0.392930435,-0.296792070
-0.180214691,0.394813450,-0.306194938
-0.211945532,0.386413552,-0.308209155
-0.241155561,0.371485334,-0.304844693
-0.267390267,0.352315380,-0.299023767
-0.290793767,0.329815435,-0.293017808
-0.311400011,0.304433244,-0.288424897
-0.329720922,0.277125418,-0.285277197
-0.345636691,0.248391692,-0.285103275
-0.356777468,0.218335234,-0.293029440
-0.374684459,0.191016120,-0.297068935
-0.397778159,0.168843243,-0.304226523
-0.427465788,0.158984329,-0.300666139
-0.452142669,0.150333165,-0.317583589
-0.473836241,0.146383158,-0.338711454
-0.505076738,0.146584547,-0.349398650
-0.537021954,0.148415158,-0.357551132
-0.569518404,0.150860622,-0.362884501
-0.602353925,0.153139121,-0.365542592
-0.635342577,0.154518057,-0.365232970
-0.668209666,0.154296212,-0.362074644
-0.700608145,0.151739441,-0.356306968
-0.732047617,0.145903452,-0.348143671
-0.761825353,0.135817483,-0.338135420
-0.788803525,0.120360246,-0.327138105
-0.811728054,0.099222805,-0.316443741
-0.829331728,0.072860532,-0.307403070
-0.841167776,0.042831581,-0.300663004
-0.846647214,0.010775608,-0.295129001
-0.846472198,-0.021882828,-0.290356872
-0.841857834,-0.054324073,-0.286294333
-0.833976730,-0.086233520,-0.283058369
-0.823824584,-0.117591887,-0.280892557
-0.812199168,-0.148502235,-0.280103032
-0.799715633,-0.179074025,-0.280977789
-0.786794145,-0.209357501,-0.283664649
-0.772974137,-0.239175075,-0.287028711
-0.758019759,-0.268459625,-0.290227179
-0.742697853,-0.297476316,-0.294019746
-0.728267474,-0.326585531,-0.299988494
-0.714541823,-0.355755230,-0.307216158
-0.701137971,-0.385115139,-0.314272574
-0.687810521,-0.414888356,-0.319446963
-0.674750753,-0.445169701,-0.320932244
-0.662875424,-0.475771170,-0.317497382
-0.654308055,-0.506860320,-0.310485797
-0.650002191,-0.537816538,-0.299920367
-0.649743111,-0.567574668,-0.285660442
-0.652665947,-0.595207159,-0.267842425
-0.657457025,-0.620392326,-0.247040669
-0.663125503,-0.642882820,-0.223543594
-0.668864887,-0.663016473,-0.198004630
-0.674011690,-0.680375094,-0.170386957
-0.678202594,-0.695414293,-0.141293156
-0.681189045,-0.708261987,-0.111009929
-0.682380583,-0.718524283,-0.079627941
-0.681688553,-0.726563184,-0.047624652
-0.679206862,-0.732739260,-0.015318846
-0.674786157,-0.737084382,0.017100386
-0.668101233,-0.739549560,0.049359655
-0.658736944,-0.740169847,0.081037549
-0.646876473,-0.739428882,0.111854678
-0.632183664,-0.737571241,0.141370050
-0.610549575,-0.727579340,0.160602608
-0.583597421,-0.710771781,0.169208643
-0.560955319,-0.709762825,0.193208670
-0.538466306,-0.713341735,0.216316975
-0.527870324,-0.728504574,0.243633400
-0.501922114,-0.735858625,0.260784516
-0.471366608,-0.743348844,0.270752812
-0.440668245,-0.753765535,0.276999075
-0.409739326,-0.765147380,0.278670597
-0.378640283,-0.775768589,0.275480872
-0.347749827,-0.785663858,0.269236672
-0.317087650,-0.795441392,0.261769107
-0.286580917,-0.805947927,0.254676970
-0.256291820,-0.817938886,0.249224595
-0.226166107,-0.830901754,0.245235750
-0.195693593,-0.842947598,0.241021143
-0.164815074,-0.853879346,0.236724552
-0.133690791,-0.864440600,0.233386420
-0.102364259,-0.874743953,0.231416154
-0.070776445,-0.884392387,0.230739425
-0.038849299,-0.892855648,0.231263778
-0.006523343,-0.899428811,0.232945873
0.026144915,-0.903336545,0.235785839
0.058896328,-0.903644002,0.239932986
0.091111709,-0.899377589,0.245671574
0.121731832,-0.889805034,0.253336673
0.149371934,-0.875094255,0.263698938
0.172649297,-0.855898174,0.277008336
0.185032207,-0.828248673,0.276200292
0.195171336,-0.799332679,0.277586287
0.205271034,-0.772167581,0.293357759
0.212095310,-0.757776059,0.321142979
0.215322252,-0.734728068,0.341353134
0.214891516,-0.703285814,0.351403510
0.212506486,-0.671219939,0.358892383
0.208803430,-0.638768271,0.363719030
0.204316469,-0.606115128,0.365774987
0.199643278,-0.573438703,0.364754973
0.195485392,-0.540896357,0.360970859
0.192738501,-0.508632122,0.354513259
0.192751547,-0.476829797,0.345666403
0.197627255,-0.445902982,0.335294909
0.209976697,-0.417021561,0.325412733
0.230319680,-0.391978197,0.318812410
0.255589481,-0.370961603,0.316009661
0.284077761,-0.357910040,0.305904476
0.311968150,-0.341010895,0.303947287
0.338588417,-0.321602042,0.306410328
0.363791280,-0.300577180,0.310049254
0.386661645,-0.277340450,0.315288446
0.406733141,-0.251774076,0.321100540
0.423307698,-0.223666052,0.326059789
0.434958910,-0.192911692,0.328313157
0.438984398,-0.160388989,0.325631938
0.432309088,-0.129477019,0.316896979
0.428065131,-0.111019757,0.292630461
0.407769086,-0.090958482,0.276177957
0.385790268,-0.076452797,0.256297249
0.364404994,-0.065215212,0.233785588
0.344896552,-0.055312335,0.209043903
0.327993222,-0.044496070,0.182827159
0.314712414,-0.029421907,0.156708828
0.300369718,-0.006909686,0.139550689
0.291835116,0.023023615,0.131578131
0.287433935,0.055704209,0.131677985
0.281211286,0.087804003,0.136297966
0.272138669,0.119007568,0.142182094
0.259370762,0.149044810,0.147113467
0.241879036,0.176942636,0.148349125
0.219327507,0.199449650,0.140829616
0.201172911,0.213789624,0.119906687
0.189262804,0.220697637,0.091861453
0.178204151,0.220652105,0.060764681
0.170492725,0.221352628,0.028656349
0.163156473,0.225361941,-0.003276303
0.151646258,0.235068921,-0.032487716
0.129945054,0.250347011,-0.051369517
0.100616472,0.264317515,-0.056143320
0.069065868,0.273493850,-0.053389180
0.036684836,0.276952684,-0.048050454
0.004135484,0.275625880,-0.042684766
-0.028410213,0.270860172,-0.040003238
-0.060171133,0.264498737,-0.045416452
-0.085538547,0.260491121,-0.065497427
-0.103267060,0.270854816,-0.088727049
-0.115008298,0.276587560,-0.119037249
-0.126023219,0.285650928,-0.148822803
-0.139121796,0.296474124,-0.177128519
-0.156997633,0.306756704,-0.202842389
-0.182030551,0.311695002,-0.223455640
-0.211847186,0.305344452,-0.235330251
-0.239837718,0.288485425,-0.239012417
-0.263560382,0.265598907,-0.237991380
-0.283378514,0.239412628,-0.234624564
-0.300063081,0.211245505,-0.230273144
-0.314370196,0.181783593,-0.225982967
-0.327159575,0.151478851,-0.222957809
-0.339735972,0.120955701,-0.223071398
-0.349336284,0.091951058,-0.233100089
-0.362367861,0.069382007,-0.252063812
-0.385136927,0.056026196,-0.271767113
-0.410427582,0.048632428,-0.291646487
-0.437567106,0.044062490,-0.309895627
-0.466269132,0.040518559,-0.325836749
-0.496164645,0.036808819,-0.339366137
-0.527008487,0.031831093,-0.350067003
-0.558214930,0.024535494,-0.358001078
-0.588903151,0.013505535,-0.363049538
-0.614427413,-0.000123774,-0.353589540
-0.636086962,-0.019130453,-0.342713801
-0.653965713,-0.046727256,-0.341333394
-0.663460591,-0.078254398,-0.340515435
-0.665410976,-0.111159445,-0.341375212
-0.661443065,-0.143826609,-0.343855868
-0.652951465,-0.175522160,-0.347508152
-0.640911508,-0.205974988,-0.351780494
-0.626020357,-0.235133568,-0.356126944
-0.608804509,-0.263047771,-0.360055531
-0.589716599,-0.289828686,-0.363149181
-0.569196939,-0.315643708,-0.365089946
-0.547702254,-0.340722757,-0.365706841
-0.525749500,-0.365413237,-0.365818129
-0.503883189,-0.390180140,-0.365855928
-0.482845142,-0.415650142,-0.365857529
-0.463803020,-0.442631532,-0.365802446
-0.448448888,-0.471841998,-0.365481418
-0.438700820,-0.503325871,-0.364324033
-0.435375713,-0.536014857,-0.361479568
-0.437452913,-0.568537521,-0.356277140
-0.443355233,-0.600014358,-0.348259986
-0.451405333,-0.630157616,-0.337466995
-0.460559418,-0.658881025,-0.323989737
-0.470068735,-0.686107117,-0.307896457
-0.479357266,-0.711720031,-0.289219253
-0.487973388,-0.735724017,-0.268216046
-0.495421897,-0.757929387,-0.244926872
-0.501483354,-0.778481381,-0.219822030
-0.505920113,-0.797387705,-0.193145955
-0.508411477,-0.814592280,-0.165096145
-0.508606688,-0.830075723,-0.135948350
-0.506216558,-0.843921740,-0.106076987
-0.500884608,-0.856240326,-0.075916252
-0.492059492,-0.867147530,-0.046025713
-0.479555529,-0.877011198,-0.017111728
-0.458009753,-0.866449535,0.003425851
-0.434734349,-0.859889474,0.022812524
-0.410969127,-0.869241810,0.043700024
-0.383903107,-0.878832937,0.059956057
-0.354762175,-0.889164271,0.071521855
-0.324713381,-0.900565297,0.079097808
-0.294333492,-0.912754386,0.083491337
-0.263860529,-0.925360778,0.085393757
-0.233330346,-0.937978368,0.085345718
-0.202683428,-0.950208843,0.083753249
-0.171832049,-0.961670732,0.080892103
-0.140694199,-0.971983728,0.076966606
-0.109226628,-0.980823020,0.072179379
-0.077424371,-0.987889570,0.066714384
-0.045325619,-0.992934508,0.060768921
-0.013006772,-0.995774788,0.054561873
0.019434314,-0.996602684,0.048375326
0.051951265,-0.996163515,0.042555019
0.084530333,-0.994501575,0.037337223
0.116810380,-0.989703035,0.032826227
0.146645648,-0.976240135,0.028986989
0.174642770,-0.958894012,0.026458942
0.203725333,-0.943330639,0.025939111
0.235244332,-0.933950179,0.028455617
0.266462695,-0.924958953,0.034352357
0.296232154,-0.914660641,0.044207817
0.323735741,-0.903725008,0.058637112
0.349537630,-0.910248671,0.077382225
0.372212816,-0.912561428,0.100148514
0.387821703,-0.897722168,0.125063440
0.398820183,-0.881089091,0.151359939
0.405708767,-0.862991386,0.178086811
0.409217588,-0.843478728,0.204490300
0.409365671,-0.822283355,0.229806699
0.407088243,-0.799646423,0.253722974
0.402720197,-0.775564799,0.275865749
0.396652508,-0.750101148,0.295962684
0.389275430,-0.723349727,0.313825991
0.380953329,-0.695388900,0.329268850
0.372086441,-0.666286580,0.342088061
0.363166752,-0.636143108,0.352182613
0.354745687,-0.605091794,0.359621284
0.347762886,-0.573117804,0.364055655
0.343408099,-0.540438579,0.365786863
0.343337533,-0.508623022,0.361138168
0.348549700,-0.484135883,0.342163338
0.361208547,-0.453736496,0.340559678
0.379582695,-0.426337328,0.340086603
0.400921659,-0.401306282,0.342957542
0.423392325,-0.377673690,0.348229867
0.446261034,-0.354592393,0.354215220
0.469261160,-0.331411805,0.359209582
0.492067336,-0.307671478,0.361873799
0.513965028,-0.282954739,0.362782624
0.534221215,-0.256872588,0.363199501
0.552388573,-0.229534900,0.359760689
0.567474497,-0.200903108,0.353229318
0.578498671,-0.170519796,0.346551012
0.583982450,-0.138253303,0.342636201
0.581714825,-0.105406969,0.341733921
0.570028801,-0.074714327,0.339908173
0.549419517,-0.049379674,0.335912308
0.523156595,-0.030708842,0.328993630
0.494567099,-0.017662627,0.318922538
0.465726825,-0.008463853,0.305747624
0.437702927,-0.001383323,0.289776684
0.411146601,0.004972412,0.271195803
0.386586497,0.012285494,0.250367930
0.364475837,0.022860935,0.228283286
0.345855057,0.040488866,0.207698427
0.331992386,0.067168925,0.194582640
0.319356824,0.097409607,0.192415982
0.304214029,0.126208592,0.198034244
0.291215509,0.155979792,0.203912812
0.277872775,0.185768275,0.208981561
0.263648737,0.215491239,0.211063866
0.246098425,0.243367145,0.209588160
0.221982927,0.265043918,0.204435235
0.193762505,0.275289781,0.191531909
0.170115288,0.274139313,0.168848034
0.153567096,0.267642365,0.141082675
0.141597293,0.260741885,0.111091624
0.131431872,0.255894566,0.080044695
0.119808373,0.255005951,0.049186740
0.101356319,0.259872369,0.022557203
0.072950802,0.268582834,0.009026362
0.040656100,0.268571368,0.007946368
0.008139903,0.268353428,0.012492142
-0.024296934,0.268697441,0.018754190
-0.056953719,0.268057375,0.023605219
-0.089517286,0.263181546,0.023734534
-0.118344225,0.252047239,0.013156576
-0.137221086,0.242229029,-0.011644858
-0.148113793,0.238634553,-0.042546961
-0.156999228,0.239523036,-0.074338894
-0.167420455,0.242711316,-0.105509920
-0.182202234,0.245612751,-0.134842093
-0.193823350,0.236360056,-0.161153811
-0.223941200,0.233724212,-0.170721887
-0.248328881,0.212382810,-0.175966472
-0.267802986,0.185813890,-0.174603482
-0.282907766,0.156779457,-0.170288283
-0.294567582,0.126326903,-0.165055834
-0.303603084,0.094879837,-0.160549411
-0.310981502,0.062742147,-0.158962062
-0.318522708,0.031132026,-0.164191546
-0.329445299,0.004871530,-0.180433056
-0.332427786,-0.009660244,-0.207154042
-0.350834073,-0.020644875,-0.232252216
-0.371944650,-0.029021756,-0.256227148
-0.395088505,-0.037098498,-0.278356487
-0.419754682,-0.046407803,-0.298234560
-0.445145097,-0.058464322,-0.315539398
-0.469720462,-0.075224960,-0.329774669
-0.490498071,-0.098380474,-0.340495133
-0.503130595,-0.127923119,-0.347327250
-0.505126842,-0.160570600,-0.350747900
-0.498012101,-0.192726876,-0.351902051
-0.484512815,-0.222833499,-0.351700627
-0.466756097,-0.250637719,-0.350419533
-0.446288588,-0.276407180,-0.347641234
-0.424003598,-0.300467334,-0.343691538
-0.400485429,-0.323195379,-0.339034342
-0.376156658,-0.345023067,-0.334222375
-0.351408093,-0.366481332,-0.329915903
-0.326799206,-0.388312029,-0.326909607
-0.303416239,-0.411609922,-0.326126203
-0.283428968,-0.437746788,-0.328354211
-0.269850745,-0.467367739,-0.333211924
-0.263512512,-0.492961154,-0.347326383
-0.262266720,-0.518901178,-0.362037949
-0.265636531,-0.551596927,-0.365139118
-0.271258924,-0.584131464,-0.365667166
-0.278123125,-0.616338305,-0.363214604
-0.285352085,-0.648134032,-0.358030815
-0.292394463,-0.679384824,-0.350043381
-0.298749330,-0.709960101,-0.339332040
-0.303963695,-0.739731835,-0.326045288
-0.307603637,-0.768575359,-0.310381681
-0.308809214,-0.796169028,-0.292283321
-0.307492713,-0.822593769,-0.272530926
-0.302600124,-0.847480903,-0.251397451
-0.293669714,-0.870702822,-0.229709497
-0.279872082,-0.891877142,-0.208491741
-0.261068427,-0.910716123,-0.189006608
-0.237407955,-0.926799627,-0.172591118
-0.209915306,-0.939994989,-0.160011698
-0.179775328,-0.950336093,-0.151424406
-0.148069041,-0.958054786,-0.146414377
-0.115544382,-0.963399120,-0.144386591
-0.082678194,-0.966649662,-0.144672703
-0.049739093,-0.968015232,-0.146727363
-0.016882889,-0.967633363,-0.150124089
0.015802307,-0.965651643,-0.154487201
0.048267361,-0.962183292,-0.159520873
0.080483348,-0.957314162,-0.164981091
0.112438837,-0.951138638,-0.170649139
0.144137079,-0.943762090,-0.176327560
0.175589407,-0.935280405,-0.181829247
0.206818815,-0.925800992,-0.186960546
0.237865347,-0.915468855,-0.191524024
0.268777476,-0.904433309,-0.195280326
0.299617395,-0.892893358,-0.197952605
0.330449247,-0.881095686,-0.199191759
0.361318190,-0.869356470,-0.198526297
0.392200878,-0.858074576,-0.195393659
0.421336851,-0.845356665,-0.187431408
0.442669888,-0.826077709,-0.171336695
0.463290463,-0.808551333,-0.152507961
0.488526317,-0.799993636,-0.133220068
0.512191178,-0.795238071,-0.110726057
0.534621360,-0.799226450,-0.090620571
0.559425407,-0.816896358,-0.077899684
0.573836776,-0.814776917,-0.049048742
0.584751816,-0.810625094,-0.018163828
0.592366787,-0.805094210,0.013485744
0.597335578,-0.798075062,0.045355865
0.599866799,-0.789397131,0.077102197
0.600235997,-0.779016744,0.108452855
0.598233019,-0.766452330,0.138943629
0.594365453,-0.751839194,0.168286552
0.589055068,-0.735387126,0.196384806
0.582443943,-0.716987945,0.222970745
0.574766332,-0.696512730,0.247700899
0.566427677,-0.673947476,0.270311747
0.557932866,-0.649398500,0.290693513
0.549977629,-0.622701706,0.308414745
0.543420954,-0.594041899,0.323429543
0.539560413,-0.563539143,0.335428177
0.539828619,-0.531776103,0.344339021
0.545347148,-0.499800476,0.350280571
0.556083678,-0.468727957,0.353113146
0.570725937,-0.439137272,0.353199108
0.587795222,-0.410931789,0.351190789
0.606056318,-0.383620496,0.347728435
0.624689206,-0.356693403,0.343339235
0.643161713,-0.329737327,0.338473189
0.661116248,-0.302449003,0.333524388
0.678294128,-0.274619664,0.328845328
0.694486370,-0.246117986,0.324742080
0.709466898,-0.216855512,0.321490604
0.722975444,-0.186791854,0.319286272
0.734411819,-0.155847243,0.317665758
0.743172177,-0.124023773,0.316557101
0.748646994,-0.091462544,0.316239436
0.749930165,-0.058489807,0.317072858
0.745976785,-0.025821048,0.319402334
0.735499824,0.005167084,0.323460054
0.717884568,0.032454273,0.328940292
0.693760896,0.054101001,0.334823548
0.665067262,0.069574249,0.339731183
0.633774199,0.079626494,0.342546192
0.601322478,0.085630178,0.342670760
0.568592245,0.088904309,0.339886749
0.536129008,0.090485003,0.334049513
0.504318805,0.091440876,0.325250847
0.473417241,0.092760015,0.313677372
0.443769654,0.095903878,0.299485927
0.415710346,0.102898773,0.283606264
0.386003056,0.110964257,0.282496447
0.363816194,0.131515875,0.269647113
0.347072360,0.159055255,0.262867390
0.334259226,0.189355252,0.260020566
0.321980721,0.220015861,0.259428247
0.307801677,0.249814432,0.260644294
0.290358454,0.277677818,0.263651811
0.269700902,0.303223554,0.266969469
0.244096098,0.321601287,0.274277809
0.214972772,0.334952909,0.279469741
0.184261369,0.344767699,0.273324491
0.162241488,0.351931026,0.251813476
0.137920921,0.341953310,0.232179810
0.120309673,0.327393510,0.208411349
0.107166932,0.312641169,0.181962388
0.095996001,0.299585838,0.153757108
0.084197891,0.289640195,0.124572017
0.067732481,0.284122820,0.096617171
0.044047167,0.273822679,0.080996631
0.012460667,0.277010272,0.072797082
-0.020171539,0.281854175,0.073467964
-0.052835331,0.282136333,0.077911064
-0.084728119,0.275814260,0.083638213
-0.113606192,0.261048539,0.088873828
-0.140079134,0.241529219,0.088755047
-0.163743951,0.225057878,0.074635551
-0.179796742,0.216939683,0.049291862
-0.185864695,0.207683250,0.018239965
-0.190802283,0.202909744,-0.014060283
-0.197860074,0.200006917,-0.046186252
-0.209797511,0.195632140,-0.076587084
-0.218436827,0.179491492,-0.101101306
-0.239165445,0.157841215,-0.113843241
-0.260197985,0.132533331,-0.113133144
-0.276348452,0.104424404,-0.107557840
-0.284471160,0.072926305,-0.101900092
-0.286462017,0.040316305,-0.097634346
-0.283400352,0.007459303,-0.097196979
-0.282462367,-0.024515712,-0.104565307
-0.286085520,-0.049591035,-0.125189647
-0.294624424,-0.065218207,-0.152895627
-0.307086122,-0.076362171,-0.181365691
-0.322297718,-0.086651985,-0.208816424
-0.339414790,-0.098328504,-0.234528048
-0.357122930,-0.113391413,-0.257945514
-0.379521401,-0.133514578,-0.264105327
-0.384380644,-0.156487778,-0.284490276
-0.381097821,-0.183964215,-0.298927948
-0.370978341,-0.215035059,-0.302561432
-0.358403881,-0.244450953,-0.294930079
-0.339924879,-0.270472688,-0.287703902
-0.315297729,-0.292273922,-0.284749617
-0.288531183,-0.311402473,-0.281972184
-0.259781908,-0.327629343,-0.281169124
-0.230042369,-0.341968014,-0.282241321
-0.200491552,-0.356437736,-0.285127812
-0.173146116,-0.374040097,-0.290591606
-0.151720260,-0.397054197,-0.300242745
-0.138931623,-0.424117718,-0.313962816
-0.133230640,-0.453323171,-0.328221719
-0.131779366,-0.483788803,-0.340868865
-0.132446429,-0.515157623,-0.351156089
-0.134026706,-0.547230525,-0.358868835
-0.135643029,-0.579855386,-0.363708944
-0.136526292,-0.612807879,-0.365630975
-0.136104882,-0.645818977,-0.364944506
-0.133257777,-0.678510343,-0.361271308
-0.127328344,-0.710406632,-0.355196451
-0.119239235,-0.725494932,-0.327884513
-0.105017924,-0.750403765,-0.314724754
-0.084916002,-0.775217807,-0.308106973
-0.065621901,-0.799745361,-0.318633840
-0.038000077,-0.816179125,-0.316850233
-0.006483191,-0.824755436,-0.312268977
0.026260986,-0.828145496,-0.309929449
0.059260541,-0.827266028,-0.309411026
0.091984762,-0.822912415,-0.310257902
0.124165859,-0.815704774,-0.312074157
0.155679591,-0.806118962,-0.314538854
0.186481230,-0.794529636,-0.317395742
0.216574505,-0.781246149,-0.320438330
0.245998363,-0.766539852,-0.323496188
0.274821418,-0.750661688,-0.326422034
0.303150891,-0.733873214,-0.329081936
0.331134863,-0.716457715,-0.331343797
0.358971563,-0.698746213,-0.333060962
0.386922399,-0.681160151,-0.334042804
0.415313237,-0.664270065,-0.334027120
0.444491493,-0.648855452,-0.332631885
0.474711011,-0.635980495,-0.329281818
0.505845845,-0.626835557,-0.323261886
0.537158827,-0.622229071,-0.313939136
0.567520661,-0.622068259,-0.301020099
0.596023604,-0.625298504,-0.284701670
0.622199228,-0.630675152,-0.265320832
0.645920056,-0.637079889,-0.243273532
0.667191033,-0.643691511,-0.218900186
0.686140302,-0.649906782,-0.192580895
0.702662713,-0.655221453,-0.164482658
0.716778101,-0.659215451,-0.134899655
0.728663520,-0.661650342,-0.104212171
0.738561290,-0.662462484,-0.072756407
0.746576009,-0.661563375,-0.040741522
0.752346043,-0.658313289,-0.008373214
0.756180105,-0.652650183,0.023928556
0.758440874,-0.644687381,0.055881510
0.759274030,-0.634208322,0.087176261
0.758929459,-0.620948443,0.117411139
0.757810310,-0.604626311,0.146093918
0.743380523,-0.579657600,0.158202697
0.732657297,-0.554204405,0.170974905
0.733962999,-0.529458786,0.192775730
0.737551669,-0.501868712,0.210509616
0.743997128,-0.472346553,0.223760421
0.753236433,-0.441944422,0.232696947
0.764696182,-0.411426787,0.237959912
0.777600423,-0.381121185,0.240400997
0.791280835,-0.351054831,0.240725833
0.805210343,-0.321124531,0.239479804
0.819028041,-0.291209269,0.237102678
0.832782668,-0.261305734,0.234248745
0.846318360,-0.231321065,0.231206447
0.859421423,-0.201150167,0.228114525
0.871882356,-0.170702990,0.225081127
0.883494041,-0.139907696,0.222202887
0.894049587,-0.108712970,0.219577638
0.903289042,-0.077075226,0.217332786
0.910973905,-0.044993259,0.215617087
0.916776895,-0.012489263,0.214648891
0.920355923,0.020344996,0.214705034
0.921276795,0.053324200,0.216163758
0.919030130,0.086093994,0.219505151
0.913061139,0.118038825,0.225272017
0.902818744,0.148167734,0.233976913
0.887975111,0.175124011,0.245833704
0.868824629,0.197599660,0.260518157
0.846116989,0.214785729,0.277163872
0.816862418,0.221387358,0.276438944
0.787434957,0.226881353,0.279953572
0.759274728,0.232315947,0.296286762
0.729693061,0.234189162,0.310834190
0.698942494,0.233087077,0.322800206
0.667437121,0.230121614,0.332209163
0.635368703,0.225879650,0.338837339
0.602899883,0.220963781,0.342309626
0.570232578,0.216151224,0.342704055
0.537537389,0.212277571,0.340236745
0.504997174,0.210592432,0.334920622
0.472969448,0.212963321,0.327357784
0.442399649,0.221938944,0.318954849
0.415065255,0.238994239,0.312150848
0.391834216,0.262140108,0.308614178
0.371397820,0.288072219,0.307924676
0.352033739,0.314816190,0.309016648
0.332511041,0.341390767,0.311049420
0.312022728,0.367192940,0.313459968
0.290006736,0.391701065,0.315854497
0.266020486,0.414308538,0.317921666
0.239691475,0.434178175,0.319351927
0.210745332,0.450012990,0.319731104
0.179258477,0.459626202,0.318649986
0.147638041,0.455659369,0.326164269
0.117805338,0.443871096,0.321354941
0.097835220,0.432376747,0.301937433
0.082024404,0.416362708,0.280899769
0.068370974,0.393414096,0.261511191
0.057699915,0.371244879,0.239489627
0.048116230,0.350902750,0.215301234
0.037444948,0.333225499,0.189536684
0.022310133,0.319106413,0.163898863
-0.001729777,0.309742292,0.143730123
-0.032898750,0.303085401,0.135894445
-0.064861253,0.295129515,0.137554847
-0.095783995,0.285129762,0.143429780
-0.125934206,0.273443374,0.150190018
-0.155586018,0.259853320,0.155322766
-0.183248548,0.241998363,0.156764886
-0.206032316,0.219662721,0.149660876
-0.223786752,0.204516494,0.128474065
-0.226518330,0.186542911,0.101098907
-0.225701420,0.174849122,0.070252173
-0.225558666,0.166540067,0.038289644
-0.228520737,0.158766034,0.006344416
-0.237069797,0.147065959,-0.023173256
-0.251294844,0.125358731,-0.042858623
-0.262608252,0.095113881,-0.048516148
-0.267549865,0.062579879,-0.046409698
-0.269273910,0.030048372,-0.040953626
-0.269929096,-0.002431993,-0.034986725
-0.275777039,-0.033896169,-0.031318193
-0.272154929,-0.065971018,-0.035498671
-0.257774058,-0.087171482,-0.052931859
-0.257282142,-0.103764507,-0.081292193
-0.261724328,-0.114944137,-0.112029486
-0.269487648,-0.125241035,-0.142436470
-0.279076169,-0.137356361,-0.171618617
-0.288514983,-0.153709512,-0.198657615
-0.299627994,-0.177861977,-0.213912829
-0.297775395,-0.207275065,-0.225602836
-0.281273235,-0.234875384,-0.232091394
-0.256503531,-0.256414164,-0.234941509
-0.228223849,-0.273438396,-0.234866012
-0.199148099,-0.288706154,-0.231394379
-0.169568201,-0.302584037,-0.226548205
-0.141113792,-0.318025529,-0.220157660
-0.113025850,-0.334705550,-0.215686520
-0.083973704,-0.349076449,-0.221200939
-0.061770846,-0.357091642,-0.241016577
-0.047315595,-0.376394640,-0.262562557
-0.039034429,-0.400711102,-0.283287771
-0.033819960,-0.427087812,-0.302461178
-0.029616232,-0.455050431,-0.319523267
-0.025185550,-0.484393976,-0.334017506
-0.019402676,-0.514670603,-0.345848528
-0.011162376,-0.545321770,-0.354914400
0.001011839,-0.575356206,-0.361089553
0.018524147,-0.603011127,-0.363920964
0.037110064,-0.621871015,-0.345312415
0.065789227,-0.637156836,-0.342509190
0.098009417,-0.643961680,-0.341759334
0.130918578,-0.643405759,-0.343597417
0.162922162,-0.637419174,-0.348975168
0.193561445,-0.627252579,-0.355903879
0.222955268,-0.613540510,-0.362081933
0.251208732,-0.596802365,-0.365439446
0.278233425,-0.577813682,-0.365798742
0.304123290,-0.557294552,-0.365868834
0.329074251,-0.535712040,-0.364340008
0.353326658,-0.513674886,-0.360179498
0.377291279,-0.491652857,-0.354502303
0.401609232,-0.470025777,-0.348816269
0.427088654,-0.449433060,-0.344637146
0.454592813,-0.431257734,-0.343021146
0.484633356,-0.417634795,-0.342553150
0.516318602,-0.410615387,-0.343835591
0.542894048,-0.411198257,-0.362281613
0.575313895,-0.414728865,-0.358061850
0.606765647,-0.421411945,-0.350558385
0.636947089,-0.429933157,-0.340211446
0.665807035,-0.439260904,-0.327160055
0.693206514,-0.448735798,-0.311358680
0.719197920,-0.457838876,-0.293151971
0.743749552,-0.466212889,-0.272716164
0.766685753,-0.473431751,-0.250058221
0.787851288,-0.479012800,-0.225324106
0.807432541,-0.482838415,-0.199022344
0.825396189,-0.484594181,-0.171381995
0.841758956,-0.483964764,-0.142709517
0.856404793,-0.480239002,-0.113353920
0.869687104,-0.473465459,-0.083893706
0.881670280,-0.462903472,-0.055000577
0.892687190,-0.448344569,-0.027503259
0.895991322,-0.427263811,-0.003482273
0.884834684,-0.400987496,0.012935732
0.887731742,-0.373381708,0.029093709
0.897836491,-0.344692885,0.041897606
0.907717384,-0.314326420,0.050275488
0.917527586,-0.283144107,0.054954786
0.931404027,-0.253316904,0.057518979
0.948558921,-0.225112825,0.058640801
0.965719057,-0.196893563,0.058223614
0.979565427,-0.167035707,0.055904316
0.987137403,-0.135242701,0.051511865
0.991758583,-0.102993331,0.046029575
0.995293440,-0.070700196,0.040021602
0.997614690,-0.038359601,0.033694474
0.997825942,-0.005976471,0.027187908
0.995722550,0.026350691,0.020736043
0.991453481,0.058526371,0.014598327
0.985241758,0.090489934,0.009031260
0.977366739,0.122221118,0.004297638
0.968164141,0.153739660,0.000665642
0.957975522,0.185085130,-0.001553050
0.947143161,0.216288848,-0.001973902
0.935988897,0.247319127,-0.000058139
0.924793451,0.278001357,0.004819404
0.913733603,0.307894873,0.013419925
0.902722842,0.336136097,0.026470246
0.890943476,0.361327144,0.044215393
0.878195315,0.382393815,0.066165139
0.864356566,0.398731983,0.091262883
0.849272349,0.410391265,0.118198489
0.832753378,0.417709591,0.145817560
0.814726602,0.421371294,0.173224609
0.794986448,0.421669851,0.199683314
0.773654277,0.419411368,0.224770315
0.750688206,0.414966956,0.248057424
0.726128455,0.408784069,0.269223083
0.700061290,0.401326672,0.288044515
0.672572651,0.393053779,0.304339869
0.643755242,0.384465252,0.317977784
0.613543407,0.376273377,0.328483699
0.582195261,0.369309265,0.336144583
0.549830976,0.364839300,0.340869835
0.516896999,0.364775572,0.342852639
0.484507890,0.370919722,0.342872000
0.454241787,0.383975625,0.342031674
0.426879094,0.402417679,0.341305997
0.401838959,0.423953622,0.341040858
0.378076260,0.446904918,0.341173635
0.354695299,0.470245002,0.341536713
0.331049812,0.493314733,0.341978355
0.306688259,0.515625263,0.342391899
0.281283796,0.536739036,0.342714349
0.254594299,0.556199834,0.342921453
0.226443891,0.573472989,0.343022397
0.196721978,0.587860444,0.343051865
0.165434576,0.598386280,0.343054277
0.132861691,0.603611588,0.343039594
0.099972608,0.601635972,0.342865218
0.068976400,0.590637301,0.342018224
0.042926161,0.570700183,0.339539940
0.023476373,0.544591427,0.334485792
0.009891196,0.515631793,0.326408937
0.000509124,0.486031639,0.315208281
-0.006416522,0.456982022,0.301121143
-0.012238064,0.429139398,0.284335043
-0.018448518,0.403067380,0.265036807
-0.026986104,0.379136829,0.243964258
-0.036820615,0.351821988,0.235027658
-0.057316054,0.334226134,0.216374462
-0.085981343,0.321179733,0.207055114
-0.117183433,0.310507255,0.206169749
-0.148264593,0.299791960,0.209380491
-0.179045127,0.288439389,0.213264419
-0.209096938,0.275092427,0.216336807
-0.237445561,0.258250313,0.217706658
-0.262144085,0.236496900,0.216163169
-0.279309912,0.209469205,0.209029478
-0.284294677,0.181653915,0.192614543
-0.279537319,0.160256595,0.168110413
-0.271558107,0.145318168,0.139791379
-0.264203889,0.133999420,0.109652131
-0.259447338,0.123546850,0.078693247
-0.258741162,0.110230664,0.048751349
-0.254256041,0.088921337,0.028255160
-0.261979772,0.059443337,0.016537788
-0.267299887,0.026934192,0.016889810
-0.268878073,-0.005617046,0.022156214
-0.266685179,-0.037954573,0.028464415
-0.260485106,-0.070065068,0.032868999
-0.250966980,-0.101429562,0.030746412
-0.246505817,-0.129741026,0.015871091
-0.237374085,-0.145452854,-0.011400684
-0.234321982,-0.154925082,-0.042851786
-0.235197123,-0.163546907,-0.074719841
-0.237775283,-0.174464383,-0.105773452
-0.238922514,-0.190621688,-0.134461858
-0.226950570,-0.202894308,-0.158588081
-0.211391098,-0.228677886,-0.171153934
-0.188356578,-0.252149360,-0.171978716
-0.162039315,-0.271448079,-0.167113431
-0.133485040,-0.286648494,-0.160528640
-0.102931737,-0.297655556,-0.154623699
-0.070960380,-0.305155673,-0.151169137
-0.038641340,-0.311568131,-0.152502101
-0.008811318,-0.319566427,-0.163543113
0.011349413,-0.327344117,-0.185906687
0.023177988,-0.335724351,-0.212789949
0.032726513,-0.354779728,-0.238011211
0.041119984,-0.376252913,-0.261660128
0.050198485,-0.399518395,-0.283266950
0.061527374,-0.423882546,-0.302448569
0.075481897,-0.452353697,-0.302026810
0.093643844,-0.469067946,-0.320802594
0.116175575,-0.480172563,-0.337977342
0.147550598,-0.487837035,-0.343920626
0.180343799,-0.485364215,-0.345079679
0.211668710,-0.475382355,-0.342549538
0.240705212,-0.460380362,-0.337932150
0.267513269,-0.441857565,-0.332581810
0.292314329,-0.420628840,-0.327587834
0.315289714,-0.397207515,-0.323800948
0.336666595,-0.372121353,-0.321592225
0.357171561,-0.346269105,-0.319944938
0.372734548,-0.320104052,-0.328784295
0.390540294,-0.294546279,-0.335922001
0.414396180,-0.271919088,-0.338646845
0.442208529,-0.256772412,-0.337900716
0.472238119,-0.249265908,-0.331761832
0.501521265,-0.244997755,-0.342168892
0.525227910,-0.244536805,-0.361724116
0.557839366,-0.248487077,-0.365111994
0.590347620,-0.254280463,-0.365590517
0.622648660,-0.260799397,-0.363439304
0.654612354,-0.267459203,-0.358458757
0.686087905,-0.273682536,-0.350602184
0.716899911,-0.278896429,-0.339906441
0.746905103,-0.282608694,-0.326630147
0.775967541,-0.284360813,-0.311064411
0.803912027,-0.283601312,-0.293508851
0.830462112,-0.279542332,-0.274302031
0.855275339,-0.271303999,-0.254151652
0.878075542,-0.258431643,-0.234069549
0.898332601,-0.240372081,-0.215313390
0.915551115,-0.217281751,-0.199242562
0.929471907,-0.190115626,-0.186745124
0.939346156,-0.159976104,-0.177659290
0.944906647,-0.128037808,-0.171462732
0.946662966,-0.095291411,-0.167632755
0.945299218,-0.062354153,-0.165652944
0.941450594,-0.029552212,-0.165161050
0.935789944,0.002985278,-0.165871480
0.928867444,0.035239712,-0.167634768
0.921161502,0.067248915,-0.170370246
0.913067764,0.099071173,-0.174020037
0.904872793,0.130755051,-0.178545123
0.896436882,0.162287999,-0.183643471
0.886947010,0.193545717,-0.188578073
0.876623744,0.224584223,-0.193219320
0.867909311,0.255917810,-0.198972933
0.861189807,0.287530038,-0.205817688
0.855297547,0.319322040,-0.212604055
0.848924500,0.351302274,-0.217857725
0.840977287,0.383278200,-0.219882551
0.830989992,0.414593901,-0.217035782
0.821023982,0.445194560,-0.209667760
0.813016421,0.475091200,-0.198208343
0.807269150,0.503393723,-0.182250306
0.803602312,0.529148772,-0.161953161
0.801380610,0.551751549,-0.138006058
0.799835802,0.570843789,-0.111120288
0.798227764,0.586674021,-0.082187446
0.795889590,0.599046774,-0.051663996
0.792497968,0.608619934,-0.020250444
0.787679045,0.615410140,0.011698724
0.781143350,0.619550844,0.043792763
0.772753462,0.621309913,0.075659500
0.762527124,0.621025488,0.107021103
0.750495269,0.618944835,0.137687262
0.736321610,0.615001668,0.167269732
0.719798340,0.609400661,0.195309726
0.701307279,0.602710149,0.221822618
0.680745687,0.595180073,0.246529369
0.658009592,0.587211117,0.269107051
0.631434867,0.576529057,0.280559904
0.601901503,0.562576139,0.276807686
0.573261875,0.558282764,0.292650402
0.549436818,0.560496548,0.313019296
0.530392206,0.567350888,0.336955532
0.498618279,0.573179216,0.343642382
0.467694102,0.583998812,0.347614506
0.437910819,0.598212254,0.347964487
0.409183424,0.614078769,0.344300258
0.381249600,0.630609622,0.338159303
0.353674138,0.647420424,0.331191885
0.326086459,0.664476593,0.324915078
0.298321825,0.681822765,0.320519391
0.270306085,0.699168014,0.318137013
0.241675530,0.715487068,0.315820998
0.212358373,0.730589621,0.313915544
0.182583603,0.744886468,0.314198336
0.152344011,0.757969747,0.316534737
0.121492975,0.769128223,0.320360417
0.089874242,0.777442417,0.325006509
0.057503386,0.781699999,0.329865572
0.024867437,0.780381878,0.334484073
-0.006774263,0.772209423,0.338798895
-0.035513054,0.757059107,0.344296662
-0.057771381,0.735004355,0.343734144
-0.072259771,0.709862570,0.330393377
-0.086771324,0.680950438,0.336761054
-0.096125648,0.649621050,0.341208525
-0.101422900,0.617082184,0.342997686
-0.103949599,0.584179904,0.341810119
-0.104865755,0.551442061,0.337639738
-0.105064453,0.519201985,0.330495023
-0.105563701,0.487753982,0.320443504
-0.107561085,0.457329347,0.307773897
-0.112987137,0.428290203,0.293065260
-0.124544820,0.400991730,0.278934050
-0.138257441,0.373012332,0.279306388
-0.164092519,0.353783130,0.272494049
-0.194099096,0.341393882,0.267096614
-0.225062977,0.330921942,0.262966287
-0.253823633,0.314992790,0.265933635
-0.281135367,0.296913826,0.270109594
-0.305564612,0.275525131,0.276052007
-0.326589236,0.250853108,0.282283519
-0.343691488,0.222921252,0.286151229
-0.354934614,0.192099109,0.284019216
-0.356121660,0.161175455,0.273304347
-0.357643778,0.143048676,0.248918313
-0.343214277,0.122654862,0.227457910
-0.327201621,0.107847930,0.202689018
-0.312210760,0.096108279,0.175708232
-0.299584440,0.085055728,0.147265164
-0.290634629,0.071598942,0.118509875
-0.285016244,0.050746575,0.094176698
-0.277008543,0.022276153,0.083424895
-0.277265395,-0.010591517,0.081546536
-0.275086273,-0.043255741,0.085797713
-0.269696956,-0.075255525,0.091918213
-0.260489107,-0.106505674,0.097236232
-0.246599754,-0.136353869,0.098553274
-0.227915446,-0.161761622,0.089915780
-0.218306379,-0.180812596,0.068275771
-0.207252717,-0.188880470,0.038758912
-0.200345208,-0.193116912,0.006755668
-0.196385174,-0.198399723,-0.025606071
-0.192427337,-0.207485944,-0.057078833
-0.183489952,-0.222998181,-0.084573203
-0.163708009,-0.243337723,-0.100609099
-0.136148445,-0.260936801,-0.103937539
-0.105805829,-0.273506681,-0.100891838
-0.073941789,-0.280456204,-0.095872497
-0.041335999,-0.282530562,-0.091123144
-0.008419796,-0.281438590,-0.088875343
0.024058868,-0.279692693,-0.093729695
0.051108952,-0.281200876,-0.111930005
0.068254965,-0.287806324,-0.139216844
0.079937878,-0.298702965,-0.168103590
0.090325992,-0.312575489,-0.196217586
0.101825311,-0.328528193,-0.222747507
0.116463912,-0.345260630,-0.247137225
0.136110709,-0.363400037,-0.261752759
0.161969884,-0.376636308,-0.270284542
0.193395543,-0.375547769,-0.279558084
0.223932916,-0.363758740,-0.282872023
0.251119637,-0.345093473,-0.282617875
0.274899968,-0.322305891,-0.280406566
0.295778567,-0.296924681,-0.277170888
0.314334727,-0.269835610,-0.273576753
0.331212879,-0.241629282,-0.270282716
0.347256146,-0.212830281,-0.268155355
0.363777542,-0.184243034,-0.268542586
0.376245437,-0.156733064,-0.280808781
0.396189776,-0.135838833,-0.295809328
0.423174184,-0.124292790,-0.310767538
0.452152815,-0.119255132,-0.325732802
0.482372734,-0.117764028,-0.338956033
0.513604800,-0.118083654,-0.349675215
0.545573864,-0.119000615,-0.357913702
0.578182312,-0.119651961,-0.363088071
0.611107732,-0.119335317,-0.365564387
0.644047088,-0.117195373,-0.365195780
0.676555549,-0.112368273,-0.362139050
0.707943319,-0.103772642,-0.356673530
0.724680556,-0.093253627,-0.332034585
0.746711492,-0.075388966,-0.317757464
0.767240784,-0.050933198,-0.309636758
0.781522667,-0.021855346,-0.303555224
0.790007084,0.009864987,-0.300417022
0.793579722,0.042674528,-0.300074723
0.793177799,0.075633108,-0.301997417
0.789525132,0.108257364,-0.305589085
0.783111102,0.140311164,-0.310311372
0.774272272,0.171680291,-0.315689125
0.763266102,0.202316111,-0.321298933
0.750324302,0.232213218,-0.326765476
0.735664610,0.261392548,-0.331757299
0.719523767,0.289904712,-0.335980407
0.702177153,0.317837392,-0.339173773
0.683995604,0.345347227,-0.341188232
0.665600024,0.372760497,-0.342470463
0.647554498,0.400427990,-0.343035546
0.630544360,0.428741742,-0.342610113
0.615519630,0.458093662,-0.340781813
0.603708784,0.488679589,-0.336947089
0.596356263,0.520164652,-0.330367034
0.593901310,0.551556755,-0.320527874
0.595718153,0.581737348,-0.307306746
0.600566907,0.609944664,-0.290863865
0.607139778,0.635901902,-0.271552285
0.614443900,0.659549033,-0.249691913
0.621730428,0.680922109,-0.225599745
0.628422597,0.699918943,-0.199431286
0.634189848,0.716812556,-0.171645440
0.638609594,0.731430017,-0.142347670
0.641245987,0.743680913,-0.111799017
0.642179900,0.754017295,-0.080486425
0.641300084,0.762518071,-0.048617887
0.638307395,0.769117932,-0.016400487
0.632849072,0.773818157,0.015841881
0.624681566,0.776806981,0.047709376
0.613711194,0.778426835,0.078813937
0.599960512,0.779093888,0.108824815
0.583069665,0.779220481,0.137185781
0.561273538,0.775873551,0.160103557
0.533579511,0.759602140,0.165205565
0.506507195,0.758573148,0.181833261
0.478271815,0.764042174,0.198005418
0.448528655,0.772279042,0.209704294
0.418510561,0.783346752,0.217861008
0.388772327,0.796647760,0.223291012
0.359440379,0.811445052,0.226732706
0.330412258,0.827097520,0.228669753
0.301493105,0.843054151,0.229394076
0.272477724,0.858848733,0.229079894
0.243184444,0.874070604,0.227804849
0.213473882,0.888350720,0.225631254
0.183253115,0.901347861,0.222618474
0.152478588,0.912748089,0.218852099
0.121153784,0.922266699,0.214457993
0.089332539,0.929704821,0.209637406
0.057125472,0.935418958,0.205013896
0.024595048,0.939527031,0.200994579
-0.008210353,0.941828301,0.197886271
-0.041186459,0.942155480,0.196026904
-0.074155888,0.940228796,0.195875717
-0.106803884,0.935746522,0.197954262
-0.138587190,0.928312237,0.202876302
-0.168618239,0.917491811,0.211231931
-0.195687512,0.903001635,0.223274994
-0.218518582,0.884850291,0.238663145
-0.236161345,0.863365869,0.256412278
-0.248656148,0.839233760,0.275131157
-0.252966820,0.809713321,0.280225963
-0.253900594,0.778213339,0.280499089
-0.256136443,0.749838545,0.297209183
-0.255331249,0.720187362,0.311705940
-0.252456734,0.689611864,0.323839676
-0.247913631,0.658192996,0.332935729
-0.242529394,0.626208143,0.339116968
-0.236941558,0.593831494,0.342386042
-0.231867240,0.561208240,0.342703964
-0.228360151,0.528488293,0.339980225
-0.227886284,0.495917802,0.334637523
-0.232719983,0.464085547,0.327506111
-0.245112584,0.434399796,0.320448401
-0.264890819,0.408437712,0.315899497
-0.288471805,0.385361398,0.316309540
-0.313070777,0.363759950,0.320675627
-0.337790838,0.342702376,0.326759799
-0.362571339,0.321618391,0.332487864
-0.387306451,0.300055711,0.336257034
-0.410998748,0.277169324,0.338679520
-0.432980526,0.252579408,0.339111112
-0.453220268,0.227225794,0.333072600
-0.469039363,0.199183373,0.325997406
-0.476795861,0.167370684,0.322872472
-0.474537837,0.134898174,0.318315751
-0.461408249,0.106094538,0.309575214
-0.440759892,0.084059431,0.296483810
-0.417165105,0.068248494,0.279716422
-0.393447090,0.056505844,0.259983552
-0.371035519,0.046904370,0.237709002
-0.350716837,0.037523213,0.213424715
-0.333247222,0.025974301,0.187918487
-0.319668399,0.008326011,0.163705553
-0.310978997,-0.018785203,0.147543887
-0.302941194,-0.050399121,0.143901156
-0.291397465,-0.080975281,0.148526342
-0.281164101,-0.111767147,0.154670285
-0.270337165,-0.142470663,0.160234021
-0.259209452,-0.173484017,0.162209262
-0.243623777,-0.202360928,0.159750343
-0.219853931,-0.222997084,0.150867971
-0.192419198,-0.223701268,0.137462809
-0.183376230,-0.232512445,0.109411307
-0.171149138,-0.230854960,0.078803226
-0.162395405,-0.229854457,0.046971663
-0.154163434,-0.231990698,0.015073758
-0.142119504,-0.239516987,-0.014590264
-0.120168102,-0.252846130,-0.034643765
-0.089907799,-0.263622466,-0.040477375
-0.056984658,-0.264561602,-0.038815580
-0.024742558,-0.268619055,-0.032945421
0.007564325,-0.271665348,-0.026748627
0.040339939,-0.273403063,-0.023392634
0.072617843,-0.269708599,-0.027917672
0.096017329,-0.259996396,-0.046040699
0.108691334,-0.253365412,-0.073336359
0.119629098,-0.256985220,-0.104267318
0.129809823,-0.263904701,-0.134914091
0.141883709,-0.272592043,-0.164392387
0.158372486,-0.280952345,-0.191696666
0.181960319,-0.284800540,-0.214126806
0.213052488,-0.286523144,-0.218830488
0.240534361,-0.269116836,-0.223444157
0.263565332,-0.245537524,-0.222593560
0.282487440,-0.218717601,-0.219083831
0.298128788,-0.189995535,-0.214496071
0.311275805,-0.160025002,-0.210025196
0.322824252,-0.129222955,-0.207055343
0.334155469,-0.098236331,-0.207804453
0.347746796,-0.069385747,-0.215835152
0.360926077,-0.048412418,-0.234907041
0.374413420,-0.035943775,-0.259407927
0.398458324,-0.028098630,-0.280622647
0.424515027,-0.022663406,-0.300167185
0.452194478,-0.017861419,-0.317525521
0.481183413,-0.012504534,-0.332415651
0.511057584,-0.005349611,-0.344533680
0.541028114,0.004917212,-0.353791336
0.569787912,0.019721713,-0.360209362
0.595023041,0.040564606,-0.363916436
0.613482894,0.067758686,-0.365475969
0.622996975,0.099266800,-0.365854164
0.623915704,0.132213789,-0.365851430
0.618032770,0.164678537,-0.365828762
0.607165381,0.195851229,-0.365849477
0.592588890,0.225482971,-0.365862355
0.575270606,0.253597120,-0.365189840
0.555913904,0.280302721,-0.363401032
0.535095382,0.305804684,-0.360660312
0.513273832,0.330370845,-0.357231554
0.490848301,0.354337713,-0.353460725
0.468240560,0.378144485,-0.349761840
0.446006656,0.402371741,-0.346582120
0.425043640,0.427797030,-0.344342335
0.406875063,0.455335618,-0.343268647
0.393673035,0.485556911,-0.343029160
0.387119027,0.517853966,-0.342108303
0.387589484,0.543815461,-0.357096097
0.391452602,0.573624197,-0.360859521
0.398261942,0.605294198,-0.354459115
0.406765473,0.635855527,-0.345279600
0.416028967,0.665233283,-0.333384312
0.425410419,0.693279140,-0.318693798
0.434408167,0.720039073,-0.301568215
0.442662516,0.745457652,-0.282151121
0.449620317,0.769243489,-0.260301941
0.455018499,0.791485573,-0.236497537
0.458599311,0.812198857,-0.211039527
0.460030385,0.831353079,-0.184183340
0.458746546,0.848843712,-0.156209132
0.454400802,0.864778419,-0.127619761
0.446657552,0.879324782,-0.099022239
0.434988294,0.892611550,-0.071156065
0.419106390,0.904883582,-0.044957731
0.398758729,0.916361398,-0.021644943
0.374337549,0.927218767,-0.002294769
0.346690063,0.937404221,0.012561035
0.316767017,0.946830816,0.022824529
0.285482322,0.955387679,0.029007996
0.253464080,0.962965952,0.031842874
0.221082918,0.969475639,0.032041371
0.188541339,0.974848436,0.030210774
0.155946138,0.979026440,0.026835763
0.123353857,0.981983794,0.022325032
0.090794368,0.983710539,0.017007064
0.058284729,0.984205383,0.011151486
0.025835421,0.983479372,0.004991370
-0.006546589,0.981548306,-0.001263318
-0.038857616,0.978445554,-0.007412726
-0.071096976,0.974220630,-0.013261808
-0.103265670,0.968926400,-0.018607599
-0.135365143,0.962623527,-0.023224729
-0.167392963,0.955374591,-0.026837478
-0.199336914,0.947275864,-0.029138463
-0.231155904,0.938421641,-0.029730642
-0.262741411,0.928907340,-0.028056828
-0.293869635,0.918862504,-0.023508721
-0.324099460,0.908404821,-0.015335211
-0.352668555,0.897631203,-0.002800753
-0.378501502,0.886568854,0.014487697
-0.400568139,0.875061795,0.036146148
-0.418040853,0.862803527,0.061309599
-0.431007654,0.849574820,0.088627034
-0.439586514,0.835070135,0.117022521
-0.444210571,0.819023829,0.145500395
-0.445800697,0.801489578,0.173430228
-0.444534900,0.782243868,0.200234300
-0.440842100,0.761225878,0.225440987
-0.435291192,0.738558477,0.248815045
-0.428243747,0.714243702,0.270040858
-0.420110932,0.688286974,0.288789264
-0.411421455,0.660750091,0.304821345
-0.402789427,0.631776522,0.318100795
-0.394916711,0.601485569,0.328609106
-0.388932122,0.569885317,0.336056353
-0.387234407,0.544204235,0.351899932
-0.387920339,0.518151099,0.365630738
-0.393487939,0.485647888,0.365755891
-0.405849732,0.455081805,0.365056979
-0.423631219,0.427282207,0.364428544
-0.444620924,0.401783160,0.364204422
-0.467145964,0.377616588,0.364337389
-0.490154731,0.353909140,0.364673202
-0.512970133,0.330017146,0.365070004
-0.535093226,0.305484046,0.365427413
-0.556084428,0.279977051,0.365687286
-0.575490721,0.253246903,0.365829734
-0.592801024,0.225117873,0.365869575
-0.607320359,0.195458357,0.365849082
-0.618148428,0.164272534,0.365828682
-0.623946322,0.131792545,0.365851965
-0.622940323,0.098848648,0.365853216
-0.615038031,0.070323023,0.353283011
-0.599733202,0.044127682,0.342474582
-0.575741147,0.021713575,0.340059963
-0.547397888,0.005645899,0.335007992
-0.517335898,-0.005267100,0.326875623
-0.487203168,-0.012872198,0.315746292
-0.457868052,-0.018603694,0.301720572
-0.429839669,-0.023782146,0.285045953
-0.403569270,-0.029884048,0.265993299
-0.379507688,-0.039077796,0.245368455
-0.353030752,-0.050753247,0.235557052
-0.334756256,-0.073024596,0.221057447
-0.323108580,-0.102872620,0.213575224
-0.314720381,-0.134760306,0.211876442
-0.305862124,-0.166555360,0.213072696
-0.294045816,-0.197238299,0.216046357
-0.277998219,-0.225790598,0.220135101
-0.258101570,-0.251949997,0.223145682
-0.233908287,-0.274321544,0.222935455
-0.205540762,-0.289393633,0.216276842
-0.177503223,-0.292795505,0.199816920
-0.156090546,-0.286827402,0.175586472
-0.141055191,-0.277872532,0.147615704
-0.129540433,-0.269578667,0.117796622
-0.118887182,-0.263905407,0.087060769
-0.105445126,-0.262588858,0.057001993
-0.083865844,-0.256747221,0.036569271
-0.054435476,-0.264461280,0.024690422
-0.022691249,-0.273346493,0.024577667
0.009564466,-0.278524574,0.029133895
0.041976166,-0.276821800,0.035014553
0.072993806,-0.267524344,0.039884559
0.101304503,-0.250790212,0.040183193
0.128253013,-0.238186938,0.027304226
0.146522236,-0.234424085,0.004079502
0.150874090,-0.222765384,-0.023899113
0.158493120,-0.221802256,-0.056017224
0.167310450,-0.223232449,-0.087812959
0.179925690,-0.224765953,-0.118262617
0.199040342,-0.221974580,-0.144811663
0.223704383,-0.208292222,-0.161143032
0.248132936,-0.186530216,-0.163907403
0.269548741,-0.161954437,-0.158914004
0.284543932,-0.133239223,-0.152982946
0.294126909,-0.102084345,-0.147756000
0.297290456,-0.069339742,-0.145633632
0.298109234,-0.036430126,-0.147905450
0.304084039,-0.005807260,-0.158000509
0.314874008,0.016488798,-0.179463544
0.329956975,0.030253546,-0.205351128
0.348218682,0.040030482,-0.231066099
0.368871899,0.048790481,-0.255306451
0.391376725,0.058391440,-0.277490439
0.414896650,0.070523123,-0.297226512
0.441206349,0.085518417,-0.300706083
0.462309890,0.107407502,-0.310134920
0.466925789,0.128917054,-0.332926314
0.470972121,0.160717281,-0.339454975
0.465316965,0.193097919,-0.341011600
0.454707143,0.223600147,-0.334443404
0.439875827,0.251750977,-0.325722705
0.419592905,0.277450842,-0.322041085
0.396350726,0.300829228,-0.319990234
0.371254619,0.322252206,-0.318714139
0.344555802,0.341667932,-0.319719560
0.317096894,0.359829896,-0.322459361
0.289913639,0.378219194,-0.326229656
0.264691722,0.399045255,-0.330662711
0.244289597,0.424336523,-0.336123706
0.231418047,0.453636098,-0.343893886
0.226262212,0.485117689,-0.352245115
0.226491581,0.517384184,-0.359192762
0.229906386,0.549900072,-0.363814047
0.235081654,0.582459086,-0.365644926
0.241006465,0.614928754,-0.364692379
0.247006906,0.647181381,-0.360947022
0.252530303,0.679072472,-0.354397102
0.257066495,0.710448438,-0.345136956
0.259873634,0.741041717,-0.333024205
0.260616176,0.770762361,-0.318664248
0.258549548,0.799335515,-0.302272485
0.251486273,0.812472410,-0.275573968
0.240886651,0.822908804,-0.248787133
0.226367250,0.845906039,-0.230111959
0.209721995,0.871391330,-0.220057129
0.195588818,0.901097668,-0.221989391
0.169180122,0.917278406,-0.211399293
0.139170441,0.928135921,-0.203005506
0.107411786,0.935631626,-0.198022134
0.074776385,0.940176964,-0.195885481
0.041808462,0.942134076,-0.196011955
0.008829567,0.941864715,-0.197831288
-0.023977750,0.939578234,-0.200931322
-0.056516654,0.935517971,-0.204929435
-0.088727685,0.929821714,-0.209547331
-0.120588371,0.922652723,-0.214534508
-0.152091299,0.914139431,-0.219682010
-0.183246422,0.904412665,-0.224799197
-0.214082335,0.893617975,-0.229706341
-0.244640056,0.881898617,-0.234218395
-0.274984598,0.869437047,-0.238142411
-0.305198068,0.856438272,-0.241248636
-0.335383976,0.843164068,-0.243255098
-0.365654460,0.829946545,-0.243813596
-0.396106620,0.817226494,-0.242416707
-0.426746148,0.805554749,-0.238464919
-0.457371114,0.795596646,-0.231191277
-0.487427488,0.787962506,-0.219898009
-0.516005411,0.782965652,-0.204180748
-0.542158386,0.780343708,-0.184233122
-0.546284495,0.763351786,-0.158769261
-0.557564405,0.753642282,-0.132857807
-0.575710850,0.752715008,-0.105302866
-0.590561754,0.751543445,-0.075834238
-0.601831402,0.749373746,-0.044875915
-0.610241671,0.745899389,-0.013147797
-0.615895193,0.740764043,0.018957038
-0.619022927,0.733744399,0.051043349
-0.619915311,0.724744445,0.082773214
-0.618797657,0.713670741,0.113850608
-0.615827525,0.700332476,0.143923113
-0.611253711,0.684528806,0.172572316
-0.605508236,0.666186801,0.199431313
-0.599144031,0.645384601,0.224270753
-0.592759143,0.622210837,0.246901877
-0.587220675,0.596380665,0.266704233
-0.583648752,0.568144930,0.283423026
-0.583496170,0.537896685,0.296601648
-0.590435176,0.511007446,0.313481553
-0.602740126,0.489023448,0.334674608
-0.615000878,0.459250547,0.340673146
-0.629915610,0.429847595,0.342573227
-0.646876615,0.401505012,0.343038066
-0.664893587,0.373818316,0.342509282
-0.683286716,0.346402444,0.341247596
-0.701554308,0.318932734,0.339447011
-0.719313884,0.291161700,0.337240748
-0.736251897,0.262906550,0.334750809
-0.752090226,0.234036273,0.332096815
-0.766553872,0.204457501,0.329409050
-0.779340403,0.174107101,0.326842733
-0.790131619,0.142969822,0.324585485
-0.798530073,0.111073273,0.322871282
-0.804030583,0.078522890,0.321994224
-0.805969853,0.045565001,0.322318653
-0.803454539,0.012715987,0.324277445
-0.795506513,-0.019047488,0.328243259
-0.781301061,-0.048167254,0.334309824
-0.760701838,-0.072720513,0.341968781
-0.734905202,-0.091595719,0.350038277
-0.709877025,-0.099624447,0.330112055
-0.679488322,-0.110049342,0.336377987
-0.647415311,-0.116272651,0.341054347
-0.614586733,-0.119212942,0.342888395
-0.581600238,-0.120122950,0.341873101
-0.548848383,-0.119796217,0.337674267
-0.516577155,-0.119224478,0.330699495
-0.485092951,-0.119397694,0.320723109
-0.454637315,-0.121779659,0.308199829
-0.425604121,-0.128473302,0.294048172
-0.399099887,-0.142548323,0.280528972
-0.376907517,-0.165067280,0.271437819
-0.358821977,-0.192444486,0.268060792
-0.342507387,-0.221148148,0.268751897
-0.325729177,-0.249376274,0.272307582
-0.307509297,-0.276434202,0.277497781
-0.287302934,-0.301903767,0.283317933
-0.264655251,-0.325298363,0.288811719
-0.239071203,-0.345753456,0.292845445
-0.210139523,-0.361505542,0.293778164
-0.178564657,-0.369218668,0.289089607
-0.148516966,-0.365584763,0.276556147
-0.131973867,-0.364300015,0.251642599
-0.113515189,-0.348416886,0.229676468
-0.099747937,-0.331451988,0.204924745
-0.088487143,-0.315921739,0.178041121
-0.077312070,-0.302951290,0.149806836
-0.062968538,-0.293792398,0.121572377
-0.040346682,-0.289770205,0.098249861
-0.009320030,-0.289456585,0.087742527
0.023641693,-0.288620360,0.087673809
0.056191233,-0.285320105,0.092136476
0.088067452,-0.278880426,0.097879550
0.119103392,-0.268700146,0.102654593
0.148562919,-0.253959362,0.103631225
0.170007928,-0.231299865,0.097443760
0.181225406,-0.208967947,0.077665061
0.187166143,-0.196539375,0.047762342
0.190466336,-0.189448947,0.015685749
0.194793497,-0.185056801,-0.016760215
0.202541587,-0.180819275,-0.048557884
0.220131201,-0.178327451,-0.072640237
0.240522977,-0.162484026,-0.090384162
0.256789425,-0.134694516,-0.096523437
0.266369851,-0.103176149,-0.095332938
0.271734194,-0.070916514,-0.090742954
0.275583052,-0.038609673,-0.085002227
0.277348747,-0.005859000,-0.081300682
0.276882906,0.026860936,-0.084616687
0.277296932,0.054736977,-0.101573820
0.282493387,0.072546839,-0.128709873
0.292129114,0.084517343,-0.157922113
0.304981136,0.094982694,-0.186489812
0.319878390,0.106466456,-0.213633791
0.335623452,0.121168168,-0.238639387
0.349811869,0.141451044,-0.260301333
0.365119189,0.168345438,-0.263896923
0.362026511,0.199630380,-0.273161487
0.347421821,0.228673389,-0.278150767
0.325550072,0.253168551,-0.281140099
0.299876277,0.273896567,-0.282121907
0.272542887,0.292359319,-0.280497071
0.244670986,0.309658055,-0.276603907
0.216277467,0.325990613,-0.272435306
0.191065697,0.345696007,-0.264300101
0.164364736,0.364630281,-0.262143543
0.138834985,0.384212601,-0.269137410
0.120482549,0.395604175,-0.291886632
0.110219751,0.422482785,-0.307959659
0.105638565,0.451203792,-0.323572066
0.104102626,0.481220134,-0.337258394
0.103988820,0.512323883,-0.348362824
0.104145324,0.544212467,-0.356941638
0.103723691,0.576757700,-0.362520959
0.102066755,0.609601126,-0.365496766
0.098074401,0.642380661,-0.365494080
0.090838917,0.674479966,-0.362890720
0.079161079,0.704956797,-0.358038962
0.064227427,0.725489659,-0.340414148
0.044856465,0.740309301,-0.321217002
0.017193059,0.757061407,-0.314938472
-0.013919904,0.767061812,-0.310588767
-0.046549113,0.771886139,-0.309942271
-0.079400872,0.772842760,-0.313024823
-0.111860969,0.770535401,-0.318629443
-0.143734804,0.765163676,-0.325403437
-0.174958850,0.756706512,-0.332051211
-0.205431039,0.745164495,-0.337405324
-0.234977539,0.730779435,-0.340644692
-0.263648298,0.714528813,-0.342939648
-0.291625693,0.697092798,-0.345103930
-0.318829905,0.678385736,-0.345677747
-0.345068415,0.658490158,-0.343129655
-0.370673966,0.638165987,-0.338375235
-0.396309646,0.618118277,-0.332682911
-0.422830736,0.599162936,-0.327350581
-0.451017747,0.582454666,-0.323274100
-0.481130631,0.569385970,-0.319780710
-0.512426605,0.560756467,-0.313900889
-0.543927720,0.557257991,-0.304764445
-0.574400335,0.558356405,-0.292151334
-0.602885833,0.562823775,-0.276084191
-0.629074666,0.569121204,-0.257002731
-0.652928892,0.576158242,-0.235290067
-0.674204156,0.583103728,-0.211017960
-0.693183175,0.589348855,-0.184747039
-0.709867171,0.594441671,-0.156736674
-0.724353599,0.598064870,-0.127311954
-0.736723508,0.599963676,-0.096764246
-0.746970053,0.599808371,-0.065359189
-0.755041278,0.597115828,-0.033434759
-0.761289989,0.591831436,-0.001433972
-0.765853245,0.583516131,0.030196354
-0.769210855,0.572226074,0.061039622
-0.785604710,0.571800311,0.088469438
-0.800066410,0.568072957,0.115444151
-0.801665490,0.548438341,0.141928634
-0.799149153,0.523305198,0.161531416
-0.785491550,0.493636155,0.165925379
-0.787506959,0.464160228,0.178628314
-0.796010397,0.434396527,0.190073813
-0.806344853,0.403898528,0.197363590
-0.819002671,0.373774115,0.202089542
-0.835141722,0.345321174,0.206626029
-0.853236163,0.317995633,0.210783024
-0.871585065,0.290687404,0.213754485
-0.888533030,0.262359580,0.214532313
-0.902491212,0.232535847,0.212309517
-0.913366540,0.201693957,0.207635822
-0.923236419,0.170589619,0.202481512
-0.932025131,0.139203646,0.197086450
-0.938872555,0.107437560,0.191177435
-0.943110774,0.075333271,0.184673343
-0.944741765,0.043034390,0.177954221
-0.943983552,0.010656563,0.171459982
-0.941076443,-0.021733451,0.165666353
-0.936290831,-0.054098071,0.161113280
-0.929922279,-0.086391967,0.158370903
-0.922130378,-0.118484150,0.158173282
-0.912980850,-0.150059250,0.161246906
-0.902268983,-0.180439165,0.168433693
-0.889186350,-0.208433875,0.179978493
-0.872767032,-0.232527178,0.195381661
-0.864876873,-0.251669133,0.218155012
-0.864886935,-0.266622449,0.245849777
-0.840821104,-0.276620742,0.266092833
-0.812801418,-0.280477000,0.278439516
-0.779882988,-0.278645404,0.276356249
-0.751339428,-0.278743096,0.291758597
-0.722251036,-0.276796853,0.307250967
-0.692168364,-0.272914956,0.320306339
-0.661169689,-0.267555149,0.330358978
-0.629504628,-0.261479721,0.337484879
-0.597339325,-0.255322911,0.341691473
-0.564812191,-0.249804798,0.342974949
-0.532057794,-0.246031623,0.341213400
-0.499346754,-0.245513571,0.336857249
-0.467328887,-0.250499539,0.330755205
-0.437513236,-0.263124787,0.324699285
-0.411446690,-0.282899570,0.320654911
-0.388777148,-0.306848857,0.319090509
-0.366786917,-0.325428090,0.332169141
-0.345997641,-0.349730681,0.337116809
-0.325499450,-0.375557025,0.339191363
-0.304158590,-0.400713203,0.340915970
-0.281697179,-0.424929778,0.340835864
-0.257554926,-0.447398216,0.339114294
-0.231223180,-0.467107455,0.336246821
-0.202339676,-0.482687856,0.332810827
-0.170959849,-0.492091811,0.329179400
-0.138331329,-0.492457753,0.325041825
-0.107946708,-0.481844452,0.318494216
-0.083737430,-0.462307358,0.307813621
-0.066168127,-0.438453513,0.293349520
-0.053517803,-0.413640723,0.275633779
-0.043643589,-0.389621378,0.255236494
-0.034808939,-0.367373496,0.232481414
-0.025018960,-0.347526377,0.207972846
-0.012589250,-0.326119728,0.189350030
0.006435545,-0.310628585,0.170287066
0.033125915,-0.312741499,0.153577091
0.065337935,-0.306295250,0.150940678
0.097444692,-0.299138869,0.153813953
0.128746598,-0.289869221,0.158824686
0.158980162,-0.277637837,0.163998170
0.187599565,-0.261603124,0.167589059
0.213143095,-0.240823044,0.167021459
0.231767059,-0.215610545,0.157620620
0.232449147,-0.189316714,0.142540913
0.230231465,-0.171466155,0.115728293
0.227565069,-0.160118129,0.084842751
0.225975786,-0.151631580,0.052961802
0.227526773,-0.143285582,0.021060194
0.234310441,-0.130842093,-0.008613915
0.246691744,-0.108181271,-0.028427812
0.258293523,-0.077866508,-0.033216297
0.266232509,-0.046019554,-0.029797194
0.271601677,-0.014027509,-0.023587846
0.273970479,0.018386433,-0.017757199
0.272340259,0.051235347,-0.015397844
0.266235189,0.082794470,-0.021895490
0.259801999,0.106814649,-0.042998041
0.249671967,0.115301834,-0.069874279
0.253025678,0.125669923,-0.101037652
0.259477768,0.135827134,-0.131794767
0.267379221,0.148336321,-0.161308174
0.274273400,0.165809805,-0.188383818
0.274945976,0.190479032,-0.209924816
0.263708332,0.218986015,-0.221298838
0.242898727,0.244353512,-0.223600872
0.217253786,0.264949935,-0.221107866
0.189103078,0.281568362,-0.216473738
0.159439533,0.295142651,-0.211308503
0.128741979,0.306585397,-0.207099169
0.097475177,0.317116405,-0.205986220
0.067782241,0.330126803,-0.210654080
0.046340921,0.353024542,-0.217613804
0.031575796,0.359436510,-0.242971124
0.021603326,0.381531489,-0.265244054
0.015022909,0.406136019,-0.286261630
0.009555485,0.432567869,-0.305287914
0.003860031,0.460472196,-0.322009655
-0.003318529,0.489484317,-0.336062863
-0.013379440,0.518866094,-0.347251591
-0.027705137,0.547380834,-0.355584236
-0.047938768,0.572798344,-0.361019597
-0.074640943,0.591795077,-0.363926121
-0.106006833,0.601703057,-0.364681465
-0.138912670,0.602671642,-0.363303459
-0.171200369,0.596545500,-0.360423346
-0.202027375,0.585352262,-0.356662697
-0.231245614,0.570518945,-0.352565418
-0.258955724,0.552981420,-0.348627872
-0.285328255,0.533372264,-0.345301477
-0.310542955,0.512160197,-0.342968111
-0.334784611,0.489744282,-0.341908939
-0.358355543,0.466598067,-0.341471562
-0.381748709,0.443269909,-0.341133762
-0.405643985,0.420457452,-0.341051975
-0.430974585,0.399267948,-0.341390021
-0.458783744,0.381516056,-0.342173409
-0.489469784,0.369481649,-0.342958556
-0.522049156,0.364426337,-0.342693051
-0.554950903,0.365289862,-0.340331583
-0.587168459,0.370274861,-0.335135276
-0.618342152,0.377496158,-0.327018699
-0.648328232,0.385820680,-0.315979887
-0.677069432,0.394419851,-0.302172295
-0.704400047,0.402666198,-0.285549666
-0.730237409,0.410000515,-0.266309027
-0.754533544,0.415960482,-0.244731807
-0.777235932,0.420110599,-0.221100146
-0.798224095,0.421873525,-0.195666486
-0.817616151,0.420950737,-0.168964248
-0.835459289,0.416882215,-0.141495961
-0.851736985,0.408914172,-0.113904405
-0.869196505,0.398373439,-0.088884949
-0.899787179,0.397609624,-0.077647130
-0.918731468,0.383230354,-0.057404065
-0.930839104,0.360239978,-0.037071505
-0.942029352,0.333611874,-0.021116650
-0.951624477,0.304180519,-0.009686612
-0.959178051,0.272873533,-0.002443514
-0.964692913,0.240528669,0.001263667
-0.968299185,0.207710955,0.002152070
-0.970258328,0.174760741,0.000925498
-0.970854963,0.141850427,-0.001870488
-0.970387657,0.109053161,-0.005810644
-0.969145570,0.076384185,-0.010573384
-0.967401662,0.043826068,-0.015908160
-0.965392143,0.011346429,-0.021616741
-0.963295148,-0.021089359,-0.027539912
-0.961169861,-0.053511494,-0.033526852
-0.958193309,-0.085898380,-0.039328822
-0.954076945,-0.118232884,-0.044710314
-0.949131176,-0.150547540,-0.049473725
-0.947986443,-0.183217524,-0.054018951
-0.950376103,-0.215910928,-0.058090272
-0.952853749,-0.248728277,-0.060892881
-0.951848182,-0.281699004,-0.061281495
-0.944663266,-0.313692567,-0.057944037
-0.935043936,-0.344444483,-0.050730816
-0.925219214,-0.373822581,-0.039324698
-0.915312409,-0.400881127,-0.023240869
-0.891549205,-0.413519657,-0.006343154
-0.866634236,-0.422945379,0.012028102
-0.855519691,-0.440300168,0.037768518
-0.843827687,-0.453401511,0.065715240
-0.830954163,-0.462204406,0.094811866
-0.816647781,-0.467294162,0.124117712
-0.800727502,-0.469138058,0.152977304
-0.783126076,-0.468263457,0.180890083
-0.763729306,-0.464992482,0.207401355
-0.742528407,-0.459742075,0.232150666
-0.719585729,-0.452953871,0.254883898
-0.694961675,-0.445041961,0.275385506
-0.668702293,-0.436439258,0.293444012
-0.640863260,-0.427667575,0.308879550
-0.611335420,-0.419512657,0.321214205
-0.580420713,-0.412893684,0.330719320
-0.548262060,-0.409294627,0.337212727
-0.521421867,-0.410778856,0.353121081
-0.493915194,-0.415785849,0.365686176
-0.462884016,-0.426952124,0.365842852
-0.434453823,-0.443647486,0.364595595
-0.408520364,-0.463715194,0.360722746
-0.384159278,-0.485345027,0.355243287
-0.360272521,-0.507455498,0.349579185
-0.336052174,-0.529469835,0.345108893
-0.311080416,-0.550976207,0.342931763
-0.285226050,-0.571537923,0.342607295
-0.258303199,-0.590675651,0.342252654
-0.230276718,-0.608060602,0.343707769
-0.201363709,-0.623216566,0.348671796
-0.171424105,-0.635433392,0.355362084
-0.140066910,-0.643653649,0.361555165
-0.107389808,-0.646183724,0.365076701
-0.074846552,-0.641098738,0.365692931
-0.044966781,-0.627291608,0.365832142
-0.025323795,-0.611579990,0.347405368
-0.005794071,-0.586804104,0.341313670
0.008523354,-0.557397047,0.337060960
0.018102357,-0.526667665,0.329765739
0.024696355,-0.495998408,0.319488497
0.029648593,-0.466110411,0.306356516
0.034164444,-0.437485783,0.290512063
0.039785779,-0.410592713,0.272191026
0.048545830,-0.385762743,0.252297289
0.063498978,-0.362850865,0.234504904
0.082390714,-0.338988845,0.229081900
0.111859520,-0.326063900,0.222229651
0.144005761,-0.319646230,0.218281017
0.175678070,-0.310702591,0.218704174
0.205227003,-0.296635609,0.223173976
0.232411956,-0.278848517,0.228892536
0.255848760,-0.256503954,0.235239673
0.275511528,-0.230266173,0.238656392
0.289817803,-0.201130727,0.233871461
0.293379397,-0.172692749,0.218170339
0.287146842,-0.150704865,0.194549055
0.277490348,-0.135208904,0.167073782
0.268080363,-0.123530396,0.137652899
0.260754775,-0.113305733,0.107113623
0.257486541,-0.101929954,0.076556295
0.267364463,-0.089432432,0.050452538
0.262815641,-0.062019164,0.035950816
0.271199723,-0.030862312,0.031813521
0.279920606,-0.000257997,0.034351335
0.278183141,0.032183885,0.040123574
0.270132321,0.063610543,0.046108796
0.257158520,0.093770859,0.049285908
0.241774897,0.122141446,0.043496193
0.227989131,0.142665987,0.022305784
0.220186932,0.153415620,-0.007801545
0.217518235,0.160737869,-0.039883267
0.217785765,0.168593959,-0.071963685
0.218762072,0.179673219,-0.103041355
0.224883085,0.200551385,-0.123809722
0.210339501,0.217112561,-0.146324607
0.187976935,0.238074507,-0.156316513
0.160961626,0.256910107,-0.155958112
0.131406449,0.270886074,-0.151439400
0.100530747,0.281055614,-0.145626467
0.068699171,0.288301372,-0.140637934
0.036160529,0.293604404,-0.139308829
0.004640886,0.298961494,-0.146778342
-0.019709396,0.307848117,-0.166754203
-0.034852024,0.321280903,-0.192749857
-0.045315934,0.338142956,-0.219137942
-0.054435194,0.357646977,-0.244182237
-0.064248530,0.379045929,-0.267339729
-0.076369774,0.401568487,-0.288214739
-0.092906810,0.423767554,-0.306150920
-0.112158716,0.446871009,-0.303176715
-0.141001823,0.459249702,-0.312809169
-0.173447264,0.460606218,-0.317848108
-0.205270898,0.452283756,-0.319641518
-0.234695227,0.437364050,-0.319512415
-0.261376012,0.417943776,-0.318709646
-0.285392860,0.395289040,-0.318114585
-0.307064105,0.370366314,-0.317841142
-0.326831007,0.343900026,-0.317920611
-0.345323044,0.316527807,-0.318424042
-0.363483467,0.288953975,-0.319592447
-0.382746428,0.262235731,-0.322004057
-0.405074641,0.238406802,-0.326635909
-0.431867387,0.220790102,-0.334109171
-0.461649739,0.211976581,-0.340709584
-0.490624653,0.211013402,-0.331768321
-0.522999496,0.211155868,-0.338197454
-0.555653928,0.214232172,-0.341992096
-0.588353610,0.218759133,-0.342853376
-0.620936431,0.223726492,-0.340808743
-0.653197833,0.228343355,-0.335486366
-0.684981023,0.231958698,-0.327319311
-0.716106210,0.233997798,-0.316499065
-0.746217917,0.233476718,-0.302984831
-0.775077321,0.229778706,-0.287410876
-0.802213060,0.221895350,-0.270373676
-0.827003165,0.208911870,-0.252918603
-0.848736470,0.190395717,-0.236419620
-0.866609862,0.166498556,-0.222383180
-0.880322012,0.138444494,-0.211759066
-0.890034380,0.107705593,-0.204709620
-0.896189981,0.075505216,-0.200836660
-0.899310184,0.042657941,-0.199513412
-0.899793320,0.009640419,-0.200171817
-0.898011019,-0.023274103,-0.202286114
-0.894230542,-0.055936926,-0.205452865
-0.888637495,-0.088259615,-0.209356655
-0.881432743,-0.120202911,-0.213720498
-0.872773493,-0.151750179,-0.218321903
-0.862789461,-0.182898173,-0.222963430
-0.851651330,-0.213674003,-0.227461411
-0.839517619,-0.244117298,-0.231638330
-0.826564436,-0.274288053,-0.235302384
-0.813010459,-0.304273917,-0.238237922
-0.799124592,-0.334187666,-0.240185569
-0.785248232,-0.364161123,-0.240804902
-0.771831426,-0.394323327,-0.239637321
-0.759461808,-0.424737634,-0.236070123
-0.752183263,-0.456371956,-0.232722793
-0.756083659,-0.489048020,-0.235090952
-0.758095569,-0.520828148,-0.228244811
-0.756091324,-0.548106757,-0.209810889
-0.756024562,-0.572399426,-0.187466436
-0.742084324,-0.576779325,-0.159902303
-0.732914933,-0.585163803,-0.131966957
-0.733182548,-0.601352614,-0.103198053
-0.732798095,-0.614589394,-0.072950658
-0.731141455,-0.624665190,-0.041548236
-0.727926408,-0.631990357,-0.009510079
-0.722994517,-0.636876434,0.022786016
-0.715827014,-0.639147818,0.054957920
-0.706441015,-0.639277704,0.086609540
-0.694870806,-0.637621909,0.117467186
-0.680984862,-0.634388510,0.147226366
-0.664646378,-0.629864317,0.175545479
-0.645827368,-0.624478054,0.202133212
-0.624125547,-0.618781329,0.226354913
-0.599836795,-0.613595341,0.248096564
-0.572926763,-0.609935310,0.266855719
-0.543644648,-0.609198096,0.282052841
-0.512874796,-0.612510755,0.293476911
-0.481823323,-0.620432147,0.301349732
-0.451671887,-0.632694592,0.306873861
-0.422758201,-0.648119711,0.310977994
-0.394881891,-0.665544069,0.314227881
-0.367661631,-0.684078926,0.316871787
-0.340693471,-0.703049581,0.318960839
-0.313632714,-0.721945512,0.320434517
-0.286198188,-0.740336602,0.321186611
-0.258174995,-0.757831067,0.321119697
-0.229415463,-0.774056096,0.320177230
-0.199832221,-0.788639420,0.318362198
-0.169399398,-0.801215346,0.315768404
-0.138199108,-0.811730530,0.313101730
-0.106304200,-0.820043943,0.310962687
-0.073798117,-0.825729972,0.309641586
-0.040873807,-0.828238149,0.309500521
-0.007925702,-0.826851441,0.310974188
0.024292897,-0.820685275,0.314521202
0.054492302,-0.808851113,0.320447324
0.080970332,-0.790976081,0.328551161
0.102137535,-0.767518242,0.337956427
0.117481201,-0.739863147,0.347310494
0.125130691,-0.711649062,0.338202769
0.131196804,-0.681573948,0.335165565
0.135217139,-0.649233056,0.340396095
0.136539218,-0.616329496,0.342819453
0.136120954,-0.583323046,0.342175911
0.134868488,-0.550527627,0.338536571
0.133652309,-0.518187574,0.331989688
0.133501937,-0.486543483,0.322549516
0.135934310,-0.455848904,0.310635257
0.143388443,-0.426625942,0.297290854
0.158670862,-0.400153361,0.285108102
0.181830926,-0.377920968,0.277848606
0.208357292,-0.358318402,0.277528539
0.235203996,-0.339586278,0.281891967
0.261730544,-0.320914034,0.288152923
0.288093873,-0.301904931,0.294071327
0.314136223,-0.282011100,0.298201114
0.338379259,-0.259797767,0.301221133
0.362700491,-0.238518435,0.295245194
0.381492442,-0.212535790,0.289186433
0.389898254,-0.181069726,0.284725493
0.381518866,-0.151084856,0.284879822
0.367523108,-0.125627077,0.271057331
0.350588973,-0.107243033,0.249562982
0.332896447,-0.093689144,0.225210891
0.316391180,-0.082784952,0.198765506
0.302048327,-0.072475846,0.170860058
0.290914471,-0.060212690,0.142313530
0.290577037,-0.044491817,0.116071426
0.292197421,-0.018523062,0.098973077
0.288529412,0.013924347,0.095603949
0.280746365,0.045704401,0.099958684
0.273331171,0.077267083,0.106284907
0.265120542,0.108764291,0.111869846
0.257472444,0.140837936,0.113117221
0.242479308,0.169633066,0.108858681
0.218657523,0.185101431,0.096079612
0.199208295,0.190158384,0.071877096
0.189124819,0.193478449,0.040645414
0.183036110,0.196310099,0.008310665
0.178492077,0.201347841,-0.024006305
0.172275659,0.211016245,-0.054896044
0.166487695,0.233143310,-0.074957583
0.142360945,0.251689108,-0.086784541
0.110937992,0.260925694,-0.088988546
0.078717288,0.267044453,-0.085545000
0.046879895,0.273243266,-0.079312515
0.015014690,0.279626048,-0.073388777
-0.017584483,0.284095377,-0.071611219
-0.049082082,0.283560072,-0.080508198
-0.067964102,0.274788319,-0.103016446
-0.082797747,0.280898438,-0.131793695
-0.093812276,0.291000117,-0.161235659
-0.104520165,0.303862886,-0.189707700
-0.117167647,0.318362128,-0.216543572
-0.134122991,0.332761860,-0.240898639
-0.157741174,0.343385295,-0.261141629
-0.187746217,0.353188330,-0.262163592
-0.218564887,0.343483455,-0.268025365
-0.243146210,0.323191842,-0.273534737
-0.262424287,0.297456000,-0.278336275
-0.283047662,0.271924471,-0.274729030
-0.301460001,0.244963214,-0.269712994
-0.319134119,0.217794841,-0.263308709
-0.336444716,0.190269358,-0.257481908
-0.353770768,0.162293202,-0.254891860
-0.372250671,0.135317813,-0.258851349
-0.394269536,0.113934705,-0.270606399
-0.420295732,0.101291047,-0.286343436
-0.448679834,0.095177188,-0.302027481
-0.478569187,0.092476179,-0.315795605
-0.509639276,0.091280812,-0.326909437
-0.541549695,0.090325987,-0.335365117
-0.574113184,0.088473435,-0.340532215
-0.606839420,0.084853027,-0.342865268
-0.639167095,0.078245088,-0.342245399
-0.667418144,0.069348838,-0.349916221
-0.693071129,0.058003654,-0.360666134
-0.719134027,0.038577474,-0.355378564
-0.733358905,0.016207528,-0.336909170
-0.741775495,-0.010476950,-0.321155782
-0.748744156,-0.042553146,-0.317995317
-0.749850851,-0.075499541,-0.316477648
-0.746278451,-0.108319498,-0.316285490
-0.739033487,-0.140529339,-0.317046886
-0.728814966,-0.171905816,-0.318453205
-0.716207957,-0.202384204,-0.320244047
-0.701617333,-0.231954747,-0.322224137
-0.685411470,-0.260671336,-0.324235545
-0.667905835,-0.288622727,-0.326153730
-0.649398355,-0.315935620,-0.327872062
-0.630222699,-0.342801688,-0.329296941
-0.610756315,-0.369476406,-0.330328452
-0.591486481,-0.396307587,-0.330838338
-0.573092780,-0.423747011,-0.330629718
-0.556563392,-0.452311783,-0.329368300
-0.543274422,-0.482391380,-0.326496236
-0.534664473,-0.513805438,-0.321270324
-0.531457355,-0.545574097,-0.312997096
-0.533005077,-0.576429480,-0.301399597
-0.537975473,-0.605429261,-0.286434834
-0.544786114,-0.632277687,-0.268479014
-0.552356113,-0.656986876,-0.247924002
-0.559859562,-0.679184112,-0.224659928
-0.566691125,-0.699212332,-0.199327628
-0.572425157,-0.717079679,-0.172177381
-0.576747098,-0.732850093,-0.143498111
-0.579347188,-0.746532910,-0.113539481
-0.579565181,-0.757865423,-0.082505784
-0.577481604,-0.767321071,-0.050933953
-0.572853876,-0.775028949,-0.019156915
-0.564994590,-0.780995005,0.012355126
-0.554107090,-0.785784023,0.043154952
-0.546038900,-0.796084618,0.071148888
-0.548143252,-0.818015405,0.095768530
-0.530460199,-0.822955192,0.121834779
-0.507334523,-0.826755193,0.145077292
-0.481011923,-0.831996068,0.164276579
-0.452336957,-0.839059618,0.179004564
-0.422234030,-0.847965542,0.189211593
-0.391513613,-0.858321955,0.195479468
-0.360630590,-0.869612039,0.198578824
-0.329762881,-0.881359000,0.199177533
-0.298931400,-0.893154990,0.197911908
-0.268048220,-0.904543758,0.195113558
-0.236974330,-0.914955719,0.190951273
-0.205686863,-0.924181557,0.185724091
-0.174177429,-0.932077335,0.179710269
-0.142450908,-0.938563992,0.173175037
-0.110515275,-0.943566062,0.166359119
-0.078386874,-0.947052619,0.159506162
-0.046086894,-0.949021815,0.152859490
-0.013637589,-0.949456858,0.146680472
0.018929745,-0.948365230,0.141252781
0.051570042,-0.945758069,0.136889177
0.084209730,-0.941586273,0.133999023
0.116717155,-0.935823418,0.133021745
0.148845447,-0.928342022,0.134553907
0.180150838,-0.918970065,0.139256766
0.209887508,-0.907471653,0.147789576
0.236907309,-0.893562452,0.160638191
0.259859401,-0.877040854,0.177612646
0.277798233,-0.857842149,0.197551812
0.290334842,-0.836207660,0.219075001
0.298082452,-0.812587824,0.240780353
0.301607714,-0.787208058,0.261585355
0.301887875,-0.760381846,0.280816181
0.299405109,-0.732183799,0.297804148
0.295044427,-0.702903354,0.312408746
0.289318948,-0.672664990,0.324353990
0.282782359,-0.641616899,0.333493606
0.276039153,-0.609866845,0.339561086
0.269848445,-0.577567847,0.342555344
0.265158168,-0.544887983,0.342657531
0.263425298,-0.512035060,0.340006657
0.263058305,-0.485600964,0.356585261
0.270255629,-0.454065413,0.350257010
0.285234335,-0.425220400,0.344891673
0.306414485,-0.400106694,0.341929213
0.330800096,-0.377848269,0.341251982
0.356350045,-0.356922069,0.342080704
0.381979477,-0.336139899,0.343740117
0.407028669,-0.314694818,0.345756269
0.430969785,-0.292026612,0.347805534
0.453248019,-0.267711536,0.349650208
0.473157946,-0.241404808,0.351086103
0.489686117,-0.212841235,0.351884038
0.501284209,-0.181963167,0.351697588
0.505849646,-0.149518594,0.349057283
0.505827477,-0.121806590,0.331404351
0.492761922,-0.093626334,0.321500918
0.470068288,-0.073639876,0.322463318
0.444613771,-0.058213060,0.315183115
0.419218395,-0.046141636,0.297893170
0.394570409,-0.036901838,0.277951033
0.371456660,-0.028856894,0.255773111
0.350454857,-0.020423606,0.231722608
0.332084503,-0.009369655,0.206636165
0.317271111,0.008179870,0.183097077
0.307314593,0.035319739,0.167744076
0.302044926,0.067462033,0.162865539
0.297648772,0.100178402,0.163702493
0.290940365,0.132339272,0.167007352
0.279932194,0.163142357,0.171380766
0.264017916,0.191797634,0.175238180
0.243484104,0.217568631,0.175571646
0.217794181,0.236438404,0.168734058
0.189122845,0.237203864,0.156376828
0.170664637,0.236733595,0.129162477
0.158196902,0.233300533,0.098797541
0.149004921,0.230533867,0.067194498
0.140483418,0.230558308,0.035293947
0.128859520,0.235328513,0.004854085
0.107925890,0.246064269,-0.017704535
0.078800915,0.259235320,-0.024872890
0.048068627,0.270949802,-0.022380018
0.016296380,0.277729866,-0.016689266
-0.016185511,0.277895818,-0.010866293
-0.047061381,0.268663162,-0.007569112
-0.077347238,0.257048039,-0.011117261
-0.104758188,0.258136362,-0.026155355
-0.115945155,0.245939633,-0.051420990
-0.126894020,0.247041539,-0.082526278
-0.136579069,0.251778248,-0.113742585
-0.147872981,0.258521627,-0.144032383
-0.163355678,0.265152136,-0.172391375
-0.185629601,0.267320855,-0.196405209
-0.213462782,0.258557370,-0.211046743
-0.240901235,0.240699634,-0.213701246
-0.265098408,0.218797878,-0.208949924
-0.284641453,0.193003412,-0.202597833
-0.298863897,0.163656445,-0.197484844
-0.309118674,0.132539047,-0.194017935
-0.313554112,0.099870087,-0.195577818
-0.320972623,0.068178771,-0.200561942
-0.335815048,0.041780588,-0.212131868
-0.360109359,0.025901370,-0.223549373
-0.381579427,0.014173120,-0.245666984
-0.405657615,0.006393987,-0.266882671
-0.431816703,0.000000000,-0.286008708
