# meshed torus II achiral_de015 strand A (canonical 3601 points, closed: last = first)
x,y,z
0.423174238,0.000000000,0.298924976
0.436334606,0.023803686,0.305556218
0.452826763,0.045725896,0.300298234
0.462740893,0.071331516,0.307046469
0.468106062,0.095160962,0.319415515
0.471308125,0.117833944,0.334493733
0.478702026,0.144476365,0.340449416
0.486992311,0.170669777,0.338376899
0.494537593,0.196514330,0.331339289
0.498272042,0.224327896,0.334863215
0.500224165,0.251270664,0.341467967
0.499490694,0.273449716,0.358850603
0.500663622,0.301322003,0.362552876
0.500984750,0.329547291,0.364283378
0.500785146,0.355367737,0.353899798
0.498825009,0.380998771,0.343103283
0.495312826,0.409057448,0.342519329
0.490768583,0.436936330,0.341857183
0.487363733,0.461735687,0.354386334
0.482967246,0.487771363,0.362251663
0.476347978,0.515154688,0.359740408
0.468687237,0.542149641,0.356361413
0.458973355,0.563077936,0.340864539
0.447744135,0.582626539,0.324352454
0.436504134,0.607954414,0.318794992
0.424388374,0.632859095,0.313057127
0.413186830,0.658362195,0.312032231
0.405412582,0.684373401,0.319929259
0.394136937,0.709778207,0.320027629
0.379536873,0.732726800,0.312271200
0.364126592,0.754938726,0.303957242
0.347177854,0.772542527,0.290893108
0.329193621,0.779956733,0.270397547
0.310195623,0.792814944,0.254755448
0.291346959,0.811332212,0.244665991
0.271835421,0.828884037,0.234121083
0.253412734,0.848486470,0.226675677
0.240242247,0.873475075,0.227889696
0.223937551,0.895716381,0.224170723
0.203039118,0.910309592,0.211968240
0.181603220,0.923645937,0.199216263
0.159692763,0.935481181,0.185880114
0.137810491,0.936707079,0.168567506
0.116823725,0.931440457,0.150360997
0.093955842,0.932507109,0.134285792
0.070372797,0.940060710,0.120620614
0.046568789,0.946425611,0.106735048
0.022702844,0.952774028,0.093041186
0.002212180,0.969947470,0.084225852
-0.017682225,0.987914457,0.075491993
-0.040999276,0.994235585,0.061599506
-0.064802001,0.995245715,0.046355860
-0.088572519,0.995047938,0.031030063
-0.111866227,0.991635874,0.015679797
-0.131209738,0.976564935,0.001891553
-0.149146813,0.958639130,-0.010598712
-0.171092923,0.948399890,-0.024593883
-0.194547948,0.942476943,-0.039247951
-0.217710636,0.935347010,-0.053829491
-0.240855081,0.929351468,-0.068620619
-0.263573990,0.935354423,-0.084188332
-0.285973350,0.940554835,-0.100415912
-0.307736793,0.932020379,-0.115751084
-0.328481496,0.919414244,-0.130266455
-0.348703607,0.905740492,-0.144551178
-0.366337584,0.887653994,-0.156291915
-0.376676119,0.861727184,-0.160418437
-0.388660791,0.836980127,-0.165825832
-0.406889981,0.819254324,-0.178135837
-0.424771823,0.801196912,-0.190550783
-0.442063744,0.782527443,-0.202864795
-0.461226988,0.771660006,-0.220184476
-0.480159247,0.763989430,-0.239701737
-0.496382173,0.747180472,-0.254796572
-0.509781702,0.724754286,-0.265635666
-0.522299042,0.701603475,-0.275995384
-0.532072308,0.676315142,-0.282415333
-0.534946343,0.648668886,-0.277474038
-0.540626849,0.621439260,-0.277222897
-0.550558023,0.596329975,-0.285640946
-0.559491152,0.570680166,-0.293530754
-0.569168222,0.547799108,-0.305911984
-0.579937753,0.531130631,-0.326033052
-0.586904916,0.507034334,-0.337616163
-0.591138542,0.479645886,-0.343265337
-0.594298517,0.451978866,-0.348147485
-0.593933934,0.424777070,-0.342026511
-0.592409642,0.398414834,-0.332187553
-0.593207625,0.370338764,-0.334206036
-0.593289045,0.342218021,-0.337235450
-0.593117860,0.315872121,-0.345688065
-0.592579022,0.293351752,-0.362628329
-0.589026578,0.265760955,-0.365789785
-0.584213019,0.237890384,-0.365962961
-0.578976508,0.211728755,-0.358629524
-0.574150765,0.188126635,-0.344011640
-0.567268585,0.160898376,-0.341682585
-0.559228018,0.133833955,-0.340063369
-0.549085760,0.110265632,-0.350903302
-0.537746914,0.085601617,-0.354790639
-0.526237564,0.060092639,-0.350693359
-0.517598013,0.037364087,-0.338081918
-0.509124870,0.015206785,-0.324336817
-0.495464885,-0.009027448,-0.319231861
-0.478697181,-0.030847810,-0.320962782
-0.460158801,-0.051089731,-0.323394915
-0.443594207,-0.072752948,-0.315893063
-0.433476381,-0.092565700,-0.299894191
-0.419408270,-0.112720031,-0.287634440
-0.400278788,-0.132057868,-0.280354151
-0.375699279,-0.145504884,-0.282950205
-0.355442618,-0.162683398,-0.273288638
-0.342179873,-0.180354786,-0.257261838
-0.324938697,-0.197024012,-0.243858946
-0.301230756,-0.209122637,-0.236922301
-0.275796221,-0.217476145,-0.231936777
-0.255010827,-0.230565106,-0.218544946
-0.239949121,-0.246183398,-0.201645123
-0.215917316,-0.255346768,-0.190324040
-0.189127088,-0.255944539,-0.184472011
-0.166551047,-0.264536416,-0.170236966
-0.148722864,-0.277303538,-0.153781272
-0.123685392,-0.279388238,-0.142164966
-0.098576034,-0.275975433,-0.132185415
-0.077969789,-0.284432311,-0.116442384
-0.054973679,-0.288512722,-0.101714189
-0.031460364,-0.278761438,-0.091227292
-0.007564229,-0.276496127,-0.076385050
0.014073696,-0.283423514,-0.061144195
0.036670967,-0.275226554,-0.047587165
0.057593142,-0.263712333,-0.033981470
0.080725765,-0.265922724,-0.019566085
0.103419177,-0.258192409,-0.004884059
0.119292278,-0.240492811,0.008841269
0.141963759,-0.234146259,0.023285036
0.164571502,-0.226872952,0.036947545
0.176803157,-0.207453156,0.051608247
0.195633431,-0.192926147,0.066804110
0.219577941,-0.185280752,0.078171268
0.234143468,-0.167024725,0.092933153
0.243991056,-0.146894742,0.108489041
0.265340661,-0.133624755,0.119011154
0.281930092,-0.115187825,0.131685102
0.285518213,-0.093420323,0.148291874
0.297734878,-0.072273902,0.162459948
0.318085298,-0.054724764,0.168959452
0.328533026,-0.031776842,0.181734862
0.327297119,-0.010189885,0.199424636
0.336217938,0.013550561,0.211880220
0.352359994,0.036112604,0.215297742
0.358483903,0.061327804,0.226548250
0.353792001,0.081756927,0.244708644
0.357407090,0.107205522,0.256363580
0.365965728,0.133118196,0.259541027
0.370506145,0.159791282,0.265062116
0.369351443,0.185381323,0.276108347
0.362244318,0.205261888,0.293991561
0.360732562,0.232060387,0.302908274
0.363030640,0.259275491,0.301055785
0.361120587,0.286658363,0.303377630
0.355556052,0.313456482,0.310413296
0.345849464,0.332859698,0.328344559
0.338069939,0.358092565,0.337367508
0.330140767,0.384698058,0.342600620
0.325176091,0.410518352,0.332926013
0.315463080,0.436557784,0.333011852
0.303725184,0.462085022,0.336258421
0.291307495,0.482919686,0.349916235
0.278433591,0.504561043,0.361348928
0.264542643,0.529106773,0.363473493
0.250057707,0.552932645,0.361979002
0.237151295,0.572746054,0.346540359
0.220406565,0.594804358,0.342916138
0.202445932,0.616635890,0.342047074
0.185073818,0.637279728,0.347867207
0.169667285,0.656360046,0.361722588
0.150362949,0.676777594,0.361201979
0.130159898,0.696371819,0.358397113
0.109735564,0.713403149,0.350300139
0.090852414,0.724208480,0.332271135
0.069133492,0.737971388,0.321583502
0.046106072,0.753469506,0.316151002
0.022600771,0.768064859,0.310335750
0.001554376,0.785594582,0.315518274
-0.018793014,0.803593061,0.322840440
-0.042913775,0.816743756,0.316623583
-0.067456601,0.828296890,0.308615350
-0.092192589,0.838308593,0.299390572
-0.113665339,0.839267883,0.281351844
-0.134156723,0.837050233,0.262054325
-0.159118949,0.841578190,0.250014636
-0.184882077,0.847049623,0.239705533
-0.210685230,0.851365981,0.228957203
-0.236260279,0.861721716,0.225206606
-0.260562008,0.876118438,0.226173474
-0.286352018,0.882690905,0.218430218
-0.311680716,0.883549352,0.205872760
-0.336837069,0.883257027,0.192948533
-0.360365395,0.879352316,0.178377556
-0.375877025,0.864747716,0.159980872
-0.391559368,0.849483053,0.142233237
-0.415151510,0.843097228,0.128149682
-0.439036952,0.836782845,0.114381309
-0.462472825,0.829343580,0.100403885
-0.487914774,0.827595241,0.088932761
-0.514405017,0.832505926,0.080347027
-0.540143255,0.832990571,0.069250371
-0.561767346,0.822768723,0.054255105
-0.582318282,0.810771395,0.038968403
-0.602195822,0.797769776,0.023612645
-0.616657031,0.779374790,0.008687792
-0.621541571,0.754469033,-0.003732254
-0.629758375,0.731002370,-0.016583016
-0.646710006,0.713764496,-0.031208436
-0.663283473,0.696118183,-0.045833282
-0.679030526,0.677680926,-0.060387570
-0.699910615,0.667274137,-0.075752220
-0.722797390,0.662181365,-0.091533098
-0.740533639,0.648177396,-0.107557491
-0.752257199,0.627002150,-0.122190267
-0.762990562,0.605163695,-0.136606498
-0.772176716,0.582339260,-0.150462162
-0.772097503,0.555454858,-0.158241701
-0.767861591,0.527832868,-0.162553730
-0.769776628,0.501421263,-0.171460188
-0.776251909,0.476935819,-0.184049434
-0.781614708,0.452013081,-0.196299133
-0.787973908,0.428341063,-0.209890691
-0.801110573,0.412650222,-0.229311755
-0.811404769,0.394613418,-0.248002656
-0.812384550,0.368934210,-0.259657068
-0.811686711,0.342734162,-0.270288884
-0.809567926,0.316306124,-0.280041455
-0.800588891,0.289843131,-0.280241926
-0.789162016,0.264305229,-0.276229781
-0.782798294,0.237525097,-0.281251294
-0.777706391,0.210931309,-0.289424267
-0.771527751,0.184431079,-0.297126309
-0.770274886,0.162081544,-0.313733814
-0.769278537,0.141474286,-0.332854401
-0.759983617,0.116050526,-0.340379727
-0.748882868,0.090594571,-0.345739390
-0.736164250,0.065776991,-0.347758604
-0.721220115,0.044858514,-0.336171909
-0.706816185,0.021592046,-0.332285299
-0.692808776,-0.002747687,-0.335651496
-0.677974385,-0.026555809,-0.339073905
-0.665673815,-0.046988764,-0.353985233
-0.650812727,-0.067493548,-0.365435949
-0.632645147,-0.089164739,-0.365951596
-0.613717114,-0.110123604,-0.365344696
-0.597551741,-0.127735262,-0.350864207
-0.579401209,-0.146570674,-0.342332273
-0.558870373,-0.165978378,-0.340998080
-0.537617873,-0.183705145,-0.343799311
-0.516056987,-0.197750655,-0.355273684
-0.493102668,-0.213855050,-0.352934789
-0.469943257,-0.229268485,-0.348042580
-0.453905223,-0.243783900,-0.330151819
-0.431509597,-0.258095637,-0.321999813
-0.406901310,-0.271077984,-0.317095688
-0.380792287,-0.277628716,-0.325123829
-0.355055801,-0.287401963,-0.320039516
-0.330765321,-0.297490043,-0.310392420
-0.313345423,-0.309831926,-0.292119545
-0.287520437,-0.317744074,-0.283795602
-0.260407632,-0.320344913,-0.281971706
-0.233323522,-0.321460968,-0.278778934
-0.207835827,-0.325972405,-0.267693942
-0.189128605,-0.335921984,-0.249388296
-0.162930726,-0.337907725,-0.238941591
-0.136184652,-0.330351041,-0.237091390
-0.110321539,-0.328547131,-0.226142212
-0.089592441,-0.334341586,-0.209275234
-0.065148078,-0.333457181,-0.195998450
-0.041038589,-0.322378229,-0.189260214
-0.016956526,-0.314107555,-0.178025729
0.004664742,-0.316309724,-0.161473703
0.028141496,-0.310349312,-0.147550839
0.047445068,-0.292476994,-0.139639693
0.069557070,-0.282260789,-0.125309233
0.091886244,-0.281425708,-0.108979300
0.111830090,-0.267131115,-0.095766942
0.126959540,-0.247542433,-0.084354909
0.148272185,-0.239614567,-0.068949879
0.168082388,-0.227160672,-0.054163104
0.177547218,-0.204454214,-0.042071057
0.194691792,-0.188306718,-0.026765537
0.214931760,-0.177130142,-0.012653817
0.222927813,-0.155040269,0.001209780
0.232981992,-0.133877015,0.016239254
0.252603681,-0.119691975,0.029202121
0.261681878,-0.097669928,0.043907750
0.262714946,-0.074701808,0.058969653
0.276919686,-0.055186658,0.071682066
0.287042398,-0.033161993,0.084907626
0.282300601,-0.011212810,0.100678932
0.287419759,0.012468241,0.115142775
0.299635639,0.035272959,0.124607065
0.298796991,0.058936683,0.139060695
0.292111398,0.079930332,0.155124762
0.296007705,0.105030529,0.165815507
0.299027287,0.130629092,0.175097428
0.291127427,0.151829762,0.190246108
0.282731862,0.173022640,0.205476498
0.281954101,0.199208938,0.213134276
0.278843345,0.225343024,0.220519124
0.268171053,0.246740751,0.234314641
0.254995142,0.264641684,0.250491754
0.245150405,0.288973853,0.260706176
0.240463829,0.316401810,0.259937609
0.227395091,0.339670075,0.269304708
0.211433581,0.355151134,0.285557491
0.195795662,0.374116446,0.298273690
0.180542908,0.396543080,0.305612813
0.168954519,0.421460736,0.300022489
0.150918647,0.442205393,0.306567185
0.132151257,0.458687100,0.318020874
0.113651827,0.471278313,0.334036105
0.093462266,0.490155167,0.340036712
0.073814964,0.509490175,0.339016278
0.054671938,0.528264859,0.331181543
0.031755432,0.544468702,0.334626116
0.008549670,0.558975446,0.340357449
-0.011367047,0.568432065,0.357962633
-0.035409774,0.582153355,0.362395300
-0.060284618,0.595489490,0.364225737
-0.083535827,0.607375816,0.354880593
-0.106889847,0.617434100,0.343299338
-0.133381006,0.627294036,0.342580991
-0.160213094,0.636143722,0.341702394
-0.184083552,0.644558025,0.353429281
-0.208903783,0.652696745,0.362409913
-0.236248868,0.659487719,0.359942022
-0.263766184,0.665244011,0.356838648
-0.287235080,0.666593689,0.342129608
-0.309355838,0.665496446,0.324944309
-0.336963124,0.667169202,0.319187584
-0.364656029,0.667948259,0.313491230
-0.392473327,0.669492688,0.311739054
-0.419176356,0.674522563,0.319533577
-0.446890817,0.676629603,0.320572241
-0.474001809,0.674300095,0.312856138
-0.500833843,0.670908119,0.304579600
-0.524885303,0.664435682,0.292206844
-0.539830499,0.651983054,0.271715594
-0.559384275,0.640720731,0.255467895
-0.584533505,0.632576429,0.245410594
-0.609135109,0.623400624,0.234897619
-0.634588796,0.615200024,0.226362412
-0.662779414,0.613556651,0.225918235
-0.690646492,0.610481841,0.223613606
-0.714021092,0.599538654,0.212434161
-0.735752369,0.586675390,0.199696028
-0.756425838,0.572735465,0.186409037
-0.767886560,0.553993456,0.169178882
-0.772852247,0.532954696,0.150945460
-0.784079487,0.513058107,0.134778707
-0.801668475,0.495620556,0.121121590
-0.818304875,0.477438882,0.107243281
-0.834879351,0.459144271,0.093526850
-0.859391946,0.448657251,0.084600205
-0.884597704,0.439395736,0.075968297
-0.901171725,0.421767547,0.062163155
-0.913059128,0.401118280,0.046923000
-0.923860041,0.379940484,0.031599703
-0.931792412,0.357752924,0.016238388
-0.927493220,0.333645963,0.002399116
-0.919813027,0.309483544,-0.010104431
-0.920559515,0.285263668,-0.024060564
-0.926133139,0.261724536,-0.038716616
-0.930509466,0.237889890,-0.053301739
-0.935641033,0.214491513,-0.068069545
-0.951332853,0.196999588,-0.083629678
-0.966425166,0.179609559,-0.099826996
-0.969143821,0.156451979,-0.115208637
-0.967538371,0.132235294,-0.129731927
-0.964744296,0.107989822,-0.144025453
-0.957061196,0.083985939,-0.155914131
-0.938928902,0.062809581,-0.160170176
-0.922256735,0.040866822,-0.165406109
-0.914860979,0.016523563,-0.177676998
-0.907100338,-0.007668970,-0.190105070
-0.898456130,-0.031622014,-0.202387174
-0.897412082,-0.053716078,-0.219573676
-0.899418807,-0.074039006,-0.239102071
-0.892267458,-0.096147311,-0.254385834
-0.878559230,-0.118377735,-0.265242139
-0.863801583,-0.140160182,-0.275620152
-0.846011572,-0.160561021,-0.282288141
-0.822833664,-0.175926594,-0.277513435
-0.801123835,-0.193356259,-0.276906235
-0.783428691,-0.213745259,-0.285340618
-0.764799214,-0.233502081,-0.293250554
-0.748721160,-0.252665062,-0.305339986
-0.738930355,-0.269924490,-0.325464730
-0.721019248,-0.287215642,-0.337396372
-0.698676311,-0.303604473,-0.343068217
-0.675609660,-0.319182852,-0.348057030
-0.651283669,-0.331489690,-0.342271853
-0.627202412,-0.342217908,-0.332282318
-0.602637890,-0.355821380,-0.334081264
-0.577730139,-0.368868737,-0.337135515
-0.554124337,-0.380891952,-0.345210604
-0.533988714,-0.390815095,-0.362283020
-0.507948338,-0.400382399,-0.365769570
-0.481000294,-0.408968882,-0.365967350
-0.455236078,-0.416406113,-0.359078150
-0.432144575,-0.422974770,-0.344296810
-0.404861245,-0.429426783,-0.341731823
-0.377139650,-0.434787810,-0.340079284
-0.351450345,-0.436762251,-0.350510054
-0.324440385,-0.437996105,-0.354929567
-0.296495102,-0.439555650,-0.350856768
-0.272092106,-0.442237128,-0.338706112
-0.248766129,-0.445064921,-0.324515927
-0.220958931,-0.444127490,-0.319432589
-0.193797353,-0.439499381,-0.320727284
-0.167345519,-0.432226780,-0.323662105
-0.140477115,-0.427527105,-0.316181582
-0.117989516,-0.427385956,-0.300582949
-0.093847830,-0.424501171,-0.287932958
-0.067842207,-0.416604555,-0.280428543
-0.044562111,-0.401015211,-0.283087886
-0.019984568,-0.390820772,-0.273669415
0.001968717,-0.386768403,-0.257971033
0.024570726,-0.379601218,-0.244244651
0.046450572,-0.364471048,-0.236898785
0.065409832,-0.345449894,-0.232379555
0.086614571,-0.332672588,-0.219208841
0.107436746,-0.326896462,-0.202088820
0.126830234,-0.310042585,-0.190553574
0.139571677,-0.286321591,-0.184967041
0.157496252,-0.269868241,-0.170890771
0.177187450,-0.260338755,-0.154272142
0.190962343,-0.239346663,-0.142397370
0.199177944,-0.215244547,-0.132720739
0.215895708,-0.200368503,-0.117063169
0.230443248,-0.182353169,-0.102238464
0.232920923,-0.157120961,-0.091679002
0.241577878,-0.134679867,-0.076969692
0.257836637,-0.118758219,-0.061684824
0.261512427,-0.094980176,-0.047992503
0.260464711,-0.071055964,-0.034553322
0.272761909,-0.051426783,-0.020098832
0.276884322,-0.027863633,-0.005426620
0.268382184,-0.005607855,0.008267084
0.272698539,0.017534368,0.022846218
0.277224693,0.040843695,0.036401177
0.266002320,0.060802281,0.051030453
0.261367582,0.084040177,0.066263276
0.265755622,0.108837550,0.077636220
0.256700288,0.130539803,0.092339336
0.242992633,0.148212406,0.107940385
0.240655565,0.173117504,0.118732960
0.232402622,0.196504457,0.131177890
0.214930851,0.209962729,0.147671838
0.201646480,0.230331328,0.161945468
0.195473063,0.256474761,0.168491805
0.180004235,0.276427848,0.181214221
0.160282667,0.285292797,0.198887599
0.143123496,0.303760892,0.211700626
0.130895981,0.328504545,0.214865448
0.111437207,0.345709797,0.226017014
0.091174627,0.351370174,0.243883830
0.070264289,0.365935846,0.255834838
0.051043626,0.385166936,0.259603745
0.029696792,0.401853062,0.264612562
0.006346520,0.413071170,0.275260085
-0.014435065,0.415513766,0.293551017
-0.038894316,0.426547575,0.302492625
-0.062597710,0.440485554,0.302535888
-0.087495797,0.452240496,0.303145485
-0.113913497,0.459874516,0.309762078
-0.135652881,0.460493494,0.326978674
-0.161071939,0.464635371,0.337071293
-0.188316033,0.469833610,0.342502228
-0.213624977,0.477280647,0.333349832
-0.241096937,0.480848560,0.332837191
-0.269156800,0.482220835,0.336111254
-0.293629858,0.480916105,0.349153413
-0.318501977,0.479370525,0.361226599
-0.346685923,0.478381046,0.363382019
-0.374577605,0.476502103,0.362374797
-0.398218347,0.474229404,0.347144076
-0.425348802,0.469605831,0.342941700
-0.453008274,0.463757200,0.342104742
-0.479804597,0.457585446,0.346273153
-0.504197022,0.452525521,0.359614493
-0.531033513,0.445084558,0.361266549
-0.557735363,0.436185207,0.358477373
-0.582353053,0.425924272,0.350584519
-0.600665920,0.414164834,0.332566340
-0.622803140,0.401224508,0.321714435
-0.647173681,0.387931845,0.316296720
-0.670944405,0.373783693,0.310440422
-0.696185774,0.363094951,0.315453715
-0.721522552,0.353363060,0.322877187
-0.744353581,0.338065799,0.316821808
-0.765923850,0.321610134,0.308828533
-0.786238794,0.304278159,0.299652452
-0.797145544,0.285669265,0.281734052
-0.804554582,0.266481923,0.262381696
-0.819995904,0.246405329,0.250267777
-0.836733227,0.226063609,0.239970721
-0.852460627,0.205151946,0.229232422
-0.873319760,0.187138295,0.225338778
-0.897294626,0.172204450,0.226336087
-0.915133784,0.152409662,0.218747523
-0.927579849,0.130326955,0.206200835
-0.938921436,0.107865297,0.193285405
-0.946433134,0.085174196,0.178772934
-0.940712501,0.064654775,0.160379092
-0.934328523,0.043737063,0.142611324
-0.939421483,0.019873672,0.128491189
-0.944832966,-0.004235473,0.114728174
-0.949039131,-0.028464049,0.100755530
-0.959076656,-0.051879055,0.089236275
-0.975621905,-0.073143696,0.080657840
-0.988049592,-0.095739277,0.069630924
-0.988989936,-0.119645089,0.054647319
-0.987823280,-0.143414458,0.039362716
-0.985455056,-0.167049098,0.024008364
-0.975966479,-0.188432460,0.009055059
-0.956137404,-0.204254318,-0.003389445
-0.938977411,-0.222275573,-0.016219584
-0.931454763,-0.245251449,-0.030842525
-0.923440326,-0.268094155,-0.045469058
-0.914292067,-0.290556224,-0.060017952
-0.912811945,-0.313928993,-0.075397469
-0.917481143,-0.336852932,-0.091288115
-0.915502957,-0.359434738,-0.107630088
-0.902587902,-0.379749174,-0.122404409
-0.888121559,-0.399318062,-0.136817465
-0.871992972,-0.417925694,-0.150628042
-0.847871380,-0.430003558,-0.158192496
-0.821420154,-0.438995815,-0.162536713
-0.799069838,-0.453054400,-0.171656348
-0.780297272,-0.470059149,-0.184241576
-0.760617986,-0.486270406,-0.196484119
-0.742766747,-0.502899782,-0.210232670
-0.735037450,-0.521787963,-0.229726361
-0.723411162,-0.539121029,-0.248244531
-0.700978883,-0.551747298,-0.259818093
-0.677382464,-0.563163575,-0.270440706
-0.652896515,-0.573390437,-0.280116641
-0.625216018,-0.577412342,-0.280019924
-0.597280569,-0.579050967,-0.276059100
-0.570642084,-0.585882806,-0.281379367
-0.544679457,-0.593579516,-0.289543569
-0.518344228,-0.600307756,-0.297330234
-0.498150892,-0.609552633,-0.314196765
-0.479256874,-0.618084088,-0.333197818
-0.452274122,-0.621423793,-0.340464047
-0.424562212,-0.623263275,-0.345814582
-0.396685077,-0.623303792,-0.347547385
-0.371275241,-0.619631739,-0.335849546
-0.343931846,-0.617625008,-0.332339008
-0.315876371,-0.616371937,-0.335697366
-0.287937036,-0.614158432,-0.339234634
-0.264252787,-0.612657480,-0.354388995
-0.239081498,-0.608813240,-0.365447106
-0.211484172,-0.602641015,-0.365955430
-0.184178993,-0.595466131,-0.365239491
-0.161228526,-0.589258537,-0.350459628
-0.136025352,-0.581743530,-0.342317188
-0.109353458,-0.572428875,-0.340974237
-0.083904389,-0.561681187,-0.344066736
-0.061493007,-0.548967161,-0.355429413
-0.036618320,-0.536010045,-0.352873705
-0.012292046,-0.522559065,-0.347886812
0.007897220,-0.515113426,-0.329781953
0.030979850,-0.501647362,-0.321925082
0.053808502,-0.485727566,-0.317097137
0.071573682,-0.465498473,-0.325246542
0.092132752,-0.447208892,-0.319929984
0.112241627,-0.430454466,-0.310059559
0.131226642,-0.420514450,-0.291947911
0.150110796,-0.401176963,-0.283674131
0.164718876,-0.378179632,-0.282149736
0.178308613,-0.354747374,-0.278632112
0.194072828,-0.334316992,-0.267417372
0.211481395,-0.322188332,-0.249193847
0.225257555,-0.299792555,-0.238787736
0.230826795,-0.272910176,-0.236886903
0.240982825,-0.249048810,-0.226112597
0.255716051,-0.233396546,-0.209193594
0.266119325,-0.211198486,-0.195969649
0.267288823,-0.184668838,-0.189300623
0.271103476,-0.159506462,-0.177992943
0.283081108,-0.141390735,-0.161408079
0.288509161,-0.117736167,-0.147519547
0.281949568,-0.092227271,-0.139261532
0.282418122,-0.067757015,-0.125210053
0.292145023,-0.047819744,-0.108939534
0.288525808,-0.023554072,-0.095770571
0.278188688,-0.001091135,-0.084311268
0.281058868,0.021460391,-0.068903229
0.279003710,0.044795647,-0.054121869
0.263183822,0.063641940,-0.042028309
0.256557107,0.086288881,-0.026700979
0.256027663,0.109619841,-0.012468784
0.239885607,0.126700570,0.001362759
0.225899476,0.145526264,0.016434039
0.222315661,0.169468537,0.029386629
0.206793024,0.187469903,0.044093047
0.186995913,0.199121837,0.059162162
0.176413672,0.220859012,0.071763472
0.161275405,0.239811697,0.085087098
0.139535339,0.246005105,0.100938636
0.120867789,0.261414899,0.115358188
0.106097250,0.282554921,0.124895959
0.084670748,0.292286332,0.139447647
0.062959469,0.296373883,0.155419708
0.042596731,0.311668921,0.165847045
0.021090411,0.325791169,0.175364272
-0.001250108,0.328096975,0.190685011
-0.024062684,0.330782298,0.205746439
-0.047604751,0.342430631,0.213057079
-0.072332530,0.351346876,0.220757311
-0.096061675,0.351390694,0.234771423
-0.118204795,0.348208947,0.250729543
-0.144367249,0.350823735,0.260699089
-0.170862802,0.359062566,0.260140547
-0.197537280,0.358140353,0.269498392
-0.218379861,0.350870143,0.286041987
-0.242658733,0.345892120,0.298463284
-0.269632138,0.342780910,0.305516108
-0.297074059,0.343827452,0.300072054
-0.323758575,0.337286411,0.306706630
-0.346729106,0.328095996,0.318551077
-0.366710277,0.317545310,0.334170800
-0.392753500,0.308278585,0.340157608
-0.418952660,0.299835795,0.338685436
-0.444439052,0.291332565,0.331172496
-0.469342808,0.278399819,0.334695804
-0.492725156,0.264471596,0.340811167
-0.510335876,0.251120345,0.358334969
-0.533678305,0.236059726,0.362441771
-0.556951644,0.220090529,0.364258939
-0.578087998,0.204984702,0.354411220
-0.597840516,0.188759988,0.343195356
-0.618771475,0.169753267,0.342563164
-0.638961551,0.149993237,0.341798148
-0.657339989,0.132794785,0.353923792
-0.676033748,0.114356062,0.362363627
-0.694628400,0.093188815,0.359883735
-0.712349378,0.071393023,0.356665602
-0.724106826,0.051290736,0.341548541
-0.733481721,0.030995682,0.324715137
-0.747696433,0.007236659,0.319070514
-0.761107227,-0.017002076,0.313361913
-0.775398658,-0.040914123,0.312004643
-0.792163661,-0.062277016,0.319866672
-0.806598899,-0.086027749,0.320412548
-0.816984393,-0.111175625,0.312686322
-0.826294066,-0.136564638,0.304397909
-0.831242878,-0.160711830,0.291650600
-0.827009295,-0.179691123,0.271150257
-0.826345049,-0.202465542,0.255252353
-0.830665100,-0.228542350,0.245187434
-0.833806363,-0.254606366,0.234662980
-0.838436638,-0.281002495,0.226346678
-0.850103499,-0.306740308,0.226087456
-0.860019144,-0.332940875,0.223572258
-0.860796449,-0.358680958,0.212165821
-0.859348862,-0.383888330,0.199419890
-0.856777743,-0.408824102,0.186322121
-0.847094622,-0.428914411,0.169928225
-0.829979631,-0.441857845,0.151535080
-0.816380275,-0.459727850,0.135008208
-0.809008347,-0.483375322,0.121355004
-0.800537244,-0.506520099,0.107480201
-0.791925004,-0.529655238,0.093762939
-0.793864827,-0.556237927,0.084827557
-0.797274188,-0.582884109,0.076220102
-0.789297664,-0.605736037,0.062431669
-0.776449777,-0.625803105,0.047193215
-0.762632327,-0.645149301,0.031871142
-0.746617383,-0.662437149,0.016507846
-0.723255025,-0.669745681,0.002654836
-0.698274331,-0.674051692,-0.009858340
-0.677101458,-0.685836662,-0.023812260
-0.658779548,-0.701630175,-0.038469266
-0.639644627,-0.716498061,-0.053055888
-0.621214694,-0.731810818,-0.067820549
-0.612897502,-0.753792861,-0.083373789
-0.604437819,-0.775217891,-0.099560754
-0.585168189,-0.788329418,-0.114950080
-0.562938383,-0.798063385,-0.129477182
-0.540135433,-0.806755515,-0.143774960
-0.515308287,-0.811028861,-0.155692462
-0.488163251,-0.804705793,-0.159979230
-0.461006095,-0.799969190,-0.165194615
-0.435989748,-0.804607706,-0.177462605
-0.410945136,-0.808866090,-0.189896266
-0.385700672,-0.812221080,-0.202176525
-0.365578244,-0.821443641,-0.219338637
-0.348475604,-0.832604611,-0.238867636
-0.325591987,-0.836489425,-0.254190122
-0.299549121,-0.834564699,-0.265054297
-0.273420441,-0.831503583,-0.275441166
-0.247120930,-0.825143281,-0.282167027
-0.222797230,-0.811655911,-0.277435793
-0.197343366,-0.800362240,-0.276756888
-0.171097661,-0.794049370,-0.285199584
-0.144982380,-0.786617466,-0.293118822
-0.120154134,-0.780578883,-0.304417428
-0.099453088,-0.778998011,-0.323599881
-0.076376365,-0.772164754,-0.337472978
-0.051550680,-0.759853307,-0.343136711
-0.027109146,-0.746548011,-0.348191079
-0.004655170,-0.730972697,-0.344407017
0.015088538,-0.714582908,-0.332700493
0.038366110,-0.698981589,-0.334036427
0.061417682,-0.682881813,-0.337099146
0.082973070,-0.667450247,-0.345127499
0.101049966,-0.654165085,-0.362222860
0.121527956,-0.635466718,-0.365762192
0.141559850,-0.615500657,-0.365968917
0.160038343,-0.596035252,-0.359156536
0.176490408,-0.578567339,-0.344351051
0.194777817,-0.557327465,-0.341749692
0.212303268,-0.535188982,-0.340105407
0.225914662,-0.513291336,-0.350454391
0.239426430,-0.489895992,-0.354980377
0.253681516,-0.465807932,-0.350916322
0.267368976,-0.444562916,-0.339826424
0.280756368,-0.425556083,-0.324500458
0.292713935,-0.400434067,-0.319415372
0.301036713,-0.374180433,-0.320861486
0.306805636,-0.347356159,-0.323640226
0.314989913,-0.321337214,-0.316157616
0.325255723,-0.301411370,-0.300437689
0.333750096,-0.278543381,-0.287908301
0.338658826,-0.251804470,-0.280473121
0.335520818,-0.223962676,-0.283125973
0.337815850,-0.197466670,-0.273638107
0.344400828,-0.176200808,-0.257851586
0.348346315,-0.152746399,-0.244213494
0.344879386,-0.126367217,-0.236977163
0.336805137,-0.100775702,-0.232343631
0.335296094,-0.076112067,-0.219120262
0.339660369,-0.054927561,-0.202053584
0.333547518,-0.029964695,-0.190571461
0.318411280,-0.007731075,-0.184927146
0.312138474,0.015736391,-0.170815892
0.312640868,0.037617269,-0.154233582
0.300249337,0.059458827,-0.142418157
0.282712475,0.077884603,-0.132677860
0.277318427,0.099578147,-0.117001347
0.267887160,0.120771838,-0.102197568
0.246571479,0.134540735,-0.091656399
0.230699449,0.152599656,-0.076919978
0.224016473,0.174343749,-0.061642839
0.204535095,0.188455693,-0.047979603
0.182865445,0.198616847,-0.034507750
0.171149325,0.218614473,-0.020059732
0.152051408,0.233034973,-0.005385397
0.128390960,0.235747001,0.008312822
0.109895885,0.250309762,0.022865216
0.091212155,0.264961582,0.036443609
0.068319716,0.264098958,0.051077865
0.045564797,0.270770243,0.066303391
0.025560534,0.286048654,0.077677880
0.002149358,0.287882342,0.092393575
-0.019874624,0.283945642,0.107984299
-0.043051011,0.293423200,0.118721349
-0.067625543,0.296751822,0.131217576
-0.087586610,0.287369645,0.147735373
-0.111810855,0.284999256,0.161986819
-0.137869027,0.291557111,0.168519563
-0.162683786,0.286964302,0.181263695
-0.179627348,0.273530263,0.198939821
-0.203931843,0.266805347,0.211738622
-0.231540835,0.267348308,0.214877955
-0.255753522,0.257961968,0.226049853
-0.270035717,0.242534794,0.243972080
-0.292653350,0.230704887,0.255868459
-0.318610935,0.222549686,0.259523817
-0.343204453,0.211201694,0.264640901
-0.363838451,0.195610147,0.275358850
-0.375634996,0.178296943,0.293579162
-0.396682894,0.161653243,0.302519246
-0.420002489,0.147072379,0.302419631
-0.441850825,0.130313197,0.303166597
-0.460781131,0.110367434,0.309781933
-0.471240114,0.091368618,0.327126132
-0.486700498,0.070682420,0.337089816
-0.503860743,0.048885886,0.342477610
-0.522122131,0.029872979,0.333202649
-0.537904455,0.007078165,0.332848134
-0.552030402,-0.017205659,0.336120990
-0.562070872,-0.039485139,0.349332080
-0.572197152,-0.062330637,0.361234453
-0.584282483,-0.087811359,0.363388122
-0.595443076,-0.113419491,0.362246884
-0.604284848,-0.135433968,0.346961934
-0.612671307,-0.161701886,0.342940125
-0.620199462,-0.188952129,0.342100740
-0.627053791,-0.215549171,0.346435394
-0.633784035,-0.239532877,0.359779079
-0.639508132,-0.266816819,0.361257929
-0.643888770,-0.294619466,0.358467331
-0.646594274,-0.321810628,0.352514268
-0.644445732,-0.342887926,0.333932980
-0.642770200,-0.367717857,0.321836765
-0.642209481,-0.395475288,0.316434906
-0.640589449,-0.423085448,0.310541660
-0.642656030,-0.450437738,0.315401193
-0.645713710,-0.477384312,0.322917736
-0.642716121,-0.504711143,0.317010035
-0.638055469,-0.531442618,0.309030954
-0.632052908,-0.557480578,0.299899659
-0.620635002,-0.575862083,0.282090651
-0.607009778,-0.591218201,0.262688672
-0.596266057,-0.614113349,0.250508007
-0.585930054,-0.638348161,0.240222367
-0.574619805,-0.661947578,0.229493641
-0.568133453,-0.688704231,0.225481070
-0.565917214,-0.716862542,0.226497718
-0.556671040,-0.741886402,0.219049057
-0.542813141,-0.763117642,0.206512562
-0.528107161,-0.783540945,0.193605523
-0.511477162,-0.800775253,0.179145858
-0.490650489,-0.805236889,0.160754209
-0.469145966,-0.809145737,0.142967936
-0.450281786,-0.824566820,0.128815292
-0.431380897,-0.840486426,0.115057388
-0.411818649,-0.855391501,0.101089303
-0.395583878,-0.874995095,0.089527748
-0.384312652,-0.899469221,0.080956940
-0.370059821,-0.921009453,0.069993141
-0.349292683,-0.932899108,0.055020193
-0.327662496,-0.942826018,0.039737600
-0.305598152,-0.951624526,0.024384601
-0.282261796,-0.953222921,0.009405845
-0.259085156,-0.942937990,-0.003061443
-0.235202393,-0.935883250,-0.015874247
-0.211339816,-0.939761064,-0.030495135
-0.187375951,-0.943182336,-0.045123261
-0.163220596,-0.945393331,-0.059669523
-0.141738721,-0.954744564,-0.075038646
-0.123541052,-0.969460625,-0.090916613
-0.102637238,-0.978242081,-0.107261258
-0.078663659,-0.976182641,-0.122049098
-0.054632040,-0.972369867,-0.136467690
-0.030673746,-0.967372874,-0.150644646
-0.008323695,-0.953682296,-0.159683534
0.011036889,-0.933355303,-0.163018401
0.033153275,-0.918429237,-0.170864019
0.056902834,-0.909650989,-0.183467785
0.080372032,-0.899717846,-0.195735151
0.103410738,-0.891108297,-0.209216270
0.123859884,-0.892730203,-0.228575061
0.144485474,-0.891068195,-0.247400455
0.166056594,-0.877177921,-0.259134527
0.187085010,-0.861550248,-0.269790530
0.207493863,-0.844667136,-0.279625551
0.224072570,-0.822197980,-0.280104642
0.238339667,-0.798132285,-0.276075635
0.256471554,-0.777396153,-0.280853659
0.275295202,-0.757943254,-0.289052095
0.293406074,-0.737616004,-0.296718261
0.310998493,-0.723506005,-0.313064736
0.327276850,-0.710997680,-0.332308299
0.342745064,-0.688931029,-0.340106747
0.357180885,-0.665213476,-0.345495761
0.370231372,-0.640558721,-0.347835017
0.378778549,-0.616247591,-0.336420500
0.389381456,-0.591096443,-0.332109690
0.401235181,-0.565642230,-0.335505757
0.412167783,-0.539797461,-0.338864033
0.421846099,-0.517842030,-0.353457975
0.430078685,-0.494075811,-0.365368393
0.437353633,-0.466751820,-0.365940792
0.443610661,-0.439201146,-0.365490795
0.448714156,-0.415666265,-0.351407367
0.453654126,-0.390163374,-0.342380708
0.457721161,-0.362204286,-0.341075816
0.460065512,-0.334561476,-0.343493412
0.459173405,-0.308901790,-0.355144818
0.459090384,-0.280870533,-0.353129417
0.458342417,-0.253024870,-0.348396535
0.460860018,-0.231364060,-0.330832656
0.459834974,-0.205022461,-0.322243844
0.456353273,-0.177429140,-0.317234283
0.446827840,-0.152255696,-0.325049520
0.439865260,-0.125607503,-0.320399178
0.433890812,-0.099773885,-0.311130539
0.434136075,-0.078547282,-0.292612865
0.425837744,-0.052885910,-0.284195038
0.412676093,-0.029048864,-0.281849650
0.397725381,-0.006391605,-0.279259267
0.386508206,0.017101874,-0.268424186
0.384048794,0.038094777,-0.249964987
0.370698948,0.060683567,-0.239451735
0.349907096,0.078336544,-0.237045022
0.332994701,0.098126906,-0.226874326
0.325115432,0.118375212,-0.210364048
0.311057299,0.137946158,-0.196730282
0.288582200,0.151779848,-0.189524075
0.267540234,0.166309374,-0.178839711
0.256201115,0.185003303,-0.162530597
0.238558685,0.201095022,-0.148356630
0.213201242,0.207486059,-0.139905946
0.191436046,0.218853030,-0.126121319
0.178259694,0.236714431,-0.109818747
0.155322397,0.245541787,-0.096307681
0.130379842,0.246000859,-0.085255384
0.111154974,0.258250713,-0.069867715
0.090077555,0.267990027,-0.055037838
0.066093001,0.262927312,-0.042955572
0.042719387,0.266751324,-0.027647430
0.021980558,0.277674364,-0.013396033
-0.000924797,0.272947727,0.000585857
-0.023561114,0.267633461,0.015314842
-0.046441905,0.275567128,0.028319668
-0.069978666,0.270973148,0.043020724
-0.089080469,0.258038572,0.058056438
-0.113108036,0.257610697,0.071130772
-0.137058255,0.254130226,0.084049471
-0.152966284,0.238162956,0.099758963
-0.174466369,0.227605020,0.114659912
-0.200305758,0.225185576,0.123776453
-0.219884810,0.211315701,0.138032479
-0.232538809,0.193403286,0.154281078
-0.254911265,0.181644474,0.165504236
-0.278017158,0.169978448,0.174331401
-0.291664470,0.151503438,0.189144283
-0.303352175,0.132309772,0.204705953
-0.323506238,0.115737043,0.213690803
-0.344136496,0.098862770,0.219969100
-0.357034138,0.077795153,0.232746734
-0.362395281,0.057045952,0.249803227
-0.376339593,0.034907396,0.260465731
-0.396351774,0.015431376,0.259438705
-0.407961044,-0.008611335,0.268744677
-0.411984820,-0.030788161,0.284468030
-0.417982607,-0.054247546,0.297727001
-0.427319323,-0.079651806,0.305587133
-0.441238635,-0.103391096,0.299762857
-0.447941226,-0.130073826,0.306160893
-0.451379204,-0.155686246,0.316329035
-0.450448901,-0.177730203,0.333548980
-0.454189345,-0.205051976,0.339774952
-0.458588617,-0.232308177,0.339262050
-0.463053328,-0.258694034,0.331101880
-0.463152537,-0.286764022,0.334477495
-0.461712878,-0.314187424,0.339916632
-0.457965771,-0.335909974,0.357526709
-0.455313043,-0.363366704,0.362296326
-0.451911306,-0.391383299,0.364155712
-0.448237716,-0.417369115,0.355298694
-0.443083221,-0.442151218,0.343398870
-0.435911164,-0.469487291,0.342618818
-0.427705645,-0.496526790,0.341658367
-0.420763817,-0.520983143,0.353058388
-0.413206447,-0.545860665,0.362507788
-0.403026780,-0.572135792,0.360067714
-0.391902057,-0.597957224,0.356992292
-0.379517370,-0.618164893,0.342695267
-0.365932356,-0.635467512,0.325253703
-0.351404947,-0.658981690,0.319429582
-0.336109202,-0.682086640,0.313759063
-0.321264508,-0.705666585,0.311745804
-0.309968767,-0.730385782,0.319516093
-0.295855307,-0.754330900,0.320911145
-0.278347514,-0.775169993,0.313218305
-0.260135494,-0.795175334,0.304967910
-0.241006079,-0.811344740,0.292819051
-0.222215341,-0.816508995,0.272371763
-0.201791690,-0.825765088,0.255904685
-0.180657338,-0.841656371,0.245866337
-0.158997310,-0.856512728,0.235374144
-0.137594085,-0.872500531,0.226730396
-0.119948938,-0.894533667,0.226208289
-0.101450900,-0.915621190,0.224046335
-0.079084145,-0.928575493,0.213004378
-0.056058310,-0.938967201,0.200284557
-0.032751551,-0.948228696,0.187208534
-0.010285429,-0.949728014,0.171093506
0.009098664,-0.940603577,0.152666128
0.030994665,-0.936096354,0.135929494
0.055370214,-0.940444873,0.122265582
0.079815079,-0.943647137,0.108403856
0.104310362,-0.946510859,0.094630367
0.127176424,-0.959883377,0.085425230
0.149148572,-0.975522897,0.077039112
0.173104831,-0.979594919,0.063447481
0.196844586,-0.977499071,0.048215364
0.220393240,-0.974210279,0.032897832
0.243309950,-0.968471588,0.017510616
0.260777320,-0.951420287,0.003550081
0.276039604,-0.931188487,-0.008982153
0.295934837,-0.917271216,-0.022841806
0.318413635,-0.908342471,-0.037502300
0.340448244,-0.898267315,-0.052094228
0.362435953,-0.888460033,-0.066807035
0.385810994,-0.890888219,-0.082352199
0.408748299,-0.893671532,-0.098477664
0.429447279,-0.883230266,-0.113971708
0.448359193,-0.868036707,-0.128512949
0.466611794,-0.851852830,-0.142826434
0.482209555,-0.832218165,-0.155073465
0.489371801,-0.805356677,-0.159640809
0.497211884,-0.778770469,-0.164454384
0.512773693,-0.758593490,-0.176628032
0.528127486,-0.738366878,-0.189081966
0.542705329,-0.717435546,-0.201288790
0.560010602,-0.703302827,-0.218151906
0.577885624,-0.693451507,-0.237707846
0.592194204,-0.675510850,-0.253448369
0.602523987,-0.651539646,-0.264340434
0.611900085,-0.626975291,-0.274763627
0.618712374,-0.600881347,-0.282028443
0.618148688,-0.573046060,-0.277652391
0.619458384,-0.545222518,-0.276335108
0.625908570,-0.518980917,-0.284653644
0.631397977,-0.492400468,-0.292609589
0.637286741,-0.467230634,-0.303355985
0.645467687,-0.448071648,-0.322456840
0.650390551,-0.424906218,-0.337076133
0.650950092,-0.397208982,-0.342779457
0.650451790,-0.369392313,-0.347874728
0.647193037,-0.342158809,-0.344975958
0.641691562,-0.317166103,-0.333056069
0.638470761,-0.289370536,-0.333809296
0.634860499,-0.261490951,-0.336916805
0.630993683,-0.234956215,-0.344150619
0.627698228,-0.212927318,-0.361515957
0.620662000,-0.186267678,-0.365723240
0.612221381,-0.159274134,-0.365975581
0.603373071,-0.133652694,-0.360055219
0.595517248,-0.111150884,-0.344927011
0.585191954,-0.085201489,-0.341837430
0.573661968,-0.059424754,-0.340233153
0.560600120,-0.036939238,-0.349633318
0.546083143,-0.014411448,-0.355229602
0.531315200,0.009373180,-0.351209310
0.518361511,0.031529135,-0.340957544
0.508044367,0.051987209,-0.324972385
0.491356476,0.074212566,-0.319773620
0.472541645,0.094415381,-0.318847073
0.451113194,0.110984593,-0.324226258
0.431836856,0.130300991,-0.316792703
0.417976872,0.148677260,-0.302053331
0.402556901,0.166747296,-0.288562358
0.381365889,0.183698556,-0.280668198
0.355300680,0.193901473,-0.283338625
0.332579603,0.207954184,-0.274475247
0.315699070,0.223336005,-0.259481940
0.297793182,0.238012921,-0.245059073
0.273261973,0.248225997,-0.236513088
0.246107848,0.252012014,-0.233180983
0.222392818,0.261183713,-0.220850027
0.207021888,0.275703603,-0.203015019
0.182246075,0.282342453,-0.191163318
0.155338280,0.278781490,-0.186002029
0.131193808,0.283494107,-0.172209168
0.112454059,0.294705634,-0.155296606
0.087349804,0.294896390,-0.142879366
0.062884576,0.286886300,-0.133838785
0.040608332,0.290936712,-0.118362980
0.017986675,0.293659948,-0.103334572
-0.004266200,0.281970048,-0.092544762
-0.027469082,0.275422170,-0.078151576
-0.049849257,0.279672008,-0.062814748
-0.071950932,0.269972519,-0.048848511
-0.090453542,0.254501259,-0.035748909
-0.113398355,0.252315779,-0.021171166
-0.135297752,0.243249008,-0.006573486
-0.148639496,0.223501701,0.007066135
-0.169630556,0.212786182,0.021900664
-0.191785823,0.204139400,0.035258368
-0.202470280,0.183973917,0.049837713
-0.217984408,0.166315470,0.065113753
-0.240937295,0.155797066,0.076516682
-0.254593028,0.136218864,0.091096695
-0.260152507,0.114599416,0.106792494
-0.278384896,0.097802657,0.118191786
-0.293657355,0.078256843,0.130115838
-0.295389922,0.056247262,0.146354228
-0.303734771,0.033691219,0.160868080
-0.321376567,0.013622438,0.167639474
-0.329217497,-0.010460512,0.180169401
-0.325238355,-0.031704473,0.197763368
-0.330332964,-0.056307989,0.210720758
-0.343390037,-0.080475271,0.214154551
-0.346533694,-0.106302545,0.225152508
-0.340064441,-0.126463227,0.242559106
-0.339472470,-0.151598263,0.254976282
-0.343555704,-0.178335839,0.259698352
-0.345636716,-0.205413191,0.263882701
-0.341770820,-0.231347559,0.274028257
-0.331534961,-0.249408245,0.292751285
-0.326487837,-0.275711526,0.301817868
-0.323836148,-0.303046692,0.302900634
-0.319660101,-0.330250713,0.302607867
-0.310751254,-0.356255068,0.309267901
-0.298916301,-0.374965455,0.325665335
-0.287559351,-0.397567287,0.336604750
-0.276120360,-0.422790077,0.342334273
-0.267498939,-0.447864270,0.333965358
-0.254925490,-0.472403564,0.332556108
-0.239944185,-0.496162129,0.335879377
-0.224708858,-0.515838715,0.348007961
-0.209245558,-0.534883473,0.361033486
-0.192250708,-0.557384111,0.363237388
-0.174597501,-0.579195581,0.362953349
-0.159103168,-0.597398567,0.348032546
-0.139933888,-0.616792361,0.342980651
-0.119263392,-0.636081535,0.342193908
-0.098653663,-0.654498483,0.345628435
-0.080476225,-0.671515360,0.358994912
-0.059115668,-0.689176455,0.361453893
-0.036495099,-0.705933358,0.358718484
-0.013512230,-0.721197277,0.353549814
0.006347844,-0.729342269,0.335347179
0.028793000,-0.738844260,0.322242369
0.053664772,-0.751200928,0.316888449
0.078899185,-0.762511736,0.310951261
0.102501966,-0.776638493,0.314796596
0.124814356,-0.791865098,0.322773168
0.150353355,-0.802154998,0.317630704
0.176218116,-0.810404509,0.309697839
0.202132970,-0.817263194,0.300789141
0.224107852,-0.816223922,0.283562602
0.243861070,-0.811150218,0.263994875
0.268831454,-0.811739430,0.251312618
0.295112246,-0.813812011,0.241066197
0.321279290,-0.814709614,0.230368383
0.348000691,-0.820600141,0.225608845
0.374008971,-0.831618818,0.226685883
0.400555317,-0.835727799,0.220042755
0.425805637,-0.833281317,0.207536877
0.450736708,-0.829722276,0.194662601
0.474420562,-0.823791623,0.180674759
0.490056532,-0.808862308,0.162687308
0.503255705,-0.791461559,0.144744792
0.523635705,-0.779668342,0.129599581
0.546497998,-0.770269402,0.115853970
0.568765483,-0.759814514,0.101896661
0.593437426,-0.753975587,0.090132884
0.620351988,-0.755176386,0.081560230
0.646252475,-0.752948162,0.070837398
0.666499081,-0.740154487,0.055906893
0.685309818,-0.725569351,0.040629047
0.703320413,-0.710078035,0.025279238
0.716117225,-0.690487583,0.010201470
0.717774979,-0.665219739,-0.002332290
0.722003379,-0.640576182,-0.015044852
0.736332899,-0.621104404,-0.029653549
0.750449058,-0.601442455,-0.044285393
0.763577686,-0.581049584,-0.058836258
0.781427098,-0.565878611,-0.074155018
0.802867531,-0.556447351,-0.089999044
0.820693379,-0.542397765,-0.106366703
0.830069090,-0.520279317,-0.121203779
0.837801245,-0.497216478,-0.135635361
0.844448711,-0.473671415,-0.149826654
0.843197437,-0.447665302,-0.159281706
0.834090142,-0.421120936,-0.162666328
0.830500525,-0.394537086,-0.170130347
0.833693681,-0.369427905,-0.182751279
0.835743718,-0.344036192,-0.195040318
0.838399244,-0.319400208,-0.208281032
0.849134759,-0.301806237,-0.227517557
0.857655265,-0.283106848,-0.246620847
0.855440286,-0.257622721,-0.258500818
0.851298456,-0.231762903,-0.269181515
0.845862829,-0.205887359,-0.279167542
0.833863125,-0.180717680,-0.280169982
0.819030141,-0.157003292,-0.276080013
0.808698652,-0.131421541,-0.280366396
0.800150007,-0.105746949,-0.288594689
0.790489684,-0.080301834,-0.296288251
0.785670800,-0.057910788,-0.312027863
0.782336663,-0.037837479,-0.331492040
0.770185578,-0.014027650,-0.339775125
0.755825129,0.009727556,-0.345199773
0.740141727,0.032854845,-0.348459270
0.722394736,0.052557221,-0.339022469
0.704612502,0.072958324,-0.332108422
0.687471257,0.095207858,-0.335391901
0.669565533,0.116828872,-0.338682562
0.654442214,0.135639164,-0.352965942
0.637300242,0.153830044,-0.365241633
0.616424736,0.172888254,-0.365931771
0.594857547,0.191154232,-0.365624220
0.576182470,0.206614821,-0.351909321
0.555972149,0.222663953,-0.342417918
0.533041183,0.239171018,-0.341135677
0.509574068,0.254083366,-0.343196615
0.486447274,0.265119803,-0.355004839
0.461523239,0.277928781,-0.353279016
0.436430839,0.290097981,-0.348686722
0.418169252,0.302300575,-0.331415252
0.394554534,0.313574992,-0.322432665
0.368491610,0.323254464,-0.317326385
0.341760169,0.326570902,-0.324850397
0.314881136,0.332521773,-0.320677459
0.289060577,0.339038771,-0.311654284
0.270336274,0.349035351,-0.293130142
0.243871084,0.353626418,-0.284502120
0.216647479,0.353245431,-0.281703742
0.189642967,0.350159210,-0.279630836
0.163490095,0.350875411,-0.269008200
0.143818378,0.358488103,-0.250417933
0.117643722,0.357141228,-0.239846171
0.092349141,0.347188783,-0.237095688
0.067011966,0.340988079,-0.227326526
0.045224910,0.342917820,-0.211047664
0.021549109,0.339905948,-0.197181299
-0.001231037,0.326744041,-0.189675681
-0.023715086,0.314407729,-0.179342547
-0.045591341,0.312489527,-0.163189056
-0.067965232,0.304759833,-0.148853554
-0.085535019,0.285551475,-0.140218986
-0.105489675,0.271168890,-0.126662672
-0.127423692,0.267728683,-0.110341482
-0.146077455,0.251725838,-0.096698803
-0.157783036,0.229553676,-0.085816309
-0.177301131,0.217652505,-0.070441491
-0.195913047,0.203964594,-0.055582676
-0.202614020,0.180442050,-0.043506075
-0.216475412,0.161176650,-0.028216820
-0.235968868,0.148044336,-0.013947646
-0.242940528,0.125667510,0.000121215
-0.248105462,0.103020322,0.014738289
-0.265588722,0.086340601,0.027785272
-0.272824220,0.063425368,0.042459642
-0.269870265,0.040485880,0.057486645
-0.280070673,0.018785899,0.070793043
-0.288572810,-0.003867937,0.083514230
-0.282056187,-0.025416216,0.099148942
-0.282322417,-0.049287054,0.114113981
-0.292123063,-0.073321963,0.123261918
-0.289289396,-0.097362807,0.137392247
-0.278823770,-0.116577674,0.153758242
-0.278305500,-0.141773553,0.165301692
-0.279053975,-0.167726691,0.173855993
-0.269308846,-0.188783715,0.188455566
-0.257346232,-0.207579073,0.204228321
-0.251610917,-0.232955721,0.213592647
-0.246516852,-0.259192158,0.219545916
-0.233958164,-0.280748587,0.232061640
-0.217854745,-0.294678075,0.249381615
-0.204600875,-0.317190567,0.260159973
-0.196577925,-0.343938959,0.259180469
-0.180663000,-0.365399374,0.268402608
-0.162875253,-0.379563721,0.283789000
-0.144805820,-0.395335385,0.297392442
-0.126482932,-0.415207913,0.305584825
-0.111875575,-0.438543705,0.299763000
-0.091379314,-0.456906130,0.305912146
-0.070191412,-0.472001745,0.315746550
-0.050257698,-0.481146745,0.333222562
-0.027747612,-0.497023323,0.339560468
-0.005171310,-0.513061302,0.341215265
0.015320760,-0.529355294,0.331135976
0.040146232,-0.542471208,0.334297030
0.065239557,-0.553996144,0.339262512
0.086243777,-0.560675764,0.356875202
0.111708834,-0.570866634,0.362175864
0.138126992,-0.580789003,0.364070062
0.163074473,-0.589593602,0.356004983
0.187233397,-0.596456300,0.343560856
0.214781987,-0.602721916,0.342664083
0.242561541,-0.607922497,0.341561853
0.267675503,-0.613004644,0.352373445
0.293018206,-0.617816580,0.362625921
0.321027813,-0.620920477,0.360218755
0.349071949,-0.622977583,0.357176558
0.373943011,-0.621877656,0.344937242
0.395545261,-0.617819778,0.327207549
0.422460459,-0.615266804,0.319618585
0.450020210,-0.612353127,0.313968220
0.477782100,-0.609932084,0.311673192
0.504935459,-0.611264143,0.319408431
0.532699706,-0.609921877,0.321174758
0.559269212,-0.603995633,0.313499338
0.585426868,-0.597066909,0.305269664
0.608756938,-0.587643768,0.293328502
0.622154080,-0.573409786,0.272962643
0.639505615,-0.559457821,0.256247454
0.663358684,-0.548033574,0.246223475
0.686540701,-0.535671864,0.235748009
0.710507081,-0.523943005,0.226971265
0.738158357,-0.518327222,0.226345671
0.765439389,-0.511729031,0.224336226
0.787364457,-0.497961328,0.213447373
0.807219199,-0.482329754,0.200742490
0.826195329,-0.465922512,0.187678156
0.838213587,-0.446767859,0.171677907
0.839112727,-0.425373192,0.153240199
0.844936014,-0.403844157,0.136431083
0.859974773,-0.384196316,0.122743479
0.874099402,-0.363984984,0.108888750
0.887870726,-0.343536229,0.095094255
0.910091190,-0.329228015,0.085785499
0.934179868,-0.317013082,0.077484064
0.949061528,-0.297752701,0.063985188
0.958166344,-0.275725805,0.048756950
0.966124180,-0.253317883,0.033442147
0.971807840,-0.230359596,0.018045538
0.964873975,-0.206984500,0.004037674
0.953919519,-0.184137116,-0.008507679
0.950475742,-0.160080144,-0.022332405
0.952930677,-0.136019017,-0.036994734
0.954163454,-0.111823349,-0.051589359
0.955431697,-0.087744277,-0.066284832
0.968209809,-0.068029365,-0.081820113
0.981404082,-0.049020493,-0.097916411
0.981930186,-0.025888172,-0.113452662
0.977182193,-0.002102767,-0.128001413
0.971251121,0.021554353,-0.142323256
0.961753695,0.044657791,-0.155056523
0.942533661,0.064359117,-0.160979775
0.922236545,0.083440993,-0.165619717
0.909571360,0.106017115,-0.176483477
0.898689396,0.128959227,-0.188941315
0.886827567,0.151537297,-0.201154470
0.882269419,0.173405248,-0.218024629
0.881759809,0.193810933,-0.237578066
0.872417705,0.214774066,-0.253313938
0.855898333,0.234980790,-0.264211591
0.838413004,0.254613989,-0.274640513
0.818386051,0.272673709,-0.281908486
0.793413831,0.284985863,-0.277540546
0.769316659,0.298957942,-0.276233249
0.748994623,0.316766365,-0.284557896
0.727929330,0.333878020,-0.292520030
0.708297742,0.350695273,-0.303266974
0.695063949,0.366782812,-0.322369168
0.676780118,0.381822529,-0.337003628
0.652452868,0.395072184,-0.342714094
0.627532488,0.407438035,-0.347816750
0.601855121,0.417088834,-0.344947452
0.577133212,0.423705590,-0.333027772
0.550975934,0.433639654,-0.333768851
0.524566214,0.443272251,-0.336883537
0.499220537,0.452059830,-0.344091260
0.478161640,0.459284377,-0.361472788
0.451265026,0.465315369,-0.365716180
0.423416955,0.470252615,-0.365976489
0.396586589,0.474193782,-0.360103579
0.372997196,0.477575439,-0.344966711
0.345213478,0.480359024,-0.341852946
0.317022485,0.481993794,-0.340256080
0.291034073,0.480769088,-0.349597874
0.264369079,0.478248813,-0.355274617
0.236454824,0.476091626,-0.351261631
0.210791834,0.474771019,-0.341078886
0.187906092,0.475046936,-0.325045048
0.160494325,0.470473383,-0.319838127
0.133882835,0.463103173,-0.318842581
0.109319288,0.451690648,-0.324313234
0.083294097,0.443475127,-0.316886695
0.060561932,0.439569963,-0.302224147
0.037456476,0.434263968,-0.288659391
0.012648135,0.423271471,-0.280754537
-0.008423137,0.404857933,-0.283407754
-0.031353919,0.391128496,-0.274599436
-0.052802023,0.383131859,-0.259676671
-0.074058604,0.374091537,-0.245185290
-0.094458040,0.357072719,-0.236575311
-0.110294653,0.334662578,-0.233326301
-0.129352360,0.317811632,-0.221017306
-0.149328243,0.310878359,-0.203160830
-0.166649030,0.291965210,-0.191295258
-0.175870367,0.266420188,-0.186164488
-0.191144706,0.247101674,-0.172402898
-0.209761222,0.235689464,-0.155458365
-0.221581930,0.213541031,-0.142986205
-0.225658434,0.188088585,-0.134014785
-0.239021051,0.169417168,-0.118612416
-0.252444810,0.151117218,-0.103361683
-0.252667381,0.126278940,-0.092521339
-0.257112949,0.102599558,-0.078330839
-0.271195685,0.084692783,-0.062988093
-0.272872243,0.060608218,-0.048996340
-0.267561989,0.037057076,-0.035931623
-0.276071898,0.015648009,-0.021337683
-0.278235004,-0.007929316,-0.006749817
-0.266836400,-0.029059205,0.007007202
-0.266078679,-0.052626943,0.022009279
-0.269547687,-0.076081985,0.035082336
-0.256677824,-0.094925147,0.049659093
-0.248047111,-0.116758834,0.064932484
-0.249286201,-0.141976224,0.076344267
-0.238283591,-0.163208150,0.090910689
-0.221573554,-0.178007917,0.106616391
-0.214954894,-0.201875027,0.118088768
-0.204753755,-0.224486069,0.129952374
-0.186060838,-0.236249715,0.146159052
-0.169841954,-0.253957092,0.160702907
-0.160142697,-0.278837937,0.167501605
-0.142394524,-0.296911268,0.180019268
-0.121713059,-0.303183013,0.197596897
-0.102216680,-0.319016644,0.210570757
-0.086757240,-0.341691469,0.214065323
-0.065306635,-0.356422837,0.225019769
-0.044423761,-0.360037257,0.242374990
-0.021851644,-0.371014132,0.254845000
0.000025551,-0.386895985,0.259662193
0.023073496,-0.401270952,0.263770537
0.047888996,-0.409827611,0.273872603
0.068620935,-0.409026377,0.292622654
0.094287303,-0.416643792,0.301714311
0.119783842,-0.426842228,0.302890303
0.145840649,-0.435703275,0.302525610
0.173024433,-0.439770790,0.309192481
0.195122143,-0.437912474,0.325520630
0.220372526,-0.438202492,0.336532999
0.248025935,-0.439658263,0.342288192
0.274265538,-0.443544985,0.333979727
0.301829503,-0.443701909,0.332513409
0.329817021,-0.441344210,0.335844042
0.354321607,-0.436883474,0.347918952
0.378320288,-0.431916892,0.361003804
0.406118531,-0.427191576,0.363215194
0.433613765,-0.421561811,0.362973529
0.456918729,-0.416194023,0.348072990
0.482951224,-0.408113821,0.342986169
0.509592062,-0.398647063,0.342206790
0.535433102,-0.388825948,0.345617783
0.558903461,-0.380520632,0.358990219
0.584412073,-0.369693886,0.361482195
0.609703440,-0.357329717,0.358754467
0.633843071,-0.343956894,0.353607631
0.650230797,-0.330080053,0.335415795
0.668995504,-0.314533905,0.322300058
0.691417870,-0.298144842,0.316952841
0.713078967,-0.280952258,0.311022248
0.736482617,-0.266499508,0.314867389
0.760268011,-0.253701581,0.322854357
0.781162935,-0.235768329,0.317720620
0.800397309,-0.216606308,0.309794306
0.818419751,-0.196759307,0.300890876
0.827617559,-0.176775539,0.283662998
0.832217534,-0.156905462,0.264096533
0.844249276,-0.135009810,0.251424950
0.858192454,-0.112634174,0.241183682
0.871040028,-0.089818330,0.230490671
0.888584351,-0.068814422,0.225753217
0.910338306,-0.050798261,0.226840303
0.926194187,-0.029117462,0.220187629
0.935652179,-0.005575511,0.207686263
0.943975005,0.018195471,0.194816031
0.949603449,0.041947988,0.180824086
0.943542688,0.062695488,0.162831559
0.934186202,0.082427667,0.144886339
0.933131962,0.105958064,0.129750270
0.935317753,0.130581479,0.116007036
0.936293188,0.155163114,0.102051979
0.939687310,0.179799464,0.089203072
0.953552122,0.202954464,0.080942708
0.965443003,0.226511121,0.071223380
0.963933885,0.250426894,0.056442614
0.959682989,0.273849141,0.041168029
0.954256691,0.296978960,0.025820276
0.942994906,0.317480666,0.010719325
0.921443997,0.330687755,-0.001875921
0.901325433,0.345618030,-0.014545345
0.890588286,0.367279137,-0.029148919
0.879662168,0.388875716,-0.043782997
0.867632003,0.409933050,-0.058336948
0.862140353,0.432708769,-0.073630263
0.863618610,0.456097057,-0.089454369
0.859643500,0.478462252,-0.105830556
0.844412776,0.497016632,-0.120692321
0.827525534,0.514517383,-0.135131775
0.809709911,0.531277908,-0.149331768
0.786244318,0.542372407,-0.158990655
0.758493907,0.546518715,-0.162405235
0.733093912,0.555365776,-0.169689530
0.712294873,0.569781221,-0.182320930
0.690717722,0.583312368,-0.194621064
0.669912088,0.596934383,-0.207748415
0.659131883,0.614558683,-0.226924261
0.646734889,0.630868020,-0.246162957
0.623162544,0.640703409,-0.258117215
0.598313725,0.648955358,-0.268813114
0.572884763,0.656109837,-0.278877080
0.545041176,0.657208541,-0.280143965
0.517164659,0.654933939,-0.276028492
0.489663782,0.657405808,-0.280072670
0.462944711,0.661659889,-0.288316615
0.435918107,0.664827900,-0.296029354
0.413608070,0.670749743,-0.311463710
0.394381865,0.677127763,-0.331041076
0.367763138,0.677428667,-0.339574101
0.340066204,0.675644830,-0.345020269
0.312307240,0.672449576,-0.348519770
0.286579239,0.665799536,-0.339271133
0.260358797,0.659351353,-0.332057528
0.232710080,0.654390676,-0.335284073
0.205215294,0.648388553,-0.338107493
0.181027871,0.643336710,-0.350566587
0.158036308,0.637097599,-0.364975157
0.131510601,0.627407203,-0.365918150
0.105334236,0.616705027,-0.365833478
0.082781772,0.607131340,-0.352700791
0.059452535,0.596739853,-0.342470153
0.034218020,0.584026734,-0.341221877
0.010024225,0.570125094,-0.342718982
-0.010402279,0.554770130,-0.354749645
-0.033212096,0.538525494,-0.353494783
-0.055606788,0.521823877,-0.349119158
-0.074978487,0.510965176,-0.332302211
-0.095763045,0.495565110,-0.322703710
-0.116424084,0.476983907,-0.317447106
-0.131925330,0.454910912,-0.324517471
-0.149404498,0.433667181,-0.321077230
-0.167079306,0.413511549,-0.312432210
-0.184579597,0.401506939,-0.293897894
-0.200939006,0.380413241,-0.284945104
-0.213584131,0.356298192,-0.281451981
-0.222950728,0.330722120,-0.280167524
-0.235577170,0.307670660,-0.269763145
-0.251376423,0.293670290,-0.251214600
-0.262430248,0.270071801,-0.240414138
-0.265790018,0.243231187,-0.237141475
-0.271531801,0.217699332,-0.227977724
-0.282838484,0.198634479,-0.212079376
-0.291601194,0.176866924,-0.197832381
-0.291083943,0.150672620,-0.189849419
-0.289939772,0.124930599,-0.180068029
-0.297690116,0.104165956,-0.164162725
-0.301858800,0.081215805,-0.149570826
-0.293543512,0.056725394,-0.140648366
-0.289445679,0.032398491,-0.127443713
-0.296433477,0.011338601,-0.111129428
-0.291502195,-0.012716173,-0.097255415
-0.276758748,-0.033235015,-0.086626083
-0.274409790,-0.056093613,-0.071271252
-0.271721204,-0.078892676,-0.056368648
-0.254436860,-0.095988426,-0.044206316
-0.243067476,-0.116835503,-0.029049593
-0.240697442,-0.140292074,-0.014743728
-0.224651657,-0.157512849,-0.000539026
-0.206413799,-0.171889657,0.013905656
-0.199562134,-0.194976996,0.027015191
-0.183008644,-0.212523485,0.041649317
-0.161065073,-0.220128308,0.056663633
-0.145928290,-0.238655068,0.070309455
-0.130408892,-0.257238665,0.082741375
-0.108422953,-0.262039588,0.098260563
-0.087269281,-0.272710986,0.113322201
-0.070498451,-0.292522458,0.122518063
-0.047872636,-0.301668777,0.136493869
-0.026016681,-0.300740207,0.153001796
-0.003255354,-0.311325083,0.165026924
0.019210000,-0.324612239,0.173169429
0.042714940,-0.326458635,0.187447470
0.064563238,-0.323790841,0.203536542
0.089745960,-0.329883602,0.213474346
0.115319271,-0.338065933,0.218933524
0.140574073,-0.337347535,0.231094035
0.160013654,-0.329054967,0.248772145
0.186036626,-0.327585975,0.259725271
0.213460702,-0.332862323,0.258815127
0.239896464,-0.328784969,0.267906628
0.261171242,-0.319862043,0.282765815
0.282991676,-0.310813190,0.296905935
0.309008834,-0.303668176,0.305301352
0.336425657,-0.301388907,0.299851982
0.362272682,-0.291914612,0.305552174
0.385784727,-0.280188931,0.314882905
0.402807160,-0.266665976,0.332741030
0.427218904,-0.254007636,0.339249937
0.451841739,-0.241191401,0.341650254
0.475768223,-0.230744805,0.331112069
0.498898914,-0.214815825,0.334116136
0.520878826,-0.197857188,0.338624395
0.536549302,-0.182258903,0.356127511
0.557110506,-0.164448313,0.362057536
0.578110631,-0.145600369,0.363985760
0.597553452,-0.127393370,0.356653410
0.614728746,-0.109301602,0.343718034
0.633005747,-0.087769325,0.342707770
0.650444583,-0.065527464,0.341634894
0.666596403,-0.045379311,0.351705744
0.682474113,-0.025305166,0.362584569
0.698181903,-0.001905062,0.360365807
0.712958072,0.022023335,0.357356100
0.723754410,0.044764701,0.345764112
0.730064933,0.065683014,0.327839103
0.740079014,0.090659552,0.319906529
0.750227545,0.116454739,0.314286849
0.759912009,0.142473828,0.309505732
0.773553495,0.165847960,0.317330637
0.785951707,0.190378059,0.321543737
0.793086984,0.216694429,0.314098255
0.799058417,0.243101130,0.305913592
0.801913896,0.268413096,0.294531066
0.795801643,0.287158830,0.274388433
0.790908796,0.308463416,0.257062588
0.791753798,0.334873951,0.246991511
0.791538247,0.361159863,0.236552885
0.791829614,0.387748194,0.227393150
0.799297411,0.414924604,0.226459183
0.806342694,0.442142975,0.224860021
0.804681355,0.468098755,0.214392161
0.800021435,0.492949565,0.201715994
0.794275169,0.517383936,0.188680877
0.783492461,0.537604209,0.173007684
0.765031779,0.548413695,0.154550284
0.748206935,0.562854165,0.137536894
0.737586717,0.585141643,0.123774095
0.726216213,0.607031518,0.109935382
0.714271919,0.628567637,0.096074312
0.711130479,0.654638560,0.086447518
0.711522291,0.681681704,0.078262005
0.702121448,0.704254228,0.065132842
0.686819239,0.722533727,0.049912378
0.670648965,0.739972719,0.034603343
0.653075688,0.755822349,0.019212891
0.629478901,0.761178810,0.005049743
0.604157254,0.761887958,-0.007516576
0.580903780,0.769236478,-0.021231891
0.560719867,0.782558121,-0.035898088
0.539851475,0.794858114,-0.050498396
0.518949290,0.806933942,-0.065162035
0.506712128,0.826891688,-0.080662282
0.496305573,0.847665490,-0.096687078
0.476485481,0.859383709,-0.112344139
0.453215784,0.866192650,-0.126908812
0.429512411,0.871892630,-0.141248349
0.404789838,0.874644280,-0.154289736
0.378427954,0.867066200,-0.160558859
0.352181894,0.857574731,-0.165013600
0.326227356,0.856259811,-0.175536492
0.300865162,0.857232813,-0.188017199
0.275319898,0.857046086,-0.200156706
0.252112869,0.860316056,-0.215160639
0.234720706,0.870348048,-0.235068445
0.213170856,0.873888976,-0.252228094
0.187626122,0.868617341,-0.263166164
0.162140844,0.862239109,-0.273643888
0.136802554,0.853398084,-0.281756758
0.114142937,0.837140696,-0.277939463
0.090955544,0.821692945,-0.275672840
0.065769143,0.811751589,-0.283756401
0.040853866,0.801030730,-0.291772424
0.016660923,0.790875855,-0.301762940
-0.003887256,0.786470447,-0.320630356
-0.025389502,0.777914435,-0.336179402
-0.048384189,0.762612284,-0.342179056
-0.070880422,0.746265245,-0.347341594
-0.091649812,0.728108639,-0.345851031
-0.108801369,0.709224297,-0.333677660
-0.129486225,0.690516191,-0.333434685
-0.150250189,0.671574955,-0.336604257
-0.170018621,0.652759030,-0.342604307
-0.186190878,0.637556529,-0.360094145
-0.203812752,0.616907231,-0.365657460
-0.221089950,0.594516131,-0.365981210
-0.237144473,0.572281510,-0.361309788
-0.250985935,0.552967779,-0.346017425
-0.266224945,0.529847330,-0.341975892
-0.280742589,0.505622470,-0.340441405
-0.292110619,0.481836974,-0.348329040
-0.301881532,0.457256017,-0.355634225
-0.312905255,0.431511117,-0.351679764
-0.323497086,0.407444822,-0.342773761
-0.334391157,0.387878160,-0.325788366
-0.343106213,0.361548695,-0.320356528
-0.349426041,0.334554916,-0.318087126
-0.350281846,0.307524808,-0.324896268
-0.355025062,0.280613253,-0.317636494
-0.361502968,0.257681594,-0.304172517
-0.368100885,0.235690624,-0.289436280
-0.370024820,0.208667428,-0.281328531
-0.363941838,0.181461410,-0.283448986
-0.361840329,0.154683645,-0.275593897
-0.363654460,0.131107142,-0.261640927
-0.366546004,0.108909277,-0.246191104
-0.361716646,0.082865755,-0.236754034
-0.348458301,0.058483774,-0.234485750
-0.342067115,0.033706884,-0.222438083
-0.345429609,0.012821331,-0.204369870
-0.337041022,-0.011339046,-0.192310833
-0.318464294,-0.031351649,-0.187461535
-0.307896369,-0.053842283,-0.173971364
-0.306979492,-0.075676076,-0.156741874
-0.293651206,-0.096899520,-0.143773851
-0.272222189,-0.111895407,-0.135417343
-0.260457291,-0.132092248,-0.120278085
-0.251923830,-0.152828819,-0.104735432
-0.230924780,-0.165678371,-0.093348633
-0.211143961,-0.179534296,-0.079803885
-0.201828151,-0.200343580,-0.064404800
-0.181845578,-0.214064330,-0.050121262
-0.157975862,-0.219290045,-0.037432800
-0.141839924,-0.235689533,-0.022642178
-0.123106324,-0.249679734,-0.008191293
-0.099172744,-0.249592638,0.005502288
-0.077287702,-0.258606095,0.020761888
-0.058743184,-0.273701984,0.033647789
-0.035917516,-0.272584348,0.048215875
-0.012757612,-0.273591286,0.063447145
0.008998193,-0.286280444,0.074973812
0.033215740,-0.287595515,0.089348303
0.053750412,-0.278647847,0.105172331
0.078130127,-0.281797022,0.117886876
0.102961213,-0.285344913,0.128756909
0.122925405,-0.275714515,0.144337413
0.144981816,-0.268172236,0.159339906
0.171253168,-0.270475729,0.166723414
0.195755932,-0.263845422,0.178785008
0.211471916,-0.248946530,0.195931007
0.233953867,-0.238544326,0.209329401
0.260782587,-0.234768630,0.213648649
0.284209653,-0.223253409,0.223925062
0.299315328,-0.207010535,0.240004644
0.317501076,-0.191384690,0.253878665
0.340666473,-0.178198717,0.260868642
0.364883446,-0.165853684,0.262830231
0.384530898,-0.147936521,0.272379628
0.393086634,-0.129171879,0.291398540
0.411485104,-0.109925293,0.300842534
0.431881398,-0.091603194,0.303488326
0.452300434,-0.073134240,0.301832129
0.468504042,-0.050948535,0.308554509
0.478013428,-0.030125362,0.323579103
0.489014220,-0.008273674,0.335925991
0.503116184,0.015543396,0.341743055
0.518417988,0.037969098,0.336489496
0.531871574,0.061713510,0.332207722
0.542739961,0.087605467,0.335590494
0.550448856,0.111782223,0.346542087
0.556804144,0.134978702,0.360665298
0.565462368,0.161789262,0.363057714
0.573184363,0.188907194,0.363707511
0.579320651,0.212216548,0.349185736
0.584179645,0.238715437,0.343024384
0.588115909,0.266714251,0.342294329
0.591290160,0.294358518,0.344775905
0.594732369,0.319005074,0.358171752
0.597008529,0.346453401,0.361680000
0.597754554,0.374600419,0.359005872
0.597246134,0.402469424,0.354683084
0.592669980,0.423763977,0.336900399
0.587356096,0.446987823,0.322718784
0.583206866,0.474458766,0.317419268
0.577994426,0.501628108,0.311536290
0.575491895,0.529091213,0.314232317
0.575292252,0.555990414,0.322698251
0.569366342,0.582931862,0.318361994
0.561270510,0.608859123,0.310474927
0.552112111,0.634154203,0.301812123
0.538903179,0.652235586,0.285190815
0.523449203,0.665405312,0.265524990
0.509364236,0.685570864,0.252257318
0.495976050,0.708297501,0.242048585
0.481708972,0.730272981,0.231395781
0.470580642,0.755101176,0.225877887
0.464626877,0.782712931,0.227027395
0.453313086,0.807311479,0.221215743
0.436819990,0.826608998,0.208744217
0.419602993,0.845011978,0.195904200
0.401334652,0.861597288,0.182205191
0.380181653,0.866322302,0.164296289
0.358407215,0.867007842,0.146282084
0.336921988,0.876103633,0.130877030
0.316118588,0.889479820,0.117156184
0.294780630,0.901741374,0.103216658
0.274168174,0.915524284,0.090109055
0.259730707,0.938243710,0.081700134
0.244600745,0.959992182,0.072243467
0.223007832,0.970427619,0.057714919
0.200281417,0.977525970,0.042447837
0.177270765,0.983449057,0.027105428
0.153896587,0.983758250,0.011943245
0.132116410,0.971221691,-0.000841816
0.109807689,0.959402220,-0.013349727
0.085629732,0.959643314,-0.027933836
0.061431899,0.959974986,-0.042573165
0.037201422,0.959078117,-0.057134359
0.014244243,0.963873483,-0.072350956
-0.005906797,0.975892881,-0.088125517
-0.027361307,0.983602549,-0.104538641
-0.050852065,0.978936080,-0.119476192
-0.074177042,0.972089264,-0.133934200
-0.097275239,0.964076080,-0.148154667
-0.118306116,0.949264574,-0.158462806
-0.134823958,0.926605421,-0.161989457
-0.153979981,0.907434670,-0.168686173
-0.176359268,0.895599205,-0.181286057
-0.198334127,0.882748943,-0.193612097
-0.220015450,0.869968910,-0.206367103
-0.240752083,0.868176152,-0.225356359
-0.260889211,0.865236023,-0.244767965
-0.280582431,0.849552199,-0.257204540
-0.299389083,0.831355555,-0.267935597
-0.317555183,0.812260279,-0.278198650
-0.331782091,0.788377615,-0.280307287
-0.342525226,0.762564049,-0.276091820
-0.357049224,0.738986267,-0.279362270
-0.373184358,0.717284950,-0.287648776
-0.388503211,0.694810940,-0.295407804
-0.404030171,0.676983680,-0.309902652
-0.418614742,0.663317462,-0.329818839
-0.431315002,0.640295814,-0.339094973
-0.442548313,0.614926740,-0.344590435
-0.452696837,0.588899969,-0.348722558
-0.458846013,0.562876730,-0.340091029
-0.464949540,0.536762523,-0.331979576
-0.473302189,0.509929951,-0.335019056
-0.480713265,0.482786764,-0.337896679
-0.487433106,0.458506733,-0.349197908
-0.492603745,0.435726793,-0.364586424
-0.496305808,0.407765442,-0.365894306
-0.498926404,0.379603437,-0.365904750
-0.500831561,0.354728860,-0.354010026
-0.502403307,0.329685838,-0.342543495
-0.502820147,0.301430660,-0.341349302
-0.501837393,0.273381298,-0.341923553
-0.497748714,0.248185802,-0.354021653
-0.493765141,0.220586127,-0.353828833
-0.489298596,0.192983235,-0.349575062
-0.488194984,0.170282210,-0.333807392
-0.484594093,0.145232769,-0.323119057
-0.477708931,0.118307593,-0.317867360
-0.466071679,0.093557568,-0.322563395
-0.454448925,0.068580775,-0.321574818
-0.444130166,0.043400147,-0.313882979
-0.441657385,0.022602800,-0.295417160
-0.431220108,-0.001430632,-0.285613899
-0.416267621,-0.024201659,-0.281050600
-0.397390288,-0.043984133,-0.280974925
-0.382630520,-0.065850775,-0.270791461
-0.377172178,-0.086343361,-0.252504709
-0.361901876,-0.107108535,-0.241270995
-0.340309813,-0.123120029,-0.237091662
-0.319713977,-0.139477040,-0.228961573
-0.305966818,-0.158085053,-0.213973417
-0.292573017,-0.176404375,-0.198669976
-0.269603013,-0.188758990,-0.190038702
-0.245769789,-0.199009945,-0.181002504
-0.229952229,-0.215003025,-0.165432111
-0.212528876,-0.229840134,-0.150494136
-0.187307164,-0.234588074,-0.141136054
-0.163511380,-0.241477847,-0.128450401
-0.147930344,-0.257218634,-0.112180531
-0.124589848,-0.264583865,-0.098101554
-0.099253740,-0.260717781,-0.087541282
-0.077433834,-0.268424534,-0.072216734
-0.056440675,-0.277409409,-0.057257158
-0.033243517,-0.270671991,-0.044978064
-0.009527368,-0.269411311,-0.029997291
0.012351823,-0.278364848,-0.015643775
0.035433805,-0.273039241,-0.001287945
0.056229864,-0.262624586,0.012963911
0.079800497,-0.266679605,0.026215395
0.103184022,-0.260910886,0.040736952
0.119983722,-0.244791806,0.055732454
0.143176658,-0.239036394,0.069762036
0.167073735,-0.234818827,0.081866850
0.182100170,-0.218036382,0.097253835
0.200751494,-0.203762798,0.112425839
0.226048006,-0.198045428,0.121695724
0.245208831,-0.182538083,0.135476234
0.253944838,-0.162473113,0.152145910
0.273364504,-0.146731422,0.164671389
0.296037692,-0.133448492,0.172391321
0.309403978,-0.113546641,0.186322720
0.316286088,-0.092885815,0.202753557
0.332795027,-0.073063591,0.213337920
0.352430130,-0.054516344,0.218240413
0.363983359,-0.031741618,0.230057521
0.365101025,-0.010743040,0.248080827
0.375718392,0.013001672,0.259189769
0.392929135,0.034907124,0.258594156
0.401818266,0.060174623,0.267343476
0.404323484,0.083508055,0.281597380
0.405795141,0.106674929,0.296355259
0.411371532,0.133014325,0.304979936
0.421899522,0.158407224,0.299960641
0.425715511,0.185686211,0.305142588
0.426460887,0.212249710,0.313895845
0.422184987,0.233418195,0.332008657
0.422101954,0.260772370,0.338897176
0.421919221,0.288568867,0.342035302
0.423817047,0.314586416,0.331369690
0.420510945,0.342443939,0.333909701
0.415694290,0.369959248,0.337890951
0.409072990,0.391189709,0.355193155
0.402712058,0.417320220,0.361917014
0.395706316,0.444651585,0.363886846
0.388456619,0.470498848,0.357402728
0.380468522,0.493953320,0.344011968
0.369829931,0.520077184,0.342750378
0.358166516,0.545823093,0.341716866
0.347558935,0.569622669,0.350927086
0.337225385,0.592782418,0.362494300
0.323756442,0.617541783,0.360531240
0.309359138,0.641704762,0.357558506
0.294152239,0.662174002,0.346718627
0.278563978,0.677399735,0.328717776
0.261068867,0.697522453,0.320227530
0.242883440,0.718453337,0.314645724
0.224147606,0.738927832,0.309427035
0.209522739,0.761776629,0.316933555
0.193725587,0.784187245,0.321803615
0.173715319,0.802771564,0.314579831
0.153052991,0.820282416,0.306430652
0.131888672,0.834892627,0.295479475
0.112355490,0.838447357,0.275508585
0.091368913,0.843464822,0.257795678
0.068332970,0.856298032,0.247608327
0.044915785,0.868263290,0.237195355
0.021392572,0.880518921,0.227747572
0.000577776,0.899487547,0.226579914
-0.020195169,0.918491951,0.225296938
-0.043941937,0.929338218,0.215152511
-0.068141530,0.936699692,0.202497684
-0.092473031,0.942913819,0.189485019
-0.115640413,0.943383898,0.174064818
-0.133804083,0.932112551,0.155591566
-0.154074458,0.923336392,0.138421304
-0.178710752,0.924051535,0.124599401
-0.203386136,0.924112558,0.110775989
-0.227979952,0.923301052,0.096864785
-0.252641470,0.931979639,0.086997616
-0.276441356,0.944889052,0.078902977
-0.300845694,0.947680834,0.066056961
-0.324135269,0.942574315,0.050842795
-0.347080550,0.936309839,0.035538441
-0.369326811,0.928208804,0.020153975
-0.385337605,0.910235506,0.005870914
-0.397566866,0.888057868,-0.006713631
-0.414453970,0.870355295,-0.020347699
-0.435601001,0.858625830,-0.035016970
-0.456157994,0.845817228,-0.049621819
-0.476449075,0.832701089,-0.064261658
-0.499705530,0.830448817,-0.079734495
-0.523003098,0.831113421,-0.095704698
-0.542775414,0.819477378,-0.111449985
-0.559576538,0.802008229,-0.126028474
-0.575590260,0.783636876,-0.140382240
-0.589729413,0.763257737,-0.153658922
-0.595427589,0.736496672,-0.160193659
-0.598986835,0.708803320,-0.164585712
-0.609393505,0.684898969,-0.174774916
-0.621977812,0.662867887,-0.187274068
-0.633617505,0.640138309,-0.199433030
-0.646937760,0.620518280,-0.214093314
-0.663874475,0.609652586,-0.233955256
-0.677328727,0.592781211,-0.251487631
-0.684511724,0.567755171,-0.262513318
-0.690630159,0.542217079,-0.273017201
-0.694794624,0.515777952,-0.281617277
-0.690977730,0.488123455,-0.278117601
-0.687609751,0.460455597,-0.275308221
-0.690336306,0.433484010,-0.283256970
-0.692340029,0.406442646,-0.291301787
-0.694329924,0.380124389,-0.300951902
-0.699860614,0.359681697,-0.319599985
-0.702471759,0.336986458,-0.335658006
-0.699591203,0.309568205,-0.341844622
-0.695491528,0.282070725,-0.347044508
-0.689136677,0.255130998,-0.346353300
-0.680268612,0.231201899,-0.334200125
-0.673079033,0.204367580,-0.333223394
-0.665878116,0.177204605,-0.336429659
-0.658209127,0.150852396,-0.341917145
-0.652208827,0.129379003,-0.359242947
-0.642208046,0.104431180,-0.365618058
-0.630329984,0.078765102,-0.365978272
-0.617924762,0.054104928,-0.362018125
-0.607153301,0.032918437,-0.346735928
-0.593794985,0.008870117,-0.342047789
-0.579022014,-0.015202215,-0.340551825
-0.563181412,-0.036536753,-0.347578466
-0.545933586,-0.056323621,-0.355853795
-0.528197701,-0.078004994,-0.351940100
-0.511414185,-0.098603522,-0.343697022
-0.499255209,-0.117226299,-0.326406161
-0.480077634,-0.137119718,-0.320677576
-0.459205231,-0.155476551,-0.317653271
-0.435585535,-0.168528436,-0.325120297
-0.413826585,-0.185138310,-0.318104009
-0.395799607,-0.201432292,-0.305359017
-0.380007928,-0.217495372,-0.289916958
-0.356963875,-0.231732065,-0.281778411
-0.330214554,-0.239249706,-0.283403677
-0.305277847,-0.249437178,-0.276211665
-0.284460924,-0.261630853,-0.262846272
-0.266844000,-0.274783124,-0.246816707
-0.241678018,-0.282858848,-0.237028700
-0.213778263,-0.282121751,-0.235179719
-0.188819005,-0.287884227,-0.223193902
-0.171744177,-0.300378372,-0.205225495
-0.146543463,-0.304287723,-0.193055451
-0.120259670,-0.297266188,-0.188147273
-0.095304464,-0.297980976,-0.174883188
-0.075550357,-0.307359830,-0.157577856
-0.050591325,-0.305732916,-0.144435344
-0.027365067,-0.293397897,-0.136292011
-0.003807420,-0.291515054,-0.121315452
0.018335500,-0.294360441,-0.105592615
0.039846256,-0.282546481,-0.093820901
0.060898027,-0.270592345,-0.080723163
0.083617286,-0.271765653,-0.065322434
0.105344752,-0.261063019,-0.050894582
0.120772873,-0.241889561,-0.038370017
0.142511291,-0.234208805,-0.023449589
0.163870224,-0.225064554,-0.009091921
0.175116267,-0.204045770,0.004580226
0.192643457,-0.188110382,0.019925302
0.214980600,-0.179161482,0.032751172
0.225521872,-0.158764849,0.047340391
0.236179500,-0.138369261,0.062519001
0.257312413,-0.124851438,0.074154676
0.270231694,-0.104201363,0.088409705
0.271463088,-0.081784077,0.104269570
0.284831325,-0.061265344,0.117423183
0.300192041,-0.041279651,0.127921899
0.301861343,-0.018926374,0.143259966
0.304421346,0.003894635,0.158491629
0.318067476,0.026194270,0.166325816
0.324094909,0.050890187,0.178015907
0.318709626,0.071952695,0.194856519
0.319341818,0.096435493,0.208556363
0.327865195,0.121931599,0.213474675
0.329052751,0.148047498,0.223242473
0.322179344,0.169463871,0.238844818
0.316199592,0.192279073,0.253200690
0.314683557,0.218812808,0.260979070
0.315497030,0.246085375,0.262251244
0.308803298,0.271890550,0.271652818
0.296208060,0.288334128,0.290453061
0.287458984,0.313231878,0.300306385
0.280280157,0.339660204,0.303774266
0.273732020,0.366430741,0.301403262
0.261557019,0.391049081,0.308160209
0.247537172,0.409684566,0.322425939
0.233188409,0.428935712,0.335553306
0.218590313,0.452443118,0.341406590
0.205532306,0.476352575,0.337060617
0.190968619,0.499299522,0.331982834
0.173031779,0.520899173,0.335400635
0.154839485,0.539853160,0.343820827
0.137841485,0.554941801,0.360140117
0.118084629,0.574944537,0.362899856
0.097583753,0.594336537,0.363975121
0.079569170,0.610785336,0.350250169
0.058589207,0.627182214,0.343052711
0.035591066,0.643631461,0.342373756
0.012360452,0.659255235,0.343990098
-0.007940336,0.673667022,0.357366068
-0.031027063,0.688357949,0.361865206
-0.055641606,0.702039510,0.359238036
-0.080622806,0.714570239,0.355265892
-0.101962462,0.720810564,0.338287469
-0.124601339,0.726406701,0.323111813
-0.150882454,0.735443121,0.317857188
-0.177388610,0.743399164,0.312019015
-0.203128247,0.753472193,0.313667598
-0.226931313,0.765800771,0.322557117
-0.253529105,0.773292494,0.318954921
-0.280271414,0.778123110,0.311114501
-0.307004302,0.781841331,0.302676347
-0.329601430,0.778991878,0.286620631
-0.348327729,0.771366157,0.266862298
-0.372300600,0.767730501,0.253036502
-0.398656056,0.766382620,0.242861426
-0.424756513,0.763922945,0.232246432
-0.451816905,0.764834869,0.226002372
-0.479063894,0.772284157,0.227210659
-0.506284917,0.774319204,0.222182514
-0.531039271,0.768631916,0.209739126
-0.555335831,0.761890056,0.196925890
-0.578644319,0.753536244,0.183361921
-0.593263648,0.737448690,0.165672969
-0.603816680,0.718448212,0.147592266
-0.621169780,0.703128793,0.131936389
-0.642670990,0.690886609,0.118233025
-0.663442056,0.677668221,0.104311756
-0.684825990,0.665219898,0.090963360
-0.711548467,0.662535178,0.082412056
-0.737977317,0.659521766,0.073205234
-0.757670768,0.645758924,0.058912067
-0.774498772,0.628909541,0.043652100
-0.790416505,0.611264687,0.028314710
-0.802165083,0.591038407,0.013096480
-0.801545431,0.566041722,0.000134933
-0.800949000,0.540756408,-0.012295792
-0.811728607,0.519167507,-0.026790759
-0.823237547,0.497882386,-0.041435106
-0.833669388,0.475998444,-0.056003068
-0.847913674,0.457304746,-0.071149161
-0.867841038,0.444867025,-0.086877319
-0.884998186,0.429787495,-0.103280204
-0.892165409,0.407085919,-0.118329452
-0.896914226,0.383256533,-0.132806676
-0.900513625,0.359085177,-0.147046370
-0.897962648,0.333674528,-0.157957412
-0.885577744,0.308540621,-0.161624499
-0.876717025,0.282783047,-0.167823330
-0.876385370,0.257427094,-0.180311994
-0.875169406,0.232011527,-0.192662400
-0.873588789,0.206772194,-0.205238981
-0.881036125,0.187135613,-0.223896543
-0.888140235,0.168178015,-0.243444667
-0.883934373,0.143701966,-0.256340809
-0.876519019,0.118621597,-0.267108910
-0.867999730,0.093694607,-0.277405924
-0.853937197,0.069852834,-0.280449807
-0.835920605,0.048482426,-0.276142038
-0.821277993,0.024880188,-0.278690283
-0.809521564,0.000541749,-0.287019631
-0.796700413,-0.023431078,-0.294822178
-0.787459673,-0.045674248,-0.308521954
-0.782350833,-0.064861668,-0.328625077
-0.768263440,-0.086650483,-0.338633255
-0.750978730,-0.108340717,-0.344176961
-0.732664659,-0.129393872,-0.348574261
-0.712435972,-0.147136601,-0.340851669
-0.692066526,-0.164319144,-0.331903354
-0.672096666,-0.184108545,-0.334766166
-0.651471464,-0.203239232,-0.337695012
-0.632643554,-0.220649972,-0.347918697
-0.615263810,-0.235617822,-0.364194629
-0.592227356,-0.251820160,-0.365863163
-0.568475692,-0.267176371,-0.365927050
-0.546907239,-0.280530695,-0.355232141
-0.525797108,-0.293308950,-0.342611718
-0.500939736,-0.306753404,-0.341465466
-0.475599283,-0.318960657,-0.341447398
-0.451357236,-0.327136946,-0.353341958
-0.425098023,-0.336186078,-0.354134650
-0.398555961,-0.345007644,-0.349932585
-0.377248411,-0.354367570,-0.335257336
-0.354019327,-0.362908849,-0.323509193
-0.326956900,-0.369271096,-0.318302905
-0.299614535,-0.370859102,-0.321999023
-0.272106014,-0.371712040,-0.322153925
-0.244975712,-0.374194835,-0.314555207
-0.224801597,-0.381160645,-0.296878781
-0.199253501,-0.383514892,-0.286254172
-0.172101562,-0.381399393,-0.280753869
-0.145851710,-0.373269285,-0.281752534
-0.119599509,-0.370258197,-0.271667501
-0.098578176,-0.374345299,-0.253872252
-0.073424477,-0.371040177,-0.242094366
-0.048975542,-0.360161064,-0.236985973
-0.025167465,-0.348667423,-0.229907826
-0.001996759,-0.344079887,-0.215470129
0.020164748,-0.341719940,-0.199615876
0.042483833,-0.328745259,-0.189557845
0.061670390,-0.310870038,-0.182207313
0.083217613,-0.302814131,-0.167085192
0.104441028,-0.295724759,-0.151685092
0.121116206,-0.276491390,-0.141686954
0.137530349,-0.257718804,-0.129749381
0.158372319,-0.250371081,-0.113649799
0.176186843,-0.234072455,-0.099326752
0.184447238,-0.209740247,-0.088888644
0.200144115,-0.192077116,-0.073697109
0.219030559,-0.179737870,-0.058685101
0.225203366,-0.156581760,-0.046062956
0.233778914,-0.134496029,-0.031508037
0.251893019,-0.119281553,-0.017090970
0.259385192,-0.096541336,-0.002525388
0.258375676,-0.073132711,0.011448621
0.271133644,-0.053154701,0.025291525
0.278886383,-0.030541906,0.039427881
0.272286843,-0.008184670,0.054381709
0.276693802,0.015291925,0.068905358
0.285342295,0.038145528,0.080598255
0.278646235,0.059801759,0.095804399
0.273491394,0.082367714,0.111124965
0.279872811,0.107330930,0.120609903
0.275654533,0.131759477,0.134142717
0.261585317,0.148834699,0.151028872
0.255866472,0.173040717,0.164150250
0.255411926,0.199577147,0.171376749
0.244575598,0.221552298,0.184861147
0.228872419,0.236294231,0.201730862
0.218357433,0.259686149,0.213035137
0.211652355,0.286097033,0.217334300
0.197040140,0.307395181,0.228782241
0.178751220,0.317580264,0.247178137
0.162638487,0.337979739,0.258322164
0.150903918,0.363002328,0.258484204
0.132955817,0.382965847,0.266608089
0.113386239,0.396888126,0.280058138
0.093596564,0.407992063,0.295634045
0.072820638,0.425036117,0.304455312
0.054974654,0.445886435,0.300276824
0.032832342,0.462243880,0.304604805
0.009487833,0.475652728,0.312665195
-0.011201137,0.481502090,0.330924155
-0.035379575,0.493755437,0.338431122
-0.060207560,0.506258491,0.342403677
-0.082378408,0.520059854,0.331831455
-0.108479034,0.530189184,0.333639890
-0.135161441,0.538734961,0.337282311
-0.157337625,0.542843465,0.353939066
-0.183087207,0.549006813,0.361732494
-0.210555131,0.555440551,0.363752153
-0.237105734,0.560993266,0.358419465
-0.261411264,0.564815355,0.344653064
-0.289387600,0.567469236,0.342804352
-0.317609893,0.569048803,0.341822910
-0.343944430,0.570517015,0.349861186
-0.368936987,0.572109816,0.362363232
-0.397121138,0.571649273,0.360736271
-0.425210220,0.570076819,0.357820874
-0.450877676,0.566274154,0.348007198
-0.471512611,0.559531901,0.329901313
-0.497062887,0.553171957,0.320641853
-0.524042065,0.546735692,0.315105356
-0.550804878,0.539507400,0.309670831
-0.577875369,0.536696380,0.316357860
-0.605006907,0.533391395,0.322127946
-0.630838086,0.524349120,0.315206687
-0.655929503,0.514122409,0.307094684
-0.679173335,0.502331881,0.296746049
-0.691797438,0.486752917,0.277012426
-0.705248904,0.470365546,0.258763620
-0.727139144,0.455799949,0.248413296
-0.748591627,0.440569758,0.238030883
-0.770039919,0.425112408,0.228184167
-0.796331306,0.415100612,0.226688392
-0.822941763,0.405728876,0.225840283
-0.843920202,0.389951603,0.216142829
-0.861660351,0.371901660,0.203515747
-0.878445221,0.353204634,0.190529412
-0.890275643,0.333020274,0.175412627
-0.889171752,0.311705784,0.156971655
-0.889916700,0.289720857,0.139583205
-0.901720709,0.268150734,0.125677562
-0.913215648,0.246305620,0.111871282
-0.923645633,0.224047916,0.097884446
-0.940811629,0.204821236,0.086917447
-0.962495406,0.188849896,0.078280801
-0.979082629,0.169668983,0.066541636
-0.985799384,0.146760681,0.051443000
-0.990840154,0.123513947,0.036141690
-0.994011901,0.100045450,0.020760671
-0.985769787,0.077496984,0.006410832
-0.971694979,0.056449460,-0.006189055
-0.963482452,0.033364248,-0.019783307
-0.962817835,0.009192001,-0.034452395
-0.960948462,-0.014954944,-0.049060148
-0.958580322,-0.039011291,-0.063687759
-0.966993656,-0.060791397,-0.079143591
-0.978388991,-0.081145233,-0.095086286
-0.977592053,-0.104000695,-0.110871803
-0.969859962,-0.126965942,-0.125459054
-0.960965608,-0.149649518,-0.139823095
-0.949609971,-0.171659912,-0.153228688
-0.928605210,-0.189136930,-0.159900238
-0.905632214,-0.205013253,-0.164274659
-0.888982976,-0.225139322,-0.174284897
-0.875254150,-0.246468291,-0.186797169
-0.860465541,-0.267279443,-0.198968787
-0.848862853,-0.288140290,-0.213442850
-0.846997326,-0.308202653,-0.233277291
-0.838581009,-0.327929774,-0.250974170
-0.819785875,-0.345875078,-0.262091680
-0.799957116,-0.363082354,-0.272612689
-0.778555429,-0.379091177,-0.281485201
-0.752267997,-0.388537973,-0.278165990
-0.726084531,-0.398115324,-0.275058997
-0.703367205,-0.412939554,-0.282934348
-0.680304822,-0.427189989,-0.290997771
-0.657743381,-0.441052435,-0.300460716
-0.642030889,-0.455402461,-0.318974976
-0.623357879,-0.468247447,-0.335333286
-0.597743255,-0.478362377,-0.341628400
-0.571460280,-0.487410914,-0.346852368
-0.544600088,-0.494311513,-0.346619471
-0.519268577,-0.497456195,-0.334480846
-0.492179239,-0.503332158,-0.333084087
-0.464761968,-0.509480442,-0.336316795
-0.437561046,-0.514775185,-0.341041212
-0.414720045,-0.519401889,-0.356953358
-0.388592093,-0.522135124,-0.365607653
-0.360339732,-0.523412578,-0.365977555
-0.332343571,-0.523699344,-0.363917556
-0.309138892,-0.523905124,-0.347907886
-0.282066448,-0.523193538,-0.342089607
-0.253892617,-0.521189630,-0.340615258
-0.227534978,-0.517041099,-0.347195419
-0.202142761,-0.510826339,-0.355982369
-0.174721071,-0.505092385,-0.352091858
-0.148581372,-0.499565866,-0.344201931
-0.126505733,-0.497394508,-0.326812266
-0.100066020,-0.489646446,-0.320863866
-0.074098028,-0.479705611,-0.317537307
-0.051660277,-0.464731148,-0.325262068
-0.026882873,-0.453034681,-0.318375945
-0.003642882,-0.443626724,-0.306618452
0.017784867,-0.437747972,-0.290082598
0.041042846,-0.423857135,-0.281955006
0.060103960,-0.403683096,-0.283431116
0.080584951,-0.386151093,-0.276424430
0.101018819,-0.373069105,-0.263224847
0.120797338,-0.363718695,-0.247032795
0.139622302,-0.345187653,-0.237146978
0.151796179,-0.320042612,-0.235392698
0.168400074,-0.300512947,-0.223451475
0.187333274,-0.291067074,-0.205513964
0.202449776,-0.270553037,-0.193313028
0.208379986,-0.244032540,-0.188388193
0.220472708,-0.222164421,-0.175174834
0.237876523,-0.208929509,-0.157878919
0.248031453,-0.186098341,-0.144686591
0.247744736,-0.159766287,-0.136594225
0.256766817,-0.137847371,-0.121666833
0.269674929,-0.119652498,-0.105889607
0.269391198,-0.095127109,-0.094003806
0.268213797,-0.070922855,-0.081040970
0.279664158,-0.051284842,-0.065640173
0.280412039,-0.027077969,-0.051167999
0.270360291,-0.004554512,-0.038694193
0.273269445,0.018340879,-0.023736215
0.275307592,0.041448104,-0.009404140
0.261993194,0.061175853,0.004267580
0.255718770,0.084001848,0.019606767
0.258149874,0.107967758,0.032440238
0.245140747,0.126936869,0.047035535
0.231733379,0.145587092,0.062197775
0.229351744,0.170501794,0.073895269
0.217171227,0.191607914,0.088092066
0.197801069,0.202986549,0.103957355
0.185563494,0.224171212,0.117242829
0.175110008,0.247153950,0.127632251
0.156123710,0.259223474,0.142898724
0.136979750,0.271731902,0.158198061
0.123348722,0.293959184,0.166203531
0.104354303,0.310856826,0.177749563
0.083190406,0.315985949,0.194492831
0.061751829,0.327630692,0.208288838
0.042977490,0.346787064,0.213406288
0.020435428,0.360042583,0.223006285
-0.001797968,0.364019104,0.238472387
-0.024735892,0.369018510,0.252965612
-0.049018144,0.379761256,0.260954246
-0.072802354,0.393199811,0.262050687
-0.098798111,0.399192624,0.271413905
-0.119240271,0.395651345,0.290135795
-0.145304236,0.399257787,0.300120465
-0.172080144,0.404965837,0.303814183
-0.198838477,0.411600639,0.301254961
-0.226294521,0.412142266,0.308024145
-0.249421840,0.408367243,0.322091888
-0.272984704,0.404415613,0.335423720
-0.300571766,0.402294010,0.341290350
-0.327832001,0.401665964,0.337179626
-0.354886843,0.399380784,0.331904189
-0.382320542,0.393416366,0.335335291
-0.407603105,0.386011208,0.343576271
-0.428751399,0.377865081,0.360033026
-0.455595688,0.369541912,0.362857685
-0.482251964,0.360278502,0.363998014
-0.505215042,0.351849940,0.350446582
-0.529382039,0.340821818,0.343060070
-0.554578576,0.327990406,0.342394489
-0.579164647,0.314545205,0.343875877
-0.601310329,0.303148253,0.357230117
-0.624959280,0.289458680,0.361913950
-0.648443925,0.273915161,0.359299643
-0.671089007,0.257518107,0.355383204
-0.686552615,0.241439408,0.338536748
-0.701868098,0.223951018,0.323214520
-0.721999454,0.204788277,0.317971846
-0.741275998,0.184928009,0.312145523
-0.761838397,0.166138744,0.312371227
-0.783731169,0.150077285,0.320246109
-0.803384036,0.130477102,0.318890444
-0.819966423,0.108949869,0.311044197
-0.835514835,0.086918646,0.302544610
-0.843178451,0.065597381,0.286315478
-0.845046417,0.045436914,0.266586953
-0.853047528,0.022427453,0.252946385
-0.863963073,-0.001597004,0.242765965
-0.873773459,-0.025905947,0.232145749
-0.887247346,-0.049441819,0.226151107
-0.906397012,-0.070205586,0.227354534
-0.920487906,-0.093497922,0.222075894
-0.926818840,-0.118094131,0.209629859
-0.932002578,-0.142768797,0.196814041
-0.935236763,-0.167293031,0.183211877
-0.927426574,-0.187549224,0.165441563
-0.915439822,-0.205694407,0.147377835
-0.910073307,-0.228274486,0.131809508
-0.909086611,-0.252996045,0.118104390
-0.906888748,-0.277516423,0.104180139
-0.905903226,-0.302259849,0.090922100
-0.915948590,-0.327196008,0.082438232
-0.925291824,-0.352064476,0.073153536
-0.921881029,-0.375831270,0.058780980
-0.914653173,-0.398520914,0.043520229
-0.906300318,-0.420767947,0.028182275
-0.893526097,-0.440350562,0.012981477
-0.870945545,-0.451177584,0.000070635
-0.848307079,-0.462405165,-0.012399351
-0.834285296,-0.482061294,-0.026928442
-0.820670482,-0.502065432,-0.041572092
-0.806031350,-0.521390132,-0.056139307
-0.796264397,-0.542746188,-0.071307516
-0.794436572,-0.566162055,-0.087042675
-0.788790127,-0.588290369,-0.103447792
-0.771742486,-0.604991773,-0.118455987
-0.752756559,-0.620158329,-0.132929793
-0.732944906,-0.634467688,-0.147167471
-0.709048358,-0.643636716,-0.157878295
-0.681028623,-0.644170093,-0.161512383
-0.654169402,-0.648378959,-0.167894709
-0.631546633,-0.659796825,-0.180427258
-0.608416807,-0.670403202,-0.192775315
-0.585184868,-0.680530219,-0.205278021
-0.569664818,-0.695523399,-0.223339588
-0.555647655,-0.710438489,-0.242791269
-0.533104659,-0.718967250,-0.256838299
-0.507405938,-0.723872297,-0.267584501
-0.481340901,-0.727735943,-0.277863211
-0.453634554,-0.725686353,-0.280107535
-0.426347169,-0.719583388,-0.275898068
-0.398701881,-0.717815965,-0.279083666
-0.371673999,-0.718520035,-0.287387411
-0.344483796,-0.718111551,-0.295164105
-0.320893010,-0.720484255,-0.309539903
-0.301370079,-0.724594570,-0.329503006
-0.275281663,-0.721779689,-0.338900155
-0.248074935,-0.716362719,-0.344415933
-0.220955818,-0.709689743,-0.348606738
-0.196096067,-0.699748095,-0.340150377
-0.171275898,-0.689664033,-0.331896012
-0.144529076,-0.681037434,-0.334913425
-0.118069297,-0.671475336,-0.337812414
-0.094271862,-0.662946189,-0.348905894
-0.072740668,-0.654135570,-0.364493028
-0.047751658,-0.641071389,-0.365881848
-0.023214953,-0.627003259,-0.365914492
-0.001706225,-0.614171652,-0.354295695
0.019596700,-0.601086296,-0.342572349
0.042941784,-0.585161991,-0.341398707
0.065336368,-0.568220113,-0.341839483
0.083619178,-0.550394633,-0.353898290
0.103848098,-0.531240851,-0.353959656
0.123851535,-0.511698305,-0.349727303
0.141820265,-0.497547059,-0.334247763
0.160186009,-0.480348181,-0.323284808
0.178243731,-0.459217787,-0.318052549
0.191899088,-0.435513554,-0.322488832
0.205535442,-0.411583334,-0.321821706
0.220178473,-0.388617121,-0.314199809
0.235726945,-0.374427897,-0.295925007
0.249419764,-0.352274492,-0.285887402
0.259602029,-0.327010503,-0.281051319
0.264767148,-0.300117801,-0.281306874
0.274126867,-0.275418882,-0.271193573
0.287676960,-0.259061783,-0.252989982
0.295975015,-0.234751567,-0.241624120
0.296919299,-0.207927781,-0.237156853
0.298183388,-0.181614656,-0.229366107
0.305238438,-0.159414197,-0.214558846
0.312773106,-0.138158329,-0.199075682
0.310829731,-0.112373394,-0.189530069
0.304354012,-0.087140472,-0.181604174
0.307807570,-0.064707690,-0.166220689
0.310478906,-0.042203302,-0.151090443
0.300354164,-0.018722988,-0.141465322
0.291836490,0.004609455,-0.129099231
0.295388252,0.026444739,-0.112897366
0.288494601,0.049780149,-0.098699917
0.270660476,0.068270223,-0.088214489
0.262911830,0.090379256,-0.072987821
0.259819821,0.112735779,-0.058032267
0.241501845,0.128323744,-0.045590602
0.226340743,0.146557676,-0.030815809
0.221109199,0.169618328,-0.016429397
0.203894961,0.186050878,-0.001973146
0.183037859,0.196508887,0.012142959
0.171670482,0.217430377,0.025810028
0.154560634,0.234233189,0.040085847
0.131846099,0.238471508,0.054918851
0.113361660,0.253601832,0.069227519
0.096648444,0.271301888,0.081101396
0.074309382,0.274657793,0.096389703
0.051899671,0.281039998,0.111642614
0.032663808,0.298297030,0.121031096
0.008991337,0.305473553,0.134667170
-0.012646653,0.300921671,0.151523706
-0.036798743,0.306571652,0.164851769
-0.060337187,0.318665578,0.171702689
-0.084619882,0.318738961,0.185368535
-0.105151755,0.311936369,0.202060544
-0.130800691,0.313628002,0.213074125
-0.157307780,0.319487571,0.217625660
-0.182847042,0.316162213,0.229179030
-0.200393142,0.304706390,0.247469292
-0.225917236,0.299753824,0.258602065
-0.253686622,0.300342711,0.259409884
-0.279836528,0.293918265,0.266963515
-0.301498002,0.283151080,0.279935286
-0.319797686,0.270561502,0.295856869
-0.344482180,0.259928941,0.304664830
-0.371275637,0.253835928,0.300021313
-0.395896034,0.241475353,0.304770580
-0.418366088,0.226860943,0.313088057
-0.433089057,0.211177168,0.331330553
-0.455225787,0.195351082,0.338574999
-0.477791310,0.179119419,0.342186531
-0.500210549,0.165743685,0.331581768
-0.521153640,0.147127175,0.333723249
-0.541006549,0.127344293,0.337354276
-0.555527975,0.109059732,0.352992510
-0.572501673,0.089101487,0.361833803
-0.590818258,0.067642376,0.363826435
-0.607825205,0.046774412,0.357654294
-0.622406374,0.026790752,0.344176149
-0.637633695,0.003078292,0.342774982
-0.651976075,-0.021277995,0.341764410
-0.665331915,-0.043736772,0.350700634
-0.678286640,-0.065446096,0.362498409
-0.690786235,-0.090710065,0.360624919
-0.702262055,-0.116392377,0.357676717
-0.710343133,-0.140685093,0.347071739
-0.713832136,-0.162181879,0.329054848
-0.720154108,-0.188016831,0.320412779
-0.726805073,-0.214938938,0.314851385
-0.732743049,-0.242045272,0.309601601
-0.742931698,-0.267201264,0.316963043
-0.752208096,-0.292982189,0.322018016
-0.755913393,-0.320052942,0.314862542
-0.758340359,-0.347033929,0.306731971
-0.758181918,-0.372814116,0.295894858
-0.749906537,-0.390898228,0.275965006
-0.741871871,-0.410858927,0.258166710
-0.739086614,-0.437072349,0.247963059
-0.735394434,-0.463114768,0.237564906
-0.731820289,-0.489387797,0.228068223
-0.735289678,-0.517331000,0.226870546
-0.738908743,-0.545260972,0.225669523
-0.734167196,-0.570957910,0.215600189
-0.726262067,-0.594992282,0.202958453
-0.717343053,-0.618474346,0.189958126
-0.704456162,-0.637768467,0.174580579
-0.684825055,-0.646195883,0.156102130
-0.665946952,-0.657630460,0.138898905
-0.652335421,-0.678172634,0.125072151
-0.638188914,-0.698395717,0.111256605
-0.623302368,-0.717981593,0.097317881
-0.614667095,-0.742390747,0.086624806
-0.610450487,-0.768980768,0.077963045
-0.600462123,-0.792120812,0.065923857
-0.583058805,-0.808439985,0.050779206
-0.564705914,-0.823569310,0.035474497
-0.545639853,-0.837721393,0.020106835
-0.522477785,-0.842429559,0.005579849
-0.497311815,-0.838252584,-0.006595142
-0.472802515,-0.840124603,-0.019831072
-0.451044397,-0.850675047,-0.034502122
-0.428743458,-0.860121777,-0.049109668
-0.406327640,-0.869145258,-0.063747153
-0.391022639,-0.886800765,-0.079204908
-0.378168295,-0.906260617,-0.095153464
-0.357353103,-0.915850418,-0.110911041
-0.333404410,-0.919547575,-0.125497771
-0.309170186,-0.922078191,-0.139860161
-0.284383602,-0.921988493,-0.153189126
-0.259217700,-0.911294144,-0.159792605
-0.234539851,-0.898234650,-0.164192077
-0.209009075,-0.892889025,-0.174327025
-0.183754956,-0.890506066,-0.186837623
-0.158473305,-0.886948279,-0.199008741
-0.134706657,-0.886436392,-0.213600811
-0.116058510,-0.894035783,-0.233447642
-0.094581052,-0.895462187,-0.251047332
-0.069992493,-0.886975164,-0.262119740
-0.045592079,-0.877285112,-0.272640373
-0.021559061,-0.865550472,-0.281369237
-0.001117615,-0.846524133,-0.277964547
0.019503279,-0.827764702,-0.275034983
0.043121213,-0.814447038,-0.282960296
0.066383238,-0.800524126,-0.291022578
0.089058616,-0.786941728,-0.300590791
0.108992944,-0.779659938,-0.319178666
0.129021976,-0.768866344,-0.335391282
0.149784266,-0.750754720,-0.341642792
0.169908433,-0.731579105,-0.346865102
0.188337841,-0.710888988,-0.346429012
0.202787294,-0.689844176,-0.334293916
0.220521186,-0.668503477,-0.333094978
0.238590243,-0.646985201,-0.336324849
0.255799351,-0.625300528,-0.341158603
0.270391330,-0.607180542,-0.357140404
0.284858111,-0.585177716,-0.365610238
0.298987143,-0.560678686,-0.365977897
0.312109732,-0.535978779,-0.363788537
0.322959784,-0.515492666,-0.347735147
0.334798951,-0.491074850,-0.342086340
0.345979186,-0.465136868,-0.340610575
0.354377875,-0.439858347,-0.347373588
0.360577251,-0.414422573,-0.355972917
0.368099334,-0.387436773,-0.352080893
0.375238104,-0.361743792,-0.344069289
0.383461545,-0.341117764,-0.326717063
0.388725180,-0.314044105,-0.320850335
0.391807207,-0.286410301,-0.317623331
0.388850101,-0.259597321,-0.325279045
0.389877084,-0.232223943,-0.318356594
0.392275729,-0.207332840,-0.306493110
0.396849603,-0.185532319,-0.290062579
0.395213441,-0.158491762,-0.281933714
0.386490068,-0.132520927,-0.282885150
0.379984575,-0.106386677,-0.276534139
0.377714925,-0.082182102,-0.263392542
0.378588213,-0.060358691,-0.247144447
0.370843092,-0.035108778,-0.237225392
0.354110150,-0.012724605,-0.235508173
0.344406918,0.011009598,-0.223584452
0.344719834,0.032165980,-0.205657786
0.333493288,0.055033991,-0.193446394
0.313052715,0.072931543,-0.188012605
0.298699111,0.093529092,-0.175185098
0.295045919,0.114866519,-0.158037004
0.279527813,0.134422011,-0.144812142
0.256003474,0.146285705,-0.136739687
0.240629039,0.164359792,-0.121830086
0.230496822,0.184228506,-0.106033086
0.208645792,0.195360660,-0.094107440
0.186569404,0.205377438,-0.081194033
0.173772306,0.224282032,-0.065713762
0.153042054,0.236482463,-0.051179816
0.128431805,0.237951306,-0.038697481
0.109484106,0.251118234,-0.023746574
0.089864816,0.263508196,-0.009408357
0.066218107,0.260730076,0.004261559
0.043071800,0.265709204,0.019602026
0.022909612,0.278878840,0.032436066
-0.000188584,0.276690478,0.047118871
-0.022841846,0.272737803,0.062318599
-0.046062497,0.282179723,0.073976885
-0.070390041,0.280911342,0.088215332
-0.089417536,0.268984565,0.104074906
-0.113879621,0.268023908,0.117268900
-0.139071876,0.269136094,0.127740305
-0.158362964,0.257676902,0.143058472
-0.178431648,0.246569304,0.158308979
-0.204497701,0.244828402,0.166192073
-0.228174749,0.235578744,0.177849165
-0.242327198,0.219064445,0.194666222
-0.262660810,0.205454217,0.208390232
-0.288388131,0.197704487,0.213356384
-0.310437947,0.183660177,0.223095080
-0.324016455,0.165709665,0.238674493
-0.339180965,0.147670392,0.253055223
-0.359978478,0.131131698,0.260868443
-0.382752684,0.116098849,0.262126916
-0.399989341,0.095761606,0.271530177
-0.406173261,0.075990214,0.290323402
-0.421470520,0.054495325,0.300191825
-0.438931882,0.033399902,0.303675482
-0.457042862,0.012625602,0.301312074
-0.470146743,-0.011509092,0.308076280
-0.477288027,-0.033701419,0.322353937
-0.484756820,-0.056525171,0.335473658
-0.495555835,-0.082000506,0.341334698
-0.507581587,-0.106443708,0.336970078
-0.517940637,-0.131577145,0.331935363
-0.525256568,-0.158682488,0.335360923
-0.530249373,-0.184455118,0.343832109
-0.532787343,-0.207054630,0.360121035
-0.537751560,-0.234729374,0.362874216
-0.541787026,-0.262658058,0.363939378
-0.544854954,-0.286840416,0.350161746
-0.546167206,-0.313465251,0.343057257
-0.546356635,-0.341740094,0.342386044
-0.545744159,-0.369713372,0.344090479
-0.545819962,-0.394596888,0.357490785
-0.544506357,-0.421950735,0.361894361
-0.541502943,-0.449952245,0.359275735
-0.537342669,-0.477583469,0.355280310
-0.530134354,-0.498564654,0.338212674
-0.521684226,-0.520373784,0.323171320
-0.513923572,-0.547060869,0.317923994
-0.505150140,-0.573309350,0.312092910
-0.498037569,-0.600229080,0.312600210
-0.493829771,-0.627063483,0.320431417
-0.485369593,-0.653489064,0.318829955
-0.473875914,-0.678110398,0.310978186
-0.461496914,-0.702114260,0.302579762
-0.446619423,-0.720342280,0.288119722
-0.429653188,-0.729924630,0.267646003
-0.412767275,-0.746558032,0.253194700
-0.396479185,-0.767324958,0.243026420
-0.379429240,-0.787242738,0.232417873
-0.364650992,-0.809954502,0.226289761
-0.355038190,-0.836514281,0.227513271
-0.340946000,-0.859857250,0.222389949
-0.322035287,-0.876818255,0.209953355
-0.302526332,-0.892797607,0.197146488
-0.282261679,-0.907011796,0.183571209
-0.260691638,-0.909572312,0.165840966
-0.239077943,-0.907282651,0.147761452
-0.216563916,-0.912785510,0.132147692
-0.194169628,-0.923310451,0.118448109
-0.171396938,-0.932672136,0.104529502
-0.148941908,-0.943094575,0.091231718
-0.131392608,-0.963449149,0.082730961
-0.113660567,-0.983260274,0.073498965
-0.091029564,-0.991312111,0.059170746
-0.067562252,-0.995363908,0.043912331
-0.043969242,-0.998213390,0.028576025
-0.020687265,-0.996036371,0.013364123
-0.000647636,-0.981061717,0.000415032
0.019709663,-0.966082780,-0.012048821
0.043591190,-0.962587011,-0.026563737
0.067618948,-0.959731549,-0.041208938
0.091515782,-0.955653843,-0.055778333
0.114987379,-0.956686074,-0.070932609
0.136626633,-0.965839796,-0.086653855
0.158855582,-0.971109449,-0.103050225
0.181537509,-0.963790338,-0.118081935
0.203748861,-0.953943598,-0.132562202
0.225578744,-0.942964515,-0.146806177
0.244804768,-0.926120560,-0.157631452
0.258197098,-0.901508522,-0.161300537
0.274218616,-0.879513861,-0.167599363
0.294763727,-0.864669363,-0.180115032
0.314836223,-0.849036695,-0.192471203
0.334520374,-0.833060617,-0.204958957
0.354977750,-0.826069486,-0.222950498
0.374683604,-0.820549046,-0.242407474
0.392674661,-0.804623952,-0.256557782
0.408871019,-0.784083205,-0.267315211
0.424311820,-0.762737105,-0.277605491
0.436564178,-0.738358647,-0.282481787
0.442928230,-0.711342817,-0.277143357
0.453123260,-0.685591733,-0.278585565
0.466237736,-0.661959481,-0.286920920
0.478440001,-0.637667861,-0.294729754
0.491324044,-0.617401926,-0.308557503
0.504062888,-0.602175924,-0.328663802
0.513725815,-0.578024466,-0.338557021
0.521491035,-0.551400353,-0.344108559
0.528135995,-0.524297302,-0.348487184
0.530945824,-0.497552776,-0.340670463
0.533272247,-0.470981814,-0.331830264
0.537942200,-0.443260706,-0.334725355
0.541691526,-0.415381012,-0.337662419
0.545080677,-0.390008667,-0.347997655
0.547300373,-0.367157739,-0.364232018
0.547263588,-0.338983144,-0.365858103
0.546125603,-0.310722596,-0.365930328
0.544507708,-0.284730649,-0.356523295
0.542799417,-0.260212244,-0.343045013
0.539467091,-0.232189194,-0.341456674
0.534800593,-0.204471084,-0.341636953
0.527472426,-0.179985025,-0.353608312
0.519757486,-0.153268304,-0.354113152
0.511651104,-0.126499829,-0.349906757
0.507149670,-0.103823699,-0.334921118
0.500584231,-0.079794003,-0.323480626
0.490170223,-0.054018714,-0.318271222
0.475607983,-0.030842696,-0.322263092
0.460522185,-0.007810500,-0.322113018
0.446900750,0.015782594,-0.314511644
0.441138659,0.036225117,-0.296624091
0.428140809,0.058503729,-0.286209507
0.410640867,0.079373718,-0.280941735
0.388964503,0.096210696,-0.281698145
0.371362060,0.115917434,-0.271610990
0.362747793,0.135459649,-0.253679698
0.345367291,0.154082149,-0.242038319
0.322261429,0.167630315,-0.237138073
0.299252508,0.180591386,-0.229842492
0.282343497,0.196941563,-0.215293862
0.267431037,0.213609148,-0.199552475
0.243869766,0.224200286,-0.189642293
0.218286124,0.229713442,-0.182135193
0.199479634,0.242802782,-0.166938217
0.181246136,0.255909628,-0.151615919
0.155866122,0.258248362,-0.141728722
0.131110857,0.261011156,-0.129672268
0.113169307,0.273920176,-0.113542668
0.089500075,0.278941911,-0.099253378
0.064856627,0.271650594,-0.088808815
0.041452871,0.274475074,-0.073608270
0.020403840,0.282588895,-0.058609860
-0.002022425,0.274076797,-0.046038843
-0.025061555,0.268532774,-0.031426281
-0.047934810,0.274550542,-0.017014800
-0.070733086,0.267371932,-0.002478973
-0.089372757,0.253219561,0.011530602
-0.113083193,0.252315314,0.025324868
-0.135990305,0.245401843,0.039503674
-0.150240999,0.227220503,0.054313007
-0.171984679,0.217335113,0.068819508
-0.195621932,0.211182613,0.080531892
-0.209409010,0.193198839,0.095744517
-0.224926927,0.176005407,0.111059027
-0.249013341,0.166840020,0.120539950
-0.266519228,0.149296953,0.134085103
-0.272373797,0.127960953,0.150966179
-0.288255901,0.108978536,0.164523340
-0.310140210,0.093869821,0.171195490
-0.321929775,0.072351919,0.184653362
-0.324861947,0.051026771,0.201549965
-0.337883318,0.028943503,0.212900507
-0.355649008,0.008265656,0.217173215
-0.364650445,-0.015947340,0.228616504
-0.362424616,-0.036762365,0.247018865
-0.369814284,-0.061682490,0.258169142
-0.382895756,-0.086072951,0.259389037
-0.389539625,-0.112193699,0.266596368
-0.390333363,-0.136667586,0.279180217
-0.387254049,-0.158410750,0.295496057
-0.389214970,-0.185209093,0.304325379
-0.395962998,-0.211809945,0.300197851
-0.396592920,-0.239328962,0.304502227
-0.394106944,-0.266138721,0.312556871
-0.386961095,-0.286414569,0.330817482
-0.383040934,-0.313229402,0.338342412
-0.378953822,-0.340724458,0.342329867
-0.377466158,-0.366802573,0.331770214
-0.370707227,-0.393971067,0.333588401
-0.362326295,-0.420730380,0.337138925
-0.352788542,-0.442218553,0.352426867
-0.342899356,-0.466281474,0.361741499
-0.332311964,-0.492430960,0.363759020
-0.321329473,-0.517539053,0.360140382
-0.310883823,-0.538917809,0.344998932
-0.296979856,-0.563236812,0.342816147
-0.282011396,-0.587215132,0.341845907
-0.268039807,-0.609577222,0.349908977
-0.254933730,-0.630917273,0.362404887
-0.238318460,-0.653688544,0.360783404
-0.220849744,-0.675742603,0.357879688
-0.202958606,-0.694518228,0.348038736
-0.185559223,-0.707515964,0.329944809
-0.165636319,-0.724760807,0.320733389
-0.144830950,-0.743106169,0.315207169
-0.123504890,-0.760824691,0.309799282
-0.105630894,-0.781335072,0.316556641
-0.087272276,-0.801586740,0.322278656
-0.064995116,-0.817482863,0.315348339
-0.042178924,-0.832103306,0.307246907
-0.019158626,-0.844266438,0.296855293
0.000831618,-0.845587148,0.277100492
0.022009125,-0.847219349,0.258908164
0.046530825,-0.856741636,0.248586100
0.071340746,-0.865505442,0.238211840
0.096329670,-0.874181564,0.228423997
0.119643172,-0.889935657,0.226988334
0.142654257,-0.906246808,0.226108675
0.167639768,-0.914249221,0.216368528
0.192616387,-0.918355056,0.203748447
0.217571658,-0.921307362,0.190768663
0.240848425,-0.919267477,0.175613745
0.257595649,-0.906044484,0.157157933
0.276073952,-0.894099263,0.139794068
0.300521591,-0.891359947,0.125906863
0.325002205,-0.888174111,0.112104408
0.349215673,-0.883906798,0.098130772
0.374831823,-0.886980471,0.087225358
0.400382245,-0.895506735,0.078603556
0.425604795,-0.897895947,0.066824382
0.448188964,-0.890161584,0.051720701
0.470097234,-0.880893789,0.036420808
0.491468421,-0.870542149,0.021056310
0.506858401,-0.852736664,0.006417984
0.514775109,-0.828517619,-0.005812477
0.527304104,-0.807280055,-0.018949223
0.546635292,-0.792756539,-0.033609910
0.565326423,-0.777358728,-0.048221970
0.583587716,-0.761499867,-0.062835654
0.606132743,-0.755473301,-0.078267080
0.629373027,-0.753161906,-0.094170179
0.647848660,-0.739815515,-0.110003289
0.662203000,-0.720301981,-0.124602616
0.675663020,-0.700002914,-0.138981430
0.687357481,-0.678221616,-0.152549540
0.689722657,-0.651044261,-0.159385505
0.689424497,-0.623118506,-0.163757959
0.696006022,-0.597775905,-0.173550881
0.705579886,-0.574297956,-0.186084271
0.714110476,-0.550244463,-0.198275023
0.724286183,-0.528481499,-0.212549939
0.739600170,-0.515305751,-0.232317584
0.751163704,-0.497429871,-0.250220483
0.755138845,-0.471814295,-0.261457471
0.757821160,-0.445708178,-0.272004535
0.758786818,-0.419045552,-0.281153629
0.751533650,-0.392064357,-0.278143363
0.744045590,-0.365194633,-0.274664661
0.743034404,-0.338065344,-0.282447302
0.741444477,-0.311011698,-0.290542353
0.739673550,-0.284480015,-0.299767810
0.742297389,-0.263228278,-0.318106977
0.742338417,-0.240801885,-0.334861609
0.735942464,-0.214056217,-0.341302608
0.728239925,-0.187354710,-0.346562724
0.718541684,-0.161297829,-0.346937438
0.706510545,-0.138772783,-0.334822817
0.695634432,-0.113363609,-0.332874662
0.684912451,-0.087396420,-0.336146593
0.673529137,-0.062040010,-0.340556789
0.664155235,-0.040582249,-0.356270882
0.651531609,-0.017788166,-0.365563596
0.636337941,0.006064382,-0.365973547
0.620405842,0.029211090,-0.364403214
0.607138997,0.048372736,-0.348573464
0.591122972,0.069967973,-0.342157770
0.573286233,0.091870874,-0.340719186
0.554714427,0.111265729,-0.346610969
0.535093125,0.128285225,-0.356193880
0.514632219,0.147427942,-0.352337728
0.494804309,0.165677963,-0.345004054
0.480420229,0.182445346,-0.327461010
0.459048638,0.199635766,-0.321170849
0.436081251,0.215322329,-0.317401103
0.410918720,0.225014390,-0.325487101
0.387031659,0.238516270,-0.318824160
0.365487000,0.252011768,-0.307633132
0.348826789,0.266283856,-0.290547936
0.324086170,0.277342422,-0.282451137
0.297179840,0.282097373,-0.282678281
0.270839130,0.287963189,-0.277157789
0.247719046,0.296759198,-0.264569091
0.229357794,0.308010491,-0.247774869
0.203479608,0.313073618,-0.237601845
0.175851449,0.308492201,-0.236109909
0.150248394,0.310749849,-0.224338356
0.131370717,0.320422077,-0.206665970
0.106145763,0.321445068,-0.194197805
0.080842986,0.312077982,-0.188487534
0.055902608,0.308430938,-0.176021187
0.035244502,0.314854281,-0.158949446
0.010750886,0.310501717,-0.145570752
-0.010654498,0.295016782,-0.137623754
-0.033869112,0.289003420,-0.122880962
-0.056116213,0.289976515,-0.106899594
-0.076611828,0.276560890,-0.094574118
-0.095214005,0.260845957,-0.082123696
-0.117745796,0.257644319,-0.066667143
-0.138563839,0.245889273,-0.051998158
-0.150844871,0.224555686,-0.039795528
-0.170830497,0.212765134,-0.024702999
-0.191387912,0.202237555,-0.010463626
-0.200451812,0.180374273,0.003220206
-0.214824487,0.161631134,0.018526252
-0.236064893,0.150056276,0.031384965
-0.245911914,0.128841567,0.046079605
-0.251838426,0.106690668,0.061230023
-0.270086261,0.090241575,0.073117815
-0.281259301,0.068584110,0.087028795
-0.279317176,0.046175375,0.102891771
-0.288861289,0.023735633,0.116627681
-0.302497757,0.002272305,0.126645390
-0.302536690,-0.020566776,0.141645742
-0.300762916,-0.043034700,0.157196001
-0.309622821,-0.067274797,0.166490912
-0.314112974,-0.092458487,0.176976833
-0.306694442,-0.113065773,0.193415603
-0.303388314,-0.136946387,0.207513157
-0.307730522,-0.163226490,0.213256893
-0.306211612,-0.189369144,0.222320140
-0.297139417,-0.210409865,0.237345201
-0.287616319,-0.231477919,0.252283552
-0.282021254,-0.257358781,0.260943707
-0.279823935,-0.284704148,0.261468828
-0.269852725,-0.309487781,0.270758242
-0.255500414,-0.325515211,0.288458896
-0.242975745,-0.347801736,0.299694877
-0.232032439,-0.372876170,0.303930534
-0.222312366,-0.398699875,0.300915328
-0.206974064,-0.421470185,0.307712538
-0.190565473,-0.438585369,0.321300060
-0.173792729,-0.455198126,0.335125598
-0.156196386,-0.476542152,0.341021440
-0.139861941,-0.498449945,0.337485262
-0.122594833,-0.519317799,0.331723588
-0.101942248,-0.538329394,0.335185184
-0.081246304,-0.554920557,0.342982890
-0.062500564,-0.567366628,0.359777788
-0.040257561,-0.584506778,0.362760552
-0.017340623,-0.600976863,0.364060095
0.002893686,-0.615012208,0.350938767
0.025664630,-0.628382807,0.343076273
0.050653601,-0.641615527,0.342441374
0.075833874,-0.653978860,0.343683213
0.097975635,-0.665524244,0.356875209
0.122672130,-0.676985099,0.362024677
0.148898793,-0.687253943,0.359439894
0.175355301,-0.696374539,0.355662858
0.197569355,-0.699944574,0.339153894
0.220523095,-0.702299577,0.323534082
0.247766380,-0.707721633,0.318234218
0.275105731,-0.712068819,0.312435046
0.302332866,-0.717940137,0.312366393
0.328065184,-0.726581878,0.320274289
0.355395544,-0.731500394,0.319251249
0.382551089,-0.732687393,0.311432991
0.409569092,-0.732805096,0.303067587
0.432998829,-0.728376457,0.289101088
0.449352767,-0.717804924,0.268619529
0.471505007,-0.710190483,0.253743700
0.497460342,-0.705348667,0.243603138
0.523012732,-0.699432447,0.233018438
0.549858419,-0.696371563,0.226418435
0.577859884,-0.700080462,0.227684191
0.605250284,-0.698790438,0.223077928
0.629040464,-0.689855718,0.210661557
0.652236669,-0.679937641,0.197873927
0.674308720,-0.668618609,0.184383644
0.687013977,-0.650931048,0.166802225
0.694884053,-0.630708309,0.148677692
0.709702976,-0.613031674,0.132899501
0.729394036,-0.598036158,0.119211969
0.748237720,-0.582177023,0.105306258
0.767569126,-0.566756091,0.091852858
0.793626509,-0.560339951,0.083251881
0.819518564,-0.553973416,0.074197084
0.837454499,-0.537935646,0.060023955
0.851903971,-0.519001550,0.044770690
0.865345260,-0.499400768,0.029438038
0.875237736,-0.478093922,0.014124734
0.873424836,-0.453512436,0.000535471
0.869281106,-0.428501537,-0.011962492
0.874427359,-0.404866197,-0.026092977
0.882986980,-0.382235362,-0.040740383
0.890396329,-0.359154842,-0.055312558
0.901938059,-0.338669855,-0.070445593
0.920023495,-0.323653667,-0.086148553
0.935055981,-0.306436692,-0.102533699
0.939182884,-0.283013796,-0.117602293
0.940701696,-0.258770046,-0.132090654
0.941036705,-0.234341877,-0.146343085
0.935207761,-0.209507440,-0.157348779
0.919560936,-0.186272122,-0.161067159
0.907223791,-0.161971787,-0.167226487
0.903470147,-0.136893422,-0.179712544
0.898860464,-0.111877725,-0.192079020
0.893714606,-0.087039164,-0.204540560
0.896759187,-0.065571390,-0.222421725
0.901012430,-0.045560030,-0.241887876
0.895406640,-0.022315553,-0.256197644
0.884654552,0.001523973,-0.266969756
0.872837790,0.025064066,-0.277274638
0.857010287,0.047254846,-0.282442597
0.835957064,0.065346581,-0.277125759
0.817659350,0.086167585,-0.278306892
0.802744517,0.108700437,-0.286659749
0.786823228,0.130728065,-0.294486422
0.774582602,0.151549575,-0.308068045
0.766974977,0.169883641,-0.328177844
0.750210163,0.189560264,-0.338363888
0.730170703,0.208726270,-0.343935486
0.709206518,0.227128160,-0.348404710
0.686756598,0.242034165,-0.340889054
0.664249333,0.256246938,-0.331778549
0.641791762,0.273162105,-0.334619602
0.618783360,0.289343447,-0.337575366
0.597690569,0.304109104,-0.347556417
0.578543277,0.316594371,-0.363952782
0.553587981,0.329542762,-0.365844472
0.527987658,0.341566665,-0.365938826
0.504061788,0.352140593,-0.356906301
0.481613722,0.361886963,-0.343152972
0.455218911,0.371854702,-0.341504442
0.428414717,0.380702941,-0.340260531
0.403567448,0.385506777,-0.352328300
0.376568274,0.390688354,-0.354305038
0.349077129,0.395862975,-0.350131271
0.326503462,0.402188528,-0.335793274
0.302522020,0.407590936,-0.323723442
0.274845303,0.410263282,-0.318544978
0.247508032,0.408308776,-0.321914047
0.220161830,0.405328243,-0.322475103
0.192936755,0.404145269,-0.314902046
0.171819017,0.408132767,-0.297518540
0.146363587,0.407226656,-0.286612771
0.119612316,0.401938825,-0.280342335
0.094466518,0.389866770,-0.282013380
0.068848692,0.383313191,-0.271984805
0.047409032,0.384384232,-0.254305947
0.022981886,0.377858366,-0.242416668
0.000141514,0.363950397,-0.237126664
-0.021833387,0.349192115,-0.230277655
-0.044211009,0.341297133,-0.215961787
-0.065823147,0.336196512,-0.199987029
-0.086308913,0.320504968,-0.189772974
-0.102810717,0.300040377,-0.182620346
-0.123045247,0.288858298,-0.167592009
-0.143160220,0.279272899,-0.152095792
-0.157291038,0.258140017,-0.141957503
-0.170845785,0.237158157,-0.130195225
-0.190410810,0.226897931,-0.114131631
-0.205977428,0.208525966,-0.099765850
-0.210896243,0.183302980,-0.089351911
-0.223922940,0.163523926,-0.074182078
-0.241136031,0.148921950,-0.059137495
-0.244457264,0.125209508,-0.046434526
-0.249675582,0.102106770,-0.031984042
-0.265549102,0.084583919,-0.017550761
-0.270187242,0.061064131,-0.002957994
-0.265810642,0.037995582,0.010970967
-0.275482798,0.016394718,0.024893648
-0.280415115,-0.006962533,0.038971497
-0.270874354,-0.027995139,0.053759305
-0.271671795,-0.051873795,0.068444637
-0.277617663,-0.075651388,0.080011308
-0.268460512,-0.096464226,0.095155620
-0.259956227,-0.117881275,0.110525555
-0.262681137,-0.143388495,0.120174438
-0.255534483,-0.167141800,0.133566777
-0.239269267,-0.182146198,0.150454249
-0.229555442,-0.204862383,0.164180246
-0.226471795,-0.231378327,0.170731410
-0.213002195,-0.252087407,0.184031434
-0.195274753,-0.264206858,0.201083285
-0.181471290,-0.285740158,0.212737782
-0.171568011,-0.311254882,0.216759545
-0.154282990,-0.330506211,0.228133994
-0.134777053,-0.338098276,0.246552323
-0.116069222,-0.356091487,0.257773391
-0.100338014,-0.378756643,0.259364479
-0.080374412,-0.396902479,0.266259295
-0.058955622,-0.409273970,0.278511067
-0.038326097,-0.416189603,0.295166189
-0.015461710,-0.430292048,0.304014503
0.005127966,-0.448390827,0.300351019
0.029134588,-0.461821242,0.304256803
0.054116305,-0.472111580,0.312095908
0.075404743,-0.475109575,0.330353289
0.100941947,-0.483874183,0.338129640
0.127251283,-0.492846958,0.342453640
0.151074122,-0.503591388,0.331934959
0.178257864,-0.510198833,0.333463477
0.205875635,-0.515124560,0.336944125
0.229480526,-0.516630402,0.351920105
0.255235602,-0.518860648,0.361656830
0.283319059,-0.521528208,0.363697093
0.310769978,-0.523354717,0.360525318
0.334513459,-0.523983773,0.345298008
0.362444451,-0.522871369,0.342839811
0.390625021,-0.520653285,0.341893028
0.417026169,-0.518500371,0.349513063
0.441885239,-0.516742812,0.362366484
0.469755663,-0.512512663,0.360875941
0.497382871,-0.507183784,0.357994113
0.522445162,-0.500016902,0.348498175
0.542022507,-0.490604378,0.330412802
0.566366127,-0.480843613,0.320920107
0.592244268,-0.470845479,0.315414473
0.617777768,-0.460065894,0.309931703
0.644215261,-0.453512103,0.316395364
0.670649863,-0.446682261,0.322448828
0.695070095,-0.434278695,0.315632156
0.718569933,-0.420773911,0.307548280
0.740426923,-0.406071501,0.297657221
0.752662015,-0.388922974,0.279034807
0.763164589,-0.370793428,0.260166829
0.781815649,-0.353094078,0.248730676
0.801023768,-0.335107580,0.238362649
0.819461777,-0.316503942,0.227718892
0.843334037,-0.302294564,0.225080311
0.869009608,-0.290533562,0.225755378
0.888282264,-0.272527605,0.216839558
0.903455661,-0.252259427,0.204232922
0.917596171,-0.231478276,0.191265875
0.926786751,-0.209900145,0.176224382
0.922960979,-0.188919958,0.157777784
0.920584225,-0.167075715,0.140331321
0.929348496,-0.144110637,0.126415146
0.937824075,-0.120919580,0.112620460
0.945151866,-0.097456933,0.098630937
0.959449960,-0.076030256,0.087623058
0.978797607,-0.057278302,0.079026475
0.992818723,-0.036089453,0.067380761
0.996463024,-0.012488974,0.052298457
0.998359013,0.011225137,0.037001543
0.999045706,0.034962673,0.021639007
0.990713157,0.056928689,0.006943553
0.972920524,0.075137700,-0.005327383
0.959578703,0.095910760,-0.018412006
0.955532454,0.119747702,-0.033066513
0.950504287,0.143435113,-0.047681355
0.944771138,0.166943537,-0.062283826
0.949514124,0.189785770,-0.077699807
0.958239138,0.211470535,-0.093576372
0.955305684,0.234020763,-0.109446118
0.944625648,0.255758552,-0.124053126
0.932835820,0.277065104,-0.138440535
0.919072271,0.297565382,-0.152116219
0.896160186,0.312291203,-0.159088080
0.871216078,0.324855946,-0.163453379
0.851554332,0.342225673,-0.173077428
0.835155285,0.361554356,-0.185624628
0.817756641,0.380218070,-0.197827538
0.802920418,0.399229677,-0.211970409
0.798159208,0.418914899,-0.231669339
0.787955888,0.437472242,-0.249726683
0.767147721,0.452853060,-0.261050444
0.745229122,0.467273710,-0.271613997
0.722166765,0.480556947,-0.281040235
0.695061560,0.487773162,-0.280049704
0.667629958,0.493341143,-0.276330460
0.642370443,0.504025717,-0.282322861
0.617627461,0.515074856,-0.290425835
0.593247618,0.525714899,-0.299631568
0.575579326,0.537834362,-0.317954426
0.555732310,0.548216766,-0.334755195
0.529053259,0.554861865,-0.341217635
0.501806616,0.560322879,-0.346487111
0.474204396,0.563731393,-0.346941668
0.448665720,0.563417332,-0.334835325
0.421111007,0.565444019,-0.332820662
0.393124921,0.567887794,-0.336102293
0.365363949,0.569456546,-0.340473103
0.341987226,0.571025898,-0.356162693
0.315972765,0.570331625,-0.365552089
0.287803046,0.567831658,-0.365972237
0.259904142,0.564345827,-0.364481500
0.236769346,0.561382541,-0.348682706
0.210254036,0.557118896,-0.342175050
0.182596869,0.551374752,-0.340745834
0.156794527,0.543837146,-0.346526209
0.132683676,0.534257197,-0.356248465
0.106267307,0.524911681,-0.352401481
0.080906618,0.515676236,-0.345169221
0.059412545,0.510638193,-0.327599876
0.034322372,0.499613556,-0.321250333
0.009802538,0.486481246,-0.317400790
-0.010393667,0.468621516,-0.325503317
-0.033366706,0.453605658,-0.318940532
-0.055293133,0.440603766,-0.307860993
-0.075613284,0.432479929,-0.290668816
-0.096827656,0.415613630,-0.282580064
-0.113509716,0.393984454,-0.282675344
-0.130789793,0.373247174,-0.277313188
-0.149236871,0.356651876,-0.264823014
-0.167693929,0.345659380,-0.247932289
-0.184125084,0.325041736,-0.237742175
-0.192794124,0.298411154,-0.236268617
-0.206579717,0.276704505,-0.224526246
-0.223812454,0.264313310,-0.206909685
-0.236394450,0.242485105,-0.194385996
-0.239843386,0.215764271,-0.188599545
-0.247999181,0.191893858,-0.176230225
-0.263135700,0.176435314,-0.159197959
-0.270643692,0.152771146,-0.145777775
-0.266766337,0.126637220,-0.137844805
-0.272024759,0.103199636,-0.123132875
-0.283244918,0.083963910,-0.107117169
-0.280970063,0.059574029,-0.094713373
-0.275411665,0.035838365,-0.082356387
-0.282804821,0.014325583,-0.066903823
-0.282117607,-0.009529116,-0.052224645
-0.268845480,-0.030260362,-0.040033026
-0.267387196,-0.053446567,-0.024915983
-0.267724874,-0.076528371,-0.010692721
-0.252631730,-0.094730505,0.003002011
-0.242471503,-0.116033791,0.018289655
-0.242008916,-0.140227215,0.031156744
-0.227842004,-0.158880462,0.045853146
-0.210795270,-0.174210662,0.060994539
-0.204505724,-0.197916840,0.072933288
-0.190537163,-0.217881678,0.086807160
-0.169756713,-0.226484323,0.102662680
-0.154143762,-0.245197413,0.116469736
-0.141479201,-0.267288120,0.126432731
-0.121255182,-0.278038646,0.141387090
-0.100473554,-0.286624179,0.156980645
-0.082969741,-0.305537223,0.166389116
-0.062765433,-0.321245745,0.176780955
-0.041158424,-0.324863255,0.192755203
-0.018611645,-0.332108686,0.207170939
0.002778558,-0.347851553,0.213184218
0.026591381,-0.358794809,0.222017171
0.049569490,-0.360727439,0.236853709
0.072520684,-0.361711305,0.251982763
0.098088474,-0.368481277,0.260930548
0.123334554,-0.379349552,0.261212154
0.149919702,-0.381928977,0.270513940
0.170886416,-0.376733448,0.288013903
0.196300536,-0.375741289,0.299456714
0.223506553,-0.376765638,0.305328996
0.250588015,-0.380922115,0.300621340
0.277861892,-0.377825892,0.307440576
0.300955359,-0.371326812,0.320546391
0.323081508,-0.363944955,0.334867232
0.350132367,-0.358186754,0.340787585
0.377143292,-0.353661156,0.337835458
0.403592201,-0.348143983,0.331566594
0.429987422,-0.338600411,0.335054770
0.454462253,-0.327888774,0.342384296
0.473961575,-0.317000140,0.359532047
0.499399897,-0.305166832,0.362676000
0.524585949,-0.292420041,0.364197082
0.547189913,-0.280427855,0.353117052
0.569183352,-0.266679292,0.343083981
0.592444397,-0.250601389,0.342464284
0.615023895,-0.233931576,0.343588080
0.635486343,-0.219563569,0.356700160
0.657008695,-0.202969123,0.362077293
0.678211247,-0.184426675,0.359509055
0.698514685,-0.165149055,0.355800804
0.712032198,-0.147045240,0.339458270
0.724617073,-0.127804382,0.323698831
0.741968766,-0.106125385,0.318363652
0.758429162,-0.083864295,0.312578214
0.776132969,-0.062362308,0.312365695
0.795649007,-0.043500869,0.320288994
0.812658487,-0.021542053,0.319429756
0.826230768,0.002013026,0.311625373
0.838791151,0.025939032,0.303273574
0.845790172,0.048823708,0.289440379
0.843964832,0.068208065,0.268956688
0.847298568,0.091323848,0.253973282
0.854968741,0.116592756,0.243843941
0.861496474,0.141999731,0.233268700
0.871040354,0.167260071,0.226556662
0.887224317,0.190409565,0.227838062
0.898816116,0.215303418,0.223368870
0.901854578,0.240538142,0.210961317
0.903746864,0.265698944,0.198182045
0.903906028,0.290518018,0.184715308
0.894174882,0.310016966,0.167167976
0.879851953,0.326304173,0.149029371
0.870895891,0.347534315,0.133212405
0.866666769,0.371924045,0.119530047
0.861280860,0.395959749,0.105628977
0.856413806,0.420201145,0.092142995
0.862665751,0.446291928,0.083526875
0.869003691,0.472211933,0.074520562
0.863137552,0.495558954,0.060385609
0.852999198,0.517112808,0.045134552
0.841804619,0.538079173,0.029803468
0.827526193,0.556738661,0.014484653
0.804921790,0.566515574,0.000864325
0.780808045,0.574333592,-0.011639161
0.762127594,0.589701313,-0.025755037
0.745995970,0.607733134,-0.040403994
0.728932334,0.624948972,-0.054978167
0.713517251,0.643065187,-0.069837520
0.708748234,0.666077480,-0.085429954
0.702575455,0.688162826,-0.101715990
0.684322436,0.703070871,-0.116918758
0.663528865,0.715616449,-0.131417145
0.642031005,0.727205436,-0.145683023
0.617498294,0.733892626,-0.156996901
0.589672012,0.730767163,-0.160792188
0.562343004,0.730673800,-0.166703900
0.538308357,0.738826030,-0.179132935
0.514002280,0.746296945,-0.191516785
0.489546143,0.753128456,-0.203930370
0.471619760,0.765524014,-0.221623264
0.455909302,0.778611567,-0.241106078
0.432971886,0.784653257,-0.255680677
0.406871889,0.786132284,-0.266477260
0.380543180,0.786516961,-0.276802602
0.353555230,0.783010912,-0.282456218
0.327792461,0.772659315,-0.277176236
0.300912457,0.765736572,-0.277907816
0.274046020,0.762915257,-0.286285856
0.247162521,0.758966012,-0.294137687
0.222824013,0.757456183,-0.307309491
0.203054725,0.759214132,-0.327423764
0.178069701,0.753703584,-0.338088108
0.151822353,0.744777740,-0.343688328
0.125825609,0.734710356,-0.348301118
0.102113546,0.721717838,-0.341271111
0.079238107,0.708256683,-0.331876569
0.053899522,0.696090775,-0.334468185
0.028927933,0.683149203,-0.337450389
0.005921851,0.671096242,-0.346881504
-0.013904780,0.659993391,-0.363491166
-0.036844585,0.643917684,-0.365824549
-0.059329540,0.626760301,-0.365950567
-0.079871744,0.610272515,-0.357508086
-0.098748656,0.594961967,-0.343318529
-0.119771921,0.576160300,-0.341572165
-0.140009781,0.556480069,-0.340196827
-0.155893415,0.536651863,-0.351879466
-0.172812256,0.515107855,-0.354485539
-0.190097228,0.493107507,-0.350340955
-0.206169051,0.475624024,-0.336608973
-0.221981192,0.457201047,-0.323950271
-0.237133944,0.433881302,-0.318798975
-0.248267445,0.408797676,-0.321590579
-0.258030778,0.383104219,-0.322815178
-0.269559825,0.358403923,-0.315269843
-0.282702358,0.341096609,-0.298357647
-0.293795478,0.318496762,-0.286992023
-0.301732663,0.292422297,-0.280280334
-0.302450860,0.264492938,-0.282363758
-0.308410510,0.238686814,-0.272467874
-0.318544583,0.219579965,-0.255703035
-0.324717430,0.195779102,-0.243029866
-0.323576280,0.169125683,-0.237053550
-0.320042476,0.142772957,-0.230981396
-0.322778236,0.118827105,-0.217067406
-0.328869640,0.097736726,-0.200690857
-0.325090967,0.072241803,-0.189954464
-0.313940223,0.048202224,-0.183405824
-0.312019123,0.024519647,-0.168805747
-0.314132383,0.002531127,-0.152727176
-0.302502460,-0.019991101,-0.142236107
-0.289592913,-0.041499440,-0.130883582
-0.288879603,-0.063615691,-0.114925236
-0.280448189,-0.085904928,-0.100439937
-0.260476728,-0.101982969,-0.090029026
-0.248376322,-0.122493849,-0.074947528
-0.243861062,-0.144656481,-0.059831607
-0.225221135,-0.159798787,-0.046637945
-0.206174028,-0.174025770,-0.032591878
-0.197878717,-0.196125535,-0.018136730
-0.179457583,-0.211532824,-0.003498367
-0.156778220,-0.217966731,0.010360979
-0.141701414,-0.236139035,0.024424734
-0.123659291,-0.251700249,0.038391507
-0.100620812,-0.253008121,0.053150238
-0.079575911,-0.264301001,0.067999799
-0.061459130,-0.280960268,0.079443500
-0.038710805,-0.283035224,0.094518225
-0.015859561,-0.284811368,0.109944005
0.005563452,-0.298660425,0.119799792
0.029865230,-0.303650089,0.133028979
0.050702121,-0.296260317,0.149853745
0.075284224,-0.297907368,0.163706433
0.100246003,-0.307553490,0.170225543
0.125022010,-0.305469582,0.183365077
0.143756801,-0.295044754,0.200573537
0.169141230,-0.292484665,0.212488579
0.196426440,-0.295752495,0.216307012
0.221552558,-0.289398149,0.227606768
0.237286797,-0.275592517,0.246010063
0.261799539,-0.267230632,0.257339991
0.289041250,-0.263496019,0.259363029
0.314475379,-0.254423637,0.265891670
0.335704051,-0.241250905,0.277796112
0.350977477,-0.226027246,0.294806364
0.374035557,-0.212257011,0.303675364
0.399487010,-0.202159905,0.300525833
0.422592329,-0.187264245,0.303988141
0.443401282,-0.169868534,0.311588380
0.455881816,-0.152352511,0.329828835
0.475272157,-0.133739507,0.337897380
0.495303345,-0.114466209,0.342595397
0.515860894,-0.098307057,0.332121651
0.534314110,-0.077311791,0.333325092
0.551452251,-0.055084172,0.336729081
0.563807416,-0.034726943,0.351356643
0.577494388,-0.013012435,0.361564157
0.592816738,0.010671384,0.363629190
0.607146587,0.034295758,0.360956810
0.618672008,0.055009350,0.345632712
0.630547591,0.080240331,0.342865253
0.641581637,0.106266524,0.341942329
0.651844502,0.130834130,0.349066095
0.661720166,0.153565685,0.362320514
0.670835278,0.180242085,0.360976391
0.678852496,0.207214616,0.358118385
0.684176189,0.232877672,0.349002839
0.684901917,0.254598349,0.330934411
0.687358980,0.280572150,0.321123445
0.690429788,0.308148550,0.315640261
0.692603049,0.335766742,0.310071918
0.698827048,0.362323154,0.316199449
0.705082315,0.388862531,0.322629971
0.705389090,0.416274879,0.315937849
0.704253161,0.443361555,0.307876429
0.701417419,0.469663304,0.298196897
0.691953052,0.488592721,0.279693765
0.680660400,0.506134821,0.260714199
0.673452122,0.530724141,0.249125776
0.666355663,0.556070348,0.238773266
0.658299747,0.580974498,0.228071932
0.656455160,0.608660660,0.225184198
0.657922142,0.636870883,0.225977561
0.651057763,0.662402126,0.217329513
0.640078181,0.685223972,0.204736874
0.628167357,0.707366374,0.191783088
0.613405387,0.725716249,0.176862468
0.593093998,0.732182257,0.158426188
0.572526208,0.739835431,0.140891687
0.556144050,0.758132629,0.126944396
0.539482089,0.776360646,0.113157812
0.522030480,0.793669040,0.099164068
0.509374373,0.816039475,0.088038554
0.501636730,0.841855008,0.079462902
0.489519377,0.864278936,0.067959244
0.470309877,0.878481302,0.052899722
0.450150141,0.891115956,0.037605933
0.429411787,0.902688585,0.022245464
0.406165412,0.905823863,0.007489890
0.381810438,0.898486046,-0.004823474
0.357220924,0.895900060,-0.017852455
0.334178074,0.903218157,-0.032499990
0.310849836,0.909704354,-0.047118136
0.287314308,0.915376736,-0.061708684
0.269028605,0.929858312,-0.077108909
0.253842970,0.947654610,-0.092957631
0.232670064,0.955820338,-0.108866008
0.208461825,0.956384436,-0.123480984
0.184124165,0.955764633,-0.137877313
0.159601063,0.953096392,-0.151600749
0.135927728,0.939820551,-0.158782721
0.113307361,0.923432665,-0.163139768
0.088872933,0.913722297,-0.172584023
0.064162059,0.908106172,-0.185145620
0.039580795,0.901286784,-0.197361157
0.015813406,0.896658218,-0.211363746
-0.003933250,0.901397111,-0.230989937
-0.024996097,0.901235337,-0.249210969
-0.048233508,0.889961493,-0.260623353
-0.071137303,0.877180046,-0.271207104
-0.093566489,0.862905245,-0.280721407
-0.112577820,0.842319205,-0.280051984
-0.130077550,0.820477007,-0.276196812
-0.151146707,0.802871648,-0.281995549
-0.172363547,0.786025442,-0.290119809
-0.193015116,0.768430568,-0.298045526
-0.212055215,0.757649933,-0.315401758
-0.229954332,0.746703708,-0.334055284
-0.248191021,0.726288449,-0.340884066
-0.265619050,0.704652964,-0.346189246
-0.281541771,0.681791857,-0.347301584
-0.293079366,0.658951268,-0.335343579
-0.307385287,0.635434968,-0.332605527
-0.322479999,0.611747192,-0.335921636
-0.336707104,0.587733499,-0.339889862
-0.348986884,0.567608729,-0.355320970
-0.360345421,0.544491962,-0.365505696
-0.371147272,0.518356362,-0.365966954
-0.380961712,0.491907884,-0.364972240
-0.389026634,0.469861927,-0.349492824
-0.397437634,0.444611711,-0.342241145
-0.405127512,0.417429125,-0.340850456
-0.410553882,0.390886569,-0.345788176
-0.413071795,0.365273100,-0.356332757
-0.416970454,0.337513193,-0.352649698
-0.420344741,0.310459266,-0.346074547
-0.425823093,0.289185699,-0.328320500
-0.427762611,0.261996019,-0.321561051
-0.427654381,0.234170252,-0.317186029
-0.421199304,0.208012210,-0.325360445
-0.418281251,0.180688348,-0.319394252
-0.416514495,0.154933665,-0.308889510
-0.418999960,0.133418477,-0.291228316
-0.413910592,0.106823169,-0.283080969
-0.402929353,0.081856666,-0.282402755
-0.392062675,0.057102480,-0.277915437
-0.385240109,0.032803056,-0.265964490
-0.384655462,0.011601893,-0.248543481
-0.374100418,-0.012526218,-0.238250695
-0.354661657,-0.032602841,-0.236683935
-0.341512202,-0.054801685,-0.225256810
-0.337952746,-0.075808707,-0.207935208
-0.324957179,-0.097087144,-0.195115466
-0.303347735,-0.112854440,-0.188922780
-0.285478233,-0.130803642,-0.177041588
-0.278213860,-0.151203935,-0.160213316
-0.261266095,-0.169003534,-0.146579297
-0.236308665,-0.177670657,-0.138702966
-0.217544905,-0.192913609,-0.124131843
-0.206099896,-0.212049414,-0.107958639
-0.183773741,-0.222176983,-0.095164979
-0.159817256,-0.227402001,-0.083259349
-0.143660664,-0.243364321,-0.067830123
-0.122702055,-0.254366655,-0.053100341
-0.098186234,-0.252207616,-0.040954299
-0.076478552,-0.260855060,-0.025742407
-0.056653144,-0.272654062,-0.011578500
-0.033476231,-0.268459469,0.002174670
-0.009951898,-0.268574995,0.017363764
0.011709431,-0.279374076,0.030274048
0.035119839,-0.276295152,0.044980738
0.056272541,-0.267456352,0.060080296
0.080173026,-0.272035609,0.072359883
0.104358772,-0.269736610,0.085949751
0.121595006,-0.255304547,0.101772718
0.145202150,-0.249489989,0.115926425
0.170849583,-0.249143453,0.125608565
0.190527701,-0.236761645,0.140334635
0.206953562,-0.221760159,0.156142998
0.231456652,-0.214379869,0.166119426
0.255091970,-0.204376492,0.176021800
0.269148919,-0.187188451,0.191625994
0.285132898,-0.170273060,0.206406225
0.308540852,-0.158094591,0.213145227
0.329704498,-0.142568850,0.221342155
0.342816179,-0.123134301,0.235702919
0.353514636,-0.103212279,0.251310695
0.370950187,-0.083433740,0.260894313
0.392657476,-0.066338398,0.260637297
0.407236041,-0.043970306,0.269968870
0.412831589,-0.022857879,0.286943737
0.423174238,0.000000000,0.298924976
